{
  "type": "FeatureCollection",
  "features": [
    {
      "type": "Feature",
      "geometry": {
        "type": "Polygon",
        "coordinates": [
          [
            [-2.760201154, 52.174254322],
            [-2.759927079, 52.174557278],
            [-2.759646322, 52.174907014],
            [-2.7594371, 52.175152926],
            [-2.760843484, 52.175557401],
            [-2.761040003, 52.175676573],
            [-2.760423832, 52.1760771],
            [-2.760271687, 52.176247955],
            [-2.760069788, 52.176499214],
            [-2.759810141, 52.176708601],
            [-2.758943837, 52.177532271],
            [-2.758683589, 52.177799182],
            [-2.758552517, 52.177912376],
            [-2.758418186, 52.178011299],
            [-2.758362228, 52.178074576],
            [-2.758312088, 52.178139612],
            [-2.75831706, 52.178254627],
            [-2.758203692, 52.178295892],
            [-2.758366966, 52.178523138],
            [-2.758466536, 52.178620558],
            [-2.757930141, 52.17880916],
            [-2.7574368, 52.179126101],
            [-2.757194924, 52.179268857],
            [-2.755466882, 52.180252714],
            [-2.754929708, 52.180482652],
            [-2.755227005, 52.180855729],
            [-2.755557747, 52.181209627],
            [-2.755426627, 52.181242824],
            [-2.755749348, 52.181642612],
            [-2.75609975, 52.182124102],
            [-2.756397404, 52.182602244],
            [-2.75571329, 52.182794569],
            [-2.755171503, 52.182931961],
            [-2.755380759, 52.183196757],
            [-2.755980472, 52.184056934],
            [-2.756327879, 52.184538353],
            [-2.756356907, 52.184521988],
            [-2.756484005, 52.184599459],
            [-2.756690665, 52.184710484],
            [-2.756865542, 52.18484598],
            [-2.757184512, 52.184937498],
            [-2.757471362, 52.185033625],
            [-2.757895886, 52.185226029],
            [-2.758041749, 52.18528621],
            [-2.759366359, 52.185169743],
            [-2.75973427, 52.18512513],
            [-2.759761709, 52.185192453],
            [-2.76002689, 52.185134929],
            [-2.760650361, 52.185069791],
            [-2.761436399, 52.18501888],
            [-2.762100988, 52.18496066],
            [-2.762556222, 52.1848957],
            [-2.762789123, 52.184826694],
            [-2.763025336, 52.185042766],
            [-2.763350031, 52.185383199],
            [-2.76370045, 52.185774697],
            [-2.764166638, 52.186432567],
            [-2.764616106, 52.187050008],
            [-2.765279132, 52.188015787],
            [-2.76541493, 52.188001423],
            [-2.766302538, 52.187808619],
            [-2.767132212, 52.187655822],
            [-2.767510295, 52.187612827],
            [-2.767666013, 52.187648754],
            [-2.767838878, 52.187412951],
            [-2.76784765, 52.187411097],
            [-2.768038319, 52.187438617],
            [-2.76832201, 52.187433174],
            [-2.768472366, 52.187416915],
            [-2.768869868, 52.187479038],
            [-2.769142295, 52.187498833],
            [-2.769420294, 52.187506008],
            [-2.769769782, 52.187497436],
            [-2.769974519, 52.187410714],
            [-2.770934428, 52.186923404],
            [-2.770854913, 52.186893364],
            [-2.770813275, 52.186856785],
            [-2.770695573, 52.186731722],
            [-2.770588806, 52.186562456],
            [-2.770415017, 52.186408997],
            [-2.770345145, 52.186427429],
            [-2.770173514, 52.186482478],
            [-2.77004071, 52.18650222],
            [-2.769153944, 52.18648284],
            [-2.769135854, 52.186447904],
            [-2.769100533, 52.186350974],
            [-2.76902642, 52.186298428],
            [-2.76867746, 52.186162287],
            [-2.76860689, 52.186140277],
            [-2.768304362, 52.186073939],
            [-2.767973804, 52.185990615],
            [-2.767745582, 52.185904018],
            [-2.76764215, 52.185843573],
            [-2.767488773, 52.185768173],
            [-2.767275219, 52.185685884],
            [-2.767217717, 52.185659293],
            [-2.767189348, 52.185622627],
            [-2.767148496, 52.185547393],
            [-2.767111547, 52.185439687],
            [-2.767096461, 52.185411024],
            [-2.76707405, 52.185384205],
            [-2.766968694, 52.185295909],
            [-2.766939648, 52.18522689],
            [-2.766855194, 52.185161826],
            [-2.766695764, 52.185161964],
            [-2.766447348, 52.185177061],
            [-2.766084332, 52.185162342],
            [-2.76578608, 52.185168773],
            [-2.765399857, 52.185164988],
            [-2.765186559, 52.185174461],
            [-2.765032778, 52.185166471],
            [-2.764764132, 52.185106106],
            [-2.76473492, 52.1850272],
            [-2.764721018, 52.184898761],
            [-2.764683412, 52.18475241],
            [-2.764913357, 52.184687104],
            [-2.764941194, 52.184601537],
            [-2.765030526, 52.184438185],
            [-2.76513029, 52.184201152],
            [-2.76525277, 52.184008823],
            [-2.76528938, 52.183668747],
            [-2.765361079, 52.183588289],
            [-2.765420953, 52.183493436],
            [-2.765471948, 52.183316939],
            [-2.765504435, 52.183073962],
            [-2.765498829, 52.182747642],
            [-2.76581727, 52.182724004],
            [-2.766367677, 52.182669197],
            [-2.766651245, 52.182658366],
            [-2.767632213, 52.182550331],
            [-2.768029066, 52.182577408],
            [-2.768606336, 52.182633058],
            [-2.768936404, 52.182689329],
            [-2.769438897, 52.182737284],
            [-2.77021596, 52.182511915],
            [-2.770611383, 52.182539891],
            [-2.771102586, 52.182444104],
            [-2.771368465, 52.182421693],
            [-2.771632838, 52.182402886],
            [-2.772115065, 52.182380856],
            [-2.772659051, 52.182373698],
            [-2.772800254, 52.182331428],
            [-2.773045279, 52.182295668],
            [-2.773134148, 52.182274413],
            [-2.773398125, 52.182149456],
            [-2.773622849, 52.182118321],
            [-2.774051349, 52.182113712],
            [-2.775051634, 52.182188935],
            [-2.775415338, 52.182251348],
            [-2.775817608, 52.18233319],
            [-2.776519662, 52.182587516],
            [-2.776924847, 52.182760114],
            [-2.777054941, 52.182834757],
            [-2.777294263, 52.183059768],
            [-2.7779054, 52.183548464],
            [-2.778098098, 52.183692799],
            [-2.778290705, 52.183831831],
            [-2.778679402, 52.184067449],
            [-2.778850744, 52.18416258],
            [-2.779129864, 52.184310837],
            [-2.779364612, 52.184356023],
            [-2.779577127, 52.184377988],
            [-2.779914064, 52.184494492],
            [-2.780444564, 52.184803857],
            [-2.780864117, 52.184954776],
            [-2.780949817, 52.185007238],
            [-2.781032778, 52.185061606],
            [-2.781249112, 52.185225553],
            [-2.781370938, 52.185329906],
            [-2.781489784, 52.185436166],
            [-2.781652288, 52.185611255],
            [-2.781753082, 52.185685278],
            [-2.781854727, 52.18580774],
            [-2.782019972, 52.185973912],
            [-2.782125107, 52.186047816],
            [-2.782650463, 52.18648124],
            [-2.782752859, 52.186481459],
            [-2.783165071, 52.186378056],
            [-2.783380832, 52.186337076],
            [-2.783491746, 52.18632106],
            [-2.783874176, 52.18627987],
            [-2.783887827, 52.18621947],
            [-2.783956831, 52.186234291],
            [-2.784014501, 52.18626986],
            [-2.784216548, 52.186450165],
            [-2.7844027, 52.186638665],
            [-2.784452027, 52.186700354],
            [-2.784494056, 52.186758497],
            [-2.784398075, 52.186786998],
            [-2.784569431, 52.187052893],
            [-2.784729738, 52.18710216],
            [-2.784941198, 52.186981212],
            [-2.785551203, 52.186488021],
            [-2.785779568, 52.186416393],
            [-2.786010107, 52.186297114],
            [-2.786249215, 52.186499549],
            [-2.786425114, 52.186605424],
            [-2.786537899, 52.186695451],
            [-2.786840081, 52.186829155],
            [-2.786944607, 52.186868005],
            [-2.78719972, 52.186904142],
            [-2.787418524, 52.186946723],
            [-2.787643856, 52.186956004],
            [-2.787950331, 52.186997999],
            [-2.788211162, 52.18702322],
            [-2.789378065, 52.186917447],
            [-2.789884454, 52.186854646],
            [-2.790286595, 52.186762072],
            [-2.790497284, 52.186686958],
            [-2.79083342, 52.186585836],
            [-2.791393875, 52.186844528],
            [-2.791878022, 52.187091236],
            [-2.792395755, 52.187334121],
            [-2.792537035, 52.187296321],
            [-2.792894908, 52.187108672],
            [-2.793105276, 52.187090181],
            [-2.793226632, 52.187173043],
            [-2.794281751, 52.1879346],
            [-2.794866777, 52.188257015],
            [-2.79568263, 52.188564388],
            [-2.795877186, 52.188322106],
            [-2.79678712, 52.188487725],
            [-2.797808549, 52.188682872],
            [-2.798172535, 52.188823589],
            [-2.798279205, 52.18881298],
            [-2.79852677, 52.188588311],
            [-2.798810839, 52.188361596],
            [-2.799010679, 52.188166101],
            [-2.799291656, 52.18792862],
            [-2.799325084, 52.187754924],
            [-2.799541903, 52.18753136],
            [-2.799859408, 52.187367333],
            [-2.800006066, 52.187065148],
            [-2.800271963, 52.187210839],
            [-2.800437839, 52.187327457],
            [-2.800640144, 52.187498025],
            [-2.800936315, 52.187797923],
            [-2.801234604, 52.187839759],
            [-2.801701462, 52.187879369],
            [-2.801889812, 52.187890672],
            [-2.80220554, 52.187889514],
            [-2.802708602, 52.187930313],
            [-2.803102262, 52.187936891],
            [-2.803820812, 52.18762793],
            [-2.804322677, 52.187475487],
            [-2.804591253, 52.187361215],
            [-2.805245627, 52.186898988],
            [-2.805908684, 52.186604235],
            [-2.80611971, 52.186542573],
            [-2.806880175, 52.186372802],
            [-2.80754034, 52.186238856],
            [-2.807559322, 52.186248163],
            [-2.807607627, 52.186271651],
            [-2.807909309, 52.186580662],
            [-2.808115736, 52.186751009],
            [-2.808257572, 52.186910923],
            [-2.808337121, 52.187101015],
            [-2.80881807, 52.187810651],
            [-2.809062181, 52.188202743],
            [-2.809145995, 52.188474596],
            [-2.809220174, 52.188660769],
            [-2.809260095, 52.188713884],
            [-2.80942438, 52.188900607],
            [-2.809466739, 52.188975007],
            [-2.809433942, 52.18902197],
            [-2.809274102, 52.189159685],
            [-2.809266507, 52.189226249],
            [-2.809401104, 52.189471688],
            [-2.809538983, 52.189572397],
            [-2.809576152, 52.189626609],
            [-2.809616621, 52.189736345],
            [-2.809595185, 52.189844349],
            [-2.809749203, 52.189950339],
            [-2.809908623, 52.19002834],
            [-2.810047673, 52.19011367],
            [-2.810431131, 52.190453481],
            [-2.810915147, 52.190916904],
            [-2.811141374, 52.191132949],
            [-2.811333092, 52.191295213],
            [-2.811713958, 52.191485027],
            [-2.812001654, 52.191618766],
            [-2.812315001, 52.19179646],
            [-2.812430134, 52.191932285],
            [-2.813148042, 52.191746678],
            [-2.813511077, 52.192003031],
            [-2.813576481, 52.192057497],
            [-2.813640317, 52.192111884],
            [-2.813883166, 52.192351987],
            [-2.814147772, 52.192581244],
            [-2.814479793, 52.192816326],
            [-2.814775982, 52.193011209],
            [-2.814824142, 52.193085477],
            [-2.814115149, 52.193594692],
            [-2.813773973, 52.193822736],
            [-2.813749751, 52.193857057],
            [-2.813617646, 52.194073772],
            [-2.813578861, 52.194189086],
            [-2.813253119, 52.19462204],
            [-2.813226343, 52.194754349],
            [-2.813174165, 52.195100838],
            [-2.813050239, 52.195204246],
            [-2.813011753, 52.195422022],
            [-2.812897965, 52.195684448],
            [-2.81275484, 52.195938987],
            [-2.812550648, 52.196211922],
            [-2.812280225, 52.196385457],
            [-2.811890396, 52.196189505],
            [-2.811556954, 52.196439869],
            [-2.812077093, 52.196716806],
            [-2.812226406, 52.196801254],
            [-2.812362646, 52.196896488],
            [-2.812491804, 52.196993568],
            [-2.812588055, 52.197217696],
            [-2.812215256, 52.197393823],
            [-2.811965276, 52.197405431],
            [-2.811917831, 52.197449799],
            [-2.811843491, 52.197547381],
            [-2.811735732, 52.197578682],
            [-2.811661436, 52.197592675],
            [-2.811579749, 52.197604922],
            [-2.811382406, 52.197618863],
            [-2.811064379, 52.197828764],
            [-2.811047145, 52.197849554],
            [-2.811035837, 52.197871204],
            [-2.811085714, 52.198112729],
            [-2.810403361, 52.198567809],
            [-2.810255543, 52.198645223],
            [-2.81008857, 52.198717465],
            [-2.810017379, 52.198829406],
            [-2.809707423, 52.1989997],
            [-2.809343238, 52.19916668],
            [-2.808867468, 52.199393835],
            [-2.808071688, 52.199730139],
            [-2.807249274, 52.200048643],
            [-2.807716057, 52.200529094],
            [-2.808278474, 52.201126721],
            [-2.807919674, 52.201432166],
            [-2.807694122, 52.201661197],
            [-2.807665795, 52.201875396],
            [-2.807557263, 52.202024442],
            [-2.807305214, 52.202242869],
            [-2.806976214, 52.202495976],
            [-2.806898145, 52.20254864],
            [-2.806734744, 52.202579418],
            [-2.806582237, 52.20255889],
            [-2.806204875, 52.202406785],
            [-2.805946912, 52.202218901],
            [-2.805408088, 52.202524668],
            [-2.805018985, 52.202697198],
            [-2.804489821, 52.202563291],
            [-2.804296322, 52.202864901],
            [-2.803489827, 52.202853319],
            [-2.803162749, 52.202893296],
            [-2.803457487, 52.203655451],
            [-2.803001, 52.20390582],
            [-2.802585507, 52.20415501],
            [-2.800895379, 52.205124889],
            [-2.800490339, 52.205144716],
            [-2.799497592, 52.205271887],
            [-2.798864194, 52.205367946],
            [-2.797847252, 52.205458417],
            [-2.797339279, 52.205524767],
            [-2.796893723, 52.205566426],
            [-2.795125726, 52.20580045],
            [-2.794652602, 52.205859364],
            [-2.794430661, 52.205883328],
            [-2.794006992, 52.205921234],
            [-2.793066682, 52.206040898],
            [-2.792616685, 52.206084368],
            [-2.791995296, 52.206199094],
            [-2.791616317, 52.206280733],
            [-2.791395573, 52.206372184],
            [-2.791186604, 52.206556042],
            [-2.79069216, 52.206570143],
            [-2.790212102, 52.206647061],
            [-2.790069444, 52.206603975],
            [-2.789733434, 52.206475899],
            [-2.78934258, 52.206303159],
            [-2.789027792, 52.206126403],
            [-2.788980616, 52.206106046],
            [-2.788929264, 52.206101895],
            [-2.788875232, 52.206103156],
            [-2.788754064, 52.206121942],
            [-2.788553908, 52.206224844],
            [-2.788408667, 52.206287832],
            [-2.788305176, 52.206310095],
            [-2.788065282, 52.206315293],
            [-2.787758562, 52.2063488],
            [-2.787463959, 52.206405684],
            [-2.787271684, 52.206456401],
            [-2.787050581, 52.206446192],
            [-2.786740072, 52.206511179],
            [-2.786181133, 52.206514905],
            [-2.785973656, 52.207030582],
            [-2.785678094, 52.207867717],
            [-2.785706927, 52.208004233],
            [-2.785792436, 52.208125001],
            [-2.786072785, 52.208339834],
            [-2.786158558, 52.20846869],
            [-2.786185746, 52.208600723],
            [-2.78634825, 52.208605931],
            [-2.786553603, 52.208632425],
            [-2.78669068, 52.208687237],
            [-2.787016144, 52.208969177],
            [-2.787163076, 52.209246915],
            [-2.787142214, 52.209309071],
            [-2.787066209, 52.20939856],
            [-2.787012894, 52.209447451],
            [-2.786953838, 52.209499166],
            [-2.786761308, 52.209618193],
            [-2.786727916, 52.209633696],
            [-2.786340012, 52.209710882],
            [-2.786286935, 52.209773253],
            [-2.786243155, 52.209945306],
            [-2.786165092, 52.210082444],
            [-2.786173443, 52.210145394],
            [-2.786293172, 52.210208411],
            [-2.78641466, 52.210213893],
            [-2.786661776, 52.210199662],
            [-2.786804883, 52.210178934],
            [-2.786946358, 52.210154622],
            [-2.787164775, 52.210093754],
            [-2.787264091, 52.210080508],
            [-2.787359022, 52.210071785],
            [-2.787440397, 52.210115283],
            [-2.787444312, 52.21017287],
            [-2.78740017, 52.210242373],
            [-2.787023921, 52.210487649],
            [-2.786754569, 52.210650331],
            [-2.786818788, 52.21080189],
            [-2.786729546, 52.210968763],
            [-2.786743078, 52.211072125],
            [-2.786814234, 52.211206471],
            [-2.78693631, 52.211326995],
            [-2.787027234, 52.211337174],
            [-2.787252333, 52.211319493],
            [-2.787284278, 52.211304001],
            [-2.787310248, 52.211284953],
            [-2.787325637, 52.211240809],
            [-2.787339362, 52.211191283],
            [-2.787364091, 52.211020256],
            [-2.787435819, 52.210934391],
            [-2.787583781, 52.210860601],
            [-2.787708144, 52.210857973],
            [-2.787826881, 52.210953351],
            [-2.787923931, 52.211064245],
            [-2.787939223, 52.21117829],
            [-2.787916633, 52.211313261],
            [-2.787918949, 52.211355489],
            [-2.787927354, 52.211393992],
            [-2.78796987, 52.211423548],
            [-2.788020105, 52.211452873],
            [-2.788292656, 52.211552616],
            [-2.78837938, 52.211570912],
            [-2.788464473, 52.211585623],
            [-2.788643029, 52.21158353],
            [-2.788899205, 52.211589907],
            [-2.789034814, 52.211642928],
            [-2.789164291, 52.211765288],
            [-2.789230936, 52.211889775],
            [-2.789261971, 52.21207481],
            [-2.789258791, 52.212140444],
            [-2.78922375, 52.212389736],
            [-2.789110211, 52.212758195],
            [-2.789066898, 52.21287443],
            [-2.788980267, 52.212861527],
            [-2.788945712, 52.212893216],
            [-2.788848789, 52.212953275],
            [-2.788774132, 52.212955572],
            [-2.788523771, 52.212950954],
            [-2.788328223, 52.212981921],
            [-2.788265175, 52.213060538],
            [-2.78821478, 52.213267689],
            [-2.788126223, 52.213309625],
            [-2.787949458, 52.213331478],
            [-2.787870297, 52.213406608],
            [-2.787925603, 52.213470053],
            [-2.788067803, 52.21348618],
            [-2.788241323, 52.213444575],
            [-2.788353798, 52.21334945],
            [-2.788434566, 52.213446879],
            [-2.788555334, 52.21357469],
            [-2.788661038, 52.213594656],
            [-2.788810504, 52.213605341],
            [-2.789067974, 52.21359553],
            [-2.78916916, 52.213605639],
            [-2.789261569, 52.213617604],
            [-2.789334182, 52.213670148],
            [-2.789365017, 52.213755327],
            [-2.78931073, 52.21383119],
            [-2.789258606, 52.213865693],
            [-2.789029632, 52.213992248],
            [-2.788983738, 52.214044685],
            [-2.788972448, 52.214068129],
            [-2.788968429, 52.214093323],
            [-2.789231544, 52.214401739],
            [-2.789228953, 52.214500624],
            [-2.789177738, 52.214586443],
            [-2.789147319, 52.21460642],
            [-2.789115493, 52.214621912],
            [-2.789024912, 52.214631506],
            [-2.788901493, 52.214606266],
            [-2.788867509, 52.214588518],
            [-2.788837805, 52.214567145],
            [-2.788668941, 52.214285961],
            [-2.788612615, 52.21424679],
            [-2.788496525, 52.214219703],
            [-2.788306652, 52.214244341],
            [-2.788164354, 52.214304612],
            [-2.788094325, 52.214404847],
            [-2.788105393, 52.214450612],
            [-2.788123837, 52.214497226],
            [-2.788186609, 52.214573295],
            [-2.788253845, 52.214649244],
            [-2.788399742, 52.214792077],
            [-2.788479114, 52.214892302],
            [-2.788488225, 52.214909318],
            [-2.788426607, 52.215068818],
            [-2.788468384, 52.215192663],
            [-2.788641776, 52.215395531],
            [-2.788708083, 52.215507528],
            [-2.788757299, 52.215553937],
            [-2.788868467, 52.215636782],
            [-2.788929196, 52.215672328],
            [-2.789158438, 52.215642033],
            [-2.789252171, 52.215646799],
            [-2.789457463, 52.215667895],
            [-2.789569022, 52.215684226],
            [-2.789668962, 52.215712319],
            [-2.789769119, 52.215745803],
            [-2.789944699, 52.215908299],
            [-2.790025364, 52.215999436],
            [-2.790007168, 52.216211765],
            [-2.790233943, 52.216450316],
            [-2.790529306, 52.21659574],
            [-2.790356016, 52.216650829],
            [-2.790305553, 52.216690714],
            [-2.790262349, 52.21673154],
            [-2.790282803, 52.216809598],
            [-2.790383321, 52.216870043],
            [-2.790518293, 52.216886216],
            [-2.790881287, 52.216884682],
            [-2.790923066, 52.216926646],
            [-2.790924642, 52.216933826],
            [-2.790760629, 52.217096799],
            [-2.790792677, 52.217168488],
            [-2.790861322, 52.21724173],
            [-2.79077895, 52.217306096],
            [-2.790691308, 52.217393059],
            [-2.790658662, 52.217450801],
            [-2.790605155, 52.2175707],
            [-2.790585662, 52.217628353],
            [-2.790623888, 52.217721662],
            [-2.790762833, 52.217879819],
            [-2.790957811, 52.218060159],
            [-2.791077112, 52.218104299],
            [-2.791183981, 52.218100886],
            [-2.791425333, 52.218011185],
            [-2.791874954, 52.218027942],
            [-2.79187961, 52.218038696],
            [-2.791888865, 52.218151883],
            [-2.791714808, 52.218483],
            [-2.791875277, 52.218615935],
            [-2.791660934, 52.218745003],
            [-2.791656725, 52.218759412],
            [-2.791651408, 52.219037266],
            [-2.791602437, 52.219330694],
            [-2.791604858, 52.219548277],
            [-2.791617875, 52.219621891],
            [-2.791628069, 52.219618227],
            [-2.791666842, 52.219653919],
            [-2.791693157, 52.219735533],
            [-2.791690852, 52.219768804],
            [-2.791681186, 52.219802125],
            [-2.791541226, 52.219919998],
            [-2.791532247, 52.219991962],
            [-2.791624317, 52.220146927],
            [-2.791617937, 52.220283587],
            [-2.791507108, 52.220390389],
            [-2.791453586, 52.220421307],
            [-2.791395552, 52.220449559],
            [-2.79121652, 52.220508373],
            [-2.791065691, 52.220592074],
            [-2.79092427, 52.220702675],
            [-2.790914603, 52.220735996],
            [-2.790910834, 52.220768378],
            [-2.790964475, 52.220825631],
            [-2.7910472, 52.220869118],
            [-2.791206124, 52.22091479],
            [-2.791311134, 52.220976103],
            [-2.791403309, 52.221055478],
            [-2.791422017, 52.22111656],
            [-2.791434874, 52.221181188],
            [-2.791410488, 52.22145917],
            [-2.791484883, 52.221604277],
            [-2.791495669, 52.221633865],
            [-2.79146519, 52.221732128],
            [-2.791290013, 52.221926545],
            [-2.791233335, 52.222031186],
            [-2.791247168, 52.222150723],
            [-2.791299872, 52.222236655],
            [-2.791409191, 52.222288951],
            [-2.791680457, 52.222312297],
            [-2.791741902, 52.222312784],
            [-2.791843357, 52.222255478],
            [-2.791843702, 52.222193459],
            [-2.791793637, 52.222093129],
            [-2.791693748, 52.221743178],
            [-2.791736892, 52.221698757],
            [-2.791900301, 52.221670697],
            [-2.792157561, 52.2216465],
            [-2.79256289, 52.221641081],
            [-2.792636209, 52.221644184],
            [-2.792724571, 52.221678644],
            [-2.792763381, 52.221716222],
            [-2.792799204, 52.221755529],
            [-2.792817232, 52.221785068],
            [-2.792843182, 52.221846012],
            [-2.792849655, 52.221877426],
            [-2.792736641, 52.221942899],
            [-2.792570502, 52.221987158],
            [-2.792530536, 52.222040545],
            [-2.792610321, 52.222081354],
            [-2.792752903, 52.222117247],
            [-2.792924945, 52.222099463],
            [-2.793193088, 52.222089841],
            [-2.793382191, 52.222182764],
            [-2.793646149, 52.222418991],
            [-2.793658532, 52.222578624],
            [-2.793725192, 52.2227023],
            [-2.793852478, 52.222760225],
            [-2.794018311, 52.222746077],
            [-2.794240371, 52.222697036],
            [-2.794352948, 52.222688189],
            [-2.794448691, 52.222723496],
            [-2.79459216, 52.222687207],
            [-2.79471551, 52.222673344],
            [-2.794936429, 52.222648307],
            [-2.795069394, 52.222699721],
            [-2.795101307, 52.222817249],
            [-2.795055648, 52.222882899],
            [-2.795066, 52.223023222],
            [-2.795097297, 52.223058963],
            [-2.795151903, 52.223081964],
            [-2.795213824, 52.223102219],
            [-2.795556602, 52.223033846],
            [-2.795871804, 52.22314452],
            [-2.796068145, 52.223236671],
            [-2.796171417, 52.223355334],
            [-2.796310623, 52.223370843],
            [-2.796451564, 52.223301133],
            [-2.796432581, 52.223191428],
            [-2.7962765, 52.223035551],
            [-2.796300748, 52.222967349],
            [-2.79640222, 52.22292478],
            [-2.796563782, 52.22290805],
            [-2.796699944, 52.222901918],
            [-2.796862159, 52.222921674],
            [-2.79699156, 52.223009781],
            [-2.797265478, 52.223086396],
            [-2.797510581, 52.223097503],
            [-2.797573999, 52.223120443],
            [-2.79763868, 52.223139779],
            [-2.797854156, 52.2231545],
            [-2.797719797, 52.223416151],
            [-2.797630816, 52.223677494],
            [-2.797238086, 52.223740368],
            [-2.795822623, 52.223910898],
            [-2.7960584, 52.224081877],
            [-2.796066614, 52.224129458],
            [-2.79617958, 52.22422316],
            [-2.796239966, 52.224245222],
            [-2.796488355, 52.224304664],
            [-2.796730589, 52.224337183],
            [-2.796754583, 52.22445027],
            [-2.796594716, 52.224602437],
            [-2.796461794, 52.224864076],
            [-2.796903424, 52.224996813],
            [-2.796878336, 52.225065291],
            [-2.796762609, 52.225309737],
            [-2.796742028, 52.225468155],
            [-2.796794618, 52.225546894],
            [-2.796912424, 52.225580253],
            [-2.797007853, 52.225597584],
            [-2.797047908, 52.225623379],
            [-2.79708649, 52.225654576],
            [-2.797131389, 52.225708201],
            [-2.797171856, 52.225763743],
            [-2.797226435, 52.225865837],
            [-2.797273715, 52.225890684],
            [-2.797322348, 52.225910129],
            [-2.797354638, 52.225913506],
            [-2.797388296, 52.22591238],
            [-2.797489044, 52.225896419],
            [-2.797582735, 52.225897584],
            [-2.79768527, 52.225900486],
            [-2.798016643, 52.225928804],
            [-2.798239915, 52.225966841],
            [-2.798492282, 52.225998389],
            [-2.798770289, 52.226072995],
            [-2.799141438, 52.226118118],
            [-2.799294973, 52.226023513],
            [-2.799485369, 52.225944927],
            [-2.799541026, 52.225945448],
            [-2.799596779, 52.225951362],
            [-2.799745358, 52.225990801],
            [-2.799898816, 52.226059957],
            [-2.80028894, 52.226099555],
            [-2.800408376, 52.226142786],
            [-2.800403915, 52.226384683],
            [-2.800326391, 52.22663148],
            [-2.800297813, 52.226754001],
            [-2.800272179, 52.226879107],
            [-2.800213609, 52.227280459],
            [-2.799917823, 52.227358952],
            [-2.800030246, 52.227831048],
            [-2.800205193, 52.22836303],
            [-2.800116294, 52.228387001],
            [-2.800109844, 52.228431086],
            [-2.800041367, 52.228449526],
            [-2.800024811, 52.228508959],
            [-2.800250101, 52.22930943],
            [-2.800392269, 52.229891067],
            [-2.80048185, 52.22990484],
            [-2.800528155, 52.230116642],
            [-2.800564179, 52.230246813],
            [-2.800694637, 52.230660364],
            [-2.801263814, 52.230725708],
            [-2.801261906, 52.230780638],
            [-2.801194947, 52.230883555],
            [-2.801046998, 52.231040951],
            [-2.801489898, 52.231407529],
            [-2.801875626, 52.231769911],
            [-2.802801782, 52.232543051],
            [-2.803063335, 52.232753478],
            [-2.803300023, 52.232964073],
            [-2.803637398, 52.233241302],
            [-2.803840651, 52.233391904],
            [-2.803966178, 52.233530363],
            [-2.803684555, 52.233666292],
            [-2.803283228, 52.233819124],
            [-2.803397915, 52.234012574],
            [-2.803399662, 52.234269708],
            [-2.803366847, 52.234558535],
            [-2.803268055, 52.234844217],
            [-2.80324909, 52.234930631],
            [-2.803228819, 52.235105135],
            [-2.803228914, 52.23519061],
            [-2.803349193, 52.235365956],
            [-2.803402107, 52.235454577],
            [-2.803469407, 52.23561779],
            [-2.803477842, 52.235677053],
            [-2.803344872, 52.235775118],
            [-2.80320438, 52.235857865],
            [-2.803008243, 52.235948181],
            [-2.802884022, 52.235962508],
            [-2.802695353, 52.236051874],
            [-2.802432777, 52.236193962],
            [-2.80208785, 52.236469632],
            [-2.802028685, 52.236523063],
            [-2.801751101, 52.236797375],
            [-2.801493205, 52.237119189],
            [-2.801469065, 52.237159799],
            [-2.801462566, 52.237201187],
            [-2.801472514, 52.237351219],
            [-2.801463339, 52.237411591],
            [-2.801448432, 52.237475506],
            [-2.801371081, 52.237652196],
            [-2.801325066, 52.237698437],
            [-2.801287127, 52.237710379],
            [-2.801200969, 52.237719952],
            [-2.801107171, 52.237714297],
            [-2.801055701, 52.237705659],
            [-2.800945224, 52.237672254],
            [-2.800896949, 52.237673481],
            [-2.800783687, 52.237807272],
            [-2.800675467, 52.237979676],
            [-2.800612512, 52.23805749],
            [-2.800418382, 52.238260137],
            [-2.800155376, 52.238614339],
            [-2.800054436, 52.23878229],
            [-2.799915555, 52.238962182],
            [-2.799879216, 52.23897591],
            [-2.799683619, 52.23892951],
            [-2.799475512, 52.238919236],
            [-2.799294597, 52.238957402],
            [-2.799101069, 52.239026122],
            [-2.799045671, 52.239040878],
            [-2.798724343, 52.238925221],
            [-2.798656233, 52.238884337],
            [-2.798818554, 52.23879246],
            [-2.798970266, 52.238674589],
            [-2.798936847, 52.238528222],
            [-2.798924539, 52.23849505],
            [-2.798905092, 52.238474509],
            [-2.798879931, 52.238458501],
            [-2.798805095, 52.238446424],
            [-2.798731138, 52.238490067],
            [-2.798672362, 52.238558774],
            [-2.798615548, 52.238575337],
            [-2.798592655, 52.23852426],
            [-2.798533504, 52.238491405],
            [-2.7985056, 52.238490695],
            [-2.798477896, 52.238494478],
            [-2.798436626, 52.238563065],
            [-2.798375917, 52.238604821],
            [-2.798246397, 52.23857334],
            [-2.798243593, 52.23849786],
            [-2.798271414, 52.238413185],
            [-2.798226114, 52.238337993],
            [-2.798118074, 52.238272123],
            [-2.797909846, 52.238180955],
            [-2.797724797, 52.238311632],
            [-2.797658524, 52.238292307],
            [-2.797635976, 52.238092028],
            [-2.797617141, 52.238024745],
            [-2.797547678, 52.237908281],
            [-2.797474034, 52.237881815],
            [-2.797325241, 52.237913379],
            [-2.797232853, 52.237993098],
            [-2.797103701, 52.238056077],
            [-2.797002523, 52.238130462],
            [-2.796881916, 52.238185204],
            [-2.796818453, 52.238235067],
            [-2.796351547, 52.238006239],
            [-2.796203381, 52.237991959],
            [-2.796079168, 52.238007178],
            [-2.795983311, 52.23804836],
            [-2.795870422, 52.238041931],
            [-2.795844907, 52.238006062],
            [-2.795839588, 52.237958461],
            [-2.795810936, 52.237909221],
            [-2.795762492, 52.23790775],
            [-2.795715682, 52.237909863],
            [-2.795689846, 52.237937001],
            [-2.795668404, 52.237966806],
            [-2.795672686, 52.238044164],
            [-2.795659364, 52.238116157],
            [-2.795570941, 52.238167985],
            [-2.795411659, 52.238187035],
            [-2.795228554, 52.238183775],
            [-2.795197672, 52.23817859],
            [-2.795080102, 52.238072425],
            [-2.795013809, 52.237964028],
            [-2.794917835, 52.237843337],
            [-2.794939963, 52.237764093],
            [-2.794931653, 52.237630139],
            [-2.794879717, 52.237595435],
            [-2.794805333, 52.23760852],
            [-2.794727028, 52.237652189],
            [-2.794686205, 52.237665047],
            [-2.794640956, 52.237673441],
            [-2.794589784, 52.237674685],
            [-2.794538411, 52.237671435],
            [-2.794489542, 52.237639408],
            [-2.794379095, 52.237600604],
            [-2.794303654, 52.237642457],
            [-2.794246515, 52.237722025],
            [-2.794219045, 52.237745579],
            [-2.794140273, 52.237763186],
            [-2.793979675, 52.237708452],
            [-2.793856422, 52.237689507],
            [-2.793670814, 52.237715023],
            [-2.793500678, 52.237700888],
            [-2.79343856, 52.237582664],
            [-2.79344854, 52.237485527],
            [-2.793476416, 52.237403459],
            [-2.793481393, 52.237357587],
            [-2.793478517, 52.237277614],
            [-2.79347056, 52.237244412],
            [-2.793335796, 52.237155438],
            [-2.793226599, 52.237112131],
            [-2.793104817, 52.237013093],
            [-2.792992938, 52.236900597],
            [-2.792771159, 52.236779761],
            [-2.792663348, 52.236732849],
            [-2.79252269, 52.236807585],
            [-2.792321549, 52.236943755],
            [-2.791882231, 52.236858622],
            [-2.791840591, 52.236988328],
            [-2.791799328, 52.237057812],
            [-2.791755121, 52.23712471],
            [-2.791718285, 52.237110576],
            [-2.791572236, 52.237052145],
            [-2.791502319, 52.236990597],
            [-2.79165053, 52.236844897],
            [-2.791714837, 52.236672705],
            [-2.791720161, 52.236639414],
            [-2.791705162, 52.236536153],
            [-2.791389818, 52.236510405],
            [-2.790948823, 52.236418899],
            [-2.79084998, 52.236373722],
            [-2.790757886, 52.236300638],
            [-2.790822427, 52.236222909],
            [-2.790839325, 52.236188642],
            [-2.790848115, 52.236105804],
            [-2.790800251, 52.236048601],
            [-2.790756191, 52.235960814],
            [-2.790762638, 52.235827659],
            [-2.790562065, 52.235744516],
            [-2.79050242, 52.235690089],
            [-2.79041946, 52.23563492],
            [-2.79033136, 52.235616635],
            [-2.790215846, 52.235543617],
            [-2.790191108, 52.235476373],
            [-2.79005838, 52.235419739],
            [-2.789979447, 52.235346566],
            [-2.789998811, 52.235118052],
            [-2.789983821, 52.235096581],
            [-2.789962947, 52.235076947],
            [-2.789806265, 52.234997104],
            [-2.789686429, 52.235006894],
            [-2.789608423, 52.234985845],
            [-2.789527424, 52.234959423],
            [-2.789342561, 52.23485631],
            [-2.789118457, 52.234855112],
            [-2.78907321, 52.234863504],
            [-2.789068912, 52.234866229],
            [-2.789117206, 52.235029577],
            [-2.788696836, 52.235024298],
            [-2.788593133, 52.234956683],
            [-2.788509586, 52.23486817],
            [-2.78844068, 52.234863238],
            [-2.78835908, 52.234966336],
            [-2.788120271, 52.234877962],
            [-2.788037331, 52.234823689],
            [-2.788030556, 52.234775199],
            [-2.788031097, 52.234723964],
            [-2.788115572, 52.234612758],
            [-2.78815379, 52.234541498],
            [-2.788146849, 52.234476831],
            [-2.788099357, 52.234440297],
            [-2.788043037, 52.234402924],
            [-2.787734023, 52.234317804],
            [-2.787664369, 52.234188752],
            [-2.787539177, 52.234148243],
            [-2.787412282, 52.234093364],
            [-2.787342614, 52.233963414],
            [-2.787207909, 52.233965211],
            [-2.787077369, 52.233949904],
            [-2.786835704, 52.233863433],
            [-2.786763591, 52.233847736],
            [-2.786696025, 52.233836502],
            [-2.786620272, 52.233935875],
            [-2.786468102, 52.233946776],
            [-2.786325805, 52.233928849],
            [-2.786138331, 52.233930098],
            [-2.785886372, 52.233923688],
            [-2.78581769, 52.233931335],
            [-2.785681008, 52.233985274],
            [-2.785214529, 52.233938946],
            [-2.784971874, 52.233960334],
            [-2.784773894, 52.233940978],
            [-2.784619371, 52.233900661],
            [-2.784307122, 52.23379578],
            [-2.784220229, 52.233770292],
            [-2.784019797, 52.233776118],
            [-2.783984326, 52.2336747],
            [-2.783919966, 52.23359873],
            [-2.783743801, 52.23357024],
            [-2.783572187, 52.233553404],
            [-2.783411493, 52.233491555],
            [-2.7833121, 52.23342121],
            [-2.783156336, 52.233392493],
            [-2.783008177, 52.233288317],
            [-2.78292097, 52.233244855],
            [-2.782838925, 52.233240905],
            [-2.782755479, 52.233239661],
            [-2.782617995, 52.233254954],
            [-2.782485573, 52.233297177],
            [-2.782445557, 52.233355864],
            [-2.782464053, 52.233405265],
            [-2.782453355, 52.233462859],
            [-2.782402715, 52.233500944],
            [-2.782343383, 52.233539087],
            [-2.782253125, 52.233569346],
            [-2.782155441, 52.233596058],
            [-2.782054749, 52.233616499],
            [-2.781949616, 52.233631577],
            [-2.781718055, 52.233617832],
            [-2.78150721, 52.233621925],
            [-2.78127319, 52.233550672],
            [-2.781023231, 52.233493006],
            [-2.780903713, 52.233520761],
            [-2.780787049, 52.233552991],
            [-2.780698589, 52.233685699],
            [-2.780628131, 52.23375726],
            [-2.78047986, 52.23381846],
            [-2.780374064, 52.233795791],
            [-2.78026166, 52.233733619],
            [-2.78023901, 52.23369503],
            [-2.780188469, 52.233566837],
            [-2.780133621, 52.233530349],
            [-2.780024242, 52.233558036],
            [-2.779879462, 52.233646176],
            [-2.779696272, 52.233726481],
            [-2.779547073, 52.233734747],
            [-2.779447774, 52.23366251],
            [-2.779381516, 52.233477796],
            [-2.779365429, 52.233476104],
            [-2.779219126, 52.233484261],
            [-2.779017708, 52.23352334],
            [-2.778805552, 52.233528336],
            [-2.778538713, 52.23343033],
            [-2.778487576, 52.233433364],
            [-2.77844373, 52.233439046],
            [-2.778393007, 52.233472636],
            [-2.778311084, 52.233641252],
            [-2.77804926, 52.233657359],
            [-2.777892475, 52.233653],
            [-2.777828654, 52.233600392],
            [-2.777782922, 52.23349823],
            [-2.777584432, 52.233366427],
            [-2.777598885, 52.233274654],
            [-2.777635747, 52.2332079],
            [-2.777708865, 52.23319843],
            [-2.777908066, 52.233205206],
            [-2.777957529, 52.23318241],
            [-2.777998011, 52.233156977],
            [-2.778065073, 52.233056679],
            [-2.778077649, 52.23302334],
            [-2.777991922, 52.232974472],
            [-2.777909815, 52.232966924],
            [-2.777714945, 52.23295922],
            [-2.777598797, 52.232931224],
            [-2.777436855, 52.232797382],
            [-2.777305409, 52.232902598],
            [-2.777106351, 52.232993789],
            [-2.776930711, 52.232994946],
            [-2.77676452, 52.232956493],
            [-2.776569184, 52.232839137],
            [-2.776524642, 52.232797996],
            [-2.77648431, 52.232756018],
            [-2.776380041, 52.232571552],
            [-2.776186877, 52.232495436],
            [-2.775897596, 52.23227983],
            [-2.775674293, 52.232399939],
            [-2.775452841, 52.232467007],
            [-2.775299485, 52.23248599],
            [-2.774916282, 52.232512865],
            [-2.772739609, 52.23246683],
            [-2.772019232, 52.232467052],
            [-2.771729106, 52.232459063],
            [-2.771739272, 52.232370015],
            [-2.771646703, 52.232267259],
            [-2.771559533, 52.232134717],
            [-2.771591528, 52.232037438],
            [-2.771622792, 52.231981508],
            [-2.77134741, 52.231890643],
            [-2.771335763, 52.231894314],
            [-2.771269124, 52.231936184],
            [-2.771259502, 52.231973098],
            [-2.771249429, 52.232067537],
            [-2.771152427, 52.232133784],
            [-2.770976244, 52.232103477],
            [-2.770884986, 52.23207621],
            [-2.770796111, 52.23193568],
            [-2.770682336, 52.231877013],
            [-2.770593614, 52.231905545],
            [-2.77042547, 52.231921023],
            [-2.770347103, 52.231878303],
            [-2.770339243, 52.231766005],
            [-2.770602941, 52.231600702],
            [-2.770542527, 52.231493151],
            [-2.770502218, 52.231452069],
            [-2.770457641, 52.23141551],
            [-2.770378311, 52.231400748],
            [-2.77021261, 52.231382955],
            [-2.770132049, 52.231380785],
            [-2.769990346, 52.231403281],
            [-2.76984853, 52.231412295],
            [-2.769670984, 52.23139368],
            [-2.76954267, 52.231338791],
            [-2.769389723, 52.231297545],
            [-2.769276248, 52.231255952],
            [-2.769260165, 52.231170671],
            [-2.769401224, 52.230950355],
            [-2.768928952, 52.230901303],
            [-2.768548261, 52.230898391],
            [-2.768074855, 52.230874509],
            [-2.767855285, 52.230875938],
            [-2.767631558, 52.23089537],
            [-2.767570349, 52.23090925],
            [-2.767517878, 52.23092577],
            [-2.767518965, 52.230988768],
            [-2.767663528, 52.231048047],
            [-2.768036479, 52.23111303],
            [-2.768060331, 52.231138041],
            [-2.768076956, 52.231163998],
            [-2.76802074, 52.231299273],
            [-2.768011209, 52.231341579],
            [-2.768041647, 52.231412386],
            [-2.768031774, 52.23143492],
            [-2.768013179, 52.231455713],
            [-2.767943655, 52.231498409],
            [-2.767752186, 52.231519428],
            [-2.76761294, 52.231509549],
            [-2.767525395, 52.231445405],
            [-2.767502424, 52.231303545],
            [-2.767488614, 52.231265795],
            [-2.767357732, 52.231229796],
            [-2.767293458, 52.231240999],
            [-2.76723228, 52.231256676],
            [-2.767196701, 52.231321711],
            [-2.767298427, 52.231445084],
            [-2.76730244, 52.231509771],
            [-2.767253807, 52.231573902],
            [-2.767178119, 52.231602256],
            [-2.767112285, 52.231599988],
            [-2.767044804, 52.231593236],
            [-2.766920745, 52.231532925],
            [-2.766879742, 52.231451401],
            [-2.766895236, 52.231411753],
            [-2.766983499, 52.231265484],
            [-2.767083216, 52.231188438],
            [-2.767141234, 52.231157502],
            [-2.76718731, 52.231113161],
            [-2.767145261, 52.231055013],
            [-2.76695967, 52.230989708],
            [-2.766887626, 52.230970313],
            [-2.766745427, 52.230964047],
            [-2.766624598, 52.230999975],
            [-2.766420692, 52.231146905],
            [-2.766345159, 52.231184246],
            [-2.766285522, 52.231205306],
            [-2.766260612, 52.231209961],
            [-2.766182358, 52.231166429],
            [-2.766114337, 52.230960057],
            [-2.766070201, 52.230780584],
            [-2.765985816, 52.230724508],
            [-2.765963754, 52.230719258],
            [-2.765796169, 52.230767084],
            [-2.765726519, 52.230802589],
            [-2.765596171, 52.23088163],
            [-2.765538233, 52.230924249],
            [-2.765610603, 52.231039814],
            [-2.765672895, 52.231088844],
            [-2.765742489, 52.231134231],
            [-2.765903167, 52.231197003],
            [-2.765956644, 52.231238899],
            [-2.765971622, 52.231260373],
            [-2.765979774, 52.231306158],
            [-2.765974248, 52.231328754],
            [-2.765956915, 52.231338753],
            [-2.765932067, 52.231347004],
            [-2.765724419, 52.231360935],
            [-2.765406048, 52.231408839],
            [-2.765353313, 52.23141008],
            [-2.765302085, 52.231407716],
            [-2.765140098, 52.231353041],
            [-2.764974372, 52.231340633],
            [-2.764926886, 52.231303102],
            [-2.76515024, 52.23117762],
            [-2.765382606, 52.231063763],
            [-2.765415914, 52.231041976],
            [-2.76546022, 52.230985873],
            [-2.765380657, 52.230950438],
            [-2.765096503, 52.23094509],
            [-2.764888674, 52.230955425],
            [-2.764824599, 52.23097112],
            [-2.764767812, 52.230989464],
            [-2.764720799, 52.231070751],
            [-2.764707151, 52.231126564],
            [-2.764693846, 52.231286636],
            [-2.764675332, 52.231319203],
            [-2.764342354, 52.231367199],
            [-2.76421992, 52.231401248],
            [-2.764198352, 52.231424756],
            [-2.764184209, 52.231451811],
            [-2.764343185, 52.231675571],
            [-2.764353878, 52.231700668],
            [-2.764332526, 52.231736758],
            [-2.764291898, 52.231754098],
            [-2.764255276, 52.231751639],
            [-2.764045316, 52.23172244],
            [-2.763946757, 52.23169162],
            [-2.763899289, 52.231655077],
            [-2.763846256, 52.231554665],
            [-2.76384573, 52.231439622],
            [-2.76382861, 52.231377716],
            [-2.763785426, 52.23133755],
            [-2.763690768, 52.231365126],
            [-2.763613415, 52.231465393],
            [-2.763556613, 52.231567325],
            [-2.763506282, 52.231624275],
            [-2.763417037, 52.23179841],
            [-2.763349773, 52.231888725],
            [-2.763159073, 52.232039248],
            [-2.763030227, 52.232121872],
            [-2.762840958, 52.232271487],
            [-2.762767515, 52.232346562],
            [-2.762658803, 52.232406585],
            [-2.762555272, 52.232437813],
            [-2.762467513, 52.23243838],
            [-2.762409953, 52.232411788],
            [-2.762352301, 52.232379804],
            [-2.762250016, 52.232307663],
            [-2.762120305, 52.232255382],
            [-2.761826379, 52.232109877],
            [-2.761569119, 52.231962248],
            [-2.761414085, 52.231890446],
            [-2.761284469, 52.231843646],
            [-2.761163869, 52.231815662],
            [-2.761103705, 52.231806164],
            [-2.761078916, 52.231810818],
            [-2.761057084, 52.231819048],
            [-2.761042878, 52.231842508],
            [-2.761012277, 52.231937978],
            [-2.760983236, 52.231955242],
            [-2.760951206, 52.231967133],
            [-2.760844068, 52.231949848],
            [-2.760766976, 52.231896417],
            [-2.760690332, 52.231777371],
            [-2.760694297, 52.231670389],
            [-2.760722388, 52.231512829],
            [-2.760679083, 52.231465472],
            [-2.760586568, 52.231448991],
            [-2.760496161, 52.231471145],
            [-2.760291839, 52.231510211],
            [-2.760107315, 52.231506906],
            [-2.76004244, 52.231483056],
            [-2.759980215, 52.231437618],
            [-2.759942734, 52.231384831],
            [-2.759903302, 52.231217819],
            [-2.759903276, 52.231131534],
            [-2.759795283, 52.231071112],
            [-2.759751437, 52.231076787],
            [-2.759668379, 52.231097994],
            [-2.759630601, 52.231112618],
            [-2.759584732, 52.231169537],
            [-2.759559094, 52.23121644],
            [-2.75950721, 52.231345302],
            [-2.759395878, 52.231428797],
            [-2.759138559, 52.231453822],
            [-2.759286427, 52.23170732],
            [-2.759158227, 52.231750388],
            [-2.759096769, 52.231749884],
            [-2.758991188, 52.231738879],
            [-2.758947096, 52.231730175],
            [-2.758865728, 52.231595789],
            [-2.758852425, 52.2315024],
            [-2.75885669, 52.231320726],
            [-2.75859954, 52.231185762],
            [-2.758615432, 52.231084096],
            [-2.758523041, 52.231074803],
            [-2.758488036, 52.231082218],
            [-2.758454573, 52.231095017],
            [-2.758424328, 52.231126669],
            [-2.758394175, 52.231163713],
            [-2.758363125, 52.23123312],
            [-2.758247098, 52.231551231],
            [-2.758186209, 52.231591169],
            [-2.758086804, 52.231595403],
            [-2.757963195, 52.231475758],
            [-2.757805854, 52.231438121],
            [-2.757585, 52.231449426],
            [-2.757531305, 52.231479431],
            [-2.757480705, 52.23151391],
            [-2.75736251, 52.231627018],
            [-2.757340123, 52.231772857],
            [-2.757415126, 52.23188113],
            [-2.75760125, 52.232063379],
            [-2.757484515, 52.232170186],
            [-2.757451647, 52.232218034],
            [-2.757427561, 52.232264027],
            [-2.757411223, 52.23233972],
            [-2.757346364, 52.232572026],
            [-2.75726236, 52.232622988],
            [-2.757052822, 52.232533464],
            [-2.756731899, 52.232517547],
            [-2.756650817, 52.232484811],
            [-2.756489873, 52.23240585],
            [-2.756321395, 52.23230977],
            [-2.756189729, 52.232319692],
            [-2.756103558, 52.232335524],
            [-2.75596291, 52.232328336],
            [-2.755836274, 52.23237139],
            [-2.755756827, 52.232434815],
            [-2.755551167, 52.232395686],
            [-2.755311201, 52.232234451],
            [-2.755199171, 52.232192025],
            [-2.755154072, 52.232209391],
            [-2.75513965, 52.232305655],
            [-2.755160173, 52.232390999],
            [-2.755273045, 52.232490043],
            [-2.75511372, 52.232591728],
            [-2.755404183, 52.232705004],
            [-2.755524607, 52.232985646],
            [-2.755670828, 52.233235474],
            [-2.755628449, 52.233498283],
            [-2.755711116, 52.233666907],
            [-2.755757628, 52.233775274],
            [-2.756019363, 52.234009172],
            [-2.756116678, 52.234222551],
            [-2.756143871, 52.23444438],
            [-2.756216912, 52.234607582],
            [-2.756408234, 52.234662081],
            [-2.756360139, 52.234851226],
            [-2.756338495, 52.235041011],
            [-2.756550505, 52.235282417],
            [-2.756778236, 52.235496757],
            [-2.75689262, 52.235762067],
            [-2.756967294, 52.235850659],
            [-2.757047086, 52.23589239],
            [-2.757443348, 52.236027363],
            [-2.757711778, 52.236142573],
            [-2.757880469, 52.236243053],
            [-2.758056122, 52.236411887],
            [-2.757799982, 52.236507906],
            [-2.757986333, 52.236787223],
            [-2.758130773, 52.236931001],
            [-2.75823149, 52.236995966],
            [-2.758270523, 52.237139613],
            [-2.758216039, 52.237293657],
            [-2.758107908, 52.237388815],
            [-2.757770931, 52.237467377],
            [-2.758085666, 52.237635228],
            [-2.758639351, 52.237895106],
            [-2.759132198, 52.23811313],
            [-2.759496869, 52.238291531],
            [-2.759502738, 52.238550347],
            [-2.759649537, 52.238570074],
            [-2.759993308, 52.238634461],
            [-2.760161308, 52.238693598],
            [-2.760300232, 52.238768202],
            [-2.760325052, 52.238849832],
            [-2.760268215, 52.23903544],
            [-2.760180158, 52.239195993],
            [-2.760071323, 52.239257003],
            [-2.760353999, 52.239342365],
            [-2.760683521, 52.239427425],
            [-2.760835719, 52.239423747],
            [-2.760966606, 52.239367178],
            [-2.761063303, 52.239288359],
            [-2.761115342, 52.239161204],
            [-2.761189247, 52.239027705],
            [-2.761317235, 52.239062831],
            [-2.761433911, 52.239121399],
            [-2.761609345, 52.239191362],
            [-2.761785809, 52.23922977],
            [-2.761997131, 52.239258964],
            [-2.762135443, 52.239297618],
            [-2.762179821, 52.239322498],
            [-2.762291043, 52.239400873],
            [-2.762641406, 52.239680022],
            [-2.76267651, 52.239847061],
            [-2.762723493, 52.239939333],
            [-2.762829372, 52.239966512],
            [-2.763257137, 52.240055423],
            [-2.763904649, 52.240157381],
            [-2.764409544, 52.240223318],
            [-2.764577564, 52.240451512],
            [-2.76484984, 52.240527943],
            [-2.765203103, 52.24072159],
            [-2.765395872, 52.240857946],
            [-2.765490482, 52.240994848],
            [-2.765601451, 52.241233297],
            [-2.765584228, 52.241334074],
            [-2.765685054, 52.241495293],
            [-2.765720488, 52.241596627],
            [-2.76584108, 52.241706486],
            [-2.76594924, 52.241865769],
            [-2.766181421, 52.241997374],
            [-2.766348086, 52.242061903],
            [-2.766412882, 52.242003061],
            [-2.766444142, 52.241946144],
            [-2.766518897, 52.241778483],
            [-2.766561761, 52.241715288],
            [-2.766611853, 52.241651059],
            [-2.766753475, 52.241537789],
            [-2.766938219, 52.241467382],
            [-2.767152472, 52.241406668],
            [-2.76737001, 52.241368403],
            [-2.767574665, 52.24134631],
            [-2.767682125, 52.241289886],
            [-2.767849691, 52.241154875],
            [-2.767935227, 52.24110848],
            [-2.768094997, 52.241116428],
            [-2.768425188, 52.241154724],
            [-2.768529019, 52.241146858],
            [-2.768612243, 52.241127441],
            [-2.76872702, 52.24115905],
            [-2.768769725, 52.241177647],
            [-2.768950312, 52.241286123],
            [-2.769006842, 52.241336087],
            [-2.769153703, 52.241358589],
            [-2.769350151, 52.241371689],
            [-2.769533174, 52.241369597],
            [-2.769606229, 52.241355638],
            [-2.769832036, 52.241292957],
            [-2.769951174, 52.241234657],
            [-2.770036426, 52.241255672],
            [-2.770234864, 52.241293025],
            [-2.77035505, 52.241323159],
            [-2.770532152, 52.24137656],
            [-2.770835048, 52.241449182],
            [-2.770933566, 52.24146921],
            [-2.771037834, 52.241486505],
            [-2.771225418, 52.241545499],
            [-2.771649841, 52.241565194],
            [-2.772016525, 52.241590658],
            [-2.772211104, 52.241579498],
            [-2.772479676, 52.241531902],
            [-2.772715446, 52.241528561],
            [-2.773043898, 52.241549778],
            [-2.773272413, 52.241552775],
            [-2.773378068, 52.241566464],
            [-2.77348525, 52.241584636],
            [-2.773746087, 52.241675592],
            [-2.77419978, 52.241822715],
            [-2.77446018, 52.241888416],
            [-2.774747616, 52.241911695],
            [-2.775009913, 52.24191986],
            [-2.775465446, 52.242005938],
            [-2.776180572, 52.24211808],
            [-2.776591598, 52.242089311],
            [-2.776897732, 52.24217358],
            [-2.776977366, 52.242204514],
            [-2.777059978, 52.242240011],
            [-2.777416201, 52.242426412],
            [-2.777543975, 52.24244804],
            [-2.777643492, 52.242441992],
            [-2.777818035, 52.242458817],
            [-2.777887077, 52.242470945],
            [-2.778360674, 52.242581161],
            [-2.778564579, 52.242605881],
            [-2.778963186, 52.242702118],
            [-2.779495915, 52.242844295],
            [-2.779521386, 52.242878281],
            [-2.779554507, 52.243011084],
            [-2.779560807, 52.243122493],
            [-2.779574144, 52.243215071],
            [-2.779639354, 52.243511332],
            [-2.779618876, 52.243679542],
            [-2.779724599, 52.24388269],
            [-2.779843044, 52.243929814],
            [-2.780027039, 52.243982525],
            [-2.780168456, 52.244113803],
            [-2.780370325, 52.244269758],
            [-2.780444109, 52.244379822],
            [-2.780576635, 52.244506664],
            [-2.780628702, 52.244638442],
            [-2.780798473, 52.244795597],
            [-2.780886964, 52.244910956],
            [-2.781254383, 52.245237573],
            [-2.78147397, 52.245397993],
            [-2.78198638, 52.245714659],
            [-2.782234354, 52.245827163],
            [-2.782585475, 52.245967833],
            [-2.782862415, 52.246058572],
            [-2.783041845, 52.246180517],
            [-2.783195086, 52.246317106],
            [-2.783577478, 52.24673799],
            [-2.783730753, 52.246876285],
            [-2.783935391, 52.247098816],
            [-2.78440745, 52.24720722],
            [-2.784469906, 52.247345219],
            [-2.784506594, 52.247514847],
            [-2.784591214, 52.247745365],
            [-2.784384903, 52.247921193],
            [-2.784267208, 52.248061288],
            [-2.784118861, 52.248367055],
            [-2.78399788, 52.248567481],
            [-2.783942419, 52.248744014],
            [-2.783891836, 52.248868473],
            [-2.783841236, 52.248991944],
            [-2.78374388, 52.249196707],
            [-2.783714512, 52.249277794],
            [-2.783689596, 52.249357952],
            [-2.783653046, 52.249531752],
            [-2.783592223, 52.249904436],
            [-2.783582773, 52.250032937],
            [-2.783524902, 52.250237437],
            [-2.783487098, 52.250340151],
            [-2.783394053, 52.250543087],
            [-2.783317101, 52.250747714],
            [-2.783133134, 52.251116632],
            [-2.782889666, 52.251515604],
            [-2.78280628, 52.251684322],
            [-2.782423005, 52.252217242],
            [-2.782237301, 52.252488201],
            [-2.78217472, 52.25259027],
            [-2.782052696, 52.252814878],
            [-2.781891423, 52.253060509],
            [-2.781691742, 52.253532979],
            [-2.781701308, 52.25367169],
            [-2.781677068, 52.253749416],
            [-2.781652951, 52.253827232],
            [-2.781570198, 52.253950016],
            [-2.78140614, 52.254120075],
            [-2.781293048, 52.254269215],
            [-2.780774993, 52.254798617],
            [-2.780574334, 52.254968918],
            [-2.780487515, 52.255032408],
            [-2.780313888, 52.255153185],
            [-2.779963339, 52.255379302],
            [-2.779733912, 52.255583136],
            [-2.779550456, 52.255729144],
            [-2.779364434, 52.255901143],
            [-2.779051969, 52.25629517],
            [-2.778609681, 52.256636125],
            [-2.77844518, 52.256782006],
            [-2.77822309, 52.25698489],
            [-2.778125628, 52.257103274],
            [-2.777807479, 52.257429027],
            [-2.777604861, 52.257571473],
            [-2.777390436, 52.257626004],
            [-2.777057165, 52.257667746],
            [-2.776934434, 52.257688327],
            [-2.776702367, 52.257735693],
            [-2.776480571, 52.257790181],
            [-2.776372747, 52.25782055],
            [-2.77624765, 52.257871706],
            [-2.776015033, 52.257977585],
            [-2.775907632, 52.258032219],
            [-2.775678899, 52.258194606],
            [-2.775470373, 52.258414473],
            [-2.775356711, 52.258615741],
            [-2.775347033, 52.258732647],
            [-2.775522878, 52.258820473],
            [-2.776298187, 52.259091395],
            [-2.776437359, 52.259174966],
            [-2.776690776, 52.259339665],
            [-2.776805036, 52.259421602],
            [-2.776942664, 52.259582569],
            [-2.777036206, 52.259571168],
            [-2.77705696, 52.259583614],
            [-2.777206193, 52.259738123],
            [-2.777319224, 52.259915429],
            [-2.777382089, 52.259994109],
            [-2.777615025, 52.260244326],
            [-2.777820528, 52.260431719],
            [-2.778032276, 52.260561637],
            [-2.778153406, 52.260614766],
            [-2.778374681, 52.260702287],
            [-2.778700353, 52.260811679],
            [-2.7789455, 52.260917018],
            [-2.779188305, 52.260978331],
            [-2.779133786, 52.261045201],
            [-2.779162311, 52.261252724],
            [-2.779265257, 52.261357203],
            [-2.779747222, 52.261602177],
            [-2.780111201, 52.261718502],
            [-2.780034935, 52.261798999],
            [-2.779864966, 52.261964601],
            [-2.779774101, 52.262046183],
            [-2.779575864, 52.262191299],
            [-2.779355375, 52.262404061],
            [-2.778877737, 52.262654472],
            [-2.778932809, 52.262701745],
            [-2.779079949, 52.262735826],
            [-2.779314561, 52.262749557],
            [-2.779805463, 52.262669917],
            [-2.780080899, 52.262579926],
            [-2.780360864, 52.26250707],
            [-2.780678512, 52.262488792],
            [-2.781059847, 52.262506042],
            [-2.781446184, 52.262567299],
            [-2.781889353, 52.262603911],
            [-2.782333805, 52.262713405],
            [-2.782221824, 52.263009041],
            [-2.782196569, 52.263242086],
            [-2.782122809, 52.263547265],
            [-2.782055055, 52.263939767],
            [-2.781835937, 52.264731437],
            [-2.78175343, 52.265205827],
            [-2.781695942, 52.26568086],
            [-2.781708483, 52.265899274],
            [-2.782072074, 52.265991238],
            [-2.782272445, 52.266049231],
            [-2.783080249, 52.266241698],
            [-2.784074721, 52.266543472],
            [-2.784422673, 52.266666092],
            [-2.784996887, 52.266738762],
            [-2.785438539, 52.266769079],
            [-2.7857786, 52.266773108],
            [-2.786164783, 52.266816375],
            [-2.786712156, 52.266860364],
            [-2.786898548, 52.266878895],
            [-2.787220446, 52.26693517],
            [-2.788030032, 52.267137478],
            [-2.788501933, 52.267306086],
            [-2.788618529, 52.267353842],
            [-2.788833248, 52.267477339],
            [-2.78943389, 52.267798776],
            [-2.789884647, 52.268014257],
            [-2.790459303, 52.268354738],
            [-2.790201057, 52.268420281],
            [-2.789990373, 52.268524154],
            [-2.78988134, 52.268569014],
            [-2.789592908, 52.268669811],
            [-2.789291172, 52.268756315],
            [-2.788929254, 52.268842323],
            [-2.788333367, 52.268959642],
            [-2.787750222, 52.269046224],
            [-2.787462078, 52.26907511],
            [-2.787148337, 52.269070911],
            [-2.786370462, 52.269085084],
            [-2.786193134, 52.269080872],
            [-2.786048197, 52.269090826],
            [-2.785971901, 52.269087738],
            [-2.785898195, 52.269060367],
            [-2.785875715, 52.269032654],
            [-2.785857504, 52.269000418],
            [-2.785809597, 52.268860436],
            [-2.785785285, 52.268811164],
            [-2.785474614, 52.268809637],
            [-2.785260799, 52.268819149],
            [-2.784254838, 52.268944567],
            [-2.784114689, 52.268972462],
            [-2.783980353, 52.269001217],
            [-2.783748447, 52.26906747],
            [-2.783602488, 52.269101694],
            [-2.783154302, 52.269195447],
            [-2.782708071, 52.269318036],
            [-2.782549274, 52.269371218],
            [-2.782390207, 52.269409123],
            [-2.782287288, 52.269390032],
            [-2.782219289, 52.269357227],
            [-2.782014943, 52.269239042],
            [-2.781809384, 52.269134256],
            [-2.78167006, 52.269044401],
            [-2.781231963, 52.268798246],
            [-2.781147518, 52.268743979],
            [-2.780914521, 52.268576458],
            [-2.780763266, 52.268481288],
            [-2.78060364, 52.268397857],
            [-2.780510583, 52.26835533],
            [-2.780156584, 52.268308237],
            [-2.779911411, 52.268286489],
            [-2.779239047, 52.268301715],
            [-2.778721131, 52.268346477],
            [-2.778588039, 52.268363534],
            [-2.778410169, 52.268335047],
            [-2.778358866, 52.268330891],
            [-2.77808011, 52.268481928],
            [-2.778530062, 52.268819693],
            [-2.778910716, 52.269132748],
            [-2.779079992, 52.269256652],
            [-2.778904245, 52.269349489],
            [-2.778715454, 52.269532291],
            [-2.779110193, 52.269724813],
            [-2.779526299, 52.269971121],
            [-2.779847188, 52.270134379],
            [-2.779861854, 52.270136979],
            [-2.780547349, 52.26978093],
            [-2.780702193, 52.269922005],
            [-2.781136522, 52.269706028],
            [-2.781460307, 52.269532216],
            [-2.781685633, 52.269428172],
            [-2.782102636, 52.269724797],
            [-2.782479899, 52.269596466],
            [-2.78277006, 52.269846294],
            [-2.782240486, 52.270060122],
            [-2.781796364, 52.270227633],
            [-2.781499599, 52.270350935],
            [-2.780467079, 52.270720968],
            [-2.780243805, 52.27077727],
            [-2.780021221, 52.270866014],
            [-2.779502037, 52.271012352],
            [-2.779182515, 52.271092656],
            [-2.77902798, 52.271141402],
            [-2.778879409, 52.271192715],
            [-2.777879595, 52.271590372],
            [-2.777351146, 52.271877961],
            [-2.77708619, 52.272059464],
            [-2.776804838, 52.272229479],
            [-2.776700401, 52.272303508],
            [-2.776631681, 52.272264054],
            [-2.775884904, 52.271813637],
            [-2.775058864, 52.272200511],
            [-2.774267246, 52.272524866],
            [-2.773938843, 52.272686106],
            [-2.773599194, 52.27295806],
            [-2.773429437, 52.273056331],
            [-2.773268658, 52.273115087],
            [-2.773134381, 52.273155244],
            [-2.773018991, 52.273183592],
            [-2.77292482, 52.273216116],
            [-2.772868587, 52.273248391],
            [-2.77280643, 52.273301288],
            [-2.772483621, 52.273284526],
            [-2.772407104, 52.273352526],
            [-2.77211841, 52.273435306],
            [-2.77186955, 52.273453111],
            [-2.771763838, 52.273523908],
            [-2.771629965, 52.273580508],
            [-2.771477417, 52.27357072],
            [-2.771439501, 52.273586247],
            [-2.770966356, 52.273763794],
            [-2.770646756, 52.273848569],
            [-2.770346537, 52.273943104],
            [-2.77024751, 52.2739815],
            [-2.770150055, 52.274019975],
            [-2.769831993, 52.274193718],
            [-2.769586396, 52.274309466],
            [-2.769075253, 52.274582525],
            [-2.768880297, 52.274671067],
            [-2.76863808, 52.274731066],
            [-2.768348655, 52.274772497],
            [-2.767878236, 52.274864538],
            [-2.767746644, 52.274878876],
            [-2.767287571, 52.27494927],
            [-2.767081684, 52.274992941],
            [-2.766598456, 52.274931278],
            [-2.766266659, 52.274898379],
            [-2.765586508, 52.274895602],
            [-2.765232138, 52.274913179],
            [-2.764816979, 52.274972583],
            [-2.764465677, 52.275000025],
            [-2.764031807, 52.274997441],
            [-2.763732937, 52.275002971],
            [-2.763303323, 52.274994964],
            [-2.763168524, 52.274998532],
            [-2.762902486, 52.275037102],
            [-2.762762167, 52.275064074],
            [-2.762622046, 52.275095538],
            [-2.762347773, 52.275168314],
            [-2.761737107, 52.275285504],
            [-2.761427193, 52.275330735],
            [-2.761152577, 52.275383737],
            [-2.760726799, 52.275430522],
            [-2.760301295, 52.275486292],
            [-2.760059232, 52.275556159],
            [-2.759908344, 52.275558928],
            [-2.759628763, 52.275583197],
            [-2.759146473, 52.275660989],
            [-2.758772581, 52.275738892],
            [-2.758177815, 52.275846973],
            [-2.757873659, 52.27588308],
            [-2.757744534, 52.275879415],
            [-2.757462884, 52.27586055],
            [-2.757308669, 52.275845362],
            [-2.757004155, 52.275775412],
            [-2.756667566, 52.275723642],
            [-2.756345458, 52.2756565],
            [-2.756007632, 52.275610039],
            [-2.755884578, 52.275529936],
            [-2.755791545, 52.275488289],
            [-2.75568969, 52.275446698],
            [-2.755452271, 52.275363732],
            [-2.75506451, 52.27513783],
            [-2.754885756, 52.275058082],
            [-2.754805771, 52.27500907],
            [-2.754727177, 52.274956544],
            [-2.754565119, 52.274820964],
            [-2.754465876, 52.274755088],
            [-2.754153377, 52.274562857],
            [-2.753974354, 52.274466931],
            [-2.753768227, 52.274240764],
            [-2.753566175, 52.274162062],
            [-2.75335332, 52.274144546],
            [-2.753115146, 52.274101935],
            [-2.752617039, 52.274023322],
            [-2.752360036, 52.273996199],
            [-2.752261985, 52.274000419],
            [-2.752163859, 52.274007336],
            [-2.75183685, 52.274084918],
            [-2.751531024, 52.274114728],
            [-2.751150232, 52.274213412],
            [-2.750892487, 52.274313918],
            [-2.750625913, 52.274499956],
            [-2.750409429, 52.274610984],
            [-2.750335515, 52.274656394],
            [-2.750202433, 52.274761589],
            [-2.749954503, 52.274921351],
            [-2.749924314, 52.274958393],
            [-2.74976336, 52.27523094],
            [-2.749612797, 52.275517801],
            [-2.749556514, 52.275655673],
            [-2.749476245, 52.275761431],
            [-2.749339922, 52.275846783],
            [-2.74916392, 52.27592969],
            [-2.748937276, 52.27604806],
            [-2.748615565, 52.276175931],
            [-2.748428284, 52.276371347],
            [-2.748446607, 52.276411677],
            [-2.748398066, 52.276492875],
            [-2.748240382, 52.27661611],
            [-2.748121985, 52.276718514],
            [-2.748010109, 52.276777644],
            [-2.747908822, 52.276855581],
            [-2.747837667, 52.276900073],
            [-2.747759352, 52.276942812],
            [-2.747575882, 52.277020461],
            [-2.747422211, 52.277116706],
            [-2.747379709, 52.277205056],
            [-2.747395162, 52.277254392],
            [-2.747315551, 52.277399691],
            [-2.747262414, 52.277466537],
            [-2.746872658, 52.277645256],
            [-2.746696116, 52.277696705],
            [-2.746231919, 52.277811091],
            [-2.746144432, 52.278013062],
            [-2.74603172, 52.278109046],
            [-2.745963596, 52.278154416],
            [-2.745889597, 52.278195329],
            [-2.745808106, 52.278229099],
            [-2.74572062, 52.278258503],
            [-2.745374385, 52.278330795],
            [-2.745143506, 52.278370901],
            [-2.744978544, 52.278406995],
            [-2.744510184, 52.2784468],
            [-2.744417787, 52.278450079],
            [-2.744237541, 52.278446721],
            [-2.743842936, 52.278517517],
            [-2.743599305, 52.278582955],
            [-2.743401881, 52.278614758],
            [-2.743088551, 52.278718293],
            [-2.742938463, 52.278776761],
            [-2.742654576, 52.278805511],
            [-2.742294995, 52.278860801],
            [-2.742154216, 52.278861686],
            [-2.742081092, 52.278868437],
            [-2.741927624, 52.278891063],
            [-2.741679306, 52.278943854],
            [-2.741363838, 52.278926961],
            [-2.741249507, 52.27892678],
            [-2.741088621, 52.278946665],
            [-2.740955737, 52.278978957],
            [-2.740851798, 52.2789859],
            [-2.740544106, 52.278993224],
            [-2.74065795, 52.279138113],
            [-2.740785061, 52.279375584],
            [-2.740820395, 52.279472432],
            [-2.740847089, 52.279580209],
            [-2.74086052, 52.279682586],
            [-2.740849402, 52.27980579],
            [-2.740926139, 52.279928532],
            [-2.740950032, 52.279955346],
            [-2.740990149, 52.279983855],
            [-2.741123219, 52.280056721],
            [-2.741531953, 52.280389492],
            [-2.741705625, 52.280519713],
            [-2.742016946, 52.280728972],
            [-2.742103238, 52.280808512],
            [-2.742195767, 52.280906797],
            [-2.742427016, 52.281148105],
            [-2.742636985, 52.281345417],
            [-2.742816278, 52.281543909],
            [-2.743018254, 52.281617238],
            [-2.743247496, 52.281738119],
            [-2.743309001, 52.281824016],
            [-2.743573316, 52.282025567],
            [-2.743786497, 52.282233642],
            [-2.744008407, 52.282529832],
            [-2.744092167, 52.282630867],
            [-2.744193481, 52.282733679],
            [-2.744305188, 52.282836335],
            [-2.744718367, 52.283171764],
            [-2.744971893, 52.283428206],
            [-2.74521704, 52.283624482],
            [-2.74532437, 52.283732558],
            [-2.745425945, 52.283843366],
            [-2.745616526, 52.284367234],
            [-2.745167307, 52.284334119],
            [-2.744753168, 52.284288198],
            [-2.74429969, 52.284253309],
            [-2.743273313, 52.284240901],
            [-2.742950751, 52.284242931],
            [-2.742933904, 52.284283483],
            [-2.742151913, 52.284248855],
            [-2.741667618, 52.284214059],
            [-2.741307032, 52.284219021],
            [-2.741068417, 52.284239483],
            [-2.740898855, 52.284262118],
            [-2.740540567, 52.284231021],
            [-2.739966442, 52.284259877],
            [-2.739083702, 52.284250128],
            [-2.738600905, 52.284218007],
            [-2.738251549, 52.284186038],
            [-2.737880719, 52.284192851],
            [-2.737037565, 52.284092061],
            [-2.735980967, 52.283933186],
            [-2.735789962, 52.283909211],
            [-2.735409718, 52.283872932],
            [-2.735385257, 52.283636614],
            [-2.735309366, 52.283126485],
            [-2.735245286, 52.283059475],
            [-2.735075587, 52.282905851],
            [-2.734355314, 52.282610948],
            [-2.734215158, 52.282555196],
            [-2.734086522, 52.28257487],
            [-2.733934177, 52.282673785],
            [-2.733587837, 52.282823429],
            [-2.733424535, 52.282881067],
            [-2.73322617, 52.282938024],
            [-2.733011552, 52.282991487],
            [-2.732677089, 52.28306286],
            [-2.73198132, 52.283183119],
            [-2.731905357, 52.283113485],
            [-2.731668385, 52.283145513],
            [-2.730252295, 52.283407829],
            [-2.729569968, 52.283545068],
            [-2.729247273, 52.283627054],
            [-2.729045689, 52.283665149],
            [-2.728859882, 52.283692451],
            [-2.728636096, 52.2837181],
            [-2.72863458, 52.284075018],
            [-2.728750642, 52.28435661],
            [-2.728720356, 52.284654385],
            [-2.72904551, 52.284994007],
            [-2.72904941, 52.285143181],
            [-2.729150692, 52.285334087],
            [-2.729191584, 52.285498312],
            [-2.729206423, 52.285687955],
            [-2.72916987, 52.285787946],
            [-2.729100872, 52.285870161],
            [-2.729003931, 52.285943652],
            [-2.728948701, 52.285973653],
            [-2.728845348, 52.286017433],
            [-2.728656969, 52.286065332],
            [-2.727772306, 52.286382758],
            [-2.727339335, 52.286530221],
            [-2.726979029, 52.286642092],
            [-2.726776388, 52.286712546],
            [-2.72668036, 52.286753583],
            [-2.72658427, 52.286798215],
            [-2.72649688, 52.286916584],
            [-2.726358457, 52.287063039],
            [-2.726229561, 52.287156497],
            [-2.726129353, 52.287215534],
            [-2.725381631, 52.287571646],
            [-2.724903795, 52.287756136],
            [-2.724828338, 52.287806122],
            [-2.724741096, 52.287852496],
            [-2.724634834, 52.28789629],
            [-2.724465524, 52.287943167],
            [-2.723765012, 52.288045431],
            [-2.723634975, 52.288076787],
            [-2.723458705, 52.288141771],
            [-2.723313969, 52.288257703],
            [-2.723289524, 52.288285715],
            [-2.723266628, 52.288327199],
            [-2.723252867, 52.288380312],
            [-2.723253555, 52.288422551],
            [-2.723289109, 52.288534771],
            [-2.723305052, 52.288615564],
            [-2.723326478, 52.28866936],
            [-2.723358148, 52.288721295],
            [-2.723402995, 52.28877324],
            [-2.723478849, 52.288843779],
            [-2.723457655, 52.288982322],
            [-2.723433416, 52.289022916],
            [-2.723432508, 52.289056267],
            [-2.723450591, 52.28909031],
            [-2.723476006, 52.289114421],
            [-2.723504026, 52.289127731],
            [-2.723677766, 52.289174302],
            [-2.723749873, 52.289185544],
            [-2.723804301, 52.289202287],
            [-2.723861927, 52.289229796],
            [-2.723902099, 52.289261906],
            [-2.7239305, 52.289298583],
            [-2.723953348, 52.289350572],
            [-2.724170515, 52.289361823],
            [-2.724163909, 52.2894015],
            [-2.72417355, 52.289458963],
            [-2.724211071, 52.289506369],
            [-2.724273225, 52.289544635],
            [-2.724691674, 52.289675177],
            [-2.724962, 52.289706773],
            [-2.725207573, 52.289843678],
            [-2.725242211, 52.289988259],
            [-2.725255709, 52.29000795],
            [-2.725291382, 52.290038289],
            [-2.725337182, 52.290059579],
            [-2.725413701, 52.290074388],
            [-2.725602865, 52.290073225],
            [-2.725738812, 52.290144293],
            [-2.725858188, 52.290177712],
            [-2.725965953, 52.290225584],
            [-2.726019288, 52.290256714],
            [-2.726103944, 52.29032549],
            [-2.726213889, 52.290499178],
            [-2.726315254, 52.290606498],
            [-2.726363212, 52.290670916],
            [-2.726394917, 52.290724648],
            [-2.726447073, 52.290860942],
            [-2.726411298, 52.291363763],
            [-2.72644178, 52.292066606],
            [-2.726179331, 52.292155403],
            [-2.725989035, 52.292169156],
            [-2.726117787, 52.292332033],
            [-2.726123491, 52.292414686],
            [-2.726159695, 52.292477378],
            [-2.726164798, 52.292523275],
            [-2.726142568, 52.292598011],
            [-2.726192246, 52.292671406],
            [-2.726148619, 52.292783123],
            [-2.726106982, 52.292839194],
            [-2.726091343, 52.292873444],
            [-2.726084664, 52.292908538],
            [-2.726097624, 52.292983956],
            [-2.726192521, 52.293138952],
            [-2.726180639, 52.293218118],
            [-2.726063353, 52.293490363],
            [-2.72596491, 52.293658142],
            [-2.725867142, 52.293771181],
            [-2.725837097, 52.293819002],
            [-2.72579751, 52.29391182],
            [-2.725776322, 52.294050363],
            [-2.725718783, 52.294117317],
            [-2.725590472, 52.29443277],
            [-2.725531363, 52.294492453],
            [-2.725511444, 52.294531223],
            [-2.725506171, 52.294563612],
            [-2.725511066, 52.294596837],
            [-2.725530944, 52.29464435],
            [-2.725501731, 52.294654416],
            [-2.725348404, 52.294689512],
            [-2.725319353, 52.294709554],
            [-2.725316687, 52.294723951],
            [-2.725324267, 52.294736487],
            [-2.725359708, 52.294752448],
            [-2.725484252, 52.29474629],
            [-2.725549752, 52.294722519],
            [-2.725552481, 52.294800696],
            [-2.725539716, 52.294825941],
            [-2.725468924, 52.294888392],
            [-2.725448799, 52.29491458],
            [-2.725526032, 52.294972527],
            [-2.725551583, 52.295012006],
            [-2.725578439, 52.29513138],
            [-2.725598347, 52.29518069],
            [-2.725639008, 52.295249647],
            [-2.725468666, 52.295412565],
            [-2.725447164, 52.295443256],
            [-2.725391645, 52.29554516],
            [-2.725365575, 52.295651466],
            [-2.725377411, 52.295835644],
            [-2.725369438, 52.295887823],
            [-2.725342778, 52.295965372],
            [-2.725310566, 52.296147124],
            [-2.72532476, 52.296201863],
            [-2.725460044, 52.296408741],
            [-2.725135416, 52.296371189],
            [-2.725030375, 52.296409583],
            [-2.724678017, 52.296376694],
            [-2.724597032, 52.29635562],
            [-2.7245216, 52.296319233],
            [-2.724208476, 52.296090076],
            [-2.724101768, 52.296018828],
            [-2.724061794, 52.2959993],
            [-2.72402052, 52.295981577],
            [-2.723581693, 52.295872728],
            [-2.723500504, 52.295839072],
            [-2.723475514, 52.295833832],
            [-2.723109511, 52.295868431],
            [-2.723055774, 52.295902015],
            [-2.722965423, 52.295936722],
            [-2.722554566, 52.296008534],
            [-2.722511237, 52.295961073],
            [-2.722304959, 52.295989389],
            [-2.72209663, 52.295980777],
            [-2.721827568, 52.296029159],
            [-2.721282509, 52.295959598],
            [-2.721087216, 52.295852937],
            [-2.720990814, 52.295790611],
            [-2.720887495, 52.295748999],
            [-2.720699148, 52.29570521],
            [-2.720461518, 52.295701267],
            [-2.720361552, 52.295687497],
            [-2.720017424, 52.295624794],
            [-2.719936661, 52.295617197],
            [-2.719898305, 52.295600354],
            [-2.719857984, 52.295559256],
            [-2.719769298, 52.295510363],
            [-2.719724989, 52.295491759],
            [-2.719554086, 52.295442469],
            [-2.71945316, 52.295369383],
            [-2.71942927, 52.295342476],
            [-2.719396134, 52.295289649],
            [-2.719383913, 52.295259165],
            [-2.719375998, 52.295128889],
            [-2.718436726, 52.294806463],
            [-2.718277814, 52.294773276],
            [-2.718088445, 52.294755553],
            [-2.717916284, 52.294717862],
            [-2.717882383, 52.294707283],
            [-2.717713935, 52.294630113],
            [-2.717597373, 52.294584085],
            [-2.717494205, 52.294551457],
            [-2.717289537, 52.294499672],
            [-2.717214536, 52.294489342],
            [-2.716965162, 52.294476476],
            [-2.716941517, 52.294472126],
            [-2.716919536, 52.294465968],
            [-2.716765688, 52.294386821],
            [-2.716730423, 52.294381642],
            [-2.716643905, 52.294376774],
            [-2.716529534, 52.29437657],
            [-2.716465041, 52.294380556],
            [-2.716327538, 52.294400265],
            [-2.716211253, 52.294371311],
            [-2.715893899, 52.294423567],
            [-2.715795606, 52.294423265],
            [-2.715582803, 52.294406579],
            [-2.715547578, 52.294411286],
            [-2.715384042, 52.294451015],
            [-2.715347472, 52.294454832],
            [-2.715182871, 52.294435966],
            [-2.714906446, 52.294387308],
            [-2.714627366, 52.294353945],
            [-2.714345553, 52.294338574],
            [-2.713976162, 52.294342606],
            [-2.71381621, 52.294334585],
            [-2.713435966, 52.29430273],
            [-2.713284746, 52.294296453],
            [-2.713223072, 52.294287838],
            [-2.713018584, 52.29424683],
            [-2.712930047, 52.29421411],
            [-2.71268728, 52.29416075],
            [-2.712275837, 52.29410562],
            [-2.71202574, 52.294055],
            [-2.711968577, 52.294056243],
            [-2.711932094, 52.294065451],
            [-2.711900049, 52.294080025],
            [-2.711876857, 52.294096343],
            [-2.711859689, 52.294118916],
            [-2.711851283, 52.294145031],
            [-2.711856227, 52.294181941],
            [-2.71180724, 52.294414123],
            [-2.711760684, 52.294534032],
            [-2.711744525, 52.294619514],
            [-2.711745049, 52.294742644],
            [-2.711722867, 52.294821961],
            [-2.711726171, 52.294847107],
            [-2.71175323, 52.294890984],
            [-2.711895921, 52.295006067],
            [-2.711997132, 52.295105312],
            [-2.712050896, 52.295163408],
            [-2.712164631, 52.29530473],
            [-2.712216154, 52.295411465],
            [-2.712118758, 52.295459688],
            [-2.712005079, 52.295321871],
            [-2.711699923, 52.295042301],
            [-2.711437429, 52.294761575],
            [-2.711270758, 52.294515414],
            [-2.711216836, 52.294447341],
            [-2.711140785, 52.294371403],
            [-2.711000767, 52.294415388],
            [-2.710743589, 52.294473649],
            [-2.710617838, 52.294495078],
            [-2.710452543, 52.294515846],
            [-2.710320681, 52.294525628],
            [-2.710250313, 52.294525152],
            [-2.709790632, 52.294477585],
            [-2.709591057, 52.294471504],
            [-2.709293557, 52.294480572],
            [-2.709164732, 52.294491233],
            [-2.708898472, 52.294526087],
            [-2.708436902, 52.294640307],
            [-2.708269086, 52.294692544],
            [-2.707328401, 52.294913083],
            [-2.707027326, 52.2949787],
            [-2.706974613, 52.294986206],
            [-2.706763805, 52.295003646],
            [-2.706672856, 52.295001494],
            [-2.706567051, 52.294985051],
            [-2.706462297, 52.294943435],
            [-2.706350855, 52.294945],
            [-2.706270167, 52.294941888],
            [-2.706123176, 52.294920297],
            [-2.705931611, 52.294863022],
            [-2.705899106, 52.294848836],
            [-2.705816209, 52.294798011],
            [-2.70570431, 52.294770818],
            [-2.705642394, 52.29474692],
            [-2.705503385, 52.294672253],
            [-2.705448479, 52.294633035],
            [-2.705405792, 52.294617112],
            [-2.705324841, 52.294605013],
            [-2.705237952, 52.294576771],
            [-2.705224211, 52.294450034],
            [-2.705207085, 52.294391715],
            [-2.705123198, 52.294187204],
            [-2.705113496, 52.294124347],
            [-2.705031548, 52.293950472],
            [-2.705013787, 52.293760845],
            [-2.705019615, 52.293389522],
            [-2.705003847, 52.293317714],
            [-2.704974915, 52.293246793],
            [-2.704955288, 52.293213655],
            [-2.704877614, 52.293126038],
            [-2.704647348, 52.292937769],
            [-2.704568487, 52.292859057],
            [-2.704499495, 52.2927624],
            [-2.704394738, 52.29253734],
            [-2.704293463, 52.292531653],
            [-2.704218585, 52.29262018],
            [-2.704110241, 52.292709986],
            [-2.704053528, 52.292747084],
            [-2.703883254, 52.292827193],
            [-2.703769286, 52.292874969],
            [-2.70305531, 52.293112008],
            [-2.702835324, 52.293205982],
            [-2.702695398, 52.293278987],
            [-2.702561474, 52.2933569],
            [-2.702056512, 52.293685893],
            [-2.70207348, 52.293726866],
            [-2.701952547, 52.293754908],
            [-2.701805511, 52.29366896],
            [-2.701768537, 52.293654889],
            [-2.701702519, 52.293638924],
            [-2.701645482, 52.293632881],
            [-2.701598593, 52.293633969],
            [-2.701348566, 52.293670956],
            [-2.701222533, 52.293337987],
            [-2.70118362, 52.29327],
            [-2.701169631, 52.293233952],
            [-2.701166588, 52.293201973],
            [-2.701184612, 52.293064981],
            [-2.701103523, 52.292929028],
            [-2.701074522, 52.292860982],
            [-2.701011554, 52.292617067],
            [-2.700945555, 52.292495044],
            [-2.700883585, 52.292406073],
            [-2.700792605, 52.292302084],
            [-2.700512618, 52.292179085],
            [-2.700284627, 52.292325052],
            [-2.700070643, 52.292424108],
            [-2.699990708, 52.292453074],
            [-2.699748755, 52.292488123],
            [-2.699611844, 52.292461072],
            [-2.699282095, 52.292287043],
            [-2.698865874, 52.292148938],
            [-2.698553547, 52.292083018],
            [-2.698503327, 52.292064441],
            [-2.698411776, 52.292023549],
            [-2.698019544, 52.291788589],
            [-2.698061719, 52.291672307],
            [-2.697968239, 52.291600957],
            [-2.697749188, 52.291193215],
            [-2.697659502, 52.291078611],
            [-2.697622149, 52.291040184],
            [-2.697247621, 52.290807814],
            [-2.696956918, 52.290686307],
            [-2.69675977, 52.290648823],
            [-2.696410204, 52.290419808],
            [-2.696124145, 52.290594152],
            [-2.695884263, 52.290722294],
            [-2.69583942, 52.290761206],
            [-2.695796536, 52.290832553],
            [-2.695664542, 52.29101848],
            [-2.69560122, 52.291004473],
            [-2.69553204, 52.290986905],
            [-2.694791823, 52.290529199],
            [-2.694718264, 52.290509858],
            [-2.694690315, 52.290508225],
            [-2.694526379, 52.290522671],
            [-2.693889315, 52.289818805],
            [-2.69374233, 52.289888965],
            [-2.693622886, 52.289934606],
            [-2.693478434, 52.289981293],
            [-2.69331335, 52.290022707],
            [-2.692767388, 52.290174212],
            [-2.692554356, 52.290233973],
            [-2.692402585, 52.290284296],
            [-2.692217548, 52.290356385],
            [-2.692019634, 52.290455513],
            [-2.691668105, 52.290285006],
            [-2.691521593, 52.290199581],
            [-2.691346663, 52.290074686],
            [-2.691258957, 52.290000601],
            [-2.691141384, 52.289887143],
            [-2.690622528, 52.289706738],
            [-2.690471976, 52.289641109],
            [-2.690391937, 52.289601311],
            [-2.690344747, 52.289567254],
            [-2.690115773, 52.28936358],
            [-2.689935059, 52.289433842],
            [-2.689788277, 52.289517388],
            [-2.689555171, 52.289607819],
            [-2.689393516, 52.289683363],
            [-2.689323839, 52.289726911],
            [-2.689187636, 52.289830168],
            [-2.689103221, 52.289866612],
            [-2.688778829, 52.290033971],
            [-2.68862011, 52.290104103],
            [-2.687978144, 52.290497109],
            [-2.687668346, 52.29028051],
            [-2.687444485, 52.290398656],
            [-2.68721776, 52.290534883],
            [-2.68678812, 52.290713545],
            [-2.686457164, 52.290840401],
            [-2.686021124, 52.290988628],
            [-2.685717725, 52.291091953],
            [-2.684971722, 52.290628826],
            [-2.684743049, 52.290537488],
            [-2.68465182, 52.290516447],
            [-2.684600088, 52.290493378],
            [-2.684537801, 52.290444306],
            [-2.68439721, 52.29035794],
            [-2.684330867, 52.290335855],
            [-2.684282379, 52.290327148],
            [-2.68420894, 52.290323079],
            [-2.683857172, 52.290237037],
            [-2.683720507, 52.290217067],
            [-2.683641179, 52.29019955],
            [-2.683520343, 52.2901634],
            [-2.683254652, 52.290046298],
            [-2.6830571, 52.289973741],
            [-2.682958153, 52.289930273],
            [-2.682556064, 52.289715902],
            [-2.682411312, 52.28964933],
            [-2.682136991, 52.28953668],
            [-2.682045406, 52.28949227],
            [-2.68196549, 52.289444197],
            [-2.681811115, 52.289325551],
            [-2.681784225, 52.289290564],
            [-2.681347088, 52.288989298],
            [-2.681165026, 52.288877911],
            [-2.681063086, 52.288828167],
            [-2.681084353, 52.288780409],
            [-2.680894142, 52.28870511],
            [-2.680852937, 52.288698157],
            [-2.680771905, 52.288577199],
            [-2.680703221, 52.288496704],
            [-2.680600742, 52.288403822],
            [-2.680190803, 52.287967398],
            [-2.680157816, 52.287920851],
            [-2.679962491, 52.287803337],
            [-2.679861685, 52.287724735],
            [-2.679775274, 52.287638949],
            [-2.679705073, 52.287553969],
            [-2.679482279, 52.28726845],
            [-2.679374467, 52.287118973],
            [-2.679237759, 52.286905759],
            [-2.679133563, 52.286802909],
            [-2.679061021, 52.286659521],
            [-2.679022536, 52.286632779],
            [-2.678965045, 52.286517166],
            [-2.678912495, 52.286440083],
            [-2.678808096, 52.286323841],
            [-2.678604837, 52.28606607],
            [-2.678533748, 52.285922674],
            [-2.678473755, 52.28583305],
            [-2.678316854, 52.285642511],
            [-2.678308451, 52.28557515],
            [-2.678225786, 52.285346345],
            [-2.677861843, 52.285409553],
            [-2.67776357, 52.285409218],
            [-2.677646006, 52.285388323],
            [-2.677578539, 52.285386912],
            [-2.677293157, 52.28541821],
            [-2.677196197, 52.285408879],
            [-2.677031384, 52.285364886],
            [-2.676982903, 52.285356176],
            [-2.67638173, 52.285350634],
            [-2.675959812, 52.285369229],
            [-2.675830868, 52.285370866],
            [-2.67586076, 52.285317666],
            [-2.674944984, 52.285250014],
            [-2.674929567, 52.285293334],
            [-2.674687264, 52.285272249],
            [-2.674214808, 52.285433135],
            [-2.674097846, 52.285451778],
            [-2.673887949, 52.285439495],
            [-2.673760719, 52.285362926],
            [-2.673722007, 52.285320904],
            [-2.673593791, 52.285274899],
            [-2.673398912, 52.285280504],
            [-2.67321008, 52.285302253],
            [-2.673151395, 52.285298094],
            [-2.67306159, 52.285274339],
            [-2.67288265, 52.285270865],
            [-2.672374622, 52.28521435],
            [-2.672278977, 52.285187932],
            [-2.672172671, 52.285239768],
            [-2.671988998, 52.285211153],
            [-2.671932457, 52.285252819],
            [-2.671902197, 52.285289931],
            [-2.671876081, 52.285305359],
            [-2.671823401, 52.285314647],
            [-2.671783866, 52.285313973],
            [-2.671600606, 52.28540849],
            [-2.671578609, 52.285408615],
            [-2.671487437, 52.285390259],
            [-2.671433588, 52.285322258],
            [-2.671265191, 52.285328608],
            [-2.671168273, 52.285321969],
            [-2.671056514, 52.285301033],
            [-2.670987353, 52.285283451],
            [-2.670924405, 52.285093176],
            [-2.670834164, 52.284944401],
            [-2.670805416, 52.28488165],
            [-2.670733881, 52.284802963],
            [-2.670678462, 52.284726882],
            [-2.670451743, 52.284472825],
            [-2.670394049, 52.2844381],
            [-2.670354297, 52.284423046],
            [-2.670316105, 52.284415174],
            [-2.670263209, 52.284410082],
            [-2.669839102, 52.284379234],
            [-2.669305258, 52.284365185],
            [-2.669233686, 52.284379971],
            [-2.669195766, 52.284398162],
            [-2.669132175, 52.284453348],
            [-2.669100136, 52.284468809],
            [-2.668923869, 52.284450035],
            [-2.66867466, 52.284443358],
            [-2.668553987, 52.284416179],
            [-2.668489097, 52.284393178],
            [-2.66840488, 52.284346828],
            [-2.668443682, 52.284290884],
            [-2.668451369, 52.284223432],
            [-2.668235242, 52.284278582],
            [-2.66794264, 52.284215526],
            [-2.66790045, 52.284239133],
            [-2.667852378, 52.284257381],
            [-2.667789452, 52.284268522],
            [-2.667694203, 52.284268162],
            [-2.667552279, 52.284290535],
            [-2.667527145, 52.284467828],
            [-2.667088388, 52.284435255],
            [-2.665911902, 52.284381679],
            [-2.665776267, 52.284525351],
            [-2.665700908, 52.284585994],
            [-2.665544054, 52.284684936],
            [-2.665311083, 52.284794103],
            [-2.665316821, 52.284878557],
            [-2.665304617, 52.284943338],
            [-2.665271814, 52.28500473],
            [-2.665227139, 52.285056212],
            [-2.66514442, 52.285117796],
            [-2.664900086, 52.285243204],
            [-2.66490092, 52.285298924],
            [-2.664884353, 52.28537101],
            [-2.664855818, 52.285418806],
            [-2.664769164, 52.285508274],
            [-2.664816842, 52.285657293],
            [-2.664740447, 52.285745804],
            [-2.664779097, 52.285784234],
            [-2.664898739, 52.285839285],
            [-2.664912101, 52.285851793],
            [-2.664914184, 52.285894024],
            [-2.664654617, 52.285987251],
            [-2.664542994, 52.285967208],
            [-2.664465185, 52.285961354],
            [-2.664386048, 52.285963597],
            [-2.664321602, 52.285970251],
            [-2.664267496, 52.285981341],
            [-2.663997653, 52.286066446],
            [-2.663965275, 52.286059438],
            [-2.663901849, 52.286037325],
            [-2.663836959, 52.286006233],
            [-2.663786586, 52.285975957],
            [-2.663632109, 52.285838323],
            [-2.663513624, 52.285755403],
            [-2.663449595, 52.285692848],
            [-2.66337329, 52.285585332],
            [-2.663300907, 52.285554282],
            [-2.663210652, 52.285499963],
            [-2.663170539, 52.285460642],
            [-2.663137639, 52.285418584],
            [-2.66311344, 52.285368388],
            [-2.66308669, 52.285341575],
            [-2.663016899, 52.285281658],
            [-2.662939818, 52.285227266],
            [-2.662814138, 52.285156069],
            [-2.662511562, 52.285015759],
            [-2.662375488, 52.284936441],
            [-2.662397929, 52.284868907],
            [-2.662274776, 52.284772529],
            [-2.662251735, 52.284702553],
            [-2.661491293, 52.284333642],
            [-2.661420619, 52.284311568],
            [-2.661351449, 52.284293081],
            [-2.661196602, 52.284332596],
            [-2.661086742, 52.284333212],
            [-2.66099704, 52.284315738],
            [-2.660926879, 52.284522941],
            [-2.660904877, 52.284628222],
            [-2.660876552, 52.284690397],
            [-2.660817811, 52.284779795],
            [-2.660643875, 52.285112509],
            [-2.660313047, 52.285046952],
            [-2.660164418, 52.285009045],
            [-2.660049524, 52.284971939],
            [-2.659940472, 52.284929407],
            [-2.659780944, 52.284849408],
            [-2.659435992, 52.284622056],
            [-2.659422805, 52.284621231],
            [-2.65932186, 52.284636175],
            [-2.65916209, 52.284735125],
            [-2.659032537, 52.284801459],
            [-2.658754998, 52.284865024],
            [-2.658492309, 52.284943785],
            [-2.658233583, 52.284996459],
            [-2.657943745, 52.285029532],
            [-2.65788807, 52.28502445],
            [-2.657820697, 52.285029319],
            [-2.657749173, 52.285055872],
            [-2.657710078, 52.285084851],
            [-2.65756587, 52.285149468],
            [-2.657502756, 52.285139933],
            [-2.657321103, 52.285149034],
            [-2.657230109, 52.28514235],
            [-2.657161246, 52.285144531],
            [-2.657042733, 52.285164964],
            [-2.656563642, 52.285183808],
            [-2.656449215, 52.285178152],
            [-2.656336093, 52.285162603],
            [-2.656249386, 52.285143312],
            [-2.656215493, 52.285131816],
            [-2.656182666, 52.28509425],
            [-2.656113178, 52.285054191],
            [-2.656074907, 52.285040832],
            [-2.655973429, 52.285019825],
            [-2.655939662, 52.284820483],
            [-2.655648756, 52.284576641],
            [-2.655618843, 52.284539957],
            [-2.655596223, 52.28449784],
            [-2.65556654, 52.284370288],
            [-2.654371876, 52.284172892],
            [-2.654337349, 52.284118258],
            [-2.654187554, 52.284107314],
            [-2.654080106, 52.284074655],
            [-2.653802275, 52.283921603],
            [-2.653171439, 52.283590658],
            [-2.652984066, 52.28350631],
            [-2.652889792, 52.283473487],
            [-2.652791127, 52.28344617],
            [-2.652513202, 52.283384792],
            [-2.652426313, 52.283361005],
            [-2.652249611, 52.28330356],
            [-2.651700988, 52.283080007],
            [-2.651435422, 52.282962834],
            [-2.650979218, 52.28274416],
            [-2.650602819, 52.282964729],
            [-2.650195086, 52.283051461],
            [-2.649991125, 52.283137969],
            [-2.649667966, 52.283297125],
            [-2.649401116, 52.28338937],
            [-2.649112109, 52.28347904],
            [-2.648873042, 52.283570323],
            [-2.648260113, 52.283858694],
            [-2.647924086, 52.284031308],
            [-2.647220234, 52.28442623],
            [-2.646665523, 52.284788064],
            [-2.646436705, 52.284978061],
            [-2.646296446, 52.285107445],
            [-2.646149113, 52.285257449],
            [-2.64593851, 52.285495072],
            [-2.645807523, 52.285663861],
            [-2.645729681, 52.285854918],
            [-2.64561349, 52.285927456],
            [-2.645375017, 52.286160736],
            [-2.645312984, 52.286333642],
            [-2.645273015, 52.286411245],
            [-2.645095062, 52.286675561],
            [-2.644992174, 52.286856868],
            [-2.644596571, 52.287174592],
            [-2.6444451, 52.287748123],
            [-2.644271108, 52.288086206],
            [-2.644176826, 52.288252995],
            [-2.644203221, 52.28855583],
            [-2.644175914, 52.288598312],
            [-2.644139115, 52.288786358],
            [-2.644114829, 52.288828733],
            [-2.644046886, 52.288894805],
            [-2.643795212, 52.289036388],
            [-2.643567432, 52.289200309],
            [-2.643545131, 52.289279614],
            [-2.643468544, 52.289358225],
            [-2.643375443, 52.289306603],
            [-2.643296077, 52.289293554],
            [-2.643247507, 52.289278539],
            [-2.643209159, 52.289259874],
            [-2.643172092, 52.289229517],
            [-2.643155583, 52.289208036],
            [-2.643139992, 52.289141522],
            [-2.642816374, 52.288864572],
            [-2.642752577, 52.288816385],
            [-2.642718851, 52.288707816],
            [-2.642702303, 52.288683639],
            [-2.642688959, 52.288672027],
            [-2.642570779, 52.288607958],
            [-2.642554361, 52.288592769],
            [-2.642502162, 52.288527352],
            [-2.64240316, 52.288376895],
            [-2.642270973, 52.28825529],
            [-2.642220779, 52.288127936],
            [-2.64199388, 52.288051875],
            [-2.641928868, 52.288019872],
            [-2.641854804, 52.287963652],
            [-2.641621124, 52.287828217],
            [-2.641564876, 52.287783584],
            [-2.641485807, 52.28769054],
            [-2.641087095, 52.287393322],
            [-2.640964438, 52.287320198],
            [-2.640732437, 52.287200122],
            [-2.640704363, 52.287080736],
            [-2.640235371, 52.286888155],
            [-2.640160042, 52.286844523],
            [-2.640125919, 52.286816846],
            [-2.640088424, 52.28676492],
            [-2.640053863, 52.286597844],
            [-2.640007045, 52.286502827],
            [-2.639878949, 52.286362323],
            [-2.639353145, 52.286403909],
            [-2.639232449, 52.286365825],
            [-2.639138323, 52.286342966],
            [-2.638991392, 52.286321292],
            [-2.637867248, 52.286243785],
            [-2.637694357, 52.286249213],
            [-2.637582939, 52.286242625],
            [-2.637434572, 52.286221855],
            [-2.637292432, 52.286230712],
            [-2.637177605, 52.286197178],
            [-2.637066143, 52.286195982],
            [-2.636923802, 52.286182369],
            [-2.636801667, 52.286153368],
            [-2.636674911, 52.286105518],
            [-2.636479378, 52.286066037],
            [-2.636351726, 52.286056839],
            [-2.636309208, 52.286058865],
            [-2.635965302, 52.286099366],
            [-2.635895013, 52.28610343],
            [-2.635695536, 52.286100819],
            [-2.635376872, 52.286063887],
            [-2.635141694, 52.286117372],
            [-2.635045076, 52.286131374],
            [-2.634989564, 52.286146053],
            [-2.634851062, 52.286198028],
            [-2.634393485, 52.286285872],
            [-2.634190441, 52.286338194],
            [-2.633698691, 52.286496414],
            [-2.632986625, 52.286937132],
            [-2.632719892, 52.287050011],
            [-2.632673586, 52.287091693],
            [-2.632662106, 52.287108831],
            [-2.632632494, 52.287185386],
            [-2.632572879, 52.287226151],
            [-2.632527741, 52.287247964],
            [-2.632349838, 52.287309135],
            [-2.632221819, 52.287282857],
            [-2.632168852, 52.287264267],
            [-2.632060959, 52.287208221],
            [-2.631949979, 52.287130621],
            [-2.63185395, 52.287084399],
            [-2.63180685, 52.28707027],
            [-2.631737789, 52.287058866],
            [-2.631690867, 52.287057319],
            [-2.631465603, 52.287094566],
            [-2.630833281, 52.287160861],
            [-2.630379973, 52.287244173],
            [-2.630227229, 52.28722162],
            [-2.630131726, 52.287212243],
            [-2.6299807, 52.287208555],
            [-2.629697893, 52.287219951],
            [-2.629528216, 52.287247819],
            [-2.629456664, 52.287265278],
            [-2.629434768, 52.287272585],
            [-2.629327217, 52.287334275],
            [-2.629124495, 52.287410045],
            [-2.629034443, 52.287469844],
            [-2.628995321, 52.287506903],
            [-2.628947382, 52.287535919],
            [-2.628884767, 52.287561418],
            [-2.628580748, 52.287628649],
            [-2.628452622, 52.28768865],
            [-2.628335463, 52.287703655],
            [-2.628247861, 52.287723085],
            [-2.628166027, 52.287748686],
            [-2.628078728, 52.287789596],
            [-2.627825826, 52.287950026],
            [-2.627505257, 52.288086637],
            [-2.62743832, 52.288122944],
            [-2.627375868, 52.288160126],
            [-2.627201597, 52.288282388],
            [-2.626954279, 52.288307969],
            [-2.626872441, 52.28843612],
            [-2.626520213, 52.288616847],
            [-2.626543659, 52.288719274],
            [-2.626516315, 52.288751775],
            [-2.626456857, 52.28880422],
            [-2.626344864, 52.288868628],
            [-2.626258645, 52.288883466],
            [-2.625932258, 52.288719821],
            [-2.62568595, 52.288405564],
            [-2.625391601, 52.288113133],
            [-2.625149491, 52.287890529],
            [-2.625079862, 52.287838768],
            [-2.624889891, 52.287567353],
            [-2.624788472, 52.287549914],
            [-2.62471339, 52.287531437],
            [-2.624641266, 52.287508451],
            [-2.624586655, 52.287484473],
            [-2.624489127, 52.287425669],
            [-2.624422324, 52.28736841],
            [-2.624290878, 52.287304393],
            [-2.624019117, 52.287259094],
            [-2.623870361, 52.287210447],
            [-2.623790954, 52.28719379],
            [-2.623639619, 52.287176614],
            [-2.623607355, 52.287168695],
            [-2.623436839, 52.28703379],
            [-2.623393336, 52.286965712],
            [-2.623383768, 52.286912735],
            [-2.6233082, 52.286747668],
            [-2.623319835, 52.286534595],
            [-2.623330636, 52.286468837],
            [-2.623322867, 52.286432028],
            [-2.623288364, 52.286376486],
            [-2.623197561, 52.286176537],
            [-2.623206925, 52.286111686],
            [-2.623225605, 52.286081927],
            [-2.623271869, 52.286036744],
            [-2.623377594, 52.285844655],
            [-2.623383037, 52.285810473],
            [-2.623376698, 52.285780846],
            [-2.623343722, 52.285730689],
            [-2.623176122, 52.285587769],
            [-2.62315352, 52.285544746],
            [-2.623151639, 52.285514108],
            [-2.623155763, 52.285497908],
            [-2.623440071, 52.285180845],
            [-2.62337946, 52.285039157],
            [-2.623341123, 52.284917125],
            [-2.623302848, 52.284696137],
            [-2.623282932, 52.284637822],
            [-2.62324858, 52.284592974],
            [-2.623204128, 52.284551865],
            [-2.623152321, 52.284520681],
            [-2.623085966, 52.284494966],
            [-2.622987425, 52.284466726],
            [-2.622844746, 52.28443692],
            [-2.622586644, 52.2844248],
            [-2.621945814, 52.283890526],
            [-2.621587775, 52.283655044],
            [-2.621085301, 52.283367382],
            [-2.620984823, 52.283304008],
            [-2.620944679, 52.283268267],
            [-2.62090443, 52.28321635],
            [-2.620880205, 52.283160753],
            [-2.620875927, 52.283070897],
            [-2.620865353, 52.283049382],
            [-2.620783372, 52.282951756],
            [-2.620670796, 52.282861571],
            [-2.620638251, 52.282841969],
            [-2.62039843, 52.282779416],
            [-2.620327729, 52.282753723],
            [-2.61971281, 52.282496216],
            [-2.619463893, 52.282413846],
            [-2.619375423, 52.282474618],
            [-2.618604547, 52.282282636],
            [-2.618516036, 52.282236363],
            [-2.618451201, 52.282215132],
            [-2.618279272, 52.282184576],
            [-2.618097548, 52.282292482],
            [-2.61800583, 52.282337003],
            [-2.617892115, 52.282381639],
            [-2.617582607, 52.282478619],
            [-2.617527314, 52.282500479],
            [-2.617487987, 52.282523154],
            [-2.617377634, 52.282601027],
            [-2.617264868, 52.282713964],
            [-2.61669599, 52.282811399],
            [-2.616551027, 52.282816651],
            [-2.616299082, 52.283151504],
            [-2.616596376, 52.283236235],
            [-2.616548471, 52.283267942],
            [-2.616518039, 52.283295963],
            [-2.616497918, 52.283326627],
            [-2.616489591, 52.283353634],
            [-2.616489954, 52.283379787],
            [-2.616521999, 52.283476688],
            [-2.616400979, 52.283517765],
            [-2.616306013, 52.283441864],
            [-2.616260621, 52.283445696],
            [-2.616215479, 52.283467503],
            [-2.61620253, 52.283483749],
            [-2.616100449, 52.283835795],
            [-2.616176174, 52.283909998],
            [-2.61609656, 52.283982317],
            [-2.616104244, 52.284004746],
            [-2.616132541, 52.284040639],
            [-2.61617402, 52.284068285],
            [-2.616259457, 52.284101993],
            [-2.616334452, 52.284219342],
            [-2.616403403, 52.284223476],
            [-2.616562117, 52.28414625],
            [-2.616649378, 52.284093665],
            [-2.616666965, 52.284098067],
            [-2.61668621, 52.284108752],
            [-2.616698645, 52.284159918],
            [-2.616692134, 52.284221968],
            [-2.616670724, 52.284264322],
            [-2.616600009, 52.284342077],
            [-2.616551638, 52.28444479],
            [-2.616577209, 52.284493191],
            [-2.616681254, 52.284596007],
            [-2.616681379, 52.284604995],
            [-2.61667138, 52.28462482],
            [-2.616629288, 52.284657486],
            [-2.616432415, 52.284728619],
            [-2.616428167, 52.284744819],
            [-2.616431438, 52.284762778],
            [-2.616633797, 52.284877664],
            [-2.616527697, 52.284940234],
            [-2.616562067, 52.284986881],
            [-2.616583162, 52.285026317],
            [-2.616593922, 52.285061313],
            [-2.616592938, 52.285103561],
            [-2.616580413, 52.285150363],
            [-2.616551876, 52.285201743],
            [-2.616539538, 52.285262026],
            [-2.616613343, 52.285302175],
            [-2.616434727, 52.285426241],
            [-2.61617853, 52.285551611],
            [-2.616018053, 52.285615453],
            [-2.615980481, 52.2856516],
            [-2.61593977, 52.285670687],
            [-2.615856321, 52.285684604],
            [-2.61581406, 52.285696508],
            [-2.615714872, 52.285734775],
            [-2.615610069, 52.285786552],
            [-2.615559126, 52.285817376],
            [-2.615458297, 52.285946517],
            [-2.615369805, 52.286015286],
            [-2.615307284, 52.286047968],
            [-2.615170222, 52.286100812],
            [-2.615037834, 52.286176999],
            [-2.614896425, 52.286238943],
            [-2.614870164, 52.286245371],
            [-2.614809833, 52.286226811],
            [-2.614610824, 52.286362664],
            [-2.61444335, 52.286445325],
            [-2.614341234, 52.286481808],
            [-2.614120753, 52.286542365],
            [-2.613940572, 52.286554087],
            [-2.613838156, 52.286569],
            [-2.613599927, 52.286622368],
            [-2.613236614, 52.286642232],
            [-2.613128384, 52.286656276],
            [-2.612793697, 52.28672722],
            [-2.612609155, 52.286747052],
            [-2.612450846, 52.286749671],
            [-2.612159409, 52.286766462],
            [-2.612080217, 52.286765075],
            [-2.61201125, 52.28676004],
            [-2.611928972, 52.286745187],
            [-2.611739136, 52.286696738],
            [-2.611654007, 52.286685495],
            [-2.611521973, 52.286682584],
            [-2.61102308, 52.286652811],
            [-2.610927541, 52.286631735],
            [-2.610571884, 52.286672222],
            [-2.610378218, 52.28666154],
            [-2.610268293, 52.286666602],
            [-2.610094267, 52.286695364],
            [-2.60948652, 52.286739847],
            [-2.60913478, 52.286748853],
            [-2.609013167, 52.28675667],
            [-2.608808135, 52.286772109],
            [-2.608436411, 52.286813571],
            [-2.608223858, 52.286818262],
            [-2.60796995, 52.286795303],
            [-2.607802645, 52.286785379],
            [-2.607546058, 52.286778611],
            [-2.606909908, 52.286788174],
            [-2.606489372, 52.286804716],
            [-2.60562076, 52.286750755],
            [-2.60451678, 52.28664137],
            [-2.604309623, 52.286607378],
            [-2.604244921, 52.286587037],
            [-2.604186424, 52.286383223],
            [-2.60410639, 52.28631982],
            [-2.604029611, 52.286282464],
            [-2.603985407, 52.286267321],
            [-2.603835532, 52.286241124],
            [-2.603748796, 52.286218199],
            [-2.603666205, 52.286188962],
            [-2.603542396, 52.286132972],
            [-2.603075097, 52.285945627],
            [-2.602923541, 52.285902361],
            [-2.602582919, 52.285759397],
            [-2.602514538, 52.28569054],
            [-2.602455284, 52.285644016],
            [-2.602387294, 52.285603918],
            [-2.602259041, 52.285549746],
            [-2.602001524, 52.285482753],
            [-2.601929586, 52.285472334],
            [-2.601864985, 52.28546817],
            [-2.601799139, 52.285470303],
            [-2.601665988, 52.285491654],
            [-2.601500894, 52.285537434],
            [-2.60141906, 52.285554928],
            [-2.601258171, 52.285580913],
            [-2.60103558, 52.285602719],
            [-2.600875849, 52.285607127],
            [-2.600618611, 52.285658858],
            [-2.600530781, 52.285670989],
            [-2.600411035, 52.285593314],
            [-2.60054358, 52.285536017],
            [-2.600562482, 52.28552154],
            [-2.600586979, 52.285491755],
            [-2.600592414, 52.285455777],
            [-2.600504968, 52.285281768],
            [-2.600499949, 52.285232361],
            [-2.600502472, 52.285204486],
            [-2.600558512, 52.285013569],
            [-2.600547473, 52.284957002],
            [-2.600528109, 52.28492834],
            [-2.600513302, 52.284914933],
            [-2.600389197, 52.28484546],
            [-2.600265433, 52.28480115],
            [-2.599700546, 52.284438128],
            [-2.599605271, 52.284221017],
            [-2.599494598, 52.284170348],
            [-2.599268627, 52.28393233],
            [-2.599338457, 52.283894227],
            [-2.599230201, 52.283807595],
            [-2.599187196, 52.283764582],
            [-2.599116949, 52.283664275],
            [-2.599064178, 52.283560284],
            [-2.598969957, 52.283528406],
            [-2.599158795, 52.283290079],
            [-2.599299029, 52.283149068],
            [-2.599326655, 52.283127357],
            [-2.599431398, 52.283070202],
            [-2.599834366, 52.282516124],
            [-2.600022646, 52.282344398],
            [-2.600214298, 52.282207708],
            [-2.60025478, 52.282171461],
            [-2.600274025, 52.282075194],
            [-2.60029662, 52.282012164],
            [-2.600369774, 52.281889468],
            [-2.600441965, 52.281811805],
            [-2.600214967, 52.28161343],
            [-2.599714492, 52.281569148],
            [-2.599726803, 52.281496284],
            [-2.599521427, 52.281484744],
            [-2.598529146, 52.281599521],
            [-2.598337234, 52.281609482],
            [-2.597933977, 52.281604335],
            [-2.598074012, 52.281332103],
            [-2.597864104, 52.280660699],
            [-2.59765954, 52.280484585],
            [-2.597593918, 52.280404027],
            [-2.597509443, 52.280332462],
            [-2.597903247, 52.280085101],
            [-2.597976238, 52.280057767],
            [-2.598037568, 52.280043975],
            [-2.598140034, 52.280033569],
            [-2.598565296, 52.280040401],
            [-2.599556316, 52.279834854],
            [-2.599311542, 52.279625692],
            [-2.599220842, 52.279522793],
            [-2.599045825, 52.279377988],
            [-2.598955302, 52.279395614],
            [-2.59871069, 52.279198135],
            [-2.598384326, 52.278906697],
            [-2.598403824, 52.278721359],
            [-2.598396086, 52.278586581],
            [-2.598377207, 52.278486013],
            [-2.598329578, 52.278323486],
            [-2.598255993, 52.27818994],
            [-2.598052262, 52.278083928],
            [-2.597496958, 52.278209963],
            [-2.597166902, 52.278298815],
            [-2.597131616, 52.278290005],
            [-2.597069805, 52.278267849],
            [-2.59701516, 52.278239364],
            [-2.5969366, 52.278175948],
            [-2.596650484, 52.277721532],
            [-2.596586548, 52.277649054],
            [-2.596466567, 52.277551693],
            [-2.596272621, 52.277300924],
            [-2.596339365, 52.277033559],
            [-2.596426048, 52.2766133],
            [-2.596450494, 52.276579922],
            [-2.59666573, 52.276562566],
            [-2.597034491, 52.276405212],
            [-2.597288999, 52.276369771],
            [-2.597370975, 52.276363963],
            [-2.597493118, 52.276397499],
            [-2.597700837, 52.276369484],
            [-2.59780605, 52.276348279],
            [-2.598041222, 52.27628597],
            [-2.598304318, 52.276233317],
            [-2.598805207, 52.276097757],
            [-2.598916339, 52.276076521],
            [-2.59899104, 52.276068952],
            [-2.599108312, 52.276072851],
            [-2.599177347, 52.276084184],
            [-2.599239059, 52.27609915],
            [-2.599317145, 52.276127515],
            [-2.599771497, 52.276233061],
            [-2.600014288, 52.276305617],
            [-2.600989664, 52.276468727],
            [-2.601073381, 52.276475491],
            [-2.601156904, 52.276476863],
            [-2.601259422, 52.276470948],
            [-2.601663938, 52.27647428],
            [-2.601690694, 52.276495714],
            [-2.601729318, 52.276536861],
            [-2.601757721, 52.276581746],
            [-2.601775972, 52.276626592],
            [-2.601776252, 52.276647262],
            [-2.601707874, 52.276684461],
            [-2.601716986, 52.276919985],
            [-2.601729024, 52.276943292],
            [-2.601757158, 52.276968315],
            [-2.601798475, 52.276985181],
            [-2.601848358, 52.276992117],
            [-2.601879172, 52.27699196],
            [-2.601996142, 52.276973387],
            [-2.602131473, 52.276900795],
            [-2.602237989, 52.276868794],
            [-2.60236825, 52.276850064],
            [-2.602507066, 52.276820594],
            [-2.602754844, 52.276716868],
            [-2.602807078, 52.276683346],
            [-2.602840353, 52.27665082],
            [-2.602870544, 52.276604828],
            [-2.602888562, 52.276525553],
            [-2.602957462, 52.276420044],
            [-2.603479616, 52.276445238],
            [-2.603615787, 52.276434655],
            [-2.603332032, 52.276158292],
            [-2.603421366, 52.276151544],
            [-2.603548543, 52.276128424],
            [-2.603665181, 52.276085585],
            [-2.603810741, 52.276010241],
            [-2.604092887, 52.27574177],
            [-2.604361399, 52.275546168],
            [-2.604388311, 52.275481318],
            [-2.60456744, 52.275501972],
            [-2.604730255, 52.27551372],
            [-2.604925259, 52.275519911],
            [-2.605209474, 52.275510366],
            [-2.606150537, 52.275514524],
            [-2.606732824, 52.275651833],
            [-2.606729297, 52.275499867],
            [-2.606734766, 52.275475571],
            [-2.606757533, 52.275426021],
            [-2.606909019, 52.275245396],
            [-2.606923247, 52.275216562],
            [-2.606926639, 52.27514644],
            [-2.606865345, 52.274949921],
            [-2.606908199, 52.27465481],
            [-2.60695362, 52.274441476],
            [-2.607241806, 52.274395953],
            [-2.607176163, 52.274208355],
            [-2.607294484, 52.273856233],
            [-2.607408027, 52.273693867],
            [-2.607710725, 52.27332273],
            [-2.60762561, 52.273310585],
            [-2.607743402, 52.273141007],
            [-2.607816472, 52.273014712],
            [-2.607942408, 52.272901715],
            [-2.608039718, 52.272833805],
            [-2.608201121, 52.272743095],
            [-2.608615771, 52.272633014],
            [-2.608805342, 52.272561033],
            [-2.608863561, 52.27253287],
            [-2.60924739, 52.272307902],
            [-2.609313115, 52.272289587],
            [-2.609385891, 52.272256855],
            [-2.60942659, 52.272228782],
            [-2.609462707, 52.272192645],
            [-2.609515996, 52.272122264],
            [-2.609544938, 52.272100454],
            [-2.609652712, 52.272046869],
            [-2.609632166, 52.271940919],
            [-2.609821461, 52.271849164],
            [-2.610009514, 52.271772605],
            [-2.610077828, 52.271731806],
            [-2.610179458, 52.271662075],
            [-2.610422871, 52.271463893],
            [-2.610629313, 52.271230939],
            [-2.610667511, 52.27113538],
            [-2.61067409, 52.271077824],
            [-2.610663961, 52.270982605],
            [-2.610681073, 52.270838622],
            [-2.610637192, 52.270529577],
            [-2.610613341, 52.270288827],
            [-2.610419652, 52.270165707],
            [-2.610158943, 52.269746334],
            [-2.609953455, 52.269291623],
            [-2.610624845, 52.268989666],
            [-2.611218528, 52.268687208],
            [-2.611370243, 52.268631506],
            [-2.612347484, 52.267878473],
            [-2.612434742, 52.267827688],
            [-2.612495567, 52.267778838],
            [-2.612659962, 52.267582859],
            [-2.612745609, 52.267520398],
            [-2.6128337, 52.267433657],
            [-2.613241265, 52.266910965],
            [-2.613613274, 52.26647393],
            [-2.613876793, 52.266142616],
            [-2.614073792, 52.26597253],
            [-2.614190836, 52.265856877],
            [-2.614396875, 52.265702921],
            [-2.61487763, 52.265399235],
            [-2.615097434, 52.265297426],
            [-2.615213805, 52.26522941],
            [-2.615367422, 52.265111678],
            [-2.615492464, 52.265041819],
            [-2.615623426, 52.26497193],
            [-2.615904549, 52.264849037],
            [-2.616265589, 52.264678181],
            [-2.616650373, 52.26452958],
            [-2.616914591, 52.264459891],
            [-2.617134561, 52.26437066],
            [-2.617528234, 52.264227492],
            [-2.618727876, 52.263774333],
            [-2.619038018, 52.263636991],
            [-2.619183775, 52.263580501],
            [-2.619395129, 52.263506501],
            [-2.619904628, 52.263370806],
            [-2.619995967, 52.263302018],
            [-2.620346188, 52.263197627],
            [-2.620552055, 52.263146213],
            [-2.620617736, 52.263126094],
            [-2.621808336, 52.262661357],
            [-2.623008081, 52.262221636],
            [-2.624387397, 52.261847553],
            [-2.625081851, 52.261637066],
            [-2.625363713, 52.261569962],
            [-2.625596122, 52.261525588],
            [-2.626021475, 52.261456823],
            [-2.627428576, 52.261282985],
            [-2.627919663, 52.261198584],
            [-2.628298446, 52.261151629],
            [-2.628281961, 52.261122057],
            [-2.628237229, 52.261068368],
            [-2.628174938, 52.261020165],
            [-2.628061263, 52.260960461],
            [-2.628037575, 52.260942612],
            [-2.627939339, 52.260829888],
            [-2.627873093, 52.260809568],
            [-2.62783765, 52.260789084],
            [-2.627810961, 52.26076406],
            [-2.627798888, 52.260738959],
            [-2.627794127, 52.260718312],
            [-2.627827093, 52.260563455],
            [-2.627786935, 52.260414471],
            [-2.62778808, 52.260392894],
            [-2.627817459, 52.260291984],
            [-2.627878983, 52.260191891],
            [-2.628026478, 52.260046312],
            [-2.628290818, 52.259680807],
            [-2.628520774, 52.259463874],
            [-2.628528593, 52.259401726],
            [-2.628547093, 52.259360283],
            [-2.628575962, 52.259325976],
            [-2.628606274, 52.25929975],
            [-2.62891861, 52.259108352],
            [-2.62937078, 52.25886237],
            [-2.62953304, 52.258855843],
            [-2.629562382, 52.25883798],
            [-2.629602921, 52.258808913],
            [-2.629654789, 52.258743924],
            [-2.62974576, 52.258650863],
            [-2.629854467, 52.258564898],
            [-2.6299239, 52.25850341],
            [-2.630017666, 52.258403055],
            [-2.630225435, 52.258275217],
            [-2.630157004, 52.25820278],
            [-2.630260041, 52.25803227],
            [-2.630325235, 52.257876432],
            [-2.63034169, 52.257801655],
            [-2.63044238, 52.257772356],
            [-2.630461791, 52.257693159],
            [-2.630491878, 52.257642666],
            [-2.630606072, 52.25753501],
            [-2.630625674, 52.257469294],
            [-2.630802994, 52.257477334],
            [-2.630851142, 52.257465393],
            [-2.630881585, 52.257440064],
            [-2.630885786, 52.257421167],
            [-2.63087199, 52.257385289],
            [-2.630880886, 52.25707597],
            [-2.630875371, 52.257002299],
            [-2.630887656, 52.256940217],
            [-2.630903317, 52.256903193],
            [-2.63096094, 52.256835476],
            [-2.630900285, 52.256791759],
            [-2.630884835, 52.25674151],
            [-2.630890346, 52.256712719],
            [-2.63092347, 52.256672097],
            [-2.63111639, 52.256537056],
            [-2.631121563, 52.256492988],
            [-2.631111457, 52.256291714],
            [-2.63129499, 52.256014715],
            [-2.631329051, 52.255938046],
            [-2.631339567, 52.255853504],
            [-2.631329977, 52.25579064],
            [-2.631407313, 52.255461181],
            [-2.631429749, 52.255390955],
            [-2.631429083, 52.255344132],
            [-2.631399958, 52.255258005],
            [-2.631374995, 52.255150284],
            [-2.631338788, 52.255075878],
            [-2.631303029, 52.255032928],
            [-2.631236253, 52.254974774],
            [-2.630977588, 52.254808983],
            [-2.631171734, 52.254454632],
            [-2.631282356, 52.254300257],
            [-2.631355917, 52.254215378],
            [-2.631361293, 52.254185689],
            [-2.631356013, 52.254120106],
            [-2.631341928, 52.254055379],
            [-2.631326785, 52.254026699],
            [-2.631214989, 52.25398775],
            [-2.631129873, 52.253981914],
            [-2.631024576, 52.253992364],
            [-2.630955683, 52.253989137],
            [-2.630889574, 52.253977806],
            [-2.630857173, 52.253967194],
            [-2.630678984, 52.25379468],
            [-2.63065208, 52.253754289],
            [-2.630639854, 52.253718403],
            [-2.630643616, 52.253677038],
            [-2.63065355, 52.253653617],
            [-2.63075718, 52.253627897],
            [-2.630842059, 52.253625646],
            [-2.630890388, 52.253618197],
            [-2.630928253, 52.253605412],
            [-2.630987781, 52.253570041],
            [-2.631055717, 52.253505864],
            [-2.631123625, 52.253439799],
            [-2.631183944, 52.253349598],
            [-2.631241868, 52.25330345],
            [-2.63130446, 52.253279747],
            [-2.631421476, 52.253261145],
            [-2.631453493, 52.253244795],
            [-2.63146201, 52.253232167],
            [-2.631457304, 52.253207026],
            [-2.631426226, 52.253187419],
            [-2.631393877, 52.253180402],
            [-2.631174413, 52.253095202],
            [-2.631146214, 52.253065693],
            [-2.631095123, 52.252980582],
            [-2.631107617, 52.25292479],
            [-2.631505421, 52.252878621],
            [-2.631518457, 52.252869564],
            [-2.631635165, 52.252735829],
            [-2.631721427, 52.252618525],
            [-2.631797204, 52.252485908],
            [-2.632001738, 52.252447063],
            [-2.632053755, 52.252401845],
            [-2.632065112, 52.252376619],
            [-2.632081305, 52.252173316],
            [-2.632092764, 52.252155279],
            [-2.632115976, 52.252139875],
            [-2.632152403, 52.252127996],
            [-2.632196313, 52.252124165],
            [-2.632262433, 52.252136394],
            [-2.632367763, 52.25212864],
            [-2.632473081, 52.252119986],
            [-2.632527026, 52.252099924],
            [-2.63257336, 52.252062825],
            [-2.63267942, 52.251894183],
            [-2.632728332, 52.251834511],
            [-2.632871291, 52.251687242],
            [-2.632927238, 52.251604254],
            [-2.632961985, 52.251576205],
            [-2.633171374, 52.251471631],
            [-2.63344156, 52.251412659],
            [-2.63356969, 52.25136074],
            [-2.633671172, 52.251286495],
            [-2.633825532, 52.251117503],
            [-2.633934277, 52.251036028],
            [-2.634066503, 52.250958022],
            [-2.634153761, 52.250818151],
            [-2.634179773, 52.250787453],
            [-2.634234806, 52.250742217],
            [-2.634016233, 52.250617472],
            [-2.633716576, 52.250252286],
            [-2.633477161, 52.249902056],
            [-2.633316988, 52.249764502],
            [-2.633246871, 52.24967491],
            [-2.633221033, 52.24960764],
            [-2.633186872, 52.249371442],
            [-2.633238607, 52.249298272],
            [-2.633133763, 52.249136154],
            [-2.633091307, 52.249038325],
            [-2.633076532, 52.248925157],
            [-2.633113272, 52.248825194],
            [-2.633055872, 52.248704076],
            [-2.633029629, 52.248506483],
            [-2.632980533, 52.248349369],
            [-2.632957291, 52.248158951],
            [-2.6329367, 52.248052914],
            [-2.632844995, 52.247676724],
            [-2.633672578, 52.247377391],
            [-2.633970274, 52.247293103],
            [-2.63426799, 52.247218702],
            [-2.633889656, 52.246678586],
            [-2.633856305, 52.246592481],
            [-2.633793322, 52.246494762],
            [-2.633701208, 52.24640358],
            [-2.633452411, 52.246207093],
            [-2.633334892, 52.246087286],
            [-2.633298562, 52.246003893],
            [-2.633219635, 52.246016001],
            [-2.63299995, 52.245811268],
            [-2.632832999, 52.245603644],
            [-2.63260244, 52.245355826],
            [-2.632457259, 52.245235178],
            [-2.632331695, 52.24505879],
            [-2.63246661, 52.244967199],
            [-2.632118244, 52.244569914],
            [-2.631890968, 52.244246579],
            [-2.631615767, 52.243949565],
            [-2.631462438, 52.243773324],
            [-2.631447636, 52.243759921],
            [-2.630741076, 52.243920988],
            [-2.630683299, 52.24387456],
            [-2.630583742, 52.243777124],
            [-2.630516627, 52.243693805],
            [-2.630473212, 52.243621235],
            [-2.630433871, 52.243537858],
            [-2.630398539, 52.243422103],
            [-2.630300662, 52.243230196],
            [-2.630155923, 52.24314828],
            [-2.630171462, 52.243000706],
            [-2.63006237, 52.242954552],
            [-2.629964988, 52.24259277],
            [-2.629925169, 52.242467062],
            [-2.6298614, 52.242312811],
            [-2.62979558, 52.242209802],
            [-2.629760783, 52.242131703],
            [-2.629737497, 52.242039252],
            [-2.629730499, 52.241962892],
            [-2.629737732, 52.241748852],
            [-2.629717539, 52.241559315],
            [-2.62919518, 52.240766404],
            [-2.628971243, 52.240360357],
            [-2.62887274, 52.240336615],
            [-2.627925526, 52.240562761],
            [-2.627293661, 52.240726196],
            [-2.62685286, 52.240832798],
            [-2.626645604, 52.240880636],
            [-2.626416323, 52.240925085],
            [-2.624905169, 52.241356517],
            [-2.624449873, 52.241472174],
            [-2.624197326, 52.241528337],
            [-2.623471673, 52.241687753],
            [-2.623039328, 52.241770029],
            [-2.621881912, 52.241950589],
            [-2.621596844, 52.241987144],
            [-2.621532875, 52.242231142],
            [-2.621488593, 52.242311368],
            [-2.621445484, 52.242371814],
            [-2.621361843, 52.242461234],
            [-2.621101247, 52.242676607],
            [-2.621063204, 52.242684897],
            [-2.621026656, 52.242687785],
            [-2.620963136, 52.242333009],
            [-2.62090894, 52.242230832],
            [-2.620849537, 52.242170836],
            [-2.620791823, 52.242127998],
            [-2.620741688, 52.242100399],
            [-2.620712159, 52.242087072],
            [-2.62059887, 52.242050818],
            [-2.620474082, 52.242029903],
            [-2.620382887, 52.242105881],
            [-2.620293379, 52.242198927],
            [-2.620179921, 52.242254439],
            [-2.620009784, 52.242237357],
            [-2.619858572, 52.242209301],
            [-2.619791336, 52.24221963],
            [-2.61965119, 52.242249128],
            [-2.619532937, 52.242281206],
            [-2.61935231, 52.242343272],
            [-2.619101755, 52.242447947],
            [-2.618679645, 52.242529255],
            [-2.618560063, 52.242561429],
            [-2.618285203, 52.242698586],
            [-2.61809062, 52.242825436],
            [-2.617927722, 52.242903675],
            [-2.617748443, 52.242967529],
            [-2.617691542, 52.242983106],
            [-2.617451815, 52.243015818],
            [-2.616754567, 52.24321549],
            [-2.616717034, 52.243260626],
            [-2.616274286, 52.243334842],
            [-2.616134064, 52.243254683],
            [-2.616095543, 52.243219832],
            [-2.616001922, 52.243121364],
            [-2.615751446, 52.242805309],
            [-2.615496342, 52.242678113],
            [-2.6154229, 52.242667711],
            [-2.615387577, 52.242654413],
            [-2.615358095, 52.242635693],
            [-2.615338719, 52.242614223],
            [-2.615323636, 52.242580147],
            [-2.615175798, 52.242376803],
            [-2.615120912, 52.242328555],
            [-2.615082206, 52.242280222],
            [-2.615052118, 52.242226362],
            [-2.614993208, 52.241983097],
            [-2.614962704, 52.241794421],
            [-2.614909961, 52.241787506],
            [-2.614775721, 52.241825055],
            [-2.614406079, 52.241893491],
            [-2.61426014, 52.24193209],
            [-2.614123002, 52.241969654],
            [-2.613981802, 52.242027911],
            [-2.61366683, 52.242129315],
            [-2.613468095, 52.242157312],
            [-2.613285555, 52.242195111],
            [-2.612901968, 52.242312239],
            [-2.612809942, 52.242328895],
            [-2.612596364, 52.242348878],
            [-2.612535053, 52.242359982],
            [-2.612411073, 52.242397476],
            [-2.611965888, 52.242513932],
            [-2.611741125, 52.242563632],
            [-2.611511687, 52.242607154],
            [-2.611406487, 52.242622978],
            [-2.611246131, 52.242570691],
            [-2.611181366, 52.242541366],
            [-2.611144573, 52.242535265],
            [-2.611102192, 52.242535485],
            [-2.61106411, 52.242541075],
            [-2.611020332, 52.242553884],
            [-2.610847892, 52.242580033],
            [-2.610657672, 52.24258641],
            [-2.610740929, 52.242678555],
            [-2.610468824, 52.242701534],
            [-2.610454707, 52.242737558],
            [-2.610468127, 52.242756363],
            [-2.610511003, 52.242792093],
            [-2.610555312, 52.242817928],
            [-2.610723279, 52.242888063],
            [-2.610755803, 52.242908657],
            [-2.610794492, 52.242956093],
            [-2.610793155, 52.242964189],
            [-2.610583914, 52.243089304],
            [-2.610546545, 52.243138032],
            [-2.610544104, 52.2431713],
            [-2.610557734, 52.243205383],
            [-2.610578608, 52.243230531],
            [-2.610600806, 52.243246594],
            [-2.61066859, 52.243275904],
            [-2.610728016, 52.243338511],
            [-2.610517831, 52.243500482],
            [-2.610384177, 52.243467019],
            [-2.610363638, 52.243466227],
            [-2.610334395, 52.243473568],
            [-2.610314065, 52.243488054],
            [-2.610292294, 52.243608694],
            [-2.610253895, 52.243687986],
            [-2.610176056, 52.243674008],
            [-2.610073467, 52.243669146],
            [-2.610020774, 52.243674811],
            [-2.609772602, 52.243726426],
            [-2.609668615, 52.243734153],
            [-2.609620279, 52.243731707],
            [-2.609517493, 52.243712464],
            [-2.609398306, 52.243774197],
            [-2.609338445, 52.24379428],
            [-2.609126723, 52.243835818],
            [-2.608973513, 52.24377639],
            [-2.608935342, 52.243766701],
            [-2.608889866, 52.243761543],
            [-2.608530926, 52.243749014],
            [-2.608301449, 52.243675597],
            [-2.608208843, 52.243658998],
            [-2.608155877, 52.243635902],
            [-2.608127739, 52.243618072],
            [-2.608059439, 52.243551014],
            [-2.607865566, 52.24350249],
            [-2.607817047, 52.24349555],
            [-2.607600563, 52.243515539],
            [-2.607258655, 52.243361809],
            [-2.607155146, 52.24328954],
            [-2.606871529, 52.243318861],
            [-2.606548997, 52.243301645],
            [-2.606493087, 52.243283957],
            [-2.606469442, 52.2432679],
            [-2.606454549, 52.243247304],
            [-2.606452929, 52.24323473],
            [-2.606559102, 52.243183762],
            [-2.606328391, 52.243125628],
            [-2.606010487, 52.243120071],
            [-2.605953313, 52.24311587],
            [-2.605725329, 52.243045138],
            [-2.605647908, 52.243052725],
            [-2.605485605, 52.243078724],
            [-2.605444659, 52.243078036],
            [-2.605399148, 52.24307018],
            [-2.605331405, 52.243043564],
            [-2.605200857, 52.242927391],
            [-2.60518443, 52.242900422],
            [-2.605169636, 52.242887016],
            [-2.605122542, 52.242869282],
            [-2.605091727, 52.242867642],
            [-2.605056651, 52.242872316],
            [-2.60489005, 52.242901932],
            [-2.604849105, 52.242901243],
            [-2.604806553, 52.242897866],
            [-2.604374738, 52.2428093],
            [-2.604332285, 52.242813113],
            [-2.604290001, 52.24282052],
            [-2.60418072, 52.24286512],
            [-2.604075492, 52.242879141],
            [-2.603930004, 52.242951878],
            [-2.603823656, 52.242990172],
            [-2.60368054, 52.243024159],
            [-2.603348771, 52.243073491],
            [-2.603100157, 52.243101726],
            [-2.602941151, 52.243148377],
            [-2.602829092, 52.243201978],
            [-2.602753266, 52.243229329],
            [-2.602643898, 52.243258738],
            [-2.602221946, 52.243577355],
            [-2.602012957, 52.243714139],
            [-2.602004422, 52.243734854],
            [-2.602002278, 52.24379059],
            [-2.601983528, 52.243814953],
            [-2.601948658, 52.243834904],
            [-2.601916552, 52.243844955],
            [-2.601564371, 52.243796418],
            [-2.601404911, 52.243809814],
            [-2.60114648, 52.243755406],
            [-2.601098132, 52.243752058],
            [-2.601007426, 52.24375971],
            [-2.600348752, 52.243897971],
            [-2.600192412, 52.243820482],
            [-2.600074813, 52.243786027],
            [-2.600041051, 52.243780806],
            [-2.599844883, 52.243785399],
            [-2.599790739, 52.243791066],
            [-2.599648982, 52.243818751],
            [-2.599048119, 52.24400884],
            [-2.598868372, 52.244031323],
            [-2.598602701, 52.244102777],
            [-2.598369726, 52.244091375],
            [-2.598303882, 52.244098001],
            [-2.598270289, 52.244105361],
            [-2.598061792, 52.24417203],
            [-2.597985768, 52.244184998],
            [-2.597954977, 52.244185154],
            [-2.597916856, 52.244179056],
            [-2.597881597, 52.244170246],
            [-2.59783291, 52.244141732],
            [-2.597797639, 52.244132024],
            [-2.597760919, 52.244131311],
            [-2.597724416, 52.244137787],
            [-2.597672156, 52.244166813],
            [-2.597463864, 52.244257837],
            [-2.597404068, 52.244274318],
            [-2.597339708, 52.244283631],
            [-2.59713325, 52.244286474],
            [-2.59707023, 52.244278704],
            [-2.596965914, 52.244253167],
            [-2.596890784, 52.244224785],
            [-2.596681367, 52.244223148],
            [-2.596470694, 52.244244885],
            [-2.595845683, 52.244490715],
            [-2.595703776, 52.244498622],
            [-2.595515187, 52.244528335],
            [-2.595150888, 52.24466598],
            [-2.594810835, 52.244756674],
            [-2.594625094, 52.244773789],
            [-2.594505943, 52.244848988],
            [-2.594395044, 52.244881993],
            [-2.594273772, 52.244897883],
            [-2.594177061, 52.244899269],
            [-2.594030865, 52.244920677],
            [-2.593707298, 52.244925901],
            [-2.593418178, 52.245105315],
            [-2.59303722, 52.245198996],
            [-2.592834553, 52.245269221],
            [-2.592748298, 52.245284934],
            [-2.592691206, 52.245287018],
            [-2.592598854, 52.245280292],
            [-2.592465712, 52.245284555],
            [-2.592129385, 52.245329385],
            [-2.591973234, 52.245374209],
            [-2.59192231, 52.245395137],
            [-2.591863061, 52.245452956],
            [-2.591779799, 52.245475844],
            [-2.59168783, 52.245497876],
            [-2.59139226, 52.245520119],
            [-2.59135354, 52.245468993],
            [-2.591307372, 52.245411702],
            [-2.591242292, 52.245367088],
            [-2.591106814, 52.24531384],
            [-2.591077365, 52.245296911],
            [-2.591000154, 52.2452209],
            [-2.590973303, 52.245181398],
            [-2.590886709, 52.24495354],
            [-2.590835907, 52.244874612],
            [-2.590783669, 52.244796679],
            [-2.590659429, 52.244707422],
            [-2.590507596, 52.244631785],
            [-2.59038684, 52.244586551],
            [-2.590158335, 52.244475256],
            [-2.590080943, 52.244494518],
            [-2.590007326, 52.244461631],
            [-2.589864686, 52.244305056],
            [-2.589782361, 52.244289289],
            [-2.589689248, 52.244224952],
            [-2.589594307, 52.244131953],
            [-2.589463251, 52.243965433],
            [-2.589400893, 52.243907234],
            [-2.589313687, 52.243842058],
            [-2.589204445, 52.243781486],
            [-2.589145524, 52.243754817],
            [-2.588941171, 52.243807068],
            [-2.588906093, 52.243811737],
            [-2.58882984, 52.243807623],
            [-2.588796056, 52.243800601],
            [-2.588762177, 52.24378639],
            [-2.58870903, 52.243748906],
            [-2.588630021, 52.24364594],
            [-2.588502512, 52.243637588],
            [-2.588436404, 52.243624346],
            [-2.588374633, 52.243601285],
            [-2.588319953, 52.243566505],
            [-2.588293333, 52.243544168],
            [-2.588189189, 52.243421554],
            [-2.588143312, 52.243385831],
            [-2.588094524, 52.243358212],
            [-2.588032706, 52.243331556],
            [-2.58798342, 52.243257113],
            [-2.587987384, 52.242890298],
            [-2.587979318, 52.24283731],
            [-2.587998051, 52.242811152],
            [-2.587886958, 52.242610287],
            [-2.587842531, 52.242574557],
            [-2.587801206, 52.242545103],
            [-2.587732143, 52.242527471],
            [-2.587555542, 52.242468132],
            [-2.587550791, 52.242327855],
            [-2.587574334, 52.242227074],
            [-2.587576757, 52.24219111],
            [-2.587552002, 52.242090569],
            [-2.587492003, 52.241982025],
            [-2.58734471, 52.241810191],
            [-2.587295189, 52.241717773],
            [-2.587225416, 52.241646217],
            [-2.587171929, 52.241582669],
            [-2.587139003, 52.241530704],
            [-2.587134975, 52.241454327],
            [-2.587125664, 52.241407546],
            [-2.587112075, 52.241375258],
            [-2.58708517, 52.241340339],
            [-2.58699176, 52.241252722],
            [-2.586957433, 52.241204359],
            [-2.586918223, 52.241115484],
            [-2.586665863, 52.240859686],
            [-2.586444941, 52.240762726],
            [-2.586419784, 52.240741281],
            [-2.586395718, 52.240701854],
            [-2.586016449, 52.240363008],
            [-2.58562484, 52.240095226],
            [-2.585467594, 52.240166112],
            [-2.585349611, 52.240110073],
            [-2.585333328, 52.240093077],
            [-2.585294349, 52.240021368],
            [-2.585281597, 52.239942338],
            [-2.585312064, 52.239697627],
            [-2.585301285, 52.239548391],
            [-2.585293589, 52.239523264],
            [-2.585198673, 52.239320609],
            [-2.585100072, 52.239168214],
            [-2.584860785, 52.238904168],
            [-2.584988759, 52.238838821],
            [-2.58575185, 52.238398135],
            [-2.5859912, 52.238226986],
            [-2.586152029, 52.238126242],
            [-2.58640243, 52.237987573],
            [-2.587164846, 52.237086432],
            [-2.587447097, 52.23672713],
            [-2.587617581, 52.236553714],
            [-2.587836285, 52.236255935],
            [-2.587875217, 52.236214397],
            [-2.587960744, 52.236144764],
            [-2.588123456, 52.236050389],
            [-2.590103262, 52.235684674],
            [-2.590316305, 52.235635074],
            [-2.590430071, 52.23560125],
            [-2.590491379, 52.235581169],
            [-2.59227454, 52.2348399],
            [-2.593331131, 52.233839633],
            [-2.594216355, 52.232694256],
            [-2.592009159, 52.23184566],
            [-2.586257772, 52.230933796],
            [-2.586005968, 52.230898826],
            [-2.585774659, 52.230797512],
            [-2.585563004, 52.230731064],
            [-2.585184735, 52.230690698],
            [-2.584696263, 52.230623913],
            [-2.584211563, 52.230504079],
            [-2.584497901, 52.230016236],
            [-2.584656154, 52.229804147],
            [-2.584827773, 52.22948863],
            [-2.584447677, 52.229418611],
            [-2.584118445, 52.229324071],
            [-2.584009772, 52.229193296],
            [-2.583909267, 52.229004149],
            [-2.583634412, 52.228812179],
            [-2.583411296, 52.228883388],
            [-2.583217124, 52.228924884],
            [-2.583012714, 52.228968137],
            [-2.582275054, 52.229100307],
            [-2.58205162, 52.229138259],
            [-2.58124454, 52.229224118],
            [-2.581250171, 52.228869788],
            [-2.579779085, 52.22923762],
            [-2.579653212, 52.229017945],
            [-2.579355297, 52.228731706],
            [-2.578896027, 52.228207091],
            [-2.57839164, 52.227702558],
            [-2.579016069, 52.227534028],
            [-2.579553544, 52.227418232],
            [-2.580127739, 52.227341529],
            [-2.580551788, 52.227303492],
            [-2.580963588, 52.227224169],
            [-2.580960034, 52.227173854],
            [-2.580926902, 52.227104811],
            [-2.580869012, 52.227043978],
            [-2.580833557, 52.227018897],
            [-2.580787867, 52.226995753],
            [-2.580661352, 52.22694874],
            [-2.580530714, 52.226918824],
            [-2.580429521, 52.226906739],
            [-2.58018487, 52.226899853],
            [-2.580083675, 52.226211699],
            [-2.579988599, 52.225992772],
            [-2.580046664, 52.225724558],
            [-2.580272036, 52.224938627],
            [-2.580185358, 52.224576751],
            [-2.579956169, 52.224291973],
            [-2.579823466, 52.224102891],
            [-2.579604803, 52.223949374],
            [-2.579505576, 52.223865285],
            [-2.579321652, 52.223681937],
            [-2.579248402, 52.223562668],
            [-2.579216572, 52.223481933],
            [-2.579202562, 52.22341639],
            [-2.579201786, 52.223013646],
            [-2.579263542, 52.222926969],
            [-2.579193248, 52.22270082],
            [-2.579165816, 52.222049152],
            [-2.579173674, 52.221753322],
            [-2.579419541, 52.221753912],
            [-2.580283465, 52.221770338],
            [-2.58068931, 52.221793508],
            [-2.581026805, 52.221860154],
            [-2.581331364, 52.221863147],
            [-2.581373717, 52.221853052],
            [-2.581459646, 52.221824766],
            [-2.581528064, 52.221795668],
            [-2.581578957, 52.221764858],
            [-2.581629613, 52.221725061],
            [-2.581671519, 52.221680724],
            [-2.581701672, 52.22163294],
            [-2.581728537, 52.221564499],
            [-2.58184562, 52.22145427],
            [-2.582170708, 52.221236866],
            [-2.582611212, 52.220893062],
            [-2.582954136, 52.220692645],
            [-2.583167362, 52.22055138],
            [-2.583291389, 52.220520208],
            [-2.583381872, 52.220388448],
            [-2.58345761, 52.220135513],
            [-2.583430956, 52.219888388],
            [-2.583275777, 52.219329029],
            [-2.582822308, 52.218570714],
            [-2.582804467, 52.218323545],
            [-2.582820085, 52.218060033],
            [-2.582855333, 52.217959194],
            [-2.582978704, 52.2176574],
            [-2.582924037, 52.21762082],
            [-2.583071352, 52.217460916],
            [-2.583348687, 52.217516169],
            [-2.583484619, 52.217169372],
            [-2.583498407, 52.216877107],
            [-2.5835093, 52.216815037],
            [-2.583664378, 52.216704617],
            [-2.583829332, 52.216776603],
            [-2.584521311, 52.216857663],
            [-2.5848569, 52.216891951],
            [-2.585185203, 52.21692268],
            [-2.585928902, 52.216935166],
            [-2.586173295, 52.21693575],
            [-2.586831674, 52.216911805],
            [-2.586845354, 52.216832643],
            [-2.586889925, 52.216551909],
            [-2.586973499, 52.216117287],
            [-2.58713162, 52.215899802],
            [-2.587537036, 52.215565141],
            [-2.587627972, 52.215469416],
            [-2.587706822, 52.2153449],
            [-2.587766202, 52.215190013],
            [-2.587912005, 52.214926749],
            [-2.587951918, 52.214842064],
            [-2.587966281, 52.214595634],
            [-2.587959894, 52.214559714],
            [-2.587928197, 52.214489766],
            [-2.58777926, 52.21429628],
            [-2.588125124, 52.213995169],
            [-2.588121611, 52.213948449],
            [-2.58809028, 52.21379662],
            [-2.588060331, 52.213740145],
            [-2.588249542, 52.213547759],
            [-2.588262671, 52.213545896],
            [-2.588413443, 52.213549638],
            [-2.588521634, 52.213545503],
            [-2.588694192, 52.213526667],
            [-2.589159079, 52.213493787],
            [-2.58924404, 52.213494261],
            [-2.589397697, 52.213497089],
            [-2.589689237, 52.213514507],
            [-2.590450509, 52.213527776],
            [-2.591064837, 52.213607388],
            [-2.591220097, 52.21362189],
            [-2.591587887, 52.213647009],
            [-2.591623013, 52.213647732],
            [-2.591698388, 52.213598819],
            [-2.591837588, 52.213612502],
            [-2.592048274, 52.213602457],
            [-2.592148932, 52.213603569],
            [-2.592469806, 52.213630719],
            [-2.592706762, 52.213617845],
            [-2.592997162, 52.213640114],
            [-2.593246107, 52.213648569],
            [-2.593377899, 52.213649704],
            [-2.593503599, 52.213637387],
            [-2.593679033, 52.213653401],
            [-2.593891371, 52.213658624],
            [-2.594549708, 52.213635535],
            [-2.594642006, 52.213643159],
            [-2.594887218, 52.2136883],
            [-2.595096338, 52.213777754],
            [-2.595344476, 52.213752863],
            [-2.595468957, 52.213757628],
            [-2.595554476, 52.213772745],
            [-2.595673477, 52.213809894],
            [-2.596062816, 52.213993078],
            [-2.596124127, 52.214020631],
            [-2.596288413, 52.214069054],
            [-2.596312947, 52.214125824],
            [-2.59633218, 52.214147297],
            [-2.596365796, 52.214170316],
            [-2.59640306, 52.214186486],
            [-2.596655278, 52.214249744],
            [-2.596886333, 52.214345644],
            [-2.597038207, 52.21443125],
            [-2.59715165, 52.214458718],
            [-2.597186813, 52.214462135],
            [-2.597375428, 52.21458773],
            [-2.597421767, 52.214632615],
            [-2.597554418, 52.214832283],
            [-2.59765471, 52.214859817],
            [-2.597710544, 52.214883802],
            [-2.59775489, 52.214915035],
            [-2.597787568, 52.214949023],
            [-2.597814684, 52.215009195],
            [-2.597820607, 52.215144703],
            [-2.598006307, 52.21502602],
            [-2.597979058, 52.214955962],
            [-2.598097992, 52.214844089],
            [-2.598371779, 52.214742935],
            [-2.5986045, 52.214639202],
            [-2.599181511, 52.214472513],
            [-2.599240267, 52.214462508],
            [-2.599291454, 52.214455057],
            [-2.599394169, 52.214474309],
            [-2.599468827, 52.214480221],
            [-2.599546393, 52.214478029],
            [-2.599600501, 52.214472361],
            [-2.599751816, 52.214435461],
            [-2.599909154, 52.214379835],
            [-2.600029208, 52.214351451],
            [-2.600135794, 52.21433563],
            [-2.600372447, 52.214327056],
            [-2.600536461, 52.214310222],
            [-2.600824277, 52.214265615],
            [-2.600902527, 52.214242567],
            [-2.600982782, 52.214216093],
            [-2.601928578, 52.213782637],
            [-2.601969897, 52.213723735],
            [-2.602040638, 52.213654167],
            [-2.602093247, 52.213618127],
            [-2.602212376, 52.2135573],
            [-2.602456787, 52.213471386],
            [-2.602499686, 52.213395578],
            [-2.602934905, 52.213311385],
            [-2.603226343, 52.213222982],
            [-2.60362371, 52.213079659],
            [-2.603704302, 52.213051654],
            [-2.603970328, 52.212967154],
            [-2.604400389, 52.212823571],
            [-2.604707161, 52.212745152],
            [-2.604963162, 52.212642546],
            [-2.605444755, 52.212641693],
            [-2.605662954, 52.212652257],
            [-2.605771323, 52.2126526],
            [-2.606003428, 52.212638645],
            [-2.606418516, 52.212592471],
            [-2.607240283, 52.212618084],
            [-2.608354249, 52.212744467],
            [-2.609497149, 52.21283303],
            [-2.609749212, 52.212857793],
            [-2.610002576, 52.212871762],
            [-2.610336362, 52.212880821],
            [-2.610517815, 52.212666779],
            [-2.610635293, 52.212574674],
            [-2.610950188, 52.212086707],
            [-2.611753078, 52.21191573],
            [-2.612142098, 52.211501706],
            [-2.612760984, 52.211043794],
            [-2.613343897, 52.210655812],
            [-2.615163696, 52.210071828],
            [-2.615856549, 52.209765859],
            [-2.616438085, 52.209482038],
            [-2.616448512, 52.20947695],
            [-2.616543653, 52.209420099],
            [-2.61708936, 52.20909395],
            [-2.617758235, 52.208748997],
            [-2.618318214, 52.208383041],
            [-2.618463175, 52.207926054],
            [-2.618968065, 52.207591122],
            [-2.619909916, 52.207096154],
            [-2.620574859, 52.20674114],
            [-2.620888793, 52.206065213],
            [-2.620500869, 52.205293303],
            [-2.620318782, 52.204737458],
            [-2.620260884, 52.204253492],
            [-2.620327161, 52.203736697],
            [-2.620574103, 52.203258767],
            [-2.620948035, 52.20284677],
            [-2.621365193, 52.202446407],
            [-2.621044908, 52.201721688],
            [-2.621110511, 52.201702468],
            [-2.621143878, 52.20168153],
            [-2.621163914, 52.201656259],
            [-2.621170959, 52.201633752],
            [-2.621167801, 52.201614894],
            [-2.621099259, 52.201527173],
            [-2.621094595, 52.201512817],
            [-2.621195415, 52.2015015],
            [-2.621263925, 52.201483163],
            [-2.621320571, 52.201453205],
            [-2.621349597, 52.20143238],
            [-2.621413036, 52.20136185],
            [-2.621497926, 52.201160073],
            [-2.6215513, 52.201103167],
            [-2.621628201, 52.201055036],
            [-2.621689302, 52.201033143],
            [-2.621763747, 52.201016572],
            [-2.621806147, 52.201011855],
            [-2.621936561, 52.201029143],
            [-2.622034534, 52.201021436],
            [-2.622101425, 52.200999512],
            [-2.622232176, 52.200928717],
            [-2.622296343, 52.200910402],
            [-2.622385535, 52.200904539],
            [-2.62245138, 52.200911382],
            [-2.622633504, 52.200856493],
            [-2.622671724, 52.200863482],
            [-2.622699457, 52.200862436],
            [-2.622722759, 52.200855123],
            [-2.622737167, 52.200841565],
            [-2.62273674, 52.200811008],
            [-2.622580523, 52.200622097],
            [-2.622572084, 52.200544846],
            [-2.62258025, 52.200498964],
            [-2.622604396, 52.200448504],
            [-2.622812108, 52.200230708],
            [-2.62295725, 52.200145455],
            [-2.622974212, 52.200107526],
            [-2.622989396, 52.20003734],
            [-2.622988906, 52.20000229],
            [-2.622925713, 52.199883084],
            [-2.622919571, 52.19985795],
            [-2.622923436, 52.199823775],
            [-2.622968717, 52.199714692],
            [-2.62297741, 52.199706557],
            [-2.623254635, 52.19965476],
            [-2.623286314, 52.199616843],
            [-2.623352946, 52.199567956],
            [-2.623400933, 52.199548828],
            [-2.623497229, 52.19952495],
            [-2.623606086, 52.199467661],
            [-2.623676035, 52.199440327],
            [-2.62384059, 52.199389125],
            [-2.623868266, 52.199375496],
            [-2.62387237, 52.199358398],
            [-2.623852127, 52.199274018],
            [-2.623832698, 52.199239068],
            [-2.623707826, 52.199100325],
            [-2.623670043, 52.199012443],
            [-2.62357952, 52.198923042],
            [-2.623536292, 52.198868444],
            [-2.623409245, 52.198780944],
            [-2.623309867, 52.198687994],
            [-2.622503256, 52.19876236],
            [-2.621887858, 52.199010168],
            [-2.62085501, 52.199125262],
            [-2.620775536, 52.199092425],
            [-2.62061623, 52.199104948],
            [-2.620553245, 52.199095392],
            [-2.620482715, 52.199072395],
            [-2.620330717, 52.198986011],
            [-2.620191692, 52.198982248],
            [-2.620171098, 52.198976065],
            [-2.620153469, 52.198966271],
            [-2.620141556, 52.198951054],
            [-2.62013987, 52.198933986],
            [-2.620158471, 52.19890962],
            [-2.620280964, 52.198878417],
            [-2.620389324, 52.198880544],
            [-2.620317629, 52.198773874],
            [-2.620272423, 52.198784898],
            [-2.6201414, 52.198835919],
            [-2.620101843, 52.198828038],
            [-2.619984051, 52.198781021],
            [-2.619909166, 52.198757147],
            [-2.619838749, 52.198742238],
            [-2.619781593, 52.198735348],
            [-2.619693765, 52.19873491],
            [-2.619619147, 52.198738897],
            [-2.619588645, 52.198748944],
            [-2.619565456, 52.198764346],
            [-2.619542359, 52.198795026],
            [-2.619506147, 52.198819484],
            [-2.619443826, 52.19885756],
            [-2.619400155, 52.198874867],
            [-2.619331574, 52.1988879],
            [-2.619210116, 52.198889436],
            [-2.619186664, 52.198885964],
            [-2.619154256, 52.198871664],
            [-2.619133512, 52.198854696],
            [-2.619125774, 52.198818784],
            [-2.6191371, 52.198791761],
            [-2.6190955, 52.198749736],
            [-2.619071911, 52.198736378],
            [-2.619023448, 52.198721353],
            [-2.618972132, 52.198718027],
            [-2.618944438, 52.198721768],
            [-2.61882647, 52.198757439],
            [-2.618798656, 52.198761181],
            [-2.618762043, 52.198756879],
            [-2.618725369, 52.198748083],
            [-2.618692924, 52.198731176],
            [-2.618574207, 52.198712924],
            [-2.618559428, 52.198708508],
            [-2.618544195, 52.198558399],
            [-2.618515714, 52.198505519],
            [-2.618491976, 52.198481376],
            [-2.618463862, 52.198463548],
            [-2.61841968, 52.198444006],
            [-2.618355112, 52.198424571],
            [-2.618318342, 52.198417574],
            [-2.618207183, 52.198413662],
            [-2.618178882, 52.198382353],
            [-2.618157902, 52.198348308],
            [-2.618228414, 52.198257161],
            [-2.618220818, 52.198240034],
            [-2.61819265, 52.198209622],
            [-2.618155606, 52.198182852],
            [-2.61808207, 52.19815178],
            [-2.617970605, 52.198134388],
            [-2.617920982, 52.198140041],
            [-2.617871148, 52.198130415],
            [-2.617851927, 52.198118832],
            [-2.61782955, 52.19808839],
            [-2.617836035, 52.19802544],
            [-2.617806075, 52.19797886],
            [-2.617668713, 52.197990365],
            [-2.617638915, 52.197955468],
            [-2.617598585, 52.197891775],
            [-2.61755705, 52.197854243],
            [-2.617526212, 52.197840023],
            [-2.61748797, 52.197831236],
            [-2.617332869, 52.197824857],
            [-2.61729026, 52.197814295],
            [-2.617250471, 52.197798325],
            [-2.617220944, 52.197774212],
            [-2.617153352, 52.197649633],
            [-2.617108983, 52.19761652],
            [-2.617098456, 52.197596801],
            [-2.617086083, 52.197548331],
            [-2.617082454, 52.197495321],
            [-2.617093233, 52.197428754],
            [-2.617090627, 52.19734518],
            [-2.617191851, 52.197259175],
            [-2.617108128, 52.197232649],
            [-2.61690935, 52.197251665],
            [-2.616830243, 52.197244888],
            [-2.616660814, 52.197266446],
            [-2.616596211, 52.197244314],
            [-2.616506652, 52.197223211],
            [-2.616443612, 52.197218148],
            [-2.616170091, 52.197223172],
            [-2.61611582, 52.197215366],
            [-2.61606877, 52.197197636],
            [-2.616053988, 52.197184232],
            [-2.616167413, 52.197134205],
            [-2.616190428, 52.197106223],
            [-2.61622886, 52.197024231],
            [-2.616212211, 52.196989176],
            [-2.616089223, 52.196984425],
            [-2.616007346, 52.19698665],
            [-2.615972009, 52.196969758],
            [-2.615874579, 52.196902857],
            [-2.615814262, 52.196885196],
            [-2.615771899, 52.19688362],
            [-2.615736872, 52.196889195],
            [-2.615477805, 52.196988516],
            [-2.615396002, 52.196996133],
            [-2.615300695, 52.196986744],
            [-2.615253695, 52.196972608],
            [-2.615205148, 52.19695129],
            [-2.615185892, 52.19693701],
            [-2.615175366, 52.196917291],
            [-2.615168657, 52.196850816],
            [-2.615162573, 52.196838264],
            [-2.615140372, 52.196820404],
            [-2.615102178, 52.196806223],
            [-2.615058209, 52.196801958],
            [-2.614838638, 52.196791418],
            [-2.614769723, 52.196780093],
            [-2.614680054, 52.1967509],
            [-2.614576965, 52.196702004],
            [-2.614521122, 52.196685128],
            [-2.614418504, 52.196670383],
            [-2.614006931, 52.196531415],
            [-2.613981315, 52.196475823],
            [-2.613958966, 52.196447178],
            [-2.613927972, 52.196430262],
            [-2.613904498, 52.196424992],
            [-2.613744754, 52.19651031],
            [-2.613712586, 52.196513174],
            [-2.613658474, 52.196508062],
            [-2.613615817, 52.196493904],
            [-2.613590747, 52.196477856],
            [-2.613513322, 52.196382896],
            [-2.613473433, 52.196350747],
            [-2.613427672, 52.196321325],
            [-2.613273062, 52.196253821],
            [-2.613212359, 52.19619931],
            [-2.613222739, 52.195866791],
            [-2.613536487, 52.195271057],
            [-2.6135622, 52.19477335],
            [-2.613324349, 52.194310449],
            [-2.613025923, 52.193801755],
            [-2.613037386, 52.193337557],
            [-2.612749694, 52.192889385],
            [-2.612265697, 52.192533099],
            [-2.611439094, 52.192488673],
            [-2.610651949, 52.19217251],
            [-2.610540653, 52.191532515],
            [-2.610896806, 52.191020604],
            [-2.611333475, 52.190610828],
            [-2.612055974, 52.190112384],
            [-2.612646585, 52.189707196],
            [-2.61337423, 52.189251769],
            [-2.613958572, 52.188542095],
            [-2.614362361, 52.188148118],
            [-2.614919264, 52.187803224],
            [-2.615755856, 52.187310992],
            [-2.616578937, 52.187116237],
            [-2.616982531, 52.187660146],
            [-2.617290428, 52.188155838],
            [-2.617540929, 52.188625766],
            [-2.617978362, 52.189033685],
            [-2.618447839, 52.189446917],
            [-2.619369868, 52.189756838],
            [-2.620437904, 52.190044591],
            [-2.621409043, 52.1903368],
            [-2.622214277, 52.190468273],
            [-2.623283127, 52.1906565],
            [-2.62468029, 52.190981933],
            [-2.625641832, 52.19069039],
            [-2.626632001, 52.190514182],
            [-2.627060252, 52.190082461],
            [-2.627681076, 52.18980251],
            [-2.628314455, 52.189464066],
            [-2.628437664, 52.188947141],
            [-2.6288592, 52.188435097],
            [-2.629056388, 52.189186517],
            [-2.629566304, 52.189526508],
            [-2.630297949, 52.189707213],
            [-2.631032401, 52.18980467],
            [-2.631809144, 52.190094418],
            [-2.632481002, 52.190310393],
            [-2.632851997, 52.190700368],
            [-2.633256958, 52.191086565],
            [-2.63341219, 52.191544746],
            [-2.634407053, 52.192020795],
            [-2.63537976, 52.191872201],
            [-2.636049589, 52.191503679],
            [-2.636510137, 52.191092692],
            [-2.636981523, 52.190520759],
            [-2.637053598, 52.190441276],
            [-2.637092748, 52.190319727],
            [-2.637131122, 52.190236741],
            [-2.637182548, 52.190155571],
            [-2.637276032, 52.190038222],
            [-2.637332304, 52.189983901],
            [-2.637437841, 52.189899742],
            [-2.637434748, 52.189784713],
            [-2.637569783, 52.189511558],
            [-2.637718066, 52.18944784],
            [-2.637740046, 52.189348764],
            [-2.637763989, 52.189285719],
            [-2.637839142, 52.189118136],
            [-2.637930534, 52.189065512],
            [-2.638067269, 52.189012552],
            [-2.638236451, 52.188976584],
            [-2.638438051, 52.188955719],
            [-2.638455439, 52.188940345],
            [-2.638476791, 52.188906974],
            [-2.638489555, 52.188871852],
            [-2.638493227, 52.188825095],
            [-2.638767706, 52.188688699],
            [-2.638961458, 52.188633722],
            [-2.639065104, 52.188611589],
            [-2.639095698, 52.188608727],
            [-2.639144169, 52.188624643],
            [-2.639192568, 52.188627077],
            [-2.639261283, 52.188624907],
            [-2.639299181, 52.18861841],
            [-2.639389149, 52.188567589],
            [-2.639470958, 52.188561753],
            [-2.639519081, 52.188553403],
            [-2.639607859, 52.188520565],
            [-2.639813829, 52.188392627],
            [-2.640008198, 52.188380787],
            [-2.64027729, 52.188382023],
            [-2.64037929, 52.188354506],
            [-2.64042572, 52.188329087],
            [-2.64050519, 52.188261246],
            [-2.64057207, 52.188232121],
            [-2.640617259, 52.18822109],
            [-2.640665541, 52.188215435],
            [-2.640861589, 52.188219763],
            [-2.641029616, 52.188204469],
            [-2.641362304, 52.188149631],
            [-2.641636138, 52.188069857],
            [-2.641686912, 52.188036325],
            [-2.641734336, 52.187979443],
            [-2.641745529, 52.187944329],
            [-2.641743147, 52.187778963],
            [-2.641754651, 52.187765418],
            [-2.641779388, 52.187758003],
            [-2.641810192, 52.187761431],
            [-2.642013867, 52.187893434],
            [-2.642069566, 52.187900322],
            [-2.642098819, 52.187896567],
            [-2.642171525, 52.187870106],
            [-2.642198678, 52.187720668],
            [-2.642179827, 52.187634486],
            [-2.642198609, 52.187615509],
            [-2.642314529, 52.187641842],
            [-2.642430021, 52.187638516],
            [-2.64260385, 52.187615998],
            [-2.642920177, 52.187547763],
            [-2.642975655, 52.187539372],
            [-2.643071401, 52.187580195],
            [-2.643182755, 52.187599361],
            [-2.643354267, 52.187516635],
            [-2.643451658, 52.187479253],
            [-2.64357546, 52.187441727],
            [-2.643784995, 52.187361399],
            [-2.644367181, 52.187163181],
            [-2.644474967, 52.187127539],
            [-2.644562313, 52.187104502],
            [-2.644638226, 52.187091504],
            [-2.64482226, 52.187074319],
            [-2.645590413, 52.186984731],
            [-2.646014541, 52.186982409],
            [-2.646218227, 52.18700646],
            [-2.646694715, 52.186880713],
            [-2.646994559, 52.18668304],
            [-2.647276184, 52.186327279],
            [-2.647348735, 52.186091306],
            [-2.647428657, 52.185956048],
            [-2.6475628, 52.185618172],
            [-2.647577623, 52.185534502],
            [-2.647575274, 52.185472408],
            [-2.647559429, 52.185386211],
            [-2.647582065, 52.185333956],
            [-2.647599783, 52.185250271],
            [-2.647637248, 52.185205934],
            [-2.647660459, 52.185193223],
            [-2.647744972, 52.185174783],
            [-2.647760961, 52.185163011],
            [-2.647776607, 52.185135961],
            [-2.647771613, 52.185091049],
            [-2.647795013, 52.184892196],
            [-2.64792335, 52.184769255],
            [-2.647951712, 52.184704385],
            [-2.647946561, 52.184648688],
            [-2.647906172, 52.184591387],
            [-2.647887705, 52.184523989],
            [-2.647985209, 52.184296057],
            [-2.648048425, 52.184214728],
            [-2.648058361, 52.184193102],
            [-2.648073249, 52.184113926],
            [-2.648048378, 52.184012499],
            [-2.648055028, 52.183963927],
            [-2.648166399, 52.183876941],
            [-2.648199415, 52.183833617],
            [-2.648188917, 52.183816597],
            [-2.64815917, 52.183786202],
            [-2.648126741, 52.183762112],
            [-2.648066246, 52.183731886],
            [-2.647968745, 52.183661416],
            [-2.647891087, 52.183553897],
            [-2.647876144, 52.183529712],
            [-2.647931154, 52.183390096],
            [-2.647846249, 52.183281718],
            [-2.648010948, 52.183146892],
            [-2.648025773, 52.183055133],
            [-2.648136807, 52.182746146],
            [-2.648182781, 52.182690078],
            [-2.648287134, 52.182626588],
            [-2.648281403, 52.18243158],
            [-2.648417505, 52.182337267],
            [-2.648443465, 52.182314655],
            [-2.648476558, 52.182276723],
            [-2.648495086, 52.182240669],
            [-2.64850588, 52.182178593],
            [-2.648504415, 52.182077935],
            [-2.648514284, 52.182051726],
            [-2.648527153, 52.182032781],
            [-2.648801346, 52.181782305],
            [-2.648900312, 52.181746618],
            [-2.649080428, 52.181760097],
            [-2.64932312, 52.181657107],
            [-2.649377974, 52.181606473],
            [-2.649504111, 52.181532077],
            [-2.649557784, 52.181400467],
            [-2.649808021, 52.181409874],
            [-2.650086442, 52.181441685],
            [-2.650134686, 52.181442318],
            [-2.65022953, 52.18143002],
            [-2.650295065, 52.181408987],
            [-2.650519444, 52.181249561],
            [-2.65058623, 52.18111608],
            [-2.650622306, 52.181084423],
            [-2.65075169, 52.181026186],
            [-2.650924883, 52.180970404],
            [-2.65097418, 52.180944067],
            [-2.651082855, 52.180871563],
            [-2.651157205, 52.180752421],
            [-2.65123629, 52.180660307],
            [-2.651263195, 52.180603534],
            [-2.651281288, 52.180537822],
            [-2.651281945, 52.1804838],
            [-2.651258766, 52.180399441],
            [-2.651110132, 52.180138622],
            [-2.651093452, 52.180094673],
            [-2.651094256, 52.180050627],
            [-2.651082655, 52.179958115],
            [-2.650967936, 52.17981485],
            [-2.650884242, 52.179690379],
            [-2.650834674, 52.179598975],
            [-2.650833017, 52.179584604],
            [-2.651019423, 52.179129502],
            [-2.651027424, 52.178983852],
            [-2.651020362, 52.178896618],
            [-2.651033032, 52.178864191],
            [-2.651098749, 52.178756871],
            [-2.651146533, 52.17862718],
            [-2.651251768, 52.178616712],
            [-2.651331005, 52.178634251],
            [-2.651409611, 52.17860865],
            [-2.651643919, 52.178230579],
            [-2.651978098, 52.178085823],
            [-2.652014355, 52.178066748],
            [-2.652054691, 52.178021585],
            [-2.651983309, 52.1779392],
            [-2.651969785, 52.17791321],
            [-2.65194033, 52.177803719],
            [-2.651932254, 52.177647283],
            [-2.651900576, 52.177583643],
            [-2.651931256, 52.177480112],
            [-2.651971024, 52.177404393],
            [-2.651763355, 52.17720412],
            [-2.651695739, 52.177173035],
            [-2.651634068, 52.177061925],
            [-2.651580527, 52.17699562],
            [-2.651465013, 52.176896491],
            [-2.651359034, 52.176855732],
            [-2.651217368, 52.176765735],
            [-2.651117165, 52.176715866],
            [-2.650942256, 52.176653017],
            [-2.650749313, 52.176560607],
            [-2.650722689, 52.176537385],
            [-2.650502797, 52.176300326],
            [-2.6502208, 52.176120324],
            [-2.650123665, 52.176074032],
            [-2.650094714, 52.175998692],
            [-2.649993241, 52.175952514],
            [-2.650008989, 52.175635061],
            [-2.650001191, 52.175596456],
            [-2.649983078, 52.175561502],
            [-2.649893879, 52.175463935],
            [-2.649880266, 52.175431653],
            [-2.64987218, 52.175373276],
            [-2.649874654, 52.175344501],
            [-2.650059224, 52.175169116],
            [-2.650126393, 52.175161556],
            [-2.650168633, 52.175147751],
            [-2.650200534, 52.175127801],
            [-2.650217714, 52.175107034],
            [-2.650221664, 52.175071959],
            [-2.650128899, 52.175027531],
            [-2.650139978, 52.174985226],
            [-2.650180048, 52.174930178],
            [-2.650216159, 52.174901218],
            [-2.650268425, 52.174872168],
            [-2.650339605, 52.174842115],
            [-2.650377517, 52.174829233],
            [-2.650443252, 52.174822579],
            [-2.650501435, 52.174802484],
            [-2.650537493, 52.174769929],
            [-2.650616599, 52.174580744],
            [-2.650859685, 52.17449932],
            [-2.65088285, 52.174483912],
            [-2.650901306, 52.174451454],
            [-2.650900492, 52.174395733],
            [-2.650913292, 52.174372293],
            [-2.650959374, 52.174324403],
            [-2.650989775, 52.174300866],
            [-2.651068321, 52.174271671],
            [-2.65123832, 52.174098073],
            [-2.651303567, 52.174058165],
            [-2.651354515, 52.17403811],
            [-2.651456515, 52.174013279],
            [-2.651510092, 52.173983323],
            [-2.651534653, 52.173956223],
            [-2.651557267, 52.173903069],
            [-2.65153793, 52.173784444],
            [-2.651475174, 52.173689518],
            [-2.651647707, 52.173491638],
            [-2.65181102, 52.173355915],
            [-2.652178468, 52.172990679],
            [-2.652424725, 52.172929007],
            [-2.652567697, 52.17290305],
            [-2.652853745, 52.172866413],
            [-2.6529235, 52.172838164],
            [-2.652650298, 52.172343989],
            [-2.65231575, 52.171867229],
            [-2.652160296, 52.171410599],
            [-2.652263691, 52.170781137],
            [-2.651939236, 52.170309173],
            [-2.65129286, 52.170007782],
            [-2.650736851, 52.169495839],
            [-2.650173417, 52.169201354],
            [-2.648932568, 52.169178348],
            [-2.647942637, 52.169191342],
            [-2.647072747, 52.169152347],
            [-2.646164859, 52.16922815],
            [-2.645353016, 52.169476351],
            [-2.644774422, 52.169848383],
            [-2.644219731, 52.170406783],
            [-2.643472537, 52.170550716],
            [-2.64261815, 52.170376064],
            [-2.641528615, 52.170238638],
            [-2.640761526, 52.170265369],
            [-2.639741722, 52.170332383],
            [-2.638967794, 52.170546629],
            [-2.638055536, 52.170513729],
            [-2.636956343, 52.170644604],
            [-2.636179163, 52.170784339],
            [-2.635490439, 52.170524434],
            [-2.634743293, 52.170258908],
            [-2.633710632, 52.16978675],
            [-2.632869784, 52.169373054],
            [-2.632467478, 52.168998346],
            [-2.632436694, 52.168969839],
            [-2.631706599, 52.168475188],
            [-2.631359474, 52.167858493],
            [-2.631271041, 52.167240593],
            [-2.630849796, 52.166589959],
            [-2.629930893, 52.1655173],
            [-2.629799777, 52.16501638],
            [-2.629795208, 52.165000136],
            [-2.62966287, 52.164497874],
            [-2.629035513, 52.164246233],
            [-2.627628828, 52.164069025],
            [-2.62688828, 52.163944526],
            [-2.626134761, 52.163797351],
            [-2.625475516, 52.163581902],
            [-2.625547303, 52.162761635],
            [-2.625428046, 52.162285724],
            [-2.625029755, 52.161818572],
            [-2.624743899, 52.161349116],
            [-2.623927234, 52.160802924],
            [-2.623493925, 52.160199784],
            [-2.62503191, 52.159985637],
            [-2.625860893, 52.159880844],
            [-2.626676621, 52.159810809],
            [-2.626516471, 52.159212609],
            [-2.626300514, 52.158639692],
            [-2.625566584, 52.158696707],
            [-2.624720691, 52.158797454],
            [-2.624191094, 52.159150431],
            [-2.622565453, 52.159360627],
            [-2.622316518, 52.158580074],
            [-2.62246396, 52.158107785],
            [-2.623047842, 52.157766842],
            [-2.623487601, 52.15722982],
            [-2.623893749, 52.156685965],
            [-2.624086994, 52.156138201],
            [-2.624300945, 52.155606326],
            [-2.624666794, 52.155112564],
            [-2.624985054, 52.154250545],
            [-2.625447481, 52.153658299],
            [-2.625880182, 52.153147102],
            [-2.626213404, 52.152623848],
            [-2.626523273, 52.152000051],
            [-2.62550335, 52.151806831],
            [-2.62439207, 52.151672418],
            [-2.623958821, 52.151205447],
            [-2.624229342, 52.151006189],
            [-2.624310958, 52.150888014],
            [-2.624350744, 52.150803316],
            [-2.624379689, 52.15068443],
            [-2.624365189, 52.150371634],
            [-2.624351431, 52.150223764],
            [-2.623936382, 52.149695758],
            [-2.623508586, 52.149660361],
            [-2.623442984, 52.149648305],
            [-2.62327537, 52.149596881],
            [-2.62305274, 52.149540624],
            [-2.623041933, 52.14952612],
            [-2.623038678, 52.149474187],
            [-2.623068713, 52.149424594],
            [-2.623107286, 52.149390955],
            [-2.62316086, 52.149327036],
            [-2.623269541, 52.149257254],
            [-2.623364455, 52.149124898],
            [-2.623347259, 52.149067106],
            [-2.623321501, 52.14900882],
            [-2.623170847, 52.148817003],
            [-2.623082324, 52.148621712],
            [-2.62281171, 52.148183448],
            [-2.622464543, 52.14757805],
            [-2.621989498, 52.146468199],
            [-2.621343992, 52.146163853],
            [-2.62090247, 52.145728282],
            [-2.620686132, 52.145516405],
            [-2.621178383, 52.145182064],
            [-2.621858908, 52.145017501],
            [-2.623289674, 52.144789559],
            [-2.624550342, 52.144289445],
            [-2.624535579, 52.144026623],
            [-2.624198602, 52.143752835],
            [-2.62339929, 52.143269463],
            [-2.622203401, 52.142814785],
            [-2.621983713, 52.142361958],
            [-2.621550014, 52.141966795],
            [-2.621167882, 52.141493252],
            [-2.620875567, 52.141066782],
            [-2.620870717, 52.141029956],
            [-2.620918958, 52.140825674],
            [-2.620905041, 52.140561409],
            [-2.621136714, 52.14009353],
            [-2.621221368, 52.139978037],
            [-2.621276123, 52.139402334],
            [-2.621278133, 52.139330419],
            [-2.621268539, 52.139272947],
            [-2.621253387, 52.139231681],
            [-2.621221929, 52.139178728],
            [-2.621144715, 52.13909285],
            [-2.620494264, 52.138546027],
            [-2.619583733, 52.138007849],
            [-2.619128938, 52.137598406],
            [-2.62024659, 52.13691735],
            [-2.621096393, 52.136771763],
            [-2.622493186, 52.136683324],
            [-2.623490985, 52.136560308],
            [-2.624360546, 52.136467712],
            [-2.625364746, 52.13637233],
            [-2.6268956, 52.13625832],
            [-2.627700507, 52.136186357],
            [-2.628775387, 52.136132273],
            [-2.628794894, 52.136131719],
            [-2.629689806, 52.136104023],
            [-2.631335074, 52.135921305],
            [-2.632250862, 52.135777442],
            [-2.632936572, 52.135609191],
            [-2.633780837, 52.135383549],
            [-2.634773357, 52.135215436],
            [-2.635530222, 52.135113388],
            [-2.636554665, 52.135030564],
            [-2.637379504, 52.134981975],
            [-2.638241084, 52.13495035],
            [-2.639861762, 52.134982011],
            [-2.641199743, 52.135057521],
            [-2.642750029, 52.135169518],
            [-2.643632579, 52.1352722],
            [-2.644522521, 52.135294212],
            [-2.645348302, 52.135211049],
            [-2.645935025, 52.135165592],
            [-2.646086631, 52.135144988],
            [-2.646215132, 52.135134396],
            [-2.646359287, 52.135131629],
            [-2.646502597, 52.135137135],
            [-2.646740211, 52.135166211],
            [-2.647282921, 52.135275763],
            [-2.647829139, 52.135386102],
            [-2.648896234, 52.135644751],
            [-2.649108517, 52.135679535],
            [-2.649210927, 52.135688858],
            [-2.649313246, 52.13569189],
            [-2.649430195, 52.135690347],
            [-2.649608139, 52.135674985],
            [-2.650804252, 52.135643222],
            [-2.652386247, 52.135613805],
            [-2.652200204, 52.134481081],
            [-2.652266579, 52.133829799],
            [-2.653210735, 52.133450578],
            [-2.654712471, 52.132939635],
            [-2.654456214, 52.132435389],
            [-2.652843429, 52.132847357],
            [-2.652211522, 52.131982428],
            [-2.651362537, 52.131320567],
            [-2.65088856, 52.130932654],
            [-2.651622537, 52.13066462],
            [-2.652636323, 52.130133659],
            [-2.653105367, 52.12975572],
            [-2.652989281, 52.129279816],
            [-2.652426391, 52.128452884],
            [-2.65389417, 52.127936926],
            [-2.655259049, 52.129488687],
            [-2.656323998, 52.129353963],
            [-2.65692025, 52.129700188],
            [-2.657318726, 52.130250553],
            [-2.657580125, 52.130734541],
            [-2.659152474, 52.130300444],
            [-2.660075368, 52.131343558],
            [-2.660926854, 52.132409626],
            [-2.661540924, 52.133229668],
            [-2.662102518, 52.133766877],
            [-2.662682248, 52.134234684],
            [-2.663044278, 52.134627045],
            [-2.663696325, 52.135249933],
            [-2.665374901, 52.134791607],
            [-2.667478505, 52.134998845],
            [-2.667583942, 52.135017123],
            [-2.667923729, 52.135038657],
            [-2.668284276, 52.135175479],
            [-2.668383326, 52.1352257],
            [-2.668430452, 52.135251498],
            [-2.668468826, 52.135280043],
            [-2.668504457, 52.135318489],
            [-2.668558414, 52.135406266],
            [-2.668696375, 52.135842483],
            [-2.669063216, 52.13652727],
            [-2.670289247, 52.136056342],
            [-2.671077218, 52.135888276],
            [-2.671947759, 52.135956121],
            [-2.671970175, 52.136588932],
            [-2.67358798, 52.136711914],
            [-2.674263838, 52.136953425],
            [-2.674499659, 52.138448498],
            [-2.672430146, 52.138621926],
            [-2.671782499, 52.138959165],
            [-2.671418508, 52.139477063],
            [-2.670908514, 52.139972512],
            [-2.671115316, 52.140954269],
            [-2.671729378, 52.142233727],
            [-2.670590804, 52.142313012],
            [-2.670988163, 52.143162908],
            [-2.673316982, 52.143344043],
            [-2.673402455, 52.144169737],
            [-2.673502518, 52.144500914],
            [-2.673718724, 52.144887244],
            [-2.671866695, 52.145432691],
            [-2.671971234, 52.145685648],
            [-2.672148677, 52.146354786],
            [-2.673792238, 52.14634855],
            [-2.674544982, 52.147449866],
            [-2.675767526, 52.147154439],
            [-2.676706385, 52.146746209],
            [-2.676836092, 52.147210596],
            [-2.677605128, 52.147236379],
            [-2.67791205, 52.147269309],
            [-2.678557979, 52.147329318],
            [-2.679530816, 52.147381329],
            [-2.67996676, 52.147404251],
            [-2.680339792, 52.147426277],
            [-2.680694678, 52.147467282],
            [-2.681090653, 52.147508228],
            [-2.681807572, 52.147608255],
            [-2.682619557, 52.147739187],
            [-2.683603422, 52.147928168],
            [-2.684544239, 52.147918215],
            [-2.685055248, 52.147893136],
            [-2.685324241, 52.147880158],
            [-2.68645104, 52.147787678],
            [-2.687554986, 52.147565172],
            [-2.688203796, 52.147381176],
            [-2.688344877, 52.147528206],
            [-2.688517854, 52.147993137],
            [-2.688545792, 52.1481091],
            [-2.688577868, 52.148173087],
            [-2.688433884, 52.148244125],
            [-2.688324874, 52.148317115],
            [-2.688180876, 52.14844208],
            [-2.687921941, 52.148709009],
            [-2.687792958, 52.148956034],
            [-2.687581657, 52.149249108],
            [-2.687544966, 52.149300015],
            [-2.687913959, 52.149433942],
            [-2.687950687, 52.149471387],
            [-2.687995895, 52.14950393],
            [-2.68810045, 52.149563809],
            [-2.688192901, 52.149588886],
            [-2.688453879, 52.149750945],
            [-2.688521421, 52.149770414],
            [-2.688601853, 52.149781898],
            [-2.688722908, 52.149809863],
            [-2.688876808, 52.149896867],
            [-2.689042675, 52.150009597],
            [-2.689183716, 52.150051915],
            [-2.689380768, 52.150131745],
            [-2.689828444, 52.150350233],
            [-2.690592166, 52.150690454],
            [-2.691478332, 52.149980777],
            [-2.690745072, 52.149700873],
            [-2.689924666, 52.149379949],
            [-2.690204649, 52.148776021],
            [-2.690201597, 52.148298234],
            [-2.69143527, 52.148243998],
            [-2.692483363, 52.148065007],
            [-2.692525876, 52.148428414],
            [-2.692549186, 52.148517259],
            [-2.692974566, 52.149247645],
            [-2.69368524, 52.148740944],
            [-2.694189842, 52.148388968],
            [-2.693211227, 52.147952064],
            [-2.694148162, 52.147282155],
            [-2.695039678, 52.147125094],
            [-2.696016744, 52.146775178],
            [-2.697040097, 52.146951859],
            [-2.697940082, 52.147460562],
            [-2.698533045, 52.147806776],
            [-2.697979707, 52.148144948],
            [-2.696876557, 52.148662894],
            [-2.69718243, 52.149197852],
            [-2.697948058, 52.149395644],
            [-2.698017727, 52.149435318],
            [-2.69837699, 52.149607649],
            [-2.698684186, 52.149763749],
            [-2.69959181, 52.150278326],
            [-2.699597827, 52.150285481],
            [-2.698961416, 52.15071457],
            [-2.699963788, 52.151068236],
            [-2.700147277, 52.151119277],
            [-2.700280798, 52.151149942],
            [-2.700540044, 52.151190646],
            [-2.700801965, 52.151209762],
            [-2.701028455, 52.151205719],
            [-2.701114561, 52.151194422],
            [-2.701190353, 52.151178691],
            [-2.701313743, 52.151132118],
            [-2.701395382, 52.150836735],
            [-2.701185823, 52.150798434],
            [-2.701019877, 52.150751784],
            [-2.700854051, 52.150705133],
            [-2.700809667, 52.150672051],
            [-2.701516545, 52.150173414],
            [-2.701698068, 52.150099531],
            [-2.702058245, 52.150405228],
            [-2.702130086, 52.150467806],
            [-2.702189639, 52.150545827],
            [-2.702248413, 52.150620348],
            [-2.702260469, 52.150643645],
            [-2.701895262, 52.150929932],
            [-2.701789946, 52.151022327],
            [-2.701764456, 52.151071913],
            [-2.701771208, 52.151125801],
            [-2.702262312, 52.15112827],
            [-2.702548348, 52.151102298],
            [-2.702987484, 52.151049348],
            [-2.703226002, 52.15110509],
            [-2.704520234, 52.151394419],
            [-2.705401728, 52.151499971],
            [-2.706147004, 52.151884154],
            [-2.707008132, 52.151981187],
            [-2.707837987, 52.152134938],
            [-2.708599071, 52.152351562],
            [-2.709565331, 52.152412802],
            [-2.710182499, 52.152740476],
            [-2.711147397, 52.152745806],
            [-2.712190714, 52.152816986],
            [-2.712938337, 52.151721587],
            [-2.713741267, 52.151404125],
            [-2.714054941, 52.150853954],
            [-2.714565873, 52.150273735],
            [-2.715192063, 52.15058497],
            [-2.716070751, 52.150665203],
            [-2.716486188, 52.150030729],
            [-2.716888054, 52.149167319],
            [-2.718181832, 52.149411381],
            [-2.718749009, 52.149783716],
            [-2.718581207, 52.150251309],
            [-2.717923656, 52.150538529],
            [-2.717763455, 52.151022343],
            [-2.718093238, 52.151813262],
            [-2.717445055, 52.152220053],
            [-2.716873469, 52.152579546],
            [-2.716151167, 52.152927369],
            [-2.715601091, 52.15353219],
            [-2.716014847, 52.154450325],
            [-2.717476154, 52.15521037],
            [-2.717892246, 52.15534913],
            [-2.718059373, 52.155339663],
            [-2.718780796, 52.155294822],
            [-2.719570097, 52.15538618],
            [-2.720548444, 52.155504241],
            [-2.721197388, 52.155858987],
            [-2.721639725, 52.156278],
            [-2.722467853, 52.156421232],
            [-2.723136879, 52.156659898],
            [-2.72371636, 52.157217737],
            [-2.723769543, 52.158207625],
            [-2.724697467, 52.158244349],
            [-2.72487337, 52.158188441],
            [-2.725336834, 52.158102002],
            [-2.725725316, 52.157992564],
            [-2.725868065, 52.157958429],
            [-2.726613411, 52.157855869],
            [-2.726792891, 52.157842179],
            [-2.727038423, 52.157836172],
            [-2.727287927, 52.157807669],
            [-2.727397843, 52.157822271],
            [-2.72751157, 52.157804492],
            [-2.727600779, 52.157805739],
            [-2.727720744, 52.157815784],
            [-2.727821892, 52.157832237],
            [-2.727934935, 52.1578612],
            [-2.72814967, 52.157939868],
            [-2.728590703, 52.158008149],
            [-2.728597004, 52.158032378],
            [-2.728701208, 52.158058788],
            [-2.728822565, 52.158058038],
            [-2.728898665, 52.158068354],
            [-2.72899999, 52.15809559],
            [-2.729124534, 52.158112796],
            [-2.729498699, 52.158108684],
            [-2.729837986, 52.158116472],
            [-2.73008235, 52.158134733],
            [-2.730322523, 52.158162007],
            [-2.73188178, 52.158397804],
            [-2.732203074, 52.158469421],
            [-2.732477524, 52.158506725],
            [-2.732463956, 52.158575927],
            [-2.733110218, 52.158700351],
            [-2.734057783, 52.158830804],
            [-2.734023082, 52.158919373],
            [-2.733944248, 52.159277768],
            [-2.733896399, 52.15938772],
            [-2.733786187, 52.159531316],
            [-2.733718632, 52.159601035],
            [-2.733648018, 52.159667986],
            [-2.733510896, 52.1597731],
            [-2.733432597, 52.159812505],
            [-2.733240802, 52.159927936],
            [-2.733263995, 52.160312301],
            [-2.733265815, 52.160606289],
            [-2.733170585, 52.160855042],
            [-2.73315878, 52.160906796],
            [-2.733132041, 52.160995944],
            [-2.733122762, 52.161062064],
            [-2.733174725, 52.161194854],
            [-2.733186302, 52.161547114],
            [-2.733190657, 52.161548076],
            [-2.733549102, 52.161561126],
            [-2.733687959, 52.161561161],
            [-2.734024969, 52.16151682],
            [-2.734170615, 52.161482657],
            [-2.7344413, 52.16140718],
            [-2.734934072, 52.161240527],
            [-2.735558264, 52.160974094],
            [-2.735623698, 52.160951216],
            [-2.735703849, 52.160936335],
            [-2.736024717, 52.160892987],
            [-2.736194156, 52.16088384],
            [-2.736485443, 52.160990777],
            [-2.73663171, 52.160994357],
            [-2.736843497, 52.160987641],
            [-2.737056807, 52.160978219],
            [-2.737396612, 52.160928458],
            [-2.737931564, 52.160835231],
            [-2.738235309, 52.160813466],
            [-2.738613627, 52.160796716],
            [-2.739833738, 52.160583241],
            [-2.741140292, 52.160386197],
            [-2.741891412, 52.160282605],
            [-2.742398792, 52.160199418],
            [-2.742561139, 52.160119211],
            [-2.743001115, 52.160201017],
            [-2.743124845, 52.16017597],
            [-2.743316956, 52.160124336],
            [-2.743432159, 52.16010114],
            [-2.743548732, 52.160080631],
            [-2.743764793, 52.16006309],
            [-2.744028005, 52.16006862],
            [-2.744520605, 52.160154582],
            [-2.744744213, 52.160148676],
            [-2.745304085, 52.160062359],
            [-2.745477843, 52.160052272],
            [-2.745614619, 52.160014557],
            [-2.745742446, 52.159960719],
            [-2.745918498, 52.159828379],
            [-2.74627837, 52.159581537],
            [-2.746442592, 52.159433902],
            [-2.746696867, 52.159517769],
            [-2.746838891, 52.159880077],
            [-2.747101271, 52.160095028],
            [-2.747165146, 52.160245712],
            [-2.747285031, 52.16032944],
            [-2.747508927, 52.160606741],
            [-2.747753855, 52.16082998],
            [-2.747852938, 52.160808679],
            [-2.748141662, 52.161027055],
            [-2.748354385, 52.161155223],
            [-2.748513432, 52.161316897],
            [-2.74869306, 52.161476733],
            [-2.748782837, 52.161597502],
            [-2.748860952, 52.161641048],
            [-2.749356338, 52.161797978],
            [-2.749685763, 52.161919919],
            [-2.749787079, 52.161945341],
            [-2.750157767, 52.16199062],
            [-2.750301192, 52.162004178],
            [-2.750580506, 52.162005996],
            [-2.750750234, 52.162013903],
            [-2.750925793, 52.16202447],
            [-2.751322544, 52.162056996],
            [-2.751621326, 52.162091045],
            [-2.751817858, 52.162123048],
            [-2.75240677, 52.162285571],
            [-2.752876924, 52.162424671],
            [-2.753611975, 52.162753523],
            [-2.753725183, 52.162790549],
            [-2.753945331, 52.16284307],
            [-2.754144503, 52.162859773],
            [-2.755353346, 52.162764851],
            [-2.756080831, 52.162646041],
            [-2.756668508, 52.162556795],
            [-2.757059694, 52.162516534],
            [-2.757238042, 52.162520782],
            [-2.757403144, 52.162511632],
            [-2.757571078, 52.162498869],
            [-2.75791098, 52.16246253],
            [-2.758559967, 52.162363983],
            [-2.758988733, 52.162308194],
            [-2.759299202, 52.162249481],
            [-2.759843817, 52.162123735],
            [-2.76001409, 52.162078596],
            [-2.760317977, 52.161980465],
            [-2.760416106, 52.162164987],
            [-2.760468034, 52.162205997],
            [-2.760519734, 52.162240717],
            [-2.760627795, 52.162230133],
            [-2.760795618, 52.162302842],
            [-2.760957322, 52.16227124],
            [-2.761100828, 52.16219742],
            [-2.761295759, 52.162142233],
            [-2.761704075, 52.162082073],
            [-2.761953964, 52.162075965],
            [-2.762105726, 52.16205521],
            [-2.762254445, 52.162032678],
            [-2.762383783, 52.161990496],
            [-2.762601599, 52.161990886],
            [-2.762816277, 52.161976914],
            [-2.762983145, 52.16198662],
            [-2.763146462, 52.161964891],
            [-2.763690907, 52.16183005],
            [-2.763776077, 52.161763886],
            [-2.763977062, 52.161717643],
            [-2.764064987, 52.161643371],
            [-2.76441286, 52.161643813],
            [-2.764705047, 52.161630234],
            [-2.764872543, 52.161592297],
            [-2.7650703, 52.161617978],
            [-2.765298251, 52.161612005],
            [-2.76564054, 52.161624164],
            [-2.76580093, 52.161600653],
            [-2.76592419, 52.161625917],
            [-2.766014946, 52.161632518],
            [-2.766235313, 52.16161311],
            [-2.766488166, 52.161604277],
            [-2.766567734, 52.161556033],
            [-2.767030756, 52.161362475],
            [-2.767247286, 52.161288263],
            [-2.767910582, 52.161266868],
            [-2.768225631, 52.161055304],
            [-2.768387093, 52.16101021],
            [-2.76895494, 52.16078711],
            [-2.769379149, 52.160804117],
            [-2.769728885, 52.16065443],
            [-2.770129325, 52.16056544],
            [-2.770471188, 52.16055332],
            [-2.77062686, 52.16050125],
            [-2.770906043, 52.160419252],
            [-2.771014662, 52.160371534],
            [-2.771463395, 52.160273506],
            [-2.771927798, 52.160161711],
            [-2.772243361, 52.160322419],
            [-2.772560012, 52.160622434],
            [-2.773564805, 52.161326084],
            [-2.774008359, 52.161693393],
            [-2.774464366, 52.162027721],
            [-2.775242487, 52.162641167],
            [-2.776041239, 52.163254473],
            [-2.776871416, 52.163829816],
            [-2.776350516, 52.163889871],
            [-2.775994566, 52.163938952],
            [-2.775687863, 52.163957148],
            [-2.775414255, 52.163944567],
            [-2.775074506, 52.163906354],
            [-2.774887108, 52.163895002],
            [-2.774701323, 52.163886336],
            [-2.77441054, 52.163898133],
            [-2.773950002, 52.163977555],
            [-2.773333832, 52.164112014],
            [-2.772633031, 52.164246036],
            [-2.771681738, 52.164359223],
            [-2.771066268, 52.164444232],
            [-2.76987991, 52.164662304],
            [-2.767428533, 52.164942621],
            [-2.766759392, 52.165054921],
            [-2.766277247, 52.165155126],
            [-2.765423841, 52.1653549],
            [-2.764095994, 52.165676386],
            [-2.764345492, 52.165899471],
            [-2.764793442, 52.166363227],
            [-2.765106701, 52.166634522],
            [-2.765341685, 52.166783996],
            [-2.765361378, 52.166821618],
            [-2.766178089, 52.167592614],
            [-2.766716083, 52.168060721],
            [-2.767138816, 52.168499465],
            [-2.766932126, 52.168552042],
            [-2.766572042, 52.168699989],
            [-2.766424138, 52.168771058],
            [-2.765997963, 52.168987832],
            [-2.765592739, 52.169231434],
            [-2.76551937, 52.169297523],
            [-2.766216774, 52.169549243],
            [-2.766169615, 52.169702346],
            [-2.765987448, 52.169821363],
            [-2.765911389, 52.169906345],
            [-2.765821666, 52.169960856],
            [-2.765735853, 52.170067562],
            [-2.765530971, 52.170141696],
            [-2.765300028, 52.170235772],
            [-2.764897405, 52.170463175],
            [-2.764774401, 52.170538574],
            [-2.764623845, 52.170708615],
            [-2.764573398, 52.170754781],
            [-2.764501056, 52.170796595],
            [-2.76442276, 52.170835752],
            [-2.764341417, 52.170865939],
            [-2.764073788, 52.170951263],
            [-2.763917182, 52.171028765],
            [-2.763788943, 52.171136554],
            [-2.763643996, 52.171212093],
            [-2.763554452, 52.171277387],
            [-2.763245769, 52.171521254],
            [-2.763271572, 52.171577712],
            [-2.763422691, 52.171609091],
            [-2.763640926, 52.171715624],
            [-2.763694822, 52.171786281],
            [-2.763865501, 52.171938871],
            [-2.763918907, 52.171980859],
            [-2.764184733, 52.17213463],
            [-2.764288501, 52.172301225],
            [-2.763760289, 52.172708301],
            [-2.763595044, 52.172795656],
            [-2.763464383, 52.172846835],
            [-2.763330677, 52.172896236],
            [-2.763099345, 52.172961638],
            [-2.762895924, 52.172953068],
            [-2.762707983, 52.172912039],
            [-2.761854055, 52.173083838],
            [-2.761718581, 52.173029886],
            [-2.761683688, 52.172956409],
            [-2.761385356, 52.173122817],
            [-2.761268524, 52.173221541],
            [-2.761001003, 52.173568588],
            [-2.760818585, 52.173759413],
            [-2.760425687, 52.174037071],
            [-2.760201154, 52.174254322]
          ]
        ]
      },
      "properties": {
        "source_name": "Earl Mortimer College",
        "urn": "116941",
        "db_school_name": "Earl Mortimer College"
      }
    },
    {
      "type": "Feature",
      "geometry": {
        "type": "MultiPolygon",
        "coordinates": [
          [
            [
              [-3.125971272, 52.078323509],
              [-3.125934493, 52.078640523],
              [-3.125825376, 52.079066358],
              [-3.125607751, 52.079512106],
              [-3.125508428, 52.079686621],
              [-3.125301403, 52.079975239],
              [-3.125264428, 52.080021613],
              [-3.12516763, 52.080119612],
              [-3.124731654, 52.08053832],
              [-3.124624637, 52.080631922],
              [-3.124339225, 52.08083248],
              [-3.123845672, 52.081287598],
              [-3.123621896, 52.081499252],
              [-3.123040698, 52.082120679],
              [-3.122909449, 52.082299001],
              [-3.122825214, 52.082432922],
              [-3.12271809, 52.082642474],
              [-3.122620743, 52.083121765],
              [-3.122477825, 52.083381903],
              [-3.122323921, 52.083626236],
              [-3.121857812, 52.084414733],
              [-3.12153141, 52.08484398],
              [-3.121231129, 52.085398636],
              [-3.120576204, 52.086399523],
              [-3.120286592, 52.086770891],
              [-3.119249618, 52.087909149],
              [-3.1192495, 52.08790924],
              [-3.119249384, 52.087909421],
              [-3.119082806, 52.088124747],
              [-3.118989138, 52.088286529],
              [-3.118954362, 52.088358766],
              [-3.118899633, 52.088504089],
              [-3.118867525, 52.088625288],
              [-3.118852574, 52.088720347],
              [-3.118847821, 52.088823759],
              [-3.118851828, 52.088926189],
              [-3.118875881, 52.089069865],
              [-3.118915434, 52.089251055],
              [-3.118938024, 52.08933623],
              [-3.119077788, 52.08973237],
              [-3.119245098, 52.090118271],
              [-3.119384949, 52.090397471],
              [-3.119587098, 52.09077585],
              [-3.119509513, 52.090945659],
              [-3.119576881, 52.091242625],
              [-3.119582788, 52.091305488],
              [-3.119567081, 52.091495292],
              [-3.119569086, 52.09157536],
              [-3.119579197, 52.091628295],
              [-3.119605288, 52.09168018],
              [-3.119671632, 52.091763142],
              [-3.119824954, 52.091883118],
              [-3.120044624, 52.092028441],
              [-3.120266303, 52.092196304],
              [-3.12037683, 52.092294126],
              [-3.120469858, 52.092394811],
              [-3.120587672, 52.092552875],
              [-3.12068566, 52.092736205],
              [-3.120778445, 52.093004795],
              [-3.120799363, 52.093075874],
              [-3.120978021, 52.093682869],
              [-3.121080275, 52.094093745],
              [-3.121255247, 52.095134105],
              [-3.121284045, 52.09527459],
              [-3.121532415, 52.096486379],
              [-3.121751419, 52.097995153],
              [-3.121838036, 52.098290676],
              [-3.121978146, 52.09915879],
              [-3.122166052, 52.100247562],
              [-3.122264286, 52.100674654],
              [-3.122396098, 52.101389054],
              [-3.122527029, 52.101852507],
              [-3.122591528, 52.102081635],
              [-3.122599, 52.102431842],
              [-3.122606341, 52.102489297],
              [-3.122627834, 52.102592549],
              [-3.122715265, 52.102819212],
              [-3.12275754, 52.102987791],
              [-3.122709011, 52.103150134],
              [-3.122672071, 52.103189136],
              [-3.122516306, 52.103323648],
              [-3.122148614, 52.103585475],
              [-3.122021205, 52.103670011],
              [-3.12182272, 52.103786142],
              [-3.121558804, 52.103918985],
              [-3.121394211, 52.103989762],
              [-3.121148294, 52.104081985],
              [-3.120331691, 52.104248395],
              [-3.119759887, 52.104364476],
              [-3.119400194, 52.104360252],
              [-3.118731106, 52.104110436],
              [-3.118575271, 52.10406958],
              [-3.1184567, 52.104055425],
              [-3.118301789, 52.104051502],
              [-3.118128252, 52.104058541],
              [-3.117909821, 52.104080387],
              [-3.117398786, 52.104022315],
              [-3.117195891, 52.104025137],
              [-3.117034186, 52.104038354],
              [-3.11676381, 52.104086757],
              [-3.116503171, 52.104115293],
              [-3.116011123, 52.104234195],
              [-3.114534265, 52.1043794],
              [-3.114045583, 52.104435613],
              [-3.113008665, 52.104554528],
              [-3.112617519, 52.104568378],
              [-3.111037673, 52.104683051],
              [-3.110521375, 52.10470859],
              [-3.109592153, 52.104685523],
              [-3.109334852, 52.104669429],
              [-3.109216617, 52.104668744],
              [-3.109010909, 52.104679668],
              [-3.108516167, 52.104686119],
              [-3.108246258, 52.104695579],
              [-3.108097562, 52.104704437],
              [-3.107965022, 52.104719165],
              [-3.107540174, 52.104777089],
              [-3.10690235, 52.104844201],
              [-3.106701653, 52.104877635],
              [-3.106613167, 52.104901835],
              [-3.106344021, 52.105000538],
              [-3.106265721, 52.105022845],
              [-3.106013211, 52.105083639],
              [-3.105900331, 52.105124247],
              [-3.105773236, 52.105183953],
              [-3.105642215, 52.105255292],
              [-3.105531534, 52.105326439],
              [-3.105459743, 52.105378346],
              [-3.10514872, 52.105682463],
              [-3.104996922, 52.105848463],
              [-3.10488063, 52.105989772],
              [-3.104797327, 52.106102009],
              [-3.104732611, 52.106201577],
              [-3.104682323, 52.106295528],
              [-3.104660151, 52.106343374],
              [-3.104583357, 52.106660574],
              [-3.104610841, 52.10682759],
              [-3.1046358, 52.107087299],
              [-3.104663397, 52.107244247],
              [-3.104702068, 52.107391384],
              [-3.104736804, 52.107496222],
              [-3.104787749, 52.107608998],
              [-3.104947712, 52.107836253],
              [-3.105351558, 52.108373566],
              [-3.105588484, 52.108689442],
              [-3.105716376, 52.108846437],
              [-3.105842682, 52.109051176],
              [-3.105931692, 52.109222917],
              [-3.106138351, 52.109667879],
              [-3.106262813, 52.109924408],
              [-3.10648272, 52.110378952],
              [-3.107412683, 52.112190722],
              [-3.107510434, 52.112413434],
              [-3.10756346, 52.112551356],
              [-3.107673527, 52.112867701],
              [-3.107762485, 52.113158178],
              [-3.107834212, 52.113457805],
              [-3.107848541, 52.113564632],
              [-3.107854132, 52.113731852],
              [-3.107900745, 52.11408205],
              [-3.107833303, 52.114363211],
              [-3.107790248, 52.114511024],
              [-3.107747504, 52.114613084],
              [-3.107619346, 52.114805741],
              [-3.107534293, 52.114910895],
              [-3.107431781, 52.115016123],
              [-3.107323192, 52.115114217],
              [-3.107202769, 52.115206131],
              [-3.106786456, 52.11549596],
              [-3.106447611, 52.115729332],
              [-3.105933169, 52.116068617],
              [-3.105349006, 52.116481178],
              [-3.104979562, 52.116719508],
              [-3.104499077, 52.116962202],
              [-3.103875016, 52.117354727],
              [-3.103794603, 52.11740941],
              [-3.103396103, 52.117715239],
              [-3.102614425, 52.118235967],
              [-3.101844629, 52.118765568],
              [-3.101384951, 52.119135779],
              [-3.101101628, 52.119317923],
              [-3.100411608, 52.119821871],
              [-3.10021689, 52.119929841],
              [-3.10007277, 52.119999498],
              [-3.099647632, 52.120174243],
              [-3.099542772, 52.120204882],
              [-3.09888422, 52.120373802],
              [-3.098660473, 52.120418133],
              [-3.098246928, 52.120481849],
              [-3.09736046, 52.12062394],
              [-3.096837448, 52.120707546],
              [-3.096442508, 52.120744477],
              [-3.094641225, 52.120968847],
              [-3.092813194, 52.121173754],
              [-3.092211727, 52.121245842],
              [-3.090931309, 52.121447442],
              [-3.089888341, 52.12156405],
              [-3.089424032, 52.121571848],
              [-3.0892527, 52.121553747],
              [-3.08900723, 52.121493096],
              [-3.087821316, 52.121135434],
              [-3.085417604, 52.120508094],
              [-3.084969541, 52.120391056],
              [-3.084177406, 52.120189006],
              [-3.083445655, 52.12008311],
              [-3.082504106, 52.11990678],
              [-3.082181871, 52.119853112],
              [-3.082018895, 52.119836541],
              [-3.081735162, 52.119821169],
              [-3.081399544, 52.119831439],
              [-3.080832965, 52.119882116],
              [-3.080494855, 52.119928809],
              [-3.080275132, 52.119965877],
              [-3.07994515, 52.120030021],
              [-3.077106716, 52.120549629],
              [-3.076696233, 52.120611803],
              [-3.076486533, 52.12063529],
              [-3.076234386, 52.120656468],
              [-3.075983434, 52.120672242],
              [-3.075573193, 52.120679581],
              [-3.07516252, 52.120668946],
              [-3.074957711, 52.120655533],
              [-3.074754239, 52.120637614],
              [-3.074547726, 52.120613431],
              [-3.07431324, 52.120577817],
              [-3.074053527, 52.120529759],
              [-3.073799522, 52.120473649],
              [-3.073549657, 52.120409411],
              [-3.073302532, 52.120338856],
              [-3.073061156, 52.120261956],
              [-3.072824125, 52.120180432],
              [-3.07270327, 52.120137489],
              [-3.072383227, 52.120009172],
              [-3.071996273, 52.119827442],
              [-3.071806943, 52.119731191],
              [-3.071437042, 52.119532226],
              [-3.071143958, 52.119367707],
              [-3.070857946, 52.119196741],
              [-3.070347636, 52.11886692],
              [-3.069916115, 52.11853818],
              [-3.069850761, 52.118489337],
              [-3.069563659, 52.118332759],
              [-3.069281714, 52.118210379],
              [-3.06814159, 52.117863789],
              [-3.068021509, 52.117817509],
              [-3.06766104, 52.117679298],
              [-3.067318711, 52.117534091],
              [-3.066976473, 52.117387623],
              [-3.066556055, 52.11714398],
              [-3.065958343, 52.116797583],
              [-3.065425672, 52.116380757],
              [-3.064582814, 52.11579685],
              [-3.063766792, 52.11534788],
              [-3.062473954, 52.114833004],
              [-3.062296531, 52.114729349],
              [-3.062189402, 52.114644836],
              [-3.062113046, 52.114568224],
              [-3.062061909, 52.114503969],
              [-3.062020821, 52.114436927],
              [-3.06200455, 52.114375503],
              [-3.061983715, 52.114349985],
              [-3.061961156, 52.114262102],
              [-3.061955135, 52.114191149],
              [-3.061959325, 52.114119204],
              [-3.061973646, 52.114047978],
              [-3.062006606, 52.113960494],
              [-3.062076817, 52.113839418],
              [-3.062257854, 52.11341156],
              [-3.062642355, 52.112749969],
              [-3.062657297, 52.112704893],
              [-3.062667917, 52.112599634],
              [-3.06263882, 52.11255073],
              [-3.062646739, 52.112509043],
              [-3.062637473, 52.112483959],
              [-3.062493908, 52.112284723],
              [-3.062495272, 52.112215501],
              [-3.062505901, 52.112171362],
              [-3.062561804, 52.112066504],
              [-3.062650277, 52.111979419],
              [-3.062671359, 52.111974824],
              [-3.062707827, 52.111943845],
              [-3.062791448, 52.111900846],
              [-3.062884105, 52.111863159],
              [-3.06310881, 52.11179363],
              [-3.063239522, 52.111766385],
              [-3.063432776, 52.111741362],
              [-3.064299646, 52.111689315],
              [-3.064782792, 52.111723332],
              [-3.066105474, 52.11181627],
              [-3.067654247, 52.112018691],
              [-3.067914358, 52.112025323],
              [-3.068074857, 52.112020274],
              [-3.068129739, 52.11200926],
              [-3.068287746, 52.112005761],
              [-3.068497367, 52.111980491],
              [-3.068671971, 52.111951044],
              [-3.068811382, 52.111920119],
              [-3.069085482, 52.111842131],
              [-3.069486486, 52.111693691],
              [-3.069658404, 52.111617528],
              [-3.06985202, 52.111522293],
              [-3.070033358, 52.111417191],
              [-3.070188478, 52.111313316],
              [-3.070326283, 52.111210496],
              [-3.070454985, 52.11109958],
              [-3.070549102, 52.11100255],
              [-3.070608435, 52.110921116],
              [-3.070646411, 52.110857853],
              [-3.070694283, 52.110725199],
              [-3.070713435, 52.110609975],
              [-3.070713047, 52.110593799],
              [-3.070715324, 52.110502907],
              [-3.070661473, 52.110391042],
              [-3.070661692, 52.110279584],
              [-3.070644046, 52.110211433],
              [-3.070627874, 52.110184705],
              [-3.070617934, 52.110156752],
              [-3.07058007, 52.110104064],
              [-3.070487375, 52.110014124],
              [-3.070224577, 52.109829463],
              [-3.070281948, 52.109726475],
              [-3.07017142, 52.109686132],
              [-3.070107377, 52.109676467],
              [-3.069913535, 52.109646228],
              [-3.069403, 52.10952853],
              [-3.068276742, 52.109284283],
              [-3.068260829, 52.109298539],
              [-3.068212353, 52.109340684],
              [-3.067805797, 52.109316504],
              [-3.067359411, 52.109212597],
              [-3.066459982, 52.10910389],
              [-3.066354089, 52.109091096],
              [-3.066220313, 52.109085385],
              [-3.066035658, 52.109056495],
              [-3.065859349, 52.109014046],
              [-3.065751983, 52.108979873],
              [-3.065635597, 52.108935983],
              [-3.065476048, 52.108859227],
              [-3.065350455, 52.108782613],
              [-3.064737085, 52.108360041],
              [-3.064704282, 52.108337507],
              [-3.064561517, 52.108272732],
              [-3.064371441, 52.108218272],
              [-3.063792526, 52.108134783],
              [-3.062536743, 52.107989803],
              [-3.05975663, 52.10776172],
              [-3.058460973, 52.107680782],
              [-3.057366879, 52.10766184],
              [-3.057205142, 52.107674975],
              [-3.056923916, 52.107700867],
              [-3.056644282, 52.107733035],
              [-3.056094239, 52.107810771],
              [-3.0558397, 52.107855386],
              [-3.05565376, 52.107893904],
              [-3.055531784, 52.107923759],
              [-3.055412924, 52.10795808],
              [-3.05525505, 52.108012524],
              [-3.055071239, 52.108085178],
              [-3.054899311, 52.108161409],
              [-3.054544225, 52.108338062],
              [-3.054232718, 52.108519806],
              [-3.053738745, 52.10879576],
              [-3.053209179, 52.108997248],
              [-3.053149873, 52.109019799],
              [-3.052260016, 52.109310788],
              [-3.051490061, 52.109473787],
              [-3.050337496, 52.109622213],
              [-3.049281376, 52.109709728],
              [-3.048452475, 52.109726721],
              [-3.048068613, 52.109720158],
              [-3.047938189, 52.109703341],
              [-3.047691999, 52.109663284],
              [-3.047460023, 52.109613214],
              [-3.04740355, 52.109597537],
              [-3.047235258, 52.109552293],
              [-3.047064588, 52.109498081],
              [-3.046960019, 52.109459372],
              [-3.046822829, 52.109400369],
              [-3.046654604, 52.109316833],
              [-3.046426239, 52.109179182],
              [-3.046145689, 52.108920921],
              [-3.046016382, 52.108823107],
              [-3.045926004, 52.108768182],
              [-3.045829953, 52.108717801],
              [-3.045720725, 52.108670233],
              [-3.045526782, 52.108603912],
              [-3.044690178, 52.108434799],
              [-3.044429587, 52.108406548],
              [-3.044169289, 52.108390877],
              [-3.043939959, 52.108386617],
              [-3.043775095, 52.108389875],
              [-3.043387371, 52.108418475],
              [-3.043209791, 52.108444315],
              [-3.042993227, 52.108486679],
              [-3.042840694, 52.108523083],
              [-3.042550896, 52.10861562],
              [-3.042367078, 52.108688972],
              [-3.041488376, 52.109141032],
              [-3.041410575, 52.109170931],
              [-3.041177172, 52.109260719],
              [-3.040115414, 52.109571921],
              [-3.039051514, 52.109915849],
              [-3.038221136, 52.11005098],
              [-3.038048694, 52.110065172],
              [-3.037533184, 52.110108271],
              [-3.03692807, 52.110145055],
              [-3.036593524, 52.110141705],
              [-3.036498523, 52.110136249],
              [-3.036340541, 52.110125055],
              [-3.03604186, 52.110089929],
              [-3.035893793, 52.110059772],
              [-3.035499971, 52.109831244],
              [-3.035120166, 52.109635938],
              [-3.034893193, 52.109484141],
              [-3.034820401, 52.109429052],
              [-3.034635489, 52.109263403],
              [-3.034557569, 52.109174024],
              [-3.034489567, 52.109081322],
              [-3.034435739, 52.108961262],
              [-3.034404543, 52.108815026],
              [-3.034405056, 52.108707162],
              [-3.034473039, 52.108154143],
              [-3.034618862, 52.107728885],
              [-3.034836949, 52.107414177],
              [-3.03513276, 52.107092314],
              [-3.035382046, 52.106887798],
              [-3.035465368, 52.106825945],
              [-3.036144428, 52.106703939],
              [-3.036932672, 52.106514274],
              [-3.037861276, 52.106313931],
              [-3.040643259, 52.105876299],
              [-3.041615638, 52.105706279],
              [-3.041790111, 52.105666357],
              [-3.04198844, 52.105601416],
              [-3.042173538, 52.105521581],
              [-3.042333447, 52.105430194],
              [-3.042411965, 52.105369368],
              [-3.042558024, 52.105231364],
              [-3.042620264, 52.105143627],
              [-3.042654802, 52.105060539],
              [-3.042675406, 52.104942609],
              [-3.042672578, 52.104883311],
              [-3.042662449, 52.104825876],
              [-3.042616372, 52.104729119],
              [-3.042577453, 52.10468632],
              [-3.042514953, 52.104633841],
              [-3.042457122, 52.104595703],
              [-3.04240534, 52.104569196],
              [-3.042290433, 52.104525271],
              [-3.042199482, 52.104501986],
              [-3.042111336, 52.104485418],
              [-3.041604487, 52.104349681],
              [-3.041008139, 52.104242505],
              [-3.040250461, 52.104201646],
              [-3.039653228, 52.104154514],
              [-3.039017414, 52.104094416],
              [-3.038638339, 52.104058568],
              [-3.037604629, 52.103939948],
              [-3.037441776, 52.103935809],
              [-3.036953114, 52.10392411],
              [-3.036217852, 52.10388914],
              [-3.035762586, 52.103900333],
              [-3.03375792, 52.103923595],
              [-3.032512105, 52.103929661],
              [-3.031092081, 52.103908925],
              [-3.030517299, 52.10386901],
              [-3.029381496, 52.103816736],
              [-3.028611153, 52.103768813],
              [-3.027974584, 52.103758727],
              [-3.027275239, 52.103772374],
              [-3.026557741, 52.103823747],
              [-3.025321984, 52.104026763],
              [-3.023834781, 52.104321025],
              [-3.02343264, 52.104355168],
              [-3.023209521, 52.10436879],
              [-3.023025164, 52.10440868],
              [-3.021673377, 52.104629743],
              [-3.021513934, 52.104411361],
              [-3.021345975, 52.104347112],
              [-3.02127875, 52.104339605],
              [-3.021106293, 52.104336605],
              [-3.020971497, 52.104311707],
              [-3.020831463, 52.104321009],
              [-3.020725356, 52.104339905],
              [-3.020612325, 52.104313919],
              [-3.020461586, 52.104297247],
              [-3.020306832, 52.104236567],
              [-3.020094585, 52.104209642],
              [-3.019905485, 52.104178921],
              [-3.019560239, 52.104147752],
              [-3.019443685, 52.104093931],
              [-3.019370655, 52.104032454],
              [-3.019213494, 52.103924156],
              [-3.01893405, 52.103774669],
              [-3.018847675, 52.103698027],
              [-3.018653753, 52.103645773],
              [-3.018449172, 52.103574735],
              [-3.018225952, 52.103451727],
              [-3.018150691, 52.10341903],
              [-3.0179619, 52.103396392],
              [-3.017907667, 52.103324954],
              [-3.017882517, 52.103246074],
              [-3.017824659, 52.10314231],
              [-3.017738962, 52.103095322],
              [-3.017453219, 52.102922517],
              [-3.017196539, 52.102741281],
              [-3.017182134, 52.102690172],
              [-3.017130073, 52.102581862],
              [-3.017135613, 52.102502628],
              [-3.017121915, 52.102413762],
              [-3.017046467, 52.102309249],
              [-3.016867309, 52.102196554],
              [-3.016676585, 52.102093935],
              [-3.016558397, 52.101904402],
              [-3.016315295, 52.101742821],
              [-3.016264661, 52.1016336],
              [-3.016143294, 52.101563549],
              [-3.016091483, 52.101466023],
              [-3.015999432, 52.101462323],
              [-3.015959609, 52.101447386],
              [-3.01591834, 52.101427069],
              [-3.01581961, 52.101325453],
              [-3.015453554, 52.101214366],
              [-3.015404633, 52.101116815],
              [-3.015354599, 52.101097471],
              [-3.015297347, 52.101083583],
              [-3.01521693, 52.101077984],
              [-3.015130718, 52.101076929],
              [-3.014907878, 52.101102218],
              [-3.01474993, 52.101085601],
              [-3.014143798, 52.100754565],
              [-3.014027382, 52.100706131],
              [-3.013694811, 52.100590257],
              [-3.013549556, 52.10049623],
              [-3.013473794, 52.100435761],
              [-3.013400699, 52.100370775],
              [-3.013261725, 52.100229864],
              [-3.013227718, 52.100147464],
              [-3.013153296, 52.100018582],
              [-3.012911133, 52.099833707],
              [-3.012837668, 52.099683245],
              [-3.012793717, 52.099613514],
              [-3.012744072, 52.099547427],
              [-3.012607037, 52.099428161],
              [-3.012495197, 52.099257355],
              [-3.012423202, 52.099171686],
              [-3.012382853, 52.099133382],
              [-3.012333858, 52.099095962],
              [-3.01212709, 52.099054594],
              [-3.01193578, 52.098988825],
              [-3.011810768, 52.098884735],
              [-3.011725088, 52.098837832],
              [-3.011447629, 52.0987044],
              [-3.011153662, 52.098554121],
              [-3.011085778, 52.098522346],
              [-3.010956272, 52.09847483],
              [-3.01066674, 52.098323613],
              [-3.010148994, 52.098087075],
              [-3.010110194, 52.098053252],
              [-3.010080259, 52.098017555],
              [-3.01004746, 52.097924358],
              [-3.009922763, 52.097706022],
              [-3.009793775, 52.097484127],
              [-3.009645351, 52.097249006],
              [-3.009489605, 52.097009363],
              [-3.009129478, 52.096513416],
              [-3.009008125, 52.096309522],
              [-3.009142262, 52.095853385],
              [-3.009191532, 52.095514014],
              [-3.009298939, 52.095158864],
              [-3.009433745, 52.094599356],
              [-3.009605418, 52.09399369],
              [-3.009766184, 52.093486181],
              [-3.009775934, 52.093203774],
              [-3.008212077, 52.092083377],
              [-3.006793078, 52.091102028],
              [-3.006582689, 52.090897903],
              [-3.005987546, 52.090457973],
              [-3.005186389, 52.089820167],
              [-3.004681146, 52.089352408],
              [-3.004176905, 52.088934165],
              [-3.003694651, 52.088513935],
              [-3.003078561, 52.087990487],
              [-3.002612236, 52.087630338],
              [-3.002076022, 52.087147552],
              [-3.00146175, 52.086569252],
              [-3.000834004, 52.086038791],
              [-2.99987845, 52.085146003],
              [-2.999375884, 52.084728534],
              [-2.998819231, 52.084308015],
              [-2.998363245, 52.083954953],
              [-2.997675018, 52.083390742],
              [-2.997761557, 52.083278554],
              [-2.997835201, 52.083116949],
              [-2.997796624, 52.083022],
              [-2.997614004, 52.082813129],
              [-2.997064887, 52.082669469],
              [-2.995827793, 52.082424571],
              [-2.995397779, 52.082382364],
              [-2.995116518, 52.08233081],
              [-2.994697857, 52.082209317],
              [-2.994141899, 52.08208188],
              [-2.99319136, 52.081925319],
              [-2.9926977, 52.081839595],
              [-2.992097834, 52.081771841],
              [-2.991765653, 52.081729696],
              [-2.991426052, 52.081683927],
              [-2.991073123, 52.081628471],
              [-2.989946695, 52.081439297],
              [-2.989517383, 52.081357424],
              [-2.989343585, 52.081289673],
              [-2.988726169, 52.081216657],
              [-2.988204066, 52.081166208],
              [-2.987845529, 52.08111798],
              [-2.98741903, 52.081037873],
              [-2.987304911, 52.081024448],
              [-2.986983401, 52.081001974],
              [-2.986828085, 52.080970018],
              [-2.986452879, 52.080962374],
              [-2.986276718, 52.080983623],
              [-2.986092963, 52.080987857],
              [-2.985746493, 52.080962892],
              [-2.985637914, 52.080998855],
              [-2.985225547, 52.081095781],
              [-2.984897332, 52.08110212],
              [-2.984429508, 52.08112859],
              [-2.984165849, 52.081148769],
              [-2.98395114, 52.081140675],
              [-2.983753261, 52.081099093],
              [-2.983485489, 52.081003356],
              [-2.982930945, 52.080735546],
              [-2.982667329, 52.080691905],
              [-2.982498091, 52.080694215],
              [-2.982331224, 52.08073875],
              [-2.982201203, 52.080795561],
              [-2.982016417, 52.080824066],
              [-2.981714906, 52.080846442],
              [-2.981608579, 52.080859013],
              [-2.981339257, 52.080955633],
              [-2.981163731, 52.080934624],
              [-2.98099896, 52.080943187],
              [-2.98061113, 52.081023714],
              [-2.979821583, 52.081155219],
              [-2.979505393, 52.081177712],
              [-2.979428929, 52.081213402],
              [-2.979319836, 52.081363515],
              [-2.97924766, 52.081402764],
              [-2.97916969, 52.081441163],
              [-2.9789774, 52.081522847],
              [-2.978365492, 52.081767018],
              [-2.978216095, 52.081873511],
              [-2.978102201, 52.081941869],
              [-2.977885496, 52.082040741],
              [-2.977683955, 52.082035223],
              [-2.977528485, 52.081996065],
              [-2.9773998, 52.081916238],
              [-2.977181463, 52.081808301],
              [-2.976878085, 52.081817198],
              [-2.976687752, 52.081856527],
              [-2.976469043, 52.081863732],
              [-2.976405764, 52.081908299],
              [-2.976390106, 52.081990223],
              [-2.976273407, 52.082128711],
              [-2.976314006, 52.082180597],
              [-2.976330661, 52.082276634],
              [-2.976145448, 52.082418386],
              [-2.976008007, 52.08253826],
              [-2.975821793, 52.082634179],
              [-2.975515722, 52.082718507],
              [-2.975250888, 52.082817862],
              [-2.975169167, 52.082888648],
              [-2.975151376, 52.082939129],
              [-2.975104137, 52.082979968],
              [-2.975043632, 52.083085721],
              [-2.974933815, 52.083203478],
              [-2.974830474, 52.083281632],
              [-2.974649718, 52.083357731],
              [-2.974178097, 52.083680805],
              [-2.974112828, 52.083766823],
              [-2.9739597, 52.083840894],
              [-2.973619899, 52.083984819],
              [-2.973378921, 52.084108242],
              [-2.973092092, 52.084142968],
              [-2.973043112, 52.084170338],
              [-2.972931081, 52.084253056],
              [-2.972822462, 52.084293502],
              [-2.972663748, 52.084310092],
              [-2.972391907, 52.084359074],
              [-2.972340119, 52.084390152],
              [-2.972220124, 52.084510686],
              [-2.971756198, 52.084790544],
              [-2.971709675, 52.084798118],
              [-2.971588879, 52.0848099],
              [-2.971428385, 52.084883129],
              [-2.971269434, 52.084888934],
              [-2.971162298, 52.08492577],
              [-2.970777304, 52.085072845],
              [-2.970645087, 52.085101798],
              [-2.970542729, 52.085159267],
              [-2.970510236, 52.08520897],
              [-2.970467926, 52.085344233],
              [-2.970440912, 52.085579949],
              [-2.970260693, 52.08527664],
              [-2.970238058, 52.084976527],
              [-2.970133797, 52.084740993],
              [-2.969965987, 52.084610156],
              [-2.969668506, 52.084420255],
              [-2.969283251, 52.084216603],
              [-2.968045415, 52.083798845],
              [-2.9670668, 52.083493098],
              [-2.966692583, 52.083331592],
              [-2.965889511, 52.083107987],
              [-2.96527541, 52.082987183],
              [-2.964928862, 52.082953169],
              [-2.96406977, 52.082909866],
              [-2.963248394, 52.082919279],
              [-2.963160736, 52.0829164],
              [-2.962099556, 52.082277102],
              [-2.962082969, 52.082266721],
              [-2.961102594, 52.081657224],
              [-2.960273991, 52.081121535],
              [-2.960135994, 52.081032327],
              [-2.958856263, 52.080223643],
              [-2.956802077, 52.078946563],
              [-2.954802573, 52.077633052],
              [-2.954323358, 52.077327646],
              [-2.954018786, 52.077143965],
              [-2.953493786, 52.076744549],
              [-2.952263752, 52.07572138],
              [-2.951925944, 52.075478728],
              [-2.951714378, 52.075271819],
              [-2.951635898, 52.07515111],
              [-2.951666703, 52.07502134],
              [-2.952866602, 52.07367652],
              [-2.953242231, 52.073294984],
              [-2.953710013, 52.072925284],
              [-2.954097212, 52.072607469],
              [-2.954279663, 52.072408159],
              [-2.954535004, 52.072202865],
              [-2.954629906, 52.072134684],
              [-2.954767102, 52.072069755],
              [-2.95506061, 52.071945135],
              [-2.955337336, 52.071716297],
              [-2.955555951, 52.071504107],
              [-2.956116742, 52.071052749],
              [-2.956536094, 52.070805672],
              [-2.956770065, 52.070625714],
              [-2.957162437, 52.070416695],
              [-2.957231319, 52.070364003],
              [-2.957535417, 52.070122353],
              [-2.957759446, 52.069888544],
              [-2.957878824, 52.069671764],
              [-2.957133815, 52.069354149],
              [-2.956677736, 52.069103483],
              [-2.956254089, 52.068940548],
              [-2.955859567, 52.068845777],
              [-2.955662502, 52.068770885],
              [-2.955293961, 52.06859141],
              [-2.954099931, 52.067877345],
              [-2.953759177, 52.067702944],
              [-2.953279309, 52.067502703],
              [-2.952619186, 52.067191563],
              [-2.9522323, 52.067041889],
              [-2.951988864, 52.066912537],
              [-2.951794319, 52.066819731],
              [-2.951522638, 52.066736536],
              [-2.95086056, 52.066609663],
              [-2.950261964, 52.066521014],
              [-2.949720907, 52.066457065],
              [-2.949624522, 52.066455145],
              [-2.949468596, 52.066390787],
              [-2.949176362, 52.06630227],
              [-2.949031874, 52.066227033],
              [-2.948887394, 52.066089776],
              [-2.948383788, 52.065658617],
              [-2.948068388, 52.065305128],
              [-2.947847103, 52.064976947],
              [-2.947727304, 52.064766595],
              [-2.947552422, 52.064493858],
              [-2.947511701, 52.064433874],
              [-2.947417963, 52.064346542],
              [-2.946826313, 52.064033021],
              [-2.946331303, 52.063869816],
              [-2.946294331, 52.063776544],
              [-2.946371974, 52.063586267],
              [-2.946441622, 52.063495734],
              [-2.94644162, 52.063495644],
              [-2.946441736, 52.063495464],
              [-2.946307609, 52.063090449],
              [-2.946343625, 52.062933763],
              [-2.946417315, 52.062761404],
              [-2.946409276, 52.062728212],
              [-2.946393966, 52.062692381],
              [-2.946312665, 52.062561625],
              [-2.946222377, 52.062443794],
              [-2.946236116, 52.06233133],
              [-2.946203475, 52.062238023],
              [-2.946079934, 52.062123066],
              [-2.94594169, 52.061932635],
              [-2.945815479, 52.061822193],
              [-2.945782898, 52.061663361],
              [-2.945611335, 52.061552294],
              [-2.945455033, 52.061332346],
              [-2.945383399, 52.061186411],
              [-2.945264882, 52.061030066],
              [-2.945159567, 52.060741397],
              [-2.945052923, 52.060594754],
              [-2.945038659, 52.06054004],
              [-2.945033129, 52.060488851],
              [-2.945060373, 52.060395064],
              [-2.945087177, 52.060217779],
              [-2.945071509, 52.060096562],
              [-2.945016406, 52.059970179],
              [-2.944819942, 52.059995124],
              [-2.944459522, 52.060058236],
              [-2.944257843, 52.060035584],
              [-2.944102491, 52.060002673],
              [-2.943705336, 52.059983384],
              [-2.943373588, 52.059951885],
              [-2.94313625, 52.059903451],
              [-2.942971506, 52.059767158],
              [-2.942802769, 52.059652559],
              [-2.94258013, 52.059468192],
              [-2.94241069, 52.059388653],
              [-2.941998677, 52.059285886],
              [-2.941873063, 52.059208691],
              [-2.941727928, 52.059101003],
              [-2.941353933, 52.05893591],
              [-2.941157371, 52.058881753],
              [-2.941086898, 52.058858856],
              [-2.940668922, 52.058615015],
              [-2.94045025, 52.058550157],
              [-2.940178649, 52.058398625],
              [-2.940127752, 52.058334315],
              [-2.940024987, 52.058165166],
              [-2.940204512, 52.058032504],
              [-2.940237172, 52.057989998],
              [-2.940237614, 52.057942356],
              [-2.940202934, 52.057888613],
              [-2.939951313, 52.057709057],
              [-2.939850785, 52.05757764],
              [-2.939794064, 52.057447762],
              [-2.9397291, 52.057337724],
              [-2.939517924, 52.057217077],
              [-2.939165532, 52.057100342],
              [-2.939083921, 52.05703358],
              [-2.939034517, 52.056977257],
              [-2.938727686, 52.056808025],
              [-2.93847551, 52.056676019],
              [-2.938253671, 52.056533972],
              [-2.93804085, 52.056466457],
              [-2.937915239, 52.056532173],
              [-2.937769892, 52.056551306],
              [-2.937575471, 52.056380458],
              [-2.937416447, 52.056182811],
              [-2.93711463, 52.056045804],
              [-2.936997586, 52.05595775],
              [-2.936907983, 52.055790381],
              [-2.936881859, 52.055725783],
              [-2.936870444, 52.055530827],
              [-2.936860603, 52.055474279],
              [-2.936718276, 52.055367461],
              [-2.936448063, 52.055206021],
              [-2.936274842, 52.05508237],
              [-2.935892697, 52.054662865],
              [-2.935629794, 52.05443656],
              [-2.935703915, 52.05442159],
              [-2.935755959, 52.0544032],
              [-2.935794943, 52.054381318],
              [-2.935820701, 52.054359542],
              [-2.935839134, 52.05433243],
              [-2.935851672, 52.054293681],
              [-2.935852983, 52.054229853],
              [-2.935800536, 52.054090861],
              [-2.935767139, 52.054029107],
              [-2.935614003, 52.053819007],
              [-2.935595192, 52.053758935],
              [-2.935563472, 52.05370256],
              [-2.935515427, 52.053641821],
              [-2.935472646, 52.053602792],
              [-2.935472524, 52.053602703],
              [-2.935472401, 52.053602614],
              [-2.934721378, 52.053120329],
              [-2.93467102, 52.05308118],
              [-2.934630844, 52.053040153],
              [-2.934582707, 52.05297492],
              [-2.934535895, 52.052892508],
              [-2.934483561, 52.052764391],
              [-2.934291422, 52.05256898],
              [-2.934154965, 52.052391194],
              [-2.93400441, 52.052235002],
              [-2.934050508, 52.05200085],
              [-2.933785834, 52.051826777],
              [-2.933692261, 52.051744826],
              [-2.93359951, 52.051633117],
              [-2.933430986, 52.051451091],
              [-2.933258838, 52.051239341],
              [-2.933129253, 52.051108239],
              [-2.932981066, 52.05099607],
              [-2.932906734, 52.050925651],
              [-2.932628849, 52.050590159],
              [-2.932628603, 52.050589892],
              [-2.932628481, 52.050589803],
              [-2.932353452, 52.050339318],
              [-2.932222879, 52.050229795],
              [-2.932057333, 52.05012675],
              [-2.932021639, 52.050092877],
              [-2.932009566, 52.050073198],
              [-2.931972358, 52.049966531],
              [-2.931655159, 52.049717277],
              [-2.931530024, 52.049591531],
              [-2.931402824, 52.04950526],
              [-2.931064173, 52.04935154],
              [-2.930978914, 52.04931626],
              [-2.930569174, 52.049178291],
              [-2.930206959, 52.04908228],
              [-2.930156567, 52.049110541],
              [-2.929746902, 52.049045464],
              [-2.929766266, 52.048999471],
              [-2.929553096, 52.048982277],
              [-2.929295768, 52.048951949],
              [-2.929054848, 52.048935873],
              [-2.929009517, 52.048929939],
              [-2.92884081, 52.048882642],
              [-2.928723234, 52.04883683],
              [-2.928524273, 52.048739436],
              [-2.927639516, 52.048613469],
              [-2.927433671, 52.048601517],
              [-2.927294619, 52.04858104],
              [-2.927164276, 52.048551506],
              [-2.927057163, 52.048517294],
              [-2.926902542, 52.048447503],
              [-2.926521654, 52.048221207],
              [-2.92584354, 52.047866016],
              [-2.925605927, 52.047730362],
              [-2.925586916, 52.047654021],
              [-2.925586549, 52.047653754],
              [-2.925586547, 52.047653664],
              [-2.925250945, 52.047413076],
              [-2.924908053, 52.04733748],
              [-2.924673381, 52.047268315],
              [-2.924436757, 52.047180288],
              [-2.924196804, 52.047070716],
              [-2.924139516, 52.047050402],
              [-2.924020934, 52.047025266],
              [-2.923784242, 52.047003753],
              [-2.923699253, 52.046981049],
              [-2.923646203, 52.046956298],
              [-2.92355033, 52.046901322],
              [-2.923445366, 52.046831137],
              [-2.92321846, 52.046648565],
              [-2.923014662, 52.046665442],
              [-2.922925727, 52.046667038],
              [-2.922725682, 52.046656021],
              [-2.9225342, 52.046628758],
              [-2.921412726, 52.046342628],
              [-2.92114915, 52.046288063],
              [-2.921018837, 52.04625942],
              [-2.921129704, 52.046120043],
              [-2.921286677, 52.045954329],
              [-2.921303478, 52.045923637],
              [-2.921315924, 52.045885789],
              [-2.921329063, 52.045747176],
              [-2.921323683, 52.045555767],
              [-2.921308693, 52.045464113],
              [-2.921321074, 52.045428962],
              [-2.921345467, 52.045410794],
              [-2.92137586, 52.045397973],
              [-2.921541613, 52.0453787],
              [-2.921611322, 52.045360178],
              [-2.921690906, 52.045330792],
              [-2.921823565, 52.045263241],
              [-2.921962972, 52.04516139],
              [-2.922277478, 52.044998037],
              [-2.922367057, 52.044957787],
              [-2.922623336, 52.044868504],
              [-2.92273884, 52.044814568],
              [-2.922991022, 52.044672374],
              [-2.923190958, 52.044538589],
              [-2.923236949, 52.04448349],
              [-2.923250298, 52.044442848],
              [-2.923252478, 52.044408675],
              [-2.923214205, 52.044319092],
              [-2.923156205, 52.044258156],
              [-2.923352322, 52.044207453],
              [-2.923838858, 52.043951156],
              [-2.923995458, 52.043861482],
              [-2.924064631, 52.043805481],
              [-2.924132415, 52.043787063],
              [-2.92413065, 52.043765595],
              [-2.92420712, 52.043701987],
              [-2.924132965, 52.043621404],
              [-2.924014404, 52.043526967],
              [-2.923874654, 52.043390182],
              [-2.923438843, 52.042911106],
              [-2.923351769, 52.04278685],
              [-2.923299555, 52.042732431],
              [-2.923216569, 52.042666477],
              [-2.923104414, 52.04260264],
              [-2.922122158, 52.042131165],
              [-2.921460573, 52.04186031],
              [-2.921172049, 52.041731247],
              [-2.921061887, 52.041688066],
              [-2.920711042, 52.04157396],
              [-2.920295117, 52.041410836],
              [-2.919942705, 52.041290448],
              [-2.919649363, 52.04120735],
              [-2.919085431, 52.041077735],
              [-2.919047155, 52.041063652],
              [-2.918983539, 52.041015611],
              [-2.918909895, 52.040906528],
              [-2.91877292, 52.040769086],
              [-2.918728046, 52.040714607],
              [-2.918661726, 52.04061086],
              [-2.918613565, 52.040466433],
              [-2.918584889, 52.040416322],
              [-2.918523458, 52.040334108],
              [-2.917997028, 52.040614244],
              [-2.917926159, 52.040646255],
              [-2.9178337, 52.040686525],
              [-2.917503578, 52.040796956],
              [-2.917384651, 52.04083033],
              [-2.917082667, 52.04088841],
              [-2.916976416, 52.040900922],
              [-2.916830769, 52.040909246],
              [-2.916696773, 52.040911188],
              [-2.916601794, 52.040904736],
              [-2.916454135, 52.040885212],
              [-2.916013795, 52.04080855],
              [-2.915414701, 52.040745795],
              [-2.915320955, 52.040723154],
              [-2.914544039, 52.040446865],
              [-2.914398497, 52.04038957],
              [-2.914316006, 52.040347066],
              [-2.914240581, 52.040297317],
              [-2.914178377, 52.040247465],
              [-2.914095097, 52.040166228],
              [-2.913602542, 52.040251933],
              [-2.913445404, 52.040268431],
              [-2.913356481, 52.04027002],
              [-2.913254292, 52.040263621],
              [-2.913154962, 52.04025001],
              [-2.913108108, 52.040239587],
              [-2.912732886, 52.03993051],
              [-2.912534537, 52.039782751],
              [-2.912454696, 52.03972854],
              [-2.912310052, 52.039644271],
              [-2.911869213, 52.039400416],
              [-2.911663555, 52.03925361],
              [-2.911459672, 52.039123059],
              [-2.911327576, 52.039005435],
              [-2.911265556, 52.038893471],
              [-2.911212775, 52.03873928],
              [-2.910882718, 52.038640174],
              [-2.910259332, 52.038521853],
              [-2.910152317, 52.038496614],
              [-2.909964528, 52.038436045],
              [-2.909699916, 52.038327442],
              [-2.909062716, 52.038037454],
              [-2.908058688, 52.03755884],
              [-2.9078475, 52.037493954],
              [-2.907566388, 52.037436707],
              [-2.907415278, 52.037388435],
              [-2.907227243, 52.03731528],
              [-2.906571048, 52.037023628],
              [-2.906357386, 52.036907525],
              [-2.906289397, 52.036862207],
              [-2.906050699, 52.036667109],
              [-2.905799413, 52.036497274],
              [-2.90571798, 52.036434982],
              [-2.90564377, 52.036367241],
              [-2.905567053, 52.036252781],
              [-2.905525366, 52.036206272],
              [-2.905460063, 52.036151046],
              [-2.905402419, 52.03611194],
              [-2.904941313, 52.035872709],
              [-2.904741274, 52.035787957],
              [-2.904501938, 52.035703507],
              [-2.904325427, 52.035623069],
              [-2.904197131, 52.035549361],
              [-2.904090663, 52.03547917],
              [-2.903881513, 52.035300109],
              [-2.903519697, 52.035066402],
              [-2.903036725, 52.034683517],
              [-2.902770823, 52.034437388],
              [-2.902293118, 52.03402291],
              [-2.902014061, 52.033779666],
              [-2.901907894, 52.033646463],
              [-2.901625394, 52.033440995],
              [-2.90147227, 52.033369271],
              [-2.901361217, 52.033423242],
              [-2.901131476, 52.033235256],
              [-2.900748063, 52.033091589],
              [-2.900404053, 52.032946811],
              [-2.900116089, 52.032833691],
              [-2.89985633, 52.032604855],
              [-2.899727583, 52.032507866],
              [-2.899596005, 52.032413505],
              [-2.899292218, 52.032242349],
              [-2.899161452, 52.032116522],
              [-2.898840441, 52.031739574],
              [-2.898666586, 52.03150262],
              [-2.898402145, 52.031177372],
              [-2.89815816, 52.031003061],
              [-2.897960066, 52.030869656],
              [-2.897861375, 52.030814681],
              [-2.897569892, 52.030674887],
              [-2.897422509, 52.030595025],
              [-2.897077377, 52.03039272],
              [-2.896872667, 52.030282733],
              [-2.896808844, 52.03022839],
              [-2.896668296, 52.030051491],
              [-2.896409966, 52.029814278],
              [-2.896322186, 52.029727759],
              [-2.896386898, 52.029610328],
              [-2.896503747, 52.029551913],
              [-2.896630912, 52.029492521],
              [-2.896953276, 52.029362342],
              [-2.897201704, 52.029248995],
              [-2.897517, 52.029126149],
              [-2.897831933, 52.028985238],
              [-2.897900174, 52.028948226],
              [-2.898059238, 52.028831603],
              [-2.89814895, 52.028726564],
              [-2.89821921, 52.028598394],
              [-2.898257362, 52.028463277],
              [-2.898262764, 52.028295064],
              [-2.898258139, 52.028142298],
              [-2.898252425, 52.028073041],
              [-2.898208954, 52.027864843],
              [-2.898197804, 52.027674285],
              [-2.898158461, 52.027528075],
              [-2.898109425, 52.027407915],
              [-2.898065365, 52.027320166],
              [-2.898024999, 52.027272835],
              [-2.897965697, 52.027222054],
              [-2.897899173, 52.02717672],
              [-2.897840283, 52.027146519],
              [-2.897697953, 52.02709637],
              [-2.897616801, 52.027046654],
              [-2.897569263, 52.027001176],
              [-2.897539291, 52.026962754],
              [-2.897505266, 52.026865939],
              [-2.897490311, 52.02684529],
              [-2.897413432, 52.026792845],
              [-2.897348849, 52.026766372],
              [-2.897195432, 52.026678556],
              [-2.897625401, 52.026383968],
              [-2.897521716, 52.026301166],
              [-2.89745925, 52.026242319],
              [-2.897411513, 52.026186865],
              [-2.897348015, 52.0260705],
              [-2.897258658, 52.0258329],
              [-2.897211987, 52.025758652],
              [-2.897143785, 52.025695354],
              [-2.897022992, 52.025634255],
              [-2.896984479, 52.025601291],
              [-2.896968122, 52.025570586],
              [-2.896924462, 52.025442565],
              [-2.896858973, 52.025304643],
              [-2.896825815, 52.025178969],
              [-2.896826173, 52.025118744],
              [-2.896844752, 52.025032314],
              [-2.896950616, 52.024857943],
              [-2.897003269, 52.024792826],
              [-2.897060462, 52.02473846],
              [-2.897145146, 52.024676694],
              [-2.897270655, 52.024607337],
              [-2.897293442, 52.024581097],
              [-2.897313064, 52.024546792],
              [-2.897322377, 52.024501779],
              [-2.897319694, 52.02443978],
              [-2.897300201, 52.024408469],
              [-2.897204667, 52.024300348],
              [-2.897189571, 52.024272599],
              [-2.897152251, 52.024155136],
              [-2.89714107, 52.024034778],
              [-2.897156688, 52.023866487],
              [-2.897175278, 52.023774664],
              [-2.89719198, 52.023738583],
              [-2.897263055, 52.023645372],
              [-2.897293611, 52.02357503],
              [-2.89730822, 52.023428408],
              [-2.897306761, 52.023355524],
              [-2.897281062, 52.023164268],
              [-2.897286158, 52.02312468],
              [-2.89729983, 52.023081342],
              [-2.897386869, 52.022915293],
              [-2.897456346, 52.022820386],
              [-2.897550618, 52.022721605],
              [-2.897723089, 52.022603442],
              [-2.897787913, 52.022564298],
              [-2.898103935, 52.022408098],
              [-2.898053828, 52.022162199],
              [-2.89826313, 52.021915401],
              [-2.898297337, 52.021589671],
              [-2.897770651, 52.021486366],
              [-2.897412274, 52.021345284],
              [-2.897025102, 52.021224194],
              [-2.896194425, 52.020934711],
              [-2.896006511, 52.020863245],
              [-2.89591415, 52.020835185],
              [-2.895779553, 52.020810143],
              [-2.895588418, 52.020799911],
              [-2.89553435, 52.020794031],
              [-2.895427668, 52.020776865],
              [-2.89531928, 52.020752522],
              [-2.895212257, 52.020718281],
              [-2.89511678, 52.020678559],
              [-2.894990057, 52.020608514],
              [-2.894634506, 52.020463716],
              [-2.894258913, 52.020338035],
              [-2.893215488, 52.02019396],
              [-2.892999456, 52.020170251],
              [-2.89252342, 52.020129097],
              [-2.892177018, 52.020075095],
              [-2.891964802, 52.020031761],
              [-2.891786104, 52.019988172],
              [-2.891632256, 52.019943407],
              [-2.891413685, 52.019870458],
              [-2.89057836, 52.019640294],
              [-2.889838328, 52.019428369],
              [-2.889027931, 52.019224431],
              [-2.888820271, 52.019168114],
              [-2.888703312, 52.019147424],
              [-2.888567425, 52.019129574],
              [-2.888244911, 52.019104143],
              [-2.888196737, 52.019104506],
              [-2.888207857, 52.019150263],
              [-2.887795677, 52.019159663],
              [-2.887371672, 52.0191847],
              [-2.887134551, 52.019181722],
              [-2.886938926, 52.019168814],
              [-2.886858796, 52.019169418],
              [-2.886805117, 52.019177013],
              [-2.886591947, 52.01923075],
              [-2.886034842, 52.019433675],
              [-2.885469488, 52.019657243],
              [-2.883932034, 52.020250517],
              [-2.883098751, 52.020561563],
              [-2.88233801, 52.020853184],
              [-2.88133038, 52.020377066],
              [-2.881253963, 52.020120481],
              [-2.880898701, 52.019914519],
              [-2.880688977, 52.019703873],
              [-2.880449039, 52.01950253],
              [-2.880395267, 52.019438126],
              [-2.880350302, 52.019375544],
              [-2.880318432, 52.019312864],
              [-2.880244312, 52.019099405],
              [-2.880218505, 52.019045668],
              [-2.880133221, 52.01900406],
              [-2.880291769, 52.018915688],
              [-2.880668905, 52.018755483],
              [-2.880738452, 52.018736087],
              [-2.881217583, 52.018642619],
              [-2.880623488, 52.017997026],
              [-2.880406955, 52.017806204],
              [-2.880302757, 52.017694628],
              [-2.880249161, 52.017565597],
              [-2.880357896, 52.017535033],
              [-2.880273451, 52.017389154],
              [-2.880019235, 52.017132998],
              [-2.879581919, 52.016827875],
              [-2.879518224, 52.016778015],
              [-2.879409424, 52.016652092],
              [-2.879334086, 52.016523133],
              [-2.879163154, 52.016279836],
              [-2.87902833, 52.016168488],
              [-2.878958938, 52.016048562],
              [-2.87882139, 52.015945233],
              [-2.878794618, 52.015842067],
              [-2.87858257, 52.015725902],
              [-2.878450331, 52.015599164],
              [-2.878299975, 52.015510402],
              [-2.878199252, 52.01542846],
              [-2.878063409, 52.015332309],
              [-2.878137909, 52.015271531],
              [-2.878160632, 52.0152417],
              [-2.878182793, 52.015183111],
              [-2.878180841, 52.015157059],
              [-2.87817019, 52.015134668],
              [-2.878132501, 52.015105826],
              [-2.877988044, 52.015060523],
              [-2.87792333, 52.015025861],
              [-2.877794645, 52.01492705],
              [-2.8778441, 52.014851179],
              [-2.877856472, 52.014814235],
              [-2.877862709, 52.01475846],
              [-2.877860104, 52.014699067],
              [-2.87784912, 52.0146596],
              [-2.877830843, 52.014621985],
              [-2.877647954, 52.014356304],
              [-2.877613401, 52.014229826],
              [-2.877582945, 52.014165337],
              [-2.877385492, 52.013904258],
              [-2.877313241, 52.013785161],
              [-2.877192891, 52.013663816],
              [-2.87717182, 52.013630716],
              [-2.877152489, 52.013539179],
              [-2.877138922, 52.013515011],
              [-2.877098726, 52.013468481],
              [-2.877039554, 52.013422183],
              [-2.876967327, 52.013384071],
              [-2.876851461, 52.013344486],
              [-2.876243106, 52.012933662],
              [-2.875719779, 52.012545482],
              [-2.875962056, 52.012346836],
              [-2.876255692, 52.012157603],
              [-2.87641839, 52.012061116],
              [-2.876512302, 52.01194267],
              [-2.876788874, 52.011710419],
              [-2.87700372, 52.011510177],
              [-2.877211122, 52.011322483],
              [-2.877408024, 52.011107902],
              [-2.87754418, 52.010993635],
              [-2.877585034, 52.010920435],
              [-2.877632164, 52.010873344],
              [-2.877685374, 52.010836095],
              [-2.877724282, 52.010816929],
              [-2.877756194, 52.010808602],
              [-2.877820334, 52.010808124],
              [-2.878079713, 52.010882591],
              [-2.878219175, 52.010937279],
              [-2.878266289, 52.010962994],
              [-2.878648674, 52.011220894],
              [-2.879101119, 52.011504246],
              [-2.879163357, 52.011535331],
              [-2.879446804, 52.011648355],
              [-2.879558273, 52.011684375],
              [-2.879719159, 52.01171643],
              [-2.879876899, 52.011735026],
              [-2.880257541, 52.01175645],
              [-2.88052861, 52.011758918],
              [-2.880617425, 52.011754659],
              [-2.880665347, 52.011748008],
              [-2.880953806, 52.01166945],
              [-2.881069806, 52.011642516],
              [-2.881146863, 52.011632951],
              [-2.881384155, 52.011622187],
              [-2.881541523, 52.011621908],
              [-2.881637757, 52.011628378],
              [-2.88170937, 52.011641325],
              [-2.88193646, 52.01170434],
              [-2.882394159, 52.011862702],
              [-2.882558612, 52.011929332],
              [-2.882639232, 52.011948143],
              [-2.88273123, 52.011959138],
              [-2.882798255, 52.011958636],
              [-2.882853381, 52.011945639],
              [-2.882932826, 52.011910887],
              [-2.883381724, 52.011695306],
              [-2.88346405, 52.011660533],
              [-2.88384292, 52.011811391],
              [-2.884182788, 52.011903307],
              [-2.884549874, 52.011974255],
              [-2.884717318, 52.011522501],
              [-2.885678465, 52.011496401],
              [-2.886005052, 52.011511921],
              [-2.886205038, 52.011528393],
              [-2.886431424, 52.011555542],
              [-2.8865746, 52.011578732],
              [-2.886709341, 52.011612773],
              [-2.886950152, 52.011707135],
              [-2.887593681, 52.01190012],
              [-2.887775563, 52.011960769],
              [-2.888165905, 52.012101639],
              [-2.88809408, 52.01215701],
              [-2.888366455, 52.012370766],
              [-2.888589473, 52.012597478],
              [-2.888715398, 52.012701692],
              [-2.889128151, 52.013015057],
              [-2.889407208, 52.013201795],
              [-2.889612819, 52.013428636],
              [-2.889880619, 52.013635143],
              [-2.890010442, 52.013711462],
              [-2.89007262, 52.013763214],
              [-2.890118855, 52.013816795],
              [-2.890168349, 52.013889227],
              [-2.890271251, 52.014079991],
              [-2.890302596, 52.014115707],
              [-2.890341077, 52.014147775],
              [-2.890395707, 52.014182416],
              [-2.890460459, 52.014212487],
              [-2.890524895, 52.014232673],
              [-2.890589272, 52.014243871],
              [-2.890654894, 52.014245173],
              [-2.890724627, 52.014235657],
              [-2.89088677, 52.014184994],
              [-2.89103121, 52.014120084],
              [-2.891151547, 52.014087714],
              [-2.891243249, 52.014083425],
              [-2.891282671, 52.014090318],
              [-2.89145873, 52.014147409],
              [-2.891816011, 52.014237284],
              [-2.891874752, 52.014261108],
              [-2.892130643, 52.014381502],
              [-2.892433458, 52.014511336],
              [-2.893063309, 52.014750236],
              [-2.893338936, 52.014908139],
              [-2.893459571, 52.014963041],
              [-2.89368698, 52.015040413],
              [-2.893768974, 52.015061363],
              [-2.893970568, 52.015091292],
              [-2.89404968, 52.015112264],
              [-2.894385046, 52.015265306],
              [-2.894679469, 52.015419467],
              [-2.895232618, 52.015678713],
              [-2.895543795, 52.015793196],
              [-2.895668398, 52.015829999],
              [-2.896013853, 52.015910154],
              [-2.896057849, 52.015923302],
              [-2.896096048, 52.015940988],
              [-2.896134654, 52.015973053],
              [-2.896160532, 52.016029482],
              [-2.896160348, 52.016092402],
              [-2.896152064, 52.016116734],
              [-2.896126612, 52.01615378],
              [-2.896030873, 52.016250774],
              [-2.895760516, 52.016501898],
              [-2.89566582, 52.016579019],
              [-2.895637593, 52.016621479],
              [-2.89561832, 52.016679151],
              [-2.895610718, 52.016737633],
              [-2.895613236, 52.016791544],
              [-2.895640749, 52.016929846],
              [-2.8956618, 52.016961145],
              [-2.89570192, 52.016996793],
              [-2.895746204, 52.01702432],
              [-2.895787269, 52.017041086],
              [-2.895857507, 52.017056731],
              [-2.895886681, 52.01705561],
              [-2.895927345, 52.017046312],
              [-2.896044216, 52.016990594],
              [-2.896080364, 52.016977735],
              [-2.896110889, 52.01697211],
              [-2.896185309, 52.016980532],
              [-2.896301303, 52.017019198],
              [-2.896345018, 52.017024259],
              [-2.896397496, 52.01702296],
              [-2.896464277, 52.017009868],
              [-2.896536608, 52.016985948],
              [-2.896581363, 52.016964934],
              [-2.896657312, 52.01689964],
              [-2.896735313, 52.01686489],
              [-2.897096626, 52.016788344],
              [-2.897265107, 52.016760095],
              [-2.898131162, 52.016713945],
              [-2.898418972, 52.016674898],
              [-2.898516552, 52.016675951],
              [-2.898620301, 52.016685047],
              [-2.898744765, 52.016714657],
              [-2.89913423, 52.016879857],
              [-2.899226099, 52.016955556],
              [-2.899276673, 52.017009101],
              [-2.899386198, 52.017168347],
              [-2.899517093, 52.01729678],
              [-2.899706243, 52.017502157],
              [-2.899769588, 52.017539424],
              [-2.899840184, 52.017566749],
              [-2.899920798, 52.017590401],
              [-2.899973391, 52.017600786],
              [-2.90015432, 52.017611987],
              [-2.900202354, 52.017610721],
              [-2.900327272, 52.01759089],
              [-2.900378436, 52.017595892],
              [-2.900397615, 52.017605633],
              [-2.900430995, 52.017676385],
              [-2.900490137, 52.017713684],
              [-2.900578034, 52.017740966],
              [-2.90062781, 52.017748675],
              [-2.900670012, 52.01775015],
              [-2.900713686, 52.017747119],
              [-2.900916962, 52.01771042],
              [-2.901127243, 52.017657578],
              [-2.901189668, 52.017649011],
              [-2.901233396, 52.017648676],
              [-2.901419023, 52.017672423],
              [-2.901477305, 52.017672875],
              [-2.901544211, 52.017666071],
              [-2.90189524, 52.017586084],
              [-2.90194623, 52.01758839],
              [-2.902243366, 52.017654426],
              [-2.90230912, 52.017662011],
              [-2.902346961, 52.017661721],
              [-2.90243692, 52.017642157],
              [-2.902585961, 52.017585287],
              [-2.902810468, 52.017517052],
              [-2.903068605, 52.017460244],
              [-2.903385359, 52.01741467],
              [-2.903627854, 52.017368677],
              [-2.903979547, 52.017321935],
              [-2.904229249, 52.017275976],
              [-2.904382059, 52.017263117],
              [-2.904434236, 52.017252829],
              [-2.904495103, 52.017232588],
              [-2.904554282, 52.017206067],
              [-2.904598943, 52.017180556],
              [-2.904683493, 52.017113393],
              [-2.904725271, 52.017087905],
              [-2.90478299, 52.017060496],
              [-2.904836545, 52.017041119],
              [-2.904875682, 52.017033628],
              [-2.905014336, 52.017039753],
              [-2.905043352, 52.017036834],
              [-2.905073822, 52.01702851],
              [-2.905111209, 52.017005752],
              [-2.905161284, 52.01695683],
              [-2.905210894, 52.016890833],
              [-2.905265719, 52.01679154],
              [-2.905318967, 52.016756975],
              [-2.905462041, 52.016696462],
              [-2.905597644, 52.016628905],
              [-2.905622372, 52.016627816],
              [-2.905654573, 52.016633861],
              [-2.905669399, 52.016648128],
              [-2.905678143, 52.01671817],
              [-2.905688681, 52.016734268],
              [-2.9057034, 52.016743233],
              [-2.905731174, 52.01675021],
              [-2.905801118, 52.016745178],
              [-2.90594031, 52.016712558],
              [-2.906123466, 52.016691375],
              [-2.906144984, 52.016674131],
              [-2.906162384, 52.016595799],
              [-2.906182196, 52.016571378],
              [-2.906215203, 52.016545956],
              [-2.906250928, 52.016530221],
              [-2.906281707, 52.016519378],
              [-2.90635018, 52.016518851],
              [-2.906385282, 52.016525772],
              [-2.906448497, 52.016550453],
              [-2.906461864, 52.016563832],
              [-2.906493841, 52.0166301],
              [-2.906511605, 52.016647041],
              [-2.906548414, 52.016661139],
              [-2.906637371, 52.016669443],
              [-2.906909639, 52.016658358],
              [-2.90699963, 52.016640587],
              [-2.90707775, 52.016612122],
              [-2.90716287, 52.016567423],
              [-2.907227551, 52.016521983],
              [-2.907267383, 52.016477633],
              [-2.907286877, 52.016431643],
              [-2.907289702, 52.016351534],
              [-2.907220584, 52.016177692],
              [-2.907225623, 52.0161417],
              [-2.907244385, 52.01613077],
              [-2.907274872, 52.016123344],
              [-2.90752852, 52.016130378],
              [-2.907559007, 52.016122953],
              [-2.907571864, 52.016111169],
              [-2.907580159, 52.016087645],
              [-2.90757194, 52.016043665],
              [-2.90755569, 52.016030308],
              [-2.907454326, 52.015990641],
              [-2.907432026, 52.015969241],
              [-2.907424299, 52.015949526],
              [-2.907429985, 52.015939595],
              [-2.907467588, 52.015927621],
              [-2.907683159, 52.015923263],
              [-2.907750008, 52.015913759],
              [-2.907800613, 52.01589719],
              [-2.907852453, 52.015864432],
              [-2.907901035, 52.015819116],
              [-2.907926615, 52.015782965],
              [-2.907938942, 52.015745029],
              [-2.907947151, 52.015646094],
              [-2.907958367, 52.015624435],
              [-2.90798554, 52.015601755],
              [-2.908026037, 52.015584365],
              [-2.908076733, 52.015572289],
              [-2.90819739, 52.015556079],
              [-2.90861894, 52.015506986],
              [-2.90872758, 52.015472891],
              [-2.908765017, 52.015452738],
              [-2.908819301, 52.015398389],
              [-2.90886268, 52.015380976],
              [-2.908905073, 52.015386042],
              [-2.909002066, 52.015429336],
              [-2.909047415, 52.015437975],
              [-2.909115612, 52.015423966],
              [-2.909309265, 52.01534607],
              [-2.909405029, 52.015322859],
              [-2.909591079, 52.015302547],
              [-2.910023146, 52.015268649],
              [-2.910316228, 52.015206162],
              [-2.910640232, 52.015157816],
              [-2.910934752, 52.015095226],
              [-2.9111773, 52.015052902],
              [-2.911478189, 52.015020014],
              [-2.911788295, 52.015003232],
              [-2.912032621, 52.014983363],
              [-2.912302525, 52.014998351],
              [-2.912363613, 52.014995181],
              [-2.912731374, 52.014948288],
              [-2.912902305, 52.014917212],
              [-2.912988272, 52.014896861],
              [-2.913321115, 52.014787229],
              [-2.913342922, 52.014784363],
              [-2.913449268, 52.014785336],
              [-2.913621779, 52.014808356],
              [-2.91388148, 52.014829711],
              [-2.914141772, 52.014803422],
              [-2.914224916, 52.014803676],
              [-2.914563509, 52.014828911],
              [-2.914633475, 52.014831064],
              [-2.91489519, 52.014803864],
              [-2.915160511, 52.01474149],
              [-2.915263741, 52.014725228],
              [-2.915345198, 52.014719382],
              [-2.915418047, 52.014721512],
              [-2.915502962, 52.01473793],
              [-2.915685105, 52.014814803],
              [-2.915775859, 52.01483477],
              [-2.915828114, 52.014822679],
              [-2.915927794, 52.014779658],
              [-2.915972664, 52.014764838],
              [-2.91606117, 52.014745274],
              [-2.916133765, 52.014735002],
              [-2.916180351, 52.014733561],
              [-2.916415336, 52.014750608],
              [-2.916511489, 52.014752557],
              [-2.916560952, 52.014744981],
              [-2.916629, 52.014723778],
              [-2.91671406, 52.014682668],
              [-2.916758657, 52.014654457],
              [-2.916804668, 52.014619044],
              [-2.916944598, 52.01448223],
              [-2.916964744, 52.014474523],
              [-2.917001176, 52.014470105],
              [-2.917033377, 52.014476146],
              [-2.917061281, 52.014489411],
              [-2.917151568, 52.01455702],
              [-2.917263258, 52.014601991],
              [-2.917299858, 52.014611593],
              [-2.917375728, 52.014614597],
              [-2.917409113, 52.014608046],
              [-2.917556619, 52.014553865],
              [-2.91794209, 52.01445109],
              [-2.918035604, 52.014394543],
              [-2.918082981, 52.014355524],
              [-2.918169865, 52.014256873],
              [-2.918309974, 52.014129045],
              [-2.918680779, 52.013949891],
              [-2.919434721, 52.01355472],
              [-2.919830533, 52.013312449],
              [-2.920238775, 52.013114122],
              [-2.920646739, 52.012902403],
              [-2.920902562, 52.012799643],
              [-2.921134936, 52.012689965],
              [-2.921013918, 52.012401396],
              [-2.920918743, 52.012312256],
              [-2.920783134, 52.012161323],
              [-2.920780032, 52.012080452],
              [-2.920790509, 52.011742317],
              [-2.920812242, 52.011665746],
              [-2.920835509, 52.011593657],
              [-2.920980912, 52.011507939],
              [-2.921620094, 52.011342047],
              [-2.921623227, 52.011067786],
              [-2.921618044, 52.011031873],
              [-2.921602273, 52.010971775],
              [-2.921577824, 52.010916148],
              [-2.921504335, 52.010812458],
              [-2.92141246, 52.010737674],
              [-2.921338611, 52.010692411],
              [-2.921155986, 52.010597574],
              [-2.9211132, 52.010567349],
              [-2.920802534, 52.010268577],
              [-2.92070571, 52.010163271],
              [-2.920607215, 52.010052585],
              [-2.920371049, 52.009830531],
              [-2.920397088, 52.009682828],
              [-2.920479916, 52.009457471],
              [-2.920737867, 52.009248631],
              [-2.920981097, 52.009101118],
              [-2.921028271, 52.009058413],
              [-2.921111779, 52.008796198],
              [-2.921182403, 52.008620282],
              [-2.921202231, 52.008591364],
              [-2.921224977, 52.008564221],
              [-2.921592991, 52.008322161],
              [-2.921615627, 52.008289625],
              [-2.921631056, 52.008257146],
              [-2.9216116, 52.008163819],
              [-2.921449958, 52.008165983],
              [-2.921280657, 52.008152028],
              [-2.921239637, 52.00814336],
              [-2.921199641, 52.008108528],
              [-2.921234538, 52.00796534],
              [-2.921403119, 52.007803938],
              [-2.92176502, 52.007971975],
              [-2.922144355, 52.008070574],
              [-2.922506851, 52.008197258],
              [-2.922885155, 52.008315637],
              [-2.92316147, 52.008293697],
              [-2.923271412, 52.008254185],
              [-2.923501684, 52.008113868],
              [-2.923828392, 52.008205774],
              [-2.9238647, 52.008195601],
              [-2.923900777, 52.008180038],
              [-2.924061763, 52.008006108],
              [-2.924164808, 52.00791182],
              [-2.924753729, 52.007437823],
              [-2.925015482, 52.007199373],
              [-2.925087433, 52.007082767],
              [-2.925192443, 52.007019923],
              [-2.925388888, 52.006725268],
              [-2.92557809, 52.006574573],
              [-2.925681237, 52.006561179],
              [-2.925736028, 52.006532884],
              [-2.925792184, 52.006500893],
              [-2.925974448, 52.006369129],
              [-2.926307384, 52.006192944],
              [-2.926414698, 52.006102216],
              [-2.926455989, 52.006054253],
              [-2.926488512, 52.006006359],
              [-2.926511935, 52.005942357],
              [-2.926708851, 52.005880495],
              [-2.927033182, 52.005712556],
              [-2.927101797, 52.005649996],
              [-2.927221165, 52.005503354],
              [-2.927768345, 52.005197843],
              [-2.927971497, 52.005089281],
              [-2.927723755, 52.004941036],
              [-2.927618141, 52.004834907],
              [-2.92750694, 52.004743202],
              [-2.927412825, 52.004629701],
              [-2.927189996, 52.004489439],
              [-2.926953875, 52.004275486],
              [-2.927270084, 52.004209179],
              [-2.927477314, 52.004152718],
              [-2.927669789, 52.004021769],
              [-2.92794573, 52.003913442],
              [-2.928081725, 52.003868327],
              [-2.928272022, 52.00377155],
              [-2.928694672, 52.003636897],
              [-2.929329918, 52.003363132],
              [-2.929511618, 52.003269028],
              [-2.929629871, 52.003214164],
              [-2.929278436, 52.002704419],
              [-2.929107736, 52.002482854],
              [-2.928971208, 52.002217784],
              [-2.928790115, 52.001987222],
              [-2.928429942, 52.00147215],
              [-2.928237061, 52.001234579],
              [-2.927697316, 52.000491627],
              [-2.927405932, 52.000066883],
              [-2.927216443, 51.999853462],
              [-2.927180199, 51.999790829],
              [-2.927176548, 51.999683896],
              [-2.927260084, 51.99949529],
              [-2.92743221, 51.999223294],
              [-2.927849458, 51.99834157],
              [-2.928135802, 51.997820592],
              [-2.928238423, 51.997568018],
              [-2.928301583, 51.997312159],
              [-2.928249842, 51.997063498],
              [-2.928219028, 51.996845323],
              [-2.927850083, 51.996821265],
              [-2.92771133, 51.996662275],
              [-2.927599935, 51.996414983],
              [-2.927372358, 51.99632779],
              [-2.927274498, 51.996316876],
              [-2.926875433, 51.996247211],
              [-2.926660255, 51.996265983],
              [-2.926481664, 51.996294353],
              [-2.92635072, 51.99629808],
              [-2.926299596, 51.996293988],
              [-2.926248519, 51.9962863],
              [-2.925983813, 51.996168836],
              [-2.925846242, 51.996136571],
              [-2.925810949, 51.996119771],
              [-2.925784402, 51.996102003],
              [-2.925806231, 51.996030823],
              [-2.925870673, 51.995906276],
              [-2.925855031, 51.995852468],
              [-2.925472802, 51.995684603],
              [-2.925171649, 51.995488236],
              [-2.924895772, 51.995317826],
              [-2.924807985, 51.995084727],
              [-2.924625114, 51.994835297],
              [-2.924044431, 51.994785924],
              [-2.923856079, 51.99476583],
              [-2.923603262, 51.994583461],
              [-2.923246701, 51.994384018],
              [-2.923009757, 51.994190737],
              [-2.922589232, 51.993928785],
              [-2.922283588, 51.99372894],
              [-2.921866794, 51.993431901],
              [-2.921840121, 51.993407841],
              [-2.921843908, 51.993381745],
              [-2.921904754, 51.993151975],
              [-2.921819925, 51.992851437],
              [-2.921910112, 51.992629526],
              [-2.921819086, 51.992383866],
              [-2.92196609, 51.992168791],
              [-2.921716445, 51.991993584],
              [-2.921654007, 51.991718937],
              [-2.921557343, 51.991485096],
              [-2.921132087, 51.991201604],
              [-2.920985875, 51.991098392],
              [-2.920877474, 51.991000367],
              [-2.920777976, 51.990903172],
              [-2.92071134, 51.990710352],
              [-2.921199097, 51.990774849],
              [-2.921401847, 51.990789441],
              [-2.921605982, 51.990801327],
              [-2.922123008, 51.990799975],
              [-2.922651673, 51.990874123],
              [-2.923102853, 51.990929011],
              [-2.923506298, 51.991004047],
              [-2.92364587, 51.990988571],
              [-2.924008537, 51.99092011],
              [-2.924425567, 51.990803492],
              [-2.924796533, 51.990712493],
              [-2.9250627, 51.990698717],
              [-2.926043433, 51.990800667],
              [-2.926388563, 51.990796154],
              [-2.926655995, 51.990767983],
              [-2.926751521, 51.990742064],
              [-2.926844074, 51.990711674],
              [-2.927019736, 51.990612317],
              [-2.927143767, 51.990553815],
              [-2.927316954, 51.990549754],
              [-2.9275623, 51.99058018],
              [-2.927883226, 51.990467903],
              [-2.928062919, 51.990563651],
              [-2.928312344, 51.990442948],
              [-2.928413603, 51.990409792],
              [-2.928834793, 51.990425345],
              [-2.929236666, 51.990279259],
              [-2.929703283, 51.990238723],
              [-2.930106959, 51.990179806],
              [-2.930359141, 51.989978181],
              [-2.930817841, 51.990048261],
              [-2.930983931, 51.989841113],
              [-2.931351137, 51.989853489],
              [-2.931698349, 51.989949615],
              [-2.931876134, 51.98974498],
              [-2.931930723, 51.989499973],
              [-2.931939666, 51.989300359],
              [-2.931924175, 51.98911523],
              [-2.931862945, 51.988971001],
              [-2.932477116, 51.988601119],
              [-2.932934152, 51.988516513],
              [-2.933078834, 51.988406606],
              [-2.933282767, 51.98819547],
              [-2.933264432, 51.987804529],
              [-2.933251759, 51.987755193],
              [-2.933234802, 51.987707689],
              [-2.933168433, 51.987599365],
              [-2.933128263, 51.987486429],
              [-2.933087955, 51.987372596],
              [-2.933072495, 51.987258475],
              [-2.932772827, 51.986710668],
              [-2.932747108, 51.986593932],
              [-2.93264254, 51.986328613],
              [-2.932719903, 51.986197668],
              [-2.932651669, 51.986068775],
              [-2.93255063, 51.985759385],
              [-2.932469164, 51.985554105],
              [-2.932311221, 51.985100362],
              [-2.9322993, 51.985017762],
              [-2.932172666, 51.984811132],
              [-2.93264845, 51.984862194],
              [-2.932875588, 51.984861293],
              [-2.933287189, 51.984695251],
              [-2.933745226, 51.98452803],
              [-2.933995844, 51.984392024],
              [-2.934139108, 51.984353137],
              [-2.934434188, 51.98425372],
              [-2.934754492, 51.984183764],
              [-2.935238564, 51.984142978],
              [-2.935424234, 51.984249454],
              [-2.935795423, 51.984172799],
              [-2.936109026, 51.984270976],
              [-2.936562883, 51.98424939],
              [-2.936949018, 51.984256205],
              [-2.937374062, 51.984251923],
              [-2.937753262, 51.98428306],
              [-2.937393515, 51.983999103],
              [-2.937006684, 51.983671318],
              [-2.93664093, 51.983311905],
              [-2.936012482, 51.982640792],
              [-2.935786841, 51.98236745],
              [-2.935683137, 51.982207291],
              [-2.935511691, 51.981740266],
              [-2.935448604, 51.981506978],
              [-2.935318133, 51.981462174],
              [-2.935307756, 51.981246444],
              [-2.935176983, 51.98069721],
              [-2.935178328, 51.980554284],
              [-2.935240248, 51.980311014],
              [-2.935260986, 51.980119396],
              [-2.935286315, 51.980004052],
              [-2.935203779, 51.979678338],
              [-2.935237657, 51.979558522],
              [-2.935239321, 51.979500084],
              [-2.935235147, 51.979438007],
              [-2.935187563, 51.979251426],
              [-2.935215639, 51.978991347],
              [-2.93510318, 51.978692835],
              [-2.935068533, 51.978637382],
              [-2.935152368, 51.97861065],
              [-2.935171328, 51.978471987],
              [-2.935038859, 51.978123299],
              [-2.934931682, 51.977939887],
              [-2.934958467, 51.977617798],
              [-2.935131488, 51.976697536],
              [-2.935175996, 51.976246681],
              [-2.935165193, 51.976079582],
              [-2.935118303, 51.975856951],
              [-2.935205171, 51.975831992],
              [-2.935457717, 51.97586594],
              [-2.935629451, 51.975858283],
              [-2.936210498, 51.975867147],
              [-2.936353623, 51.975892075],
              [-2.936475865, 51.975888406],
              [-2.936616451, 51.975854929],
              [-2.936839909, 51.975748885],
              [-2.937374134, 51.975607919],
              [-2.93787248, 51.975490695],
              [-2.937983924, 51.975527559],
              [-2.938150446, 51.975483088],
              [-2.938319285, 51.975411632],
              [-2.938602001, 51.975217835],
              [-2.938716513, 51.975263662],
              [-2.939363625, 51.974879098],
              [-2.939706697, 51.974719062],
              [-2.939779254, 51.974635699],
              [-2.93991913, 51.97457436],
              [-2.940009653, 51.974443305],
              [-2.940105533, 51.974436247],
              [-2.940341897, 51.974391215],
              [-2.940395216, 51.974363734],
              [-2.940438355, 51.974337323],
              [-2.94041544, 51.974286271],
              [-2.940579379, 51.97419328],
              [-2.94080326, 51.974039496],
              [-2.941068453, 51.97390974],
              [-2.941204571, 51.973875395],
              [-2.941385774, 51.973775882],
              [-2.941464723, 51.973717096],
              [-2.941431117, 51.973637097],
              [-2.941230319, 51.973437362],
              [-2.940957196, 51.973251596],
              [-2.940661144, 51.973088485],
              [-2.940512014, 51.973057318],
              [-2.940348563, 51.973041545],
              [-2.94027038, 51.972993632],
              [-2.940244397, 51.972933617],
              [-2.940172058, 51.97288386],
              [-2.940087421, 51.972877345],
              [-2.939868991, 51.972872797],
              [-2.939850649, 51.972828001],
              [-2.939954354, 51.972707537],
              [-2.940026081, 51.972584721],
              [-2.93999882, 51.972325981],
              [-2.939943555, 51.972191596],
              [-2.939881107, 51.972058076],
              [-2.939599176, 51.971875165],
              [-2.939378548, 51.971902992],
              [-2.93925402, 51.971934546],
              [-2.939232472, 51.971879889],
              [-2.939301642, 51.971709365],
              [-2.939332668, 51.97166058],
              [-2.939307357, 51.971563707],
              [-2.939158919, 51.971496489],
              [-2.93898069, 51.971468248],
              [-2.938680076, 51.971499409],
              [-2.938179618, 51.971513285],
              [-2.938011166, 51.971326769],
              [-2.937906623, 51.971062353],
              [-2.937792286, 51.970955402],
              [-2.937612846, 51.970863261],
              [-2.937267698, 51.970790507],
              [-2.936923552, 51.970759989],
              [-2.936721199, 51.970478373],
              [-2.936554533, 51.97030793],
              [-2.936117082, 51.970269163],
              [-2.93595091, 51.970191386],
              [-2.935484451, 51.969946922],
              [-2.935206591, 51.969750485],
              [-2.935132276, 51.969536162],
              [-2.935063669, 51.969457608],
              [-2.934751535, 51.969355731],
              [-2.934390126, 51.969198606],
              [-2.934308466, 51.968977149],
              [-2.934272181, 51.968704098],
              [-2.934032085, 51.968499269],
              [-2.933662492, 51.968363688],
              [-2.933316697, 51.968258569],
              [-2.93333366, 51.968023746],
              [-2.933141724, 51.967958753],
              [-2.932750477, 51.967837723],
              [-2.932554344, 51.967784447],
              [-2.93212646, 51.967719524],
              [-2.931902624, 51.967522561],
              [-2.93158056, 51.967363318],
              [-2.931197664, 51.967360954],
              [-2.930774691, 51.967318458],
              [-2.930765713, 51.967238532],
              [-2.930813705, 51.967162559],
              [-2.930810208, 51.967069107],
              [-2.93070073, 51.966980987],
              [-2.930460384, 51.966901901],
              [-2.930428178, 51.966894066],
              [-2.93006176, 51.966986037],
              [-2.929788084, 51.967123026],
              [-2.929190959, 51.966749147],
              [-2.929146879, 51.966712642],
              [-2.92908656, 51.966662693],
              [-2.928951859, 51.966886759],
              [-2.928840272, 51.966812586],
              [-2.928497484, 51.966584736],
              [-2.928237166, 51.966380954],
              [-2.927882823, 51.966209281],
              [-2.927660418, 51.966086095],
              [-2.92800232, 51.966079804],
              [-2.928410213, 51.966026253],
              [-2.928586546, 51.966033851],
              [-2.928985162, 51.966036638],
              [-2.92910978, 51.965998263],
              [-2.929166894, 51.965870086],
              [-2.928932782, 51.965674187],
              [-2.928764555, 51.965420153],
              [-2.928608927, 51.965218151],
              [-2.928372608, 51.964839714],
              [-2.928459038, 51.964724789],
              [-2.928558846, 51.96462423],
              [-2.928607482, 51.964585196],
              [-2.928706537, 51.964517899],
              [-2.928817435, 51.964460397],
              [-2.92893007, 51.964417263],
              [-2.929041541, 51.96438753],
              [-2.929237486, 51.96435722],
              [-2.929055677, 51.964223829],
              [-2.928658816, 51.964038112],
              [-2.927898405, 51.963652122],
              [-2.927767076, 51.963568666],
              [-2.927383288, 51.96330644],
              [-2.927123557, 51.963135818],
              [-2.927025994, 51.963060184],
              [-2.926721696, 51.962776657],
              [-2.926662244, 51.962716004],
              [-2.926605653, 51.962654429],
              [-2.926345019, 51.962294155],
              [-2.926300593, 51.962240574],
              [-2.926216893, 51.962150359],
              [-2.926055146, 51.961999727],
              [-2.926814434, 51.961565631],
              [-2.927130936, 51.961307057],
              [-2.926717466, 51.961088208],
              [-2.926721192, 51.961059416],
              [-2.926811488, 51.960759749],
              [-2.927225588, 51.960253403],
              [-2.927362747, 51.959986174],
              [-2.927042824, 51.959857463],
              [-2.926676853, 51.959753382],
              [-2.926593703, 51.959177696],
              [-2.926509114, 51.958887045],
              [-2.926020883, 51.958928639],
              [-2.925665743, 51.95878483],
              [-2.925305066, 51.95858183],
              [-2.925181093, 51.958499212],
              [-2.925122313, 51.958470821],
              [-2.925048981, 51.958440836],
              [-2.924956611, 51.958412799],
              [-2.92484558, 51.958387605],
              [-2.924717007, 51.958367043],
              [-2.924594598, 51.958354521],
              [-2.924514522, 51.958352454],
              [-2.924453448, 51.958358327],
              [-2.924388276, 51.958375018],
              [-2.924329271, 51.95839984],
              [-2.924275929, 51.958431628],
              [-2.924231578, 51.958468829],
              [-2.924186269, 51.958529498],
              [-2.924000297, 51.958611854],
              [-2.923677769, 51.958425537],
              [-2.923421589, 51.95821542],
              [-2.924280821, 51.957957808],
              [-2.924572004, 51.957682182],
              [-2.924655066, 51.957619509],
              [-2.924745668, 51.957567563],
              [-2.924933138, 51.957482407],
              [-2.925354977, 51.957328985],
              [-2.92549351, 51.957273965],
              [-2.925509983, 51.9571533],
              [-2.925499795, 51.957014059],
              [-2.925540136, 51.956922059],
              [-2.925606224, 51.956880103],
              [-2.925636029, 51.95684751],
              [-2.925649962, 51.956813244],
              [-2.925649295, 51.956780891],
              [-2.925635507, 51.956752236],
              [-2.925584581, 51.95667983],
              [-2.925415948, 51.956473432],
              [-2.925413667, 51.956438395],
              [-2.925427877, 51.95641761],
              [-2.925631663, 51.956280282],
              [-2.925654379, 51.956253048],
              [-2.925662619, 51.956227815],
              [-2.925678625, 51.956014663],
              [-2.92567171, 51.955964382],
              [-2.925580632, 51.955637738],
              [-2.925469865, 51.955421088],
              [-2.925445259, 51.955356564],
              [-2.925417731, 51.955220066],
              [-2.925416695, 51.955169739],
              [-2.925617748, 51.954830102],
              [-2.925678036, 51.954716373],
              [-2.925657016, 51.954476456],
              [-2.925802022, 51.954380847],
              [-2.925864553, 51.954166429],
              [-2.925984244, 51.953902036],
              [-2.926413138, 51.95381327],
              [-2.926542175, 51.953577566],
              [-2.92629102, 51.953395189],
              [-2.926017065, 51.953160049],
              [-2.925799675, 51.952921676],
              [-2.925509409, 51.952674888],
              [-2.925313305, 51.952479493],
              [-2.925025059, 51.952260642],
              [-2.924542525, 51.951864266],
              [-2.924903577, 51.951662784],
              [-2.925355329, 51.951484767],
              [-2.92509533, 51.951221561],
              [-2.92478391, 51.950937186],
              [-2.924563512, 51.950691734],
              [-2.924308968, 51.950483313],
              [-2.92417067, 51.950338786],
              [-2.923973218, 51.950217104],
              [-2.923771349, 51.950096445],
              [-2.923735208, 51.950106616],
              [-2.923332382, 51.950259884],
              [-2.922903979, 51.950441306],
              [-2.922517084, 51.950663748],
              [-2.922028077, 51.950868022],
              [-2.921710228, 51.950696135],
              [-2.921416113, 51.950476333],
              [-2.92116365, 51.950298449],
              [-2.921093271, 51.950201026],
              [-2.92103124, 51.950153872],
              [-2.92082637, 51.95002685],
              [-2.92070088, 51.949938846],
              [-2.920625905, 51.949898085],
              [-2.920333458, 51.949759253],
              [-2.920249615, 51.949713079],
              [-2.920145851, 51.949549401],
              [-2.920103983, 51.949496696],
              [-2.920024663, 51.949460464],
              [-2.919762231, 51.949363551],
              [-2.919461657, 51.94917894],
              [-2.919031553, 51.949066257],
              [-2.918159216, 51.948810602],
              [-2.918101979, 51.94885689],
              [-2.917701018, 51.948749368],
              [-2.917514018, 51.948709479],
              [-2.917332171, 51.948639888],
              [-2.917217161, 51.948565281],
              [-2.917113529, 51.948477911],
              [-2.916967787, 51.948396353],
              [-2.916818865, 51.948370548],
              [-2.916766019, 51.948343994],
              [-2.916718774, 51.948315599],
              [-2.916716143, 51.948257194],
              [-2.916231954, 51.948126946],
              [-2.916185462, 51.948200204],
              [-2.916142187, 51.948219417],
              [-2.91609154, 51.94823599],
              [-2.915935833, 51.948236303],
              [-2.915804616, 51.948149147],
              [-2.915592591, 51.948099563],
              [-2.915366747, 51.948084241],
              [-2.914694804, 51.948023849],
              [-2.914715476, 51.947896052],
              [-2.914055552, 51.947854349],
              [-2.913716114, 51.947615194],
              [-2.912753714, 51.947009468],
              [-2.912411472, 51.94677923],
              [-2.911994648, 51.946674599],
              [-2.911780937, 51.946612346],
              [-2.911125037, 51.946407095],
              [-2.910914517, 51.946644223],
              [-2.910840293, 51.946716795],
              [-2.910667289, 51.946863747],
              [-2.910522327, 51.946961944],
              [-2.910152842, 51.946967498],
              [-2.909382333, 51.946996914],
              [-2.909149599, 51.947002307],
              [-2.908721807, 51.946995723],
              [-2.908111187, 51.947018413],
              [-2.907357025, 51.947067374],
              [-2.906993524, 51.947078265],
              [-2.906878747, 51.947085442],
              [-2.906391288, 51.947153914],
              [-2.906156777, 51.947071228],
              [-2.905524833, 51.946756012],
              [-2.905140482, 51.946815595],
              [-2.904784025, 51.946890244],
              [-2.904352701, 51.946928614],
              [-2.903616564, 51.946716747],
              [-2.903239208, 51.946617085],
              [-2.902823442, 51.946486346],
              [-2.902431169, 51.946372415],
              [-2.902052665, 51.946215321],
              [-2.901692897, 51.946047207],
              [-2.900517324, 51.945179652],
              [-2.899941598, 51.944763215],
              [-2.899427392, 51.944363473],
              [-2.899117386, 51.944139243],
              [-2.899036205, 51.944008631],
              [-2.899026264, 51.943949383],
              [-2.899024628, 51.943795603],
              [-2.898953605, 51.943591118],
              [-2.898885283, 51.943449622],
              [-2.898759404, 51.943339127],
              [-2.898682719, 51.943067272],
              [-2.898634387, 51.943049664],
              [-2.898474976, 51.943007736],
              [-2.898294114, 51.942984848],
              [-2.898229764, 51.942969968],
              [-2.898063968, 51.942896629],
              [-2.897811297, 51.942773617],
              [-2.897730226, 51.942720305],
              [-2.897610341, 51.942621357],
              [-2.897564726, 51.942595639],
              [-2.897371085, 51.94251532],
              [-2.896794239, 51.942328172],
              [-2.896648895, 51.942263664],
              [-2.896539962, 51.942202473],
              [-2.896432445, 51.942134081],
              [-2.896304, 51.942038793],
              [-2.895992087, 51.94178949],
              [-2.895688625, 51.941602952],
              [-2.895372954, 51.941381451],
              [-2.895119547, 51.941220688],
              [-2.89486976, 51.941024751],
              [-2.894850587, 51.940941304],
              [-2.89464928, 51.94083677],
              [-2.894591731, 51.940795771],
              [-2.894572335, 51.940773447],
              [-2.894549615, 51.940728677],
              [-2.894515423, 51.94046908],
              [-2.894503558, 51.940312771],
              [-2.894520715, 51.940077952],
              [-2.894513069, 51.939989024],
              [-2.894484744, 51.93987958],
              [-2.894440402, 51.939772864],
              [-2.894386131, 51.939673504],
              [-2.894317087, 51.939567066],
              [-2.894217014, 51.939438303],
              [-2.893812661, 51.939074554],
              [-2.89373187, 51.938889916],
              [-2.893521821, 51.938344921],
              [-2.89290382, 51.938213796],
              [-2.892731359, 51.938171959],
              [-2.89260987, 51.938136028],
              [-2.892407766, 51.938062956],
              [-2.892092253, 51.937925937],
              [-2.891851793, 51.937829785],
              [-2.891892923, 51.937629839],
              [-2.891895207, 51.937527353],
              [-2.891890284, 51.93749683],
              [-2.891837229, 51.937385775],
              [-2.89183373, 51.937360544],
              [-2.891838679, 51.937313766],
              [-2.891856543, 51.937265093],
              [-2.891974458, 51.937048386],
              [-2.892001903, 51.936962787],
              [-2.892000365, 51.936812691],
              [-2.891970585, 51.936629462],
              [-2.891950337, 51.936564],
              [-2.891879114, 51.936419735],
              [-2.891448137, 51.935811694],
              [-2.891121564, 51.935478717],
              [-2.891053033, 51.935397441],
              [-2.891230529, 51.935252281],
              [-2.891222947, 51.935238856],
              [-2.891139656, 51.935145018],
              [-2.89104788, 51.935064816],
              [-2.890718791, 51.93490102],
              [-2.890519313, 51.934814353],
              [-2.890412679, 51.934722579],
              [-2.889918161, 51.934501517],
              [-2.889128414, 51.934208979],
              [-2.889073029, 51.933985584],
              [-2.88900837, 51.933875424],
              [-2.888966713, 51.933830797],
              [-2.888866524, 51.933761443],
              [-2.888515005, 51.933566261],
              [-2.888651202, 51.933394452],
              [-2.888730059, 51.933264332],
              [-2.8889199, 51.932912527],
              [-2.889049639, 51.93272971],
              [-2.889073356, 51.932661578],
              [-2.889104025, 51.93261146],
              [-2.889132716, 51.932443159],
              [-2.889138252, 51.932353143],
              [-2.889134829, 51.93223461],
              [-2.889077084, 51.931976628],
              [-2.888980783, 51.931545638],
              [-2.888912855, 51.931397302],
              [-2.888294849, 51.930355799],
              [-2.888066785, 51.929797897],
              [-2.887907898, 51.92947596],
              [-2.887752504, 51.929276149],
              [-2.887617216, 51.929153308],
              [-2.887470589, 51.928990554],
              [-2.887285196, 51.928734791],
              [-2.887072112, 51.928406431],
              [-2.887029625, 51.92831327],
              [-2.887015031, 51.92823599],
              [-2.887022901, 51.92819728],
              [-2.887043924, 51.928156673],
              [-2.88707377, 51.928119595],
              [-2.887113806, 51.928082441],
              [-2.887173905, 51.92804109],
              [-2.887256099, 51.92800137],
              [-2.887345706, 51.927972741],
              [-2.887493551, 51.927948256],
              [-2.887727492, 51.927717285],
              [-2.887865318, 51.927622675],
              [-2.887927196, 51.927592546],
              [-2.88801973, 51.927560388],
              [-2.888110882, 51.927537229],
              [-2.888218105, 51.92752024],
              [-2.888643272, 51.927397484],
              [-2.889767567, 51.927084188],
              [-2.889985715, 51.927037596],
              [-2.890231731, 51.926902616],
              [-2.890595326, 51.926680456],
              [-2.890960543, 51.926546459],
              [-2.890999628, 51.926388865],
              [-2.89121997, 51.926283739],
              [-2.891298558, 51.92620764],
              [-2.891566266, 51.925915284],
              [-2.89173192, 51.925767426],
              [-2.891797799, 51.925715603],
              [-2.892160973, 51.925479149],
              [-2.892268944, 51.925421613],
              [-2.892432195, 51.925364377],
              [-2.892552108, 51.925328682],
              [-2.89308881, 51.925190681],
              [-2.89325867, 51.925170516],
              [-2.893507085, 51.925157305],
              [-2.893908579, 51.92516648],
              [-2.894299421, 51.925146432],
              [-2.894517668, 51.925153762],
              [-2.894814815, 51.925179367],
              [-2.895155904, 51.925219918],
              [-2.895380599, 51.92525596],
              [-2.895568921, 51.925295874],
              [-2.895650585, 51.925302444],
              [-2.895884474, 51.925294371],
              [-2.896130433, 51.925302386],
              [-2.896204785, 51.92530901],
              [-2.896397382, 51.925340801],
              [-2.896977494, 51.925480286],
              [-2.897333568, 51.925400271],
              [-2.89775789, 51.925453662],
              [-2.897958208, 51.925367552],
              [-2.898191537, 51.925253415],
              [-2.898437099, 51.925313561],
              [-2.898667048, 51.925396387],
              [-2.899015563, 51.925442263],
              [-2.899291291, 51.925487795],
              [-2.899533323, 51.925503203],
              [-2.899704042, 51.925400148],
              [-2.899870459, 51.925435729],
              [-2.899964281, 51.925546468],
              [-2.900209972, 51.925540994],
              [-2.90035058, 51.925664858],
              [-2.900494366, 51.925725869],
              [-2.900542275, 51.925771164],
              [-2.900594945, 51.925808692],
              [-2.900662477, 51.925845927],
              [-2.900718176, 51.925867073],
              [-2.900772239, 51.925878344],
              [-2.900826139, 51.925881527],
              [-2.900876899, 51.925877543],
              [-2.900926232, 51.925868177],
              [-2.901028751, 51.925832337],
              [-2.901127763, 51.925765064],
              [-2.90122902, 51.925666224],
              [-2.901256215, 51.92564714],
              [-2.90133103, 51.925616995],
              [-2.901374744, 51.92560848],
              [-2.901451686, 51.9256007],
              [-2.901544681, 51.92559819],
              [-2.901586916, 51.925599664],
              [-2.901712088, 51.925617221],
              [-2.901780651, 51.925616157],
              [-2.901825493, 51.925604128],
              [-2.901981071, 51.925535522],
              [-2.902265396, 51.925423682],
              [-2.902498096, 51.925368327],
              [-2.902546112, 51.925353127],
              [-2.90262672, 51.92531296],
              [-2.902863343, 51.925148452],
              [-2.902900926, 51.925139176],
              [-2.903160345, 51.925094939],
              [-2.903541219, 51.925014624],
              [-2.903677153, 51.925048725],
              [-2.904130533, 51.925175576],
              [-2.904333863, 51.925019322],
              [-2.90472266, 51.924754768],
              [-2.904945708, 51.924619304],
              [-2.905135177, 51.92451331],
              [-2.905396602, 51.923693345],
              [-2.905570043, 51.923577587],
              [-2.905739093, 51.923452245],
              [-2.905931307, 51.923322139],
              [-2.906088865, 51.923197784],
              [-2.906277519, 51.92296254],
              [-2.906289518, 51.922909415],
              [-2.906281488, 51.922802424],
              [-2.906290681, 51.922752916],
              [-2.906338072, 51.922647386],
              [-2.906503703, 51.922501395],
              [-2.906698636, 51.922357785],
              [-2.907102169, 51.92239782],
              [-2.907102162, 51.92239746],
              [-2.907102402, 51.922397459],
              [-2.907109543, 51.92232945],
              [-2.907266587, 51.92225723],
              [-2.907463118, 51.922121696],
              [-2.90808428, 51.921794577],
              [-2.908269948, 51.921679439],
              [-2.908157078, 51.921273041],
              [-2.908166164, 51.921147042],
              [-2.90878815, 51.920855686],
              [-2.908923532, 51.920779766],
              [-2.909111861, 51.920743256],
              [-2.909338865, 51.920609371],
              [-2.909788009, 51.920397725],
              [-2.91025278, 51.920212024],
              [-2.91071393, 51.919995697],
              [-2.910954235, 51.919885616],
              [-2.911240415, 51.919726101],
              [-2.911544207, 51.919578044],
              [-2.911659722, 51.919539757],
              [-2.911764069, 51.919524207],
              [-2.91194233, 51.919565072],
              [-2.912201183, 51.919636861],
              [-2.912277622, 51.919675818],
              [-2.912535612, 51.919923698],
              [-2.912647666, 51.919980716],
              [-2.912724944, 51.920007801],
              [-2.912912941, 51.919967063],
              [-2.913123775, 51.919840576],
              [-2.91346648, 51.919672528],
              [-2.9139377, 51.919492604],
              [-2.914326874, 51.919346124],
              [-2.914576588, 51.919180502],
              [-2.914846827, 51.918945419],
              [-2.915171511, 51.918717193],
              [-2.91550821, 51.918590622],
              [-2.915671217, 51.918400325],
              [-2.915754503, 51.918145392],
              [-2.916016699, 51.917975176],
              [-2.916232872, 51.917711388],
              [-2.916453905, 51.917698161],
              [-2.916686764, 51.917671089],
              [-2.916824792, 51.91762615],
              [-2.917077544, 51.917616361],
              [-2.917408462, 51.91758322],
              [-2.917767452, 51.917504018],
              [-2.917935062, 51.917457768],
              [-2.918188367, 51.917469275],
              [-2.918549991, 51.917378275],
              [-2.918874941, 51.917340683],
              [-2.919055398, 51.917348262],
              [-2.919151324, 51.91734931],
              [-2.919337697, 51.91728853],
              [-2.919700607, 51.917114013],
              [-2.919705139, 51.917112899],
              [-2.919941223, 51.917056134],
              [-2.920040662, 51.916971044],
              [-2.920098841, 51.916966994],
              [-2.920160604, 51.917003364],
              [-2.920259326, 51.917141105],
              [-2.920268578, 51.917376622],
              [-2.921025546, 51.917067966],
              [-2.921338345, 51.916940666],
              [-2.921681697, 51.916800903],
              [-2.922381982, 51.91649421],
              [-2.922790059, 51.916330925],
              [-2.923141911, 51.916185247],
              [-2.923423312, 51.916058997],
              [-2.923846649, 51.915880308],
              [-2.924238625, 51.915639843],
              [-2.924493116, 51.915441085],
              [-2.924743406, 51.915300515],
              [-2.925086268, 51.915073916],
              [-2.92545802, 51.914859133],
              [-2.92581001, 51.914709491],
              [-2.926199169, 51.914542838],
              [-2.926508831, 51.914381123],
              [-2.92678738, 51.914228012],
              [-2.927118725, 51.914083293],
              [-2.92741418, 51.913959619],
              [-2.927918764, 51.913891823],
              [-2.928157002, 51.913882753],
              [-2.928337706, 51.9139029],
              [-2.928551393, 51.913970425],
              [-2.928845895, 51.914079559],
              [-2.92922641, 51.914203383],
              [-2.929421488, 51.914356445],
              [-2.929543528, 51.914438085],
              [-2.929714995, 51.914556458],
              [-2.929888141, 51.914634189],
              [-2.930125439, 51.914718603],
              [-2.930565417, 51.914819032],
              [-2.930901155, 51.914898622],
              [-2.9313288, 51.914906923],
              [-2.931553322, 51.914860382],
              [-2.931849671, 51.914814981],
              [-2.932103049, 51.914824749],
              [-2.932313219, 51.914901374],
              [-2.932467626, 51.915017451],
              [-2.932677797, 51.915094075],
              [-2.933008951, 51.91520093],
              [-2.933299719, 51.915186939],
              [-2.933596637, 51.915168944],
              [-2.933823795, 51.915139726],
              [-2.934050385, 51.915083188],
              [-2.934224851, 51.914952638],
              [-2.934340169, 51.914646561],
              [-2.934424923, 51.914386928],
              [-2.934523153, 51.914147053],
              [-2.934597419, 51.913873122],
              [-2.934809874, 51.913598093],
              [-2.934989514, 51.913359278],
              [-2.935136611, 51.913163867],
              [-2.938053657, 51.912168986],
              [-2.938473445, 51.912025777],
              [-2.938505105, 51.912015008],
              [-2.938875256, 51.911877137],
              [-2.939265567, 51.911631331],
              [-2.939539546, 51.911457373],
              [-2.939848886, 51.911231897],
              [-2.940107197, 51.911002423],
              [-2.940588591, 51.910802536],
              [-2.940893421, 51.910430579],
              [-2.940990774, 51.910322837],
              [-2.941088489, 51.910215182],
              [-2.94129271, 51.909990452],
              [-2.941575969, 51.909825493],
              [-2.941902949, 51.909624948],
              [-2.942232907, 51.909486579],
              [-2.942625845, 51.909379524],
              [-2.942672679, 51.909372318],
              [-2.94345786, 51.909251061],
              [-2.94363482, 51.909236159],
              [-2.943879705, 51.909259543],
              [-2.944308228, 51.909357765],
              [-2.94474723, 51.909458328],
              [-2.944820237, 51.909470326],
              [-2.944895038, 51.909436468],
              [-2.946295664, 51.908846169],
              [-2.946798591, 51.908635297],
              [-2.946830758, 51.908643127],
              [-2.947244881, 51.908774712],
              [-2.948573686, 51.909396981],
              [-2.948636368, 51.909408161],
              [-2.948682847, 51.909406887],
              [-2.948723423, 51.909398471],
              [-2.94875945, 51.909384697],
              [-2.948821116, 51.909341954],
              [-2.949267041, 51.90891212],
              [-2.949595448, 51.908633431],
              [-2.949651278, 51.908592532],
              [-2.949728881, 51.90854966],
              [-2.949829637, 51.908502106],
              [-2.94992051, 51.908469013],
              [-2.950041885, 51.908432978],
              [-2.950299191, 51.908363486],
              [-2.951056772, 51.908236828],
              [-2.951379336, 51.908158717],
              [-2.95145724, 51.908130222],
              [-2.951569256, 51.908065498],
              [-2.951682988, 51.907945839],
              [-2.951718196, 51.907893421],
              [-2.951747728, 51.907844644],
              [-2.951751605, 51.907823938],
              [-2.951745093, 51.907788037],
              [-2.951721179, 51.90775677],
              [-2.951701903, 51.907740747],
              [-2.951375511, 51.907631838],
              [-2.951255287, 51.90758607],
              [-2.951027794, 51.907483642],
              [-2.951007004, 51.907464035],
              [-2.95097995, 51.90742021],
              [-2.95096868, 51.907368976],
              [-2.950979298, 51.907321251],
              [-2.951000462, 51.907290519],
              [-2.951043341, 51.907255117],
              [-2.951169319, 51.907096799],
              [-2.951636767, 51.906723409],
              [-2.951951975, 51.906434035],
              [-2.951979175, 51.906416736],
              [-2.952137339, 51.906335458],
              [-2.952213726, 51.90630338],
              [-2.952329164, 51.906264694],
              [-2.952483811, 51.906221196],
              [-2.952616916, 51.906190456],
              [-2.953085796, 51.906089492],
              [-2.953655664, 51.906093864],
              [-2.953751662, 51.906099377],
              [-2.953846458, 51.906110384],
              [-2.954854156, 51.906262207],
              [-2.955141273, 51.906299426],
              [-2.955384771, 51.906336999],
              [-2.955586266, 51.906377609],
              [-2.955714797, 51.906408115],
              [-2.956010522, 51.906506384],
              [-2.956256961, 51.906541235],
              [-2.956801819, 51.906597927],
              [-2.956941743, 51.906617463],
              [-2.957338673, 51.906757242],
              [-2.957417584, 51.906776375],
              [-2.95764674, 51.90682125],
              [-2.957894486, 51.906849795],
              [-2.957996167, 51.90684627],
              [-2.958177432, 51.906825918],
              [-2.958643252, 51.906789765],
              [-2.959269893, 51.906724435],
              [-2.960015994, 51.906730664],
              [-2.960514474, 51.906736752],
              [-2.960687584, 51.906744328],
              [-2.960776184, 51.906740009],
              [-2.960928352, 51.906715396],
              [-2.961068546, 51.906680094],
              [-2.961414746, 51.906554033],
              [-2.961529985, 51.906506351],
              [-2.962790559, 51.905770485],
              [-2.963279222, 51.905508693],
              [-2.963978021, 51.905153854],
              [-2.96406358, 51.905074863],
              [-2.96424912, 51.905002782],
              [-2.964887244, 51.904781375],
              [-2.964939377, 51.904770162],
              [-2.965046514, 51.904753014],
              [-2.965180067, 51.904743828],
              [-2.965324047, 51.904745793],
              [-2.965449328, 51.904758787],
              [-2.965548628, 51.904778646],
              [-2.965671422, 51.90481539],
              [-2.966023711, 51.904974293],
              [-2.966212823, 51.905046446],
              [-2.966327953, 51.905066714],
              [-2.966396481, 51.905071095],
              [-2.966531589, 51.905067288],
              [-2.966596861, 51.905059561],
              [-2.966799246, 51.905007472],
              [-2.967187479, 51.904881138],
              [-2.96753977, 51.904699729],
              [-2.967858288, 51.904575314],
              [-2.96795079, 51.904552082],
              [-2.968107319, 51.90453012],
              [-2.968342739, 51.904526385],
              [-2.96842138, 51.904532929],
              [-2.968549718, 51.904554344],
              [-2.968742645, 51.904608754],
              [-2.969002703, 51.90466387],
              [-2.969190091, 51.90472255],
              [-2.969393549, 51.904792872],
              [-2.969528515, 51.904849287],
              [-2.969715462, 51.904948688],
              [-2.970415877, 51.905416521],
              [-2.970470161, 51.905443938],
              [-2.970549249, 51.90547115],
              [-2.970642682, 51.905491053],
              [-2.970814665, 51.905507611],
              [-2.970843663, 51.905507372],
              [-2.97096059, 51.905338501],
              [-2.971038046, 51.905251122],
              [-2.971127195, 51.90514468],
              [-2.971217117, 51.905068524],
              [-2.971338368, 51.905033546],
              [-2.971436234, 51.905047839],
              [-2.97149193, 51.905085131],
              [-2.971511402, 51.905137733],
              [-2.971506594, 51.905198176],
              [-2.971496164, 51.905281317],
              [-2.971496625, 51.905302706],
              [-2.971497628, 51.905349168],
              [-2.971475013, 51.905428634],
              [-2.971453254, 51.905553306],
              [-2.971437973, 51.905689339],
              [-2.971579312, 51.905740935],
              [-2.97181045, 51.905705139],
              [-2.972273431, 51.905577362],
              [-2.972374462, 51.905549471],
              [-2.972746204, 51.905531298],
              [-2.972937252, 51.905620323],
              [-2.973068492, 51.905770156],
              [-2.972826287, 51.906031479],
              [-2.972740672, 51.90612387],
              [-2.972607034, 51.906434362],
              [-2.972618026, 51.906593638],
              [-2.972624801, 51.906690839],
              [-2.972633031, 51.906788836],
              [-2.972647048, 51.906871775],
              [-2.972660701, 51.90694339],
              [-2.972650959, 51.907069401],
              [-2.972646481, 51.907128403],
              [-2.972583613, 51.907325143],
              [-2.972541198, 51.90761978],
              [-2.972548548, 51.907715897],
              [-2.972632798, 51.907909623],
              [-2.972771009, 51.908093375],
              [-2.972755383, 51.90834087],
              [-2.97283323, 51.908448988],
              [-2.972834283, 51.90846444],
              [-2.972835507, 51.908482227],
              [-2.972837286, 51.908509088],
              [-2.972856252, 51.90879324],
              [-2.972889384, 51.908961951],
              [-2.972960396, 51.909014396],
              [-2.973004383, 51.909036504],
              [-2.973269707, 51.909134172],
              [-2.973338442, 51.909153379],
              [-2.973465436, 51.909178395],
              [-2.973595189, 51.909197995],
              [-2.973822194, 51.909214184],
              [-2.973953258, 51.909216784],
              [-2.974008461, 51.90921435],
              [-2.974175266, 51.90919589],
              [-2.974963999, 51.909237087],
              [-2.975132672, 51.909304811],
              [-2.975300787, 51.909413168],
              [-2.975349369, 51.909492404],
              [-2.975365738, 51.909595098],
              [-2.975353299, 51.909623964],
              [-2.975329157, 51.909649332],
              [-2.975297588, 51.909669369],
              [-2.975265825, 51.909680419],
              [-2.974935618, 51.909736278],
              [-2.974507766, 51.909849482],
              [-2.974460274, 51.909875943],
              [-2.974417375, 51.909904162],
              [-2.974325237, 51.910082989],
              [-2.974134211, 51.910322768],
              [-2.974080172, 51.910379034],
              [-2.974030076, 51.9104181],
              [-2.973969835, 51.910453654],
              [-2.973915203, 51.910477027],
              [-2.973855823, 51.91049145],
              [-2.973790396, 51.910497835],
              [-2.973732383, 51.910497865],
              [-2.973685748, 51.910491959],
              [-2.973662362, 51.910485861],
              [-2.973477339, 51.910399304],
              [-2.973222293, 51.910439165],
              [-2.973120449, 51.910502029],
              [-2.973041195, 51.910534144],
              [-2.97294007, 51.910563744],
              [-2.972814239, 51.910592649],
              [-2.972377276, 51.910756347],
              [-2.972354395, 51.910773614],
              [-2.972313084, 51.910814404],
              [-2.972260886, 51.910889441],
              [-2.972215532, 51.911009453],
              [-2.972208921, 51.911041867],
              [-2.972210105, 51.911096687],
              [-2.972221262, 51.911141538],
              [-2.972298372, 51.911281931],
              [-2.972334011, 51.911311479],
              [-2.972367778, 51.91132648],
              [-2.972410216, 51.911337815],
              [-2.972433485, 51.911338521],
              [-2.97259738, 51.911323684],
              [-2.972998385, 51.911176462],
              [-2.973067843, 51.911162404],
              [-2.973482124, 51.911158079],
              [-2.973560855, 51.911168214],
              [-2.973623682, 51.911185671],
              [-2.973702977, 51.911221868],
              [-2.973764578, 51.911260189],
              [-2.973791429, 51.911276865],
              [-2.973812268, 51.911303748],
              [-2.973874615, 51.911426376],
              [-2.973879396, 51.911447909],
              [-2.973876074, 51.911493778],
              [-2.97386649, 51.911521722],
              [-2.973810253, 51.911609466],
              [-2.973767388, 51.911644876],
              [-2.973380262, 51.911840884],
              [-2.972300378, 51.912922777],
              [-2.972284772, 51.912938367],
              [-2.972180473, 51.913021024],
              [-2.972062272, 51.913070539],
              [-2.971959722, 51.913101048],
              [-2.971815044, 51.913134602],
              [-2.971558604, 51.913171775],
              [-2.971277609, 51.913298677],
              [-2.971166943, 51.913414194],
              [-2.971256453, 51.913723651],
              [-2.971285318, 51.913783636],
              [-2.971315395, 51.913827521],
              [-2.97139712, 51.913909541],
              [-2.971459114, 51.913954871],
              [-2.971585733, 51.914023038],
              [-2.972199884, 51.91425805],
              [-2.972230115, 51.914309035],
              [-2.972569459, 51.914474586],
              [-2.972638843, 51.914517877],
              [-2.972699401, 51.914563218],
              [-2.972736532, 51.914600663],
              [-2.9727724, 51.914646208],
              [-2.972815309, 51.914745716],
              [-2.97284324, 51.915167138],
              [-2.972837249, 51.915494461],
              [-2.972947561, 51.915617592],
              [-2.973068973, 51.915721844],
              [-2.973461459, 51.916143307],
              [-2.97362163, 51.916332269],
              [-2.973723896, 51.916487824],
              [-2.973759067, 51.916567531],
              [-2.973770305, 51.916615976],
              [-2.973762588, 51.916663769],
              [-2.973748552, 51.916685458],
              [-2.973711416, 51.916719922],
              [-2.973642631, 51.916765434],
              [-2.97350447, 51.916829227],
              [-2.973121309, 51.916927945],
              [-2.97313239, 51.917041199],
              [-2.973129183, 51.91709246],
              [-2.973083475, 51.917329327],
              [-2.973348468, 51.917908156],
              [-2.973757278, 51.917963918],
              [-2.974166101, 51.918108846],
              [-2.974249938, 51.918154892],
              [-2.974446377, 51.918313082],
              [-2.974446497, 51.918313081],
              [-2.974446742, 51.918313349],
              [-2.974641697, 51.918386339],
              [-2.97494729, 51.918596926],
              [-2.975024521, 51.918741901],
              [-2.975047544, 51.918797439],
              [-2.975060438, 51.918855848],
              [-2.975058387, 51.918965885],
              [-2.975015361, 51.919121384],
              [-2.975000859, 51.919193502],
              [-2.975003021, 51.919221349],
              [-2.975030534, 51.91928494],
              [-2.975110682, 51.919359779],
              [-2.975217918, 51.919478528],
              [-2.975284396, 51.919663861],
              [-2.975351687, 51.919881096],
              [-2.975499612, 51.920267366],
              [-2.975602486, 51.920323051],
              [-2.975659296, 51.920454892],
              [-2.975742211, 51.92059083],
              [-2.97593884, 51.920806813],
              [-2.976055303, 51.92095272],
              [-2.976200116, 51.921184052],
              [-2.976025335, 51.921240332],
              [-2.975889, 51.92132245],
              [-2.975675816, 51.921349386],
              [-2.975405246, 51.921278731],
              [-2.975243588, 51.92126569],
              [-2.975077463, 51.921256729],
              [-2.974670823, 51.921274929],
              [-2.974101598, 51.92124279],
              [-2.974039148, 51.921448335],
              [-2.973940573, 51.921934623],
              [-2.974013009, 51.922190287],
              [-2.97401562, 51.922443832],
              [-2.973982353, 51.922585228],
              [-2.974026205, 51.922661358],
              [-2.97400291, 51.922798176],
              [-2.974099168, 51.922941286],
              [-2.9743453, 51.923029134],
              [-2.974389792, 51.923068315],
              [-2.974428487, 51.92311114],
              [-2.974441131, 51.923224381],
              [-2.974553538, 51.923332481],
              [-2.974596, 51.923527001],
              [-2.97466311, 51.923669363],
              [-2.974761317, 51.923907735],
              [-2.974936056, 51.923981791],
              [-2.974952139, 51.924054465],
              [-2.975025572, 51.924222932],
              [-2.974910166, 51.924264336],
              [-2.97472765, 51.924301802],
              [-2.9744849, 51.924436843],
              [-2.974542174, 51.924595556],
              [-2.974570665, 51.924770597],
              [-2.974661851, 51.924955994],
              [-2.974583039, 51.92500968],
              [-2.974508083, 51.925102972],
              [-2.974608211, 51.925230679],
              [-2.974972723, 51.925275299],
              [-2.975115581, 51.925366248],
              [-2.975133491, 51.925445738],
              [-2.975159492, 51.925505746],
              [-2.975165798, 51.925591984],
              [-2.975613957, 51.925739367],
              [-2.975820161, 51.925726871],
              [-2.976021185, 51.925873515],
              [-2.976039176, 51.925890354],
              [-2.976093934, 51.925943831],
              [-2.976160816, 51.926008982],
              [-2.97621078, 51.92610124],
              [-2.976340478, 51.926513727],
              [-2.976213548, 51.92663208],
              [-2.976213793, 51.926632348],
              [-2.976213557, 51.92663253],
              [-2.976307512, 51.926740601],
              [-2.976350028, 51.926821146],
              [-2.976489271, 51.927137376],
              [-2.976659512, 51.927484],
              [-2.976894701, 51.927657324],
              [-2.977005293, 51.927664496],
              [-2.977295567, 51.92776815],
              [-2.977364581, 51.927732522],
              [-2.977444982, 51.927619497],
              [-2.977522465, 51.927504609],
              [-2.977597143, 51.927326914],
              [-2.977787185, 51.927238057],
              [-2.977902869, 51.927209231],
              [-2.97840676, 51.927106169],
              [-2.978573844, 51.927097589],
              [-2.9790682, 51.92709096],
              [-2.979285438, 51.926984706],
              [-2.979560226, 51.927181066],
              [-2.979767896, 51.927301671],
              [-2.98006004, 51.92744692],
              [-2.980253421, 51.927560992],
              [-2.980512086, 51.927682969],
              [-2.980597827, 51.92767776],
              [-2.980738529, 51.927597488],
              [-2.980742294, 51.927434675],
              [-2.980787807, 51.927256322],
              [-2.980900187, 51.92714204],
              [-2.980931676, 51.927051892],
              [-2.981176363, 51.926665052],
              [-2.981220163, 51.926606172],
              [-2.98141828, 51.926492163],
              [-2.981600347, 51.926434016],
              [-2.981748456, 51.926418669],
              [-2.98184919, 51.926375312],
              [-2.982068724, 51.926308763],
              [-2.982498742, 51.926228052],
              [-2.982815323, 51.926136152],
              [-2.983206154, 51.926051092],
              [-2.983347222, 51.925982499],
              [-2.983427956, 51.925885557],
              [-2.983543541, 51.925781222],
              [-2.983655592, 51.925723658],
              [-2.984438183, 51.925662284],
              [-2.984588978, 51.92570956],
              [-2.98459651, 51.925653768],
              [-2.984765464, 51.925665118],
              [-2.985170695, 51.925608335],
              [-2.985354064, 51.92558262],
              [-2.985771394, 51.92564573],
              [-2.986094037, 51.925639432],
              [-2.986555849, 51.925543788],
              [-2.987030118, 51.925617112],
              [-2.987022631, 51.925674792],
              [-2.987123427, 51.925760236],
              [-2.987792152, 51.925630044],
              [-2.987976943, 51.925625436],
              [-2.988185247, 51.925506746],
              [-2.988536665, 51.92548402],
              [-2.988681449, 51.92545404],
              [-2.988824696, 51.925419579],
              [-2.989193889, 51.925300075],
              [-2.989675218, 51.925214591],
              [-2.990063205, 51.925115689],
              [-2.991291621, 51.924855107],
              [-2.992514555, 51.924602108],
              [-2.993798411, 51.924323144],
              [-2.995800085, 51.923995128],
              [-2.996743324, 51.923859325],
              [-2.997609949, 51.923702142],
              [-2.998330071, 51.923578285],
              [-2.998888702, 51.923482131],
              [-2.999235489, 51.923451592],
              [-2.99962007, 51.923481583],
              [-3.000470536, 51.923666082],
              [-3.00089949, 51.92372877],
              [-3.001417159, 51.923796274],
              [-3.002045385, 51.923918025],
              [-3.002348994, 51.924042807],
              [-3.002438644, 51.92408429],
              [-3.002627437, 51.924200432],
              [-3.003042294, 51.924480126],
              [-3.003521573, 51.92478264],
              [-3.003890184, 51.925025872],
              [-3.004578836, 51.925436256],
              [-3.006090984, 51.926188714],
              [-3.006549022, 51.926392254],
              [-3.0071589, 51.926677636],
              [-3.007355501, 51.926755861],
              [-3.007746395, 51.926937679],
              [-3.007921079, 51.927006294],
              [-3.008116782, 51.927124615],
              [-3.008227552, 51.927251843],
              [-3.008266409, 51.927428675],
              [-3.008353998, 51.927703963],
              [-3.008368393, 51.927955609],
              [-3.008928373, 51.928671872],
              [-3.009080381, 51.928899867],
              [-3.009148785, 51.929030514],
              [-3.009222306, 51.929453334],
              [-3.00925257, 51.929508804],
              [-3.009285793, 51.92956254],
              [-3.009414921, 51.929679183],
              [-3.009618843, 51.929885159],
              [-3.009834709, 51.930126268],
              [-3.009962629, 51.930301166],
              [-3.009999132, 51.930367368],
              [-3.010031078, 51.93043361],
              [-3.01007939, 51.930577102],
              [-3.010108705, 51.931044076],
              [-3.010136533, 51.931241945],
              [-3.01012391, 51.931614269],
              [-3.010126765, 51.93172004],
              [-3.010175224, 51.9318647],
              [-3.010268109, 51.932049156],
              [-3.010233325, 51.932251698],
              [-3.010224745, 51.93245698],
              [-3.010251509, 51.932671487],
              [-3.010282719, 51.93282762],
              [-3.01026492, 51.932942826],
              [-3.010112369, 51.933471045],
              [-3.010067078, 51.933526264],
              [-3.009809451, 51.933711931],
              [-3.009726646, 51.933842976],
              [-3.009679456, 51.934075375],
              [-3.009510862, 51.934284727],
              [-3.009450108, 51.934484614],
              [-3.009392032, 51.934750364],
              [-3.009180899, 51.935073696],
              [-3.009052954, 51.935416627],
              [-3.008983355, 51.935724902],
              [-3.008875113, 51.935893107],
              [-3.00862224, 51.936163223],
              [-3.008578094, 51.936269667],
              [-3.008580012, 51.936873861],
              [-3.008522, 51.937201631],
              [-3.008487181, 51.937745377],
              [-3.008493176, 51.937996645],
              [-3.008516756, 51.938074734],
              [-3.00857683, 51.93815961],
              [-3.008806627, 51.938351883],
              [-3.008939994, 51.938651047],
              [-3.009007943, 51.938830236],
              [-3.009235869, 51.939131285],
              [-3.00944787, 51.939438763],
              [-3.009448118, 51.939439121],
              [-3.009796882, 51.939758458],
              [-3.00991273, 51.939864518],
              [-3.010126968, 51.940095033],
              [-3.010435307, 51.940397727],
              [-3.01063592, 51.940582158],
              [-3.010827982, 51.940860951],
              [-3.010896868, 51.941059995],
              [-3.011031739, 51.941366334],
              [-3.0112029, 51.941600903],
              [-3.011285183, 51.941771518],
              [-3.011332252, 51.94192302],
              [-3.011342797, 51.942194473],
              [-3.011538907, 51.942508735],
              [-3.011792212, 51.942955176],
              [-3.012153939, 51.94359259],
              [-3.012327462, 51.943734285],
              [-3.012855906, 51.944540505],
              [-3.013156343, 51.944948156],
              [-3.013429776, 51.945131416],
              [-3.013552001, 51.945200114],
              [-3.013942651, 51.945336252],
              [-3.014153151, 51.945420279],
              [-3.014363655, 51.945504395],
              [-3.014543806, 51.945609626],
              [-3.016403487, 51.946696206],
              [-3.017160989, 51.947165875],
              [-3.017914325, 51.947615082],
              [-3.018300154, 51.947806976],
              [-3.01872781, 51.948060437],
              [-3.018905218, 51.948176022],
              [-3.019339529, 51.948600925],
              [-3.019892217, 51.949055901],
              [-3.020182807, 51.949215806],
              [-3.020525706, 51.949386312],
              [-3.021272849, 51.94973407],
              [-3.021471173, 51.949882548],
              [-3.021617018, 51.950028694],
              [-3.022051967, 51.950669666],
              [-3.022144916, 51.950847731],
              [-3.022206611, 51.951128626],
              [-3.022180023, 51.951378559],
              [-3.022223132, 51.951854937],
              [-3.022212082, 51.952202529],
              [-3.022226104, 51.952433952],
              [-3.022365448, 51.952863383],
              [-3.022569063, 51.953064396],
              [-3.022932262, 51.953344918],
              [-3.023261911, 51.953785277],
              [-3.023536801, 51.954138923],
              [-3.023909575, 51.954665286],
              [-3.02424303, 51.955119092],
              [-3.02465183, 51.955646038],
              [-3.024964591, 51.956002047],
              [-3.025375319, 51.956654813],
              [-3.025393772, 51.956674786],
              [-3.025651898, 51.95696008],
              [-3.02593772, 51.957275874],
              [-3.026150202, 51.957385389],
              [-3.026832669, 51.9577148],
              [-3.027148779, 51.957843275],
              [-3.027737416, 51.958062041],
              [-3.028289544, 51.958289663],
              [-3.028620724, 51.958378902],
              [-3.029795541, 51.958712981],
              [-3.030201132, 51.958823586],
              [-3.03104523, 51.958988596],
              [-3.031624657, 51.959081764],
              [-3.032603082, 51.959222575],
              [-3.033286554, 51.959331541],
              [-3.033604851, 51.959376385],
              [-3.03437364, 51.959521629],
              [-3.034935299, 51.959639835],
              [-3.035328901, 51.959734349],
              [-3.035639959, 51.959969898],
              [-3.035696107, 51.960068368],
              [-3.035747836, 51.960167686],
              [-3.035888275, 51.960575518],
              [-3.035946342, 51.960819585],
              [-3.036339362, 51.961138005],
              [-3.036653546, 51.961508353],
              [-3.036739062, 51.961620855],
              [-3.036821487, 51.961978952],
              [-3.036800277, 51.962443036],
              [-3.036816898, 51.962471653],
              [-3.037049521, 51.962713283],
              [-3.037540621, 51.963115327],
              [-3.037720252, 51.963395175],
              [-3.037896278, 51.963898059],
              [-3.037963947, 51.96443237],
              [-3.03809466, 51.964739794],
              [-3.038317893, 51.965135118],
              [-3.038603567, 51.965422748],
              [-3.038797156, 51.965656809],
              [-3.03893099, 51.965777063],
              [-3.039178301, 51.966086872],
              [-3.039439172, 51.96634982],
              [-3.039602149, 51.96647422],
              [-3.040143938, 51.96686502],
              [-3.040952955, 51.967356912],
              [-3.041441179, 51.967693349],
              [-3.041771267, 51.967881434],
              [-3.042204752, 51.968108243],
              [-3.042953144, 51.968437337],
              [-3.04332344, 51.968578501],
              [-3.043624085, 51.968676508],
              [-3.043751557, 51.96871313],
              [-3.044488021, 51.968910278],
              [-3.045327233, 51.969329335],
              [-3.045357349, 51.969344438],
              [-3.045971624, 51.969659063],
              [-3.046567778, 51.969824097],
              [-3.046738648, 51.96989952],
              [-3.046909208, 51.969977102],
              [-3.047570811, 51.970318264],
              [-3.048039835, 51.970579341],
              [-3.048199009, 51.970662506],
              [-3.049199518, 51.971077942],
              [-3.049729548, 51.971308806],
              [-3.050073768, 51.971462137],
              [-3.050627286, 51.971726944],
              [-3.051408689, 51.97208679],
              [-3.051529339, 51.972210743],
              [-3.051862849, 51.972582675],
              [-3.052010884, 51.97280975],
              [-3.052140543, 51.972938925],
              [-3.052436887, 51.973097171],
              [-3.052561795, 51.97314648],
              [-3.053043851, 51.973218572],
              [-3.053128778, 51.973236688],
              [-3.053212188, 51.973256616],
              [-3.053467531, 51.973345115],
              [-3.054109085, 51.973712576],
              [-3.054463029, 51.973890076],
              [-3.055400921, 51.974398692],
              [-3.055789034, 51.974619925],
              [-3.056041537, 51.974775948],
              [-3.056442015, 51.975088841],
              [-3.05695326, 51.975221777],
              [-3.057077223, 51.975352886],
              [-3.057331568, 51.976076155],
              [-3.057381717, 51.976355338],
              [-3.057437063, 51.976477984],
              [-3.057550873, 51.97661098],
              [-3.058084726, 51.976979118],
              [-3.058593217, 51.977350537],
              [-3.059242644, 51.977849042],
              [-3.059360479, 51.977964023],
              [-3.05947081, 51.978076376],
              [-3.059505213, 51.978298083],
              [-3.059510112, 51.978444641],
              [-3.059551609, 51.978615949],
              [-3.059852002, 51.978805689],
              [-3.060201667, 51.978997592],
              [-3.060920178, 51.979339155],
              [-3.061270944, 51.979394419],
              [-3.061633911, 51.979534065],
              [-3.062081293, 51.979755731],
              [-3.062446002, 51.979948481],
              [-3.062637833, 51.980054612],
              [-3.062812077, 51.980158205],
              [-3.062983464, 51.980262812],
              [-3.063414144, 51.980559229],
              [-3.063869204, 51.98083556],
              [-3.064829057, 51.981363498],
              [-3.066552911, 51.982566379],
              [-3.067183987, 51.983018266],
              [-3.067361598, 51.983136293],
              [-3.067709228, 51.983366034],
              [-3.068247522, 51.983833138],
              [-3.068307065, 51.983888327],
              [-3.068334623, 51.983946502],
              [-3.068537299, 51.984446402],
              [-3.068597739, 51.984867056],
              [-3.068633187, 51.985231398],
              [-3.068596303, 51.985457345],
              [-3.068582759, 51.985624744],
              [-3.06849205, 51.986156879],
              [-3.068514817, 51.986381925],
              [-3.068605873, 51.987084809],
              [-3.06868789, 51.987387787],
              [-3.068851815, 51.987994102],
              [-3.069062113, 51.988676848],
              [-3.069129787, 51.988896632],
              [-3.069418833, 51.989482396],
              [-3.069667606, 51.989778644],
              [-3.070144983, 51.990189666],
              [-3.070525686, 51.99053442],
              [-3.070953187, 51.990842344],
              [-3.071237265, 51.991047395],
              [-3.071742585, 51.991470829],
              [-3.072327222, 51.99198693],
              [-3.072495944, 51.992158063],
              [-3.072833571, 51.99251282],
              [-3.073004145, 51.992700923],
              [-3.073333125, 51.993120565],
              [-3.073546726, 51.993405441],
              [-3.073757471, 51.993691241],
              [-3.074144974, 51.994242388],
              [-3.07470747, 51.994929461],
              [-3.07490232, 51.995167765],
              [-3.075156437, 51.995423595],
              [-3.075624344, 51.995855714],
              [-3.075901902, 51.996082116],
              [-3.076704565, 51.996510902],
              [-3.076896284, 51.996608022],
              [-3.077627143, 51.996911529],
              [-3.078261309, 51.997224007],
              [-3.078612563, 51.997417728],
              [-3.078895758, 51.997622769],
              [-3.079113978, 51.998022376],
              [-3.079386871, 51.998423009],
              [-3.080298511, 51.999498933],
              [-3.080874434, 52.000248053],
              [-3.081099995, 52.000552311],
              [-3.081367782, 52.000914066],
              [-3.081683889, 52.001416677],
              [-3.081989399, 52.001902935],
              [-3.082093031, 52.002096224],
              [-3.082212345, 52.002391838],
              [-3.082439708, 52.00257581],
              [-3.082740791, 52.002858068],
              [-3.08297735, 52.003064516],
              [-3.083219793, 52.003270819],
              [-3.083708795, 52.003674578],
              [-3.084081862, 52.004101783],
              [-3.084220436, 52.00434868],
              [-3.084248303, 52.004477858],
              [-3.08436306, 52.005185365],
              [-3.084585948, 52.006271191],
              [-3.084892541, 52.007077601],
              [-3.085321605, 52.007831558],
              [-3.085443011, 52.008092993],
              [-3.085586511, 52.008423436],
              [-3.08560111, 52.008664283],
              [-3.085670502, 52.008826335],
              [-3.086002723, 52.009667561],
              [-3.086107812, 52.009974088],
              [-3.086196324, 52.010320318],
              [-3.086209915, 52.01082193],
              [-3.086249324, 52.011065155],
              [-3.08629153, 52.011304848],
              [-3.086394576, 52.011710268],
              [-3.086458959, 52.012141301],
              [-3.086425374, 52.012441018],
              [-3.086430049, 52.012752965],
              [-3.086478803, 52.012900825],
              [-3.086622409, 52.013294185],
              [-3.086723754, 52.013450639],
              [-3.086890706, 52.013904904],
              [-3.086986771, 52.014021857],
              [-3.087301152, 52.014243667],
              [-3.087648757, 52.014458069],
              [-3.08789786, 52.014638324],
              [-3.088050161, 52.014785227],
              [-3.088314579, 52.014932982],
              [-3.088503834, 52.015107407],
              [-3.08868367, 52.015255044],
              [-3.089061154, 52.015497029],
              [-3.089270661, 52.015604751],
              [-3.090468136, 52.01618709],
              [-3.090790281, 52.016371067],
              [-3.090982763, 52.016499707],
              [-3.091181581, 52.016701005],
              [-3.091656476, 52.016935788],
              [-3.092464755, 52.017395875],
              [-3.092933864, 52.017747556],
              [-3.093441867, 52.018082696],
              [-3.093861395, 52.018376409],
              [-3.094340275, 52.018709119],
              [-3.09567696, 52.019740524],
              [-3.096794456, 52.020503403],
              [-3.09699925, 52.020652502],
              [-3.097154641, 52.020751726],
              [-3.097217186, 52.020803366],
              [-3.097305302, 52.020893329],
              [-3.09777443, 52.021301619],
              [-3.098485305, 52.021944139],
              [-3.099192705, 52.022679359],
              [-3.098792334, 52.023052612],
              [-3.098401113, 52.023446451],
              [-3.098083095, 52.023787473],
              [-3.096222323, 52.025832338],
              [-3.09537797, 52.026706863],
              [-3.094980264, 52.027073875],
              [-3.094551583, 52.027363693],
              [-3.094107829, 52.027695985],
              [-3.093800011, 52.027984767],
              [-3.093361476, 52.028290043],
              [-3.093281928, 52.028438282],
              [-3.093048167, 52.028590559],
              [-3.09275567, 52.028970968],
              [-3.092694531, 52.029095577],
              [-3.092674174, 52.029576739],
              [-3.092665198, 52.030164848],
              [-3.092626033, 52.030530233],
              [-3.092695235, 52.030677092],
              [-3.092738504, 52.030958119],
              [-3.092807961, 52.031292834],
              [-3.092826584, 52.031519261],
              [-3.092731812, 52.031699011],
              [-3.092716878, 52.031806202],
              [-3.092723388, 52.031949957],
              [-3.092649987, 52.032168249],
              [-3.092568201, 52.032343384],
              [-3.092542454, 52.032480337],
              [-3.092519411, 52.032733127],
              [-3.092431161, 52.032938972],
              [-3.092416855, 52.03301281],
              [-3.092348156, 52.03318252],
              [-3.09214471, 52.033268],
              [-3.092122822, 52.033326628],
              [-3.092044297, 52.03363575],
              [-3.091921776, 52.033870676],
              [-3.091792814, 52.034023866],
              [-3.091684559, 52.034129136],
              [-3.091491412, 52.034277437],
              [-3.091376802, 52.03441791],
              [-3.091370488, 52.034637377],
              [-3.091261098, 52.034814565],
              [-3.091114173, 52.035010166],
              [-3.090861971, 52.035369434],
              [-3.090673514, 52.035532971],
              [-3.090573373, 52.035670613],
              [-3.090516708, 52.035737652],
              [-3.090207082, 52.035896019],
              [-3.089523577, 52.036264757],
              [-3.089388895, 52.036420605],
              [-3.089349019, 52.036520745],
              [-3.089076716, 52.037013314],
              [-3.088360767, 52.037546834],
              [-3.087993509, 52.037852329],
              [-3.08785487, 52.038088208],
              [-3.087757942, 52.038477584],
              [-3.087668305, 52.03862762],
              [-3.087561474, 52.038673549],
              [-3.087528094, 52.038739473],
              [-3.087366396, 52.038803076],
              [-3.087270041, 52.038859694],
              [-3.087139662, 52.038950781],
              [-3.087012134, 52.039045438],
              [-3.086925884, 52.039156882],
              [-3.086844187, 52.039272688],
              [-3.086558784, 52.039767169],
              [-3.0863453, 52.040045173],
              [-3.086280238, 52.040187791],
              [-3.086261568, 52.040320093],
              [-3.086374504, 52.0405852],
              [-3.086373125, 52.040830687],
              [-3.086485482, 52.041136247],
              [-3.086597924, 52.04132136],
              [-3.086770148, 52.041631761],
              [-3.08690054, 52.041729161],
              [-3.087133497, 52.041941296],
              [-3.087476345, 52.04213408],
              [-3.087414318, 52.042401699],
              [-3.087414565, 52.042401967],
              [-3.087414569, 52.042402146],
              [-3.087435296, 52.042423977],
              [-3.087631738, 52.04258764],
              [-3.08792692, 52.042792548],
              [-3.088247471, 52.043136002],
              [-3.08841946, 52.043203444],
              [-3.088542195, 52.043450391],
              [-3.088570977, 52.043496955],
              [-3.088720026, 52.043629506],
              [-3.08911143, 52.043825881],
              [-3.089340358, 52.043955534],
              [-3.089360125, 52.044051528],
              [-3.089311765, 52.044099704],
              [-3.089315655, 52.044141015],
              [-3.089616562, 52.044402582],
              [-3.089770302, 52.044549829],
              [-3.089956079, 52.044813],
              [-3.090142722, 52.04475105],
              [-3.090262438, 52.04475983],
              [-3.090296607, 52.04478558],
              [-3.090329465, 52.044816735],
              [-3.090527002, 52.045083751],
              [-3.090581488, 52.045227961],
              [-3.090672235, 52.045419563],
              [-3.090766931, 52.045477111],
              [-3.090948366, 52.045502397],
              [-3.09100306, 52.045590876],
              [-3.091035826, 52.045682344],
              [-3.091222889, 52.04593858],
              [-3.091408248, 52.046124812],
              [-3.091503373, 52.046194939],
              [-3.091596785, 52.04625888],
              [-3.091734822, 52.046298948],
              [-3.091905762, 52.046554433],
              [-3.092471791, 52.047101256],
              [-3.092732147, 52.047315552],
              [-3.092770597, 52.047393395],
              [-3.092806063, 52.047472164],
              [-3.092899122, 52.048132401],
              [-3.092845725, 52.048264847],
              [-3.092888836, 52.048415453],
              [-3.09293512, 52.048700946],
              [-3.092632524, 52.048791031],
              [-3.0922281, 52.049068928],
              [-3.092122449, 52.049218307],
              [-3.092111111, 52.049295713],
              [-3.092135884, 52.049473364],
              [-3.091757489, 52.049620866],
              [-3.091412839, 52.049840771],
              [-3.091118875, 52.049925289],
              [-3.091059689, 52.049953701],
              [-3.09100353, 52.049982984],
              [-3.090743675, 52.050149969],
              [-3.090587235, 52.050371724],
              [-3.090581743, 52.050506601],
              [-3.090735387, 52.050713081],
              [-3.090774511, 52.050818603],
              [-3.091246251, 52.050904119],
              [-3.091620942, 52.051018486],
              [-3.091776361, 52.051110076],
              [-3.091842549, 52.051196201],
              [-3.092102222, 52.051618228],
              [-3.09220232, 52.05173397],
              [-3.092206229, 52.051736451],
              [-3.092293113, 52.051793531],
              [-3.092386405, 52.051851989],
              [-3.092468842, 52.051884482],
              [-3.092552779, 52.051914354],
              [-3.092868396, 52.05200221],
              [-3.093120188, 52.052233843],
              [-3.09336135, 52.05235996],
              [-3.093491092, 52.052418979],
              [-3.093666441, 52.052489259],
              [-3.094386076, 52.052689849],
              [-3.094709827, 52.052814927],
              [-3.094934182, 52.052927085],
              [-3.095044269, 52.053013249],
              [-3.095034042, 52.053263762],
              [-3.095034287, 52.05326394],
              [-3.095034294, 52.053264209],
              [-3.095187183, 52.053369751],
              [-3.09523026, 52.053405304],
              [-3.095294951, 52.053483891],
              [-3.095342541, 52.053522099],
              [-3.095398798, 52.053555732],
              [-3.095441599, 52.053575108],
              [-3.095476869, 52.053586465],
              [-3.095673216, 52.053625087],
              [-3.095887975, 52.053698683],
              [-3.096073036, 52.053752689],
              [-3.096109881, 52.053769424],
              [-3.096158761, 52.053801328],
              [-3.096199029, 52.053835109],
              [-3.096225313, 52.053896885],
              [-3.096216721, 52.054081318],
              [-3.096230815, 52.054121635],
              [-3.096256681, 52.054166336],
              [-3.096319534, 52.05422867],
              [-3.096493894, 52.054341561],
              [-3.096524142, 52.054368784],
              [-3.09654826, 52.054401007],
              [-3.096588363, 52.054486923],
              [-3.096592226, 52.05458576],
              [-3.096618731, 52.054656522],
              [-3.096645954, 52.054697705],
              [-3.096681974, 52.054739616],
              [-3.096783117, 52.054818671],
              [-3.097028583, 52.054957504],
              [-3.097096086, 52.054973954],
              [-3.097184787, 52.054962341],
              [-3.097394807, 52.054901062],
              [-3.097440859, 52.054876364],
              [-3.097505289, 52.054826327],
              [-3.097596083, 52.054782337],
              [-3.097628072, 52.054777545],
              [-3.097667451, 52.054779874],
              [-3.097713007, 52.054793832],
              [-3.097799121, 52.054853252],
              [-3.097859192, 52.054924599],
              [-3.09792398, 52.055070597],
              [-3.098026749, 52.055235476],
              [-3.098053869, 52.055252751],
              [-3.098111176, 52.055270193],
              [-3.098218114, 52.055286275],
              [-3.098390554, 52.055300936],
              [-3.098433039, 52.055312225],
              [-3.098477352, 52.055334283],
              [-3.098516071, 52.055363584],
              [-3.098559548, 52.055415311],
              [-3.098761576, 52.055827075],
              [-3.098733168, 52.055830846],
              [-3.098728941, 52.055839874],
              [-3.098750415, 52.055881919],
              [-3.098851558, 52.056019487],
              [-3.09888105, 52.056035392],
              [-3.098895761, 52.056037052],
              [-3.099000565, 52.056029783],
              [-3.099221096, 52.056043904],
              [-3.099254926, 52.056055274],
              [-3.099283383, 52.056082872],
              [-3.099315001, 52.056126621],
              [-3.099331192, 52.05618849],
              [-3.099335114, 52.056230699],
              [-3.09932803, 52.056358491],
              [-3.099334728, 52.05639618],
              [-3.099350433, 52.056438279],
              [-3.099382317, 52.056492811],
              [-3.099409463, 52.056525815],
              [-3.09947661, 52.056586399],
              [-3.099804384, 52.056809848],
              [-3.09986129, 52.05686963],
              [-3.09987834, 52.056912615],
              [-3.099882406, 52.056955721],
              [-3.099881607, 52.057060264],
              [-3.099872978, 52.057110411],
              [-3.099879818, 52.057148997],
              [-3.099901143, 52.057184842],
              [-3.09992948, 52.057212441],
              [-3.099963421, 52.057228303],
              [-3.099994234, 52.057234308],
              [-3.100078734, 52.05723262],
              [-3.100199562, 52.057221604],
              [-3.100444352, 52.057150916],
              [-3.100538719, 52.057144642],
              [-3.10059747, 52.057152182],
              [-3.100651875, 52.057168842],
              [-3.100691742, 52.057190941],
              [-3.100821081, 52.057291302],
              [-3.100855067, 52.057308961],
              [-3.1009684, 52.057350148],
              [-3.100986285, 52.057363463],
              [-3.101002917, 52.057389374],
              [-3.101026187, 52.057504299],
              [-3.101055419, 52.057563349],
              [-3.101164254, 52.057661205],
              [-3.101263334, 52.057778027],
              [-3.101277336, 52.057809446],
              [-3.101280973, 52.057839972],
              [-3.101275833, 52.057870581],
              [-3.10124693, 52.057937366],
              [-3.1012519, 52.057963386],
              [-3.101331104, 52.058098371],
              [-3.101398489, 52.058173334],
              [-3.10149814, 52.058249702],
              [-3.101576488, 52.058291216],
              [-3.101666389, 52.058328126],
              [-3.101707435, 52.058339428],
              [-3.101752864, 52.058347991],
              [-3.10208922, 52.058381698],
              [-3.102153613, 52.058393679],
              [-3.102208087, 52.058413034],
              [-3.10269006, 52.058675481],
              [-3.102718078, 52.058685106],
              [-3.102763463, 52.058691872],
              [-3.102827525, 52.058690373],
              [-3.102874021, 52.058683646],
              [-3.103016738, 52.058613998],
              [-3.103122281, 52.058577955],
              [-3.103210943, 52.058564541],
              [-3.103325949, 52.058556273],
              [-3.103384427, 52.058557523],
              [-3.103698893, 52.058595925],
              [-3.104249115, 52.058718944],
              [-3.10456607, 52.058804509],
              [-3.104723552, 52.058860559],
              [-3.1053377, 52.059102969],
              [-3.105392085, 52.059118638],
              [-3.105525379, 52.059139859],
              [-3.105658162, 52.05914041],
              [-3.105710851, 52.059150702],
              [-3.105775566, 52.059170768],
              [-3.105843479, 52.059203388],
              [-3.10591179, 52.059252183],
              [-3.105973126, 52.059315515],
              [-3.106045989, 52.059431681],
              [-3.10617989, 52.059535858],
              [-3.106305106, 52.059648656],
              [-3.106405966, 52.059715122],
              [-3.106530951, 52.059755295],
              [-3.106781454, 52.059798783],
              [-3.106861597, 52.059824995],
              [-3.106919812, 52.059849616],
              [-3.106955379, 52.059872652],
              [-3.107019542, 52.059928676],
              [-3.107230417, 52.06013981],
              [-3.10730639, 52.06020651],
              [-3.107511294, 52.060351185],
              [-3.107819728, 52.060611737],
              [-3.10798649, 52.060867328],
              [-3.107986617, 52.060867596],
              [-3.107986739, 52.060867685],
              [-3.108139033, 52.06107802],
              [-3.108189331, 52.061166533],
              [-3.108211131, 52.061221247],
              [-3.10822111, 52.061269691],
              [-3.108214157, 52.061343461],
              [-3.108064341, 52.06165596],
              [-3.108029023, 52.061759659],
              [-3.107976085, 52.061860917],
              [-3.107965756, 52.061914945],
              [-3.107972596, 52.061958025],
              [-3.107997346, 52.062015318],
              [-3.108020031, 52.062047463],
              [-3.108286774, 52.06232854],
              [-3.108356741, 52.062390441],
              [-3.108429569, 52.062446473],
              [-3.108749971, 52.06266008],
              [-3.108865302, 52.062722812],
              [-3.10892723, 52.062746588],
              [-3.109285615, 52.06284748],
              [-3.109424387, 52.062914486],
              [-3.109495416, 52.062956062],
              [-3.109535769, 52.062992535],
              [-3.109578695, 52.063079408],
              [-3.109623712, 52.06312932],
              [-3.109790057, 52.063250895],
              [-3.109935034, 52.063330425],
              [-3.110006951, 52.063349522],
              [-3.110549084, 52.06338585],
              [-3.110643019, 52.063410132],
              [-3.110675526, 52.063426005],
              [-3.110693461, 52.063441116],
              [-3.11071332, 52.063480478],
              [-3.110712279, 52.063496667],
              [-3.110676542, 52.063583293],
              [-3.110676943, 52.063599468],
              [-3.110686212, 52.063619155],
              [-3.110720608, 52.063652987],
              [-3.110809894, 52.063843689],
              [-3.110837111, 52.06388388],
              [-3.110872839, 52.063913205],
              [-3.11089953, 52.063927335],
              [-3.111030325, 52.063968348],
              [-3.111077574, 52.06397725],
              [-3.1116069, 52.063981875],
              [-3.111694842, 52.063997224],
              [-3.111728726, 52.064010387],
              [-3.111753921, 52.064027228],
              [-3.111773358, 52.064049515],
              [-3.11178134, 52.064075506],
              [-3.111777569, 52.064098013],
              [-3.111756398, 52.064126976],
              [-3.111659012, 52.06449651],
              [-3.111656223, 52.064558557],
              [-3.111632456, 52.064599229],
              [-3.111576831, 52.064650179],
              [-3.111523776, 52.064688431],
              [-3.111393736, 52.064740892],
              [-3.111382362, 52.064752684],
              [-3.111377192, 52.064777001],
              [-3.111382347, 52.06481021],
              [-3.111401993, 52.064836091],
              [-3.111445125, 52.064868043],
              [-3.1115708, 52.064935259],
              [-3.111787438, 52.065023099],
              [-3.112005542, 52.065111824],
              [-3.112167228, 52.065161532],
              [-3.112283009, 52.065183809],
              [-3.112395635, 52.06519533],
              [-3.11306318, 52.065171049],
              [-3.113105455, 52.065173346],
              [-3.113435364, 52.065240428],
              [-3.113812488, 52.065329445],
              [-3.113902413, 52.065366346],
              [-3.113992987, 52.065429308],
              [-3.114080062, 52.065472528],
              [-3.114322754, 52.065548522],
              [-3.114538505, 52.065600412],
              [-3.114679216, 52.065628743],
              [-3.114993965, 52.0656761],
              [-3.116186028, 52.065805033],
              [-3.116324858, 52.065810908],
              [-3.116415738, 52.065828114],
              [-3.116455719, 52.065849307],
              [-3.116498944, 52.065884852],
              [-3.116530497, 52.065925001],
              [-3.116546222, 52.065967097],
              [-3.116555275, 52.066040717],
              [-3.1165547, 52.066133393],
              [-3.116524759, 52.06627839],
              [-3.116531495, 52.066316977],
              [-3.116553104, 52.066363512],
              [-3.116604271, 52.066423249],
              [-3.116632335, 52.066439253],
              [-3.116669086, 52.066451488],
              [-3.116710174, 52.066459188],
              [-3.11674519, 52.066459755],
              [-3.116875899, 52.066434158],
              [-3.116931104, 52.06642914],
              [-3.116982257, 52.066430453],
              [-3.117033493, 52.066439944],
              [-3.117085027, 52.066456534],
              [-3.117129383, 52.066479483],
              [-3.117163584, 52.066505225],
              [-3.117192117, 52.06654001],
              [-3.117206189, 52.066578527],
              [-3.117206728, 52.066600094],
              [-3.117174628, 52.066716349],
              [-3.117193406, 52.066880749],
              [-3.117228205, 52.066935249],
              [-3.117277437, 52.06697523],
              [-3.11739552, 52.067031636],
              [-3.117396498, 52.067032256],
              [-3.117445288, 52.067069005],
              [-3.117477281, 52.067092971],
              [-3.117549693, 52.067189359],
              [-3.117680979, 52.067422802],
              [-3.117721225, 52.067512304],
              [-3.117736008, 52.067584071],
              [-3.117757447, 52.067618923],
              [-3.117956816, 52.067736757],
              [-3.118339122, 52.06801267],
              [-3.118391257, 52.068058016],
              [-3.118436266, 52.068107025],
              [-3.11858548, 52.068297062],
              [-3.118648126, 52.068411609],
              [-3.118662223, 52.068451025],
              [-3.118716829, 52.068705867],
              [-3.11871156, 52.068788611],
              [-3.118695574, 52.068851682],
              [-3.118683319, 52.068885954],
              [-3.118583831, 52.069063611],
              [-3.118470621, 52.069245803],
              [-3.118333748, 52.069665244],
              [-3.118277508, 52.069927431],
              [-3.118407929, 52.070125736],
              [-3.118439854, 52.070175768],
              [-3.11854452, 52.070277333],
              [-3.118570395, 52.070321131],
              [-3.118568402, 52.070414629],
              [-3.118553227, 52.07051014],
              [-3.11856597, 52.070553164],
              [-3.118672899, 52.070687425],
              [-3.119193349, 52.071079411],
              [-3.119363595, 52.071176757],
              [-3.119550775, 52.071263335],
              [-3.1199904, 52.071559191],
              [-3.120093148, 52.071646301],
              [-3.120216438, 52.071789932],
              [-3.120235722, 52.07182022],
              [-3.120319472, 52.072061392],
              [-3.120326625, 52.072111659],
              [-3.120326352, 52.072158402],
              [-3.120294188, 52.072271962],
              [-3.120248986, 52.072330816],
              [-3.120200192, 52.072366335],
              [-3.119843809, 52.072532143],
              [-3.119759474, 52.072594426],
              [-3.119713912, 52.072638902],
              [-3.119694478, 52.072679534],
              [-3.119691117, 52.072718307],
              [-3.119712814, 52.07277293],
              [-3.119747899, 52.072833718],
              [-3.119790141, 52.072887247],
              [-3.119906843, 52.073003077],
              [-3.119935068, 52.07302528],
              [-3.120246771, 52.073184109],
              [-3.120311068, 52.073239226],
              [-3.12037538, 52.073299735],
              [-3.120514751, 52.073508829],
              [-3.120689742, 52.073920004],
              [-3.120735491, 52.074046215],
              [-3.120747546, 52.074296968],
              [-3.120794227, 52.07447],
              [-3.120839358, 52.074523502],
              [-3.120885167, 52.074546436],
              [-3.12093799, 52.074561214],
              [-3.121188716, 52.074604939],
              [-3.121370589, 52.074647072],
              [-3.121599885, 52.0747141],
              [-3.121741515, 52.074772974],
              [-3.121781814, 52.074811241],
              [-3.121795668, 52.074840771],
              [-3.121799421, 52.074870487],
              [-3.121767297, 52.074990339],
              [-3.121737849, 52.075092188],
              [-3.12169379, 52.075201458],
              [-3.121687429, 52.075235674],
              [-3.121703243, 52.075343385],
              [-3.121702001, 52.075409012],
              [-3.121678141, 52.075508202],
              [-3.121669931, 52.075526257],
              [-3.121326458, 52.075972745],
              [-3.121314023, 52.075999829],
              [-3.121300548, 52.076100627],
              [-3.121310005, 52.076127502],
              [-3.12132659, 52.076150804],
              [-3.121382939, 52.076186222],
              [-3.121444612, 52.076203612],
              [-3.121761977, 52.07623205],
              [-3.121883211, 52.076235391],
              [-3.122204432, 52.076359967],
              [-3.122294603, 52.076400725],
              [-3.122335927, 52.076427027],
              [-3.12237493, 52.076466295],
              [-3.122386439, 52.076517419],
              [-3.122355135, 52.076607601],
              [-3.122329492, 52.07663571],
              [-3.122324215, 52.076655535],
              [-3.122331927, 52.076675236],
              [-3.122345496, 52.076688589],
              [-3.122357276, 52.076692971],
              [-3.122627608, 52.076711968],
              [-3.122696506, 52.076724794],
              [-3.122762678, 52.076744028],
              [-3.122815895, 52.076769588],
              [-3.122877051, 52.07688136],
              [-3.122988641, 52.076960563],
              [-3.123168264, 52.077204954],
              [-3.123181376, 52.077262355],
              [-3.123361646, 52.077412631],
              [-3.123599541, 52.077634534],
              [-3.123765618, 52.077751328],
              [-3.123811477, 52.077776059],
              [-3.123903014, 52.07781833],
              [-3.123992882, 52.077851629],
              [-3.124241203, 52.077918471],
              [-3.124649303, 52.078018932],
              [-3.125144865, 52.078109479],
              [-3.125971272, 52.078323509]
            ]
          ],
          [
            [
              [-2.975361051, 51.909511543],
              [-2.975349369, 51.909492404],
              [-2.975345496, 51.909468527],
              [-2.975361051, 51.909511543]
            ]
          ]
        ]
      },
      "properties": {
        "source_name": "Fairfield High School",
        "urn": "140868",
        "db_school_name": "Fairfield High School"
      }
    },
    {
      "type": "Feature",
      "geometry": {
        "type": "Polygon",
        "coordinates": [
          [
            [-2.922760346, 52.142754275],
            [-2.922464575, 52.142796137],
            [-2.92224955, 52.142926441],
            [-2.922145939, 52.142932644],
            [-2.922116513, 52.142855486],
            [-2.922043799, 52.142660112],
            [-2.921921919, 52.142557611],
            [-2.921840508, 52.142436907],
            [-2.921781498, 52.142414898],
            [-2.921681282, 52.142229536],
            [-2.922800186, 52.141359535],
            [-2.923133292, 52.141072811],
            [-2.922755006, 52.140444622],
            [-2.922789075, 52.140396717],
            [-2.923286131, 52.139788909],
            [-2.923747055, 52.139257962],
            [-2.924341921, 52.13889503],
            [-2.924871829, 52.138513999],
            [-2.924943368, 52.13844315],
            [-2.925286537, 52.138294849],
            [-2.925459819, 52.138198034],
            [-2.925736676, 52.138088092],
            [-2.925871299, 52.138026814],
            [-2.925998555, 52.137964695],
            [-2.926084658, 52.137899124],
            [-2.926118061, 52.137738063],
            [-2.926157915, 52.137684719],
            [-2.926202124, 52.13763224],
            [-2.926431883, 52.13748222],
            [-2.926509147, 52.137431998],
            [-2.926652846, 52.137175514],
            [-2.92695962, 52.137033156],
            [-2.927226889, 52.136815877],
            [-2.927408577, 52.136631268],
            [-2.92742559, 52.136609383],
            [-2.927413504, 52.136584311],
            [-2.927277761, 52.136376763],
            [-2.927487983, 52.136156606],
            [-2.927639349, 52.135921722],
            [-2.928022985, 52.135820641],
            [-2.928073278, 52.135777102],
            [-2.928091718, 52.135754307],
            [-2.928114621, 52.135731836],
            [-2.928131321, 52.135550053],
            [-2.928194743, 52.13550641],
            [-2.928265447, 52.135465406],
            [-2.928519716, 52.135394195],
            [-2.928885262, 52.135315635],
            [-2.929006995, 52.135289688],
            [-2.929814163, 52.134852431],
            [-2.930457104, 52.134460416],
            [-2.930716244, 52.134369028],
            [-2.931029003, 52.134237937],
            [-2.931192856, 52.134175523],
            [-2.931569217, 52.134079073],
            [-2.931883181, 52.134155957],
            [-2.931987801, 52.134181825],
            [-2.932193889, 52.134186488],
            [-2.932270771, 52.134158915],
            [-2.932343084, 52.134125986],
            [-2.932416812, 52.134016646],
            [-2.932513304, 52.133947482],
            [-2.932660883, 52.133948112],
            [-2.932728972, 52.133920609],
            [-2.932769482, 52.133835799],
            [-2.932761091, 52.13371093],
            [-2.933483666, 52.133390533],
            [-2.933858519, 52.133372285],
            [-2.934098391, 52.133316365],
            [-2.934315576, 52.133293073],
            [-2.934617139, 52.133318546],
            [-2.935074567, 52.133464213],
            [-2.935230685, 52.133458481],
            [-2.93539459, 52.133467966],
            [-2.935560003, 52.133417218],
            [-2.935693812, 52.133387394],
            [-2.935856929, 52.133399492],
            [-2.935911825, 52.13340364],
            [-2.936288371, 52.133379977],
            [-2.936497799, 52.133612906],
            [-2.936746385, 52.133817391],
            [-2.937105479, 52.133748384],
            [-2.937309781, 52.133736873],
            [-2.938142845, 52.133889338],
            [-2.938322782, 52.133692862],
            [-2.938448675, 52.133498523],
            [-2.938781502, 52.133412283],
            [-2.938932754, 52.133381418],
            [-2.939028357, 52.13333931],
            [-2.939049056, 52.133212322],
            [-2.939117667, 52.133072458],
            [-2.939161655, 52.132941689],
            [-2.939186049, 52.13292172],
            [-2.939478035, 52.132841196],
            [-2.939516961, 52.132744712],
            [-2.93951171, 52.132707004],
            [-2.939497824, 52.132671071],
            [-2.939331697, 52.132550155],
            [-2.939332697, 52.132460265],
            [-2.939354247, 52.132373807],
            [-2.939274573, 52.132268291],
            [-2.939254887, 52.132094076],
            [-2.939403946, 52.131970649],
            [-2.939519794, 52.131837509],
            [-2.939339095, 52.131516182],
            [-2.939333058, 52.131435336],
            [-2.939331296, 52.13121415],
            [-2.939399958, 52.130641773],
            [-2.939469878, 52.130369682],
            [-2.93983388, 52.1302378],
            [-2.94006869, 52.130016974],
            [-2.940527685, 52.129957587],
            [-2.940779703, 52.129850593],
            [-2.940863502, 52.129814601],
            [-2.940734498, 52.129580139],
            [-2.940698561, 52.129332261],
            [-2.940610437, 52.129294405],
            [-2.940346216, 52.129182182],
            [-2.940281916, 52.128971472],
            [-2.940377698, 52.128721015],
            [-2.940389158, 52.128447322],
            [-2.940499664, 52.128249779],
            [-2.940537054, 52.128183597],
            [-2.940337216, 52.127988349],
            [-2.940456276, 52.127750919],
            [-2.940309537, 52.127577628],
            [-2.940513881, 52.127432186],
            [-2.94043386, 52.127241286],
            [-2.940291593, 52.127074341],
            [-2.940066859, 52.126668787],
            [-2.940355844, 52.126516379],
            [-2.940402283, 52.126296606],
            [-2.940394005, 52.126178027],
            [-2.940258012, 52.126034312],
            [-2.940054158, 52.125928079],
            [-2.939960795, 52.125864108],
            [-2.939920661, 52.125828475],
            [-2.939824338, 52.125692532],
            [-2.939830002, 52.125606829],
            [-2.939832172, 52.125578319],
            [-2.939940915, 52.125543297],
            [-2.940020175, 52.125492331],
            [-2.940040992, 52.125439943],
            [-2.940085358, 52.125258926],
            [-2.940100587, 52.125009741],
            [-2.940081594, 52.124937088],
            [-2.940073346, 52.12482561],
            [-2.939914699, 52.124715421],
            [-2.939816342, 52.124620031],
            [-2.939590487, 52.124366476],
            [-2.939577829, 52.124337275],
            [-2.939539724, 52.124249135],
            [-2.93929226, 52.124010132],
            [-2.939251636, 52.123951134],
            [-2.939218276, 52.123893875],
            [-2.93923187, 52.123778627],
            [-2.9393754, 52.123657041],
            [-2.939466187, 52.123598793],
            [-2.939637239, 52.123468808],
            [-2.939725438, 52.123424962],
            [-2.939773656, 52.123352672],
            [-2.939864819, 52.123312397],
            [-2.939931778, 52.123163467],
            [-2.939889035, 52.12294081],
            [-2.940014867, 52.122876889],
            [-2.940123421, 52.122764569],
            [-2.940181626, 52.122680515],
            [-2.94040817, 52.122686797],
            [-2.940591289, 52.12264399],
            [-2.940718304, 52.122642078],
            [-2.940773492, 52.122626357],
            [-2.940867935, 52.122673241],
            [-2.940902072, 52.122767345],
            [-2.940976191, 52.122889892],
            [-2.941099493, 52.122986071],
            [-2.941224964, 52.123047987],
            [-2.941357995, 52.123194331],
            [-2.941478901, 52.123313898],
            [-2.94153233, 52.123357514],
            [-2.941665545, 52.123438243],
            [-2.941720414, 52.123550157],
            [-2.941763446, 52.123580463],
            [-2.941866985, 52.123641655],
            [-2.942060704, 52.123741584],
            [-2.942378555, 52.124005275],
            [-2.942854078, 52.124246941],
            [-2.943029527, 52.124325533],
            [-2.943269544, 52.124416191],
            [-2.943708842, 52.124396497],
            [-2.944224191, 52.12438518],
            [-2.944863156, 52.124347702],
            [-2.945055524, 52.124394697],
            [-2.945708877, 52.124411029],
            [-2.948287615, 52.12443139],
            [-2.949910406, 52.124438369],
            [-2.950857363, 52.124442329],
            [-2.953399082, 52.124477258],
            [-2.954233871, 52.12449612],
            [-2.954207767, 52.124300298],
            [-2.954101714, 52.12412229],
            [-2.953975936, 52.123979317],
            [-2.953913597, 52.123863064],
            [-2.953899463, 52.123680627],
            [-2.95392871, 52.12361208],
            [-2.95401144, 52.123448184],
            [-2.954039419, 52.123393579],
            [-2.954059606, 52.123312521],
            [-2.954057336, 52.12327389],
            [-2.95404483, 52.123235342],
            [-2.954023477, 52.123194169],
            [-2.953968182, 52.123137002],
            [-2.953517947, 52.12297643],
            [-2.953241811, 52.122841772],
            [-2.952748072, 52.12263445],
            [-2.952700681, 52.122603374],
            [-2.952664587, 52.12255423],
            [-2.95265524, 52.12252815],
            [-2.952658717, 52.122482282],
            [-2.952728082, 52.122312743],
            [-2.952732243, 52.122163414],
            [-2.952690008, 52.122035224],
            [-2.952604773, 52.121940637],
            [-2.952579009, 52.121895815],
            [-2.952582481, 52.121855339],
            [-2.952593739, 52.121835474],
            [-2.952638188, 52.121796466],
            [-2.952856313, 52.121696102],
            [-2.952928946, 52.121662887],
            [-2.953182002, 52.12147829],
            [-2.953384492, 52.121452385],
            [-2.953675944, 52.121334618],
            [-2.953593358, 52.121245673],
            [-2.953477221, 52.121209761],
            [-2.953368674, 52.121190865],
            [-2.953309413, 52.121150897],
            [-2.953312948, 52.121107725],
            [-2.953368711, 52.121051547],
            [-2.953518894, 52.120973033],
            [-2.953528902, 52.120894665],
            [-2.9535504, 52.120807305],
            [-2.9534336, 52.120672527],
            [-2.953220591, 52.120685036],
            [-2.953112587, 52.120685909],
            [-2.952980989, 52.12068158],
            [-2.952935467, 52.120670263],
            [-2.952913323, 52.120659656],
            [-2.952923972, 52.120543532],
            [-2.95291409, 52.120351264],
            [-2.952869187, 52.120301203],
            [-2.952657473, 52.120165394],
            [-2.952630001, 52.120113843],
            [-2.952629995, 52.120113574],
            [-2.952629993, 52.120113484],
            [-2.952646351, 52.119988325],
            [-2.952759206, 52.119870566],
            [-2.952707952, 52.119590457],
            [-2.952423418, 52.119535232],
            [-2.95233117, 52.119455982],
            [-2.952472498, 52.119097917],
            [-2.952565699, 52.118945173],
            [-2.952743122, 52.118772063],
            [-2.952853859, 52.118696296],
            [-2.952891372, 52.118671006],
            [-2.952656136, 52.118527297],
            [-2.952471034, 52.118475762],
            [-2.951885072, 52.118329044],
            [-2.952077542, 52.118104851],
            [-2.952550712, 52.118039009],
            [-2.9529625, 52.118031187],
            [-2.953240079, 52.118172844],
            [-2.953582491, 52.118068418],
            [-2.953737149, 52.117855943],
            [-2.954199187, 52.117945681],
            [-2.954343959, 52.118161216],
            [-2.954365464, 52.118209578],
            [-2.954396717, 52.118240784],
            [-2.954436707, 52.11826383],
            [-2.954486658, 52.118279604],
            [-2.954539426, 52.118286367],
            [-2.954584657, 52.118284204],
            [-2.954628271, 52.118273963],
            [-2.954668664, 52.118253862],
            [-2.954698809, 52.118227552],
            [-2.954715614, 52.118196856],
            [-2.954719665, 52.118177948],
            [-2.954708689, 52.118008069],
            [-2.954725153, 52.117955804],
            [-2.954750805, 52.117927732],
            [-2.954788173, 52.117901364],
            [-2.954841752, 52.117878459],
            [-2.954905603, 52.117857269],
            [-2.954955918, 52.117845087],
            [-2.955093406, 52.117832378],
            [-2.955545362, 52.117996796],
            [-2.955812659, 52.118068332],
            [-2.955911834, 52.118060337],
            [-2.95608016, 52.117941226],
            [-2.956174168, 52.117900017],
            [-2.956214892, 52.117889799],
            [-2.956309611, 52.11788184],
            [-2.956378373, 52.117887574],
            [-2.956463499, 52.117903961],
            [-2.956520851, 52.117922371],
            [-2.956559181, 52.117940935],
            [-2.956611101, 52.117975568],
            [-2.95666028, 52.118022807],
            [-2.956687451, 52.11806573],
            [-2.956698377, 52.118097999],
            [-2.956712289, 52.118269651],
            [-2.956701342, 52.118303896],
            [-2.956704847, 52.11833263],
            [-2.956719993, 52.118359471],
            [-2.956746803, 52.118379927],
            [-2.956787907, 52.118393075],
            [-2.956866865, 52.118396929],
            [-2.957038931, 52.118379353],
            [-2.957150744, 52.118354177],
            [-2.957186998, 52.118337704],
            [-2.957225791, 52.118310424],
            [-2.957257187, 52.118275115],
            [-2.957273855, 52.118238128],
            [-2.957279061, 52.118205728],
            [-2.957251889, 52.118027891],
            [-2.957290398, 52.117914327],
            [-2.957836851, 52.117857756],
            [-2.958452238, 52.117815003],
            [-2.958856906, 52.117823397],
            [-2.959326623, 52.117860921],
            [-2.959536162, 52.117827757],
            [-2.959662429, 52.117791675],
            [-2.959710708, 52.117791282],
            [-2.959761834, 52.117794461],
            [-2.960132459, 52.117910986],
            [-2.960144343, 52.118195008],
            [-2.960060156, 52.118424085],
            [-2.960393801, 52.11845022],
            [-2.9605049, 52.118459112],
            [-2.96062958, 52.118371629],
            [-2.96093326, 52.118135549],
            [-2.961005371, 52.118095413],
            [-2.961339651, 52.117949684],
            [-2.961306364, 52.117695498],
            [-2.961082469, 52.117469921],
            [-2.961022393, 52.117392123],
            [-2.960976409, 52.117359242],
            [-2.960955323, 52.117330651],
            [-2.960948747, 52.117299246],
            [-2.960955491, 52.117271327],
            [-2.960975456, 52.117247795],
            [-2.96102446, 52.117219532],
            [-2.961096999, 52.117193773],
            [-2.961168205, 52.117178812],
            [-2.961245543, 52.117174586],
            [-2.961301103, 52.117176829],
            [-2.961552565, 52.117256571],
            [-2.961821304, 52.117260671],
            [-2.961928981, 52.117306531],
            [-2.962146119, 52.117352396],
            [-2.962340028, 52.117337331],
            [-2.9624875, 52.117212539],
            [-2.962536463, 52.117171242],
            [-2.962386069, 52.116964752],
            [-2.962355729, 52.116914665],
            [-2.962403728, 52.116700083],
            [-2.962727846, 52.116631103],
            [-2.963096534, 52.116523828],
            [-2.963138366, 52.116162967],
            [-2.963010472, 52.115922138],
            [-2.963261916, 52.11586166],
            [-2.96346614, 52.115649576],
            [-2.963319485, 52.115487997],
            [-2.963287491, 52.115422645],
            [-2.963279042, 52.115371481],
            [-2.963288055, 52.115314781],
            [-2.963306108, 52.115269692],
            [-2.963325814, 52.11523987],
            [-2.963365951, 52.1152026],
            [-2.963427845, 52.115158052],
            [-2.963495731, 52.115123342],
            [-2.963566681, 52.115096696],
            [-2.963643522, 52.115075215],
            [-2.963655287, 52.115073591],
            [-2.963735334, 52.115061162],
            [-2.963790717, 52.115055316],
            [-2.964240064, 52.11503726],
            [-2.964380485, 52.114971306],
            [-2.964483169, 52.114931007],
            [-2.964585969, 52.114890528],
            [-2.964720799, 52.114844483],
            [-2.96504699, 52.11459913],
            [-2.965179118, 52.11442808],
            [-2.965367298, 52.114098378],
            [-2.96571937, 52.113814072],
            [-2.965799869, 52.113755887],
            [-2.966014726, 52.113630089],
            [-2.966184818, 52.113388618],
            [-2.966413948, 52.113449658],
            [-2.966691616, 52.113372149],
            [-2.966784023, 52.113346853],
            [-2.967071633, 52.113478419],
            [-2.967392735, 52.113605215],
            [-2.9674646, 52.113615501],
            [-2.967503926, 52.113613291],
            [-2.967544623, 52.113602171],
            [-2.96757489, 52.113587541],
            [-2.967597895, 52.113571174],
            [-2.967617757, 52.113543147],
            [-2.967628812, 52.113514294],
            [-2.967622294, 52.113480192],
            [-2.967631912, 52.113318324],
            [-2.967711827, 52.113166575],
            [-2.967794891, 52.11295458],
            [-2.967856174, 52.11288217],
            [-2.967913704, 52.11284215],
            [-2.967974356, 52.112812889],
            [-2.968039696, 52.112794376],
            [-2.968115425, 52.112782968],
            [-2.968185489, 52.112782393],
            [-2.968333409, 52.112835287],
            [-2.968406025, 52.112852487],
            [-2.968820715, 52.112714255],
            [-2.969048847, 52.112590499],
            [-2.969290335, 52.112416389],
            [-2.969496262, 52.112223784],
            [-2.969565066, 52.112159671],
            [-2.969680418, 52.111888086],
            [-2.969761709, 52.111611567],
            [-2.969762066, 52.111611385],
            [-2.970243949, 52.111413272],
            [-2.970332112, 52.111436815],
            [-2.970513604, 52.111394604],
            [-2.970609079, 52.111344562],
            [-2.970734206, 52.111257244],
            [-2.970857888, 52.111169938],
            [-2.971051545, 52.111011678],
            [-2.971221448, 52.1109017],
            [-2.97123113, 52.110604917],
            [-2.971295491, 52.110286741],
            [-2.971329396, 52.110090698],
            [-2.971361731, 52.109894487],
            [-2.971364307, 52.109813571],
            [-2.97136118, 52.109736208],
            [-2.971324431, 52.109590901],
            [-2.971235994, 52.109488175],
            [-2.971143265, 52.109387371],
            [-2.970795024, 52.109623126],
            [-2.97070376, 52.109656235],
            [-2.970674492, 52.109650185],
            [-2.970644987, 52.109638743],
            [-2.970564424, 52.109560309],
            [-2.970451664, 52.109340935],
            [-2.970577468, 52.109218558],
            [-2.970423684, 52.108995028],
            [-2.970343571, 52.108937263],
            [-2.970284722, 52.108916176],
            [-2.970212826, 52.108904184],
            [-2.970098875, 52.108901527],
            [-2.96999092, 52.108903314],
            [-2.969813274, 52.108928145],
            [-2.969646557, 52.108973919],
            [-2.969576387, 52.108980428],
            [-2.969525213, 52.108974558],
            [-2.969481143, 52.108963235],
            [-2.969454629, 52.10895087],
            [-2.969424832, 52.108925948],
            [-2.969400739, 52.10889199],
            [-2.96939453, 52.108872177],
            [-2.969409471, 52.108689593],
            [-2.969398578, 52.108592609],
            [-2.969422987, 52.108568949],
            [-2.969674496, 52.108452729],
            [-2.969758299, 52.108414289],
            [-2.969847374, 52.108413556],
            [-2.97001865, 52.108433718],
            [-2.970136918, 52.108430049],
            [-2.970317684, 52.108216348],
            [-2.970398616, 52.108178829],
            [-2.970601152, 52.108158286],
            [-2.970633116, 52.108149934],
            [-2.970673375, 52.108124435],
            [-2.970686245, 52.108107251],
            [-2.970694073, 52.108068537],
            [-2.970666582, 52.107944726],
            [-2.970627551, 52.107893724],
            [-2.970594944, 52.107872421],
            [-2.970562492, 52.107858307],
            [-2.970478926, 52.107841018],
            [-2.970150825, 52.107861696],
            [-2.970000407, 52.107659799],
            [-2.969838077, 52.107513637],
            [-2.969636489, 52.106712193],
            [-2.969841353, 52.10665496],
            [-2.970150604, 52.106576015],
            [-2.970210098, 52.106554852],
            [-2.97026508, 52.10653103],
            [-2.970322697, 52.106495502],
            [-2.970385701, 52.106441952],
            [-2.970424225, 52.106397592],
            [-2.970452103, 52.106339748],
            [-2.970451815, 52.106054822],
            [-2.970443925, 52.10602963],
            [-2.970403492, 52.105980527],
            [-2.970341481, 52.105952276],
            [-2.970297574, 52.10594275],
            [-2.970173262, 52.105933886],
            [-2.970031709, 52.105940444],
            [-2.969961929, 52.105953602],
            [-2.969316373, 52.106145959],
            [-2.969224803, 52.106164688],
            [-2.969128585, 52.106174468],
            [-2.969030867, 52.10617617],
            [-2.968934278, 52.106168874],
            [-2.968827326, 52.106149979],
            [-2.968767153, 52.106134295],
            [-2.968622655, 52.106071666],
            [-2.968251617, 52.105949238],
            [-2.967983499, 52.105820661],
            [-2.967900368, 52.105756538],
            [-2.967868079, 52.1056831],
            [-2.967840127, 52.105604232],
            [-2.96781768, 52.105429325],
            [-2.967831188, 52.105258167],
            [-2.967979894, 52.105048328],
            [-2.967997858, 52.10472721],
            [-2.96821422, 52.104739814],
            [-2.96842781, 52.104696713],
            [-2.968569515, 52.104697346],
            [-2.968769423, 52.104622898],
            [-2.968868231, 52.104605008],
            [-2.968918898, 52.104582121],
            [-2.968969347, 52.104554742],
            [-2.969073823, 52.104454023],
            [-2.969144343, 52.104408502],
            [-2.969117973, 52.1042694],
            [-2.969069223, 52.104225219],
            [-2.968924304, 52.104092935],
            [-2.968734002, 52.103799594],
            [-2.968634637, 52.103658396],
            [-2.968481148, 52.10351935],
            [-2.968764501, 52.103440531],
            [-2.969187017, 52.103323086],
            [-2.969351914, 52.103277598],
            [-2.96959215, 52.103242365],
            [-2.969859225, 52.103229112],
            [-2.97019239, 52.103182597],
            [-2.970821733, 52.103188111],
            [-2.97157115, 52.103262561],
            [-2.972075219, 52.103292021],
            [-2.972278788, 52.103320003],
            [-2.972476557, 52.103352527],
            [-2.972768579, 52.103429034],
            [-2.972866134, 52.103453306],
            [-2.973413707, 52.103589811],
            [-2.973553982, 52.103624426],
            [-2.974232206, 52.103917053],
            [-2.975146748, 52.104292391],
            [-2.975462017, 52.104407619],
            [-2.975910776, 52.10462133],
            [-2.975969699, 52.104656975],
            [-2.976029095, 52.104703223],
            [-2.976090353, 52.104763027],
            [-2.976132431, 52.104821102],
            [-2.97616155, 52.104881082],
            [-2.976178834, 52.104939363],
            [-2.976185632, 52.104986046],
            [-2.976183784, 52.105033699],
            [-2.976169367, 52.105106713],
            [-2.976265666, 52.105558206],
            [-2.976367727, 52.105700274],
            [-2.976466731, 52.105818099],
            [-2.976572879, 52.10593227],
            [-2.976645909, 52.106001863],
            [-2.976730516, 52.106066776],
            [-2.976837267, 52.106136899],
            [-2.976951277, 52.106214152],
            [-2.977372617, 52.106505115],
            [-2.977583559, 52.106616169],
            [-2.977729439, 52.10667527],
            [-2.977850149, 52.106717412],
            [-2.978099622, 52.106779159],
            [-2.978577424, 52.106860582],
            [-2.978888498, 52.106849011],
            [-2.980395271, 52.106837027],
            [-2.980704876, 52.106857281],
            [-2.981312189, 52.106832992],
            [-2.981690303, 52.106853572],
            [-2.982089044, 52.106815735],
            [-2.982222163, 52.106803301],
            [-2.982780874, 52.106780667],
            [-2.982997664, 52.106812116],
            [-2.983366122, 52.106831513],
            [-2.984038049, 52.106909587],
            [-2.984252417, 52.10695121],
            [-2.984323529, 52.106965896],
            [-2.985139744, 52.107133899],
            [-2.985351393, 52.107139501],
            [-2.985943613, 52.107178591],
            [-2.986055394, 52.10719761],
            [-2.986093086, 52.107203496],
            [-2.98623098, 52.107232903],
            [-2.986363255, 52.107269547],
            [-2.986495589, 52.107314279],
            [-2.986620859, 52.107366262],
            [-2.986727132, 52.107419302],
            [-2.986814526, 52.107473399],
            [-2.986896144, 52.107533027],
            [-2.987015363, 52.107643483],
            [-2.987364794, 52.108190819],
            [-2.987399097, 52.108288504],
            [-2.987404582, 52.10834059],
            [-2.987400115, 52.10839995],
            [-2.987385318, 52.108460386],
            [-2.987122525, 52.108946696],
            [-2.986846271, 52.109243465],
            [-2.9866166, 52.109643568],
            [-2.98650829, 52.109874754],
            [-2.986241711, 52.11034851],
            [-2.985910277, 52.11069886],
            [-2.985543166, 52.111004026],
            [-2.985506879, 52.111029227],
            [-2.985399307, 52.111103201],
            [-2.985256894, 52.11119697],
            [-2.985116874, 52.111273732],
            [-2.984512933, 52.111579436],
            [-2.984279511, 52.111772476],
            [-2.984040392, 52.111925565],
            [-2.983908589, 52.111998392],
            [-2.983513794, 52.112217585],
            [-2.983472195, 52.112247683],
            [-2.983397797, 52.112319311],
            [-2.983351266, 52.112393403],
            [-2.983333313, 52.11244209],
            [-2.983325357, 52.112545611],
            [-2.983249105, 52.112883217],
            [-2.983512801, 52.113233627],
            [-2.983728165, 52.113576171],
            [-2.983911655, 52.113969315],
            [-2.984048132, 52.114338043],
            [-2.984143231, 52.114473601],
            [-2.98441186, 52.114664605],
            [-2.984634889, 52.114846193],
            [-2.984711578, 52.114933009],
            [-2.984736785, 52.11496219],
            [-2.984832707, 52.115140345],
            [-2.984938482, 52.115235635],
            [-2.985053106, 52.115333549],
            [-2.98529749, 52.115500396],
            [-2.985379264, 52.115555619],
            [-2.986951807, 52.116381788],
            [-2.988211556, 52.116636028],
            [-2.988300905, 52.116646964],
            [-2.988412067, 52.116653222],
            [-2.988504008, 52.116650654],
            [-2.988594346, 52.116640908],
            [-2.988700476, 52.116621142],
            [-2.988800629, 52.116592439],
            [-2.989742509, 52.116178804],
            [-2.990213691, 52.115901693],
            [-2.990400176, 52.115775099],
            [-2.990462587, 52.115733319],
            [-2.991154298, 52.115247351],
            [-2.991326993, 52.115134444],
            [-2.991446689, 52.115064228],
            [-2.991713688, 52.11492527],
            [-2.991982731, 52.114807956],
            [-2.992198517, 52.114727044],
            [-2.994304962, 52.114222849],
            [-2.994492147, 52.114171834],
            [-2.994674917, 52.114117261],
            [-2.99510689, 52.113968814],
            [-2.995279166, 52.113902644],
            [-2.995442594, 52.113828459],
            [-2.995556602, 52.113768173],
            [-2.995654417, 52.113705328],
            [-2.99577657, 52.113616121],
            [-2.995861224, 52.113546196],
            [-2.995953763, 52.11344115],
            [-2.996018572, 52.113334451],
            [-2.996059948, 52.113224445],
            [-2.996077105, 52.113140709],
            [-2.99609022, 52.112616401],
            [-2.996104728, 52.112548867],
            [-2.996136572, 52.112470399],
            [-2.996166652, 52.112199418],
            [-2.996176807, 52.11210945],
            [-2.996123485, 52.111883395],
            [-2.996120647, 52.111475262],
            [-2.996085403, 52.111222899],
            [-2.996047212, 52.110816771],
            [-2.996066121, 52.110552356],
            [-2.996120334, 52.110364852],
            [-2.996269043, 52.11016037],
            [-2.996468532, 52.10993847],
            [-2.996555181, 52.109893605],
            [-2.996602007, 52.109871638],
            [-2.996646185, 52.109849692],
            [-2.998277999, 52.109292002],
            [-2.998413236, 52.109266498],
            [-2.998860307, 52.109343695],
            [-2.999110665, 52.109373032],
            [-2.999440167, 52.109350465],
            [-2.999928596, 52.109252754],
            [-3.000359066, 52.109174499],
            [-3.001470917, 52.108787459],
            [-3.001966883, 52.108526988],
            [-3.002069747, 52.108491509],
            [-3.002161197, 52.108467811],
            [-3.002229566, 52.108456444],
            [-3.00237391, 52.108445329],
            [-3.002930649, 52.108463064],
            [-3.003666094, 52.108439726],
            [-3.003914603, 52.108392219],
            [-3.003997567, 52.108376682],
            [-3.004381101, 52.10835346],
            [-3.004873676, 52.10831259],
            [-3.005192223, 52.108263764],
            [-3.005298652, 52.108247756],
            [-3.006926277, 52.107901565],
            [-3.007330663, 52.107772813],
            [-3.007462071, 52.107706076],
            [-3.007622146, 52.107570512],
            [-3.008252253, 52.107457444],
            [-3.008699051, 52.107394568],
            [-3.009417807, 52.107406122],
            [-3.009642695, 52.107405993],
            [-3.00994284, 52.107395782],
            [-3.010042454, 52.107392681],
            [-3.010975773, 52.107277629],
            [-3.011127909, 52.107286571],
            [-3.01117902, 52.107289458],
            [-3.012750564, 52.106995531],
            [-3.013432415, 52.106834532],
            [-3.014769307, 52.106440577],
            [-3.016217877, 52.105998187],
            [-3.016701633, 52.105888762],
            [-3.016932928, 52.105789603],
            [-3.018696764, 52.105416637],
            [-3.019244826, 52.10523474],
            [-3.019988564, 52.105007733],
            [-3.020971418, 52.104766696],
            [-3.021673377, 52.104629743],
            [-3.023025164, 52.10440868],
            [-3.023209521, 52.10436879],
            [-3.02343264, 52.104355168],
            [-3.023834781, 52.104321025],
            [-3.025321984, 52.104026763],
            [-3.026557741, 52.103823747],
            [-3.027275239, 52.103772374],
            [-3.027974584, 52.103758727],
            [-3.028611153, 52.103768813],
            [-3.029381496, 52.103816736],
            [-3.030517299, 52.10386901],
            [-3.031092081, 52.103908925],
            [-3.032512105, 52.103929661],
            [-3.03375792, 52.103923595],
            [-3.035762586, 52.103900333],
            [-3.036217852, 52.10388914],
            [-3.036953114, 52.10392411],
            [-3.037441776, 52.103935809],
            [-3.037604629, 52.103939948],
            [-3.038638339, 52.104058568],
            [-3.039017414, 52.104094416],
            [-3.039653228, 52.104154514],
            [-3.040250461, 52.104201646],
            [-3.041008139, 52.104242505],
            [-3.041604487, 52.104349681],
            [-3.042111336, 52.104485418],
            [-3.042199482, 52.104501986],
            [-3.042290433, 52.104525271],
            [-3.04240534, 52.104569196],
            [-3.042457122, 52.104595703],
            [-3.042514953, 52.104633841],
            [-3.042577453, 52.10468632],
            [-3.042616372, 52.104729119],
            [-3.042662449, 52.104825876],
            [-3.042672578, 52.104883311],
            [-3.042675406, 52.104942609],
            [-3.042654802, 52.105060539],
            [-3.042620264, 52.105143627],
            [-3.042558024, 52.105231364],
            [-3.042411965, 52.105369368],
            [-3.042333447, 52.105430194],
            [-3.042173538, 52.105521581],
            [-3.04198844, 52.105601416],
            [-3.041790111, 52.105666357],
            [-3.041615638, 52.105706279],
            [-3.040643259, 52.105876299],
            [-3.037861276, 52.106313931],
            [-3.036932672, 52.106514274],
            [-3.036144428, 52.106703939],
            [-3.035465368, 52.106825945],
            [-3.035382046, 52.106887798],
            [-3.03513276, 52.107092314],
            [-3.034836949, 52.107414177],
            [-3.034618862, 52.107728885],
            [-3.034473039, 52.108154143],
            [-3.034405056, 52.108707162],
            [-3.034404543, 52.108815026],
            [-3.034435739, 52.108961262],
            [-3.034489567, 52.109081322],
            [-3.034557569, 52.109174024],
            [-3.034635489, 52.109263403],
            [-3.034820401, 52.109429052],
            [-3.034893193, 52.109484141],
            [-3.035120166, 52.109635938],
            [-3.035499971, 52.109831244],
            [-3.035893673, 52.110059773],
            [-3.03604186, 52.110089929],
            [-3.036340541, 52.110125055],
            [-3.036498523, 52.110136249],
            [-3.036593524, 52.110141705],
            [-3.03692807, 52.110145055],
            [-3.037533184, 52.110108271],
            [-3.038048694, 52.110065172],
            [-3.038221136, 52.11005098],
            [-3.039051514, 52.109915849],
            [-3.040115414, 52.109571921],
            [-3.041177172, 52.109260719],
            [-3.041410575, 52.109170931],
            [-3.041488376, 52.109141032],
            [-3.042367082, 52.108689152],
            [-3.042550896, 52.10861562],
            [-3.042840694, 52.108523083],
            [-3.042993227, 52.108486679],
            [-3.043209791, 52.108444315],
            [-3.043387371, 52.108418475],
            [-3.043775095, 52.108389875],
            [-3.043939959, 52.108386617],
            [-3.044169289, 52.108390877],
            [-3.044429587, 52.108406548],
            [-3.044690178, 52.108434799],
            [-3.045526782, 52.108603912],
            [-3.045720725, 52.108670233],
            [-3.045829953, 52.108717801],
            [-3.045926004, 52.108768182],
            [-3.046016382, 52.108823107],
            [-3.046145689, 52.108920921],
            [-3.046426239, 52.109179182],
            [-3.046654604, 52.109316833],
            [-3.046822829, 52.109400369],
            [-3.046960019, 52.109459372],
            [-3.047064588, 52.109498081],
            [-3.047235258, 52.109552293],
            [-3.04740355, 52.109597537],
            [-3.047460023, 52.109613214],
            [-3.047691999, 52.109663284],
            [-3.047938189, 52.109703341],
            [-3.048068613, 52.109720158],
            [-3.048452475, 52.109726721],
            [-3.049281376, 52.109709728],
            [-3.050337496, 52.109622213],
            [-3.051490061, 52.109473787],
            [-3.052260016, 52.109310788],
            [-3.053149873, 52.109019799],
            [-3.053209179, 52.108997248],
            [-3.053738745, 52.10879576],
            [-3.054232718, 52.108519806],
            [-3.054544225, 52.108338062],
            [-3.054899311, 52.108161409],
            [-3.055071239, 52.108085178],
            [-3.05525505, 52.108012524],
            [-3.055412924, 52.10795808],
            [-3.055531784, 52.107923759],
            [-3.05565376, 52.107893904],
            [-3.0558397, 52.107855386],
            [-3.056094239, 52.107810771],
            [-3.056644282, 52.107733035],
            [-3.056923916, 52.107700867],
            [-3.057205142, 52.107674975],
            [-3.057366879, 52.10766184],
            [-3.058460973, 52.107680782],
            [-3.05975663, 52.10776172],
            [-3.062536743, 52.107989803],
            [-3.063792526, 52.108134783],
            [-3.064371441, 52.108218272],
            [-3.064561517, 52.108272732],
            [-3.064704282, 52.108337507],
            [-3.064737085, 52.108360041],
            [-3.065350455, 52.108782613],
            [-3.065476048, 52.108859227],
            [-3.065635597, 52.108935983],
            [-3.065751983, 52.108979873],
            [-3.065859349, 52.109014046],
            [-3.066035658, 52.109056495],
            [-3.066220313, 52.109085385],
            [-3.066354089, 52.109091096],
            [-3.066459982, 52.10910389],
            [-3.067359411, 52.109212597],
            [-3.067805797, 52.109316504],
            [-3.068212353, 52.109340684],
            [-3.068260829, 52.109298539],
            [-3.068276742, 52.109284283],
            [-3.069403, 52.10952853],
            [-3.069913535, 52.109646228],
            [-3.070107377, 52.109676467],
            [-3.07017142, 52.109686132],
            [-3.070281948, 52.109726475],
            [-3.070224577, 52.109829463],
            [-3.070487375, 52.110014124],
            [-3.07058007, 52.110104064],
            [-3.070617934, 52.110156752],
            [-3.070627874, 52.110184705],
            [-3.070644046, 52.110211433],
            [-3.070661692, 52.110279584],
            [-3.070661473, 52.110391042],
            [-3.070715324, 52.110502907],
            [-3.070713047, 52.110593799],
            [-3.070713435, 52.110609975],
            [-3.070694283, 52.110725199],
            [-3.070646411, 52.110857853],
            [-3.070608435, 52.110921116],
            [-3.070549102, 52.11100255],
            [-3.070454985, 52.11109958],
            [-3.070326283, 52.111210496],
            [-3.070188478, 52.111313316],
            [-3.070033358, 52.111417191],
            [-3.06985202, 52.111522293],
            [-3.069658404, 52.111617528],
            [-3.069486486, 52.111693691],
            [-3.069085482, 52.111842131],
            [-3.068811382, 52.111920119],
            [-3.068671971, 52.111951044],
            [-3.068497367, 52.111980491],
            [-3.068287746, 52.112005761],
            [-3.068129739, 52.11200926],
            [-3.068074857, 52.112020274],
            [-3.067914358, 52.112025323],
            [-3.067654247, 52.112018691],
            [-3.066105474, 52.11181627],
            [-3.064299646, 52.111689315],
            [-3.063432776, 52.111741362],
            [-3.063239522, 52.111766385],
            [-3.06310881, 52.11179363],
            [-3.062884105, 52.111863159],
            [-3.062791448, 52.111900846],
            [-3.062707827, 52.111943845],
            [-3.062671359, 52.111974824],
            [-3.062650277, 52.111979419],
            [-3.062561804, 52.112066504],
            [-3.062505901, 52.112171362],
            [-3.062495272, 52.112215501],
            [-3.062493908, 52.112284723],
            [-3.062637473, 52.112483959],
            [-3.062646739, 52.112509043],
            [-3.06263882, 52.11255073],
            [-3.062667917, 52.112599634],
            [-3.062657297, 52.112704893],
            [-3.062642355, 52.112749969],
            [-3.062257854, 52.11341156],
            [-3.062076817, 52.113839418],
            [-3.062006606, 52.113960494],
            [-3.061973646, 52.114047978],
            [-3.061959325, 52.114119204],
            [-3.061955135, 52.114191149],
            [-3.061961156, 52.114262102],
            [-3.061983715, 52.114349985],
            [-3.06200455, 52.114375503],
            [-3.062020821, 52.114436927],
            [-3.062061909, 52.114503969],
            [-3.062113046, 52.114568224],
            [-3.062189402, 52.114644836],
            [-3.062296531, 52.114729349],
            [-3.062473954, 52.114833004],
            [-3.063766792, 52.11534788],
            [-3.064582814, 52.11579685],
            [-3.065425672, 52.116380757],
            [-3.065958343, 52.116797583],
            [-3.066556055, 52.11714398],
            [-3.066976359, 52.117387894],
            [-3.067318711, 52.117534091],
            [-3.06766104, 52.117679298],
            [-3.06814159, 52.117863789],
            [-3.069281714, 52.118210379],
            [-3.069563659, 52.118332759],
            [-3.069850761, 52.118489337],
            [-3.069916115, 52.11853818],
            [-3.070347636, 52.11886692],
            [-3.070857946, 52.119196741],
            [-3.071143958, 52.119367707],
            [-3.071437042, 52.119532226],
            [-3.071806943, 52.119731191],
            [-3.071996273, 52.119827442],
            [-3.072383227, 52.120009172],
            [-3.07270327, 52.120137489],
            [-3.072824125, 52.120180432],
            [-3.073061156, 52.120261956],
            [-3.073302532, 52.120338856],
            [-3.073549657, 52.120409411],
            [-3.073799522, 52.120473649],
            [-3.074053527, 52.120529759],
            [-3.07431324, 52.120577817],
            [-3.074547726, 52.120613431],
            [-3.074754239, 52.120637614],
            [-3.074957711, 52.120655533],
            [-3.07516252, 52.120668946],
            [-3.075573193, 52.120679581],
            [-3.075983434, 52.120672242],
            [-3.076234386, 52.120656468],
            [-3.076486533, 52.12063529],
            [-3.076696233, 52.120611803],
            [-3.077106716, 52.120549629],
            [-3.07994515, 52.120030021],
            [-3.080275132, 52.119965877],
            [-3.080494855, 52.119928809],
            [-3.080832614, 52.119882569],
            [-3.081399544, 52.119831439],
            [-3.081735162, 52.119821169],
            [-3.082018895, 52.119836541],
            [-3.08218139, 52.119853116],
            [-3.082504106, 52.11990678],
            [-3.083446021, 52.120083286],
            [-3.084177406, 52.120189006],
            [-3.084969543, 52.120391146],
            [-3.087821316, 52.121135434],
            [-3.08900723, 52.121493096],
            [-3.0892527, 52.121553747],
            [-3.089424034, 52.121571938],
            [-3.089888341, 52.12156405],
            [-3.090931309, 52.121447442],
            [-3.092211727, 52.121245842],
            [-3.092813194, 52.121173754],
            [-3.094641225, 52.120968847],
            [-3.096442508, 52.120744477],
            [-3.096837448, 52.120707546],
            [-3.098247177, 52.120482206],
            [-3.098660473, 52.120418133],
            [-3.09888422, 52.120373802],
            [-3.099543254, 52.120204878],
            [-3.099647632, 52.120174243],
            [-3.10007277, 52.119999498],
            [-3.100217129, 52.119929749],
            [-3.100411608, 52.119821871],
            [-3.101101755, 52.119318192],
            [-3.101384951, 52.119135779],
            [-3.101844629, 52.118765568],
            [-3.102614425, 52.118235967],
            [-3.103396103, 52.117715239],
            [-3.103794603, 52.11740941],
            [-3.103875016, 52.117354727],
            [-3.104499199, 52.116962291],
            [-3.104979562, 52.116719508],
            [-3.105236832, 52.116848416],
            [-3.105353121, 52.116885975],
            [-3.105433821, 52.116901397],
            [-3.105501177, 52.116907956],
            [-3.105552222, 52.116907478],
            [-3.105654122, 52.116893938],
            [-3.105713409, 52.116866417],
            [-3.105768819, 52.116862302],
            [-3.105820198, 52.116875303],
            [-3.105853009, 52.11690196],
            [-3.105862465, 52.116928836],
            [-3.105942657, 52.117040438],
            [-3.106047518, 52.117146506],
            [-3.106122056, 52.117268048],
            [-3.106074472, 52.117413207],
            [-3.106257189, 52.117478096],
            [-3.106406716, 52.117559385],
            [-3.106446073, 52.117612047],
            [-3.106476566, 52.11766659],
            [-3.106489873, 52.117790594],
            [-3.10646321, 52.118128896],
            [-3.106521987, 52.118557179],
            [-3.106554357, 52.118624288],
            [-3.106603628, 52.118668767],
            [-3.10671188, 52.118731658],
            [-3.107177595, 52.118845032],
            [-3.107560838, 52.118925023],
            [-3.107946566, 52.118930387],
            [-3.108019681, 52.118935992],
            [-3.108109197, 52.118952228],
            [-3.108173934, 52.118969596],
            [-3.108240421, 52.119004116],
            [-3.108286738, 52.119045925],
            [-3.108323557, 52.119117486],
            [-3.10832786, 52.119169578],
            [-3.108346387, 52.119212548],
            [-3.10837077, 52.119253665],
            [-3.108432067, 52.119307109],
            [-3.108500065, 52.11934422],
            [-3.108697033, 52.119390905],
            [-3.108837247, 52.119450707],
            [-3.108985977, 52.119441218],
            [-3.109088394, 52.119448344],
            [-3.109239349, 52.119470294],
            [-3.109408234, 52.119448031],
            [-3.109499241, 52.11946605],
            [-3.109627591, 52.119634812],
            [-3.109681031, 52.119667566],
            [-3.109714867, 52.119677134],
            [-3.109744025, 52.119677759],
            [-3.109867932, 52.119667604],
            [-3.109914713, 52.11966986],
            [-3.110023276, 52.119686814],
            [-3.110416622, 52.119765803],
            [-3.110537668, 52.119814997],
            [-3.110747644, 52.119861556],
            [-3.110805084, 52.119880789],
            [-3.110883396, 52.119916094],
            [-3.111191353, 52.120023749],
            [-3.111396518, 52.119993052],
            [-3.111476846, 52.119993193],
            [-3.111526584, 52.119998117],
            [-3.11182346, 52.120071719],
            [-3.11238985, 52.120174236],
            [-3.112620757, 52.120181045],
            [-3.112699988, 52.120253192],
            [-3.112718956, 52.12037166],
            [-3.112741831, 52.120410094],
            [-3.112783551, 52.120441159],
            [-3.112813068, 52.120456161],
            [-3.113373365, 52.120550731],
            [-3.113540572, 52.120577015],
            [-3.113676786, 52.120591907],
            [-3.11379009, 52.120624993],
            [-3.113806899, 52.120714717],
            [-3.11398682, 52.120898267],
            [-3.114129856, 52.120896915],
            [-3.114474158, 52.121113965],
            [-3.114592987, 52.121194636],
            [-3.114610232, 52.12129694],
            [-3.114664633, 52.121372827],
            [-3.114710869, 52.121411039],
            [-3.114888755, 52.121512813],
            [-3.115026027, 52.121569939],
            [-3.115136055, 52.121592268],
            [-3.115220975, 52.121597757],
            [-3.115468142, 52.121671819],
            [-3.115620036, 52.121726109],
            [-3.115687552, 52.121743537],
            [-3.115759438, 52.121752744],
            [-3.115883573, 52.121751569],
            [-3.116334175, 52.121783256],
            [-3.116415179, 52.121810353],
            [-3.116472309, 52.121817002],
            [-3.116529372, 52.121820956],
            [-3.116660852, 52.121819711],
            [-3.116715047, 52.12182459],
            [-3.116775225, 52.121837503],
            [-3.11708163, 52.121939764],
            [-3.11719634, 52.121971035],
            [-3.117309516, 52.121998725],
            [-3.117466308, 52.122022406],
            [-3.117626256, 52.122013339],
            [-3.117776873, 52.121939465],
            [-3.11784882, 52.121955861],
            [-3.117864834, 52.121955709],
            [-3.117991327, 52.121928443],
            [-3.118189831, 52.121867237],
            [-3.118540238, 52.121802792],
            [-3.118740572, 52.121809879],
            [-3.118949651, 52.121704529],
            [-3.119095879, 52.121710332],
            [-3.119205779, 52.121780296],
            [-3.119393007, 52.121735374],
            [-3.119530063, 52.121725983],
            [-3.119589167, 52.121691266],
            [-3.120013433, 52.121719594],
            [-3.120029537, 52.121723037],
            [-3.120122623, 52.121881246],
            [-3.120188906, 52.121844663],
            [-3.120370192, 52.121908555],
            [-3.120435305, 52.121767718],
            [-3.120585169, 52.12174562],
            [-3.120727446, 52.121766738],
            [-3.120788169, 52.121686165],
            [-3.120966498, 52.121747388],
            [-3.121165583, 52.121767066],
            [-3.121234053, 52.121817649],
            [-3.121251722, 52.121821076],
            [-3.121272002, 52.121818187],
            [-3.121292132, 52.121804513],
            [-3.121300606, 52.121791848],
            [-3.1213023, 52.121744194],
            [-3.121434028, 52.121695303],
            [-3.121570676, 52.121612119],
            [-3.121693456, 52.121614546],
            [-3.121818674, 52.121598973],
            [-3.121835411, 52.121685192],
            [-3.12252609, 52.121733446],
            [-3.122627116, 52.121799897],
            [-3.12263766, 52.1218744],
            [-3.12264663, 52.121881505],
            [-3.122726103, 52.121905016],
            [-3.122768621, 52.121910005],
            [-3.122870639, 52.121900943],
            [-3.123012053, 52.121949931],
            [-3.123057437, 52.121953993],
            [-3.123111363, 52.121948086],
            [-3.123154805, 52.121932392],
            [-3.123246656, 52.121868598],
            [-3.123339523, 52.121845243],
            [-3.123454755, 52.12183965],
            [-3.12354277, 52.121853193],
            [-3.123865159, 52.121953486],
            [-3.123946831, 52.122121778],
            [-3.123978303, 52.122152039],
            [-3.12400629, 52.122163457],
            [-3.124028316, 52.122167741],
            [-3.124487491, 52.122190327],
            [-3.124790967, 52.12240504],
            [-3.124804476, 52.122420191],
            [-3.124824058, 52.122446969],
            [-3.124833776, 52.122483729],
            [-3.124803331, 52.122609047],
            [-3.124837738, 52.122641077],
            [-3.1248794, 52.122669442],
            [-3.125010988, 52.122677175],
            [-3.12516152, 52.122734163],
            [-3.125202949, 52.122758036],
            [-3.125271629, 52.122816703],
            [-3.125312428, 52.12287294],
            [-3.125358069, 52.122944502],
            [-3.12537194, 52.122974031],
            [-3.125383759, 52.123036836],
            [-3.125395937, 52.123056494],
            [-3.125439384, 52.123098325],
            [-3.125506326, 52.123145324],
            [-3.125578707, 52.123178789],
            [-3.125684571, 52.123207529],
            [-3.125736564, 52.123296917],
            [-3.125778129, 52.123326181],
            [-3.125821124, 52.123350039],
            [-3.12591185, 52.123356363],
            [-3.125972032, 52.123369271],
            [-3.126028129, 52.123392105],
            [-3.126069701, 52.123416875],
            [-3.126095185, 52.123443597],
            [-3.126110479, 52.123472214],
            [-3.126120404, 52.12351715],
            [-3.126295045, 52.123665588],
            [-3.126461773, 52.123672084],
            [-3.126728249, 52.123813351],
            [-3.126818987, 52.123839179],
            [-3.126858919, 52.123841854],
            [-3.126942218, 52.123840159],
            [-3.127083659, 52.123832515],
            [-3.127189144, 52.123903413],
            [-3.127351515, 52.123971071],
            [-3.127419701, 52.124009967],
            [-3.127486804, 52.124063256],
            [-3.127543878, 52.124124729],
            [-3.127663656, 52.124298947],
            [-3.127836122, 52.124475356],
            [-3.127918969, 52.124517708],
            [-3.128055948, 52.124562237],
            [-3.128121987, 52.12457329],
            [-3.128190711, 52.124576228],
            [-3.128267976, 52.124569197],
            [-3.128624631, 52.124580164],
            [-3.128672898, 52.124464651],
            [-3.128723202, 52.124434508],
            [-3.128807257, 52.124410243],
            [-3.128945952, 52.124403522],
            [-3.129320368, 52.124421508],
            [-3.129568531, 52.124419131],
            [-3.129816792, 52.124415853],
            [-3.13020781, 52.124395027],
            [-3.130291446, 52.124297151],
            [-3.130473508, 52.124276529],
            [-3.130582977, 52.124328511],
            [-3.130623841, 52.124329917],
            [-3.130663244, 52.124325943],
            [-3.130739143, 52.124264993],
            [-3.130938038, 52.124276568],
            [-3.131011854, 52.12419047],
            [-3.131086198, 52.124187061],
            [-3.131126841, 52.124174986],
            [-3.131200077, 52.124123049],
            [-3.131219834, 52.12409949],
            [-3.131229406, 52.124073242],
            [-3.131234327, 52.124034545],
            [-3.131287212, 52.124049318],
            [-3.131404617, 52.12401044],
            [-3.131606436, 52.124080409],
            [-3.131620863, 52.124012858],
            [-3.131763287, 52.123925203],
            [-3.132013576, 52.123949765],
            [-3.132267867, 52.123837665],
            [-3.132356995, 52.123666839],
            [-3.132518362, 52.12363293],
            [-3.132536902, 52.123618371],
            [-3.132562382, 52.123583071],
            [-3.132603984, 52.123556606],
            [-3.13264033, 52.123550863],
            [-3.132676957, 52.12355141],
            [-3.132718025, 52.123560903],
            [-3.132852513, 52.123564105],
            [-3.13289476, 52.123558306],
            [-3.132936801, 52.123544419],
            [-3.133002978, 52.123508728],
            [-3.133018201, 52.123472629],
            [-3.133071258, 52.12343248],
            [-3.133116075, 52.123414073],
            [-3.13320621, 52.123397027],
            [-3.133370163, 52.123355902],
            [-3.133532221, 52.123292324],
            [-3.133560949, 52.123275869],
            [-3.133583806, 52.123255875],
            [-3.13361619, 52.123207925],
            [-3.133613673, 52.123165704],
            [-3.133596816, 52.123132609],
            [-3.133735733, 52.123082646],
            [-3.133860883, 52.123064365],
            [-3.133987545, 52.123048765],
            [-3.134277998, 52.123037881],
            [-3.134874454, 52.123002479],
            [-3.134985993, 52.123022078],
            [-3.135060638, 52.123025854],
            [-3.135253126, 52.123017708],
            [-3.135360033, 52.123025667],
            [-3.135465398, 52.12303454],
            [-3.135575561, 52.123056848],
            [-3.135689185, 52.123101594],
            [-3.135776534, 52.123150279],
            [-3.136469655, 52.123236179],
            [-3.136809044, 52.123312004],
            [-3.137153376, 52.123529887],
            [-3.137171848, 52.123564763],
            [-3.137172351, 52.123584533],
            [-3.137134397, 52.123640627],
            [-3.137118582, 52.123653363],
            [-3.137043567, 52.123691838],
            [-3.137026519, 52.123708181],
            [-3.137002564, 52.123741759],
            [-3.136985968, 52.123780569],
            [-3.136979796, 52.123821975],
            [-3.136988096, 52.12386414],
            [-3.137009549, 52.123902583],
            [-3.137039609, 52.123933753],
            [-3.137076756, 52.123959461],
            [-3.13729102, 52.124059052],
            [-3.13758333, 52.124177575],
            [-3.137553953, 52.124229991],
            [-3.137548791, 52.124254309],
            [-3.137553767, 52.124279429],
            [-3.13757795, 52.124311553],
            [-3.137616657, 52.12434174],
            [-3.137667052, 52.12436741],
            [-3.137843961, 52.124489742],
            [-3.137904053, 52.124555676],
            [-3.137922503, 52.124589654],
            [-3.137933654, 52.1246255],
            [-3.137933002, 52.124774803],
            [-3.137941308, 52.124812474],
            [-3.138080041, 52.12486866],
            [-3.138131988, 52.124903213],
            [-3.13815303, 52.124925481],
            [-3.138201994, 52.125069811],
            [-3.13829146, 52.125196582],
            [-3.138525583, 52.125328337],
            [-3.138639351, 52.125435099],
            [-3.138704171, 52.125516267],
            [-3.138734049, 52.125540247],
            [-3.138831779, 52.125594222],
            [-3.13890996, 52.125623128],
            [-3.139090574, 52.125829014],
            [-3.139315567, 52.125890657],
            [-3.13938214, 52.125922462],
            [-3.139440288, 52.125968639],
            [-3.139479708, 52.126026683],
            [-3.139487487, 52.12608611],
            [-3.139497975, 52.126166725],
            [-3.139483148, 52.126388072],
            [-3.139555866, 52.126490735],
            [-3.139764918, 52.126725198],
            [-3.140025556, 52.126923208],
            [-3.140085042, 52.126960384],
            [-3.140164969, 52.127000957],
            [-3.140968674, 52.127358199],
            [-3.141366832, 52.127559369],
            [-3.141915056, 52.127858856],
            [-3.14165443, 52.12795396],
            [-3.141224017, 52.129917231],
            [-3.140110216, 52.130295811],
            [-3.137199641, 52.131311113],
            [-3.136730538, 52.13193871],
            [-3.13619438, 52.132682002],
            [-3.13577072, 52.13325972],
            [-3.135230393, 52.133153379],
            [-3.135085362, 52.133196212],
            [-3.134965617, 52.133257586],
            [-3.134819137, 52.133300343],
            [-3.134593448, 52.133387904],
            [-3.134316694, 52.133475957],
            [-3.134131991, 52.133569505],
            [-3.134126758, 52.133591127],
            [-3.134134205, 52.13365667],
            [-3.134215893, 52.133823158],
            [-3.134427906, 52.134463066],
            [-3.134570758, 52.134850976],
            [-3.134817424, 52.135417745],
            [-3.13505472, 52.135900022],
            [-3.135294057, 52.136462365],
            [-3.135605767, 52.137056369],
            [-3.135962963, 52.137827903],
            [-3.135918867, 52.137875157],
            [-3.135868295, 52.137899913],
            [-3.135612043, 52.137932942],
            [-3.135195412, 52.137927067],
            [-3.134826251, 52.137945002],
            [-3.134039677, 52.137930999],
            [-3.133143046, 52.137947709],
            [-3.132950122, 52.137945968],
            [-3.132798302, 52.137954617],
            [-3.132645271, 52.137967772],
            [-3.132493839, 52.137991698],
            [-3.131904521, 52.138031513],
            [-3.13167311, 52.138008567],
            [-3.131391437, 52.137960935],
            [-3.131145058, 52.137927346],
            [-3.130784406, 52.137824653],
            [-3.130660256, 52.137822248],
            [-3.130287412, 52.137756613],
            [-3.130234846, 52.137759814],
            [-3.129969797, 52.137792915],
            [-3.129654731, 52.137815708],
            [-3.129322691, 52.137800912],
            [-3.129049794, 52.137814312],
            [-3.12884216, 52.137807312],
            [-3.128183242, 52.137867549],
            [-3.12780118, 52.137956683],
            [-3.127583497, 52.138014493],
            [-3.1272478, 52.138088711],
            [-3.126777328, 52.13820736],
            [-3.125912954, 52.138461988],
            [-3.125706581, 52.138447779],
            [-3.125317069, 52.138533292],
            [-3.125245233, 52.138579818],
            [-3.124553556, 52.138674592],
            [-3.124308378, 52.138688616],
            [-3.12404113, 52.138749588],
            [-3.123243109, 52.138745508],
            [-3.122848445, 52.138736684],
            [-3.121920823, 52.138690686],
            [-3.121762584, 52.13873174],
            [-3.121682471, 52.138741491],
            [-3.121478266, 52.138756017],
            [-3.121033994, 52.138753051],
            [-3.120847148, 52.138758423],
            [-3.120541316, 52.138741556],
            [-3.120203978, 52.138751053],
            [-3.119779435, 52.138775759],
            [-3.119471389, 52.138785875],
            [-3.119293215, 52.138791162],
            [-3.119149845, 52.138786231],
            [-3.118985078, 52.138797682],
            [-3.118766861, 52.138834808],
            [-3.117936849, 52.138953237],
            [-3.116951256, 52.139036372],
            [-3.11578089, 52.139159808],
            [-3.115350124, 52.139171973],
            [-3.114658532, 52.139387133],
            [-3.11303791, 52.139848354],
            [-3.112887301, 52.139847978],
            [-3.112823447, 52.139920487],
            [-3.112785788, 52.139937022],
            [-3.112514666, 52.140022363],
            [-3.110730311, 52.140543521],
            [-3.110360912, 52.140669331],
            [-3.109904993, 52.140847997],
            [-3.109550186, 52.140974566],
            [-3.107970248, 52.141491961],
            [-3.107616845, 52.141622106],
            [-3.106709155, 52.141847248],
            [-3.104372202, 52.142367293],
            [-3.10101138, 52.143144934],
            [-3.100070041, 52.143371327],
            [-3.099310093, 52.143546496],
            [-3.098756803, 52.143688366],
            [-3.097989231, 52.143852812],
            [-3.097407154, 52.143892476],
            [-3.097078609, 52.143903623],
            [-3.096289599, 52.143911861],
            [-3.096078442, 52.143938991],
            [-3.095666657, 52.144014725],
            [-3.095526879, 52.144034],
            [-3.095384013, 52.143927468],
            [-3.095062749, 52.143999662],
            [-3.094815919, 52.144065771],
            [-3.094520903, 52.144132327],
            [-3.093936067, 52.144236716],
            [-3.093684765, 52.144297471],
            [-3.093546949, 52.144342792],
            [-3.093274668, 52.14444239],
            [-3.091749326, 52.145051729],
            [-3.091246834, 52.145242528],
            [-3.091018546, 52.145348006],
            [-3.090726125, 52.145462167],
            [-3.090296704, 52.145650488],
            [-3.090046332, 52.145749877],
            [-3.08978558, 52.145848552],
            [-3.089243697, 52.146040516],
            [-3.088930995, 52.146158454],
            [-3.088522992, 52.146331291],
            [-3.087619929, 52.146694752],
            [-3.086844454, 52.14701838],
            [-3.0847933, 52.147770893],
            [-3.084299532, 52.14795619],
            [-3.083696618, 52.148167654],
            [-3.08338256, 52.148295477],
            [-3.083295956, 52.14833672],
            [-3.082958563, 52.148525967],
            [-3.082841902, 52.148599844],
            [-3.082614756, 52.148753921],
            [-3.082188974, 52.14909498],
            [-3.081679763, 52.149494328],
            [-3.08109373, 52.149976172],
            [-3.078971642, 52.151612242],
            [-3.078572484, 52.151970121],
            [-3.078275483, 52.152202039],
            [-3.077336345, 52.152716843],
            [-3.076292748, 52.153258659],
            [-3.075375405, 52.153769563],
            [-3.074966575, 52.154033141],
            [-3.074200728, 52.154580495],
            [-3.073253434, 52.155186122],
            [-3.07280466, 52.155488706],
            [-3.072631373, 52.155634994],
            [-3.072535055, 52.155764492],
            [-3.072451074, 52.156041196],
            [-3.072128528, 52.156912665],
            [-3.071849804, 52.15748164],
            [-3.071665672, 52.157909447],
            [-3.07156842, 52.158180967],
            [-3.071826116, 52.158321629],
            [-3.072448989, 52.158631544],
            [-3.072615368, 52.158738788],
            [-3.073135466, 52.158969639],
            [-3.073402031, 52.159112823],
            [-3.073635343, 52.159211457],
            [-3.073695487, 52.159276524],
            [-3.07382597, 52.159354433],
            [-3.073924668, 52.159448809],
            [-3.074053979, 52.159718268],
            [-3.074164104, 52.159856673],
            [-3.074436206, 52.16004924],
            [-3.074523832, 52.160104169],
            [-3.07463299, 52.160147306],
            [-3.0750518, 52.160295391],
            [-3.075634843, 52.160531049],
            [-3.075827957, 52.1605967],
            [-3.07596687, 52.160599028],
            [-3.076216567, 52.160586862],
            [-3.076719841, 52.160598447],
            [-3.076838376, 52.160605454],
            [-3.076948234, 52.16061254],
            [-3.0772185, 52.160668495],
            [-3.077409411, 52.160702704],
            [-3.077575575, 52.160745319],
            [-3.077647885, 52.160769825],
            [-3.077779283, 52.16082525],
            [-3.077844395, 52.160856114],
            [-3.078035934, 52.160981098],
            [-3.078099709, 52.161016468],
            [-3.078164911, 52.161051016],
            [-3.078345079, 52.161129364],
            [-3.078643926, 52.161215615],
            [-3.078787974, 52.161245756],
            [-3.078843366, 52.16129828],
            [-3.078868473, 52.161309735],
            [-3.078897811, 52.161316657],
            [-3.079004236, 52.161301302],
            [-3.079231928, 52.161346048],
            [-3.079424029, 52.161369457],
            [-3.079785341, 52.161561194],
            [-3.079823955, 52.161587805],
            [-3.079842728, 52.161755804],
            [-3.079857082, 52.161806007],
            [-3.079930342, 52.161874546],
            [-3.079954657, 52.161912972],
            [-3.079974723, 52.161955123],
            [-3.080008706, 52.16209413],
            [-3.080064056, 52.162144856],
            [-3.080126693, 52.162192819],
            [-3.080203813, 52.162241549],
            [-3.080458515, 52.162375927],
            [-3.080814521, 52.162527263],
            [-3.080908945, 52.162558755],
            [-3.081344533, 52.162676193],
            [-3.081684957, 52.162731495],
            [-3.08181642, 52.162784218],
            [-3.082019627, 52.162907381],
            [-3.082459635, 52.163022887],
            [-3.082540412, 52.163038324],
            [-3.082709097, 52.163060145],
            [-3.082916319, 52.163045659],
            [-3.08300264, 52.163051158],
            [-3.083083363, 52.163059405],
            [-3.083428228, 52.163113762],
            [-3.083485341, 52.163117731],
            [-3.083754762, 52.163078404],
            [-3.083845739, 52.163091949],
            [-3.083922767, 52.163131688],
            [-3.084031667, 52.163158551],
            [-3.084352699, 52.163134926],
            [-3.084279103, 52.163052911],
            [-3.084176769, 52.16299363],
            [-3.084172292, 52.16293345],
            [-3.08429372, 52.162875708],
            [-3.084377228, 52.162820021],
            [-3.084472809, 52.162784987],
            [-3.084640682, 52.162832879],
            [-3.084741662, 52.162836444],
            [-3.084821609, 52.162817732],
            [-3.084890895, 52.16278204],
            [-3.084889343, 52.162718238],
            [-3.084875574, 52.162692299],
            [-3.084806032, 52.162598562],
            [-3.084796011, 52.162488907],
            [-3.084962729, 52.162429848],
            [-3.085036977, 52.162414784],
            [-3.085090158, 52.162381038],
            [-3.085142826, 52.162321231],
            [-3.085148056, 52.162233997],
            [-3.085169003, 52.162193267],
            [-3.085226974, 52.162113637],
            [-3.085263995, 52.162074646],
            [-3.085526899, 52.162065036],
            [-3.085560325, 52.162056639],
            [-3.085589347, 52.162045586],
            [-3.085616343, 52.162015676],
            [-3.085661483, 52.161948747],
            [-3.085675333, 52.161913565],
            [-3.085652391, 52.161872341],
            [-3.085579847, 52.161774137],
            [-3.085528868, 52.161601133],
            [-3.085393919, 52.161524087],
            [-3.085355258, 52.161495681],
            [-3.085375955, 52.16144965],
            [-3.085395614, 52.161355991],
            [-3.085509675, 52.16123351],
            [-3.085579836, 52.16117444],
            [-3.085611424, 52.161090558],
            [-3.085582471, 52.161044985],
            [-3.085496353, 52.160988253],
            [-3.085520697, 52.160908842],
            [-3.085596195, 52.160826354],
            [-3.085705904, 52.160767819],
            [-3.085794293, 52.160734647],
            [-3.085781707, 52.160697911],
            [-3.085717423, 52.160582464],
            [-3.08573607, 52.160566114],
            [-3.085783617, 52.160538711],
            [-3.085840093, 52.160516619],
            [-3.085873496, 52.160507323],
            [-3.086170889, 52.160474024],
            [-3.086242591, 52.160473364],
            [-3.086426376, 52.160516612],
            [-3.086625556, 52.160415007],
            [-3.086758619, 52.16041468],
            [-3.086909571, 52.160431265],
            [-3.086949076, 52.160430002],
            [-3.08705222, 52.160403884],
            [-3.087095165, 52.160365738],
            [-3.087111838, 52.160209098],
            [-3.087121424, 52.160182045],
            [-3.087172542, 52.16012315],
            [-3.087204235, 52.160103084],
            [-3.087340124, 52.16004071],
            [-3.087545838, 52.15996502],
            [-3.087682525, 52.15987118],
            [-3.087815421, 52.15975041],
            [-3.088012083, 52.159600199],
            [-3.08806103, 52.159570985],
            [-3.088599226, 52.159398836],
            [-3.088779716, 52.159307197],
            [-3.088835816, 52.159269827],
            [-3.08890703, 52.15913075],
            [-3.089008329, 52.159088469],
            [-3.089079821, 52.159084213],
            [-3.089087872, 52.159053579],
            [-3.089088547, 52.159022024],
            [-3.089026235, 52.158987545],
            [-3.088939416, 52.158961382],
            [-3.088908315, 52.158946389],
            [-3.088881606, 52.158928659],
            [-3.088844019, 52.158884963],
            [-3.088843558, 52.158866092],
            [-3.088904931, 52.158689265],
            [-3.088941092, 52.158373353],
            [-3.08895291, 52.158319314],
            [-3.089052432, 52.158263567],
            [-3.089151342, 52.15824198],
            [-3.089208383, 52.158243251],
            [-3.08939721, 52.158251394],
            [-3.08948394, 52.158273962],
            [-3.089518065, 52.15829432],
            [-3.089571975, 52.158345055],
            [-3.089679549, 52.158500547],
            [-3.089786263, 52.15856158],
            [-3.089821637, 52.158573836],
            [-3.089919496, 52.158568438],
            [-3.090006651, 52.158544263],
            [-3.090168013, 52.158508616],
            [-3.090295162, 52.158449016],
            [-3.09040306, 52.158376023],
            [-3.090426894, 52.158335355],
            [-3.090450114, 52.158269526],
            [-3.090452457, 52.158247033],
            [-3.090360108, 52.158236203],
            [-3.090107119, 52.158231351],
            [-3.090020807, 52.158225857],
            [-3.089967137, 52.158185007],
            [-3.089890529, 52.157979794],
            [-3.089870345, 52.157873918],
            [-3.089946087, 52.157742798],
            [-3.089965409, 52.157694982],
            [-3.08994584, 52.157614268],
            [-3.09000408, 52.157363766],
            [-3.090075456, 52.157295694],
            [-3.090122363, 52.157301552],
            [-3.090243029, 52.157331896],
            [-3.090378996, 52.157332436],
            [-3.090660387, 52.157360394],
            [-3.090849549, 52.157204945],
            [-3.091018623, 52.157248322],
            [-3.091165251, 52.157265841],
            [-3.091379573, 52.157242285],
            [-3.091597068, 52.157171063],
            [-3.091671921, 52.157181156],
            [-3.091876902, 52.157194538],
            [-3.092110142, 52.157170806],
            [-3.092225378, 52.15703842],
            [-3.092344025, 52.156932158],
            [-3.092403901, 52.15692621],
            [-3.092541181, 52.156921343],
            [-3.092865629, 52.156921033],
            [-3.093119736, 52.156907892],
            [-3.093138302, 52.156893339],
            [-3.093159352, 52.15685719],
            [-3.093166362, 52.156784231],
            [-3.093264753, 52.15668265],
            [-3.093256852, 52.156660252],
            [-3.093220686, 52.156615646],
            [-3.093175878, 52.156577412],
            [-3.093107473, 52.156530408],
            [-3.092911902, 52.156418878],
            [-3.092858364, 52.156383422],
            [-3.092789167, 52.156304067],
            [-3.092933642, 52.156292841],
            [-3.093118267, 52.156311803],
            [-3.093174491, 52.156279823],
            [-3.093185819, 52.156206014],
            [-3.093178947, 52.156102622],
            [-3.093186852, 52.15607109],
            [-3.093264544, 52.156020035],
            [-3.093341318, 52.155990561],
            [-3.093595786, 52.155933373],
            [-3.09371768, 52.155900783],
            [-3.093766343, 52.15585539],
            [-3.093758541, 52.155778074],
            [-3.09382323, 52.155732532],
            [-3.093967107, 52.155697042],
            [-3.094223979, 52.155683873],
            [-3.094376167, 52.155628531],
            [-3.094429488, 52.155537254],
            [-3.094447435, 52.155433632],
            [-3.094435385, 52.15536004],
            [-3.094392609, 52.155286733],
            [-3.094381177, 52.155238303],
            [-3.094486984, 52.155198581],
            [-3.094518947, 52.155194689],
            [-3.094774689, 52.155189619],
            [-3.094887938, 52.15521742],
            [-3.094953904, 52.155223998],
            [-3.095369347, 52.155239015],
            [-3.095489194, 52.155236104],
            [-3.095608921, 52.155233194],
            [-3.095770796, 52.155219106],
            [-3.095869186, 52.155176756],
            [-3.095990081, 52.155157656],
            [-3.096085074, 52.15515857],
            [-3.096131218, 52.155192297],
            [-3.096139675, 52.15523725],
            [-3.096095639, 52.155348215],
            [-3.096100165, 52.155414686],
            [-3.096156463, 52.155444723],
            [-3.096201769, 52.155444302],
            [-3.096453793, 52.1554105],
            [-3.096565539, 52.155377103],
            [-3.096660829, 52.155331275],
            [-3.09669459, 52.15527793],
            [-3.096674259, 52.155220594],
            [-3.096638132, 52.155177697],
            [-3.096628121, 52.155128354],
            [-3.096684342, 52.155096372],
            [-3.096726578, 52.155088789],
            [-3.096812687, 52.15508619],
            [-3.096940249, 52.15510298],
            [-3.097032306, 52.155102124],
            [-3.097104937, 52.155080775],
            [-3.097231801, 52.155010385],
            [-3.097258145, 52.155008342],
            [-3.097284435, 52.155008996],
            [-3.097394604, 52.155034037],
            [-3.097683214, 52.155115841],
            [-3.097825313, 52.155130697],
            [-3.097896908, 52.155130929],
            [-3.098018938, 52.155099233],
            [-3.098065985, 52.155052055],
            [-3.098121824, 52.154940979],
            [-3.098201402, 52.154849367],
            [-3.098307736, 52.154777369],
            [-3.098432414, 52.15473576],
            [-3.098617407, 52.154706173],
            [-3.098699088, 52.154700019],
            [-3.098872936, 52.1546975],
            [-3.098963634, 52.154700251],
            [-3.099046489, 52.154741723],
            [-3.09914622, 52.1548127],
            [-3.099237689, 52.154905416],
            [-3.099206559, 52.154947951],
            [-3.099150628, 52.154991616],
            [-3.099136298, 52.155065453],
            [-3.099157556, 52.155096714],
            [-3.099263672, 52.15519199],
            [-3.099600535, 52.155808322],
            [-3.099668856, 52.155973968],
            [-3.099764123, 52.156161924],
            [-3.099861853, 52.156268872],
            [-3.100122823, 52.156480448],
            [-3.100361212, 52.156602263],
            [-3.100494891, 52.156690898],
            [-3.100633586, 52.156802047],
            [-3.10074448, 52.156851346],
            [-3.100818012, 52.156871333],
            [-3.100893066, 52.156889508],
            [-3.100989641, 52.156895797],
            [-3.101076495, 52.156918355],
            [-3.101141435, 52.157000441],
            [-3.10121748, 52.157063638],
            [-3.101267854, 52.157151253],
            [-3.101335643, 52.157231514],
            [-3.10144783, 52.157274509],
            [-3.101557607, 52.157283371],
            [-3.101631304, 52.157363667],
            [-3.101679992, 52.157382986],
            [-3.101775611, 52.157409057],
            [-3.101825621, 52.157418477],
            [-3.101954238, 52.157419073],
            [-3.102070701, 52.157400907],
            [-3.102272506, 52.157344102],
            [-3.102497358, 52.157215266],
            [-3.102611061, 52.157202518],
            [-3.102630902, 52.157176266],
            [-3.102699342, 52.157165739],
            [-3.102767804, 52.15715611],
            [-3.102823509, 52.157161881],
            [-3.103061002, 52.157013061],
            [-3.103121879, 52.156989122],
            [-3.103187017, 52.156966941],
            [-3.10348396, 52.15691203],
            [-3.103602934, 52.156936983],
            [-3.103716458, 52.156917045],
            [-3.10380289, 52.156922528],
            [-3.103884619, 52.156918167],
            [-3.104074924, 52.156932565],
            [-3.104179905, 52.156976523],
            [-3.104427361, 52.156996677],
            [-3.104522746, 52.157008367],
            [-3.104947698, 52.157109639],
            [-3.105112759, 52.157165617],
            [-3.105255787, 52.157154389],
            [-3.105346626, 52.15722095],
            [-3.105355129, 52.157330617],
            [-3.105599344, 52.157511689],
            [-3.105796227, 52.157611411],
            [-3.105819096, 52.157649037],
            [-3.105866255, 52.157781621],
            [-3.105967229, 52.157902016],
            [-3.105990158, 52.158005257],
            [-3.106094179, 52.158073491],
            [-3.106077979, 52.1581833],
            [-3.106265761, 52.158329036],
            [-3.106362079, 52.158441385],
            [-3.106387437, 52.158462719],
            [-3.106415719, 52.15848043],
            [-3.106668379, 52.158530192],
            [-3.106760599, 52.158535618],
            [-3.10729008, 52.158545029],
            [-3.107398574, 52.158560279],
            [-3.107510704, 52.158600572],
            [-3.107526065, 52.158631886],
            [-3.107593064, 52.158679794],
            [-3.107597652, 52.158748062],
            [-3.107708385, 52.158848589],
            [-3.10780265, 52.15881984],
            [-3.108098122, 52.159001414],
            [-3.108421651, 52.159021743],
            [-3.108600303, 52.158974223],
            [-3.108714567, 52.158983935],
            [-3.10882638, 52.158953222],
            [-3.108859889, 52.158948413],
            [-3.10897987, 52.158955374],
            [-3.109082139, 52.159011039],
            [-3.109196894, 52.15904052],
            [-3.109329892, 52.159095895],
            [-3.109565897, 52.159125133],
            [-3.109643413, 52.159183817],
            [-3.10977673, 52.159135733],
            [-3.109811141, 52.159050919],
            [-3.110165943, 52.158976572],
            [-3.110321223, 52.158987694],
            [-3.110704361, 52.158991276],
            [-3.110798893, 52.158973308],
            [-3.111051583, 52.159023958],
            [-3.111143535, 52.159018598],
            [-3.111385325, 52.15898486],
            [-3.111554581, 52.15897158],
            [-3.111772654, 52.159040532],
            [-3.111903661, 52.159015927],
            [-3.112000175, 52.159019511],
            [-3.112063874, 52.158992845],
            [-3.112222999, 52.159100102],
            [-3.112313393, 52.159090261],
            [-3.112465573, 52.159213853],
            [-3.112616541, 52.159288829],
            [-3.112752145, 52.159332491],
            [-3.11281718, 52.159364235],
            [-3.112987758, 52.159341054],
            [-3.113116365, 52.159635645],
            [-3.113383118, 52.160191479],
            [-3.113736812, 52.160183645],
            [-3.114209723, 52.160272656],
            [-3.114927384, 52.160267671],
            [-3.115146338, 52.160255713],
            [-3.115327625, 52.160255796],
            [-3.11605056, 52.16034603],
            [-3.116607215, 52.160390286],
            [-3.116927117, 52.16043849],
            [-3.117297713, 52.160932122],
            [-3.117547931, 52.161234544],
            [-3.117751282, 52.161532916],
            [-3.117935391, 52.161645412],
            [-3.118105602, 52.161669864],
            [-3.118395363, 52.16185677],
            [-3.118620584, 52.161974268],
            [-3.118764807, 52.16207267],
            [-3.118712963, 52.162101025],
            [-3.118728153, 52.162125149],
            [-3.118862621, 52.162122975],
            [-3.119440903, 52.162682131],
            [-3.120404417, 52.163091027],
            [-3.120504541, 52.163117939],
            [-3.120608961, 52.163143103],
            [-3.120905552, 52.163193315],
            [-3.121281917, 52.1632185],
            [-3.122255177, 52.163376424],
            [-3.122427092, 52.163410741],
            [-3.122228271, 52.163935932],
            [-3.12214387, 52.164121984],
            [-3.122071219, 52.165129634],
            [-3.12204816, 52.165722361],
            [-3.121996034, 52.166501423],
            [-3.121991674, 52.166907915],
            [-3.121645989, 52.166996592],
            [-3.121050778, 52.167167636],
            [-3.120054627, 52.167440548],
            [-3.119864466, 52.167496284],
            [-3.119697689, 52.167551887],
            [-3.118752756, 52.167887219],
            [-3.118136085, 52.168131257],
            [-3.117269557, 52.168445161],
            [-3.116612064, 52.168701352],
            [-3.116226681, 52.168842611],
            [-3.115841271, 52.16898288],
            [-3.114764187, 52.169353586],
            [-3.114796644, 52.169426983],
            [-3.114175392, 52.169610013],
            [-3.113744649, 52.169750703],
            [-3.113017412, 52.169962592],
            [-3.11271462, 52.170076005],
            [-3.112658707, 52.170120575],
            [-3.112456533, 52.170222342],
            [-3.112503669, 52.170294702],
            [-3.112475928, 52.170473022],
            [-3.11241396, 52.170506863],
            [-3.112384467, 52.170615],
            [-3.11235546, 52.170979389],
            [-3.112261397, 52.171017128],
            [-3.112367771, 52.171409991],
            [-3.112356047, 52.171529646],
            [-3.112274438, 52.171713866],
            [-3.11237376, 52.171828878],
            [-3.112381767, 52.172033825],
            [-3.112453524, 52.172155389],
            [-3.11242618, 52.172286876],
            [-3.112363003, 52.172335199],
            [-3.112338115, 52.172391161],
            [-3.112332399, 52.17245683],
            [-3.112271526, 52.172534703],
            [-3.112257515, 52.172562699],
            [-3.112290911, 52.172726959],
            [-3.112095997, 52.172767447],
            [-3.111828734, 52.172783449],
            [-3.111768465, 52.172885585],
            [-3.112113015, 52.173038822],
            [-3.112437746, 52.17321912],
            [-3.112474642, 52.173291667],
            [-3.112473635, 52.173430096],
            [-3.112517669, 52.173551921],
            [-3.112487034, 52.173614319],
            [-3.112406329, 52.173660921],
            [-3.112261613, 52.173722507],
            [-3.112206827, 52.173754483],
            [-3.112153698, 52.173790038],
            [-3.112002022, 52.173925483],
            [-3.111786979, 52.174038965],
            [-3.111708359, 52.174053189],
            [-3.11157669, 52.174111056],
            [-3.111324437, 52.174255538],
            [-3.111198427, 52.174303464],
            [-3.110683549, 52.174476394],
            [-3.110458268, 52.174532445],
            [-3.11036997, 52.174627743],
            [-3.110168468, 52.174641325],
            [-3.110030763, 52.17468936],
            [-3.109928688, 52.174701107],
            [-3.109836733, 52.174765789],
            [-3.109775702, 52.17478434],
            [-3.109339663, 52.1748892],
            [-3.109189913, 52.17498139],
            [-3.109060013, 52.174994297],
            [-3.108860751, 52.175156161],
            [-3.108524115, 52.175379628],
            [-3.108464091, 52.175375698],
            [-3.108393447, 52.175415012],
            [-3.108066688, 52.175628498],
            [-3.107866249, 52.175796663],
            [-3.107729156, 52.175874441],
            [-3.107547329, 52.176029848],
            [-3.107476035, 52.176043101],
            [-3.107348784, 52.176104517],
            [-3.107257265, 52.176128746],
            [-3.107016925, 52.176282994],
            [-3.106987234, 52.176325517],
            [-3.10688498, 52.176388496],
            [-3.106653938, 52.176387968],
            [-3.106489531, 52.176366141],
            [-3.106425166, 52.17636225],
            [-3.106230897, 52.176371263],
            [-3.1060648, 52.176397988],
            [-3.105829501, 52.176464011],
            [-3.105724461, 52.176473086],
            [-3.105638528, 52.176489261],
            [-3.105405974, 52.176544472],
            [-3.105175793, 52.176641904],
            [-3.105034272, 52.176711541],
            [-3.104836164, 52.176745755],
            [-3.104562468, 52.176853571],
            [-3.104481259, 52.176880397],
            [-3.104319642, 52.176907977],
            [-3.104188823, 52.176942458],
            [-3.104146567, 52.176950044],
            [-3.104102775, 52.17695405],
            [-3.103880553, 52.176954332],
            [-3.103722629, 52.177014234],
            [-3.103322303, 52.176970342],
            [-3.103171689, 52.176969953],
            [-3.102985249, 52.177003155],
            [-3.102781797, 52.177055392],
            [-3.102621025, 52.177058693],
            [-3.102493262, 52.177094942],
            [-3.10239118, 52.177106682],
            [-3.102283101, 52.177114882],
            [-3.102052234, 52.177121534],
            [-3.101594705, 52.177187917],
            [-3.101407727, 52.177257974],
            [-3.101313229, 52.177342447],
            [-3.101250081, 52.177446402],
            [-3.100935596, 52.177919604],
            [-3.10068571, 52.178103588],
            [-3.100563871, 52.178321342],
            [-3.100404881, 52.178401923],
            [-3.099896084, 52.178644048],
            [-3.099672404, 52.17882509],
            [-3.099492521, 52.178943615],
            [-3.099168736, 52.179099523],
            [-3.099004429, 52.179194532],
            [-3.098877201, 52.179257736],
            [-3.098745754, 52.17932098],
            [-3.09847946, 52.179436802],
            [-3.098284917, 52.179552764],
            [-3.098085204, 52.179640012],
            [-3.097973075, 52.179777768],
            [-3.097865122, 52.179791356],
            [-3.097621149, 52.179917665],
            [-3.097469792, 52.180009944],
            [-3.097301358, 52.180060048],
            [-3.097166264, 52.18015658],
            [-3.097010952, 52.180323409],
            [-3.09694799, 52.180381609],
            [-3.096695573, 52.180463952],
            [-3.096742496, 52.180528231],
            [-3.096686345, 52.18062313],
            [-3.096550564, 52.180691894],
            [-3.096516277, 52.18072457],
            [-3.096484949, 52.180759916],
            [-3.096387729, 52.180910923],
            [-3.096401512, 52.180936861],
            [-3.096459039, 52.181015513],
            [-3.096489807, 52.181133872],
            [-3.096493917, 52.181183269],
            [-3.096399978, 52.181291192],
            [-3.096405866, 52.181407985],
            [-3.096399705, 52.181456578],
            [-3.096260232, 52.181556746],
            [-3.0962188, 52.181593174],
            [-3.096012781, 52.181841366],
            [-3.095868924, 52.181939866],
            [-3.095838456, 52.182010257],
            [-3.095823581, 52.182116457],
            [-3.09579456, 52.182186835],
            [-3.095644627, 52.182273706],
            [-3.095555032, 52.182377004],
            [-3.095426244, 52.182495047],
            [-3.095384668, 52.182648324],
            [-3.095353934, 52.182707931],
            [-3.095318727, 52.182762188],
            [-3.095218529, 52.182851203],
            [-3.095085289, 52.183082629],
            [-3.095103822, 52.183184114],
            [-3.09509989, 52.183259652],
            [-3.095091584, 52.183338826],
            [-3.095038598, 52.183503892],
            [-3.094869297, 52.183578269],
            [-3.094794917, 52.183648169],
            [-3.094722193, 52.183721648],
            [-3.094675026, 52.183829136],
            [-3.09475052, 52.18386349],
            [-3.094886612, 52.183865822],
            [-3.095082849, 52.183876584],
            [-3.095185082, 52.183870241],
            [-3.095293134, 52.18386025],
            [-3.095657578, 52.183811025],
            [-3.09577866, 52.183742398],
            [-3.095941985, 52.183719309],
            [-3.096023201, 52.183750912],
            [-3.096154482, 52.183856742],
            [-3.0961991, 52.183885989],
            [-3.096296628, 52.183923732],
            [-3.096431573, 52.183943151],
            [-3.096582442, 52.18394804],
            [-3.096619262, 52.183959382],
            [-3.096736163, 52.184014921],
            [-3.096781895, 52.184030675],
            [-3.096951066, 52.18406865],
            [-3.097188365, 52.184081723],
            [-3.097207894, 52.184105899],
            [-3.097278337, 52.184233776],
            [-3.097347674, 52.184316721],
            [-3.09730177, 52.184411615],
            [-3.097317311, 52.18445012],
            [-3.097251107, 52.184553202],
            [-3.097262962, 52.184677129],
            [-3.097284389, 52.184714681],
            [-3.097334935, 52.1848671],
            [-3.097338152, 52.184938976],
            [-3.097265064, 52.185178834],
            [-3.097244204, 52.18522307],
            [-3.097218936, 52.185264651],
            [-3.097074345, 52.185402258],
            [-3.097037579, 52.185447091],
            [-3.09701671, 52.185549752],
            [-3.097066066, 52.185771392],
            [-3.097119315, 52.185911113],
            [-3.09714901, 52.186049346],
            [-3.097133996, 52.186448653],
            [-3.097108008, 52.186642232],
            [-3.097093498, 52.186704386],
            [-3.097059917, 52.186829635],
            [-3.097006071, 52.186959656],
            [-3.096828906, 52.187249018],
            [-3.096608789, 52.187635851],
            [-3.096429729, 52.187907252],
            [-3.096353504, 52.188142554],
            [-3.096349313, 52.188325144],
            [-3.096279374, 52.188575757],
            [-3.096238522, 52.188758598],
            [-3.096210925, 52.188828154],
            [-3.096180419, 52.188892254],
            [-3.096154608, 52.188916762],
            [-3.096124532, 52.188939512],
            [-3.096023482, 52.18899438],
            [-3.096049538, 52.189043574],
            [-3.096002413, 52.189152859],
            [-3.095949618, 52.189262107],
            [-3.095815094, 52.189446807],
            [-3.095868298, 52.189466986],
            [-3.09580785, 52.189569114],
            [-3.095743137, 52.189733301],
            [-3.095731609, 52.189799112],
            [-3.095713452, 52.190012302],
            [-3.095724413, 52.190276544],
            [-3.09577527, 52.190441545],
            [-3.095846316, 52.190593685],
            [-3.09607977, 52.190929564],
            [-3.096107462, 52.190981438],
            [-3.096129204, 52.191095477],
            [-3.096099664, 52.191517569],
            [-3.095941082, 52.191950388],
            [-3.095899741, 52.192162535],
            [-3.095910579, 52.19219614],
            [-3.096193247, 52.192747368],
            [-3.096306276, 52.192938756],
            [-3.096335175, 52.193044549],
            [-3.096323667, 52.19346899],
            [-3.096326897, 52.193600278],
            [-3.096282184, 52.193685183],
            [-3.096319809, 52.193728876],
            [-3.09632589, 52.193912269],
            [-3.09631658, 52.194009428],
            [-3.096346601, 52.194219564],
            [-3.096372892, 52.194577141],
            [-3.096389133, 52.194702825],
            [-3.096441775, 52.194817475],
            [-3.09662475, 52.195120565],
            [-3.096720407, 52.195262589],
            [-3.096861183, 52.195453718],
            [-3.097108875, 52.195768789],
            [-3.097328492, 52.196129061],
            [-3.097399707, 52.196287491],
            [-3.097584267, 52.19683064],
            [-3.097736333, 52.197244571],
            [-3.097820936, 52.197471276],
            [-3.097901649, 52.19765757],
            [-3.098036772, 52.197736307],
            [-3.098482313, 52.197947966],
            [-3.098740826, 52.198045328],
            [-3.098867996, 52.198099871],
            [-3.098939854, 52.198166613],
            [-3.099183614, 52.198619326],
            [-3.099443432, 52.198886641],
            [-3.099625455, 52.199032352],
            [-3.099899589, 52.199229424],
            [-3.100006676, 52.199359654],
            [-3.100050952, 52.199432945],
            [-3.100087873, 52.199506394],
            [-3.100108491, 52.199632935],
            [-3.100124848, 52.199699296],
            [-3.100148398, 52.199763791],
            [-3.100203696, 52.199873022],
            [-3.100215719, 52.200003239],
            [-3.100260978, 52.200238398],
            [-3.100455805, 52.200482049],
            [-3.100550527, 52.200643853],
            [-3.100577459, 52.200786604],
            [-3.100537037, 52.20098652],
            [-3.100531302, 52.201052277],
            [-3.100615897, 52.201394928],
            [-3.100683908, 52.201481479],
            [-3.100828754, 52.201601469],
            [-3.100950438, 52.201667835],
            [-3.101073869, 52.201751172],
            [-3.101103957, 52.20178235],
            [-3.101249271, 52.201979723],
            [-3.101455991, 52.202113515],
            [-3.101499405, 52.202151759],
            [-3.101538379, 52.202190944],
            [-3.101665494, 52.202359724],
            [-3.101713029, 52.202388941],
            [-3.101831476, 52.202446258],
            [-3.101876383, 52.202486286],
            [-3.101855497, 52.202529624],
            [-3.101819282, 52.202601958],
            [-3.101792384, 52.202636365],
            [-3.101625472, 52.202692752],
            [-3.101580319, 52.202701263],
            [-3.101535054, 52.202705281],
            [-3.101416038, 52.202688415],
            [-3.100976265, 52.202595448],
            [-3.100945238, 52.202584862],
            [-3.100795944, 52.202524236],
            [-3.100682764, 52.202440803],
            [-3.100569819, 52.202371748],
            [-3.100447379, 52.202274829],
            [-3.100308517, 52.202221296],
            [-3.100264367, 52.202211821],
            [-3.100150016, 52.202203],
            [-3.100050758, 52.202209319],
            [-3.09996938, 52.202236143],
            [-3.099742445, 52.202407328],
            [-3.099621933, 52.2024471],
            [-3.099518434, 52.202462446],
            [-3.099277853, 52.202437724],
            [-3.098850816, 52.202503721],
            [-3.098525038, 52.202585851],
            [-3.098389088, 52.202591611],
            [-3.098326301, 52.202599386],
            [-3.098268088, 52.202611613],
            [-3.098194321, 52.202643848],
            [-3.09809082, 52.202659193],
            [-3.09800944, 52.202686016],
            [-3.097898436, 52.202690645],
            [-3.097847504, 52.202704601],
            [-3.09775187, 52.202740545],
            [-3.097392383, 52.202879612],
            [-3.097328369, 52.202896386],
            [-3.097265813, 52.202908653],
            [-3.097132535, 52.202905398],
            [-3.096858025, 52.202928624],
            [-3.096740429, 52.202969355],
            [-3.096642174, 52.202957685],
            [-3.096376834, 52.203000598],
            [-3.096205263, 52.203044437],
            [-3.095820345, 52.203160366],
            [-3.095083419, 52.203420766],
            [-3.094443062, 52.203624539],
            [-3.09428945, 52.20368259],
            [-3.094143098, 52.203741472],
            [-3.093927734, 52.20384953],
            [-3.093675419, 52.204025163],
            [-3.093489433, 52.204179956],
            [-3.09299554, 52.204447977],
            [-3.092689622, 52.204622576],
            [-3.092319071, 52.204848016],
            [-3.092015779, 52.205011803],
            [-3.091798389, 52.205155829],
            [-3.091637585, 52.205285039],
            [-3.091574347, 52.205328768],
            [-3.091282946, 52.205500442],
            [-3.091044645, 52.205692387],
            [-3.090930909, 52.205768041],
            [-3.090465394, 52.205998938],
            [-3.090232134, 52.206096369],
            [-3.09016388, 52.206117672],
            [-3.089730269, 52.20615862],
            [-3.089637143, 52.206179254],
            [-3.089545486, 52.206200774],
            [-3.08846692, 52.206502037],
            [-3.088231306, 52.206621957],
            [-3.088029154, 52.206792889],
            [-3.08753973, 52.207122865],
            [-3.087222375, 52.207250726],
            [-3.087071187, 52.207295263],
            [-3.087020214, 52.207362245],
            [-3.086836884, 52.207647152],
            [-3.086644998, 52.207878209],
            [-3.08634188, 52.208050878],
            [-3.086293704, 52.208118823],
            [-3.086264475, 52.208241331],
            [-3.086189766, 52.208354372],
            [-3.086152655, 52.208396149],
            [-3.085917769, 52.208605939],
            [-3.085842062, 52.208683035],
            [-3.085699651, 52.208845324],
            [-3.08560645, 52.208922582],
            [-3.085511735, 52.208997157],
            [-3.085420862, 52.209051113],
            [-3.085326904, 52.209102311],
            [-3.085079609, 52.209224129],
            [-3.084775688, 52.209423855],
            [-3.084727323, 52.209419806],
            [-3.083651667, 52.210142635],
            [-3.083454044, 52.210139057],
            [-3.083394073, 52.210144102],
            [-3.082940255, 52.210199501],
            [-3.082536987, 52.210239604],
            [-3.08177319, 52.210415229],
            [-3.081593838, 52.21050316],
            [-3.08131661, 52.210595583],
            [-3.081128896, 52.210642334],
            [-3.080934638, 52.210717817],
            [-3.080472962, 52.210991782],
            [-3.080057958, 52.211259835],
            [-3.079691167, 52.211525737],
            [-3.079406072, 52.211717188],
            [-3.079257627, 52.211811124],
            [-3.078916463, 52.211989604],
            [-3.078749237, 52.212095396],
            [-3.078587988, 52.21220383],
            [-3.078298877, 52.21241419],
            [-3.077487639, 52.21295532],
            [-3.077221783, 52.213084841],
            [-3.077226266, 52.213150414],
            [-3.076993749, 52.213216443],
            [-3.076793887, 52.213305452],
            [-3.076761912, 52.213315631],
            [-3.076537677, 52.213359922],
            [-3.076441188, 52.213367094],
            [-3.076224792, 52.213376259],
            [-3.075816901, 52.213381327],
            [-3.075426438, 52.213348485],
            [-3.075417993, 52.213303621],
            [-3.075340469, 52.213301631],
            [-3.075040561, 52.213310656],
            [-3.074735056, 52.21332782],
            [-3.0745835, 52.213353469],
            [-3.074239193, 52.21339795],
            [-3.073886424, 52.213456888],
            [-3.073526161, 52.213500344],
            [-3.073475628, 52.213416584],
            [-3.073414373, 52.213368605],
            [-3.073186781, 52.213333824],
            [-3.0730745, 52.213291702],
            [-3.072964173, 52.213140356],
            [-3.072913691, 52.213118704],
            [-3.072785408, 52.213078525],
            [-3.072763641, 52.213026591],
            [-3.072625818, 52.21301616],
            [-3.07254355, 52.213002527],
            [-3.072512524, 52.212992023],
            [-3.072493136, 52.212978717],
            [-3.072447695, 52.21291082],
            [-3.072380252, 52.212846358],
            [-3.072318059, 52.212879551],
            [-3.072220147, 52.212947942],
            [-3.072154914, 52.213030327],
            [-3.072091612, 52.213077641],
            [-3.072085789, 52.21314151],
            [-3.072082982, 52.213205352],
            [-3.072111288, 52.213293358],
            [-3.072128086, 52.213439623],
            [-3.072271274, 52.213933301],
            [-3.072272788, 52.214036202],
            [-3.072259704, 52.214099238],
            [-3.072201118, 52.214282321],
            [-3.072205258, 52.214469237],
            [-3.072178861, 52.214696069],
            [-3.072211287, 52.215000115],
            [-3.072363389, 52.215001878],
            [-3.072676882, 52.215015207],
            [-3.073345196, 52.21506917],
            [-3.073551253, 52.215096327],
            [-3.073756609, 52.215174453],
            [-3.074194099, 52.21528507],
            [-3.074824363, 52.215507271],
            [-3.075237821, 52.21559698],
            [-3.075770027, 52.215696392],
            [-3.076230843, 52.215753039],
            [-3.076745647, 52.215786452],
            [-3.076976228, 52.215819401],
            [-3.077733775, 52.215974271],
            [-3.078010359, 52.216032954],
            [-3.078011937, 52.216038333],
            [-3.077975192, 52.2160908],
            [-3.07795309, 52.216144931],
            [-3.077917824, 52.216258504],
            [-3.077873412, 52.216482806],
            [-3.077846475, 52.216576529],
            [-3.077749399, 52.216858836],
            [-3.077544722, 52.21699382],
            [-3.077529619, 52.217092828],
            [-3.0775043, 52.217378075],
            [-3.077406636, 52.21800023],
            [-3.077335537, 52.218568213],
            [-3.077303662, 52.218767143],
            [-3.077223682, 52.219087942],
            [-3.076887193, 52.219217837],
            [-3.076676526, 52.219285373],
            [-3.0761776, 52.21947607],
            [-3.075957912, 52.21959492],
            [-3.075805908, 52.219662818],
            [-3.075724034, 52.219785894],
            [-3.075635788, 52.219890063],
            [-3.075524111, 52.219993546],
            [-3.075364676, 52.22012362],
            [-3.074948129, 52.22057242],
            [-3.074762989, 52.220727805],
            [-3.074536465, 52.220863881],
            [-3.074244203, 52.221006758],
            [-3.07412828, 52.221054642],
            [-3.074029962, 52.22110677],
            [-3.073836535, 52.221219085],
            [-3.073742777, 52.221280159],
            [-3.073397342, 52.221520679],
            [-3.073241343, 52.221668606],
            [-3.073125782, 52.221856701],
            [-3.072916817, 52.222115753],
            [-3.07286976, 52.222166514],
            [-3.072681664, 52.222259904],
            [-3.072569499, 52.222343705],
            [-3.072451065, 52.222467919],
            [-3.072283593, 52.222625835],
            [-3.072237929, 52.22267937],
            [-3.0721336, 52.222843004],
            [-3.072171121, 52.222942432],
            [-3.072206526, 52.223074326],
            [-3.072207021, 52.223280241],
            [-3.072227626, 52.22334387],
            [-3.072345117, 52.223360778],
            [-3.072529852, 52.223368087],
            [-3.072678138, 52.223385614],
            [-3.072823538, 52.223408561],
            [-3.072885453, 52.223423277],
            [-3.072954933, 52.223451408],
            [-3.073021539, 52.223480463],
            [-3.07307979, 52.223528469],
            [-3.073147838, 52.223622316],
            [-3.073166345, 52.223658999],
            [-3.073177492, 52.22369575],
            [-3.073181385, 52.22373706],
            [-3.07317955, 52.223781118],
            [-3.073152479, 52.223874842],
            [-3.073041203, 52.224055707],
            [-3.072900427, 52.22422965],
            [-3.072869084, 52.224261393],
            [-3.072599417, 52.224436418],
            [-3.072519207, 52.224509052],
            [-3.072434202, 52.224623166],
            [-3.07226497, 52.225013981],
            [-3.072170602, 52.225170424],
            [-3.072188249, 52.225291604],
            [-3.071896402, 52.225698813],
            [-3.071722259, 52.225820926],
            [-3.071687714, 52.225910223],
            [-3.07171112, 52.226330746],
            [-3.071758247, 52.226588368],
            [-3.071751973, 52.226753897],
            [-3.071709819, 52.226888204],
            [-3.071683316, 52.226940576],
            [-3.071652326, 52.22699209],
            [-3.071557108, 52.227113486],
            [-3.071504965, 52.227193954],
            [-3.071378541, 52.227418098],
            [-3.0713112, 52.227599372],
            [-3.071314446, 52.227674034],
            [-3.071326436, 52.22774583],
            [-3.07137467, 52.227803815],
            [-3.071574303, 52.228007922],
            [-3.071704123, 52.228170327],
            [-3.071875889, 52.228309971],
            [-3.071926225, 52.228455122],
            [-3.072079662, 52.228685712],
            [-3.071914947, 52.228658447],
            [-3.071614083, 52.228687245],
            [-3.071360868, 52.228689544],
            [-3.071217061, 52.228678267],
            [-3.071159995, 52.228679683],
            [-3.071105912, 52.228684668],
            [-3.071036122, 52.228704177],
            [-3.070792151, 52.228784588],
            [-3.070751786, 52.228812818],
            [-3.0706547, 52.228917063],
            [-3.070465493, 52.229086049],
            [-3.07037378, 52.229227995],
            [-3.070451973, 52.229372085],
            [-3.070646581, 52.22967331],
            [-3.070937029, 52.230059053],
            [-3.071209341, 52.230483609],
            [-3.071393547, 52.230718415],
            [-3.071486243, 52.230857878],
            [-3.071565021, 52.230905699],
            [-3.071691154, 52.231095102],
            [-3.071855398, 52.231287845],
            [-3.071977717, 52.231444116],
            [-3.072266325, 52.231752574],
            [-3.072567937, 52.231994311],
            [-3.072644551, 52.232137515],
            [-3.072627764, 52.232167328],
            [-3.072534956, 52.232268839],
            [-3.072539812, 52.232284974],
            [-3.072581814, 52.232329533],
            [-3.072708688, 52.232429137],
            [-3.072768551, 52.23248342],
            [-3.0729549, 52.232681263],
            [-3.073294391, 52.233156525],
            [-3.073426848, 52.23330722],
            [-3.073785708, 52.23385421],
            [-3.073951766, 52.234061314],
            [-3.074001725, 52.234190289],
            [-3.073993837, 52.234348642],
            [-3.073977455, 52.234460244],
            [-3.073939155, 52.234634154],
            [-3.07370929, 52.234994963],
            [-3.073452756, 52.23535152],
            [-3.073121947, 52.235782455],
            [-3.073037656, 52.235866901],
            [-3.07280147, 52.235851072],
            [-3.072564378, 52.235857721],
            [-3.072051346, 52.235837216],
            [-3.071813412, 52.235869039],
            [-3.071534902, 52.23591561],
            [-3.070906162, 52.235953675],
            [-3.070750018, 52.236037783],
            [-3.070619367, 52.236087504],
            [-3.070485732, 52.236073437],
            [-3.070423035, 52.236082095],
            [-3.070321047, 52.236103692],
            [-3.070220745, 52.236135162],
            [-3.070156824, 52.236158212],
            [-3.070009081, 52.236225255],
            [-3.069858245, 52.236223926],
            [-3.069680107, 52.236247113],
            [-3.069577512, 52.236303769],
            [-3.069376573, 52.236347834],
            [-3.069290703, 52.236371982],
            [-3.069213689, 52.236397846],
            [-3.069087717, 52.236456512],
            [-3.069015104, 52.23647964],
            [-3.068933517, 52.236501142],
            [-3.068668158, 52.236547587],
            [-3.068481139, 52.236628376],
            [-3.068264456, 52.236630338],
            [-3.068031887, 52.236699854],
            [-3.067728617, 52.236756527],
            [-3.067545138, 52.236738414],
            [-3.067264234, 52.236504476],
            [-3.067493625, 52.236423306],
            [-3.06744066, 52.236228742],
            [-3.067293609, 52.236204006],
            [-3.067138838, 52.236159477],
            [-3.067048868, 52.236073105],
            [-3.066901692, 52.235982757],
            [-3.066788304, 52.235896597],
            [-3.066708524, 52.235867567],
            [-3.066486483, 52.23588764],
            [-3.066330401, 52.235914218],
            [-3.066111495, 52.235883748],
            [-3.066054058, 52.235809666],
            [-3.065867293, 52.235835621],
            [-3.06573477, 52.235988807],
            [-3.065625446, 52.236132706],
            [-3.065541045, 52.236157736],
            [-3.06540319, 52.236209404],
            [-3.065157274, 52.236210726],
            [-3.065039882, 52.236264815],
            [-3.064723216, 52.236311715],
            [-3.064634417, 52.236329593],
            [-3.064290755, 52.236535016],
            [-3.064190985, 52.236588946],
            [-3.063946486, 52.236649574],
            [-3.063802568, 52.236634693],
            [-3.063667519, 52.236682648],
            [-3.063547278, 52.236678339],
            [-3.063345141, 52.236733191],
            [-3.063292702, 52.236504376],
            [-3.063280326, 52.236289671],
            [-3.063259718, 52.236286261],
            [-3.063072155, 52.236278963],
            [-3.062994192, 52.236265284],
            [-3.062953085, 52.236262958],
            [-3.062850813, 52.236272867],
            [-3.062814151, 52.236269602],
            [-3.062719704, 52.236238095],
            [-3.062660984, 52.236231344],
            [-3.062554031, 52.236232307],
            [-3.062352336, 52.236244998],
            [-3.062278824, 52.236235683],
            [-3.062054975, 52.236180174],
            [-3.061946166, 52.236164076],
            [-3.061739724, 52.236165035],
            [-3.06148461, 52.236150252],
            [-3.061414534, 52.236163466],
            [-3.06130916, 52.236225533],
            [-3.061191628, 52.236268924],
            [-3.061103028, 52.236300281],
            [-3.061019901, 52.236318106],
            [-3.06095688, 52.236313279],
            [-3.06081975, 52.236274065],
            [-3.060756416, 52.236261153],
            [-3.060705147, 52.236258018],
            [-3.06064222, 52.236262179],
            [-3.060592679, 52.236270714],
            [-3.060562132, 52.236280875],
            [-3.060524728, 52.236307277],
            [-3.060493676, 52.236356991],
            [-3.060476365, 52.236365236],
            [-3.060394386, 52.236370466],
            [-3.06008811, 52.236357039],
            [-3.059959337, 52.236364488],
            [-3.059940256, 52.236359266],
            [-3.059926699, 52.236347704],
            [-3.05992199, 52.236332466],
            [-3.059932992, 52.236302706],
            [-3.05995138, 52.236273779],
            [-3.0600258, 52.236204711],
            [-3.060040013, 52.236183012],
            [-3.060063339, 52.236118088],
            [-3.059980852, 52.236036138],
            [-3.059740589, 52.236092224],
            [-3.05949675, 52.236124974],
            [-3.059282673, 52.236175431],
            [-3.059228636, 52.236177714],
            [-3.059174414, 52.236177302],
            [-3.05868424, 52.236072045],
            [-3.058280835, 52.236289671],
            [-3.057967854, 52.236430895],
            [-3.057596595, 52.236578932],
            [-3.05727101, 52.236743726],
            [-3.057046894, 52.236681918],
            [-3.056886457, 52.236708522],
            [-3.056732391, 52.236759336],
            [-3.056574577, 52.236835351],
            [-3.056086312, 52.237054628],
            [-3.055879847, 52.237176916],
            [-3.05587249, 52.237299311],
            [-3.055823508, 52.2373366],
            [-3.055771643, 52.237369422],
            [-3.055670092, 52.237409878],
            [-3.055505164, 52.237435621],
            [-3.055379961, 52.237527521],
            [-3.055247246, 52.237613286],
            [-3.055199258, 52.237687418],
            [-3.054891363, 52.237794433],
            [-3.054752944, 52.237889237],
            [-3.054577384, 52.237955521],
            [-3.054434594, 52.237927136],
            [-3.05444459, 52.237788539],
            [-3.05410966, 52.237748388],
            [-3.053817941, 52.237733018],
            [-3.05363059, 52.237862322],
            [-3.053457357, 52.238032037],
            [-3.053312623, 52.237977602],
            [-3.053217565, 52.238047659],
            [-3.053120178, 52.238136612],
            [-3.053004024, 52.23812147],
            [-3.052956228, 52.23808145],
            [-3.052921162, 52.238084459],
            [-3.052884776, 52.238092873],
            [-3.05280208, 52.23818529],
            [-3.052555925, 52.238243302],
            [-3.052421158, 52.238242706],
            [-3.052264081, 52.238227928],
            [-3.052180639, 52.238288893],
            [-3.051835627, 52.238312641],
            [-3.051757019, 52.238394235],
            [-3.051648846, 52.238405086],
            [-3.051583553, 52.238370614],
            [-3.051499409, 52.238401924],
            [-3.0514574, 52.23848409],
            [-3.051304746, 52.238467474],
            [-3.051200274, 52.238573655],
            [-3.050975958, 52.238498265],
            [-3.050664856, 52.238659317],
            [-3.050320498, 52.238710918],
            [-3.049566741, 52.238790428],
            [-3.049159105, 52.238893012],
            [-3.048749282, 52.2387186],
            [-3.048546219, 52.238679059],
            [-3.048370027, 52.238596136],
            [-3.048121872, 52.238569579],
            [-3.047805719, 52.238450058],
            [-3.04768924, 52.23848255],
            [-3.04756494, 52.238485451],
            [-3.047278198, 52.238686724],
            [-3.047008389, 52.238673838],
            [-3.046763735, 52.238544692],
            [-3.046658906, 52.238507872],
            [-3.046577096, 52.23845377],
            [-3.046562487, 52.238207535],
            [-3.04651052, 52.23817474],
            [-3.04645123, 52.238143807],
            [-3.046067636, 52.238087886],
            [-3.045940025, 52.238453126],
            [-3.045681235, 52.238718862],
            [-3.045513737, 52.238758995],
            [-3.045428933, 52.238762443],
            [-3.045418608, 52.238759838],
            [-3.045375125, 52.238594841],
            [-3.045199499, 52.238474068],
            [-3.044848789, 52.238317185],
            [-3.044564111, 52.238046377],
            [-3.044437663, 52.237962918],
            [-3.044312893, 52.237884028],
            [-3.044164603, 52.237934774],
            [-3.044067909, 52.238491276],
            [-3.044125966, 52.238593227],
            [-3.044225078, 52.239014073],
            [-3.04424051, 52.239105615],
            [-3.044146795, 52.239295285],
            [-3.044443976, 52.239604633],
            [-3.044552767, 52.239805004],
            [-3.044884344, 52.240205815],
            [-3.045254409, 52.240440634],
            [-3.045547158, 52.240596771],
            [-3.045728602, 52.240769443],
            [-3.045497234, 52.240846184],
            [-3.044613407, 52.241204368],
            [-3.044135288, 52.241361397],
            [-3.043951215, 52.241508723],
            [-3.043875683, 52.241531861],
            [-3.043886717, 52.241631532],
            [-3.043859905, 52.241734234],
            [-3.043708472, 52.241960366],
            [-3.043276709, 52.24253421],
            [-3.043145563, 52.242750276],
            [-3.043234691, 52.242925655],
            [-3.04318313, 52.243162588],
            [-3.043075885, 52.243527645],
            [-3.042975275, 52.243794672],
            [-3.042860382, 52.243952171],
            [-3.04288281, 52.244038258],
            [-3.042909815, 52.244190818],
            [-3.043013909, 52.244319417],
            [-3.043089162, 52.244464359],
            [-3.04312179, 52.24454766],
            [-3.043151748, 52.244635569],
            [-3.043187053, 52.244832995],
            [-3.043342801, 52.244975518],
            [-3.04348547, 52.245065037],
            [-3.043853013, 52.245185822],
            [-3.043860717, 52.245200225],
            [-3.043886946, 52.245319535],
            [-3.04370693, 52.245511765],
            [-3.043970864, 52.245524711],
            [-3.044283538, 52.245556099],
            [-3.044627879, 52.245562939],
            [-3.044943754, 52.245540368],
            [-3.045307394, 52.245494814],
            [-3.045570568, 52.245475405],
            [-3.045802578, 52.245373581],
            [-3.046105857, 52.245318762],
            [-3.047121341, 52.245209989],
            [-3.047400211, 52.245175157],
            [-3.04799678, 52.245067306],
            [-3.048533688, 52.244979846],
            [-3.048932159, 52.244921478],
            [-3.049715169, 52.244833623],
            [-3.049838329, 52.24483792],
            [-3.049949107, 52.245003215],
            [-3.049873657, 52.245029952],
            [-3.048856884, 52.245329399],
            [-3.048768555, 52.245557673],
            [-3.048202759, 52.245726283],
            [-3.047736155, 52.245881517],
            [-3.047190063, 52.246076912],
            [-3.047104218, 52.246164948],
            [-3.046902344, 52.246172132],
            [-3.046673689, 52.246165172],
            [-3.046438214, 52.246371291],
            [-3.04625407, 52.246449412],
            [-3.046045834, 52.246437776],
            [-3.045769515, 52.246458201],
            [-3.045589727, 52.246726741],
            [-3.045366479, 52.246698159],
            [-3.045296308, 52.246769877],
            [-3.045273792, 52.246808725],
            [-3.045257171, 52.246846622],
            [-3.045316323, 52.246871265],
            [-3.045262498, 52.246949938],
            [-3.045178862, 52.247255466],
            [-3.045281383, 52.247316576],
            [-3.04550687, 52.247435109],
            [-3.046322763, 52.247813559],
            [-3.046673433, 52.24802176],
            [-3.04682267, 52.24813818],
            [-3.046957685, 52.248276298],
            [-3.047252481, 52.248542517],
            [-3.047371326, 52.248737494],
            [-3.047612804, 52.248975423],
            [-3.047815843, 52.249263128],
            [-3.047933304, 52.249460722],
            [-3.048082569, 52.249762386],
            [-3.048199842, 52.250018494],
            [-3.048328251, 52.250244843],
            [-3.048057655, 52.250324544],
            [-3.047746301, 52.250350677],
            [-3.047479372, 52.250401583],
            [-3.047401965, 52.250535384],
            [-3.04716393, 52.25087464],
            [-3.04699208, 52.25110626],
            [-3.046895919, 52.251315727],
            [-3.046746907, 52.251578693],
            [-3.046662458, 52.251788056],
            [-3.046612956, 52.251988929],
            [-3.046574666, 52.25210171],
            [-3.046556422, 52.252198944],
            [-3.046385954, 52.252238205],
            [-3.04634276, 52.252270945],
            [-3.046272615, 52.252338978],
            [-3.04613446, 52.252509269],
            [-3.045942477, 52.252691631],
            [-3.045866712, 52.252772387],
            [-3.045658617, 52.253019606],
            [-3.04553369, 52.253125963],
            [-3.04517996, 52.253343912],
            [-3.044951057, 52.253327963],
            [-3.044645325, 52.253470974],
            [-3.044392572, 52.253565788],
            [-3.044166883, 52.253563291],
            [-3.043811835, 52.253540366],
            [-3.043511263, 52.253527744],
            [-3.043343631, 52.253441143],
            [-3.043139443, 52.253479799],
            [-3.04303572, 52.253491501],
            [-3.042713802, 52.25350603],
            [-3.042409967, 52.253606684],
            [-3.041965097, 52.253626791],
            [-3.041793777, 52.253630101],
            [-3.041346194, 52.253596301],
            [-3.040979538, 52.253577964],
            [-3.040287254, 52.253668556],
            [-3.040070612, 52.253675858],
            [-3.039857198, 52.253614642],
            [-3.039530934, 52.253588035],
            [-3.039178471, 52.253551592],
            [-3.038920014, 52.253588921],
            [-3.038049665, 52.254459706],
            [-3.037998737, 52.254539249],
            [-3.037963781, 52.254733789],
            [-3.037930171, 52.254799698],
            [-3.037893661, 52.254865632],
            [-3.03751748, 52.255381441],
            [-3.037460295, 52.255508676],
            [-3.037417867, 52.255574662],
            [-3.037290538, 52.255703502],
            [-3.037255288, 52.255761335],
            [-3.03721689, 52.255875822],
            [-3.037207924, 52.255993734],
            [-3.037072339, 52.256208842],
            [-3.037022021, 52.256252517],
            [-3.037000334, 52.256265291],
            [-3.036836389, 52.256331446],
            [-3.036804542, 52.256348803],
            [-3.0366217, 52.25648523],
            [-3.036445351, 52.256589333],
            [-3.03630769, 52.256653459],
            [-3.036149414, 52.25671417],
            [-3.036009842, 52.256758538],
            [-3.035864185, 52.256795769],
            [-3.035643938, 52.256840844],
            [-3.035033488, 52.25692089],
            [-3.034526311, 52.256974771],
            [-3.034104143, 52.256964989],
            [-3.033747769, 52.256948337],
            [-3.033300231, 52.257047529],
            [-3.03282287, 52.257183832],
            [-3.03221747, 52.257419313],
            [-3.031903507, 52.257528118],
            [-3.031523199, 52.257490097],
            [-3.031179882, 52.257468829],
            [-3.030806602, 52.257483775],
            [-3.030612108, 52.257498955],
            [-3.030454312, 52.257518309],
            [-3.030343417, 52.257539051],
            [-3.030241591, 52.257570589],
            [-3.030109465, 52.257623873],
            [-3.029812387, 52.257763085],
            [-3.02971952, 52.257800746],
            [-3.02944481, 52.257894012],
            [-3.029168403, 52.257981809],
            [-3.02905614, 52.258006157],
            [-3.028940813, 52.258023341],
            [-3.028779907, 52.258033732],
            [-3.028596564, 52.258024544],
            [-3.028407219, 52.258011813],
            [-3.028025315, 52.257967503],
            [-3.027858762, 52.257989626],
            [-3.027355269, 52.258073105],
            [-3.027066613, 52.258070224],
            [-3.02696807, 52.258055802],
            [-3.026802318, 52.258044661],
            [-3.026677592, 52.258036758],
            [-3.026486342, 52.258004266],
            [-3.026271291, 52.25801872],
            [-3.02613926, 52.258013576],
            [-3.025908353, 52.258037155],
            [-3.025780669, 52.258089497],
            [-3.025581929, 52.258114593],
            [-3.025369298, 52.258165874],
            [-3.025219303, 52.258209421],
            [-3.025040121, 52.258249716],
            [-3.024839745, 52.258329653],
            [-3.024422309, 52.258525621],
            [-3.024177226, 52.258699511],
            [-3.023953666, 52.258916355],
            [-3.023858393, 52.259043914],
            [-3.023575633, 52.259234307],
            [-3.023453863, 52.259291988],
            [-3.023285335, 52.259354568],
            [-3.023038605, 52.259389064],
            [-3.022728704, 52.259418714],
            [-3.022460118, 52.259464184],
            [-3.021929961, 52.259602787],
            [-3.021673871, 52.259745218],
            [-3.02144564, 52.2598857],
            [-3.021206317, 52.259927318],
            [-3.020993216, 52.260027132],
            [-3.020830848, 52.260100441],
            [-3.020779908, 52.260117959],
            [-3.020637974, 52.26012368],
            [-3.020264644, 52.2602007],
            [-3.019849249, 52.260297766],
            [-3.019427059, 52.260414663],
            [-3.019313583, 52.260449798],
            [-3.019211509, 52.260534358],
            [-3.019157209, 52.260595047],
            [-3.018980828, 52.260637016],
            [-3.018239838, 52.260970667],
            [-3.018076633, 52.261076336],
            [-3.017970515, 52.261174413],
            [-3.017702029, 52.26128818],
            [-3.017509847, 52.261341968],
            [-3.017008026, 52.261500977],
            [-3.016907587, 52.261530604],
            [-3.016854886, 52.261534654],
            [-3.01662187, 52.261530369],
            [-3.016056459, 52.261539732],
            [-3.015716304, 52.261530975],
            [-3.015374051, 52.261557289],
            [-3.015242563, 52.261571003],
            [-3.0149593, 52.261614784],
            [-3.014393799, 52.261747276],
            [-3.014195549, 52.261789516],
            [-3.013757774, 52.261870574],
            [-3.013158511, 52.262064469],
            [-3.012478127, 52.262234879],
            [-3.011757624, 52.262378574],
            [-3.011486869, 52.262457383],
            [-3.011149468, 52.262569929],
            [-3.010707602, 52.262790415],
            [-3.010441334, 52.262939201],
            [-3.010272509, 52.263053895],
            [-3.009614776, 52.263382285],
            [-3.009501205, 52.263413905],
            [-3.009270732, 52.263463513],
            [-3.009031277, 52.263500614],
            [-3.008376859, 52.263587099],
            [-3.008215111, 52.263625331],
            [-3.007807517, 52.263743949],
            [-3.007563036, 52.263820637],
            [-3.007301919, 52.2638723],
            [-3.007097345, 52.263897415],
            [-3.006655044, 52.263972194],
            [-3.006499702, 52.264037334],
            [-3.00640952, 52.264066954],
            [-3.006312048, 52.264094749],
            [-3.006170466, 52.264122022],
            [-3.006026064, 52.26414752],
            [-3.005613953, 52.264200466],
            [-3.005439426, 52.264192066],
            [-3.005269986, 52.264152164],
            [-3.005226851, 52.264189383],
            [-3.004932528, 52.264129871],
            [-3.004589319, 52.264050912],
            [-3.00350226, 52.263993647],
            [-3.002995317, 52.263998854],
            [-3.001659514, 52.263958067],
            [-3.001170085, 52.263957725],
            [-3.000704333, 52.263967966],
            [-2.999822216, 52.264030269],
            [-2.999170367, 52.264103199],
            [-2.998839803, 52.264129455],
            [-2.998687787, 52.264149617],
            [-2.998323359, 52.263808637],
            [-2.99856314, 52.263715649],
            [-2.998303697, 52.263401284],
            [-2.997645024, 52.263062341],
            [-2.997255728, 52.262759138],
            [-2.997232716, 52.262713493],
            [-2.997226835, 52.262645234],
            [-2.997122243, 52.26242582],
            [-2.997044773, 52.262300642],
            [-2.996998746, 52.262144548],
            [-2.996898911, 52.262002481],
            [-2.996855286, 52.261953416],
            [-2.996802982, 52.261910625],
            [-2.996474116, 52.261683307],
            [-2.996339234, 52.261551333],
            [-2.996296053, 52.261516644],
            [-2.996254543, 52.26149722],
            [-2.996208745, 52.26148053],
            [-2.99608657, 52.261457293],
            [-2.995774844, 52.261406894],
            [-2.995679404, 52.261460728],
            [-2.995591492, 52.261462369],
            [-2.995547345, 52.261389938],
            [-2.995544466, 52.261326147],
            [-2.995527615, 52.261291146],
            [-2.995476181, 52.261222371],
            [-2.995443368, 52.261192089],
            [-2.995348371, 52.261141658],
            [-2.995181589, 52.261084642],
            [-2.995022758, 52.261059017],
            [-2.994751456, 52.261114333],
            [-2.994741913, 52.261146771],
            [-2.994722445, 52.261324089],
            [-2.994723027, 52.261414864],
            [-2.994672034, 52.261495287],
            [-2.9945838, 52.261547263],
            [-2.994382833, 52.261533676],
            [-2.99422571, 52.261584434],
            [-2.99412135, 52.261633849],
            [-2.993752733, 52.261600102],
            [-2.993286301, 52.261573468],
            [-2.993122334, 52.261582937],
            [-2.992943612, 52.261580846],
            [-2.992852324, 52.261496227],
            [-2.992828955, 52.261434406],
            [-2.992808366, 52.261367169],
            [-2.992772911, 52.261088747],
            [-2.992614623, 52.261087382],
            [-2.992568947, 52.261076082],
            [-2.992527539, 52.26106115],
            [-2.992441221, 52.26099887],
            [-2.992275069, 52.260910386],
            [-2.992129607, 52.26088824],
            [-2.991897549, 52.260802107],
            [-2.991625973, 52.260709925],
            [-2.991528885, 52.260695461],
            [-2.991336519, 52.260677303],
            [-2.990958168, 52.260661605],
            [-2.990496683, 52.260596271],
            [-2.990039188, 52.260514722],
            [-2.989777738, 52.260486356],
            [-2.989606138, 52.26054352],
            [-2.98948222, 52.260506809],
            [-2.989402847, 52.26049579],
            [-2.989125613, 52.260480138],
            [-2.989090705, 52.260491216],
            [-2.989064695, 52.260505815],
            [-2.989057907, 52.260531937],
            [-2.989054568, 52.260647911],
            [-2.988862067, 52.260753875],
            [-2.98876253, 52.260824816],
            [-2.988591718, 52.260852312],
            [-2.988426264, 52.260854597],
            [-2.988214935, 52.260841985],
            [-2.988077761, 52.260866503],
            [-2.988003306, 52.260940828],
            [-2.98798655, 52.260980516],
            [-2.987904586, 52.261048612],
            [-2.987673233, 52.26112434],
            [-2.987560628, 52.261199883],
            [-2.987480552, 52.261287737],
            [-2.987464197, 52.261340005],
            [-2.98738978, 52.26142161],
            [-2.987255882, 52.261463176],
            [-2.987184255, 52.261469168],
            [-2.987056807, 52.261469335],
            [-2.986999555, 52.261464421],
            [-2.986761903, 52.261387223],
            [-2.986696316, 52.26140404],
            [-2.986633845, 52.261425234],
            [-2.986568263, 52.261507574],
            [-2.986579986, 52.261573089],
            [-2.986532834, 52.261696619],
            [-2.986054602, 52.26180227],
            [-2.985484927, 52.262011955],
            [-2.985027564, 52.262203713],
            [-2.984794451, 52.262260486],
            [-2.984681914, 52.262274008],
            [-2.98460651, 52.262245875],
            [-2.984535534, 52.262215908],
            [-2.984524093, 52.262162974],
            [-2.984296392, 52.262071397],
            [-2.98413566, 52.262090713],
            [-2.983914322, 52.262150082],
            [-2.983769873, 52.262179149],
            [-2.983695284, 52.26218786],
            [-2.983502044, 52.262190369],
            [-2.983359141, 52.262158304],
            [-2.983127572, 52.262088328],
            [-2.982872925, 52.262034633],
            [-2.982716382, 52.262046722],
            [-2.982552056, 52.262105704],
            [-2.982482156, 52.262124262],
            [-2.982410746, 52.262140136],
            [-2.982318623, 52.262148093],
            [-2.982220542, 52.262154302],
            [-2.981992032, 52.262157102],
            [-2.981676841, 52.262146242],
            [-2.981423744, 52.26216812],
            [-2.981279533, 52.262202575],
            [-2.981125549, 52.262264974],
            [-2.981041072, 52.26228545],
            [-2.980949006, 52.262301495],
            [-2.980722363, 52.262317759],
            [-2.98051349, 52.262350952],
            [-2.980416721, 52.262345465],
            [-2.980071563, 52.262306986],
            [-2.97978451, 52.262251846],
            [-2.979533659, 52.262238648],
            [-2.979067838, 52.262305429],
            [-2.978847999, 52.262372865],
            [-2.978584318, 52.262375052],
            [-2.978399829, 52.262182439],
            [-2.978102526, 52.261721839],
            [-2.977835082, 52.261421068],
            [-2.977516057, 52.261504693],
            [-2.977469058, 52.261433088],
            [-2.977316794, 52.261172796],
            [-2.977094688, 52.260933666],
            [-2.977154964, 52.260872947],
            [-2.977319806, 52.26084282],
            [-2.977465208, 52.260791193],
            [-2.977673092, 52.260652853],
            [-2.977824671, 52.260612949],
            [-2.978025083, 52.260530396],
            [-2.977994826, 52.260423599],
            [-2.977935521, 52.260325222],
            [-2.977783863, 52.260158312],
            [-2.977661182, 52.259974174],
            [-2.97750262, 52.259762381],
            [-2.977408261, 52.259734401],
            [-2.977342697, 52.259686408],
            [-2.977316189, 52.259678538],
            [-2.97728678, 52.259676085],
            [-2.977197977, 52.259697493],
            [-2.97712716, 52.259745716],
            [-2.976887057, 52.259819608],
            [-2.976844554, 52.259886471],
            [-2.976698956, 52.259929111],
            [-2.976665574, 52.259943768],
            [-2.976581644, 52.260055016],
            [-2.97654417, 52.260081391],
            [-2.976505048, 52.260104185],
            [-2.976330435, 52.260156861],
            [-2.9762971, 52.260107703],
            [-2.976202829, 52.260017703],
            [-2.976171536, 52.259995492],
            [-2.976130628, 52.260003021],
            [-2.976034614, 52.260031677],
            [-2.975784755, 52.260129017],
            [-2.975498622, 52.260175423],
            [-2.97525155, 52.260201733],
            [-2.975166117, 52.260250165],
            [-2.974971865, 52.260409959],
            [-2.974847496, 52.260418177],
            [-2.974763621, 52.260399995],
            [-2.974581263, 52.260435655],
            [-2.974500858, 52.26044351],
            [-2.974295926, 52.260452392],
            [-2.974177885, 52.260484824],
            [-2.973814281, 52.260540854],
            [-2.973696324, 52.260571578],
            [-2.973585067, 52.260643501],
            [-2.973517421, 52.260698886],
            [-2.97342448, 52.260735605],
            [-2.9733629, 52.260737012],
            [-2.973128244, 52.260723667],
            [-2.972933676, 52.260736955],
            [-2.97257479, 52.26081002],
            [-2.972553051, 52.260887586],
            [-2.972503805, 52.260977872],
            [-2.972433551, 52.261052153],
            [-2.972349818, 52.261106771],
            [-2.972285712, 52.261125275],
            [-2.972002724, 52.261183332],
            [-2.971771109, 52.261242852],
            [-2.971486395, 52.261288339],
            [-2.971374225, 52.261252411],
            [-2.971218306, 52.26122673],
            [-2.971100121, 52.261180874],
            [-2.971066281, 52.26110835],
            [-2.971046669, 52.26107885],
            [-2.97095615, 52.261027465],
            [-2.970829389, 52.261059067],
            [-2.970719007, 52.261104915],
            [-2.970457222, 52.261259954],
            [-2.970364823, 52.261327225],
            [-2.97026549, 52.261270518],
            [-2.97020363, 52.261192741],
            [-2.970141149, 52.261147415],
            [-2.970024927, 52.261125002],
            [-2.969982783, 52.261142425],
            [-2.969987527, 52.26115497],
            [-2.970042545, 52.261262464],
            [-2.970093273, 52.261300695],
            [-2.970210125, 52.261490281],
            [-2.970215379, 52.26152619],
            [-2.970213188, 52.261558655],
            [-2.970139189, 52.261660828],
            [-2.970080198, 52.26170895],
            [-2.970043655, 52.261717339],
            [-2.970009995, 52.261719414],
            [-2.969969693, 52.261682894],
            [-2.969943713, 52.261632774],
            [-2.969863853, 52.261599276],
            [-2.969740712, 52.261597591],
            [-2.969711812, 52.261618501],
            [-2.969624335, 52.261701011],
            [-2.969583248, 52.26170045],
            [-2.969542063, 52.261695395],
            [-2.96948509, 52.261631149],
            [-2.969456972, 52.261621494],
            [-2.969424565, 52.261614569],
            [-2.969304484, 52.261614657],
            [-2.96920411, 52.261582225],
            [-2.969136731, 52.261583677],
            [-2.969069449, 52.261589622],
            [-2.968989943, 52.261638811],
            [-2.968899934, 52.261677299],
            [-2.968786395, 52.261644975],
            [-2.968658847, 52.261640629],
            [-2.968643292, 52.261664126],
            [-2.968606044, 52.261773187],
            [-2.96851341, 52.26182428],
            [-2.968397441, 52.261813547],
            [-2.968289347, 52.261765],
            [-2.968189211, 52.261737958],
            [-2.968100475, 52.261768347],
            [-2.968067657, 52.261809062],
            [-2.967983409, 52.261840312],
            [-2.967901332, 52.261843682],
            [-2.967790499, 52.261796954],
            [-2.967688872, 52.261773519],
            [-2.967589556, 52.261789613],
            [-2.967533695, 52.261848493],
            [-2.967477308, 52.261816599],
            [-2.967440204, 52.261660511],
            [-2.967441125, 52.261636236],
            [-2.967475769, 52.261540589],
            [-2.967453631, 52.261467068],
            [-2.967415996, 52.26141974],
            [-2.967359649, 52.261389643],
            [-2.967195637, 52.261397278],
            [-2.96706713, 52.261415408],
            [-2.966855857, 52.261538478],
            [-2.966659207, 52.261589613],
            [-2.96669122, 52.261645076],
            [-2.966764335, 52.261707394],
            [-2.966792387, 52.261786259],
            [-2.966756121, 52.261801835],
            [-2.966715269, 52.261812057],
            [-2.966663977, 52.261808882],
            [-2.966609567, 52.261801238],
            [-2.96649454, 52.261767127],
            [-2.966407845, 52.261752557],
            [-2.966319639, 52.261740696],
            [-2.966275809, 52.261747346],
            [-2.966230628, 52.261758502],
            [-2.965965002, 52.261876711],
            [-2.965585717, 52.262018231],
            [-2.965645349, 52.26213279],
            [-2.965661431, 52.262200158],
            [-2.965674968, 52.262217125],
            [-2.965695815, 52.262231335],
            [-2.965734316, 52.2622463],
            [-2.965843327, 52.262275967],
            [-2.965863544, 52.262327932],
            [-2.965825215, 52.262387567],
            [-2.965682342, 52.262417498],
            [-2.965535884, 52.262421392],
            [-2.965444504, 52.262396973],
            [-2.965307889, 52.262314502],
            [-2.965180794, 52.262264309],
            [-2.965085905, 52.262278567],
            [-2.964990149, 52.262325189],
            [-2.96491714, 52.262401285],
            [-2.964966075, 52.262496159],
            [-2.964941458, 52.262580937],
            [-2.96488491, 52.262608364],
            [-2.96477889, 52.262649676],
            [-2.964618615, 52.262690534],
            [-2.964542234, 52.262750479],
            [-2.964528555, 52.262793733],
            [-2.96451738, 52.262885592],
            [-2.964522743, 52.262932286],
            [-2.964551065, 52.263023733],
            [-2.964547555, 52.26306241],
            [-2.964536599, 52.263097553],
            [-2.964491041, 52.263158235],
            [-2.964445949, 52.263240395],
            [-2.964469415, 52.263308512],
            [-2.964546938, 52.263373491],
            [-2.96464049, 52.263431149],
            [-2.964678871, 52.263507323],
            [-2.964683922, 52.263539639],
            [-2.964673746, 52.263610728],
            [-2.964658539, 52.263650399],
            [-2.964608822, 52.263725406],
            [-2.964588693, 52.263811047],
            [-2.96461602, 52.263856663],
            [-2.964713901, 52.263974505],
            [-2.964646063, 52.264021797],
            [-2.964590709, 52.264037529],
            [-2.964428824, 52.264071209],
            [-2.964378152, 52.264102272],
            [-2.964267111, 52.264118459],
            [-2.96407045, 52.264102898],
            [-2.963999363, 52.264134128],
            [-2.963945595, 52.264156138],
            [-2.963751624, 52.26426468],
            [-2.963806025, 52.264344229],
            [-2.96404612, 52.264262275],
            [-2.964096823, 52.264305003],
            [-2.964126302, 52.264382958],
            [-2.964224217, 52.2645692],
            [-2.964289578, 52.264814129],
            [-2.964303668, 52.264990179],
            [-2.964390232, 52.26499846],
            [-2.964422109, 52.265047724],
            [-2.964427203, 52.265076444],
            [-2.964432534, 52.265255262],
            [-2.964522041, 52.265872188],
            [-2.964648821, 52.26630815],
            [-2.964731672, 52.266479145],
            [-2.964713009, 52.266565582],
            [-2.964716938, 52.266679788],
            [-2.965064595, 52.268111795],
            [-2.964549888, 52.268234734],
            [-2.96419589, 52.268280319],
            [-2.963638698, 52.268383288],
            [-2.963301959, 52.268411383],
            [-2.962175089, 52.268604738],
            [-2.961704451, 52.268659805],
            [-2.961138321, 52.268707559],
            [-2.960948961, 52.268756737],
            [-2.960583323, 52.268862267],
            [-2.959866418, 52.269117965],
            [-2.959561538, 52.26925086],
            [-2.959415755, 52.269287099],
            [-2.959135213, 52.269321735],
            [-2.958973901, 52.269388659],
            [-2.958530761, 52.269632328],
            [-2.958426361, 52.26968261],
            [-2.958147226, 52.269788238],
            [-2.957965224, 52.269842834],
            [-2.95769707, 52.269914218],
            [-2.957382003, 52.269911381],
            [-2.957300961, 52.269957877],
            [-2.95706241, 52.270113507],
            [-2.956884024, 52.270268738],
            [-2.956424023, 52.270543994],
            [-2.956119873, 52.27078473],
            [-2.95612086, 52.270830561],
            [-2.955954111, 52.270909209],
            [-2.955819129, 52.270835701],
            [-2.955761345, 52.270739009],
            [-2.955744388, 52.270697801],
            [-2.955735974, 52.270649334],
            [-2.955734911, 52.270599908],
            [-2.955751834, 52.270499105],
            [-2.955734676, 52.270386804],
            [-2.955686854, 52.27027574],
            [-2.955593028, 52.270205494],
            [-2.95547157, 52.270142663],
            [-2.955202809, 52.270118683],
            [-2.95506859, 52.270074828],
            [-2.954880258, 52.269975686],
            [-2.954764389, 52.269902922],
            [-2.954628523, 52.269855485],
            [-2.954415113, 52.269826292],
            [-2.954177049, 52.269779951],
            [-2.953964699, 52.269788858],
            [-2.953599144, 52.269764308],
            [-2.95338618, 52.269733312],
            [-2.953271976, 52.269670419],
            [-2.95318206, 52.269579468],
            [-2.952782606, 52.269540449],
            [-2.952377815, 52.269522953],
            [-2.952020713, 52.269475501],
            [-2.951895148, 52.269502579],
            [-2.951815533, 52.269548251],
            [-2.951572576, 52.269560995],
            [-2.951053492, 52.269555382],
            [-2.950849664, 52.269538958],
            [-2.95025332, 52.269474462],
            [-2.9499438, 52.269465269],
            [-2.94963442, 52.269456973],
            [-2.949621032, 52.269514604],
            [-2.949410196, 52.269520794],
            [-2.949204068, 52.269549416],
            [-2.94904076, 52.269585872],
            [-2.948832228, 52.269564179],
            [-2.948646825, 52.26952783],
            [-2.948026142, 52.269426758],
            [-2.947669276, 52.269390076],
            [-2.947365912, 52.26938622],
            [-2.947220591, 52.2693766],
            [-2.947081114, 52.269363339],
            [-2.946878268, 52.269336204],
            [-2.945921623, 52.269419374],
            [-2.945056549, 52.269535956],
            [-2.944718334, 52.269620545],
            [-2.944544713, 52.26965519],
            [-2.944365134, 52.269688085],
            [-2.943807009, 52.269767149],
            [-2.943383954, 52.269856816],
            [-2.943120931, 52.269823864],
            [-2.942924673, 52.269759819],
            [-2.942984143, 52.26973238],
            [-2.943078351, 52.269201155],
            [-2.943119506, 52.268720777],
            [-2.943184031, 52.268311127],
            [-2.943199796, 52.267949593],
            [-2.943251004, 52.267806274],
            [-2.943262645, 52.267734277],
            [-2.943268429, 52.26765954],
            [-2.943205909, 52.267406578],
            [-2.942921981, 52.267355727],
            [-2.942634681, 52.267282522],
            [-2.942520115, 52.267269955],
            [-2.942286724, 52.267254741],
            [-2.942172407, 52.267253856],
            [-2.941971199, 52.267297706],
            [-2.941803784, 52.267351172],
            [-2.941720169, 52.267419339],
            [-2.941553027, 52.267411595],
            [-2.941507319, 52.267398477],
            [-2.941465903, 52.267382629],
            [-2.941388458, 52.267325724],
            [-2.941314207, 52.267208573],
            [-2.941268216, 52.267113667],
            [-2.94125112, 52.267065178],
            [-2.941265714, 52.266852944],
            [-2.941214012, 52.26676788],
            [-2.940950207, 52.26676549],
            [-2.940618647, 52.266884168],
            [-2.940573967, 52.266919577],
            [-2.940536536, 52.266954928],
            [-2.94049846, 52.267022642],
            [-2.94051294, 52.267084544],
            [-2.940557732, 52.267122925],
            [-2.940697753, 52.267162255],
            [-2.940801266, 52.267206371],
            [-2.94087911, 52.267282148],
            [-2.940750403, 52.267292162],
            [-2.94061351, 52.267263593],
            [-2.940483389, 52.267212499],
            [-2.940342303, 52.267122844],
            [-2.940174734, 52.266957811],
            [-2.940068061, 52.266832828],
            [-2.939976974, 52.26675347],
            [-2.939654906, 52.266492686],
            [-2.939572576, 52.26647887],
            [-2.939488792, 52.266470549],
            [-2.939231288, 52.26648608],
            [-2.938992484, 52.266488879],
            [-2.938764367, 52.266511456],
            [-2.938603155, 52.26657835],
            [-2.938549952, 52.266696517],
            [-2.938565582, 52.266881635],
            [-2.938466243, 52.266897705],
            [-2.938313221, 52.266934873],
            [-2.938170669, 52.266987238],
            [-2.938178778, 52.267022227],
            [-2.938255156, 52.267171809],
            [-2.938273817, 52.267220196],
            [-2.93816372, 52.267350499],
            [-2.938096989, 52.267451785],
            [-2.938074559, 52.267499599],
            [-2.938127146, 52.267563895],
            [-2.938173232, 52.267594987],
            [-2.938226707, 52.267626919],
            [-2.938379052, 52.267694915],
            [-2.938350488, 52.267801291],
            [-2.938320374, 52.267828494],
            [-2.93828418, 52.267853949],
            [-2.938144778, 52.26791258],
            [-2.938051026, 52.267981634],
            [-2.938054026, 52.26812371],
            [-2.938104018, 52.268202408],
            [-2.938106245, 52.268239241],
            [-2.938099597, 52.268273448],
            [-2.938025774, 52.268313582],
            [-2.93790435, 52.268325332],
            [-2.937718233, 52.268323216],
            [-2.937586682, 52.268273029],
            [-2.937410265, 52.268243871],
            [-2.937263074, 52.26828279],
            [-2.937232951, 52.268315386],
            [-2.937210273, 52.268351518],
            [-2.937269558, 52.268452701],
            [-2.937356947, 52.268494251],
            [-2.937510042, 52.268528987],
            [-2.937580446, 52.268532922],
            [-2.937819318, 52.268532822],
            [-2.937899642, 52.268588808],
            [-2.93789217, 52.268652683],
            [-2.937812846, 52.268712724],
            [-2.937721015, 52.268804232],
            [-2.937580785, 52.26889253],
            [-2.937538963, 52.268926118],
            [-2.937508991, 52.268965903],
            [-2.937486427, 52.269007427],
            [-2.93756139, 52.269084218],
            [-2.937694216, 52.269131698],
            [-2.937856785, 52.269128609],
            [-2.937992127, 52.269083493],
            [-2.938284176, 52.26889503],
            [-2.93842448, 52.268873242],
            [-2.938503932, 52.26888789],
            [-2.938531653, 52.268953282],
            [-2.938496683, 52.269030947],
            [-2.938229417, 52.269282938],
            [-2.938157207, 52.269336631],
            [-2.938087921, 52.269385717],
            [-2.937969147, 52.269448678],
            [-2.937878848, 52.269475461],
            [-2.937622211, 52.269538618],
            [-2.937513959, 52.269544871],
            [-2.93738013, 52.269524362],
            [-2.93734162, 52.269503097],
            [-2.937308853, 52.26947909],
            [-2.93728334, 52.269449632],
            [-2.93722398, 52.269344943],
            [-2.937142166, 52.269287081],
            [-2.937033301, 52.269269969],
            [-2.936937052, 52.269289608],
            [-2.936900857, 52.269315062],
            [-2.936834793, 52.269379491],
            [-2.936809215, 52.269415646],
            [-2.936817105, 52.269509059],
            [-2.936797667, 52.269561343],
            [-2.93677241, 52.269612775],
            [-2.936700957, 52.269702414],
            [-2.93655071, 52.269946282],
            [-2.936429887, 52.270049794],
            [-2.936335874, 52.270112557],
            [-2.936286668, 52.270139911],
            [-2.936203794, 52.27016933],
            [-2.935930041, 52.270257786],
            [-2.935619635, 52.270338532],
            [-2.935564395, 52.270360541],
            [-2.935515112, 52.2703843],
            [-2.935439152, 52.270466693],
            [-2.935392758, 52.270558738],
            [-2.935401598, 52.270634258],
            [-2.935485131, 52.270699208],
            [-2.935538373, 52.27072575],
            [-2.935706952, 52.270795419],
            [-2.935724213, 52.270851907],
            [-2.935682132, 52.27094221],
            [-2.935646301, 52.270979345],
            [-2.935604615, 52.27101383],
            [-2.93554208, 52.271039492],
            [-2.93547657, 52.271061582],
            [-2.935375487, 52.271064181],
            [-2.935276573, 52.271026316],
            [-2.935166324, 52.270943601],
            [-2.935064199, 52.270896684],
            [-2.93499509, 52.270885547],
            [-2.934795415, 52.270865557],
            [-2.934599712, 52.27082756],
            [-2.9344337, 52.270810898],
            [-2.934344204, 52.270807112],
            [-2.934178842, 52.270815612],
            [-2.934107306, 52.270826963],
            [-2.934043075, 52.270840954],
            [-2.933964623, 52.270873931],
            [-2.933941657, 52.270896583],
            [-2.933904755, 52.270951791],
            [-2.933858501, 52.271056418],
            [-2.933788896, 52.271579352],
            [-2.933799416, 52.27166016],
            [-2.933813152, 52.271687016],
            [-2.933890014, 52.271785276],
            [-2.934030618, 52.271920871],
            [-2.934378388, 52.272150908],
            [-2.934531842, 52.272271121],
            [-2.934934813, 52.272545749],
            [-2.93521007, 52.272740406],
            [-2.935482418, 52.27287136],
            [-2.935584118, 52.272966726],
            [-2.935700247, 52.273190596],
            [-2.935820414, 52.273330755],
            [-2.935994169, 52.273439121],
            [-2.936043292, 52.273476481],
            [-2.936127419, 52.273569289],
            [-2.936197454, 52.273767458],
            [-2.93627333, 52.273887295],
            [-2.936367588, 52.273979124],
            [-2.936409804, 52.274032717],
            [-2.93644469, 52.274088256],
            [-2.936453019, 52.274139422],
            [-2.93645263, 52.274189758],
            [-2.936438939, 52.274233907],
            [-2.936420683, 52.274273599],
            [-2.936396362, 52.274300756],
            [-2.936366082, 52.274326163],
            [-2.936231179, 52.274392935],
            [-2.936136596, 52.274423346],
            [-2.936087329, 52.274448004],
            [-2.936042506, 52.274477121],
            [-2.935995627, 52.274552093],
            [-2.9360545, 52.274633417],
            [-2.936220462, 52.274715779],
            [-2.93626501, 52.27474239],
            [-2.936272998, 52.27477738],
            [-2.936269737, 52.274897845],
            [-2.93627473, 52.274928364],
            [-2.936179664, 52.275004707],
            [-2.93592752, 52.275145122],
            [-2.935880024, 52.275185046],
            [-2.935839814, 52.275226709],
            [-2.935763705, 52.275371211],
            [-2.935703757, 52.275445387],
            [-2.935653247, 52.275479942],
            [-2.935527018, 52.275545656],
            [-2.935454479, 52.275578588],
            [-2.935271203, 52.275643945],
            [-2.935190335, 52.275700311],
            [-2.935117341, 52.275786275],
            [-2.935024465, 52.275966861],
            [-2.93496686, 52.276020346],
            [-2.934858068, 52.276070642],
            [-2.934682661, 52.276165506],
            [-2.93464061, 52.276182916],
            [-2.934551481, 52.276197104],
            [-2.934198983, 52.27623225],
            [-2.933859499, 52.276190895],
            [-2.933758933, 52.276218655],
            [-2.933654112, 52.276250942],
            [-2.933229881, 52.276432349],
            [-2.933050972, 52.276493084],
            [-2.932847617, 52.276580975],
            [-2.932703599, 52.276634334],
            [-2.932021191, 52.276871614],
            [-2.931800832, 52.276921079],
            [-2.931684438, 52.276960647],
            [-2.931569607, 52.277005594],
            [-2.931403537, 52.277125546],
            [-2.931359726, 52.277203188],
            [-2.931368342, 52.277262531],
            [-2.931395135, 52.277283891],
            [-2.93143218, 52.277304271],
            [-2.931545884, 52.27734382],
            [-2.931736962, 52.277367478],
            [-2.931788439, 52.277378756],
            [-2.931862726, 52.27742311],
            [-2.931905083, 52.277489286],
            [-2.931905219, 52.277564874],
            [-2.93180277, 52.277779597],
            [-2.931616633, 52.278060683],
            [-2.931604615, 52.278184902],
            [-2.931630281, 52.278290758],
            [-2.931622348, 52.278402271],
            [-2.9315573, 52.278516123],
            [-2.931449301, 52.27861045],
            [-2.931337818, 52.278676942],
            [-2.931165375, 52.278700773],
            [-2.930983583, 52.27869951],
            [-2.930830213, 52.278722291],
            [-2.930769944, 52.278787479],
            [-2.930753253, 52.278827248],
            [-2.930742455, 52.278871374],
            [-2.930732975, 52.278978406],
            [-2.930581443, 52.279163944],
            [-2.93047201, 52.279328388],
            [-2.930467811, 52.279474117],
            [-2.930498748, 52.279554765],
            [-2.930491988, 52.279578187],
            [-2.930444549, 52.279627096],
            [-2.9303678, 52.279667248],
            [-2.93025122, 52.279704119],
            [-2.930195665, 52.279711747],
            [-2.930085937, 52.279718004],
            [-2.929923158, 52.279712995],
            [-2.929888006, 52.279719563],
            [-2.929821151, 52.279741661],
            [-2.929787778, 52.279758192],
            [-2.929730029, 52.279805385],
            [-2.929693169, 52.279863198],
            [-2.929682237, 52.279970241],
            [-2.929608059, 52.280000486],
            [-2.929499592, 52.279997745],
            [-2.929353883, 52.279971029],
            [-2.928962384, 52.279963325],
            [-2.928870102, 52.279965849],
            [-2.928776482, 52.279973776],
            [-2.928580544, 52.280001382],
            [-2.92848425, 52.280020115],
            [-2.928048057, 52.280123402],
            [-2.927864509, 52.280107767],
            [-2.927629161, 52.280065486],
            [-2.927542153, 52.280042801],
            [-2.927362045, 52.279977705],
            [-2.927202115, 52.279900765],
            [-2.926829005, 52.279656436],
            [-2.926651431, 52.279504135],
            [-2.926447757, 52.279363634],
            [-2.926141379, 52.279508138],
            [-2.925987753, 52.279588437],
            [-2.925786802, 52.279653828],
            [-2.925222113, 52.27984889],
            [-2.925009429, 52.27990808],
            [-2.924898503, 52.279932318],
            [-2.924787483, 52.279952062],
            [-2.924695238, 52.27995638],
            [-2.924532571, 52.279956755],
            [-2.924278484, 52.279937174],
            [-2.924104947, 52.279908872],
            [-2.924000644, 52.279897105],
            [-2.923892982, 52.279933001],
            [-2.923736292, 52.280011524],
            [-2.923372826, 52.280230169],
            [-2.922976995, 52.280508386],
            [-2.922699527, 52.280695708],
            [-2.922623022, 52.280753829],
            [-2.922463229, 52.280892684],
            [-2.922022222, 52.281190126],
            [-2.921672203, 52.281486856],
            [-2.921607193, 52.281534101],
            [-2.921422144, 52.281655984],
            [-2.921319012, 52.28170083],
            [-2.921267954, 52.281715699],
            [-2.921218391, 52.281726872],
            [-2.921130342, 52.281723964],
            [-2.921043155, 52.281686804],
            [-2.921023018, 52.281636629],
            [-2.920998281, 52.281434592],
            [-2.92098719, 52.281395132],
            [-2.920940316, 52.2813262],
            [-2.920895696, 52.281295989],
            [-2.920845351, 52.281269418],
            [-2.92079072, 52.281251868],
            [-2.920680335, 52.281226664],
            [-2.920584693, 52.281213029],
            [-2.92054224, 52.281211562],
            [-2.920489507, 52.281215569],
            [-2.920436867, 52.281224068],
            [-2.920387378, 52.281238835],
            [-2.920295837, 52.281277298],
            [-2.920256667, 52.281300073],
            [-2.920221262, 52.281358771],
            [-2.920193233, 52.281487608],
            [-2.920176577, 52.281535374],
            [-2.920121075, 52.281615799],
            [-2.920081979, 52.281642169],
            [-2.91995148, 52.2817079],
            [-2.919899474, 52.281747043],
            [-2.919892968, 52.281783046],
            [-2.919920522, 52.281841253],
            [-2.919927477, 52.281896924],
            [-2.919869538, 52.281929732],
            [-2.919825932, 52.281942655],
            [-2.919679982, 52.281974351],
            [-2.919633001, 52.281970223],
            [-2.919550437, 52.281951992],
            [-2.919491307, 52.281927286],
            [-2.919430168, 52.281875632],
            [-2.919329653, 52.281766761],
            [-2.919237698, 52.281715257],
            [-2.919118212, 52.28167664],
            [-2.918888778, 52.281639778],
            [-2.918732519, 52.28159965],
            [-2.918651359, 52.281573317],
            [-2.918552083, 52.281448258],
            [-2.918508634, 52.281404465],
            [-2.918368346, 52.281353426],
            [-2.918221675, 52.281344411],
            [-2.917841727, 52.28041657],
            [-2.917253772, 52.280066564],
            [-2.917259748, 52.279577662],
            [-2.917915609, 52.27917871],
            [-2.917618695, 52.2787238],
            [-2.917130706, 52.278367803],
            [-2.917340629, 52.277934839],
            [-2.917303723, 52.277569854],
            [-2.917198659, 52.276883],
            [-2.916917653, 52.276056041],
            [-2.916688706, 52.275561143],
            [-2.916065759, 52.274958211],
            [-2.915427817, 52.274465315],
            [-2.914462878, 52.273625407],
            [-2.913374967, 52.272938519],
            [-2.912559124, 52.272735499],
            [-2.912162826, 52.272267142],
            [-2.911703939, 52.271757383],
            [-2.91162705, 52.271655423],
            [-2.911482112, 52.271517229],
            [-2.911399163, 52.271543934],
            [-2.911696525, 52.271254831],
            [-2.912098677, 52.270637665],
            [-2.912306941, 52.270364529],
            [-2.912558256, 52.269969721],
            [-2.912653817, 52.269839555],
            [-2.912799843, 52.269672058],
            [-2.912970772, 52.269505267],
            [-2.913269933, 52.269298926],
            [-2.913353815, 52.269176849],
            [-2.913523538, 52.268734135],
            [-2.913541203, 52.268664791],
            [-2.913567517, 52.268522487],
            [-2.913573279, 52.268444247],
            [-2.913565261, 52.268271739],
            [-2.913589802, 52.268107878],
            [-2.913540717, 52.267789094],
            [-2.91340666, 52.267398165],
            [-2.913341677, 52.267087593],
            [-2.913303584, 52.266944889],
            [-2.913277636, 52.266822853],
            [-2.913260237, 52.266617073],
            [-2.91319366, 52.266516922],
            [-2.913140039, 52.266400493],
            [-2.9130477, 52.266404803],
            [-2.912974502, 52.266194061],
            [-2.912901147, 52.266046236],
            [-2.912852163, 52.265873147],
            [-2.912787425, 52.265715369],
            [-2.91274207, 52.265507198],
            [-2.912732218, 52.265380454],
            [-2.912831867, 52.265385076],
            [-2.912803816, 52.265160593],
            [-2.912774203, 52.265071751],
            [-2.912740234, 52.264988425],
            [-2.912657807, 52.264828177],
            [-2.912507423, 52.264423801],
            [-2.912307165, 52.263949794],
            [-2.912158937, 52.263656043],
            [-2.91172861, 52.262673115],
            [-2.911378719, 52.261906174],
            [-2.910886242, 52.260753849],
            [-2.910722885, 52.260434148],
            [-2.911446145, 52.259191456],
            [-2.911195405, 52.258680895],
            [-2.910974925, 52.258361635],
            [-2.910927301, 52.258254147],
            [-2.910848459, 52.258049739],
            [-2.910821432, 52.257951079],
            [-2.910823702, 52.257773009],
            [-2.910974192, 52.25761276],
            [-2.911183402, 52.257523872],
            [-2.91139914, 52.257399969],
            [-2.911472777, 52.257344574],
            [-2.91153744, 52.25728745],
            [-2.911608973, 52.257129517],
            [-2.911625006, 52.256909996],
            [-2.911529158, 52.256736369],
            [-2.91146081, 52.256548957],
            [-2.911407133, 52.256428933],
            [-2.91168368, 52.256407832],
            [-2.91194675, 52.256289225],
            [-2.912198963, 52.256253751],
            [-2.912670559, 52.256242915],
            [-2.913033883, 52.256241902],
            [-2.913372882, 52.256203327],
            [-2.913529, 52.256170661],
            [-2.91383216, 52.256092815],
            [-2.914038245, 52.255999451],
            [-2.914222875, 52.255861404],
            [-2.914366544, 52.255722774],
            [-2.914569284, 52.255607864],
            [-2.914791699, 52.255521653],
            [-2.914895671, 52.255449842],
            [-2.914897417, 52.255464209],
            [-2.915049091, 52.255362547],
            [-2.914652217, 52.25478356],
            [-2.914190257, 52.254263677],
            [-2.913785036, 52.253841682],
            [-2.913339045, 52.253186852],
            [-2.912855344, 52.252841859],
            [-2.912093357, 52.252731894],
            [-2.911683509, 52.252265167],
            [-2.911286411, 52.251765984],
            [-2.91188239, 52.25140905],
            [-2.912294361, 52.250878899],
            [-2.912050607, 52.25053043],
            [-2.911598595, 52.250050276],
            [-2.910615481, 52.249873612],
            [-2.909239694, 52.250031532],
            [-2.908475691, 52.250340222],
            [-2.907617528, 52.250030537],
            [-2.906693931, 52.249662296],
            [-2.905818355, 52.249237595],
            [-2.90426019, 52.249353445],
            [-2.903337844, 52.249300289],
            [-2.902457252, 52.249298937],
            [-2.90144535, 52.249445085],
            [-2.900227363, 52.249386613],
            [-2.898960862, 52.24922828],
            [-2.898021635, 52.248871057],
            [-2.897407998, 52.248536517],
            [-2.896563518, 52.248181078],
            [-2.89545316, 52.248031678],
            [-2.894531286, 52.248192185],
            [-2.894279268, 52.248127673],
            [-2.893856871, 52.247956416],
            [-2.893277773, 52.247781939],
            [-2.893050964, 52.247721638],
            [-2.893039143, 52.247716335],
            [-2.892981783, 52.247560287],
            [-2.892900706, 52.247462033],
            [-2.892773678, 52.24733078],
            [-2.893176218, 52.24703104],
            [-2.892769493, 52.246568988],
            [-2.892677791, 52.246476745],
            [-2.892368268, 52.246549013],
            [-2.891612243, 52.246752463],
            [-2.891463815, 52.246800412],
            [-2.891314676, 52.246571895],
            [-2.891032661, 52.246010206],
            [-2.890759402, 52.245372772],
            [-2.890322531, 52.244742054],
            [-2.889914025, 52.24410393],
            [-2.889593748, 52.243505226],
            [-2.889459762, 52.24291033],
            [-2.889171694, 52.242176382],
            [-2.888780746, 52.24122453],
            [-2.88838185, 52.240266804],
            [-2.888230718, 52.239815665],
            [-2.888043263, 52.239226382],
            [-2.887816969, 52.238675232],
            [-2.887662969, 52.238225012],
            [-2.887388303, 52.237687706],
            [-2.887044388, 52.237134742],
            [-2.88692897, 52.236741664],
            [-2.886933013, 52.23642975],
            [-2.88699328, 52.235849389],
            [-2.887005642, 52.235664053],
            [-2.88701115, 52.235352936],
            [-2.887036365, 52.234855529],
            [-2.887238998, 52.231431363],
            [-2.887571019, 52.231414485],
            [-2.887889701, 52.231388629],
            [-2.888655923, 52.231411712],
            [-2.88898501, 52.231393055],
            [-2.88967596, 52.231310461],
            [-2.890285377, 52.231328334],
            [-2.890744872, 52.231383379],
            [-2.89103523, 52.231408151],
            [-2.891629045, 52.231448605],
            [-2.891931034, 52.2314634],
            [-2.89257109, 52.23147384],
            [-2.892930402, 52.231433372],
            [-2.893174639, 52.231638248],
            [-2.893460184, 52.231561486],
            [-2.893904096, 52.231579695],
            [-2.893936057, 52.231415871],
            [-2.893863542, 52.231015374],
            [-2.8937541, 52.230885876],
            [-2.893744549, 52.230488587],
            [-2.893680871, 52.229139515],
            [-2.893586428, 52.22873478],
            [-2.893545562, 52.22859937],
            [-2.893438959, 52.228322357],
            [-2.893466739, 52.228172855],
            [-2.89340276, 52.228046608],
            [-2.893318685, 52.227797287],
            [-2.893232229, 52.227429342],
            [-2.893186235, 52.227110525],
            [-2.893082583, 52.226829894],
            [-2.89319602, 52.226792184],
            [-2.893171604, 52.226598137],
            [-2.892794935, 52.225115803],
            [-2.892627764, 52.224376183],
            [-2.892537056, 52.224156662],
            [-2.892453613, 52.224160889],
            [-2.892325748, 52.223839994],
            [-2.892132825, 52.223567227],
            [-2.892221105, 52.223515328],
            [-2.892074421, 52.223279063],
            [-2.892042872, 52.223240653],
            [-2.892005566, 52.223204084],
            [-2.891944544, 52.223158616],
            [-2.891877925, 52.223116876],
            [-2.891832097, 52.223094752],
            [-2.891708309, 52.223055241],
            [-2.891423258, 52.223003467],
            [-2.891257422, 52.222985845],
            [-2.891217914, 52.22305625],
            [-2.8911573, 52.223103446],
            [-2.891058612, 52.223141941],
            [-2.89100464, 52.223153134],
            [-2.890935958, 52.223159046],
            [-2.890842234, 52.223156158],
            [-2.890759989, 52.223147791],
            [-2.890602633, 52.223107634],
            [-2.890573217, 52.223103362],
            [-2.890416568, 52.223104544],
            [-2.890365236, 52.223096842],
            [-2.890293172, 52.223078511],
            [-2.890238535, 52.223056453],
            [-2.890208777, 52.223035106],
            [-2.890192295, 52.223013659],
            [-2.890185464, 52.222967872],
            [-2.890216537, 52.222910114],
            [-2.890276915, 52.222851146],
            [-2.890357979, 52.222806493],
            [-2.890407323, 52.222787246],
            [-2.89050794, 52.222766713],
            [-2.890652683, 52.222755733],
            [-2.890772049, 52.222725172],
            [-2.890812686, 52.222705091],
            [-2.890838527, 52.222681527],
            [-2.890848155, 52.222649996],
            [-2.890844521, 52.222613173],
            [-2.890824824, 52.222581863],
            [-2.890721049, 52.222516944],
            [-2.890604635, 52.222405472],
            [-2.890536502, 52.222366439],
            [-2.890416931, 52.222314312],
            [-2.890320975, 52.222278185],
            [-2.890269607, 52.222268596],
            [-2.890215384, 52.222267207],
            [-2.890100204, 52.222289738],
            [-2.890043103, 52.222289269],
            [-2.889981532, 52.222282543],
            [-2.889952044, 52.222274677],
            [-2.889883713, 52.222225668],
            [-2.889845464, 52.222214272],
            [-2.889789758, 52.222211097],
            [-2.889729941, 52.222219637],
            [-2.889678956, 52.222235301],
            [-2.889626949, 52.222266253],
            [-2.889576487, 52.222308068],
            [-2.889542231, 52.222351469],
            [-2.889518376, 52.222401982],
            [-2.88950898, 52.222445195],
            [-2.889524344, 52.222555633],
            [-2.88951656, 52.222607013],
            [-2.88949869, 52.222661076],
            [-2.889473087, 52.222702614],
            [-2.889434432, 52.222743352],
            [-2.889376708, 52.222784233],
            [-2.889314304, 52.222814364],
            [-2.889256113, 52.22283188],
            [-2.889188951, 52.222841374],
            [-2.889112835, 52.222843745],
            [-2.889038091, 52.222836219],
            [-2.888973341, 52.222821427],
            [-2.888932088, 52.222804661],
            [-2.888829711, 52.222737123],
            [-2.888718956, 52.222691219],
            [-2.888658617, 52.222673698],
            [-2.888544127, 52.222658382],
            [-2.88848565, 52.222661518],
            [-2.888406817, 52.222672898],
            [-2.888350039, 52.222688605],
            [-2.888225475, 52.222755155],
            [-2.888124965, 52.222781078],
            [-2.887987654, 52.222795594],
            [-2.88777521, 52.222789103],
            [-2.8876819, 52.222806883],
            [-2.887577349, 52.222848115],
            [-2.887541145, 52.222872655],
            [-2.887503864, 52.222909787],
            [-2.887476969, 52.222953222],
            [-2.887464536, 52.222995559],
            [-2.88746684, 52.223032393],
            [-2.887482267, 52.223073622],
            [-2.887517013, 52.223127289],
            [-2.887563484, 52.223181766],
            [-2.887606736, 52.223220089],
            [-2.887646722, 52.223245944],
            [-2.88769396, 52.223266261],
            [-2.88774847, 52.223282029],
            [-2.887816046, 52.223293205],
            [-2.887921565, 52.223300501],
            [-2.888048709, 52.223290556],
            [-2.888104506, 52.223298225],
            [-2.888141379, 52.223313227],
            [-2.888199216, 52.223350541],
            [-2.888265546, 52.223444417],
            [-2.887784482, 52.223544299],
            [-2.887247874, 52.223728096],
            [-2.886419801, 52.223604892],
            [-2.886881451, 52.223336186],
            [-2.886045882, 52.222690651],
            [-2.885560523, 52.222283361],
            [-2.885266908, 52.222389017],
            [-2.884987267, 52.222681518],
            [-2.884691289, 52.222893159],
            [-2.884072551, 52.223214266],
            [-2.883680748, 52.223384469],
            [-2.88291923, 52.223743489],
            [-2.882750986, 52.223969539],
            [-2.88197788, 52.224110141],
            [-2.88198958, 52.223963549],
            [-2.881977339, 52.223936676],
            [-2.881956515, 52.22391526],
            [-2.881934263, 52.223900956],
            [-2.881892927, 52.223885985],
            [-2.881823868, 52.223873019],
            [-2.881749109, 52.223870882],
            [-2.8816937, 52.223876689],
            [-2.88165145, 52.223888689],
            [-2.88161667, 52.223906116],
            [-2.881534543, 52.223976836],
            [-2.88147965, 52.224008704],
            [-2.881409894, 52.224039785],
            [-2.881293343, 52.224066721],
            [-2.880901731, 52.224101103],
            [-2.88076588, 52.224116498],
            [-2.880543093, 52.22417928],
            [-2.880355401, 52.224313793],
            [-2.880190686, 52.224127082],
            [-2.88069347, 52.224007385],
            [-2.881498947, 52.223879941],
            [-2.881907019, 52.223787012],
            [-2.881760389, 52.223331425],
            [-2.881564239, 52.222813202],
            [-2.88135413, 52.222845331],
            [-2.881175297, 52.222908684],
            [-2.880406479, 52.223045739],
            [-2.880174207, 52.223068144],
            [-2.879990941, 52.223133326],
            [-2.879864685, 52.223041691],
            [-2.879763231, 52.222940793],
            [-2.879339017, 52.222662539],
            [-2.878875922, 52.222340533],
            [-2.878795996, 52.22236998],
            [-2.878404547, 52.222118443],
            [-2.878248579, 52.222007164],
            [-2.878200797, 52.221958984],
            [-2.878035002, 52.221936849],
            [-2.877911105, 52.221891033],
            [-2.877682623, 52.221738138],
            [-2.877725415, 52.221680207],
            [-2.877538307, 52.221617783],
            [-2.877406759, 52.221704148],
            [-2.877178146, 52.221691467],
            [-2.877013818, 52.221670219],
            [-2.87693258, 52.221633073],
            [-2.87695539, 52.221602344],
            [-2.876781088, 52.22152814],
            [-2.876602804, 52.221392756],
            [-2.876322365, 52.221199799],
            [-2.876158408, 52.221123719],
            [-2.876068747, 52.221032617],
            [-2.875982464, 52.221039549],
            [-2.875849317, 52.220965038],
            [-2.875365342, 52.221143987],
            [-2.874755591, 52.221027979],
            [-2.874137515, 52.22094268],
            [-2.873830779, 52.220823613],
            [-2.873993637, 52.220696484],
            [-2.874128811, 52.220573246],
            [-2.874221079, 52.220576157],
            [-2.874325475, 52.220373063],
            [-2.874343235, 52.22030642],
            [-2.874297895, 52.220161059],
            [-2.874290481, 52.220084716],
            [-2.874286946, 52.219824898],
            [-2.87426585, 52.21964799],
            [-2.874151657, 52.219352141],
            [-2.874021961, 52.219157971],
            [-2.873790734, 52.218783893],
            [-2.873679051, 52.218615655],
            [-2.873647024, 52.218545786],
            [-2.873617755, 52.218474997],
            [-2.873599557, 52.218144282],
            [-2.873618877, 52.217788122],
            [-2.873637078, 52.217670154],
            [-2.873989993, 52.217603725],
            [-2.874201934, 52.217137383],
            [-2.874774769, 52.216120813],
            [-2.874872302, 52.21579643],
            [-2.875038433, 52.215315057],
            [-2.87503659, 52.215067809],
            [-2.875013584, 52.214793754],
            [-2.87501792, 52.214492533],
            [-2.875123352, 52.213901056],
            [-2.875272194, 52.213578089],
            [-2.875927196, 52.213318866],
            [-2.876347146, 52.213091855],
            [-2.876493289, 52.213006282],
            [-2.876708169, 52.21291831],
            [-2.876914578, 52.212847568],
            [-2.877141056, 52.212754206],
            [-2.877467712, 52.212692456],
            [-2.878109008, 52.212632858],
            [-2.878247432, 52.212596684],
            [-2.878283672, 52.212580236],
            [-2.878316963, 52.212561113],
            [-2.87840026, 52.212483195],
            [-2.878579102, 52.212348841],
            [-2.878659919, 52.212218721],
            [-2.878897107, 52.211995848],
            [-2.879009872, 52.211852008],
            [-2.879300202, 52.211582809],
            [-2.87944923, 52.21149721],
            [-2.879536693, 52.211477683],
            [-2.879654883, 52.211388719],
            [-2.88000581, 52.211151424],
            [-2.880232116, 52.210970783],
            [-2.880377267, 52.210835778],
            [-2.880558344, 52.21074185],
            [-2.88061279, 52.210682032],
            [-2.880758498, 52.210502082],
            [-2.88099502, 52.210325858],
            [-2.881006863, 52.210186455],
            [-2.881195634, 52.210109545],
            [-2.881683941, 52.209864028],
            [-2.882358896, 52.209581161],
            [-2.882590031, 52.209431938],
            [-2.882740003, 52.209388572],
            [-2.882710089, 52.20921263],
            [-2.88279585, 52.208815434],
            [-2.882865341, 52.208626165],
            [-2.882937403, 52.208499703],
            [-2.88308559, 52.208366469],
            [-2.883211426, 52.208292724],
            [-2.883365721, 52.208175533],
            [-2.883456057, 52.208082279],
            [-2.883541644, 52.20797468],
            [-2.883594243, 52.207895191],
            [-2.883637909, 52.207809388],
            [-2.883678271, 52.207703026],
            [-2.883697354, 52.207630979],
            [-2.883705984, 52.207549033],
            [-2.883705469, 52.207450168],
            [-2.883697325, 52.207410681],
            [-2.883650626, 52.207343621],
            [-2.883065968, 52.207231064],
            [-2.882918667, 52.207183631],
            [-2.882838345, 52.207118619],
            [-2.882738353, 52.207016903],
            [-2.882577298, 52.206939013],
            [-2.882502696, 52.206870273],
            [-2.882411035, 52.206750519],
            [-2.882346988, 52.206690778],
            [-2.882235512, 52.206606135],
            [-2.882310336, 52.206539962],
            [-2.882344392, 52.206486678],
            [-2.882340477, 52.206216077],
            [-2.882600734, 52.206057737],
            [-2.882768241, 52.206016937],
            [-2.882813916, 52.205813374],
            [-2.88282146, 52.205676609],
            [-2.882750559, 52.205569283],
            [-2.8827098, 52.20535738],
            [-2.88272907, 52.205148712],
            [-2.882729004, 52.205072314],
            [-2.882690446, 52.204825341],
            [-2.882682765, 52.204730035],
            [-2.882745377, 52.204492281],
            [-2.882737273, 52.204381699],
            [-2.882744574, 52.204159639],
            [-2.882692784, 52.204127669],
            [-2.882512499, 52.204040845],
            [-2.882467467, 52.203984557],
            [-2.882393549, 52.203870962],
            [-2.88236906, 52.203816318],
            [-2.882499766, 52.203696607],
            [-2.882554647, 52.203659346],
            [-2.882632112, 52.20358057],
            [-2.882684293, 52.203553215],
            [-2.882639439, 52.203505914],
            [-2.882550959, 52.20347323],
            [-2.882419939, 52.203503961],
            [-2.88238487, 52.203506021],
            [-2.88237405, 52.203404447],
            [-2.882381005, 52.203310919],
            [-2.882286923, 52.203141658],
            [-2.882189734, 52.20304082],
            [-2.882140787, 52.203006132],
            [-2.882166699, 52.202913361],
            [-2.882108037, 52.202832817],
            [-2.882074312, 52.202750379],
            [-2.881957449, 52.20268564],
            [-2.881873315, 52.202653013],
            [-2.881783426, 52.202622227],
            [-2.88150838, 52.20255058],
            [-2.881418543, 52.2025224],
            [-2.881262023, 52.20244717],
            [-2.88083997, 52.202268763],
            [-2.880688441, 52.20215296],
            [-2.880589215, 52.202095278],
            [-2.88055412, 52.202022737],
            [-2.880547965, 52.201931104],
            [-2.880181768, 52.201837575],
            [-2.879777966, 52.201617593],
            [-2.87947953, 52.20139961],
            [-2.879422108, 52.201454866],
            [-2.879338063, 52.201420439],
            [-2.879235591, 52.201344804],
            [-2.879099507, 52.201344919],
            [-2.879029728, 52.201367011],
            [-2.878775572, 52.201466874],
            [-2.878670194, 52.201464064],
            [-2.878581072, 52.201471918],
            [-2.878609195, 52.201564286],
            [-2.87860978, 52.201593942],
            [-2.878332708, 52.201639238],
            [-2.878174545, 52.201633225],
            [-2.87813755, 52.20161094],
            [-2.878107706, 52.201584198],
            [-2.87808419, 52.201498987],
            [-2.877975472, 52.20140632],
            [-2.878033551, 52.201384316],
            [-2.878397978, 52.201315092],
            [-2.87867326, 52.20124644],
            [-2.879060384, 52.201214794],
            [-2.879119501, 52.201172109],
            [-2.87915472, 52.201104436],
            [-2.879233563, 52.201022057],
            [-2.879330113, 52.201017742],
            [-2.87950183, 52.201044325],
            [-2.879543921, 52.201031428],
            [-2.87957886, 52.201016787],
            [-2.879590533, 52.200942009],
            [-2.879616101, 52.200904967],
            [-2.879640702, 52.2008922],
            [-2.879725267, 52.200873594],
            [-2.879777841, 52.200872303],
            [-2.879851238, 52.200880743],
            [-2.87990856, 52.200893798],
            [-2.880020632, 52.200942396],
            [-2.88009426, 52.20096252],
            [-2.880166089, 52.200970972],
            [-2.880268624, 52.200976498],
            [-2.88034615, 52.200974122],
            [-2.880385417, 52.200964841],
            [-2.880407122, 52.200952096],
            [-2.880414178, 52.200936763],
            [-2.880398339, 52.200873965],
            [-2.880409542, 52.200848715],
            [-2.880441127, 52.200817021],
            [-2.880481557, 52.20079335],
            [-2.880506264, 52.200785975],
            [-2.880640579, 52.200769693],
            [-2.880765821, 52.200739996],
            [-2.880833005, 52.200733203],
            [-2.881010402, 52.200748057],
            [-2.881135104, 52.200764203],
            [-2.881182208, 52.20077913],
            [-2.881281382, 52.200840407],
            [-2.881319927, 52.200861691],
            [-2.881344917, 52.200868694],
            [-2.881374109, 52.200868476],
            [-2.881391613, 52.200862953],
            [-2.881491473, 52.200806481],
            [-2.881532063, 52.200790898],
            [-2.881549834, 52.200798854],
            [-2.881558259, 52.200852719],
            [-2.881567176, 52.200864337],
            [-2.881592447, 52.200879428],
            [-2.881624729, 52.200889074],
            [-2.881661506, 52.200894192],
            [-2.881695125, 52.200892143],
            [-2.881725603, 52.200883826],
            [-2.881751753, 52.200870148],
            [-2.881787769, 52.200842915],
            [-2.881817887, 52.200810333],
            [-2.881844047, 52.200730143],
            [-2.881893802, 52.200659574],
            [-2.881902128, 52.200635244],
            [-2.881900235, 52.200612788],
            [-2.881866854, 52.200553717],
            [-2.8818685, 52.200484496],
            [-2.882484842, 52.200355851],
            [-2.882811977, 52.200177148],
            [-2.882954899, 52.200150911],
            [-2.883088128, 52.200086099],
            [-2.883244968, 52.200025603],
            [-2.883495012, 52.200017349],
            [-2.883570947, 52.200007792],
            [-2.883884035, 52.199857144],
            [-2.884036572, 52.199731965],
            [-2.884145515, 52.199689714],
            [-2.884244689, 52.199671893],
            [-2.884384042, 52.199545015],
            [-2.884553399, 52.199525769],
            [-2.884701411, 52.199464439],
            [-2.884874485, 52.199413706],
            [-2.884990075, 52.199414637],
            [-2.885135101, 52.199348745],
            [-2.885280019, 52.199350354],
            [-2.885370334, 52.199257099],
            [-2.885700411, 52.199002865],
            [-2.885871391, 52.198919789],
            [-2.886025207, 52.198859313],
            [-2.886326612, 52.198637649],
            [-2.886365513, 52.198604101],
            [-2.886428506, 52.198386925],
            [-2.886492758, 52.198311841],
            [-2.886522083, 52.198166913],
            [-2.886626881, 52.198140959],
            [-2.886789891, 52.198239501],
            [-2.886808918, 52.198243852],
            [-2.886844089, 52.198247183],
            [-2.886880703, 52.198244211],
            [-2.886912608, 52.198234983],
            [-2.886938737, 52.198220406],
            [-2.886957352, 52.198204087],
            [-2.88696705, 52.198176151],
            [-2.886929644, 52.19813329],
            [-2.886798566, 52.198087447],
            [-2.886765806, 52.19805983],
            [-2.886866331, 52.1979647],
            [-2.886922773, 52.197860913],
            [-2.887055038, 52.197814978],
            [-2.887175858, 52.197787914],
            [-2.88721531, 52.197709421],
            [-2.887424118, 52.197690773],
            [-2.887520925, 52.197627128],
            [-2.887677338, 52.197545957],
            [-2.887784617, 52.19749931],
            [-2.887939382, 52.197408175],
            [-2.887902721, 52.197257451],
            [-2.888336771, 52.197088712],
            [-2.888486786, 52.197049832],
            [-2.888682569, 52.197037572],
            [-2.889098012, 52.196964334],
            [-2.889537638, 52.196924169],
            [-2.889848568, 52.196884973],
            [-2.89003506, 52.196848512],
            [-2.890251021, 52.196819828],
            [-2.890489789, 52.196761401],
            [-2.89081372, 52.196714914],
            [-2.891112468, 52.19665783],
            [-2.891321054, 52.196628391],
            [-2.891420703, 52.196634829],
            [-2.891721339, 52.196672104],
            [-2.891937479, 52.196652494],
            [-2.89212846, 52.196689698],
            [-2.892331472, 52.196671085],
            [-2.892428207, 52.196754842],
            [-2.892526698, 52.196775668],
            [-2.892673837, 52.196743995],
            [-2.892786082, 52.196650568],
            [-2.892829721, 52.196564851],
            [-2.892938475, 52.196519986],
            [-2.893058827, 52.196536153],
            [-2.893183317, 52.196614305],
            [-2.893373962, 52.196562528],
            [-2.893467959, 52.196509685],
            [-2.893609275, 52.196404263],
            [-2.893725241, 52.196352153],
            [-2.893971161, 52.196283777],
            [-2.894059351, 52.196308275],
            [-2.89414103, 52.196296871],
            [-2.894241978, 52.19636801],
            [-2.894342025, 52.196394216],
            [-2.894482345, 52.196389557],
            [-2.894530389, 52.196301109],
            [-2.89473329, 52.1962771],
            [-2.89499923, 52.196190595],
            [-2.89512369, 52.196123049],
            [-2.89532411, 52.19611973],
            [-2.895420455, 52.196111808],
            [-2.895513833, 52.196100314],
            [-2.895665105, 52.196052427],
            [-2.895744233, 52.195986213],
            [-2.89577268, 52.195949146],
            [-2.895869743, 52.195898974],
            [-2.896195742, 52.195883915],
            [-2.896337671, 52.19588733],
            [-2.896479738, 52.195891644],
            [-2.896651446, 52.195918202],
            [-2.896746813, 52.19600556],
            [-2.896828111, 52.196119091],
            [-2.89751315, 52.195920637],
            [-2.89768312, 52.195860921],
            [-2.897849017, 52.195814628],
            [-2.898028929, 52.195739556],
            [-2.898066523, 52.195719496],
            [-2.898125651, 52.195678599],
            [-2.898181649, 52.195626042],
            [-2.898224427, 52.19556999],
            [-2.898248324, 52.195516778],
            [-2.898257493, 52.195468982],
            [-2.898255321, 52.195433046],
            [-2.898233658, 52.195375687],
            [-2.898183475, 52.195279896],
            [-2.898180146, 52.19525835],
            [-2.898187177, 52.195242118],
            [-2.898215802, 52.195214037],
            [-2.898298592, 52.195180061],
            [-2.898470299, 52.195206706],
            [-2.898583433, 52.195158118],
            [-2.89865831, 52.19510272],
            [-2.8988262, 52.195155369],
            [-2.899145579, 52.195177203],
            [-2.899251852, 52.195225019],
            [-2.899373771, 52.195175464],
            [-2.899534096, 52.195074473],
            [-2.899733082, 52.195072057],
            [-2.899829823, 52.195083902],
            [-2.899895366, 52.195068123],
            [-2.899883789, 52.195002598],
            [-2.899724953, 52.194890559],
            [-2.899732129, 52.194881516],
            [-2.899851764, 52.194790633],
            [-2.899892214, 52.194768753],
            [-2.900048436, 52.194751383],
            [-2.900079082, 52.194745756],
            [-2.900094941, 52.194736647],
            [-2.900107851, 52.194724864],
            [-2.900132734, 52.194577269],
            [-2.900147883, 52.194533022],
            [-2.900301173, 52.194513876],
            [-2.900355453, 52.19445414],
            [-2.900796035, 52.194242253],
            [-2.900875369, 52.194186729],
            [-2.901237563, 52.194083296],
            [-2.901418132, 52.194118768],
            [-2.901657362, 52.194084582],
            [-2.901815465, 52.194088766],
            [-2.901955115, 52.194045455],
            [-2.902121428, 52.194026207],
            [-2.902338316, 52.194044321],
            [-2.902547421, 52.194035531],
            [-2.902883926, 52.193968242],
            [-2.903160164, 52.193950847],
            [-2.903323144, 52.193910052],
            [-2.903417141, 52.19385801],
            [-2.903477056, 52.19385036],
            [-2.90353696, 52.193848104],
            [-2.903586941, 52.193862102],
            [-2.90370945, 52.193913384],
            [-2.90385311, 52.193853771],
            [-2.903865691, 52.193825812],
            [-2.903897778, 52.193677262],
            [-2.904015542, 52.193572008],
            [-2.904071785, 52.193532029],
            [-2.904129687, 52.193496532],
            [-2.904202701, 52.193492377],
            [-2.90444049, 52.193530101],
            [-2.904607895, 52.19356477],
            [-2.904735067, 52.193625903],
            [-2.904762843, 52.193627487],
            [-2.904821226, 52.193621647],
            [-2.904878035, 52.193609526],
            [-2.904923072, 52.193593901],
            [-2.904972193, 52.193565571],
            [-2.905015436, 52.193532882],
            [-2.905038285, 52.193505743],
            [-2.905054853, 52.193454383],
            [-2.905045853, 52.193373559],
            [-2.905058414, 52.193344701],
            [-2.905121173, 52.19329892],
            [-2.905146237, 52.19327392],
            [-2.90515755, 52.193254868],
            [-2.905174081, 52.193201712],
            [-2.905425024, 52.193097321],
            [-2.905732007, 52.192943066],
            [-2.905664015, 52.192909343],
            [-2.9057448, 52.192848503],
            [-2.905769337, 52.192762028],
            [-2.905794989, 52.192730373],
            [-2.90582655, 52.192698672],
            [-2.90602485, 52.192591899],
            [-2.905496972, 52.19217432],
            [-2.905352448, 52.192066404],
            [-2.904919124, 52.191742742],
            [-2.904692807, 52.191544852],
            [-2.904819368, 52.191439619],
            [-2.904263745, 52.190949354],
            [-2.903991332, 52.190720358],
            [-2.904321564, 52.190553344],
            [-2.904869191, 52.190293793],
            [-2.905219276, 52.190118805],
            [-2.90533556, 52.190060029],
            [-2.9058429, 52.189759436],
            [-2.90618794, 52.189538375],
            [-2.906648623, 52.189316334],
            [-2.907021106, 52.189146202],
            [-2.90773961, 52.188851347],
            [-2.907811859, 52.188679837],
            [-2.907912922, 52.188614345],
            [-2.908317582, 52.188236425],
            [-2.908530675, 52.187921818],
            [-2.908798431, 52.187484551],
            [-2.909190743, 52.187152473],
            [-2.909606282, 52.186871446],
            [-2.909798016, 52.186734247],
            [-2.909877173, 52.186665327],
            [-2.909756622, 52.186638394],
            [-2.9096963, 52.18585168],
            [-2.909551299, 52.185176262],
            [-2.909486723, 52.185096766],
            [-2.909389649, 52.184996758],
            [-2.909289563, 52.184896862],
            [-2.909101812, 52.184726547],
            [-2.909070239, 52.184686344],
            [-2.909017519, 52.184608553],
            [-2.908959402, 52.184484965],
            [-2.908905376, 52.184201267],
            [-2.908895969, 52.184171679],
            [-2.90885334, 52.184091923],
            [-2.908729948, 52.183919403],
            [-2.908533511, 52.183754546],
            [-2.908487791, 52.183694678],
            [-2.908350129, 52.183514178],
            [-2.908194985, 52.183363384],
            [-2.908246842, 52.183256925],
            [-2.908304707, 52.183149431],
            [-2.908437804, 52.182934489],
            [-2.908588766, 52.182738194],
            [-2.90892337, 52.18250543],
            [-2.909206803, 52.182347751],
            [-2.909439064, 52.182170422],
            [-2.909516471, 52.182110683],
            [-2.910161286, 52.18167419],
            [-2.910377143, 52.181485211],
            [-2.910448688, 52.181422012],
            [-2.911357717, 52.18088631],
            [-2.911789238, 52.18057657],
            [-2.911932786, 52.180472815],
            [-2.913092717, 52.179713423],
            [-2.914113805, 52.179065109],
            [-2.91423058, 52.179020522],
            [-2.914269098, 52.179005393],
            [-2.914779754, 52.178657997],
            [-2.914896408, 52.178425468],
            [-2.91522977, 52.177853483],
            [-2.915403386, 52.17757656],
            [-2.915579927, 52.177248381],
            [-2.915748331, 52.17681771],
            [-2.915961642, 52.17631937],
            [-2.915968983, 52.176036995],
            [-2.916005262, 52.175813358],
            [-2.916016998, 52.175739025],
            [-2.916549984, 52.175348305],
            [-2.916852151, 52.175178687],
            [-2.917143307, 52.1750425],
            [-2.917341311, 52.174862006],
            [-2.917474077, 52.17470458],
            [-2.917487397, 52.174637065],
            [-2.917483161, 52.174577687],
            [-2.917453788, 52.174497921],
            [-2.917246206, 52.17435932],
            [-2.917103349, 52.174237204],
            [-2.916910084, 52.173926998],
            [-2.916569314, 52.173227224],
            [-2.916963607, 52.17298858],
            [-2.917483293, 52.17273278],
            [-2.917980182, 52.172506008],
            [-2.91824139, 52.172409509],
            [-2.918483923, 52.172331221],
            [-2.918744092, 52.172254593],
            [-2.919132614, 52.172158089],
            [-2.91920535, 52.172142242],
            [-2.919504117, 52.172095782],
            [-2.919559411, 52.172081868],
            [-2.919685891, 52.172041334],
            [-2.919861396, 52.171975251],
            [-2.919962924, 52.171934911],
            [-2.920481579, 52.171700678],
            [-2.921209817, 52.171416269],
            [-2.92144148, 52.171308399],
            [-2.921670231, 52.171199653],
            [-2.922138221, 52.170918171],
            [-2.922104432, 52.17077094],
            [-2.922006026, 52.170606327],
            [-2.922069373, 52.170556397],
            [-2.922197034, 52.170369255],
            [-2.92227706, 52.170280545],
            [-2.92236299, 52.170191699],
            [-2.922579933, 52.17000215],
            [-2.922712079, 52.169822162],
            [-2.922741719, 52.1697689],
            [-2.922638433, 52.169723869],
            [-2.922684678, 52.169628232],
            [-2.922736752, 52.169528866],
            [-2.922915913, 52.169284784],
            [-2.923176354, 52.168867313],
            [-2.923703314, 52.16896664],
            [-2.924216248, 52.16909295],
            [-2.924397491, 52.16873461],
            [-2.924487802, 52.168578317],
            [-2.924753807, 52.168151002],
            [-2.924904749, 52.167953787],
            [-2.925017636, 52.167973574],
            [-2.92503822, 52.167977907],
            [-2.925184196, 52.168035275],
            [-2.925257687, 52.16805627],
            [-2.925337029, 52.168074522],
            [-2.925605661, 52.168122748],
            [-2.925905674, 52.168207578],
            [-2.926205855, 52.168161179],
            [-2.9263503, 52.168144764],
            [-2.926494838, 52.168132843],
            [-2.92680603, 52.168123207],
            [-2.927571987, 52.168039887],
            [-2.928577638, 52.16795827],
            [-2.929384561, 52.167879919],
            [-2.929872263, 52.167848211],
            [-2.930788005, 52.167727736],
            [-2.931080457, 52.167727226],
            [-2.931579078, 52.167658573],
            [-2.9319016, 52.167631757],
            [-2.932122896, 52.167589471],
            [-2.932310744, 52.167757953],
            [-2.932479616, 52.167935572],
            [-2.932825797, 52.168405701],
            [-2.932989992, 52.168780197],
            [-2.932973422, 52.168961979],
            [-2.933109681, 52.168963417],
            [-2.933449741, 52.168990747],
            [-2.933637364, 52.168813992],
            [-2.933786356, 52.168675114],
            [-2.933986631, 52.168503922],
            [-2.934118337, 52.168408952],
            [-2.934108414, 52.167935265],
            [-2.934061812, 52.167402547],
            [-2.934085856, 52.167675596],
            [-2.934062172, 52.167402454],
            [-2.93407258, 52.167128143],
            [-2.934167182, 52.166620281],
            [-2.934171342, 52.166260632],
            [-2.934157426, 52.166085473],
            [-2.934234274, 52.165846588],
            [-2.934326315, 52.165630952],
            [-2.934350782, 52.165544472],
            [-2.934341678, 52.165317054],
            [-2.934285167, 52.165134143],
            [-2.934228655, 52.164951142],
            [-2.934208941, 52.164913548],
            [-2.934152792, 52.164816921],
            [-2.934009804, 52.164620224],
            [-2.933827191, 52.164419346],
            [-2.933667439, 52.16426242],
            [-2.933390344, 52.16401645],
            [-2.933348603, 52.163974536],
            [-2.933206317, 52.163811089],
            [-2.933148932, 52.163724358],
            [-2.933109342, 52.163652766],
            [-2.933038216, 52.163468082],
            [-2.932859374, 52.162743973],
            [-2.932928858, 52.162360437],
            [-2.932898216, 52.162226666],
            [-2.932839801, 52.162159717],
            [-2.932624789, 52.161942016],
            [-2.932403274, 52.161764904],
            [-2.932230849, 52.161560348],
            [-2.932095113, 52.161363681],
            [-2.932545738, 52.160957269],
            [-2.932577761, 52.1606729],
            [-2.932508446, 52.16043616],
            [-2.93244573, 52.160163326],
            [-2.932442579, 52.159937658],
            [-2.932392511, 52.159572145],
            [-2.932381025, 52.159305198],
            [-2.932436828, 52.158826496],
            [-2.932578386, 52.158811894],
            [-2.932690087, 52.158285922],
            [-2.932520086, 52.158121794],
            [-2.932481066, 52.158077162],
            [-2.932471788, 52.157979264],
            [-2.932543836, 52.157862657],
            [-2.932471297, 52.157817391],
            [-2.932651693, 52.157706309],
            [-2.932668066, 52.157647756],
            [-2.932688755, 52.157518972],
            [-2.932691646, 52.15744974],
            [-2.932629163, 52.157395406],
            [-2.932438956, 52.157250403],
            [-2.932391221, 52.157134743],
            [-2.931978557, 52.156829621],
            [-2.931891395, 52.156718857],
            [-2.931817317, 52.15659981],
            [-2.93174403, 52.156449387],
            [-2.931726363, 52.156376723],
            [-2.931722963, 52.156283183],
            [-2.931734371, 52.156200401],
            [-2.931749279, 52.156140962],
            [-2.931857659, 52.155871269],
            [-2.931927792, 52.155801506],
            [-2.931938936, 52.155775352],
            [-2.931910921, 52.155691983],
            [-2.931916083, 52.155662192],
            [-2.931938766, 52.155628756],
            [-2.93197325, 52.15560062],
            [-2.932018089, 52.155577795],
            [-2.932064561, 52.155563946],
            [-2.932238207, 52.155545496],
            [-2.932357271, 52.155510399],
            [-2.932675615, 52.155282189],
            [-2.932861409, 52.155222296],
            [-2.932963336, 52.155134304],
            [-2.933118955, 52.155095322],
            [-2.933280974, 52.155016652],
            [-2.933326738, 52.154894051],
            [-2.933371086, 52.15484786],
            [-2.933421256, 52.154803421],
            [-2.933574656, 52.154727604],
            [-2.933665944, 52.15468994],
            [-2.933699319, 52.154677991],
            [-2.933718087, 52.154457632],
            [-2.933786842, 52.154391384],
            [-2.933990223, 52.15433135],
            [-2.934127313, 52.154317052],
            [-2.935106318, 52.153675176],
            [-2.935451607, 52.153549299],
            [-2.93561473, 52.153523737],
            [-2.935717125, 52.153527419],
            [-2.935978145, 52.153268195],
            [-2.936193611, 52.152968886],
            [-2.936381297, 52.152925151],
            [-2.936479356, 52.152791258],
            [-2.936831979, 52.152596199],
            [-2.937587184, 52.152163887],
            [-2.937480838, 52.151966274],
            [-2.937792603, 52.151645343],
            [-2.937873988, 52.151481021],
            [-2.937877419, 52.151437851],
            [-2.937868946, 52.151315679],
            [-2.938063973, 52.151271883],
            [-2.938134938, 52.151242556],
            [-2.938205823, 52.151209365],
            [-2.938399163, 52.15109116],
            [-2.938433977, 52.151004596],
            [-2.938392225, 52.150898778],
            [-2.93837912, 52.150831471],
            [-2.938676643, 52.150521617],
            [-2.939333245, 52.149775582],
            [-2.939679296, 52.149413207],
            [-2.939867898, 52.149345191],
            [-2.939998972, 52.14925777],
            [-2.939929199, 52.149206195],
            [-2.939898925, 52.149153406],
            [-2.93993023, 52.1490435],
            [-2.939968724, 52.14893165],
            [-2.940107261, 52.148798149],
            [-2.940153568, 52.148754008],
            [-2.940191563, 52.148687102],
            [-2.940191354, 52.148677217],
            [-2.939954541, 52.148464287],
            [-2.939904441, 52.14840842],
            [-2.939754007, 52.148240192],
            [-2.939614383, 52.147995837],
            [-2.939313857, 52.147537946],
            [-2.939285772, 52.147480286],
            [-2.939202371, 52.147307748],
            [-2.939085642, 52.146971531],
            [-2.938982575, 52.146723289],
            [-2.938821745, 52.146719176],
            [-2.938503423, 52.146800807],
            [-2.938407913, 52.146779995],
            [-2.938207689, 52.146363548],
            [-2.938194555, 52.146340642],
            [-2.938156088, 52.146270481],
            [-2.938101455, 52.14617645],
            [-2.937913629, 52.145913961],
            [-2.937440292, 52.145378883],
            [-2.937277288, 52.145202123],
            [-2.93722212, 52.145151328],
            [-2.937111917, 52.145056031],
            [-2.936999113, 52.144968843],
            [-2.936908698, 52.144909251],
            [-2.936811068, 52.144856097],
            [-2.936665031, 52.144787149],
            [-2.936466285, 52.144721317],
            [-2.936313428, 52.14467759],
            [-2.936202855, 52.144650694],
            [-2.935869842, 52.144571366],
            [-2.93555199, 52.144537036],
            [-2.934998005, 52.14452705],
            [-2.934264973, 52.14439624],
            [-2.933663498, 52.144304741],
            [-2.933584515, 52.144301771],
            [-2.933365072, 52.144300272],
            [-2.932905082, 52.144308047],
            [-2.932572236, 52.144386271],
            [-2.931917554, 52.144464252],
            [-2.931701891, 52.144493819],
            [-2.931589371, 52.144494709],
            [-2.931364146, 52.144418291],
            [-2.930883136, 52.144198193],
            [-2.930564063, 52.144029846],
            [-2.929988516, 52.143603404],
            [-2.929398443, 52.143213744],
            [-2.929278328, 52.143139011],
            [-2.928917274, 52.142915443],
            [-2.928494687, 52.142623869],
            [-2.928016599, 52.142328236],
            [-2.927496515, 52.141773982],
            [-2.927390531, 52.141526652],
            [-2.927254044, 52.141568172],
            [-2.927054668, 52.141679486],
            [-2.926807849, 52.141751534],
            [-2.926155991, 52.141888783],
            [-2.92572582, 52.142002806],
            [-2.925192056, 52.142123842],
            [-2.924610958, 52.142362183],
            [-2.92427267, 52.142538308],
            [-2.92415431, 52.14261186],
            [-2.923798003, 52.142831537],
            [-2.923300414, 52.142727577],
            [-2.923165247, 52.142734298],
            [-2.922760346, 52.142754275]
          ]
        ]
      },
      "properties": {
        "source_name": "Lady Hawkins' School",
        "urn": "137608",
        "db_school_name": "Lady Hawkins' School"
      }
    },
    {
      "type": "Feature",
      "geometry": {
        "type": "Polygon",
        "coordinates": [
          [
            [-2.596001007, 52.101507777],
            [-2.596722561, 52.101231428],
            [-2.597300741, 52.100954811],
            [-2.59802171, 52.101049844],
            [-2.599580509, 52.100851826],
            [-2.600133919, 52.100973314],
            [-2.600294365, 52.101008539],
            [-2.600336378, 52.101017763],
            [-2.601353386, 52.101240875],
            [-2.601353627, 52.101240874],
            [-2.602144507, 52.101270451],
            [-2.601448889, 52.101244432],
            [-2.602144144, 52.101270363],
            [-2.602441733, 52.101281515],
            [-2.603525026, 52.101322081],
            [-2.603648469, 52.101326662],
            [-2.604381918, 52.101390673],
            [-2.605224881, 52.101443781],
            [-2.606989617, 52.101440637],
            [-2.60762335, 52.101040188],
            [-2.608406468, 52.100941682],
            [-2.609216443, 52.101029896],
            [-2.609630246, 52.100886283],
            [-2.609934306, 52.100780718],
            [-2.609947006, 52.100776338],
            [-2.610691248, 52.100467338],
            [-2.610792745, 52.100425197],
            [-2.611056125, 52.100381947],
            [-2.611621555, 52.100289223],
            [-2.612873281, 52.100201917],
            [-2.613735859, 52.099834758],
            [-2.614558674, 52.099833257],
            [-2.614624531, 52.09984316],
            [-2.615671377, 52.100000829],
            [-2.616491688, 52.100079321],
            [-2.616510973, 52.100081198],
            [-2.616922485, 52.100122726],
            [-2.617813373, 52.100212614],
            [-2.618343261, 52.10055363],
            [-2.619192172, 52.100592855],
            [-2.61931551, 52.100598588],
            [-2.620246069, 52.100501566],
            [-2.620861029, 52.100197586],
            [-2.621725875, 52.099712613],
            [-2.622705779, 52.099236733],
            [-2.624294516, 52.098548737],
            [-2.625146322, 52.099244844],
            [-2.623685729, 52.100197592],
            [-2.623036789, 52.100549493],
            [-2.623389766, 52.101036489],
            [-2.623457146, 52.101224343],
            [-2.623622081, 52.101683391],
            [-2.624640593, 52.101677368],
            [-2.625899459, 52.101342444],
            [-2.627188324, 52.100590478],
            [-2.627469216, 52.101118382],
            [-2.627699288, 52.101661386],
            [-2.627882486, 52.102363279],
            [-2.628540252, 52.102982199],
            [-2.629197843, 52.103536132],
            [-2.630091017, 52.104353591],
            [-2.630747415, 52.105400158],
            [-2.631891865, 52.105644796],
            [-2.633114509, 52.10573162],
            [-2.63440961, 52.105528805],
            [-2.635437773, 52.10533182],
            [-2.63710832, 52.104807873],
            [-2.637796184, 52.105634743],
            [-2.638531517, 52.106293903],
            [-2.639370079, 52.106955554],
            [-2.640463989, 52.107590466],
            [-2.64121589, 52.108283404],
            [-2.642210491, 52.108245092],
            [-2.643400636, 52.108585272],
            [-2.643708421, 52.108673202],
            [-2.64387416, 52.108720563],
            [-2.644888513, 52.108707288],
            [-2.645637487, 52.10870831],
            [-2.646032894, 52.108677741],
            [-2.64637635, 52.108651231],
            [-2.646521144, 52.108673626],
            [-2.646653873, 52.108694199],
            [-2.648365119, 52.108959205],
            [-2.65120281, 52.108383242],
            [-2.654022361, 52.107790234],
            [-2.656872083, 52.107166341],
            [-2.657764926, 52.106891359],
            [-2.658416456, 52.106645851],
            [-2.658977183, 52.106170033],
            [-2.658998832, 52.106682953],
            [-2.658998837, 52.106683313],
            [-2.659098184, 52.107158587],
            [-2.659099093, 52.107163076],
            [-2.659114769, 52.107238309],
            [-2.659241808, 52.107640175],
            [-2.659168828, 52.107826188],
            [-2.659121871, 52.108095195],
            [-2.659358816, 52.108545072],
            [-2.659865728, 52.109111811],
            [-2.659865729, 52.109111901],
            [-2.65986683, 52.109113063],
            [-2.659912777, 52.109582973],
            [-2.660123798, 52.11002095],
            [-2.660123801, 52.11002113],
            [-2.660112174, 52.110106132],
            [-2.660060763, 52.110480864],
            [-2.660008587, 52.110624607],
            [-2.659956531, 52.110768348],
            [-2.659836474, 52.11110122],
            [-2.660317761, 52.11148771],
            [-2.661194784, 52.11183971],
            [-2.661925657, 52.11204566],
            [-2.662531547, 52.112380657],
            [-2.663187564, 52.112701528],
            [-2.663513455, 52.113128516],
            [-2.663694547, 52.113566475],
            [-2.66396446, 52.113993417],
            [-2.663802544, 52.114765328],
            [-2.664536428, 52.115987168],
            [-2.662268177, 52.116722667],
            [-2.6618968, 52.116843126],
            [-2.659849137, 52.117828017],
            [-2.6598851, 52.118297982],
            [-2.659977164, 52.119035838],
            [-2.659881094, 52.11948587],
            [-2.659063291, 52.119712811],
            [-2.659051332, 52.120338718],
            [-2.659224326, 52.121085649],
            [-2.659095207, 52.121312601],
            [-2.658976299, 52.121521609],
            [-2.65870534, 52.122354521],
            [-2.658131497, 52.122681477],
            [-2.657606555, 52.123148461],
            [-2.657287306, 52.12337036],
            [-2.656891639, 52.123645353],
            [-2.657000702, 52.124223308],
            [-2.656410785, 52.124524279],
            [-2.655877789, 52.124839222],
            [-2.655280901, 52.12545418],
            [-2.65483194, 52.125842174],
            [-2.654273054, 52.12615914],
            [-2.65338012, 52.126365066],
            [-2.652634291, 52.126278149],
            [-2.652078281, 52.126612077],
            [-2.651092407, 52.127045089],
            [-2.65131849, 52.127491985],
            [-2.651748345, 52.127928946],
            [-2.652426391, 52.128452884],
            [-2.652989281, 52.129279816],
            [-2.653105367, 52.12975572],
            [-2.652636323, 52.130133659],
            [-2.651622537, 52.13066462],
            [-2.65088856, 52.130932654],
            [-2.651362537, 52.131320567],
            [-2.652211522, 52.131982428],
            [-2.652843429, 52.132847357],
            [-2.654456214, 52.132435389],
            [-2.654712226, 52.132939366],
            [-2.65321049, 52.13345031],
            [-2.652787759, 52.133620458],
            [-2.652266579, 52.133829799],
            [-2.652200204, 52.134481081],
            [-2.652386247, 52.135613805],
            [-2.651443385, 52.135631333],
            [-2.650803768, 52.135643045],
            [-2.649977101, 52.135665222],
            [-2.649608139, 52.135674985],
            [-2.649430195, 52.135690347],
            [-2.649312882, 52.135691712],
            [-2.649210563, 52.13568868],
            [-2.649108153, 52.135679357],
            [-2.64889587, 52.135644574],
            [-2.647829139, 52.135386102],
            [-2.647282921, 52.135275763],
            [-2.646740211, 52.135166211],
            [-2.646502597, 52.135137135],
            [-2.646359287, 52.135131629],
            [-2.646215132, 52.135134396],
            [-2.646086631, 52.135144988],
            [-2.645935379, 52.135165141],
            [-2.645348302, 52.135211049],
            [-2.644522521, 52.135294212],
            [-2.643632579, 52.1352722],
            [-2.642749664, 52.135169251],
            [-2.64119986, 52.135057251],
            [-2.639861762, 52.134982011],
            [-2.638241204, 52.134950349],
            [-2.638241084, 52.13495035],
            [-2.637379504, 52.134981975],
            [-2.636615203, 52.135026731],
            [-2.63655442, 52.135030295],
            [-2.635530582, 52.135113296],
            [-2.634773597, 52.135215344],
            [-2.633780714, 52.13538337],
            [-2.63329096, 52.135514441],
            [-2.632936572, 52.135609191],
            [-2.632597799, 52.135692261],
            [-2.63225098, 52.135777261],
            [-2.631335074, 52.135921305],
            [-2.630437452, 52.136021202],
            [-2.629689806, 52.136104023],
            [-2.628794894, 52.136131719],
            [-2.628775387, 52.136132273],
            [-2.627700507, 52.136186357],
            [-2.6268956, 52.13625832],
            [-2.626320132, 52.136301195],
            [-2.625364746, 52.13637233],
            [-2.624360903, 52.136467351],
            [-2.623490985, 52.136560308],
            [-2.622493186, 52.136683324],
            [-2.621096266, 52.136771315],
            [-2.620246349, 52.136917351],
            [-2.619128574, 52.137598228],
            [-2.619583497, 52.13800821],
            [-2.620494386, 52.138546116],
            [-2.620554604, 52.138596762],
            [-2.621144351, 52.139092672],
            [-2.621221565, 52.13917855],
            [-2.621253023, 52.139231504],
            [-2.621268175, 52.139272769],
            [-2.621277769, 52.139330242],
            [-2.621276939, 52.139374467],
            [-2.621276123, 52.139402334],
            [-2.621223782, 52.139952408],
            [-2.621221367, 52.139977947],
            [-2.621136351, 52.140093352],
            [-2.621036053, 52.14029674],
            [-2.620905041, 52.140561409],
            [-2.620911914, 52.140691699],
            [-2.620918595, 52.140825496],
            [-2.620870717, 52.141029956],
            [-2.620875448, 52.141066872],
            [-2.621167514, 52.141492805],
            [-2.621173275, 52.141499875],
            [-2.621550014, 52.141966795],
            [-2.621925259, 52.142308698],
            [-2.621983348, 52.142361691],
            [-2.6221451, 52.142694743],
            [-2.622203401, 52.142814785],
            [-2.623398926, 52.143269285],
            [-2.624198238, 52.143752657],
            [-2.624535215, 52.144026445],
            [-2.624550221, 52.144289446],
            [-2.62328931, 52.144789382],
            [-2.621858544, 52.145017323],
            [-2.621178383, 52.145182064],
            [-2.620926649, 52.145353084],
            [-2.620685648, 52.145516318],
            [-2.621343635, 52.146164214],
            [-2.621989498, 52.146468199],
            [-2.622464543, 52.14757805],
            [-2.62281171, 52.148183448],
            [-2.623082324, 52.148621712],
            [-2.623093761, 52.148646818],
            [-2.623170847, 52.148817003],
            [-2.623321501, 52.14900882],
            [-2.623347259, 52.149067106],
            [-2.623364455, 52.149124898],
            [-2.623269541, 52.149257254],
            [-2.62316086, 52.149327036],
            [-2.623107286, 52.149390955],
            [-2.623068713, 52.149424594],
            [-2.623038678, 52.149474187],
            [-2.623041933, 52.14952612],
            [-2.62305274, 52.149540624],
            [-2.62327537, 52.149596881],
            [-2.62344262, 52.149648127],
            [-2.623508586, 52.149660361],
            [-2.623936382, 52.149695758],
            [-2.624217578, 52.150053431],
            [-2.624351431, 52.150223764],
            [-2.624365189, 52.150371634],
            [-2.624379689, 52.15068443],
            [-2.624350388, 52.150803677],
            [-2.624310594, 52.150887836],
            [-2.624229342, 52.151006189],
            [-2.623958462, 52.151205629],
            [-2.624273511, 52.151544697],
            [-2.62439207, 52.151672418],
            [-2.624392311, 52.151672417],
            [-2.624392434, 52.151672596],
            [-2.624761329, 52.15171711],
            [-2.62550335, 52.151806831],
            [-2.625873691, 52.151876949],
            [-2.626523038, 52.152000501],
            [-2.626449321, 52.152148836],
            [-2.626213277, 52.152623399],
            [-2.626019321, 52.152928673],
            [-2.625880182, 52.153147102],
            [-2.625557375, 52.153528379],
            [-2.625447361, 52.1536583],
            [-2.62530364, 52.153842508],
            [-2.624985054, 52.154250545],
            [-2.624833065, 52.154662103],
            [-2.624666547, 52.155112116],
            [-2.62430058, 52.155606059],
            [-2.62408663, 52.156138023],
            [-2.623893749, 52.156685965],
            [-2.623487601, 52.15722982],
            [-2.623047842, 52.157766842],
            [-2.62246396, 52.158107785],
            [-2.622316518, 52.158580074],
            [-2.622565453, 52.159360627],
            [-2.624191094, 52.159150431],
            [-2.624720691, 52.158797454],
            [-2.625566584, 52.158696707],
            [-2.626300514, 52.158639692],
            [-2.626516471, 52.159212609],
            [-2.626676257, 52.159810631],
            [-2.625860893, 52.159880844],
            [-2.62503191, 52.159985637],
            [-2.623493925, 52.160199784],
            [-2.623926869, 52.160802747],
            [-2.624743535, 52.161348938],
            [-2.625029755, 52.161818572],
            [-2.625427678, 52.162285277],
            [-2.625471331, 52.162458514],
            [-2.625547303, 52.162761635],
            [-2.625475516, 52.163581902],
            [-2.625475758, 52.16358199],
            [-2.625475761, 52.16358217],
            [-2.626134397, 52.163797173],
            [-2.626887916, 52.163944348],
            [-2.627628464, 52.164068847],
            [-2.629035149, 52.164246055],
            [-2.629662506, 52.164497696],
            [-2.629799413, 52.165016202],
            [-2.629930529, 52.165517122],
            [-2.630849432, 52.166589781],
            [-2.631270677, 52.167240415],
            [-2.63135911, 52.167858316],
            [-2.631706235, 52.168475011],
            [-2.63243633, 52.168969661],
            [-2.632869419, 52.169372876],
            [-2.633710268, 52.169786572],
            [-2.634742929, 52.17025873],
            [-2.635490075, 52.170524256],
            [-2.636178799, 52.170784161],
            [-2.636956343, 52.170644604],
            [-2.637479884, 52.170582275],
            [-2.638055543, 52.170514178],
            [-2.63896743, 52.170546451],
            [-2.639741358, 52.170332206],
            [-2.640761162, 52.170265191],
            [-2.641528615, 52.170238638],
            [-2.642617786, 52.170375887],
            [-2.643472172, 52.170550538],
            [-2.644219366, 52.170406606],
            [-2.644774058, 52.169848205],
            [-2.645352651, 52.169476173],
            [-2.646164495, 52.169227973],
            [-2.647072383, 52.169152169],
            [-2.647942273, 52.169191164],
            [-2.648932204, 52.169178171],
            [-2.650173053, 52.169201176],
            [-2.650736976, 52.169496108],
            [-2.651292496, 52.170007604],
            [-2.651938871, 52.170308995],
            [-2.652263327, 52.170780959],
            [-2.652159932, 52.171410421],
            [-2.652315386, 52.171867051],
            [-2.652649934, 52.172343811],
            [-2.652923375, 52.172837895],
            [-2.652853745, 52.172866413],
            [-2.652567334, 52.172902962],
            [-2.652424725, 52.172929007],
            [-2.652177986, 52.172990682],
            [-2.651810655, 52.173355738],
            [-2.651710363, 52.173439521],
            [-2.651647707, 52.173491638],
            [-2.651475174, 52.173689518],
            [-2.65153793, 52.173784444],
            [-2.651556903, 52.173902891],
            [-2.651534289, 52.173956045],
            [-2.651510092, 52.173983323],
            [-2.651456515, 52.174013279],
            [-2.651354515, 52.17403811],
            [-2.651303567, 52.174058165],
            [-2.651237955, 52.174097895],
            [-2.651067957, 52.174271493],
            [-2.650989411, 52.174300688],
            [-2.650959009, 52.174324225],
            [-2.650912928, 52.174372116],
            [-2.650900128, 52.174395555],
            [-2.650900942, 52.174451276],
            [-2.65088285, 52.174483912],
            [-2.650859321, 52.174499142],
            [-2.650616599, 52.174580744],
            [-2.650537129, 52.174769751],
            [-2.650501071, 52.174802307],
            [-2.650442888, 52.174822401],
            [-2.650377153, 52.174829055],
            [-2.650339241, 52.174841937],
            [-2.650268425, 52.174872168],
            [-2.650216159, 52.174901218],
            [-2.650179684, 52.174930001],
            [-2.650139978, 52.174985226],
            [-2.650128899, 52.175027531],
            [-2.650221664, 52.175071959],
            [-2.650217714, 52.175107034],
            [-2.650200534, 52.175127801],
            [-2.650168633, 52.175147751],
            [-2.650126029, 52.175161378],
            [-2.650059224, 52.175169116],
            [-2.649874654, 52.175344501],
            [-2.64987218, 52.175373276],
            [-2.649880266, 52.175431653],
            [-2.649893514, 52.175463757],
            [-2.649982714, 52.175561325],
            [-2.650000827, 52.175596278],
            [-2.650008624, 52.175634883],
            [-2.649992877, 52.175952336],
            [-2.649993241, 52.175952514],
            [-2.650094714, 52.175998692],
            [-2.650123301, 52.176073854],
            [-2.650123665, 52.176074032],
            [-2.6502208, 52.176120324],
            [-2.650502432, 52.176300148],
            [-2.650667564, 52.176478098],
            [-2.650722324, 52.176537207],
            [-2.650749313, 52.176560607],
            [-2.650942256, 52.176653017],
            [-2.651117165, 52.176715866],
            [-2.651217368, 52.176765735],
            [-2.651358669, 52.176855554],
            [-2.651358912, 52.176855643],
            [-2.651359034, 52.176855732],
            [-2.651465013, 52.176896491],
            [-2.651580163, 52.176995442],
            [-2.651633703, 52.177061747],
            [-2.651695375, 52.177172858],
            [-2.651695739, 52.177173035],
            [-2.651762991, 52.177203942],
            [-2.651853858, 52.177291342],
            [-2.651971024, 52.177404393],
            [-2.651931256, 52.177480112],
            [-2.651900212, 52.177583465],
            [-2.651910764, 52.177604169],
            [-2.651932254, 52.177647283],
            [-2.651936954, 52.177737766],
            [-2.651939966, 52.177803541],
            [-2.651969421, 52.177913032],
            [-2.651982944, 52.177939022],
            [-2.652054327, 52.178021407],
            [-2.652014355, 52.178066748],
            [-2.651978098, 52.178085823],
            [-2.651643554, 52.178230401],
            [-2.651409247, 52.178608472],
            [-2.651330641, 52.178634073],
            [-2.651251404, 52.178616535],
            [-2.651146169, 52.178627002],
            [-2.651098749, 52.178756871],
            [-2.651033032, 52.178864191],
            [-2.651019998, 52.17889644],
            [-2.65102706, 52.178983674],
            [-2.651019306, 52.179129772],
            [-2.65099346, 52.17919292],
            [-2.650832652, 52.179584426],
            [-2.650833148, 52.179585322],
            [-2.650834674, 52.179598975],
            [-2.650884242, 52.179690379],
            [-2.650967572, 52.179814673],
            [-2.65108229, 52.179957937],
            [-2.651090962, 52.180031501],
            [-2.651093891, 52.180050449],
            [-2.651093452, 52.180094673],
            [-2.651110132, 52.180138622],
            [-2.651258401, 52.180399263],
            [-2.651281581, 52.180483623],
            [-2.651281288, 52.180537822],
            [-2.651263195, 52.180603534],
            [-2.651235926, 52.180660129],
            [-2.651157205, 52.180752421],
            [-2.651082855, 52.180871563],
            [-2.650973816, 52.180943889],
            [-2.650924883, 52.180970404],
            [-2.65075169, 52.181026186],
            [-2.650622306, 52.181084423],
            [-2.650585866, 52.181115903],
            [-2.650519079, 52.181249383],
            [-2.650295065, 52.181408987],
            [-2.650229166, 52.181429843],
            [-2.650134686, 52.181442318],
            [-2.650086077, 52.181441507],
            [-2.649807657, 52.181409696],
            [-2.64955742, 52.181400289],
            [-2.649503747, 52.181531899],
            [-2.64937761, 52.181606295],
            [-2.649322756, 52.18165693],
            [-2.649080428, 52.181760097],
            [-2.648900312, 52.181746618],
            [-2.648800981, 52.181782128],
            [-2.648526788, 52.182032603],
            [-2.648514284, 52.182051726],
            [-2.648504415, 52.182077935],
            [-2.648505516, 52.182178415],
            [-2.648495086, 52.182240669],
            [-2.648476193, 52.182276545],
            [-2.6484431, 52.182314477],
            [-2.648417505, 52.182337267],
            [-2.648281403, 52.18243158],
            [-2.648287134, 52.182626588],
            [-2.648182417, 52.1826899],
            [-2.648136807, 52.182746146],
            [-2.648025773, 52.183055133],
            [-2.648010584, 52.183146714],
            [-2.647846249, 52.183281718],
            [-2.647931154, 52.183390096],
            [-2.647875779, 52.183529534],
            [-2.647891087, 52.183553897],
            [-2.647968381, 52.183661239],
            [-2.648065881, 52.183731708],
            [-2.648126377, 52.183761935],
            [-2.648158806, 52.183786024],
            [-2.648188552, 52.18381642],
            [-2.648199415, 52.183833617],
            [-2.648166035, 52.183876763],
            [-2.648054664, 52.183963749],
            [-2.648048014, 52.184012321],
            [-2.648072885, 52.184113749],
            [-2.648057997, 52.184192925],
            [-2.648048061, 52.18421455],
            [-2.647984845, 52.184295879],
            [-2.647887341, 52.184523811],
            [-2.647905807, 52.184591209],
            [-2.647946196, 52.18464851],
            [-2.647951348, 52.184704208],
            [-2.64792335, 52.184769255],
            [-2.647794648, 52.184892018],
            [-2.647771249, 52.185090871],
            [-2.647776243, 52.185135784],
            [-2.647760597, 52.185162833],
            [-2.647744608, 52.185174606],
            [-2.647660095, 52.185193046],
            [-2.647636884, 52.185205756],
            [-2.647599419, 52.185250093],
            [-2.647582065, 52.185333956],
            [-2.647559064, 52.185386033],
            [-2.647574909, 52.185472231],
            [-2.647577259, 52.185534325],
            [-2.647562435, 52.185617994],
            [-2.647428657, 52.185956048],
            [-2.647348735, 52.186091306],
            [-2.647275819, 52.186327101],
            [-2.646994195, 52.186682863],
            [-2.646694715, 52.186880713],
            [-2.646217863, 52.187006282],
            [-2.646014541, 52.186982409],
            [-2.645590048, 52.186984554],
            [-2.64482226, 52.187074319],
            [-2.644637861, 52.187091326],
            [-2.644562313, 52.187104502],
            [-2.644474967, 52.187127539],
            [-2.644366816, 52.187163003],
            [-2.643784631, 52.187361221],
            [-2.643575095, 52.187441549],
            [-2.643451658, 52.187479253],
            [-2.643354267, 52.187516635],
            [-2.643182755, 52.187599361],
            [-2.643071401, 52.187580195],
            [-2.64297529, 52.187539194],
            [-2.642920177, 52.187547763],
            [-2.64260385, 52.187615998],
            [-2.642429656, 52.187638339],
            [-2.642314529, 52.187641842],
            [-2.642198245, 52.187615331],
            [-2.642179827, 52.187634486],
            [-2.642198678, 52.187720668],
            [-2.64217116, 52.187869928],
            [-2.642098454, 52.187896389],
            [-2.642069566, 52.187900322],
            [-2.642013623, 52.187893256],
            [-2.641810192, 52.187761431],
            [-2.641810072, 52.187761432],
            [-2.641809828, 52.187761253],
            [-2.641779141, 52.187757555],
            [-2.641754286, 52.187765241],
            [-2.641743147, 52.187778963],
            [-2.641745529, 52.187944329],
            [-2.641733971, 52.187979265],
            [-2.641686912, 52.188036325],
            [-2.641635773, 52.188069679],
            [-2.641362304, 52.188149631],
            [-2.641029616, 52.188204469],
            [-2.640861589, 52.188219763],
            [-2.640665177, 52.188215257],
            [-2.640616895, 52.188220912],
            [-2.640571705, 52.188231943],
            [-2.64050519, 52.188261246],
            [-2.640425356, 52.188328909],
            [-2.640378926, 52.188354328],
            [-2.64027729, 52.188382023],
            [-2.640008198, 52.188380787],
            [-2.639813829, 52.188392627],
            [-2.639607495, 52.188520387],
            [-2.639519081, 52.188553403],
            [-2.639470958, 52.188561753],
            [-2.639388784, 52.188567412],
            [-2.639299181, 52.18861841],
            [-2.639261283, 52.188624907],
            [-2.639192568, 52.188627077],
            [-2.639144169, 52.188624643],
            [-2.639095698, 52.188608727],
            [-2.63906474, 52.188611411],
            [-2.638961458, 52.188633722],
            [-2.638767341, 52.188688521],
            [-2.638493227, 52.188825095],
            [-2.638489555, 52.188871852],
            [-2.638476791, 52.188906974],
            [-2.638455075, 52.188940167],
            [-2.638437686, 52.188955541],
            [-2.638236086, 52.188976406],
            [-2.638067269, 52.189012552],
            [-2.637930534, 52.189065512],
            [-2.637839142, 52.189118136],
            [-2.637763625, 52.189285541],
            [-2.637739681, 52.189348586],
            [-2.637718066, 52.18944784],
            [-2.637569419, 52.18951138],
            [-2.637434748, 52.189784713],
            [-2.637437841, 52.189899742],
            [-2.63733194, 52.189983723],
            [-2.637275668, 52.190038045],
            [-2.637182184, 52.190155393],
            [-2.637131122, 52.190236741],
            [-2.637092748, 52.190319727],
            [-2.637053598, 52.190441276],
            [-2.636981523, 52.190520759],
            [-2.636509773, 52.191092514],
            [-2.636049225, 52.191503502],
            [-2.635379395, 52.191872023],
            [-2.634406689, 52.192020617],
            [-2.633411826, 52.191544569],
            [-2.633256594, 52.191086387],
            [-2.632851633, 52.190700191],
            [-2.632480638, 52.190310215],
            [-2.63180878, 52.19009424],
            [-2.631032037, 52.189804492],
            [-2.630297585, 52.189707035],
            [-2.62956594, 52.18952633],
            [-2.629056024, 52.18918634],
            [-2.628858835, 52.188434919],
            [-2.628437299, 52.188946963],
            [-2.628314091, 52.189463888],
            [-2.627680711, 52.189802332],
            [-2.627059887, 52.190082284],
            [-2.626631637, 52.190514004],
            [-2.625641468, 52.190690212],
            [-2.624679926, 52.190981755],
            [-2.623282763, 52.190656322],
            [-2.622213913, 52.190468095],
            [-2.621408678, 52.190336622],
            [-2.620437539, 52.190044413],
            [-2.619369504, 52.18975666],
            [-2.618447475, 52.18944674],
            [-2.617977998, 52.189033507],
            [-2.617540564, 52.188625588],
            [-2.617290064, 52.18815566],
            [-2.616982166, 52.187659968],
            [-2.616578572, 52.18711606],
            [-2.615755491, 52.187310815],
            [-2.6149189, 52.187803046],
            [-2.614361996, 52.18814794],
            [-2.613958208, 52.188541918],
            [-2.613373866, 52.189251591],
            [-2.612646221, 52.189707018],
            [-2.61205561, 52.190112206],
            [-2.611333111, 52.19061065],
            [-2.610896442, 52.191020426],
            [-2.610540288, 52.191532337],
            [-2.610651584, 52.192172332],
            [-2.61143873, 52.192488495],
            [-2.612265333, 52.192532921],
            [-2.612749329, 52.192889207],
            [-2.613037022, 52.193337379],
            [-2.613025558, 52.193801577],
            [-2.613323984, 52.194310271],
            [-2.613561836, 52.194773172],
            [-2.613536123, 52.195270879],
            [-2.613222375, 52.195866614],
            [-2.613212359, 52.19619931],
            [-2.613273062, 52.196253821],
            [-2.613427672, 52.196321325],
            [-2.613473433, 52.196350747],
            [-2.613513322, 52.196382896],
            [-2.613590747, 52.196477856],
            [-2.613615817, 52.196493904],
            [-2.613658474, 52.196508062],
            [-2.613712586, 52.196513174],
            [-2.613744754, 52.19651031],
            [-2.613904498, 52.196424992],
            [-2.613927972, 52.196430262],
            [-2.613958966, 52.196447178],
            [-2.613981315, 52.196475823],
            [-2.614006931, 52.196531415],
            [-2.614418264, 52.196670474],
            [-2.614521122, 52.196685128],
            [-2.614576965, 52.196702004],
            [-2.614680054, 52.1967509],
            [-2.614769723, 52.196780093],
            [-2.614838638, 52.196791418],
            [-2.615058209, 52.196801958],
            [-2.615102178, 52.196806223],
            [-2.615140131, 52.196820405],
            [-2.615162573, 52.196838264],
            [-2.615168657, 52.196850816],
            [-2.615175366, 52.196917291],
            [-2.615185892, 52.19693701],
            [-2.615205148, 52.19695129],
            [-2.615253695, 52.196972608],
            [-2.615300695, 52.196986744],
            [-2.615396002, 52.196996133],
            [-2.615477805, 52.196988516],
            [-2.615736872, 52.196889195],
            [-2.615771899, 52.19688362],
            [-2.615814262, 52.196885196],
            [-2.615874579, 52.196902857],
            [-2.615972009, 52.196969758],
            [-2.616007346, 52.19698665],
            [-2.616089223, 52.196984425],
            [-2.616212211, 52.196989176],
            [-2.61622886, 52.197024231],
            [-2.616190428, 52.197106223],
            [-2.616167413, 52.197134205],
            [-2.616053988, 52.197184232],
            [-2.61606877, 52.197197636],
            [-2.61611582, 52.197215366],
            [-2.616170091, 52.197223172],
            [-2.616443977, 52.197218326],
            [-2.616506652, 52.197223211],
            [-2.616596211, 52.197244314],
            [-2.616660814, 52.197266446],
            [-2.616830243, 52.197244888],
            [-2.61690935, 52.197251665],
            [-2.617108128, 52.197232649],
            [-2.617191732, 52.197259265],
            [-2.617090627, 52.19734518],
            [-2.617093233, 52.197428754],
            [-2.617082454, 52.197495321],
            [-2.617086083, 52.197548331],
            [-2.617098456, 52.197596801],
            [-2.617108983, 52.19761652],
            [-2.617153352, 52.197649633],
            [-2.617220945, 52.197774301],
            [-2.617250471, 52.197798325],
            [-2.61729026, 52.197814295],
            [-2.617332869, 52.197824857],
            [-2.61748797, 52.197831236],
            [-2.617526212, 52.197840023],
            [-2.61755705, 52.197854243],
            [-2.617598585, 52.197891775],
            [-2.617638915, 52.197955468],
            [-2.617668713, 52.197990365],
            [-2.617806075, 52.19797886],
            [-2.617835912, 52.198025261],
            [-2.61782955, 52.19808839],
            [-2.617851927, 52.198118832],
            [-2.617871148, 52.198130415],
            [-2.617920982, 52.198140041],
            [-2.617970605, 52.198134388],
            [-2.61808207, 52.19815178],
            [-2.618155606, 52.198182852],
            [-2.61819265, 52.198209622],
            [-2.618220818, 52.198240034],
            [-2.618228414, 52.198257161],
            [-2.618157902, 52.198348308],
            [-2.618178882, 52.198382353],
            [-2.618207183, 52.198413662],
            [-2.618318342, 52.198417574],
            [-2.618355112, 52.198424571],
            [-2.61841968, 52.198444006],
            [-2.618463862, 52.198463548],
            [-2.618491976, 52.198481376],
            [-2.618515714, 52.198505519],
            [-2.618544195, 52.198558399],
            [-2.618559428, 52.198708508],
            [-2.618574207, 52.198712924],
            [-2.618692924, 52.198731176],
            [-2.618725369, 52.198748083],
            [-2.618762043, 52.198756879],
            [-2.618798656, 52.198761181],
            [-2.61882647, 52.198757439],
            [-2.618944438, 52.198721768],
            [-2.618972132, 52.198718027],
            [-2.619023448, 52.198721353],
            [-2.619071911, 52.198736378],
            [-2.6190955, 52.198749736],
            [-2.6191371, 52.198791761],
            [-2.619125774, 52.198818784],
            [-2.619133512, 52.198854696],
            [-2.619154256, 52.198871664],
            [-2.619186664, 52.198885964],
            [-2.619210116, 52.198889436],
            [-2.619331574, 52.1988879],
            [-2.619400155, 52.198874867],
            [-2.619443826, 52.19885756],
            [-2.619506147, 52.198819484],
            [-2.619542359, 52.198795026],
            [-2.619565456, 52.198764346],
            [-2.619588645, 52.198748944],
            [-2.619619147, 52.198738897],
            [-2.619693765, 52.19873491],
            [-2.619781593, 52.198735348],
            [-2.619838749, 52.198742238],
            [-2.619909166, 52.198757147],
            [-2.619984051, 52.198781021],
            [-2.620101843, 52.198828038],
            [-2.6201414, 52.198835919],
            [-2.620272667, 52.198785076],
            [-2.620317629, 52.198773874],
            [-2.620389324, 52.198880544],
            [-2.620280964, 52.198878417],
            [-2.620158471, 52.19890962],
            [-2.62013987, 52.198933986],
            [-2.620141556, 52.198951054],
            [-2.620153469, 52.198966271],
            [-2.620171098, 52.198976065],
            [-2.620191692, 52.198982248],
            [-2.620330717, 52.198986011],
            [-2.620482715, 52.199072395],
            [-2.620553245, 52.199095392],
            [-2.62061623, 52.199104948],
            [-2.620775536, 52.199092425],
            [-2.620854525, 52.199125085],
            [-2.62085501, 52.199125262],
            [-2.621887858, 52.199010168],
            [-2.622503256, 52.19876236],
            [-2.623053005, 52.198711642],
            [-2.623309989, 52.198688084],
            [-2.623370129, 52.1987443],
            [-2.62340888, 52.198780766],
            [-2.623535928, 52.198868266],
            [-2.623579156, 52.198922864],
            [-2.623669678, 52.199012265],
            [-2.623684257, 52.199045443],
            [-2.623707826, 52.199100325],
            [-2.623832698, 52.199239068],
            [-2.623852127, 52.199274018],
            [-2.623872005, 52.19935822],
            [-2.623868266, 52.199375496],
            [-2.623840226, 52.199388947],
            [-2.62367567, 52.19944015],
            [-2.623605722, 52.199467483],
            [-2.623497229, 52.19952495],
            [-2.623400933, 52.199548828],
            [-2.623352946, 52.199567956],
            [-2.62328595, 52.199616666],
            [-2.623254635, 52.19965476],
            [-2.62297741, 52.199706557],
            [-2.622968353, 52.199714514],
            [-2.622923071, 52.199823598],
            [-2.622919206, 52.199857772],
            [-2.622925713, 52.199883084],
            [-2.622988906, 52.20000229],
            [-2.622989396, 52.20003734],
            [-2.622973848, 52.200107348],
            [-2.62295725, 52.200145455],
            [-2.622811743, 52.20023053],
            [-2.622686197, 52.200362777],
            [-2.622604396, 52.200448504],
            [-2.622597481, 52.200463011],
            [-2.622579885, 52.200498786],
            [-2.62257172, 52.200544668],
            [-2.622580523, 52.200622097],
            [-2.622736375, 52.200810831],
            [-2.622736803, 52.200841387],
            [-2.622722759, 52.200855123],
            [-2.622699457, 52.200862436],
            [-2.622671724, 52.200863482],
            [-2.622633504, 52.200856493],
            [-2.62245138, 52.200911382],
            [-2.622385535, 52.200904539],
            [-2.622295978, 52.200910225],
            [-2.622231812, 52.200928539],
            [-2.622101061, 52.200999335],
            [-2.62203417, 52.201021258],
            [-2.621936196, 52.201028965],
            [-2.621806147, 52.201011855],
            [-2.621763383, 52.201016394],
            [-2.621689539, 52.201032872],
            [-2.621627837, 52.201054858],
            [-2.621550936, 52.201102989],
            [-2.621497926, 52.201160073],
            [-2.621413036, 52.20136185],
            [-2.621349597, 52.20143238],
            [-2.621334666, 52.201443064],
            [-2.621320207, 52.201453027],
            [-2.621263925, 52.201483163],
            [-2.621195415, 52.2015015],
            [-2.62109423, 52.201512639],
            [-2.621099259, 52.201527173],
            [-2.621167437, 52.201614716],
            [-2.621170959, 52.201633752],
            [-2.62116355, 52.201656081],
            [-2.621143878, 52.20168153],
            [-2.621110146, 52.20170229],
            [-2.621044543, 52.201721511],
            [-2.621184928, 52.202038405],
            [-2.621365193, 52.202446407],
            [-2.620947671, 52.202846592],
            [-2.620573739, 52.203258589],
            [-2.620326796, 52.203736519],
            [-2.620260884, 52.204253492],
            [-2.620318782, 52.204737458],
            [-2.620500869, 52.205293303],
            [-2.620888793, 52.206065213],
            [-2.620574859, 52.20674114],
            [-2.619909916, 52.207096154],
            [-2.618968065, 52.207591122],
            [-2.618463175, 52.207926054],
            [-2.618318214, 52.208383041],
            [-2.617758235, 52.208748997],
            [-2.61708936, 52.20909395],
            [-2.616543653, 52.209420099],
            [-2.616448512, 52.20947695],
            [-2.616438085, 52.209482038],
            [-2.615856549, 52.209765859],
            [-2.615163696, 52.210071828],
            [-2.613343897, 52.210655812],
            [-2.612760984, 52.211043794],
            [-2.612142098, 52.211501706],
            [-2.611753078, 52.21191573],
            [-2.610950188, 52.212086707],
            [-2.610635293, 52.212574674],
            [-2.610517815, 52.212666779],
            [-2.610336362, 52.212880821],
            [-2.610002576, 52.212871762],
            [-2.609749212, 52.212857793],
            [-2.609497149, 52.21283303],
            [-2.608354249, 52.212744467],
            [-2.607240283, 52.212618084],
            [-2.606418516, 52.212592471],
            [-2.606003428, 52.212638645],
            [-2.605771323, 52.2126526],
            [-2.605662954, 52.212652257],
            [-2.605444755, 52.212641693],
            [-2.604963162, 52.212642546],
            [-2.604707161, 52.212745152],
            [-2.604400389, 52.212823571],
            [-2.603970328, 52.212967154],
            [-2.603704302, 52.213051654],
            [-2.60362371, 52.213079659],
            [-2.603226343, 52.213222982],
            [-2.602934905, 52.213311385],
            [-2.602499686, 52.213395578],
            [-2.602456787, 52.213471386],
            [-2.602212376, 52.2135573],
            [-2.602093247, 52.213618127],
            [-2.602040638, 52.213654167],
            [-2.601969897, 52.213723735],
            [-2.601928578, 52.213782637],
            [-2.600982782, 52.214216093],
            [-2.600902527, 52.214242567],
            [-2.600824277, 52.214265615],
            [-2.600536461, 52.214310222],
            [-2.600372447, 52.214327056],
            [-2.600135794, 52.21433563],
            [-2.600029208, 52.214351451],
            [-2.599909154, 52.214379835],
            [-2.599751816, 52.214435461],
            [-2.599600501, 52.214472361],
            [-2.599546393, 52.214478029],
            [-2.599468827, 52.214480221],
            [-2.599394169, 52.214474309],
            [-2.599291454, 52.214455057],
            [-2.599240267, 52.214462508],
            [-2.599181511, 52.214472513],
            [-2.5986045, 52.214639202],
            [-2.598371779, 52.214742935],
            [-2.598097992, 52.214844089],
            [-2.597979058, 52.214955962],
            [-2.598006307, 52.21502602],
            [-2.597820607, 52.215144703],
            [-2.597814684, 52.215009195],
            [-2.597787568, 52.214949023],
            [-2.59775489, 52.214915035],
            [-2.597710544, 52.214883802],
            [-2.59765471, 52.214859817],
            [-2.597554418, 52.214832283],
            [-2.597421767, 52.214632615],
            [-2.597375428, 52.21458773],
            [-2.597186813, 52.214462135],
            [-2.59715165, 52.214458718],
            [-2.597038207, 52.21443125],
            [-2.596886333, 52.214345644],
            [-2.596655278, 52.214249744],
            [-2.59640306, 52.214186486],
            [-2.596365796, 52.214170316],
            [-2.59633218, 52.214147297],
            [-2.596312947, 52.214125824],
            [-2.596288413, 52.214069054],
            [-2.596124127, 52.214020631],
            [-2.596062816, 52.213993078],
            [-2.595673477, 52.213809894],
            [-2.595554476, 52.213772745],
            [-2.595468957, 52.213757628],
            [-2.595344476, 52.213752863],
            [-2.595096338, 52.213777754],
            [-2.594887218, 52.2136883],
            [-2.594642006, 52.213643159],
            [-2.594549708, 52.213635535],
            [-2.593891371, 52.213658624],
            [-2.593679033, 52.213653401],
            [-2.593503599, 52.213637387],
            [-2.593377899, 52.213649704],
            [-2.593246107, 52.213648569],
            [-2.592997162, 52.213640114],
            [-2.592706762, 52.213617845],
            [-2.592469806, 52.213630719],
            [-2.592148932, 52.213603569],
            [-2.592048274, 52.213602457],
            [-2.591837588, 52.213612502],
            [-2.591698388, 52.213598819],
            [-2.591623013, 52.213647732],
            [-2.591587887, 52.213647009],
            [-2.591220097, 52.21362189],
            [-2.591064837, 52.213607388],
            [-2.590450509, 52.213527776],
            [-2.589689237, 52.213514507],
            [-2.589397697, 52.213497089],
            [-2.58924404, 52.213494261],
            [-2.589159079, 52.213493787],
            [-2.588694192, 52.213526667],
            [-2.588521634, 52.213545503],
            [-2.588413443, 52.213549638],
            [-2.588262671, 52.213545896],
            [-2.588249542, 52.213547759],
            [-2.588060331, 52.213740145],
            [-2.58809028, 52.21379662],
            [-2.588121611, 52.213948449],
            [-2.588125124, 52.213995169],
            [-2.58777926, 52.21429628],
            [-2.587928197, 52.214489766],
            [-2.587959894, 52.214559714],
            [-2.587966281, 52.214595634],
            [-2.587951918, 52.214842064],
            [-2.587912005, 52.214926749],
            [-2.587766202, 52.215190013],
            [-2.587706822, 52.2153449],
            [-2.587627972, 52.215469416],
            [-2.587537036, 52.215565141],
            [-2.58713162, 52.215899802],
            [-2.586973499, 52.216117287],
            [-2.586889925, 52.216551909],
            [-2.586845354, 52.216832643],
            [-2.586831674, 52.216911805],
            [-2.586173295, 52.21693575],
            [-2.585928902, 52.216935166],
            [-2.585185203, 52.21692268],
            [-2.5848569, 52.216891951],
            [-2.584521311, 52.216857663],
            [-2.583829332, 52.216776603],
            [-2.583664378, 52.216704617],
            [-2.5835093, 52.216815037],
            [-2.583498407, 52.216877107],
            [-2.583484619, 52.217169372],
            [-2.583348687, 52.217516169],
            [-2.583071352, 52.217460916],
            [-2.582924037, 52.21762082],
            [-2.582978704, 52.2176574],
            [-2.582855333, 52.217959194],
            [-2.582820085, 52.218060033],
            [-2.582804467, 52.218323545],
            [-2.582822308, 52.218570714],
            [-2.583275777, 52.219329029],
            [-2.583430956, 52.219888388],
            [-2.58345761, 52.220135513],
            [-2.583381872, 52.220388448],
            [-2.583291389, 52.220520208],
            [-2.583167362, 52.22055138],
            [-2.582954136, 52.220692645],
            [-2.582611212, 52.220893062],
            [-2.582170708, 52.221236866],
            [-2.58184562, 52.22145427],
            [-2.581728537, 52.221564499],
            [-2.581701672, 52.22163294],
            [-2.581671519, 52.221680724],
            [-2.581629613, 52.221725061],
            [-2.581578957, 52.221764858],
            [-2.581528064, 52.221795668],
            [-2.581459646, 52.221824766],
            [-2.581373717, 52.221853052],
            [-2.581331364, 52.221863147],
            [-2.581026805, 52.221860154],
            [-2.58068931, 52.221793508],
            [-2.580283465, 52.221770338],
            [-2.579419541, 52.221753912],
            [-2.579173674, 52.221753322],
            [-2.579165816, 52.222049152],
            [-2.579193248, 52.22270082],
            [-2.579263542, 52.222926969],
            [-2.579201786, 52.223013646],
            [-2.579202562, 52.22341639],
            [-2.579216572, 52.223481933],
            [-2.579248402, 52.223562668],
            [-2.579321652, 52.223681937],
            [-2.579505576, 52.223865285],
            [-2.579604803, 52.223949374],
            [-2.579823466, 52.224102891],
            [-2.579956169, 52.224291973],
            [-2.580185358, 52.224576751],
            [-2.580272036, 52.224938627],
            [-2.580046664, 52.225724558],
            [-2.579988599, 52.225992772],
            [-2.580083675, 52.226211699],
            [-2.58018487, 52.226899853],
            [-2.580429521, 52.226906739],
            [-2.580530714, 52.226918824],
            [-2.580661352, 52.22694874],
            [-2.580787867, 52.226995753],
            [-2.580833557, 52.227018897],
            [-2.580869012, 52.227043978],
            [-2.580926902, 52.227104811],
            [-2.580960034, 52.227173854],
            [-2.580963588, 52.227224169],
            [-2.580551788, 52.227303492],
            [-2.580127739, 52.227341529],
            [-2.579553544, 52.227418232],
            [-2.579016069, 52.227534028],
            [-2.57839164, 52.227702558],
            [-2.578896027, 52.228207091],
            [-2.579355297, 52.228731706],
            [-2.579653212, 52.229017945],
            [-2.579779085, 52.22923762],
            [-2.581250171, 52.228869788],
            [-2.58124454, 52.229224118],
            [-2.58205162, 52.229138259],
            [-2.582275054, 52.229100307],
            [-2.583012714, 52.228968137],
            [-2.583217124, 52.228924884],
            [-2.583411296, 52.228883388],
            [-2.583634412, 52.228812179],
            [-2.583909267, 52.229004149],
            [-2.584009772, 52.229193296],
            [-2.584118445, 52.229324071],
            [-2.584447677, 52.229418611],
            [-2.584827773, 52.22948863],
            [-2.584656154, 52.229804147],
            [-2.584497901, 52.230016236],
            [-2.584211563, 52.230504079],
            [-2.584696263, 52.230623913],
            [-2.585184735, 52.230690698],
            [-2.585563004, 52.230731064],
            [-2.585774659, 52.230797512],
            [-2.586005968, 52.230898826],
            [-2.586257772, 52.230933796],
            [-2.592009159, 52.23184566],
            [-2.594216355, 52.232694256],
            [-2.593331131, 52.233839633],
            [-2.592274176, 52.234839722],
            [-2.590491379, 52.235581169],
            [-2.590430071, 52.23560125],
            [-2.59031594, 52.235634896],
            [-2.590103262, 52.235684674],
            [-2.588123456, 52.236050389],
            [-2.587960744, 52.236144764],
            [-2.587875217, 52.236214397],
            [-2.587836285, 52.236255935],
            [-2.587617581, 52.236553714],
            [-2.587447097, 52.23672713],
            [-2.587164846, 52.237086432],
            [-2.58640243, 52.237987573],
            [-2.586152029, 52.238126242],
            [-2.585990836, 52.238226808],
            [-2.58575185, 52.238398135],
            [-2.584988395, 52.238838643],
            [-2.584860785, 52.238904168],
            [-2.585100072, 52.239168214],
            [-2.585198673, 52.239320609],
            [-2.585293589, 52.239523264],
            [-2.585301285, 52.239548391],
            [-2.585312064, 52.239697627],
            [-2.585281597, 52.239942338],
            [-2.585294349, 52.240021368],
            [-2.585333328, 52.240093077],
            [-2.585349611, 52.240110073],
            [-2.585467594, 52.240166112],
            [-2.58562484, 52.240095226],
            [-2.586016449, 52.240363008],
            [-2.586395718, 52.240701854],
            [-2.586419784, 52.240741281],
            [-2.586444941, 52.240762726],
            [-2.586665863, 52.240859686],
            [-2.586918223, 52.241115484],
            [-2.586957433, 52.241204359],
            [-2.58699176, 52.241252722],
            [-2.58708517, 52.241340339],
            [-2.587112075, 52.241375258],
            [-2.587125664, 52.241407546],
            [-2.587134975, 52.241454327],
            [-2.587139003, 52.241530704],
            [-2.587171929, 52.241582669],
            [-2.587225416, 52.241646217],
            [-2.587295189, 52.241717773],
            [-2.58734471, 52.241810191],
            [-2.587492003, 52.241982025],
            [-2.587552002, 52.242090569],
            [-2.587576757, 52.24219111],
            [-2.587574334, 52.242227074],
            [-2.587550791, 52.242327855],
            [-2.587555542, 52.242468132],
            [-2.587732143, 52.242527471],
            [-2.587801206, 52.242545103],
            [-2.587842531, 52.242574557],
            [-2.587886958, 52.242610287],
            [-2.587998051, 52.242811152],
            [-2.587979318, 52.24283731],
            [-2.587987384, 52.242890298],
            [-2.58798342, 52.243257113],
            [-2.588032706, 52.243331556],
            [-2.588094524, 52.243358212],
            [-2.588143312, 52.243385831],
            [-2.588189189, 52.243421554],
            [-2.588293333, 52.243544168],
            [-2.588319953, 52.243566505],
            [-2.588374633, 52.243601285],
            [-2.588436404, 52.243624346],
            [-2.588502512, 52.243637588],
            [-2.588630021, 52.24364594],
            [-2.58870903, 52.243748906],
            [-2.588762177, 52.24378639],
            [-2.588796056, 52.243800601],
            [-2.58882984, 52.243807623],
            [-2.588906093, 52.243811737],
            [-2.588941171, 52.243807068],
            [-2.589145524, 52.243754817],
            [-2.589204445, 52.243781486],
            [-2.589313687, 52.243842058],
            [-2.589400893, 52.243907234],
            [-2.589463251, 52.243965433],
            [-2.589594307, 52.244131953],
            [-2.589689248, 52.244224952],
            [-2.589782361, 52.244289289],
            [-2.589864686, 52.244305056],
            [-2.590007326, 52.244461631],
            [-2.590080943, 52.244494518],
            [-2.590158335, 52.244475256],
            [-2.59038684, 52.244586551],
            [-2.590507596, 52.244631785],
            [-2.590659429, 52.244707422],
            [-2.590783669, 52.244796679],
            [-2.590835907, 52.244874612],
            [-2.590886709, 52.24495354],
            [-2.590973303, 52.245181398],
            [-2.591000154, 52.2452209],
            [-2.591077365, 52.245296911],
            [-2.591106814, 52.24531384],
            [-2.591242292, 52.245367088],
            [-2.591307372, 52.245411702],
            [-2.59135354, 52.245468993],
            [-2.59139226, 52.245520119],
            [-2.591221711, 52.245563037],
            [-2.591078363, 52.24559],
            [-2.590981962, 52.24561475],
            [-2.590726904, 52.245705007],
            [-2.590389255, 52.245759725],
            [-2.590305861, 52.245763737],
            [-2.590232528, 52.245761408],
            [-2.590116618, 52.245744911],
            [-2.589887984, 52.245733471],
            [-2.589790025, 52.245750139],
            [-2.58972589, 52.245767536],
            [-2.58966604, 52.245789406],
            [-2.589383966, 52.24592806],
            [-2.589004741, 52.246108183],
            [-2.588680715, 52.246261874],
            [-2.588682821, 52.246302309],
            [-2.588644097, 52.246478754],
            [-2.588288386, 52.246711516],
            [-2.588165373, 52.246824567],
            [-2.588104643, 52.246889583],
            [-2.58764326, 52.24746989],
            [-2.587458462, 52.24764167],
            [-2.58730604, 52.247750373],
            [-2.587140183, 52.247829392],
            [-2.586906796, 52.24790695],
            [-2.586450423, 52.248090774],
            [-2.586272511, 52.248125902],
            [-2.5861716, 52.248138986],
            [-2.585776643, 52.248172405],
            [-2.58565135, 52.248232346],
            [-2.585512754, 52.248272581],
            [-2.585441175, 52.24828462],
            [-2.585309399, 52.248292464],
            [-2.585172458, 52.248238317],
            [-2.584945832, 52.248261012],
            [-2.584426676, 52.248336835],
            [-2.584220359, 52.2483428],
            [-2.584007656, 52.248322282],
            [-2.583801449, 52.248345772],
            [-2.583624689, 52.248376846],
            [-2.58356174, 52.248383898],
            [-2.582824845, 52.248248857],
            [-2.582744742, 52.248301562],
            [-2.582640436, 52.248276911],
            [-2.582543627, 52.248262109],
            [-2.582420465, 52.248254628],
            [-2.582230166, 52.248266353],
            [-2.581785924, 52.248243827],
            [-2.58169682, 52.248245615],
            [-2.581579655, 52.248253383],
            [-2.581522652, 52.248262651],
            [-2.581395801, 52.248305519],
            [-2.581171092, 52.248262586],
            [-2.580789067, 52.248287835],
            [-2.580657363, 52.248292078],
            [-2.580612635, 52.248223991],
            [-2.580499902, 52.248229039],
            [-2.580283811, 52.248170782],
            [-2.579909125, 52.248156895],
            [-2.57966704, 52.248161231],
            [-2.579524799, 52.24815384],
            [-2.579454434, 52.248147894],
            [-2.57911724, 52.248100925],
            [-2.578983527, 52.248089987],
            [-2.578891066, 52.248075071],
            [-2.578232286, 52.24790897],
            [-2.577995932, 52.247843079],
            [-2.577782993, 52.247794688],
            [-2.577572971, 52.247756979],
            [-2.577386697, 52.247734522],
            [-2.577100889, 52.247719742],
            [-2.576143219, 52.247739701],
            [-2.575713584, 52.248256981],
            [-2.575611976, 52.24840299],
            [-2.575241695, 52.2489349],
            [-2.575069503, 52.249207711],
            [-2.574946529, 52.24932695],
            [-2.574635888, 52.249540666],
            [-2.574575216, 52.249611966],
            [-2.57455135, 52.249690366],
            [-2.574610847, 52.25011673],
            [-2.574606558, 52.250224066],
            [-2.574559661, 52.250445485],
            [-2.574479649, 52.250712005],
            [-2.574469616, 52.250888845],
            [-2.57445184, 52.251195596],
            [-2.574324863, 52.251678592],
            [-2.574298067, 52.251735975],
            [-2.574233441, 52.25195029],
            [-2.574233537, 52.252303602],
            [-2.57425705, 52.252422127],
            [-2.574255175, 52.252501319],
            [-2.574208214, 52.252718155],
            [-2.573841007, 52.252640848],
            [-2.57294713, 52.252614453],
            [-2.572698058, 52.252622133],
            [-2.572205848, 52.252620027],
            [-2.572169289, 52.252622901],
            [-2.571791116, 52.252828848],
            [-2.571713712, 52.252848996],
            [-2.571660934, 52.252849252],
            [-2.57157719, 52.252827188],
            [-2.571291297, 52.25277051],
            [-2.571210136, 52.252761466],
            [-2.571091, 52.252729686],
            [-2.570981194, 52.25272842],
            [-2.570663594, 52.252751527],
            [-2.570357436, 52.252781499],
            [-2.5699874, 52.25280333],
            [-2.569685907, 52.252481133],
            [-2.569223973, 52.251409944],
            [-2.569189, 52.251310348],
            [-2.569276595, 52.251058176],
            [-2.569165447, 52.250819725],
            [-2.569165205, 52.250819636],
            [-2.569165203, 52.250819546],
            [-2.569034051, 52.25078261],
            [-2.568415617, 52.25060781],
            [-2.568296454, 52.250582769],
            [-2.568217041, 52.250558884],
            [-2.568118374, 52.25052161],
            [-2.568065288, 52.250497599],
            [-2.567695168, 52.250303355],
            [-2.567502156, 52.250217101],
            [-2.5673736, 52.250127841],
            [-2.567255363, 52.250156272],
            [-2.567205669, 52.250170891],
            [-2.567121195, 52.250204552],
            [-2.567086292, 52.250223594],
            [-2.567016671, 52.250276058],
            [-2.566972952, 52.250295143],
            [-2.566825368, 52.250323714],
            [-2.566455392, 52.250490957],
            [-2.566417499, 52.250502823],
            [-2.566337176, 52.250521184],
            [-2.566263996, 52.250531422],
            [-2.566161498, 52.25053461],
            [-2.565620391, 52.250598322],
            [-2.565547279, 52.250613952],
            [-2.56545842, 52.250644937],
            [-2.565285198, 52.250737533],
            [-2.565182871, 52.250754201],
            [-2.565077589, 52.250766389],
            [-2.564810733, 52.250742501],
            [-2.56473891, 52.250745541],
            [-2.564661491, 52.250754899],
            [-2.564562142, 52.250777844],
            [-2.564107344, 52.25083844],
            [-2.563879272, 52.250872785],
            [-2.563387156, 52.250971755],
            [-2.563044839, 52.251026058],
            [-2.562910789, 52.251084219],
            [-2.562742713, 52.251116478],
            [-2.562572265, 52.251199799],
            [-2.562530082, 52.251216358],
            [-2.562342749, 52.25122534],
            [-2.56231795, 52.25123175],
            [-2.562230485, 52.251268118],
            [-2.562133232, 52.251342372],
            [-2.562101214, 52.2513605],
            [-2.561822432, 52.251348795],
            [-2.561648597, 52.251355465],
            [-2.561578411, 52.251363888],
            [-2.561284733, 52.251425504],
            [-2.561225566, 52.25150308],
            [-2.561163098, 52.251539329],
            [-2.560933514, 52.251578798],
            [-2.560618297, 52.25166604],
            [-2.560503911, 52.251655798],
            [-2.560263517, 52.251776748],
            [-2.560003429, 52.251810968],
            [-2.559904404, 52.251859972],
            [-2.559821347, 52.251891824],
            [-2.559732281, 52.251916513],
            [-2.559651919, 52.251932174],
            [-2.559612351, 52.251935956],
            [-2.559404077, 52.251912677],
            [-2.559096188, 52.251891666],
            [-2.558577885, 52.251907603],
            [-2.558441429, 52.251890273],
            [-2.55837397, 52.251885199],
            [-2.558245118, 52.251886708],
            [-2.558087099, 52.251902734],
            [-2.557913575, 52.25184783],
            [-2.557714212, 52.251841582],
            [-2.557475864, 52.251875964],
            [-2.557371095, 52.251929487],
            [-2.557288933, 52.251917292],
            [-2.557209783, 52.25191407],
            [-2.55711309, 52.251918122],
            [-2.556969951, 52.251945761],
            [-2.556703569, 52.251969578],
            [-2.556604983, 52.251928609],
            [-2.556529955, 52.251907392],
            [-2.55645067, 52.251893385],
            [-2.556362801, 52.251888407],
            [-2.555815141, 52.251913457],
            [-2.555749445, 52.252039686],
            [-2.555565099, 52.25206572],
            [-2.555445351, 52.251954925],
            [-2.555117529, 52.25199143],
            [-2.555060239, 52.251997811],
            [-2.554974043, 52.252001003],
            [-2.554889054, 52.252004189],
            [-2.554594342, 52.251984003],
            [-2.554375137, 52.252139624],
            [-2.554193831, 52.252167439],
            [-2.554078434, 52.252192248],
            [-2.55398202, 52.252218766],
            [-2.553818748, 52.252278762],
            [-2.553645852, 52.252390303],
            [-2.553182403, 52.252466716],
            [-2.553112051, 52.252462013],
            [-2.552993129, 52.252446392],
            [-2.552893299, 52.252421694],
            [-2.552772604, 52.252380017],
            [-2.552703384, 52.252349782],
            [-2.552695943, 52.252217606],
            [-2.552711335, 52.252163607],
            [-2.552710966, 52.252133949],
            [-2.552691461, 52.252070855],
            [-2.552649534, 52.25202099],
            [-2.55252235, 52.251923528],
            [-2.552455593, 52.251858229],
            [-2.552396167, 52.251673358],
            [-2.552388489, 52.251628904],
            [-2.552383801, 52.251504354],
            [-2.552503939, 52.251268221],
            [-2.55211949, 52.251198926],
            [-2.551943027, 52.251159396],
            [-2.551587419, 52.251068484],
            [-2.550535639, 52.250712804],
            [-2.550077708, 52.250521701],
            [-2.549045835, 52.249996044],
            [-2.548373949, 52.249680909],
            [-2.548254151, 52.249701239],
            [-2.548199983, 52.249705984],
            [-2.548125206, 52.249704534],
            [-2.547952135, 52.249684666],
            [-2.546394151, 52.250322118],
            [-2.546176863, 52.25039952],
            [-2.545895625, 52.250521348],
            [-2.545552049, 52.25069101],
            [-2.545227939, 52.250902014],
            [-2.544960378, 52.25106602],
            [-2.544793699, 52.251203405],
            [-2.544568666, 52.251368921],
            [-2.544506087, 52.251407048],
            [-2.54442446, 52.25144796],
            [-2.544252571, 52.251515173],
            [-2.543876823, 52.251692168],
            [-2.543732498, 52.251741997],
            [-2.543647721, 52.25176252],
            [-2.543529256, 52.251783738],
            [-2.543328073, 52.251865555],
            [-2.54318666, 52.251916538],
            [-2.543097794, 52.251958291],
            [-2.542963615, 52.252037911],
            [-2.542447622, 52.252421908],
            [-2.542364547, 52.252493024],
            [-2.542244003, 52.252571772],
            [-2.542104101, 52.252638026],
            [-2.541090541, 52.253007764],
            [-2.540945698, 52.253025505],
            [-2.540828579, 52.253028738],
            [-2.54066875, 52.253015989],
            [-2.540456673, 52.252927891],
            [-2.540395057, 52.252916489],
            [-2.540355574, 52.252917568],
            [-2.540294176, 52.252934027],
            [-2.53971559, 52.253059898],
            [-2.538980417, 52.252593914],
            [-2.53901904, 52.251516096],
            [-2.539018677, 52.251516008],
            [-2.539018675, 52.251515828],
            [-2.538049903, 52.251285217],
            [-2.53581636, 52.250753234],
            [-2.535506634, 52.250969],
            [-2.535465963, 52.250991654],
            [-2.535365442, 52.251038847],
            [-2.535000751, 52.251163724],
            [-2.534866436, 52.251202981],
            [-2.534811043, 52.2512266],
            [-2.534715129, 52.251285456],
            [-2.534558606, 52.251426375],
            [-2.53413757, 52.251275129],
            [-2.534034717, 52.251349654],
            [-2.53390371, 52.251423048],
            [-2.533894504, 52.251511261],
            [-2.533881663, 52.251538282],
            [-2.533849871, 52.251576175],
            [-2.533809286, 52.251606018],
            [-2.533689819, 52.25166498],
            [-2.533631806, 52.251711979],
            [-2.533507842, 52.251758467],
            [-2.533413288, 52.251810125],
            [-2.533395818, 52.251823686],
            [-2.533326574, 52.251911181],
            [-2.533174884, 52.251962198],
            [-2.533148345, 52.252075655],
            [-2.533144683, 52.252082502],
            [-2.533119434, 52.252122252],
            [-2.533089442, 52.252169394],
            [-2.532847755, 52.252410551],
            [-2.5327684, 52.252390237],
            [-2.532706784, 52.252388718],
            [-2.532636771, 52.252402066],
            [-2.532606009, 52.252415237],
            [-2.532569694, 52.25243877],
            [-2.53254225, 52.252466756],
            [-2.532523609, 52.25250369],
            [-2.532446996, 52.252591218],
            [-2.532390947, 52.252681349],
            [-2.532267527, 52.252773671],
            [-2.532120867, 52.252882007],
            [-2.532072893, 52.252910265],
            [-2.531967983, 52.252954779],
            [-2.531881799, 52.252979434],
            [-2.531778447, 52.253033018],
            [-2.531765605, 52.253060039],
            [-2.531752034, 52.253147283],
            [-2.531675762, 52.253263569],
            [-2.531198814, 52.253073378],
            [-2.531206975, 52.253018515],
            [-2.531107066, 52.25295596],
            [-2.53105634, 52.252915743],
            [-2.530922908, 52.252786919],
            [-2.530295094, 52.252352124],
            [-2.530111283, 52.252282576],
            [-2.529996399, 52.252230063],
            [-2.529859235, 52.252152485],
            [-2.529292219, 52.251872183],
            [-2.528996733, 52.251684314],
            [-2.529220733, 52.251427067],
            [-2.529200463, 52.251327393],
            [-2.529134528, 52.251206353],
            [-2.529123684, 52.251157867],
            [-2.529123159, 52.251113739],
            [-2.529131601, 52.251082244],
            [-2.529181698, 52.250978659],
            [-2.52941916, 52.250706251],
            [-2.529284723, 52.250410885],
            [-2.529151376, 52.250399799],
            [-2.528870147, 52.249663428],
            [-2.528576827, 52.249514106],
            [-2.527968287, 52.249313436],
            [-2.52771401, 52.24925813],
            [-2.527504099, 52.249226712],
            [-2.527434975, 52.249202754],
            [-2.527386349, 52.249176008],
            [-2.526923737, 52.248824763],
            [-2.52687507, 52.248794421],
            [-2.526594813, 52.248635599],
            [-2.526435644, 52.24855452],
            [-2.52627069, 52.248474365],
            [-2.525940865, 52.248331132],
            [-2.525881797, 52.248166828],
            [-2.525822239, 52.248083506],
            [-2.525783303, 52.248130417],
            [-2.525680672, 52.248254906],
            [-2.525655622, 52.248362961],
            [-2.525624155, 52.248428713],
            [-2.525575272, 52.248502631],
            [-2.525539158, 52.248543237],
            [-2.525372568, 52.248610579],
            [-2.525326211, 52.248622379],
            [-2.525263556, 52.248655104],
            [-2.525249145, 52.248672245],
            [-2.525187767, 52.248802842],
            [-2.52514115, 52.248833608],
            [-2.525104665, 52.248842758],
            [-2.525066656, 52.248845624],
            [-2.524975736, 52.248837041],
            [-2.524924167, 52.24883709],
            [-2.524835718, 52.2488844],
            [-2.52477175, 52.248928725],
            [-2.524738418, 52.248959522],
            [-2.524717374, 52.249028552],
            [-2.524586898, 52.249024908],
            [-2.524531438, 52.24904313],
            [-2.524449852, 52.249078545],
            [-2.524147091, 52.249243469],
            [-2.523960747, 52.249223535],
            [-2.523751299, 52.249220959],
            [-2.523650801, 52.249270838],
            [-2.523552878, 52.249283047],
            [-2.523474073, 52.249308562],
            [-2.523428973, 52.249334827],
            [-2.523397035, 52.249361034],
            [-2.523269792, 52.249529491],
            [-2.523204959, 52.249592873],
            [-2.52320698, 52.249641488],
            [-2.523116672, 52.24968503],
            [-2.523152862, 52.249896982],
            [-2.523180068, 52.249971551],
            [-2.523149425, 52.249974383],
            [-2.5230907, 52.249971947],
            [-2.523029092, 52.249960536],
            [-2.522930591, 52.249934009],
            [-2.522806994, 52.250001965],
            [-2.522807375, 52.25003432],
            [-2.522824367, 52.250113337],
            [-2.522840979, 52.25016],
            [-2.52290365, 52.250251488],
            [-2.522733178, 52.25032864],
            [-2.522683808, 52.250372],
            [-2.522668127, 52.250404426],
            [-2.522669999, 52.250440369],
            [-2.522696247, 52.250474586],
            [-2.522732431, 52.250521882],
            [-2.522628417, 52.250642869],
            [-2.522620256, 52.25069863],
            [-2.522659571, 52.250796423],
            [-2.522659934, 52.250868324],
            [-2.522646185, 52.250900831],
            [-2.522621566, 52.250933297],
            [-2.522573734, 52.250973954],
            [-2.522584961, 52.251055693],
            [-2.522606686, 52.251157159],
            [-2.52258589, 52.251258005],
            [-2.52245393, 52.251416326],
            [-2.522408511, 52.251497957],
            [-2.522370223, 52.251600587],
            [-2.52236058, 52.251653658],
            [-2.522443313, 52.251715308],
            [-2.522158511, 52.251786674],
            [-2.522015, 52.251815261],
            [-2.521580968, 52.251880993],
            [-2.521522541, 52.251893835],
            [-2.521407221, 52.2519267],
            [-2.521344441, 52.251949447],
            [-2.521166978, 52.252049097],
            [-2.521126284, 52.252080735],
            [-2.521097073, 52.252092548],
            [-2.521070818, 52.252098955],
            [-2.521000539, 52.252100164],
            [-2.520743757, 52.252316197],
            [-2.520657498, 52.252324666],
            [-2.520483238, 52.25244021],
            [-2.520181127, 52.252684573],
            [-2.520076744, 52.252775001],
            [-2.519979474, 52.252843737],
            [-2.519979598, 52.252844006],
            [-2.519979358, 52.252844187],
            [-2.520015692, 52.252935253],
            [-2.519765089, 52.253050503],
            [-2.519389468, 52.253258067],
            [-2.519258593, 52.25333504],
            [-2.518932995, 52.253554966],
            [-2.518801439, 52.253853042],
            [-2.518470046, 52.254177341],
            [-2.518426712, 52.254231458],
            [-2.518393587, 52.254260005],
            [-2.518330791, 52.254292098],
            [-2.518199373, 52.25433321],
            [-2.518115083, 52.254386608],
            [-2.518056657, 52.254410233],
            [-2.517802556, 52.254475162],
            [-2.517571714, 52.25454601],
            [-2.517503449, 52.25457534],
            [-2.51737521, 52.254640615],
            [-2.517282144, 52.254697736],
            [-2.517253177, 52.254720332],
            [-2.517200348, 52.254841001],
            [-2.517192639, 52.254936216],
            [-2.517175609, 52.254977814],
            [-2.517126521, 52.255046337],
            [-2.517007803, 52.255161901],
            [-2.516890016, 52.255243307],
            [-2.516737871, 52.255382476],
            [-2.516605604, 52.25547563],
            [-2.51647567, 52.255541],
            [-2.515951854, 52.255856877],
            [-2.515907095, 52.255882328],
            [-2.515854684, 52.255904128],
            [-2.515806528, 52.25591791],
            [-2.51573193, 52.255932617],
            [-2.51552017, 52.255993761],
            [-2.515372356, 52.256006989],
            [-2.515274238, 52.256003823],
            [-2.515199003, 52.255994894],
            [-2.514901239, 52.255930852],
            [-2.514770475, 52.255893583],
            [-2.514669203, 52.255878746],
            [-2.514509277, 52.255857873],
            [-2.514375932, 52.255858454],
            [-2.514299604, 52.2558489],
            [-2.514162784, 52.255789278],
            [-2.513640484, 52.255725941],
            [-2.513640364, 52.255725942],
            [-2.513640122, 52.255725943],
            [-2.513468443, 52.255795896],
            [-2.513084006, 52.255872167],
            [-2.512982973, 52.255877999],
            [-2.512911206, 52.255886939],
            [-2.512789993, 52.255912992],
            [-2.512640583, 52.255913641],
            [-2.512490306, 52.255964715],
            [-2.512290144, 52.256015916],
            [-2.512170373, 52.256072879],
            [-2.511784867, 52.256151128],
            [-2.511210299, 52.256258866],
            [-2.510830859, 52.256329176],
            [-2.510406579, 52.256407858],
            [-2.510181136, 52.256445772],
            [-2.5097361, 52.25647376],
            [-2.508722721, 52.256510489],
            [-2.506765125, 52.256611577],
            [-2.506733705, 52.256684513],
            [-2.506542299, 52.256731173],
            [-2.506006837, 52.256795486],
            [-2.505568941, 52.256931371],
            [-2.50539937, 52.256837635],
            [-2.505340584, 52.256819911],
            [-2.505276044, 52.256816593],
            [-2.504281309, 52.256953867],
            [-2.504013667, 52.256999411],
            [-2.503064853, 52.257160476],
            [-2.502424209, 52.257249579],
            [-2.502151916, 52.257268713],
            [-2.501941195, 52.257295674],
            [-2.501486852, 52.257409954],
            [-2.501362712, 52.257423873],
            [-2.501355944, 52.257423542],
            [-2.501321494, 52.257421442],
            [-2.501218733, 52.257403004],
            [-2.50106492, 52.257409948],
            [-2.500955093, 52.257407718],
            [-2.500793811, 52.257394921],
            [-2.500686833, 52.25739897],
            [-2.500626943, 52.257411807],
            [-2.50057274, 52.257414734],
            [-2.500514107, 52.257410488],
            [-2.500309882, 52.257360124],
            [-2.500199743, 52.257340818],
            [-2.499545881, 52.257264944],
            [-2.499444344, 52.257258633],
            [-2.499209915, 52.257250637],
            [-2.498959564, 52.257266076],
            [-2.498636981, 52.257227983],
            [-2.498571635, 52.257292882],
            [-2.498251345, 52.257211457],
            [-2.49812174, 52.257158077],
            [-2.498054078, 52.257124209],
            [-2.497946326, 52.257059053],
            [-2.497946205, 52.257059053],
            [-2.497946083, 52.257058964],
            [-2.497325069, 52.256916879],
            [-2.496809237, 52.256880045],
            [-2.496515519, 52.256841195],
            [-2.496377652, 52.256826496],
            [-2.496018289, 52.256815065],
            [-2.495865085, 52.25684393],
            [-2.495778893, 52.256870357],
            [-2.495694371, 52.256905764],
            [-2.495653554, 52.256928405],
            [-2.495605319, 52.257369011],
            [-2.495490336, 52.257965925],
            [-2.495422521, 52.258145786],
            [-2.495366631, 52.258257559],
            [-2.495251277, 52.258431508],
            [-2.495311484, 52.259324733],
            [-2.495218224, 52.259530316],
            [-2.494980513, 52.259922733],
            [-2.495006996, 52.260044496],
            [-2.495037151, 52.260116362],
            [-2.495038951, 52.260147812],
            [-2.495019157, 52.260214405],
            [-2.494935709, 52.260346875],
            [-2.494883519, 52.260693574],
            [-2.494857336, 52.260804863],
            [-2.49484023, 52.26085257],
            [-2.494792902, 52.260941748],
            [-2.494779207, 52.261024583],
            [-2.494682481, 52.261288331],
            [-2.494641152, 52.261395549],
            [-2.494500212, 52.261637912],
            [-2.494467131, 52.261683079],
            [-2.494382768, 52.261755335],
            [-2.494352265, 52.261771641],
            [-2.494302685, 52.261788925],
            [-2.494250015, 52.261799931],
            [-2.494159154, 52.261798514],
            [-2.494100456, 52.261788873],
            [-2.493873862, 52.26183566],
            [-2.493861114, 52.261873462],
            [-2.493839278, 52.262017448],
            [-2.493616814, 52.262414381],
            [-2.493616815, 52.262414471],
            [-2.493616578, 52.262414832],
            [-2.493465521, 52.262791243],
            [-2.493452803, 52.262864367],
            [-2.493428655, 52.262909138],
            [-2.493357757, 52.262986819],
            [-2.493343729, 52.263039906],
            [-2.493324959, 52.263199068],
            [-2.493523794, 52.263839247],
            [-2.493600722, 52.264021467],
            [-2.494132777, 52.264608121],
            [-2.49452863, 52.265005072],
            [-2.494536327, 52.265012769],
            [-2.494536693, 52.265013127],
            [-2.494782797, 52.265165517],
            [-2.495252714, 52.26555101],
            [-2.495170308, 52.265625955],
            [-2.495328663, 52.265763792],
            [-2.495574713, 52.266019001],
            [-2.495949692, 52.266264591],
            [-2.496047632, 52.266368887],
            [-2.496084946, 52.266432184],
            [-2.496119647, 52.266521017],
            [-2.496304315, 52.266655956],
            [-2.496847592, 52.266986848],
            [-2.497424523, 52.267279757],
            [-2.497400632, 52.267336481],
            [-2.497811634, 52.267527985],
            [-2.497864562, 52.267539446],
            [-2.497901179, 52.26754019],
            [-2.497950854, 52.267530993],
            [-2.498293464, 52.267376754],
            [-2.498465485, 52.267428157],
            [-2.498533182, 52.267453037],
            [-2.498606961, 52.267492272],
            [-2.498640931, 52.267515496],
            [-2.499005346, 52.267893691],
            [-2.499125468, 52.267992677],
            [-2.49915213, 52.268021326],
            [-2.499269912, 52.268202381],
            [-2.499338355, 52.268583623],
            [-2.499852555, 52.268795985],
            [-2.500982374, 52.269212812],
            [-2.50125166, 52.2695417],
            [-2.501360149, 52.269690437],
            [-2.501456797, 52.269806958],
            [-2.501616971, 52.269974349],
            [-2.502034009, 52.270567747],
            [-2.502333199, 52.270846983],
            [-2.502701958, 52.271155312],
            [-2.502818549, 52.271261141],
            [-2.502931101, 52.271362313],
            [-2.503094125, 52.271524297],
            [-2.503374968, 52.271772152],
            [-2.50342567, 52.271810583],
            [-2.503601094, 52.271904206],
            [-2.503744908, 52.272044791],
            [-2.503921416, 52.272106053],
            [-2.50394795, 52.272123016],
            [-2.504014626, 52.272184747],
            [-2.504069796, 52.272265402],
            [-2.504123527, 52.272347051],
            [-2.504131531, 52.272413527],
            [-2.504158482, 52.272456553],
            [-2.504226497, 52.272508392],
            [-2.504186844, 52.272528064],
            [-2.50414083, 52.272583356],
            [-2.504130826, 52.272606857],
            [-2.504125567, 52.272654515],
            [-2.504134756, 52.272697617],
            [-2.504154214, 52.27272989],
            [-2.504281617, 52.272850681],
            [-2.504315788, 52.273018696],
            [-2.504297339, 52.273075398],
            [-2.504249803, 52.273145706],
            [-2.504213589, 52.273180913],
            [-2.503924302, 52.273393452],
            [-2.503909875, 52.27341059],
            [-2.50390279, 52.273435786],
            [-2.50397504, 52.273733063],
            [-2.504037887, 52.274234493],
            [-2.504051507, 52.274273981],
            [-2.50408142, 52.274322387],
            [-2.504125975, 52.274372529],
            [-2.504154032, 52.274395777],
            [-2.504469933, 52.274461836],
            [-2.504391685, 52.274668979],
            [-2.504304105, 52.274831223],
            [-2.504252891, 52.275099278],
            [-2.50423283, 52.275141697],
            [-2.504211224, 52.275165157],
            [-2.504148596, 52.275204971],
            [-2.503699385, 52.275403721],
            [-2.503661566, 52.275425453],
            [-2.503600632, 52.275476135],
            [-2.503564519, 52.275531114],
            [-2.503397086, 52.275919741],
            [-2.503392438, 52.275989417],
            [-2.503430132, 52.276084616],
            [-2.50343017, 52.276215838],
            [-2.503372081, 52.276549622],
            [-2.503155171, 52.277179602],
            [-2.503112174, 52.277256451],
            [-2.503099511, 52.277301444],
            [-2.503101838, 52.277378819],
            [-2.503115662, 52.277436282],
            [-2.502356291, 52.277546471],
            [-2.50154144, 52.277709559],
            [-2.501249789, 52.277695069],
            [-2.500776707, 52.277741567],
            [-2.500742529, 52.277679247],
            [-2.5007114, 52.277651517],
            [-2.50067019, 52.277630031],
            [-2.500633312, 52.277617605],
            [-2.499922625, 52.277501529],
            [-2.499604724, 52.277516806],
            [-2.499157693, 52.27747259],
            [-2.498536403, 52.277396393],
            [-2.498375553, 52.27742853],
            [-2.497982534, 52.277415808],
            [-2.497554138, 52.277373575],
            [-2.497455833, 52.277368597],
            [-2.497234621, 52.277374023],
            [-2.497023812, 52.277401874],
            [-2.496854209, 52.277440337],
            [-2.496566992, 52.277454578],
            [-2.496416115, 52.27744937],
            [-2.496357557, 52.27745411],
            [-2.496240561, 52.277474375],
            [-2.496097411, 52.277522612],
            [-2.496056425, 52.277531773],
            [-2.49587649, 52.277554099],
            [-2.495670027, 52.277592625],
            [-2.495681223, 52.27766457],
            [-2.495532173, 52.277703934],
            [-2.49536871, 52.277762142],
            [-2.495269305, 52.277788623],
            [-2.49486721, 52.277872638],
            [-2.494605713, 52.27795049],
            [-2.494232294, 52.278135584],
            [-2.494132169, 52.278206018],
            [-2.49401703, 52.278263123],
            [-2.493952768, 52.278287659],
            [-2.493702917, 52.278358899],
            [-2.493527363, 52.278373564],
            [-2.49342626, 52.278388817],
            [-2.493275664, 52.278420005],
            [-2.492995629, 52.278287167],
            [-2.492966878, 52.278277311],
            [-2.49287522, 52.278261606],
            [-2.492655114, 52.27823646],
            [-2.492341541, 52.278250351],
            [-2.492285792, 52.278246989],
            [-2.492225643, 52.278239151],
            [-2.492159502, 52.278225046],
            [-2.492094722, 52.278202847],
            [-2.49200932, 52.278162758],
            [-2.491953231, 52.278390472],
            [-2.491852694, 52.278576938],
            [-2.491775678, 52.278639364],
            [-2.491666823, 52.278740481],
            [-2.49160861, 52.27878755],
            [-2.491544837, 52.278834462],
            [-2.491352725, 52.278958484],
            [-2.491227756, 52.279056073],
            [-2.491056634, 52.279209487],
            [-2.490991556, 52.279302511],
            [-2.490943603, 52.279348549],
            [-2.490591694, 52.279612455],
            [-2.490310755, 52.279912196],
            [-2.490171238, 52.280017034],
            [-2.490170758, 52.280017395],
            [-2.490062743, 52.280151402],
            [-2.489913498, 52.280305803],
            [-2.489699914, 52.28044537],
            [-2.489398939, 52.280693603],
            [-2.489247345, 52.280777817],
            [-2.489219995, 52.280829341],
            [-2.489214767, 52.280881402],
            [-2.4891976, 52.280913829],
            [-2.489169991, 52.280941805],
            [-2.489126389, 52.280966253],
            [-2.489078115, 52.28098353],
            [-2.489021061, 52.280993653],
            [-2.488882314, 52.281037369],
            [-2.488839962, 52.281054621],
            [-2.488803562, 52.281074545],
            [-2.48875563, 52.281155813],
            [-2.488651409, 52.281228956],
            [-2.488470596, 52.281315987],
            [-2.488323025, 52.281359739],
            [-2.48809883, 52.281370552],
            [-2.488029934, 52.281369938],
            [-2.487811414, 52.281358259],
            [-2.487811173, 52.28135826],
            [-2.487642824, 52.281358956],
            [-2.487121999, 52.281310775],
            [-2.487065246, 52.281315323],
            [-2.487035606, 52.281323714],
            [-2.487009418, 52.281338203],
            [-2.486760118, 52.281594574],
            [-2.486672195, 52.281600329],
            [-2.486602259, 52.281681237],
            [-2.486396093, 52.281815466],
            [-2.48642301, 52.281867484],
            [-2.486288589, 52.281909381],
            [-2.485646429, 52.282050257],
            [-2.48530904, 52.28214359],
            [-2.485019531, 52.282305212],
            [-2.485019052, 52.282305663],
            [-2.485001947, 52.282321911],
            [-2.484421554, 52.282874166],
            [-2.484369053, 52.282914287],
            [-2.484219063, 52.283002983],
            [-2.484146829, 52.28297362],
            [-2.483936645, 52.283183986],
            [-2.483607673, 52.283574056],
            [-2.483494051, 52.283739626],
            [-2.483384797, 52.284362027],
            [-2.482519888, 52.28434103],
            [-2.482459864, 52.284345319],
            [-2.48239254, 52.28435638],
            [-2.482291682, 52.284384654],
            [-2.481662997, 52.284501995],
            [-2.481158062, 52.284606785],
            [-2.480795078, 52.284671987],
            [-2.479031259, 52.28505296],
            [-2.478496004, 52.285160647],
            [-2.4771855, 52.285403948],
            [-2.476307635, 52.285573947],
            [-2.475963451, 52.285624049],
            [-2.475846216, 52.285636206],
            [-2.475077121, 52.285681547],
            [-2.474495289, 52.28569647],
            [-2.473529914, 52.285765957],
            [-2.473321726, 52.2857614],
            [-2.472767033, 52.285702955],
            [-2.472471842, 52.285655154],
            [-2.472327742, 52.285618881],
            [-2.472214375, 52.285574306],
            [-2.47176718, 52.285315],
            [-2.471659802, 52.285253773],
            [-2.471574303, 52.285215467],
            [-2.470962194, 52.285019102],
            [-2.470705985, 52.284885397],
            [-2.470535121, 52.284809683],
            [-2.470285253, 52.284715138],
            [-2.469429402, 52.284339172],
            [-2.469069548, 52.284152938],
            [-2.468515452, 52.283885237],
            [-2.468352986, 52.283802834],
            [-2.467890501, 52.283568291],
            [-2.467665014, 52.283446501],
            [-2.467458385, 52.283313312],
            [-2.466362934, 52.283687133],
            [-2.466091134, 52.283770085],
            [-2.465945096, 52.283824588],
            [-2.465702782, 52.283930252],
            [-2.46531177, 52.284090517],
            [-2.464646006, 52.284445281],
            [-2.464498344, 52.284529718],
            [-2.464224631, 52.284707943],
            [-2.463953021, 52.284914202],
            [-2.463578676, 52.285178834],
            [-2.463149096, 52.28516614],
            [-2.463148975, 52.28516614],
            [-2.462990775, 52.285179344],
            [-2.462751677, 52.285165901],
            [-2.46246298, 52.285171527],
            [-2.462221285, 52.285187213],
            [-2.462087342, 52.285138844],
            [-2.461882414, 52.285168407],
            [-2.461765213, 52.285172461],
            [-2.461690352, 52.28516826],
            [-2.461609633, 52.285158689],
            [-2.461531759, 52.285143714],
            [-2.461408366, 52.285110223],
            [-2.46122783, 52.285090976],
            [-2.461116328, 52.28508512],
            [-2.460751553, 52.285109014],
            [-2.46052446, 52.285099205],
            [-2.460428892, 52.285091399],
            [-2.460202783, 52.285059925],
            [-2.460107589, 52.28506479],
            [-2.460044452, 52.285060542],
            [-2.459994563, 52.285051749],
            [-2.45994751, 52.285036653],
            [-2.45988266, 52.285007156],
            [-2.459718546, 52.284986225],
            [-2.459718183, 52.284986226],
            [-2.45926092, 52.284996095],
            [-2.459153909, 52.284992018],
            [-2.458797603, 52.284958261],
            [-2.458359241, 52.284984321],
            [-2.458208254, 52.284982211],
            [-2.457948755, 52.284959311],
            [-2.457878167, 52.284959225],
            [-2.457679132, 52.284986061],
            [-2.457422238, 52.284957847],
            [-2.456511952, 52.28495526],
            [-2.456384139, 52.284938048],
            [-2.456306341, 52.284918576],
            [-2.456160411, 52.28486746],
            [-2.456109152, 52.284854626],
            [-2.455922792, 52.284832877],
            [-2.455839248, 52.284830503],
            [-2.455729025, 52.284831288],
            [-2.455612201, 52.284848456],
            [-2.455527362, 52.284873051],
            [-2.455385826, 52.284932017],
            [-2.455080998, 52.284943978],
            [-2.454939075, 52.284965197],
            [-2.454825097, 52.285000689],
            [-2.454734631, 52.285042381],
            [-2.454684881, 52.285058841],
            [-2.454629301, 52.285072536],
            [-2.45457374, 52.285076345],
            [-2.454460862, 52.285077679],
            [-2.454195198, 52.285066298],
            [-2.454146246, 52.285066307],
            [-2.454097173, 52.285066316],
            [-2.4539418, 52.285072486],
            [-2.45376025, 52.285095654],
            [-2.45362543, 52.285102463],
            [-2.453433122, 52.285066352],
            [-2.453148766, 52.28507104],
            [-2.452991967, 52.28507973],
            [-2.452892172, 52.285072024],
            [-2.452752643, 52.285043709],
            [-2.452485374, 52.285005368],
            [-2.452288832, 52.284992459],
            [-2.452180399, 52.284991077],
            [-2.452080732, 52.284995953],
            [-2.451959178, 52.285011698],
            [-2.451899218, 52.285022713],
            [-2.451807162, 52.285050927],
            [-2.451655499, 52.285077392],
            [-2.451405706, 52.28506963],
            [-2.451278487, 52.284504427],
            [-2.45137029, 52.2843325],
            [-2.451401909, 52.28412566],
            [-2.451433483, 52.284009508],
            [-2.451565621, 52.283679961],
            [-2.451621733, 52.283540436],
            [-2.451561927, 52.283423734],
            [-2.451559617, 52.283339258],
            [-2.451548796, 52.283285373],
            [-2.451533706, 52.283239593],
            [-2.451505248, 52.283186674],
            [-2.451422465, 52.283080575],
            [-2.451265383, 52.28279914],
            [-2.451176367, 52.282697919],
            [-2.451090484, 52.282619604],
            [-2.450979734, 52.282532307],
            [-2.450736366, 52.282382242],
            [-2.450572542, 52.282281306],
            [-2.450125241, 52.281971947],
            [-2.449573596, 52.281645816],
            [-2.449353559, 52.281471393],
            [-2.448806743, 52.281059857],
            [-2.448156712, 52.280634959],
            [-2.447187805, 52.28004697],
            [-2.446028925, 52.279397046],
            [-2.445319296, 52.278953214],
            [-2.444102164, 52.278551194],
            [-2.443818197, 52.278494021],
            [-2.443744789, 52.278488905],
            [-2.443595285, 52.278487669],
            [-2.443441538, 52.278497235],
            [-2.443045243, 52.278555256],
            [-2.442937978, 52.278560332],
            [-2.442858788, 52.278557034],
            [-2.442732521, 52.278535039],
            [-2.442645718, 52.278507502],
            [-2.442202376, 52.278404277],
            [-2.441935097, 52.278384247],
            [-2.441765076, 52.278385782],
            [-2.441577528, 52.278399067],
            [-2.441387334, 52.278425843],
            [-2.441290724, 52.278445078],
            [-2.441138551, 52.278467218],
            [-2.441047809, 52.278481038],
            [-2.440932387, 52.278516612],
            [-2.440831765, 52.278570016],
            [-2.44035153, 52.278743205],
            [-2.440241302, 52.278742088],
            [-2.440444603, 52.278257698],
            [-2.440466798, 52.278131697],
            [-2.440462944, 52.278035542],
            [-2.440427721, 52.277883691],
            [-2.440316801, 52.277629751],
            [-2.440282426, 52.27756328],
            [-2.440191683, 52.277430599],
            [-2.440080753, 52.277333945],
            [-2.439340627, 52.277169441],
            [-2.439000794, 52.277058358],
            [-2.438623238, 52.277116385],
            [-2.438538121, 52.277112207],
            [-2.438489677, 52.277101602],
            [-2.438451452, 52.277085566],
            [-2.438411558, 52.27705965],
            [-2.438380415, 52.277026511],
            [-2.438341818, 52.276972727],
            [-2.438337209, 52.27694659],
            [-2.438334553, 52.276824366],
            [-2.438383761, 52.276508533],
            [-2.43835252, 52.276428748],
            [-2.438313861, 52.276368674],
            [-2.438261968, 52.276302267],
            [-2.438219068, 52.276265577],
            [-2.438183709, 52.276245935],
            [-2.438085173, 52.276216641],
            [-2.437894334, 52.276189487],
            [-2.437445542, 52.276155201],
            [-2.437360406, 52.276136642],
            [-2.437291182, 52.276101846],
            [-2.437155094, 52.27597733],
            [-2.436482953, 52.275939643],
            [-2.436265095, 52.275941976],
            [-2.436153611, 52.275935198],
            [-2.435292062, 52.275818662],
            [-2.435037005, 52.275810794],
            [-2.434718702, 52.275785903],
            [-2.434552188, 52.275786696],
            [-2.434105968, 52.275767486],
            [-2.434206142, 52.275668163],
            [-2.434253845, 52.275603275],
            [-2.434387512, 52.275333061],
            [-2.434124892, 52.27500858],
            [-2.434059311, 52.274900968],
            [-2.43402948, 52.27484086],
            [-2.433955849, 52.274651399],
            [-2.433900707, 52.274560825],
            [-2.433541173, 52.274185829],
            [-2.433283065, 52.273901415],
            [-2.433191391, 52.273818974],
            [-2.432685167, 52.273455838],
            [-2.432306011, 52.27319829],
            [-2.432158353, 52.273062037],
            [-2.431968993, 52.27304853],
            [-2.431248437, 52.272947806],
            [-2.431101738, 52.27293486],
            [-2.43100924, 52.272916324],
            [-2.430903301, 52.272882467],
            [-2.430623661, 52.272754963],
            [-2.430558535, 52.272693095],
            [-2.430536265, 52.272651922],
            [-2.43054629, 52.272551852],
            [-2.430523993, 52.272295962],
            [-2.430537525, 52.272171162],
            [-2.430537403, 52.272171073],
            [-2.430537401, 52.272170893],
            [-2.430355792, 52.272034042],
            [-2.430223105, 52.271945458],
            [-2.430172767, 52.271900702],
            [-2.43014469, 52.271871145],
            [-2.43008958, 52.271795219],
            [-2.429996506, 52.271704512],
            [-2.429968351, 52.271666866],
            [-2.42991275, 52.271527669],
            [-2.429897912, 52.271505253],
            [-2.429840169, 52.271444347],
            [-2.42969559, 52.271350232],
            [-2.429387749, 52.27119155],
            [-2.429198299, 52.271155389],
            [-2.429052615, 52.271109273],
            [-2.42892627, 52.271051222],
            [-2.428732176, 52.270984429],
            [-2.428290744, 52.270792345],
            [-2.427998628, 52.270596932],
            [-2.428206255, 52.27055124],
            [-2.428693442, 52.270464088],
            [-2.428835578, 52.270443349],
            [-2.428962706, 52.270432551],
            [-2.429072639, 52.270430354],
            [-2.429184091, 52.270435341],
            [-2.429423184, 52.27045748],
            [-2.429502345, 52.270459349],
            [-2.42988354, 52.270432346],
            [-2.430035412, 52.270431343],
            [-2.430274456, 52.270448447],
            [-2.430593697, 52.270424814],
            [-2.430769565, 52.270418779],
            [-2.430861657, 52.270395973],
            [-2.430917121, 52.270371414],
            [-2.431001581, 52.270321673],
            [-2.431147565, 52.27026182],
            [-2.431286291, 52.270213678],
            [-2.431382374, 52.270166411],
            [-2.431446587, 52.270122226],
            [-2.431525204, 52.270068102],
            [-2.431663883, 52.270002793],
            [-2.431805622, 52.269966323],
            [-2.431883075, 52.269941773],
            [-2.432039191, 52.269880354],
            [-2.432224843, 52.269824579],
            [-2.433582081, 52.269266403],
            [-2.433877119, 52.269153241],
            [-2.43407137, 52.269087725],
            [-2.43416773, 52.269044679],
            [-2.434244893, 52.269015454],
            [-2.434340966, 52.268992541],
            [-2.434391353, 52.268980492],
            [-2.435191853, 52.268885508],
            [-2.435476893, 52.268948629],
            [-2.435964712, 52.268904495],
            [-2.436552047, 52.268880574],
            [-2.436706761, 52.268874339],
            [-2.436727655, 52.268873453],
            [-2.43684764, 52.268861774],
            [-2.43696465, 52.268842467],
            [-2.437075763, 52.268813294],
            [-2.437059657, 52.268662269],
            [-2.436930606, 52.268157544],
            [-2.437005774, 52.268097857],
            [-2.437041975, 52.268056379],
            [-2.437128563, 52.267929331],
            [-2.43718013, 52.26780412],
            [-2.437232525, 52.267738584],
            [-2.437305001, 52.267687715],
            [-2.437459698, 52.267618834],
            [-2.437520769, 52.267575467],
            [-2.437538152, 52.267549338],
            [-2.437545143, 52.267523157],
            [-2.437543029, 52.267455757],
            [-2.437558043, 52.26739764],
            [-2.437592005, 52.267362102],
            [-2.437697526, 52.267317581],
            [-2.437718094, 52.267222324],
            [-2.437697923, 52.267112658],
            [-2.437694191, 52.267028187],
            [-2.43770756, 52.26690132],
            [-2.437679441, 52.266769663],
            [-2.437779008, 52.266709615],
            [-2.437879336, 52.266640936],
            [-2.437962567, 52.266602878],
            [-2.438089661, 52.266565467],
            [-2.438340405, 52.266447695],
            [-2.43838078, 52.266437658],
            [-2.438461892, 52.266417584],
            [-2.438571578, 52.266403694],
            [-2.438723846, 52.266395219],
            [-2.438860065, 52.266376557],
            [-2.439134317, 52.266351719],
            [-2.439284751, 52.266353406],
            [-2.439388843, 52.266360209],
            [-2.43948362, 52.266378101],
            [-2.439548789, 52.266382982],
            [-2.439695398, 52.266388727],
            [-2.440275106, 52.266354659],
            [-2.440342694, 52.266347666],
            [-2.440479985, 52.266303113],
            [-2.440577665, 52.266260416],
            [-2.440672496, 52.26621063],
            [-2.440802015, 52.266125661],
            [-2.441014021, 52.265891726],
            [-2.441065363, 52.265793836],
            [-2.441170238, 52.265721542],
            [-2.441383414, 52.265617745],
            [-2.441434025, 52.265580257],
            [-2.441499318, 52.265512604],
            [-2.44167374, 52.265375337],
            [-2.441796363, 52.265326344],
            [-2.445946351, 52.264206855],
            [-2.446445057, 52.264086151],
            [-2.446614824, 52.264064836],
            [-2.446562704, 52.263987649],
            [-2.446541724, 52.263943688],
            [-2.446517095, 52.263825142],
            [-2.447347183, 52.263620942],
            [-2.447793662, 52.263569456],
            [-2.448733012, 52.263442935],
            [-2.448878272, 52.263447596],
            [-2.449249842, 52.26339576],
            [-2.449472929, 52.263390956],
            [-2.449628854, 52.263351175],
            [-2.449716627, 52.263333764],
            [-2.449833662, 52.263318937],
            [-2.451567935, 52.263252994],
            [-2.452092633, 52.263267163],
            [-2.452135008, 52.263264305],
            [-2.452287217, 52.263239454],
            [-2.452572557, 52.263202859],
            [-2.452692761, 52.263214531],
            [-2.452776376, 52.263216008],
            [-2.452902311, 52.263209233],
            [-2.453576608, 52.263096992],
            [-2.453793001, 52.26305203],
            [-2.454134924, 52.262960837],
            [-2.454326421, 52.262926935],
            [-2.454536894, 52.26287031],
            [-2.454999313, 52.262689941],
            [-2.455128272, 52.262672007],
            [-2.4553704, 52.262556928],
            [-2.45552905, 52.262453855],
            [-2.455607192, 52.262392976],
            [-2.455691642, 52.262311131],
            [-2.455860708, 52.262081199],
            [-2.456271071, 52.261668062],
            [-2.456494913, 52.261490766],
            [-2.456593668, 52.261402304],
            [-2.456674645, 52.261347255],
            [-2.456749056, 52.261288097],
            [-2.456929902, 52.261182599],
            [-2.457045062, 52.261127238],
            [-2.457256557, 52.261041933],
            [-2.458243854, 52.260758133],
            [-2.458251814, 52.260756844],
            [-2.458300416, 52.260748926],
            [-2.458653651, 52.26069129],
            [-2.459042801, 52.260754129],
            [-2.45936079, 52.260781114],
            [-2.459463338, 52.260779816],
            [-2.459766691, 52.260653075],
            [-2.46018519, 52.260447061],
            [-2.460238935, 52.2604109],
            [-2.460289808, 52.260365763],
            [-2.460325971, 52.260323379],
            [-2.460458265, 52.260080103],
            [-2.460571567, 52.259811195],
            [-2.461260413, 52.259152216],
            [-2.46169192, 52.258816632],
            [-2.46183602, 52.258722595],
            [-2.461927801, 52.258673701],
            [-2.462077949, 52.258603817],
            [-2.463968406, 52.258082208],
            [-2.464354114, 52.257979039],
            [-2.464758992, 52.257849369],
            [-2.46508957, 52.257707407],
            [-2.465193042, 52.257656578],
            [-2.465588964, 52.257410548],
            [-2.465914084, 52.257255483],
            [-2.466183774, 52.2571134],
            [-2.466602253, 52.256830877],
            [-2.466694248, 52.256768767],
            [-2.466694488, 52.256768586],
            [-2.466694727, 52.256768406],
            [-2.467683501, 52.2559395],
            [-2.467904407, 52.255937726],
            [-2.468101609, 52.256025024],
            [-2.468176915, 52.255938443],
            [-2.468237902, 52.255891464],
            [-2.46833254, 52.255839858],
            [-2.468681564, 52.255593914],
            [-2.468831189, 52.255476478],
            [-2.468936032, 52.255407664],
            [-2.469097667, 52.255318043],
            [-2.469553289, 52.255044709],
            [-2.46984949, 52.254796275],
            [-2.47006459, 52.254634537],
            [-2.470355521, 52.254436455],
            [-2.471096988, 52.253897734],
            [-2.472080927, 52.253195808],
            [-2.472243517, 52.253072474],
            [-2.472460502, 52.252907758],
            [-2.472537597, 52.252854421],
            [-2.472592913, 52.252808811],
            [-2.472686994, 52.252717208],
            [-2.472795302, 52.252566588],
            [-2.472884212, 52.252386475],
            [-2.473156758, 52.251712016],
            [-2.473204397, 52.25150142],
            [-2.47328133, 52.251296998],
            [-2.47332573, 52.251201999],
            [-2.4733602, 52.251138497],
            [-2.473626706, 52.250760029],
            [-2.473649015, 52.250711405],
            [-2.47368726, 52.250628294],
            [-2.47370391, 52.250547337],
            [-2.473934532, 52.249409183],
            [-2.473951699, 52.249093731],
            [-2.473959579, 52.248949266],
            [-2.473926436, 52.248604536],
            [-2.473795532, 52.247914348],
            [-2.473795056, 52.247903655],
            [-2.473793109, 52.247857016],
            [-2.473780461, 52.247554087],
            [-2.473799471, 52.247105519],
            [-2.473797459, 52.246950756],
            [-2.473806584, 52.246843765],
            [-2.473846486, 52.246644524],
            [-2.474072377, 52.244747726],
            [-2.474136957, 52.244450958],
            [-2.474183514, 52.244287193],
            [-2.474220902, 52.244101624],
            [-2.474327355, 52.243575858],
            [-2.474468341, 52.243083926],
            [-2.474558904, 52.242676414],
            [-2.474725191, 52.241648077],
            [-2.4747302, 52.24143864],
            [-2.474704338, 52.24134617],
            [-2.474587598, 52.241348527],
            [-2.474479699, 52.24134204],
            [-2.474317367, 52.24131528],
            [-2.474231961, 52.241277874],
            [-2.473938619, 52.241228721],
            [-2.473869718, 52.241221808],
            [-2.473801372, 52.241267021],
            [-2.473559661, 52.241269789],
            [-2.473303374, 52.241219138],
            [-2.473133839, 52.24117344],
            [-2.472940085, 52.241121279],
            [-2.472821113, 52.241084007],
            [-2.472575529, 52.240995023],
            [-2.472593852, 52.240923945],
            [-2.472351156, 52.240822456],
            [-2.47224976, 52.240791404],
            [-2.471928179, 52.240709104],
            [-2.471865494, 52.240741711],
            [-2.47155838, 52.240645781],
            [-2.471221687, 52.240515904],
            [-2.471240098, 52.240452915],
            [-2.471023461, 52.240326063],
            [-2.470863098, 52.240256598],
            [-2.470342703, 52.240053392],
            [-2.470284603, 52.239982889],
            [-2.470162368, 52.239910575],
            [-2.470075129, 52.239836324],
            [-2.469909082, 52.239640062],
            [-2.469806842, 52.239574498],
            [-2.469733775, 52.239527244],
            [-2.469788742, 52.239484153],
            [-2.46966772, 52.239389274],
            [-2.469635235, 52.239366035],
            [-2.468820753, 52.23893651],
            [-2.468480428, 52.238735007],
            [-2.468298811, 52.238595518],
            [-2.468239686, 52.238541825],
            [-2.468120999, 52.238393008],
            [-2.468053042, 52.238337553],
            [-2.467999949, 52.238306307],
            [-2.467907262, 52.238264431],
            [-2.467633944, 52.238176446],
            [-2.467566999, 52.238217246],
            [-2.467542052, 52.238210155],
            [-2.46747434, 52.238177977],
            [-2.467387475, 52.238127091],
            [-2.467321024, 52.238077022],
            [-2.467186419, 52.237952624],
            [-2.467048299, 52.237907333],
            [-2.466987996, 52.237867666],
            [-2.466794491, 52.2377222],
            [-2.466505066, 52.237628972],
            [-2.466241094, 52.237268705],
            [-2.46628066, 52.237173098],
            [-2.466389024, 52.237178961],
            [-2.466325921, 52.237021923],
            [-2.466293607, 52.236876358],
            [-2.466083897, 52.23670462],
            [-2.465788157, 52.236572679],
            [-2.46564803, 52.236473467],
            [-2.465696142, 52.236317698],
            [-2.465690149, 52.236160434],
            [-2.4656928, 52.235998553],
            [-2.465596056, 52.235983655],
            [-2.465585416, 52.235670831],
            [-2.465597418, 52.23542182],
            [-2.465586139, 52.235324706],
            [-2.465571954, 52.235226795],
            [-2.46544308, 52.234921987],
            [-2.465346047, 52.234763824],
            [-2.465234887, 52.234640141],
            [-2.465141806, 52.234559617],
            [-2.465007434, 52.234455888],
            [-2.46489982, 52.234382522],
            [-2.464860117, 52.234361108],
            [-2.464715294, 52.234377856],
            [-2.463798252, 52.234589084],
            [-2.463480813, 52.234655134],
            [-2.463219165, 52.234699303],
            [-2.463198264, 52.234767513],
            [-2.462618372, 52.234940018],
            [-2.462416946, 52.234993746],
            [-2.462216642, 52.235027785],
            [-2.462013403, 52.235058241],
            [-2.461580448, 52.235104066],
            [-2.461293534, 52.235110581],
            [-2.460800614, 52.235137044],
            [-2.460525027, 52.235141446],
            [-2.460153417, 52.235165365],
            [-2.459651743, 52.235221068],
            [-2.459421477, 52.235253423],
            [-2.458803608, 52.235339594],
            [-2.458366541, 52.235408701],
            [-2.4577297, 52.235564057],
            [-2.457178446, 52.235647984],
            [-2.456905071, 52.235680051],
            [-2.456774799, 52.23569179],
            [-2.456496767, 52.235705449],
            [-2.456354843, 52.235723075],
            [-2.456074214, 52.235766043],
            [-2.456013707, 52.235728888],
            [-2.455416039, 52.235843634],
            [-2.455065309, 52.235903049],
            [-2.454723377, 52.235984719],
            [-2.454403231, 52.236036284],
            [-2.454157412, 52.2360597],
            [-2.454045283, 52.236122238],
            [-2.453796859, 52.236174424],
            [-2.453494434, 52.236258994],
            [-2.452690539, 52.236386023],
            [-2.452209938, 52.236497878],
            [-2.451270822, 52.236637999],
            [-2.450904306, 52.236701596],
            [-2.450714897, 52.236501801],
            [-2.450531893, 52.236219024],
            [-2.450150334, 52.23628726],
            [-2.449531491, 52.236339951],
            [-2.449477956, 52.236406755],
            [-2.449289195, 52.236413766],
            [-2.449092931, 52.236419007],
            [-2.448646005, 52.236399047],
            [-2.448319033, 52.236337375],
            [-2.44790411, 52.236306055],
            [-2.44768276, 52.236266091],
            [-2.446876757, 52.236208928],
            [-2.446578086, 52.236211857],
            [-2.44634255, 52.236237914],
            [-2.446264893, 52.236235511],
            [-2.446196013, 52.23622948],
            [-2.446163502, 52.236190057],
            [-2.445713072, 52.236253775],
            [-2.445189954, 52.236365402],
            [-2.444880486, 52.236170185],
            [-2.444757071, 52.23598676],
            [-2.444619548, 52.23585336],
            [-2.444427517, 52.235714233],
            [-2.44431165, 52.235657596],
            [-2.444175467, 52.235658109],
            [-2.444085759, 52.235621597],
            [-2.443895539, 52.235639389],
            [-2.443702564, 52.235635262],
            [-2.443525409, 52.235667745],
            [-2.443433418, 52.235704941],
            [-2.443341682, 52.235755617],
            [-2.443274167, 52.235765308],
            [-2.443233602, 52.235777594],
            [-2.443172344, 52.235809372],
            [-2.443153578, 52.235828317],
            [-2.443136247, 52.235858042],
            [-2.443127809, 52.235895822],
            [-2.443142739, 52.23595221],
            [-2.443059826, 52.235979664],
            [-2.442932366, 52.235971155],
            [-2.442879763, 52.235974948],
            [-2.442778899, 52.235994201],
            [-2.442666602, 52.236041359],
            [-2.442625661, 52.236052298],
            [-2.442571645, 52.236059691],
            [-2.442508641, 52.236061725],
            [-2.442408779, 52.236048168],
            [-2.44221498, 52.23598553],
            [-2.442121168, 52.235973299],
            [-2.4420274, 52.235965561],
            [-2.441800802, 52.236004159],
            [-2.441704498, 52.236044965],
            [-2.441514903, 52.236138159],
            [-2.441416052, 52.23618994],
            [-2.441193339, 52.236328286],
            [-2.440996691, 52.236428876],
            [-2.440794998, 52.236471154],
            [-2.44072153, 52.23644069],
            [-2.440619126, 52.236450959],
            [-2.440356414, 52.236537324],
            [-2.440198682, 52.236581054],
            [-2.440032305, 52.236641894],
            [-2.439868101, 52.23661734],
            [-2.43961548, 52.236686589],
            [-2.439206166, 52.236746175],
            [-2.43906916, 52.236822632],
            [-2.438895247, 52.236866421],
            [-2.43846126, 52.237130119],
            [-2.438306375, 52.237144626],
            [-2.438151453, 52.237179804],
            [-2.438017042, 52.237201425],
            [-2.43784187, 52.237252407],
            [-2.437419805, 52.237378903],
            [-2.437419565, 52.237379084],
            [-2.437419444, 52.237379084],
            [-2.437204324, 52.237505622],
            [-2.437146713, 52.237602005],
            [-2.436818773, 52.237613106],
            [-2.436600084, 52.237560887],
            [-2.436450514, 52.237538971],
            [-2.436211671, 52.237524575],
            [-2.436026933, 52.237499193],
            [-2.435756567, 52.237385148],
            [-2.43533418, 52.237183493],
            [-2.435064672, 52.237132178],
            [-2.434904106, 52.237084416],
            [-2.434621511, 52.236941562],
            [-2.434147694, 52.236999031],
            [-2.433707597, 52.237072552],
            [-2.433669075, 52.237022362],
            [-2.433234133, 52.237030252],
            [-2.432907267, 52.236990108],
            [-2.432630989, 52.236887761],
            [-2.432536968, 52.236891252],
            [-2.432316971, 52.236827795],
            [-2.4320789, 52.236743193],
            [-2.431888064, 52.236661294],
            [-2.431887944, 52.236661294],
            [-2.431887822, 52.236661205],
            [-2.431630983, 52.236608218],
            [-2.431394023, 52.236637845],
            [-2.431117391, 52.236647845],
            [-2.430804333, 52.236674154],
            [-2.43040608, 52.236680102],
            [-2.43027728, 52.236670325],
            [-2.430150996, 52.236658562],
            [-2.429578319, 52.236481342],
            [-2.42941705, 52.236472492],
            [-2.429377831, 52.236499598],
            [-2.428464494, 52.236390391],
            [-2.428455006, 52.23632041],
            [-2.427715472, 52.23635536],
            [-2.427033638, 52.236225799],
            [-2.426294716, 52.236110372],
            [-2.426276221, 52.236183599],
            [-2.42553479, 52.236411421],
            [-2.425264447, 52.236498319],
            [-2.424845849, 52.236649385],
            [-2.424216144, 52.236845428],
            [-2.423923981, 52.236936357],
            [-2.423700668, 52.23701778],
            [-2.423067655, 52.237247892],
            [-2.42271846, 52.237017169],
            [-2.422612435, 52.236951937],
            [-2.422360151, 52.23689442],
            [-2.422071313, 52.236725494],
            [-2.421514207, 52.236302452],
            [-2.420748265, 52.235754502],
            [-2.420356748, 52.235501723],
            [-2.420029314, 52.23525842],
            [-2.419538792, 52.235093801],
            [-2.419203829, 52.234998732],
            [-2.418517543, 52.234583685],
            [-2.418156765, 52.234349034],
            [-2.417845916, 52.234146831],
            [-2.417683559, 52.234008094],
            [-2.417008175, 52.233812662],
            [-2.416732245, 52.233754317],
            [-2.416608084, 52.233619849],
            [-2.416521873, 52.23348983],
            [-2.416031807, 52.233176895],
            [-2.41496681, 52.232420007],
            [-2.41463158, 52.23208585],
            [-2.414488942, 52.231858959],
            [-2.414447624, 52.231816862],
            [-2.41438856, 52.231774736],
            [-2.414335675, 52.231747959],
            [-2.414210861, 52.231710648],
            [-2.414020161, 52.231676265],
            [-2.413480922, 52.231627825],
            [-2.413115615, 52.231550012],
            [-2.412344106, 52.231410164],
            [-2.412221193, 52.231408347],
            [-2.41197521, 52.2314137],
            [-2.411637173, 52.231438248],
            [-2.411345895, 52.231441062],
            [-2.411174171, 52.231395823],
            [-2.410998333, 52.231231958],
            [-2.41091008, 52.231179148],
            [-2.410832193, 52.231150658],
            [-2.410553424, 52.231095904],
            [-2.409947001, 52.231065657],
            [-2.409760565, 52.231008782],
            [-2.40962212, 52.230919385],
            [-2.409585119, 52.230873586],
            [-2.409472246, 52.230703209],
            [-2.409374882, 52.230630745],
            [-2.409105588, 52.230634376],
            [-2.408840763, 52.230651472],
            [-2.408436983, 52.230694215],
            [-2.408153093, 52.230712274],
            [-2.407597985, 52.230695319],
            [-2.407264688, 52.230749498],
            [-2.406904803, 52.230774109],
            [-2.406469554, 52.23090063],
            [-2.406100817, 52.231079859],
            [-2.405661076, 52.231191023],
            [-2.405313217, 52.23125073],
            [-2.404861206, 52.231141642],
            [-2.404510255, 52.231034093],
            [-2.404161431, 52.230987653],
            [-2.403975454, 52.230993683],
            [-2.403776871, 52.231047391],
            [-2.403421279, 52.231066583],
            [-2.403020623, 52.231135361],
            [-2.402673973, 52.231168901],
            [-2.402566966, 52.231150392],
            [-2.402475909, 52.231120144],
            [-2.402346877, 52.2311089],
            [-2.402094498, 52.231047745],
            [-2.401850516, 52.231100706],
            [-2.401506775, 52.231309585],
            [-2.401348158, 52.231417978],
            [-2.400920087, 52.231512907],
            [-2.400705404, 52.231575742],
            [-2.400621638, 52.231537289],
            [-2.400374528, 52.231578663],
            [-2.400126284, 52.231655003],
            [-2.399717613, 52.231800194],
            [-2.399405971, 52.231821023],
            [-2.399324377, 52.231701761],
            [-2.399304868, 52.231653293],
            [-2.399281126, 52.231617422],
            [-2.399247154, 52.231585181],
            [-2.399200041, 52.231554782],
            [-2.399138223, 52.231527039],
            [-2.399045776, 52.231503084],
            [-2.398770794, 52.231532775],
            [-2.398651179, 52.231575512],
            [-2.398557573, 52.231597399],
            [-2.39845963, 52.231606718],
            [-2.398297077, 52.231600077],
            [-2.397943674, 52.231540961],
            [-2.397652113, 52.231525766],
            [-2.397554097, 52.231540477],
            [-2.397479533, 52.231545222],
            [-2.397403343, 52.231543681],
            [-2.397330107, 52.23153494],
            [-2.397203907, 52.231503009],
            [-2.397108299, 52.231462886],
            [-2.397056978, 52.231447779],
            [-2.396954367, 52.231434643],
            [-2.396850476, 52.231440385],
            [-2.396784667, 52.231452291],
            [-2.396481622, 52.231462297],
            [-2.39618514, 52.231382403],
            [-2.396080833, 52.231341409],
            [-2.395982417, 52.2312977],
            [-2.395791027, 52.231184107],
            [-2.395670625, 52.231138673],
            [-2.395542755, 52.231095061],
            [-2.395243436, 52.231021466],
            [-2.394687126, 52.231032316],
            [-2.394545106, 52.2310265],
            [-2.394410548, 52.231018052],
            [-2.394221023, 52.23097815],
            [-2.393920784, 52.230963874],
            [-2.393452214, 52.230958247],
            [-2.39328999, 52.230988448],
            [-2.393053068, 52.230857926],
            [-2.393027883, 52.230822058],
            [-2.39300136, 52.230798778],
            [-2.392971874, 52.2307818],
            [-2.392930719, 52.230769354],
            [-2.392870652, 52.230761465],
            [-2.392803331, 52.230766183],
            [-2.39272446, 52.230788915],
            [-2.392705507, 52.230788978],
            [-2.392668753, 52.230782809],
            [-2.392617418, 52.230765903],
            [-2.392570374, 52.230742692],
            [-2.392526068, 52.230701495],
            [-2.392507864, 52.230635944],
            [-2.392485687, 52.23061256],
            [-2.392454819, 52.230589294],
            [-2.392419547, 52.230573234],
            [-2.392381306, 52.230562576],
            [-2.392302109, 52.230548458],
            [-2.392261052, 52.230533316],
            [-2.392227205, 52.230514554],
            [-2.39218138, 52.230465273],
            [-2.392185337, 52.23042122],
            [-2.392162852, 52.230362874],
            [-2.392117169, 52.230329771],
            [-2.39207018, 52.23031276],
            [-2.391746694, 52.23031752],
            [-2.391443053, 52.230259118],
            [-2.391164797, 52.230245661],
            [-2.391015464, 52.230245257],
            [-2.390860247, 52.230248468],
            [-2.390551627, 52.230282745],
            [-2.390294388, 52.230339411],
            [-2.389947125, 52.230138243],
            [-2.389625504, 52.230025161],
            [-2.389528614, 52.230002921],
            [-2.389413992, 52.229954766],
            [-2.389361069, 52.229921685],
            [-2.389321191, 52.229889461],
            [-2.389294624, 52.229860787],
            [-2.389205603, 52.229730758],
            [-2.389096307, 52.229615086],
            [-2.38894741, 52.229498735],
            [-2.388928379, 52.229337826],
            [-2.389034987, 52.229132552],
            [-2.389162143, 52.228944197],
            [-2.389181697, 52.228833583],
            [-2.389178226, 52.228767983],
            [-2.389147461, 52.228604416],
            [-2.389152865, 52.228545978],
            [-2.389165519, 52.228488414],
            [-2.389185639, 52.228442509],
            [-2.389244845, 52.228352346],
            [-2.389429048, 52.227827658],
            [-2.389438875, 52.227778103],
            [-2.389394079, 52.227680283],
            [-2.389372979, 52.227600361],
            [-2.389459364, 52.227443598],
            [-2.389399806, 52.227327852],
            [-2.389103656, 52.227115728],
            [-2.388648906, 52.226835818],
            [-2.387703676, 52.226398436],
            [-2.387432187, 52.226327425],
            [-2.387165203, 52.226260893],
            [-2.386780044, 52.226249484],
            [-2.386632837, 52.226325554],
            [-2.386317409, 52.226420959],
            [-2.385913548, 52.22643846],
            [-2.38569011, 52.225992406],
            [-2.385614614, 52.225902684],
            [-2.385561606, 52.225858817],
            [-2.385512923, 52.22582662],
            [-2.385445259, 52.22579089],
            [-2.385354178, 52.225755236],
            [-2.385015254, 52.225660173],
            [-2.384884458, 52.225610179],
            [-2.384819828, 52.225576236],
            [-2.384713688, 52.225501983],
            [-2.384641361, 52.225429417],
            [-2.38452935, 52.225346196],
            [-2.384402385, 52.225222488],
            [-2.384353916, 52.225144991],
            [-2.384305936, 52.225068211],
            [-2.384259286, 52.224921772],
            [-2.384237183, 52.224738492],
            [-2.384248972, 52.224580178],
            [-2.384440259, 52.224004154],
            [-2.384622744, 52.223778864],
            [-2.385303834, 52.222980948],
            [-2.385387156, 52.222901853],
            [-2.385554998, 52.222742759],
            [-2.38564958, 52.222667851],
            [-2.385786323, 52.222569436],
            [-2.385928889, 52.222474508],
            [-2.386043938, 52.222407621],
            [-2.386198496, 52.222331618],
            [-2.386458123, 52.222221116],
            [-2.387391326, 52.221968103],
            [-2.387563268, 52.221934463],
            [-2.387695327, 52.221908683],
            [-2.387828318, 52.221892967],
            [-2.38805508, 52.221876043],
            [-2.388191214, 52.221874696],
            [-2.388368439, 52.221879505],
            [-2.388569044, 52.221894124],
            [-2.388796183, 52.221920339],
            [-2.389403202, 52.222020798],
            [-2.389586446, 52.222065132],
            [-2.389806581, 52.222118332],
            [-2.389998908, 52.222179802],
            [-2.390135484, 52.222228783],
            [-2.39025011, 52.222279635],
            [-2.390491307, 52.222408261],
            [-2.39091595, 52.222754774],
            [-2.391244815, 52.223011005],
            [-2.391362464, 52.223089528],
            [-2.391831981, 52.223376568],
            [-2.392468672, 52.223704395],
            [-2.393774911, 52.224236794],
            [-2.394456032, 52.224453912],
            [-2.395057463, 52.224585817],
            [-2.395363958, 52.224643211],
            [-2.395670422, 52.2246971],
            [-2.396197938, 52.224755547],
            [-2.396511133, 52.224751799],
            [-2.396642842, 52.22474057],
            [-2.396815381, 52.224719318],
            [-2.39709301, 52.224666254],
            [-2.397298974, 52.224603455],
            [-2.397488491, 52.224523723],
            [-2.397871483, 52.224294051],
            [-2.398171156, 52.224088118],
            [-2.398248114, 52.224015057],
            [-2.3982887, 52.223964498],
            [-2.398327597, 52.223900553],
            [-2.398359108, 52.223820455],
            [-2.39837557, 52.223690884],
            [-2.398339159, 52.223385421],
            [-2.398291652, 52.223148213],
            [-2.398223152, 52.223019828],
            [-2.398178712, 52.222963355],
            [-2.398127054, 52.222909602],
            [-2.398028189, 52.222827248],
            [-2.397532094, 52.222514257],
            [-2.397428949, 52.222439017],
            [-2.397394946, 52.222402281],
            [-2.397360831, 52.222352963],
            [-2.397336998, 52.222306307],
            [-2.397321712, 52.222243443],
            [-2.397370526, 52.221965465],
            [-2.397580342, 52.221700426],
            [-2.397650385, 52.221664238],
            [-2.397796249, 52.221603798],
            [-2.397904081, 52.221555529],
            [-2.398087992, 52.221498195],
            [-2.398307064, 52.221445326],
            [-2.39841382, 52.221425192],
            [-2.398525477, 52.22141331],
            [-2.3986756, 52.221397344],
            [-2.399540444, 52.221363859],
            [-2.400194754, 52.221366135],
            [-2.400730464, 52.221359822],
            [-2.401448423, 52.221433777],
            [-2.402080871, 52.221594393],
            [-2.402192532, 52.221649737],
            [-2.402290997, 52.22168715],
            [-2.402395206, 52.221719151],
            [-2.402500773, 52.22174126],
            [-2.40260931, 52.221757967],
            [-2.4027308, 52.221765641],
            [-2.402858276, 52.221767902],
            [-2.402970946, 52.221761226],
            [-2.403038115, 52.221754705],
            [-2.403298332, 52.221714269],
            [-2.403374326, 52.221696033],
            [-2.403492552, 52.221663273],
            [-2.403658858, 52.221595295],
            [-2.403730207, 52.221557302],
            [-2.403814986, 52.221496344],
            [-2.403896046, 52.221438005],
            [-2.403988757, 52.221333428],
            [-2.404043506, 52.221235273],
            [-2.404049265, 52.221218177],
            [-2.403972157, 52.220954109],
            [-2.403883145, 52.22033587],
            [-2.403733177, 52.219942627],
            [-2.40356149, 52.21957633],
            [-2.403234082, 52.219139653],
            [-2.402603227, 52.218498098],
            [-2.402254408, 52.218120811],
            [-2.401969453, 52.217852057],
            [-2.40182494, 52.217739302],
            [-2.401761528, 52.217680109],
            [-2.401654917, 52.217554642],
            [-2.401588148, 52.217444319],
            [-2.401555317, 52.217376932],
            [-2.401519193, 52.217265606],
            [-2.401504258, 52.216907851],
            [-2.401507963, 52.216515878],
            [-2.401581032, 52.216334884],
            [-2.401625668, 52.216252943],
            [-2.40168773, 52.216162853],
            [-2.401819497, 52.216000533],
            [-2.401842251, 52.215927654],
            [-2.401845986, 52.215860232],
            [-2.401832223, 52.21579278],
            [-2.40180538, 52.215733552],
            [-2.401733599, 52.21564257],
            [-2.401702449, 52.215560797],
            [-2.401680325, 52.215502901],
            [-2.401640385, 52.215450008],
            [-2.401581306, 52.215389092],
            [-2.401526718, 52.215344339],
            [-2.40141924, 52.215282688],
            [-2.401290009, 52.215230999],
            [-2.40114473, 52.215192755],
            [-2.400822057, 52.215034408],
            [-2.400521428, 52.214884703],
            [-2.399853571, 52.214505794],
            [-2.398916003, 52.213761899],
            [-2.398203344, 52.21328148],
            [-2.397546877, 52.212700204],
            [-2.397012343, 52.212339704],
            [-2.396419983, 52.212056692],
            [-2.394794061, 52.211402258],
            [-2.393847969, 52.211000878],
            [-2.39365532, 52.210898161],
            [-2.3935038, 52.2108069],
            [-2.393402202, 52.210738932],
            [-2.393322635, 52.210678979],
            [-2.39289649, 52.210315402],
            [-2.392723446, 52.210109168],
            [-2.392600261, 52.209905554],
            [-2.392559955, 52.20982291],
            [-2.392475791, 52.209569643],
            [-2.392452622, 52.209460068],
            [-2.392448238, 52.209400763],
            [-2.39244672, 52.209379107],
            [-2.392439599, 52.209283051],
            [-2.392448792, 52.209162493],
            [-2.392465376, 52.209059078],
            [-2.392486647, 52.208980813],
            [-2.392502394, 52.208933035],
            [-2.392680953, 52.208602496],
            [-2.392983857, 52.208279632],
            [-2.393478776, 52.207648653],
            [-2.394007535, 52.207366376],
            [-2.394378266, 52.20725189],
            [-2.394658223, 52.207146695],
            [-2.39479381, 52.207088718],
            [-2.395076533, 52.20695556],
            [-2.395197368, 52.206880556],
            [-2.395294541, 52.20677687],
            [-2.395330603, 52.206720935],
            [-2.3955327, 52.206245608],
            [-2.39573492, 52.205947342],
            [-2.395775317, 52.205890583],
            [-2.395836281, 52.205826565],
            [-2.395911778, 52.205768699],
            [-2.395999155, 52.205717175],
            [-2.396096859, 52.205673705],
            [-2.396203337, 52.205640092],
            [-2.39629245, 52.205620918],
            [-2.396359692, 52.205611705],
            [-2.396498632, 52.205605845],
            [-2.396636267, 52.205616168],
            [-2.397133162, 52.205702576],
            [-2.397222659, 52.205726542],
            [-2.397323851, 52.205763052],
            [-2.397418005, 52.205808662],
            [-2.397507816, 52.205867679],
            [-2.39759617, 52.205939284],
            [-2.397659671, 52.205997491],
            [-2.39774394, 52.206097871],
            [-2.397772759, 52.206203921],
            [-2.397802607, 52.206276622],
            [-2.397848598, 52.206346572],
            [-2.397913692, 52.206420951],
            [-2.397977067, 52.20647835],
            [-2.398041896, 52.20652307],
            [-2.398224264, 52.206624017],
            [-2.398309436, 52.206663276],
            [-2.398707396, 52.206815714],
            [-2.399172263, 52.206921097],
            [-2.399748302, 52.207031494],
            [-2.40067965, 52.207098529],
            [-2.401646328, 52.207189613],
            [-2.402338954, 52.207235787],
            [-2.402409142, 52.207231952],
            [-2.402486608, 52.207219105],
            [-2.402559529, 52.207197285],
            [-2.402616362, 52.207171026],
            [-2.402661427, 52.207137617],
            [-2.402706321, 52.207085335],
            [-2.402742325, 52.207024004],
            [-2.402762316, 52.206966414],
            [-2.402769228, 52.206916957],
            [-2.402759673, 52.206834301],
            [-2.402613477, 52.206371746],
            [-2.402364902, 52.205741467],
            [-2.402219006, 52.205297874],
            [-2.40210743, 52.205100432],
            [-2.401780626, 52.204556791],
            [-2.401571616, 52.204097145],
            [-2.401355585, 52.203674462],
            [-2.401008121, 52.203111925],
            [-2.400786616, 52.202723414],
            [-2.400474871, 52.202388237],
            [-2.400432098, 52.202354228],
            [-2.400386139, 52.202287784],
            [-2.400376839, 52.20223299],
            [-2.400389496, 52.202178121],
            [-2.400405419, 52.202151103],
            [-2.400469242, 52.202084376],
            [-2.400481874, 52.201704866],
            [-2.400681963, 52.201658348],
            [-2.401032601, 52.201771392],
            [-2.401764786, 52.201839005],
            [-2.401817789, 52.201870282],
            [-2.401889611, 52.201888013],
            [-2.401949705, 52.201889606],
            [-2.402005271, 52.201884024],
            [-2.402067929, 52.201862239],
            [-2.40210863, 52.201827048],
            [-2.402125659, 52.201775759],
            [-2.402113495, 52.20172457],
            [-2.402073623, 52.201677879],
            [-2.402026531, 52.201646582],
            [-2.401776505, 52.20134625],
            [-2.401969419, 52.201320427],
            [-2.402381429, 52.201416181],
            [-2.402660646, 52.201555439],
            [-2.403002829, 52.201693582],
            [-2.403095095, 52.201704142],
            [-2.403133307, 52.201713898],
            [-2.403178854, 52.201734414],
            [-2.40322145, 52.201762131],
            [-2.403246683, 52.201790806],
            [-2.403261565, 52.201822212],
            [-2.403263363, 52.201860854],
            [-2.403236178, 52.201922963],
            [-2.403261976, 52.202187208],
            [-2.403216786, 52.202206237],
            [-2.403197872, 52.20222248],
            [-2.403189276, 52.202245878],
            [-2.403194025, 52.202277319],
            [-2.403213291, 52.202313205],
            [-2.403245796, 52.20234554],
            [-2.40328257, 52.202369681],
            [-2.40331635, 52.202383048],
            [-2.403345715, 52.20238834],
            [-2.403402712, 52.202380955],
            [-2.403452107, 52.202346632],
            [-2.40346806, 52.202323119],
            [-2.403479412, 52.202284432],
            [-2.403553674, 52.202251822],
            [-2.403601824, 52.202239973],
            [-2.403658821, 52.202232587],
            [-2.403717452, 52.202232387],
            [-2.403805239, 52.202241074],
            [-2.403979051, 52.202197337],
            [-2.404154435, 52.202180558],
            [-2.404296811, 52.20239497],
            [-2.404767041, 52.202443689],
            [-2.404829854, 52.202438979],
            [-2.404879615, 52.2024451],
            [-2.404925123, 52.202461122],
            [-2.404956123, 52.20248708],
            [-2.404969568, 52.202519391],
            [-2.404968373, 52.202547257],
            [-2.404959738, 52.202566161],
            [-2.404911842, 52.202605872],
            [-2.404907351, 52.202748885],
            [-2.405089188, 52.202791402],
            [-2.405403438, 52.202761561],
            [-2.40564884, 52.202868571],
            [-2.405719446, 52.20291147],
            [-2.405797323, 52.202944547],
            [-2.405880924, 52.202970325],
            [-2.40595718, 52.202984443],
            [-2.406037713, 52.202991356],
            [-2.406178132, 52.202989973],
            [-2.406448069, 52.203061845],
            [-2.406770919, 52.203167688],
            [-2.406930646, 52.203193201],
            [-2.406949708, 52.203193136],
            [-2.407117923, 52.203025381],
            [-2.407437491, 52.202930713],
            [-2.407615805, 52.202917514],
            [-2.40754319, 52.202813506],
            [-2.407809033, 52.202767648],
            [-2.407840981, 52.202738776],
            [-2.407865561, 52.202709031],
            [-2.407750867, 52.202647411],
            [-2.40777334, 52.202545681],
            [-2.4077518, 52.202419925],
            [-2.407627221, 52.202240509],
            [-2.407788047, 52.202188722],
            [-2.407809236, 52.201986332],
            [-2.408046449, 52.202002678],
            [-2.4081305, 52.201919609],
            [-2.408136763, 52.201800049],
            [-2.408108011, 52.201690496],
            [-2.408146618, 52.201598596],
            [-2.408478644, 52.20158756],
            [-2.408545416, 52.201528009],
            [-2.408434613, 52.201416943],
            [-2.408487269, 52.201252193],
            [-2.408447826, 52.201095042],
            [-2.408424649, 52.200962012],
            [-2.408310953, 52.200850956],
            [-2.40852078, 52.200749565],
            [-2.408417643, 52.200671638],
            [-2.408321637, 52.200582092],
            [-2.408665666, 52.200276121],
            [-2.408665959, 52.20015029],
            [-2.408560006, 52.199923174],
            [-2.408631055, 52.19969904],
            [-2.408961787, 52.199548695],
            [-2.409063733, 52.199497111],
            [-2.408939504, 52.199355443],
            [-2.408792696, 52.199290341],
            [-2.408678218, 52.199093813],
            [-2.408679752, 52.198945508],
            [-2.408600121, 52.198878375],
            [-2.408818491, 52.198762484],
            [-2.408902515, 52.198664224],
            [-2.408861129, 52.198623923],
            [-2.408737415, 52.198538068],
            [-2.408785106, 52.198305925],
            [-2.408786166, 52.198263679],
            [-2.408694602, 52.198171331],
            [-2.408769721, 52.198062318],
            [-2.408696775, 52.197934943],
            [-2.408830768, 52.19786608],
            [-2.408906199, 52.19779122],
            [-2.408775451, 52.197740442],
            [-2.408850759, 52.1976521],
            [-2.40889686, 52.197575453],
            [-2.40878073, 52.197513839],
            [-2.408709023, 52.197350509],
            [-2.408711889, 52.197189526],
            [-2.408687159, 52.197044907],
            [-2.408576276, 52.196923865],
            [-2.408682622, 52.196865974],
            [-2.408692078, 52.196621381],
            [-2.408668821, 52.196479453],
            [-2.408713013, 52.196352571],
            [-2.408894277, 52.196177488],
            [-2.409110482, 52.196142584],
            [-2.409267713, 52.196056654],
            [-2.409463057, 52.195825796],
            [-2.409762614, 52.195620641],
            [-2.410088022, 52.19553772],
            [-2.410344713, 52.19544605],
            [-2.410402888, 52.195253417],
            [-2.410371975, 52.195066486],
            [-2.410482402, 52.19466695],
            [-2.410539337, 52.194496881],
            [-2.410615377, 52.194332048],
            [-2.410904156, 52.193770918],
            [-2.410996817, 52.193499071],
            [-2.411102952, 52.193275802],
            [-2.411310045, 52.193039507],
            [-2.411477019, 52.192913094],
            [-2.411652934, 52.192788358],
            [-2.412396547, 52.192515134],
            [-2.413144923, 52.1923013],
            [-2.413283952, 52.192140738],
            [-2.4134585, 52.192038563],
            [-2.413576001, 52.191923915],
            [-2.413739675, 52.191910758],
            [-2.413787351, 52.191849473],
            [-2.413876765, 52.191710746],
            [-2.413917088, 52.191636904],
            [-2.413835696, 52.191535536],
            [-2.414027741, 52.191421615],
            [-2.414092956, 52.191365661],
            [-2.414149469, 52.19130794],
            [-2.414215448, 52.19116561],
            [-2.414222991, 52.191029866],
            [-2.414136973, 52.190897957],
            [-2.414287213, 52.190854287],
            [-2.414516107, 52.190773491],
            [-2.414608838, 52.190680589],
            [-2.414505512, 52.190581097],
            [-2.414431579, 52.190490579],
            [-2.414559983, 52.190459569],
            [-2.414648731, 52.19040533],
            [-2.41466109, 52.19032071],
            [-2.414638035, 52.190202151],
            [-2.414775301, 52.190177401],
            [-2.41496211, 52.190123716],
            [-2.415129492, 52.190030461],
            [-2.415160837, 52.189951258],
            [-2.415418071, 52.189922489],
            [-2.415501927, 52.189822428],
            [-2.415570868, 52.189830274],
            [-2.415803774, 52.189869899],
            [-2.415973907, 52.189761444],
            [-2.415988806, 52.189639066],
            [-2.416278072, 52.189592207],
            [-2.416619593, 52.18951011],
            [-2.417018529, 52.189467356],
            [-2.417306705, 52.189471729],
            [-2.417541775, 52.189420565],
            [-2.417695465, 52.189437098],
            [-2.41769687, 52.189265334],
            [-2.417728321, 52.18918523],
            [-2.417767009, 52.189105101],
            [-2.417916082, 52.188938207],
            [-2.418052474, 52.188820881],
            [-2.41823896, 52.188733846],
            [-2.418436179, 52.188556984],
            [-2.418810654, 52.188248179],
            [-2.41900235, 52.188100006],
            [-2.419148776, 52.187960174],
            [-2.419160576, 52.187817134],
            [-2.419112683, 52.187700462],
            [-2.419036426, 52.187671073],
            [-2.418969513, 52.187558063],
            [-2.418832868, 52.187493746],
            [-2.418758633, 52.187384357],
            [-2.418821757, 52.187248416],
            [-2.418814411, 52.187236758],
            [-2.418739151, 52.187172222],
            [-2.418549663, 52.187092903],
            [-2.418331032, 52.18701818],
            [-2.418146719, 52.186860557],
            [-2.41798397, 52.186661603],
            [-2.417920548, 52.186598913],
            [-2.41789827, 52.186563849],
            [-2.417887395, 52.186497377],
            [-2.417892889, 52.1864659],
            [-2.417910125, 52.186426292],
            [-2.417933175, 52.18638936],
            [-2.417976659, 52.186345165],
            [-2.41806183, 52.186232425],
            [-2.418130708, 52.185925603],
            [-2.417864076, 52.185734208],
            [-2.417791388, 52.185622027],
            [-2.417586619, 52.185622752],
            [-2.417476204, 52.18555124],
            [-2.417350146, 52.185522026],
            [-2.41721687, 52.185494635],
            [-2.416922625, 52.18547051],
            [-2.416780341, 52.185434162],
            [-2.416639575, 52.185392417],
            [-2.416112602, 52.185190162],
            [-2.416155155, 52.185046206],
            [-2.416120543, 52.184942877],
            [-2.415951108, 52.184814049],
            [-2.415914555, 52.184657699],
            [-2.415773737, 52.184455069],
            [-2.415690421, 52.18430158],
            [-2.415591173, 52.184172504],
            [-2.415524298, 52.184062099],
            [-2.415304356, 52.183844468],
            [-2.415166856, 52.183686675],
            [-2.415128284, 52.183623896],
            [-2.415094053, 52.183561101],
            [-2.415081804, 52.183398373],
            [-2.415070655, 52.183250112],
            [-2.415248464, 52.183178482],
            [-2.415352924, 52.183090841],
            [-2.415547043, 52.182893322],
            [-2.415735875, 52.182749659],
            [-2.415884319, 52.18267184],
            [-2.415989222, 52.182631923],
            [-2.416098612, 52.182594687],
            [-2.416324718, 52.182530075],
            [-2.416450894, 52.182418089],
            [-2.416497431, 52.182236369],
            [-2.416651789, 52.182159337],
            [-2.416959366, 52.182051294],
            [-2.417281675, 52.181958477],
            [-2.417435418, 52.181970516],
            [-2.4178409, 52.182015817],
            [-2.418333803, 52.181854893],
            [-2.418577125, 52.181762353],
            [-2.418733483, 52.181744721],
            [-2.418957872, 52.181652247],
            [-2.419124723, 52.181519442],
            [-2.419275317, 52.181350833],
            [-2.419620814, 52.181083472],
            [-2.420041503, 52.180555104],
            [-2.420305033, 52.180432828],
            [-2.420584991, 52.180339254],
            [-2.420946804, 52.1802435],
            [-2.421762838, 52.18009498],
            [-2.422213885, 52.179999892],
            [-2.422547048, 52.179973532],
            [-2.423004289, 52.179908888],
            [-2.423247984, 52.179857681],
            [-2.423336704, 52.179651539],
            [-2.423514863, 52.179467456],
            [-2.423579742, 52.179366559],
            [-2.423638711, 52.179265592],
            [-2.423678194, 52.179118948],
            [-2.423794737, 52.17890992],
            [-2.423859648, 52.178812617],
            [-2.423930373, 52.17871799],
            [-2.424196193, 52.178534489],
            [-2.424255726, 52.178480347],
            [-2.424347956, 52.178339714],
            [-2.424875297, 52.17781373],
            [-2.425090772, 52.177561202],
            [-2.425418612, 52.177080335],
            [-2.425464195, 52.177005122],
            [-2.425342231, 52.176948039],
            [-2.425136011, 52.176944289],
            [-2.425069666, 52.176878018],
            [-2.425047925, 52.176747681],
            [-2.425102636, 52.176643404],
            [-2.425185241, 52.176429823],
            [-2.425155257, 52.176345445],
            [-2.425041908, 52.176268557],
            [-2.424991614, 52.17617841],
            [-2.42490468, 52.176140435],
            [-2.42473725, 52.176221121],
            [-2.424459493, 52.176225716],
            [-2.424360588, 52.176133407],
            [-2.424402472, 52.176074834],
            [-2.424426761, 52.176017224],
            [-2.424350383, 52.175986042],
            [-2.424323842, 52.175959173],
            [-2.424303037, 52.175926892],
            [-2.42428159, 52.175827113],
            [-2.424120436, 52.175794438],
            [-2.423927501, 52.175805018],
            [-2.423830311, 52.175728072],
            [-2.423863943, 52.175575156],
            [-2.423866135, 52.175501358],
            [-2.423754314, 52.175432553],
            [-2.423719762, 52.175336506],
            [-2.423670929, 52.175272867],
            [-2.423704851, 52.17515042],
            [-2.423683741, 52.175060617],
            [-2.423562315, 52.174919853],
            [-2.423374727, 52.174883676],
            [-2.423139255, 52.17487104],
            [-2.422945761, 52.174809627],
            [-2.422800101, 52.174732045],
            [-2.422805045, 52.174630464],
            [-2.422971332, 52.174594725],
            [-2.422928109, 52.174512191],
            [-2.422991594, 52.17441759],
            [-2.423065669, 52.174358903],
            [-2.423065428, 52.174358904],
            [-2.423065787, 52.174358633],
            [-2.422918098, 52.174372015],
            [-2.422770722, 52.174405799],
            [-2.422744293, 52.174403197],
            [-2.422703302, 52.174390761],
            [-2.422668005, 52.174368418],
            [-2.422647253, 52.174341529],
            [-2.422639686, 52.174319086],
            [-2.422653993, 52.174276702],
            [-2.422691647, 52.174242413],
            [-2.422733412, 52.174171258],
            [-2.422772129, 52.17409652],
            [-2.422837936, 52.173941602],
            [-2.42291268, 52.173801122],
            [-2.422912679, 52.173801032],
            [-2.422912797, 52.173800762],
            [-2.422903662, 52.1736258],
            [-2.422871037, 52.173580079],
            [-2.422834285, 52.173556842],
            [-2.422791703, 52.173541716],
            [-2.42274198, 52.173536501],
            [-2.422690775, 52.17354028],
            [-2.422642661, 52.173552137],
            [-2.422583023, 52.17358201],
            [-2.422350221, 52.173557678],
            [-2.422312792, 52.173424791],
            [-2.422364764, 52.17323487],
            [-2.422307789, 52.173087673],
            [-2.422251772, 52.172888881],
            [-2.422154722, 52.172825684],
            [-2.421972719, 52.172754432],
            [-2.421892535, 52.172626102],
            [-2.421950913, 52.172463212],
            [-2.421956049, 52.17245807],
            [-2.422016046, 52.17240258],
            [-2.422081422, 52.172342217],
            [-2.422302922, 52.172268621],
            [-2.422849713, 52.172399862],
            [-2.423300289, 52.172428715],
            [-2.424018019, 52.172405374],
            [-2.424489683, 52.172344356],
            [-2.425323319, 52.172351239],
            [-2.425644468, 52.172449037],
            [-2.425969493, 52.172498195],
            [-2.426294367, 52.172518862],
            [-2.426548392, 52.172480823],
            [-2.426826383, 52.172339516],
            [-2.427078233, 52.172250881],
            [-2.427792098, 52.172151853],
            [-2.428018987, 52.172125774],
            [-2.42805406, 52.172124748],
            [-2.428372198, 52.172209876],
            [-2.428450028, 52.172254533],
            [-2.428522073, 52.172286807],
            [-2.428601279, 52.172311506],
            [-2.428683303, 52.172328285],
            [-2.428775513, 52.172338735],
            [-2.428877902, 52.172341958],
            [-2.428983098, 52.172336182],
            [-2.429069314, 52.172325083],
            [-2.42917289, 52.172301338],
            [-2.429778857, 52.172065804],
            [-2.430098186, 52.171961728],
            [-2.430271717, 52.171916155],
            [-2.430360755, 52.171897854],
            [-2.430665852, 52.171855845],
            [-2.430835489, 52.171856574],
            [-2.430917564, 52.17186616],
            [-2.431012754, 52.171885586],
            [-2.43109049, 52.171907772],
            [-2.431260844, 52.171982647],
            [-2.4316037, 52.172055093],
            [-2.431873484, 52.172138682],
            [-2.431955637, 52.172156357],
            [-2.432058104, 52.172167666],
            [-2.43218234, 52.172173502],
            [-2.432372355, 52.17216202],
            [-2.432763635, 52.172093175],
            [-2.432998273, 52.172021219],
            [-2.433232997, 52.171945757],
            [-2.43368898, 52.171774209],
            [-2.434035368, 52.171614837],
            [-2.434855253, 52.171263893],
            [-2.435154992, 52.171106128],
            [-2.435425738, 52.170991881],
            [-2.43521428, 52.17073291],
            [-2.435068794, 52.170525736],
            [-2.434977108, 52.170408243],
            [-2.434663443, 52.170039906],
            [-2.434623277, 52.169815266],
            [-2.434736706, 52.169603632],
            [-2.434865629, 52.169324441],
            [-2.434973576, 52.169008477],
            [-2.434964149, 52.168635333],
            [-2.434969041, 52.168543638],
            [-2.434993249, 52.168467151],
            [-2.435021684, 52.168391548],
            [-2.43517815, 52.16820519],
            [-2.435177665, 52.168204922],
            [-2.435177785, 52.168204832],
            [-2.434992466, 52.16809047],
            [-2.434697152, 52.167945865],
            [-2.434471178, 52.167828237],
            [-2.434470815, 52.167828059],
            [-2.434121816, 52.167716096],
            [-2.434022779, 52.167610313],
            [-2.433832652, 52.167608317],
            [-2.433653412, 52.167511008],
            [-2.433542719, 52.167408953],
            [-2.433539769, 52.167254281],
            [-2.43334914, 52.167349355],
            [-2.433109665, 52.167379985],
            [-2.432886182, 52.167244998],
            [-2.432728311, 52.167100872],
            [-2.432648813, 52.167045439],
            [-2.432749507, 52.167024307],
            [-2.432898664, 52.167028254],
            [-2.432795414, 52.166910262],
            [-2.432776629, 52.166812991],
            [-2.432617923, 52.166731784],
            [-2.432476651, 52.166633345],
            [-2.432297855, 52.166593555],
            [-2.432304842, 52.16655578],
            [-2.432295763, 52.166527052],
            [-2.432273607, 52.166504663],
            [-2.432241291, 52.1664913],
            [-2.432204697, 52.166484244],
            [-2.432162395, 52.166485298],
            [-2.432102513, 52.166500797],
            [-2.432080583, 52.166501776],
            [-2.432029412, 52.166495672],
            [-2.43198977, 52.166485031],
            [-2.431967709, 52.166472529],
            [-2.431950065, 52.166455517],
            [-2.431938154, 52.166433091],
            [-2.431934782, 52.166383579],
            [-2.431943852, 52.166262209],
            [-2.431936229, 52.166234374],
            [-2.431919824, 52.16620837],
            [-2.43189183, 52.16618061],
            [-2.431850575, 52.166152898],
            [-2.431775776, 52.166121714],
            [-2.43172235, 52.166044524],
            [-2.431891255, 52.165972002],
            [-2.432024508, 52.16584029],
            [-2.431766821, 52.165645207],
            [-2.431758549, 52.165624925],
            [-2.431738019, 52.165571342],
            [-2.431711306, 52.165501603],
            [-2.431741435, 52.165451071],
            [-2.431881298, 52.165392137],
            [-2.431799262, 52.165223464],
            [-2.431528108, 52.165305349],
            [-2.431075558, 52.165177668],
            [-2.431033021, 52.165054509],
            [-2.430920373, 52.164898531],
            [-2.430591663, 52.16477471],
            [-2.430558299, 52.164652596],
            [-2.430549737, 52.164515022],
            [-2.430440992, 52.164463289],
            [-2.430287548, 52.164463849],
            [-2.430112622, 52.164336769],
            [-2.429845803, 52.164292892],
            [-2.429779027, 52.164193279],
            [-2.429627966, 52.164140801],
            [-2.429529678, 52.164060807],
            [-2.429514797, 52.163929997],
            [-2.429332446, 52.16382002],
            [-2.429266114, 52.163766334],
            [-2.429205672, 52.163710829],
            [-2.429094677, 52.163587829],
            [-2.428952583, 52.163539991],
            [-2.428603848, 52.163463064],
            [-2.428347732, 52.163415909],
            [-2.428169998, 52.163346898],
            [-2.428089313, 52.163166444],
            [-2.427948252, 52.163087862],
            [-2.427827783, 52.162981972],
            [-2.427794112, 52.162864532],
            [-2.427821351, 52.162814101],
            [-2.427866301, 52.16277529],
            [-2.427658982, 52.162650121],
            [-2.427554144, 52.162527367],
            [-2.427773478, 52.162548142],
            [-2.427848878, 52.16247956],
            [-2.427616464, 52.16232662],
            [-2.427424492, 52.162280579],
            [-2.427342031, 52.162216165],
            [-2.4272639, 52.162150836],
            [-2.427239796, 52.162063021],
            [-2.427239674, 52.162062932],
            [-2.427239673, 52.162062842],
            [-2.427136498, 52.161975044],
            [-2.42710894, 52.161853807],
            [-2.426979232, 52.161890228],
            [-2.426883764, 52.161839343],
            [-2.426851711, 52.161701854],
            [-2.426773015, 52.161577206],
            [-2.426772893, 52.161577117],
            [-2.426621519, 52.161477989],
            [-2.42646639, 52.161465068],
            [-2.426511744, 52.161317412],
            [-2.426482904, 52.161150161],
            [-2.42635853, 52.161038351],
            [-2.426293283, 52.160946012],
            [-2.42665478, 52.160986048],
            [-2.426764538, 52.16099374],
            [-2.426957159, 52.160957091],
            [-2.427158905, 52.160954563],
            [-2.427269325, 52.160893045],
            [-2.427287507, 52.160803099],
            [-2.42723082, 52.160497266],
            [-2.427252599, 52.160229166],
            [-2.427271068, 52.160005659],
            [-2.427250689, 52.15970275],
            [-2.42728069, 52.159173341],
            [-2.4272819, 52.158997803],
            [-2.426995074, 52.158358721],
            [-2.42699471, 52.158358452],
            [-2.426553644, 52.158049246],
            [-2.425357894, 52.157401581],
            [-2.424920781, 52.15712552],
            [-2.424614954, 52.156751735],
            [-2.424420017, 52.156264752],
            [-2.424201344, 52.15601864],
            [-2.423583145, 52.155720576],
            [-2.423220235, 52.155526841],
            [-2.423706384, 52.155309294],
            [-2.42408194, 52.155159912],
            [-2.424360874, 52.15496351],
            [-2.424680862, 52.154800935],
            [-2.424927648, 52.154620736],
            [-2.425079524, 52.154459214],
            [-2.425101811, 52.154294025],
            [-2.425045838, 52.154136578],
            [-2.424912872, 52.153993251],
            [-2.424853544, 52.153900889],
            [-2.42479184, 52.153711016],
            [-2.424708331, 52.153547107],
            [-2.424322844, 52.15311968],
            [-2.423983546, 52.152796346],
            [-2.423771891, 52.152551197],
            [-2.423463994, 52.152259656],
            [-2.42302091, 52.151919255],
            [-2.422536042, 52.151657917],
            [-2.422373649, 52.151485032],
            [-2.422312892, 52.151393572],
            [-2.422733911, 52.151250683],
            [-2.423405477, 52.150881205],
            [-2.424197305, 52.150740932],
            [-2.424940405, 52.150469966],
            [-2.424941726, 52.150469511],
            [-2.424944718, 52.150467344],
            [-2.425664799, 52.149944433],
            [-2.426348761, 52.149502271],
            [-2.427101389, 52.149210584],
            [-2.42775591, 52.148980635],
            [-2.427756271, 52.148980544],
            [-2.427763045, 52.148970723],
            [-2.428079299, 52.148512627],
            [-2.428229244, 52.148040305],
            [-2.428228275, 52.147512625],
            [-2.428228472, 52.147508041],
            [-2.428140197, 52.146973128],
            [-2.428135205, 52.146942588],
            [-2.42855158, 52.146473072],
            [-2.428567922, 52.146468338],
            [-2.429268101, 52.146267427],
            [-2.429339152, 52.146225823],
            [-2.429785822, 52.145963724],
            [-2.429888504, 52.14590358],
            [-2.430040562, 52.145828425],
            [-2.430558494, 52.145572535],
            [-2.430679478, 52.145536321],
            [-2.431669944, 52.145241039],
            [-2.432304485, 52.144947054],
            [-2.432932538, 52.144630979],
            [-2.433573473, 52.144413991],
            [-2.434342347, 52.144270049],
            [-2.434658518, 52.144209563],
            [-2.434768799, 52.144188484],
            [-2.435095312, 52.144126071],
            [-2.435255828, 52.144067147],
            [-2.435627402, 52.143930775],
            [-2.435732694, 52.143892457],
            [-2.436734034, 52.143472069],
            [-2.438270587, 52.142823097],
            [-2.439089524, 52.142591845],
            [-2.439384476, 52.142519561],
            [-2.439915965, 52.142389411],
            [-2.440829363, 52.142111416],
            [-2.441206845, 52.142039718],
            [-2.441703498, 52.141945461],
            [-2.442151658, 52.141772381],
            [-2.442410661, 52.141672271],
            [-2.443335558, 52.141366261],
            [-2.444007882, 52.140996033],
            [-2.444688408, 52.140470637],
            [-2.445395427, 52.14017505],
            [-2.446131493, 52.139712891],
            [-2.446184568, 52.139683389],
            [-2.446551543, 52.13947968],
            [-2.44666596, 52.139416151],
            [-2.446714961, 52.139388912],
            [-2.447301217, 52.139259689],
            [-2.447443903, 52.139228228],
            [-2.448288789, 52.138964996],
            [-2.449056458, 52.138834984],
            [-2.449097438, 52.138824941],
            [-2.449222421, 52.138794265],
            [-2.449602655, 52.138700958],
            [-2.44970997, 52.138674574],
            [-2.449832789, 52.138644445],
            [-2.449895612, 52.138626229],
            [-2.450706428, 52.138391691],
            [-2.450731292, 52.138384496],
            [-2.452177086, 52.138184279],
            [-2.452303884, 52.138166715],
            [-2.452991169, 52.138059995],
            [-2.453057203, 52.138049765],
            [-2.453265332, 52.137998003],
            [-2.45359603, 52.137915749],
            [-2.453958811, 52.137825551],
            [-2.454043456, 52.137785588],
            [-2.454165987, 52.137727773],
            [-2.4543764, 52.137628453],
            [-2.454591727, 52.137526778],
            [-2.454608208, 52.137512693],
            [-2.455083042, 52.137105773],
            [-2.455547154, 52.136711385],
            [-2.455655826, 52.136653442],
            [-2.456166591, 52.136381108],
            [-2.456714725, 52.136041217],
            [-2.457394188, 52.136409606],
            [-2.457432375, 52.136421322],
            [-2.45828712, 52.136683327],
            [-2.45836822, 52.136697572],
            [-2.458774083, 52.136768976],
            [-2.458777354, 52.136770761],
            [-2.458786272, 52.136771085],
            [-2.459026194, 52.136813294],
            [-2.459924374, 52.136799546],
            [-2.460650879, 52.136948247],
            [-2.460672485, 52.136952387],
            [-2.461441501, 52.137099298],
            [-2.461504148, 52.137111276],
            [-2.461797747, 52.13715974],
            [-2.462316162, 52.137245161],
            [-2.463174243, 52.137464425],
            [-2.463178453, 52.137463869],
            [-2.464409623, 52.137311442],
            [-2.465320456, 52.137135461],
            [-2.466476291, 52.136957424],
            [-2.467530399, 52.136591212],
            [-2.46800829, 52.136074394],
            [-2.468176122, 52.135892889],
            [-2.468189707, 52.135878814],
            [-2.469082301, 52.135805518],
            [-2.470345867, 52.136344436],
            [-2.470695726, 52.135832881],
            [-2.470695724, 52.135832701],
            [-2.470695843, 52.135832521],
            [-2.470661795, 52.134785646],
            [-2.470381806, 52.133444767],
            [-2.470452087, 52.132718437],
            [-2.470821443, 52.131956938],
            [-2.471201695, 52.131270263],
            [-2.471186881, 52.131190509],
            [-2.471105139, 52.130749615],
            [-2.471225763, 52.130583484],
            [-2.471415718, 52.130321623],
            [-2.471769977, 52.129776163],
            [-2.472312638, 52.129006055],
            [-2.471448066, 52.12885672],
            [-2.470899279, 52.128761844],
            [-2.471022452, 52.128483802],
            [-2.471152447, 52.128190364],
            [-2.471216485, 52.128049895],
            [-2.471378463, 52.127694491],
            [-2.47168438, 52.127055478],
            [-2.471492442, 52.126580601],
            [-2.470591493, 52.126357615],
            [-2.469861527, 52.126404658],
            [-2.469097681, 52.126345144],
            [-2.468389715, 52.125940713],
            [-2.468038782, 52.125471765],
            [-2.467804674, 52.125002442],
            [-2.467804306, 52.125001815],
            [-2.46709728, 52.123935766],
            [-2.465617981, 52.122997339],
            [-2.465025969, 52.122606092],
            [-2.464044578, 52.122349398],
            [-2.464043979, 52.12234967],
            [-2.463632847, 52.122570955],
            [-2.463348775, 52.122723699],
            [-2.463335482, 52.122730852],
            [-2.463331512, 52.122731227],
            [-2.461417412, 52.122929102],
            [-2.460655245, 52.123387416],
            [-2.460218604, 52.123812097],
            [-2.459698676, 52.124184073],
            [-2.458510172, 52.124411605],
            [-2.458408369, 52.124431505],
            [-2.458474854, 52.124912913],
            [-2.458120922, 52.125431908],
            [-2.45815842, 52.12606982],
            [-2.457892306, 52.126814971],
            [-2.457822644, 52.127009921],
            [-2.456719114, 52.126674996],
            [-2.456720433, 52.126662587],
            [-2.456724585, 52.126632911],
            [-2.456713742, 52.126573632],
            [-2.456590211, 52.126353815],
            [-2.456726899, 52.126293964],
            [-2.456826037, 52.126260325],
            [-2.456860844, 52.126248505],
            [-2.456838315, 52.126212551],
            [-2.456770241, 52.12610406],
            [-2.456802103, 52.126075175],
            [-2.456892105, 52.126019729],
            [-2.456919632, 52.126002815],
            [-2.456907905, 52.125963134],
            [-2.45686823, 52.125828647],
            [-2.456916025, 52.125791521],
            [-2.45696088, 52.125773102],
            [-2.45699593, 52.125749867],
            [-2.457011801, 52.12572374],
            [-2.457012934, 52.125693176],
            [-2.456993536, 52.12565721],
            [-2.456934024, 52.125549674],
            [-2.456829292, 52.125448426],
            [-2.456803968, 52.125398192],
            [-2.456805165, 52.125373919],
            [-2.456859801, 52.125287423],
            [-2.456872505, 52.125246029],
            [-2.456871756, 52.125231651],
            [-2.456868878, 52.125174049],
            [-2.456841527, 52.12512571],
            [-2.456758755, 52.124981234],
            [-2.456730697, 52.124946289],
            [-2.456699666, 52.124914951],
            [-2.456588936, 52.124862891],
            [-2.456583732, 52.124860484],
            [-2.456518724, 52.124792427],
            [-2.456517846, 52.124789015],
            [-2.456489868, 52.12467929],
            [-2.456438235, 52.124635449],
            [-2.45634913, 52.124613504],
            [-2.455729357, 52.124540762],
            [-2.455654801, 52.124587249],
            [-2.455627176, 52.124594546],
            [-2.455587814, 52.124596496],
            [-2.455552668, 52.124586745],
            [-2.455523193, 52.124566186],
            [-2.45550894, 52.12451483],
            [-2.455473178, 52.124385631],
            [-2.45529304, 52.124341387],
            [-2.455099096, 52.124443161],
            [-2.455072142, 52.124457286],
            [-2.455018575, 52.124495243],
            [-2.454974922, 52.124513387],
            [-2.454929732, 52.12452255],
            [-2.454888832, 52.124527202],
            [-2.454853769, 52.124525539],
            [-2.45482005, 52.124513985],
            [-2.454793586, 52.124493415],
            [-2.454781694, 52.124472788],
            [-2.454781429, 52.124446724],
            [-2.454756551, 52.124380938],
            [-2.454706296, 52.12424748],
            [-2.454605738, 52.124188637],
            [-2.454554975, 52.124158993],
            [-2.454327829, 52.124087066],
            [-2.454263879, 52.123968671],
            [-2.454304066, 52.123716403],
            [-2.454317421, 52.123632223],
            [-2.454373236, 52.12357853],
            [-2.454418674, 52.123534673],
            [-2.454512472, 52.123426455],
            [-2.454549894, 52.123375978],
            [-2.454525845, 52.123308661],
            [-2.45452656, 52.123272436],
            [-2.454571531, 52.123182742],
            [-2.454579961, 52.123170846],
            [-2.454634928, 52.123116706],
            [-2.454671133, 52.123088703],
            [-2.454774407, 52.123047859],
            [-2.45475987, 52.12290941],
            [-2.454665021, 52.122772259],
            [-2.454674916, 52.122596865],
            [-2.454670354, 52.122586457],
            [-2.454622658, 52.122479324],
            [-2.454701209, 52.122399657],
            [-2.454791799, 52.122307809],
            [-2.454500832, 52.122140856],
            [-2.454462486, 52.121958458],
            [-2.454192009, 52.121923099],
            [-2.454155351, 52.121918297],
            [-2.45413626, 52.121912079],
            [-2.454142326, 52.121880957],
            [-2.454159953, 52.121790649],
            [-2.454024346, 52.121671542],
            [-2.453883042, 52.121584183],
            [-2.453769975, 52.121514332],
            [-2.453760534, 52.1214386],
            [-2.453758955, 52.121425394],
            [-2.453714044, 52.121319418],
            [-2.453632517, 52.121272096],
            [-2.45355087, 52.121224773],
            [-2.453444858, 52.121137998],
            [-2.453414228, 52.120991521],
            [-2.453395209, 52.120944947],
            [-2.453381254, 52.120910756],
            [-2.453343955, 52.120830906],
            [-2.453189641, 52.120600418],
            [-2.453172635, 52.120597787],
            [-2.453103405, 52.120587268],
            [-2.453065472, 52.120599098],
            [-2.453002798, 52.12060563],
            [-2.45295151, 52.120595042],
            [-2.452911887, 52.120570927],
            [-2.452888107, 52.120529673],
            [-2.45275646, 52.120372799],
            [-2.452830315, 52.120305105],
            [-2.452879923, 52.120292691],
            [-2.45291325, 52.120277823],
            [-2.452940884, 52.12025974],
            [-2.452961007, 52.120237193],
            [-2.452970857, 52.120211],
            [-2.452972177, 52.120186817],
            [-2.452960258, 52.120163404],
            [-2.45294407, 52.120146389],
            [-2.452891201, 52.120122325],
            [-2.452831281, 52.120115365],
            [-2.452809383, 52.120117247],
            [-2.452728927, 52.120139576],
            [-2.45271764, 52.120142765],
            [-2.452631632, 52.120152084],
            [-2.452545295, 52.120140731],
            [-2.45251158, 52.120129176],
            [-2.452476348, 52.120110436],
            [-2.452446804, 52.120082687],
            [-2.452430488, 52.120053089],
            [-2.452418043, 52.119977638],
            [-2.452290438, 52.119898584],
            [-2.452147861, 52.119839271],
            [-2.452109693, 52.119816048],
            [-2.452096094, 52.119804955],
            [-2.452080187, 52.119791894],
            [-2.45207666, 52.119728991],
            [-2.451876884, 52.119610217],
            [-2.45174409, 52.119625107],
            [-2.451678486, 52.119603697],
            [-2.45165241, 52.119513917],
            [-2.451330524, 52.119311123],
            [-2.451151992, 52.119280348],
            [-2.451133969, 52.119296236],
            [-2.451078202, 52.119342648],
            [-2.451002329, 52.119353724],
            [-2.450775669, 52.119183729],
            [-2.450720541, 52.119114552],
            [-2.450712126, 52.119103979],
            [-2.450536568, 52.119033735],
            [-2.450400842, 52.118948777],
            [-2.45030154, 52.118941068],
            [-2.450223004, 52.118974623],
            [-2.4501133, 52.118962459],
            [-2.449974568, 52.118638792],
            [-2.449834713, 52.11841867],
            [-2.449774312, 52.118387622],
            [-2.44968353, 52.118341051],
            [-2.449479734, 52.118120634],
            [-2.449532106, 52.118083853],
            [-2.449549325, 52.118071833],
            [-2.44962388, 52.117786539],
            [-2.449367896, 52.117728644],
            [-2.449303327, 52.11771406],
            [-2.449282359, 52.117664616],
            [-2.449299949, 52.117581679],
            [-2.449306052, 52.117553973],
            [-2.449084855, 52.117195206],
            [-2.449068425, 52.117189876],
            [-2.448972022, 52.117158785],
            [-2.448847734, 52.11700098],
            [-2.448812481, 52.11682405],
            [-2.448915862, 52.116650997],
            [-2.449069267, 52.116519187],
            [-2.44924624, 52.116396186],
            [-2.449334546, 52.116316755],
            [-2.44935082, 52.116246766],
            [-2.449366616, 52.116213091],
            [-2.449391587, 52.116181717],
            [-2.449432172, 52.116146509],
            [-2.44950193, 52.116126559],
            [-2.449587896, 52.116101874],
            [-2.449729061, 52.116046419],
            [-2.44979029, 52.115896894],
            [-2.449810262, 52.115847474],
            [-2.449946374, 52.115732716],
            [-2.449954982, 52.115714708],
            [-2.44994155, 52.1156842],
            [-2.449909221, 52.115666347],
            [-2.449677186, 52.115641976],
            [-2.449669472, 52.115641197],
            [-2.449640069, 52.115626928],
            [-2.449593008, 52.115592953],
            [-2.449558954, 52.115547244],
            [-2.449545558, 52.115520331],
            [-2.449474005, 52.115230202],
            [-2.449465156, 52.115164443],
            [-2.449456688, 52.11510075],
            [-2.449444684, 52.115068439],
            [-2.449407004, 52.11503335],
            [-2.449406274, 52.115032634],
            [-2.449251834, 52.114917277],
            [-2.449000383, 52.11463781],
            [-2.448997826, 52.114635033],
            [-2.4489864, 52.114624291],
            [-2.448952113, 52.114591166],
            [-2.448422578, 52.114364797],
            [-2.448208642, 52.11428337],
            [-2.44802909, 52.114148693],
            [-2.447733611, 52.114100382],
            [-2.447584117, 52.114045225],
            [-2.447450906, 52.114016969],
            [-2.447440184, 52.114040378],
            [-2.447432408, 52.114057485],
            [-2.447431563, 52.114129392],
            [-2.447425955, 52.114146491],
            [-2.447415856, 52.114160011],
            [-2.447348726, 52.114165659],
            [-2.446977554, 52.113989105],
            [-2.446946636, 52.113967651],
            [-2.446920164, 52.113945281],
            [-2.446875007, 52.11381234],
            [-2.446869395, 52.113804991],
            [-2.446858657, 52.113790831],
            [-2.446802639, 52.113751676],
            [-2.446638679, 52.113694594],
            [-2.446426483, 52.113497572],
            [-2.446507676, 52.113296832],
            [-2.446555376, 52.113250722],
            [-2.446574477, 52.113210293],
            [-2.446591102, 52.113175087],
            [-2.446524779, 52.113092649],
            [-2.446501838, 52.113037999],
            [-2.446499741, 52.11302093],
            [-2.446463963, 52.112717989],
            [-2.446556303, 52.112608795],
            [-2.446662001, 52.112523008],
            [-2.446940934, 52.112519254],
            [-2.447100161, 52.112524941],
            [-2.447146145, 52.112512004],
            [-2.447159728, 52.112497751],
            [-2.447166776, 52.112468064],
            [-2.44715638, 52.112451925],
            [-2.447079861, 52.112397389],
            [-2.447069456, 52.112380351],
            [-2.44707073, 52.112363269],
            [-2.447077913, 52.112347063],
            [-2.447093816, 52.112336127],
            [-2.447150638, 52.112323329],
            [-2.447233979, 52.112325709],
            [-2.447282255, 52.11233721],
            [-2.447464074, 52.112422715],
            [-2.447566899, 52.112471039],
            [-2.447726328, 52.112352691],
            [-2.447655572, 52.112284561],
            [-2.447646522, 52.11225853],
            [-2.447648578, 52.112235423],
            [-2.447670883, 52.112202532],
            [-2.44769684, 52.112185536],
            [-2.447715799, 52.112179172],
            [-2.447775582, 52.112173552],
            [-2.447803312, 52.112165358],
            [-2.447830859, 52.112150872],
            [-2.44785111, 52.112129224],
            [-2.447861146, 52.112109412],
            [-2.44786241, 52.112091431],
            [-2.447818602, 52.11198509],
            [-2.447802558, 52.111945963],
            [-2.447802351, 52.111925291],
            [-2.447815149, 52.111892886],
            [-2.447826666, 52.111876664],
            [-2.447957066, 52.111781344],
            [-2.447957065, 52.111781255],
            [-2.44800069, 52.111749271],
            [-2.448232088, 52.111676397],
            [-2.448290372, 52.11166539],
            [-2.448325253, 52.111649978],
            [-2.448371533, 52.111606659],
            [-2.44841683, 52.111465375],
            [-2.448379872, 52.111417879],
            [-2.448337306, 52.111387392],
            [-2.448244763, 52.111343702],
            [-2.447903813, 52.11126141],
            [-2.447878611, 52.111245507],
            [-2.447862618, 52.111235502],
            [-2.447848547, 52.111212995],
            [-2.447844608, 52.111192428],
            [-2.447864527, 52.111149659],
            [-2.44802833, 52.111011879],
            [-2.448083272, 52.110955944],
            [-2.448120822, 52.110930545],
            [-2.448167413, 52.11090619],
            [-2.448391764, 52.110851409],
            [-2.448424447, 52.110725003],
            [-2.448435585, 52.110683076],
            [-2.448416828, 52.110589672],
            [-2.448450969, 52.110500561],
            [-2.448550481, 52.110375159],
            [-2.448516279, 52.11031417],
            [-2.448552757, 52.110242038],
            [-2.448553158, 52.110198085],
            [-2.448528746, 52.110092928],
            [-2.448475774, 52.110057177],
            [-2.448415056, 52.109969326],
            [-2.448346513, 52.1099295],
            [-2.448329643, 52.109904038],
            [-2.448320521, 52.109870817],
            [-2.448326168, 52.109845629],
            [-2.448363692, 52.109805849],
            [-2.448414623, 52.109782287],
            [-2.448665232, 52.109729202],
            [-2.448662452, 52.10959619],
            [-2.44879894, 52.109520531],
            [-2.448885766, 52.109438858],
            [-2.448719614, 52.109222161],
            [-2.448672802, 52.109032422],
            [-2.448667773, 52.108963234],
            [-2.448690307, 52.108881357],
            [-2.448720562, 52.10883711],
            [-2.448765238, 52.108790203],
            [-2.4488335, 52.108742306],
            [-2.449013411, 52.108591251],
            [-2.449073823, 52.108540868],
            [-2.449120107, 52.108354639],
            [-2.449095939, 52.108273839],
            [-2.449376678, 52.108308721],
            [-2.449557783, 52.108312524],
            [-2.449670042, 52.10829412],
            [-2.449678905, 52.108169962],
            [-2.449811807, 52.108025646],
            [-2.449876486, 52.107921048],
            [-2.449949492, 52.107770669],
            [-2.450178008, 52.107736631],
            [-2.451319281, 52.107628364],
            [-2.452140016, 52.107538034],
            [-2.452890377, 52.107536321],
            [-2.453681028, 52.107625497],
            [-2.454473734, 52.107454815],
            [-2.455257316, 52.107464554],
            [-2.456366186, 52.107415235],
            [-2.457465721, 52.107406837],
            [-2.458782938, 52.107330261],
            [-2.460127507, 52.107396653],
            [-2.461439527, 52.1075516],
            [-2.462805722, 52.107484944],
            [-2.463890584, 52.107303884],
            [-2.465253414, 52.107076956],
            [-2.465159402, 52.106627027],
            [-2.466009192, 52.106625827],
            [-2.466556353, 52.106592114],
            [-2.466646983, 52.106601642],
            [-2.46669673, 52.106615915],
            [-2.466762189, 52.106635969],
            [-2.46686476, 52.106947268],
            [-2.466930159, 52.107145914],
            [-2.467208212, 52.107878774],
            [-2.467303463, 52.108157295],
            [-2.467406168, 52.108457717],
            [-2.46765276, 52.109173893],
            [-2.467353215, 52.109955602],
            [-2.467161289, 52.110794496],
            [-2.466968073, 52.111499024],
            [-2.46694743, 52.111574425],
            [-2.466751404, 52.112125988],
            [-2.466643399, 52.112736253],
            [-2.466774393, 52.113208414],
            [-2.467535427, 52.114804007],
            [-2.467636433, 52.115342977],
            [-2.467644467, 52.116121846],
            [-2.468891496, 52.116379072],
            [-2.469030544, 52.115848945],
            [-2.46912885, 52.115429622],
            [-2.469215049, 52.115061489],
            [-2.470473633, 52.115091615],
            [-2.470504755, 52.115222715],
            [-2.470598394, 52.115230431],
            [-2.470543905, 52.115464427],
            [-2.470346223, 52.115970432],
            [-2.470279056, 52.115972498],
            [-2.470040233, 52.116459882],
            [-2.470497695, 52.116495806],
            [-2.470502132, 52.116493991],
            [-2.47094382, 52.11510232],
            [-2.471912926, 52.115107881],
            [-2.473167432, 52.115127837],
            [-2.47341973, 52.115131857],
            [-2.473419731, 52.115131947],
            [-2.473264753, 52.11566484],
            [-2.473121916, 52.116241725],
            [-2.473351112, 52.117076151],
            [-2.474266241, 52.117097369],
            [-2.476938409, 52.116923003],
            [-2.476940453, 52.116922726],
            [-2.477936848, 52.116796542],
            [-2.477987883, 52.116862127],
            [-2.478159202, 52.117219425],
            [-2.478282019, 52.117601187],
            [-2.478315594, 52.117700458],
            [-2.478520605, 52.118200888],
            [-2.479556091, 52.11806842],
            [-2.479111239, 52.116886597],
            [-2.479083598, 52.116813098],
            [-2.479010032, 52.116589146],
            [-2.479432829, 52.11652451],
            [-2.479849077, 52.116511671],
            [-2.481556122, 52.11663081],
            [-2.482397757, 52.11664858],
            [-2.483271662, 52.116610576],
            [-2.483691211, 52.116624673],
            [-2.484550548, 52.11665359],
            [-2.48550942, 52.116733502],
            [-2.486360324, 52.116728556],
            [-2.487150228, 52.11656252],
            [-2.487155042, 52.116562321],
            [-2.48789614, 52.116536515],
            [-2.488617967, 52.116686501],
            [-2.488618087, 52.1166865],
            [-2.489210979, 52.116970489],
            [-2.489811659, 52.117414879],
            [-2.490634047, 52.117915057],
            [-2.49058182, 52.118773181],
            [-2.490442942, 52.119351149],
            [-2.490348746, 52.119622799],
            [-2.490248009, 52.119913082],
            [-2.491535785, 52.119912033],
            [-2.491697805, 52.120780947],
            [-2.492876514, 52.120857366],
            [-2.492723284, 52.121551342],
            [-2.494060524, 52.121662948],
            [-2.494889801, 52.12174108],
            [-2.495052749, 52.121198867],
            [-2.495168434, 52.120727949],
            [-2.496109293, 52.120726958],
            [-2.49752513, 52.120749931],
            [-2.49764512, 52.120462437],
            [-2.497765108, 52.120174943],
            [-2.497889116, 52.119654013],
            [-2.49803802, 52.119109069],
            [-2.499491808, 52.119149025],
            [-2.500601993, 52.119549945],
            [-2.5012358, 52.119939219],
            [-2.502106061, 52.119958344],
            [-2.503352561, 52.118549277],
            [-2.503786462, 52.118178825],
            [-2.504091824, 52.117932056],
            [-2.504191282, 52.117558178],
            [-2.504425156, 52.117070206],
            [-2.505089095, 52.115822341],
            [-2.506093938, 52.114006583],
            [-2.506739831, 52.112884707],
            [-2.507170195, 52.111860018],
            [-2.507149701, 52.110659214],
            [-2.507495927, 52.109829476],
            [-2.507501553, 52.10981606],
            [-2.507792468, 52.109311297],
            [-2.508323673, 52.108488668],
            [-2.508308966, 52.107767351],
            [-2.508319003, 52.107591412],
            [-2.508353197, 52.106988616],
            [-2.508349038, 52.106982792],
            [-2.50823686, 52.106826075],
            [-2.507829136, 52.106256193],
            [-2.507263307, 52.105406024],
            [-2.507261693, 52.105401717],
            [-2.507036971, 52.104333017],
            [-2.507036587, 52.104331041],
            [-2.506943344, 52.103762499],
            [-2.506840529, 52.103135216],
            [-2.50680416, 52.102613796],
            [-2.50680041, 52.102559074],
            [-2.506940043, 52.101964723],
            [-2.507086011, 52.101356054],
            [-2.507261688, 52.100915512],
            [-2.507340457, 52.100718155],
            [-2.508313453, 52.100891566],
            [-2.50913854, 52.101087808],
            [-2.50975523, 52.101449248],
            [-2.510812468, 52.102050645],
            [-2.512079839, 52.102257082],
            [-2.512931174, 52.102376876],
            [-2.513523323, 52.10267252],
            [-2.513874987, 52.103179262],
            [-2.513881121, 52.103189212],
            [-2.514316554, 52.103641658],
            [-2.515075445, 52.104333569],
            [-2.515259916, 52.104964263],
            [-2.51529125, 52.105071623],
            [-2.515494362, 52.105355836],
            [-2.515851901, 52.105762868],
            [-2.516528439, 52.106365339],
            [-2.517384373, 52.106843254],
            [-2.518224215, 52.106918209],
            [-2.519285797, 52.10688828],
            [-2.520152344, 52.106919692],
            [-2.521841042, 52.107304105],
            [-2.522593982, 52.107430646],
            [-2.523221678, 52.10775907],
            [-2.523596868, 52.108072255],
            [-2.523693037, 52.10815254],
            [-2.524518541, 52.108746484],
            [-2.525493559, 52.109490845],
            [-2.525897438, 52.109876069],
            [-2.527034584, 52.11030628],
            [-2.527759771, 52.110636132],
            [-2.52848317, 52.110915654],
            [-2.529185609, 52.111152842],
            [-2.529912853, 52.111369332],
            [-2.530685937, 52.111349495],
            [-2.531467487, 52.111241712],
            [-2.531468809, 52.111241526],
            [-2.531469409, 52.111241344],
            [-2.532186635, 52.11104037],
            [-2.532917606, 52.110740552],
            [-2.534005282, 52.110519825],
            [-2.534953388, 52.11016661],
            [-2.535635241, 52.10981963],
            [-2.536367468, 52.109487607],
            [-2.536367588, 52.109487606],
            [-2.536733581, 52.109417181],
            [-2.537099694, 52.109346755],
            [-2.537833045, 52.109229711],
            [-2.538567886, 52.109216649],
            [-2.539341262, 52.109074696],
            [-2.54015668, 52.109014966],
            [-2.540998229, 52.109035373],
            [-2.540998831, 52.109035371],
            [-2.541816584, 52.10898964],
            [-2.542766212, 52.108997404],
            [-2.544342342, 52.10867744],
            [-2.54458217, 52.108628696],
            [-2.546324003, 52.108245652],
            [-2.547076888, 52.108065724],
            [-2.548571211, 52.107696739],
            [-2.549680896, 52.107398288],
            [-2.549684249, 52.107396835],
            [-2.549731305, 52.107376032],
            [-2.550524437, 52.107025571],
            [-2.551421941, 52.106831996],
            [-2.552241207, 52.106562114],
            [-2.5524649, 52.106524484],
            [-2.553650878, 52.106325136],
            [-2.554124742, 52.106278867],
            [-2.554830186, 52.106210025],
            [-2.555745566, 52.106217576],
            [-2.556588748, 52.106111762],
            [-2.558161812, 52.105899574],
            [-2.559019174, 52.10595627],
            [-2.55979676, 52.105871776],
            [-2.560557805, 52.10582196],
            [-2.561582138, 52.105705991],
            [-2.561582498, 52.105705899],
            [-2.562752284, 52.105487572],
            [-2.563506857, 52.10548855],
            [-2.5645862, 52.105163769],
            [-2.565395488, 52.105027315],
            [-2.565796823, 52.10545376],
            [-2.566231581, 52.10594269],
            [-2.566432643, 52.106447662],
            [-2.566128918, 52.107635995],
            [-2.56604152, 52.108501157],
            [-2.566288655, 52.108954855],
            [-2.566997149, 52.109513472],
            [-2.56793954, 52.109888231],
            [-2.568908959, 52.110200205],
            [-2.569003522, 52.110232734],
            [-2.569592325, 52.110436346],
            [-2.570466273, 52.110775103],
            [-2.571280208, 52.110939058],
            [-2.572126678, 52.110982499],
            [-2.57289795, 52.111132987],
            [-2.573669944, 52.111329935],
            [-2.575631912, 52.111970835],
            [-2.576925548, 52.111769828],
            [-2.577378471, 52.111376899],
            [-2.578129118, 52.111103937],
            [-2.579033018, 52.110932951],
            [-2.579660008, 52.110604951],
            [-2.57994993, 52.110150975],
            [-2.580594623, 52.109834028],
            [-2.581205194, 52.109495314],
            [-2.581388009, 52.109027842],
            [-2.581295923, 52.108344214],
            [-2.580739911, 52.107942223],
            [-2.580127715, 52.107662922],
            [-2.579436234, 52.107266265],
            [-2.579435631, 52.107266178],
            [-2.578779167, 52.107025378],
            [-2.579105077, 52.106590462],
            [-2.579570987, 52.106025519],
            [-2.580232189, 52.105222776],
            [-2.580444885, 52.104748597],
            [-2.581365768, 52.104792413],
            [-2.582233724, 52.104774557],
            [-2.5830411, 52.104828358],
            [-2.583936463, 52.104945534],
            [-2.584698357, 52.104899513],
            [-2.584719277, 52.104879096],
            [-2.585186402, 52.104422879],
            [-2.585702283, 52.104068613],
            [-2.585905492, 52.103784658],
            [-2.586057276, 52.103572504],
            [-2.586391078, 52.10303075],
            [-2.586781909, 52.102496621],
            [-2.587285927, 52.102533837],
            [-2.587527637, 52.102551957],
            [-2.588154159, 52.102101405],
            [-2.588636848, 52.101661905],
            [-2.588636969, 52.101661904],
            [-2.589512155, 52.101320926],
            [-2.590876834, 52.100867384],
            [-2.591668664, 52.100687964],
            [-2.592342366, 52.100332966],
            [-2.593184066, 52.100837727],
            [-2.59328964, 52.100919976],
            [-2.593779442, 52.10130157],
            [-2.593845245, 52.10135283],
            [-2.594587118, 52.101245816],
            [-2.596001007, 52.101507777]
          ]
        ]
      },
      "properties": {
        "source_name": "Queen Elizabeth High School",
        "urn": "137703",
        "db_school_name": "Queen Elizabeth High School"
      }
    },
    {
      "type": "Feature",
      "geometry": {
        "type": "Polygon",
        "coordinates": [
          [
            [-2.780223284, 52.095398965],
            [-2.779781953, 52.095220594],
            [-2.779620113, 52.095146973],
            [-2.77955954, 52.095110522],
            [-2.779333407, 52.094945737],
            [-2.779284902, 52.094924935],
            [-2.779225889, 52.094895125],
            [-2.778963194, 52.094807699],
            [-2.778901306, 52.094778627],
            [-2.77867587, 52.094660574],
            [-2.778615622, 52.094635805],
            [-2.77839831, 52.094562549],
            [-2.778090409, 52.094484587],
            [-2.777917279, 52.0944327],
            [-2.777776066, 52.094375209],
            [-2.777640667, 52.094305994],
            [-2.777499, 52.09422235],
            [-2.777351246, 52.09412086],
            [-2.777278842, 52.094068307],
            [-2.777192853, 52.09398888],
            [-2.77683624, 52.093545237],
            [-2.776800714, 52.093433119],
            [-2.776749494, 52.093338991],
            [-2.776697179, 52.093271925],
            [-2.776581973, 52.093159343],
            [-2.776544505, 52.09313631],
            [-2.776386731, 52.093046569],
            [-2.776046811, 52.092884235],
            [-2.775737178, 52.092705521],
            [-2.775373191, 52.092508379],
            [-2.775129734, 52.092356192],
            [-2.774953696, 52.092226123],
            [-2.77435694, 52.091819196],
            [-2.774128576, 52.091690277],
            [-2.774750471, 52.091277138],
            [-2.77515569, 52.091076644],
            [-2.775351318, 52.09099716],
            [-2.775469296, 52.090943982],
            [-2.775606012, 52.090867852],
            [-2.775836833, 52.090715241],
            [-2.776468642, 52.090278658],
            [-2.776629214, 52.090197515],
            [-2.776802951, 52.090119072],
            [-2.777536127, 52.089810346],
            [-2.777951862, 52.089627839],
            [-2.778360722, 52.08947225],
            [-2.778756397, 52.089306051],
            [-2.778991168, 52.089215426],
            [-2.779202951, 52.089138525],
            [-2.779351027, 52.089093504],
            [-2.77942948, 52.089072313],
            [-2.779980566, 52.088950921],
            [-2.780121362, 52.088909452],
            [-2.780621945, 52.088735362],
            [-2.780659392, 52.088460884],
            [-2.780621966, 52.088067899],
            [-2.780571568, 52.087772791],
            [-2.780624777, 52.087477536],
            [-2.780604557, 52.08732568],
            [-2.780493185, 52.087349697],
            [-2.780158217, 52.087421304],
            [-2.779683105, 52.087543991],
            [-2.779324656, 52.087663208],
            [-2.779028467, 52.087750644],
            [-2.778733448, 52.08757364],
            [-2.778537874, 52.087323173],
            [-2.778429481, 52.087214233],
            [-2.778315224, 52.087107129],
            [-2.778044415, 52.086889516],
            [-2.777678727, 52.086931478],
            [-2.777422307, 52.086952944],
            [-2.776862228, 52.086978209],
            [-2.776188259, 52.086993436],
            [-2.775553166, 52.086981438],
            [-2.775414915, 52.087003021],
            [-2.775335035, 52.087025118],
            [-2.775208907, 52.087072687],
            [-2.775107784, 52.086882802],
            [-2.775091599, 52.086705751],
            [-2.775016119, 52.086565133],
            [-2.774919548, 52.086353108],
            [-2.774739073, 52.086069728],
            [-2.774702893, 52.086002555],
            [-2.774813935, 52.086008117],
            [-2.774769528, 52.085889764],
            [-2.774704358, 52.08558001],
            [-2.774702654, 52.085537238],
            [-2.774696931, 52.085408295],
            [-2.774614118, 52.085094163],
            [-2.774414943, 52.084800569],
            [-2.774429512, 52.084794182],
            [-2.774614128, 52.084754319],
            [-2.774942186, 52.084735984],
            [-2.77517767, 52.084680506],
            [-2.775694642, 52.084620478],
            [-2.776026781, 52.084587731],
            [-2.776220483, 52.084558502],
            [-2.776361224, 52.084514432],
            [-2.77653056, 52.084433321],
            [-2.776940903, 52.084192339],
            [-2.777185254, 52.084065792],
            [-2.777459464, 52.083885029],
            [-2.777693726, 52.083766636],
            [-2.777767308, 52.083714918],
            [-2.778064891, 52.083453105],
            [-2.778389163, 52.083722497],
            [-2.77856438, 52.083564855],
            [-2.778627375, 52.083492533],
            [-2.778684458, 52.083419351],
            [-2.778776613, 52.083259561],
            [-2.778932681, 52.0834258],
            [-2.779133993, 52.083253604],
            [-2.779332618, 52.083348554],
            [-2.779557466, 52.08343605],
            [-2.779986937, 52.083292992],
            [-2.779992756, 52.083122986],
            [-2.779958533, 52.083002771],
            [-2.779962875, 52.082913669],
            [-2.779928151, 52.082764695],
            [-2.780746029, 52.082387977],
            [-2.781168047, 52.082232291],
            [-2.781632308, 52.082077311],
            [-2.782035091, 52.081909166],
            [-2.782236766, 52.082178462],
            [-2.782312315, 52.082329052],
            [-2.782452035, 52.082640105],
            [-2.782516008, 52.082796075],
            [-2.782525899, 52.083024399],
            [-2.782976736, 52.082934129],
            [-2.783432282, 52.082865488],
            [-2.783724746, 52.082815007],
            [-2.784046639, 52.082782306],
            [-2.784186437, 52.082760702],
            [-2.784321704, 52.082734635],
            [-2.784571234, 52.082651182],
            [-2.784873421, 52.082578971],
            [-2.785073367, 52.082824006],
            [-2.785123148, 52.083082624],
            [-2.785188175, 52.083332333],
            [-2.78528627, 52.08356708],
            [-2.78536273, 52.083741391],
            [-2.785416332, 52.083826871],
            [-2.785480651, 52.083912819],
            [-2.785567015, 52.08401381],
            [-2.785855738, 52.083928204],
            [-2.786490944, 52.083805233],
            [-2.786831106, 52.083777885],
            [-2.787176486, 52.083753108],
            [-2.78750539, 52.083701475],
            [-2.787783028, 52.083635803],
            [-2.787961582, 52.08358068],
            [-2.787849546, 52.083518422],
            [-2.787612211, 52.083050734],
            [-2.787582235, 52.082926897],
            [-2.787618811, 52.082844771],
            [-2.787619385, 52.082795332],
            [-2.78758984, 52.082613967],
            [-2.787430397, 52.082421697],
            [-2.78742076, 52.082373225],
            [-2.787427482, 52.082338126],
            [-2.787461604, 52.082287474],
            [-2.78749175, 52.082263903],
            [-2.787530863, 52.082243868],
            [-2.78763094, 52.082214796],
            [-2.787698043, 52.082205899],
            [-2.787767983, 52.082200937],
            [-2.787838065, 52.082204064],
            [-2.787906815, 52.082213491],
            [-2.788015253, 52.082242427],
            [-2.788362835, 52.082254484],
            [-2.788659428, 52.082274969],
            [-2.788553674, 52.082070746],
            [-2.788359873, 52.081751973],
            [-2.788472975, 52.081799753],
            [-2.788559558, 52.08182434],
            [-2.78864299, 52.081840859],
            [-2.788729288, 52.08184927],
            [-2.788824137, 52.081851332],
            [-2.788916954, 52.081847295],
            [-2.789009181, 52.081830319],
            [-2.789115161, 52.081801746],
            [-2.789332586, 52.081720294],
            [-2.789816073, 52.081497653],
            [-2.790012704, 52.081390274],
            [-2.790135834, 52.081338215],
            [-2.79041579, 52.081248164],
            [-2.790752183, 52.081124566],
            [-2.791185248, 52.081031507],
            [-2.791316188, 52.080999349],
            [-2.791371346, 52.080981901],
            [-2.791478479, 52.080937139],
            [-2.791530909, 52.080928698],
            [-2.791563062, 52.08093028],
            [-2.79162306, 52.080941561],
            [-2.791659782, 52.080956594],
            [-2.791694031, 52.080995014],
            [-2.791669079, 52.081067177],
            [-2.79167584, 52.081122858],
            [-2.791710518, 52.081185543],
            [-2.791749266, 52.081226628],
            [-2.792107662, 52.08110917],
            [-2.792358804, 52.081206352],
            [-2.792530672, 52.08126362],
            [-2.792684632, 52.081308424],
            [-2.792806227, 52.081332863],
            [-2.792936291, 52.081346369],
            [-2.793082301, 52.08134988],
            [-2.793228119, 52.081342607],
            [-2.793362156, 52.081329121],
            [-2.793488711, 52.081307596],
            [-2.793658737, 52.081267712],
            [-2.793912763, 52.081194994],
            [-2.794354913, 52.081031125],
            [-2.795344606, 52.080635979],
            [-2.79557591, 52.080557838],
            [-2.796007911, 52.080432861],
            [-2.796268626, 52.08032405],
            [-2.79643414, 52.080274395],
            [-2.796559455, 52.08026456],
            [-2.796820903, 52.080278072],
            [-2.796982717, 52.080270686],
            [-2.797356705, 52.080212429],
            [-2.797767384, 52.080167405],
            [-2.79816017, 52.080097333],
            [-2.79848666, 52.080074449],
            [-2.799119925, 52.080049842],
            [-2.799260695, 52.080029653],
            [-2.80001428, 52.079897715],
            [-2.800426618, 52.07978436],
            [-2.800839694, 52.079712344],
            [-2.801325227, 52.079608286],
            [-2.802650149, 52.079361081],
            [-2.80346721, 52.079187343],
            [-2.803645028, 52.079260732],
            [-2.803727546, 52.079386993],
            [-2.803818586, 52.079498725],
            [-2.803909064, 52.07957244],
            [-2.803978818, 52.079564145],
            [-2.804057146, 52.079537544],
            [-2.804099443, 52.079534559],
            [-2.804138571, 52.079522608],
            [-2.804177706, 52.079504364],
            [-2.804253921, 52.079447218],
            [-2.80468584, 52.079526961],
            [-2.805177622, 52.079603597],
            [-2.805312765, 52.079631975],
            [-2.805357685, 52.079641016],
            [-2.805643475, 52.079710159],
            [-2.805524005, 52.079396298],
            [-2.806014669, 52.079410919],
            [-2.806243946, 52.079421934],
            [-2.806409427, 52.079431318],
            [-2.806464473, 52.079434807],
            [-2.806663454, 52.079460409],
            [-2.806762743, 52.079468718],
            [-2.806975907, 52.07947355],
            [-2.807086758, 52.079469195],
            [-2.807185843, 52.079459528],
            [-2.807415688, 52.079422001],
            [-2.807494303, 52.079411395],
            [-2.807636828, 52.079408801],
            [-2.807710146, 52.079404703],
            [-2.807847563, 52.079419041],
            [-2.808054054, 52.079460769],
            [-2.808419988, 52.079523873],
            [-2.808605984, 52.079563223],
            [-2.808696722, 52.079577701],
            [-2.808733178, 52.07957772],
            [-2.808775787, 52.079578686],
            [-2.808966805, 52.079583037],
            [-2.809218343, 52.08009292],
            [-2.809506341, 52.080097413],
            [-2.809670864, 52.080106889],
            [-2.809744033, 52.080114475],
            [-2.81004738, 52.080162635],
            [-2.810146377, 52.080174627],
            [-2.810362305, 52.080179075],
            [-2.810406238, 52.080180031],
            [-2.810481014, 52.080196594],
            [-2.810585183, 52.080228415],
            [-2.810682253, 52.080273497],
            [-2.810807865, 52.080359819],
            [-2.811052512, 52.080249378],
            [-2.811226551, 52.080511535],
            [-2.811566057, 52.080556295],
            [-2.811639625, 52.080678657],
            [-2.811678931, 52.08083568],
            [-2.811749919, 52.080968307],
            [-2.811843609, 52.081065633],
            [-2.811999132, 52.081162353],
            [-2.812044036, 52.081190267],
            [-2.812728727, 52.080677892],
            [-2.813226468, 52.080339647],
            [-2.813299848, 52.08028593],
            [-2.813494688, 52.080143021],
            [-2.813675322, 52.080026095],
            [-2.814062048, 52.079769956],
            [-2.81413902, 52.079715406],
            [-2.814261793, 52.079671953],
            [-2.814389433, 52.079631523],
            [-2.814527111, 52.079593989],
            [-2.815039069, 52.079522318],
            [-2.815109017, 52.079518239],
            [-2.815327957, 52.079523016],
            [-2.815553565, 52.079517411],
            [-2.81534679, 52.07927571],
            [-2.815027321, 52.079036047],
            [-2.814849655, 52.078813469],
            [-2.814295338, 52.078348835],
            [-2.814067489, 52.078171454],
            [-2.814031746, 52.078137815],
            [-2.813994686, 52.078104545],
            [-2.813923431, 52.078036727],
            [-2.813751056, 52.077787056],
            [-2.813440878, 52.077501485],
            [-2.813407029, 52.077472686],
            [-2.813306068, 52.077385478],
            [-2.812746887, 52.077611436],
            [-2.812402999, 52.07779456],
            [-2.812391314, 52.077793742],
            [-2.81226477, 52.077735292],
            [-2.812186603, 52.0776908],
            [-2.812100643, 52.077621284],
            [-2.811957619, 52.077456886],
            [-2.811698921, 52.077189831],
            [-2.811622632, 52.077089599],
            [-2.811439692, 52.076820313],
            [-2.810972943, 52.076922307],
            [-2.810675278, 52.076987362],
            [-2.809825485, 52.077037248],
            [-2.809580864, 52.07706859],
            [-2.809330992, 52.07712882],
            [-2.809489722, 52.077350638],
            [-2.809764315, 52.077605904],
            [-2.809959282, 52.077822169],
            [-2.810255606, 52.078227388],
            [-2.8098149, 52.078306817],
            [-2.809374618, 52.078409701],
            [-2.80895989, 52.078475467],
            [-2.80856789, 52.078580623],
            [-2.808397457, 52.078356997],
            [-2.808356915, 52.078130772],
            [-2.807757191, 52.078132188],
            [-2.807672733, 52.077898983],
            [-2.806417785, 52.077979484],
            [-2.806268456, 52.077704478],
            [-2.805737726, 52.077728781],
            [-2.805625042, 52.077390606],
            [-2.80605757, 52.077338213],
            [-2.806594492, 52.07725724],
            [-2.807095757, 52.077220551],
            [-2.807538338, 52.077165387],
            [-2.80806906, 52.077141076],
            [-2.80847686, 52.077098641],
            [-2.808801489, 52.077054168],
            [-2.809250101, 52.077013338],
            [-2.809113626, 52.076724764],
            [-2.808795786, 52.076173092],
            [-2.808773504, 52.076098463],
            [-2.808705692, 52.075874403],
            [-2.80849653, 52.075524219],
            [-2.808437506, 52.075380273],
            [-2.808261405, 52.074948698],
            [-2.807680619, 52.07477732],
            [-2.807441239, 52.074691775],
            [-2.807026008, 52.074487801],
            [-2.806667537, 52.07434914],
            [-2.806584905, 52.074296585],
            [-2.806415016, 52.074175059],
            [-2.806361065, 52.074125184],
            [-2.806264933, 52.074071103],
            [-2.806132992, 52.074012594],
            [-2.805964212, 52.073965841],
            [-2.805824884, 52.073911247],
            [-2.805642637, 52.073824768],
            [-2.805516477, 52.073546007],
            [-2.804900747, 52.073623918],
            [-2.804861673, 52.073317597],
            [-2.804826303, 52.073176993],
            [-2.804794699, 52.073051823],
            [-2.80472022, 52.072756709],
            [-2.806623307, 52.072763291],
            [-2.806933561, 52.072763773],
            [-2.80739912, 52.072764449],
            [-2.807685354, 52.072780464],
            [-2.807982264, 52.07281483],
            [-2.8080821, 52.072820887],
            [-2.808455427, 52.072843493],
            [-2.808591365, 52.072856941],
            [-2.80884448, 52.072897449],
            [-2.809024639, 52.072934861],
            [-2.808889193, 52.072629203],
            [-2.808847456, 52.072496463],
            [-2.808646652, 52.07225516],
            [-2.808499582, 52.072058248],
            [-2.808306297, 52.071860035],
            [-2.807975884, 52.071575487],
            [-2.808705119, 52.071150464],
            [-2.807834133, 52.070493557],
            [-2.808187221, 52.070275778],
            [-2.808581116, 52.070112995],
            [-2.808886, 52.069930599],
            [-2.809218822, 52.069796636],
            [-2.809497456, 52.069632933],
            [-2.809722084, 52.069469512],
            [-2.809856865, 52.069665518],
            [-2.809957819, 52.069840094],
            [-2.810033832, 52.069925949],
            [-2.810105003, 52.069990175],
            [-2.810226101, 52.07007473],
            [-2.810310096, 52.070116397],
            [-2.810429117, 52.070165913],
            [-2.810627098, 52.070224862],
            [-2.810854094, 52.070271836],
            [-2.811255478, 52.07036345],
            [-2.811391115, 52.070360718],
            [-2.811581808, 52.070336036],
            [-2.811769223, 52.070289803],
            [-2.811846103, 52.070264107],
            [-2.811911131, 52.070234896],
            [-2.811990539, 52.070189408],
            [-2.812348807, 52.069913606],
            [-2.812411187, 52.069811519],
            [-2.812479869, 52.069572857],
            [-2.812505988, 52.069408103],
            [-2.812550507, 52.068633729],
            [-2.812576268, 52.06853549],
            [-2.812682433, 52.068281199],
            [-2.812760711, 52.068041303],
            [-2.81279763, 52.067928246],
            [-2.812798554, 52.067926172],
            [-2.813012533, 52.067574963],
            [-2.813083603, 52.067474703],
            [-2.813157907, 52.067387005],
            [-2.813322683, 52.067227585],
            [-2.81342508, 52.067150208],
            [-2.813531391, 52.067069838],
            [-2.81402197, 52.066769658],
            [-2.814170888, 52.066697532],
            [-2.814266534, 52.066659121],
            [-2.814346293, 52.066633402],
            [-2.814423208, 52.066616692],
            [-2.814498915, 52.066606282],
            [-2.814606848, 52.06660194],
            [-2.814750257, 52.066603915],
            [-2.814888496, 52.066612576],
            [-2.815046616, 52.066642941],
            [-2.815245741, 52.066679314],
            [-2.815387731, 52.066708982],
            [-2.815496269, 52.066737892],
            [-2.815895065, 52.066866898],
            [-2.816551935, 52.067111771],
            [-2.816750582, 52.067207468],
            [-2.81724404, 52.067480974],
            [-2.81734295, 52.067535745],
            [-2.817720891, 52.067773468],
            [-2.818142258, 52.067998035],
            [-2.818327878, 52.068117638],
            [-2.818627066, 52.068343501],
            [-2.818920456, 52.068594122],
            [-2.819214746, 52.068880599],
            [-2.819297476, 52.068944829],
            [-2.819637208, 52.069177059],
            [-2.819853586, 52.069359902],
            [-2.819959694, 52.069439519],
            [-2.820577512, 52.06985389],
            [-2.8209576, 52.070062376],
            [-2.821083226, 52.070143473],
            [-2.821670384, 52.070577197],
            [-2.82179757, 52.070651362],
            [-2.822915434, 52.07124011],
            [-2.823183764, 52.07139472],
            [-2.823740296, 52.071744159],
            [-2.823930232, 52.071841701],
            [-2.824028829, 52.071885054],
            [-2.824238932, 52.071967175],
            [-2.824601426, 52.072080677],
            [-2.825706787, 52.072366043],
            [-2.825861993, 52.072400009],
            [-2.826031791, 52.072429379],
            [-2.826360849, 52.072471114],
            [-2.826674971, 52.07249228],
            [-2.826931749, 52.072495871],
            [-2.827243814, 52.072483793],
            [-2.827412699, 52.072463732],
            [-2.827478089, 52.072447993],
            [-2.82754766, 52.072424135],
            [-2.827622772, 52.072387655],
            [-2.827703714, 52.072341246],
            [-2.827924005, 52.072186808],
            [-2.8279599, 52.072156895],
            [-2.828008711, 52.072109813],
            [-2.828042897, 52.072065531],
            [-2.828095073, 52.071966293],
            [-2.828112558, 52.071890579],
            [-2.828115062, 52.071785399],
            [-2.828134207, 52.071636869],
            [-2.828174478, 52.071531423],
            [-2.828190675, 52.071457606],
            [-2.828195201, 52.071390162],
            [-2.828186718, 52.071321821],
            [-2.828129138, 52.071128979],
            [-2.82809881, 52.070998234],
            [-2.828018834, 52.070609155],
            [-2.828008569, 52.070366455],
            [-2.828075782, 52.070111346],
            [-2.828113133, 52.069867682],
            [-2.828200928, 52.069645864],
            [-2.82827249, 52.069417869],
            [-2.828357053, 52.069255486],
            [-2.828464814, 52.069085659],
            [-2.828530095, 52.068986329],
            [-2.828628615, 52.068869688],
            [-2.828737585, 52.068771759],
            [-2.828868515, 52.068671068],
            [-2.828931941, 52.068627479],
            [-2.829206076, 52.068465469],
            [-2.829286723, 52.068410073],
            [-2.829545512, 52.068205477],
            [-2.829665432, 52.068140366],
            [-2.829884164, 52.068052539],
            [-2.829931821, 52.068027935],
            [-2.830018376, 52.067973396],
            [-2.830062963, 52.067938926],
            [-2.83023938, 52.067781198],
            [-2.830338576, 52.067701402],
            [-2.830645292, 52.067480736],
            [-2.83086872, 52.067341641],
            [-2.831859205, 52.066860791],
            [-2.832232723, 52.06670805],
            [-2.832406521, 52.066643006],
            [-2.832616811, 52.066574018],
            [-2.832863457, 52.066500369],
            [-2.833477415, 52.066335137],
            [-2.8339519, 52.066198664],
            [-2.834375959, 52.066099487],
            [-2.83453688, 52.066053676],
            [-2.835660868, 52.065692112],
            [-2.836034462, 52.065544661],
            [-2.836486507, 52.065379664],
            [-2.836818153, 52.065246889],
            [-2.836902007, 52.065209442],
            [-2.83702633, 52.065149236],
            [-2.837333768, 52.064969893],
            [-2.837466717, 52.064901536],
            [-2.838139069, 52.064587469],
            [-2.838482972, 52.064409752],
            [-2.839920068, 52.063720722],
            [-2.83999891, 52.063685645],
            [-2.840025878, 52.063674308],
            [-2.840940302, 52.063289918],
            [-2.841391614, 52.063088055],
            [-2.841804408, 52.06292952],
            [-2.841978279, 52.062869854],
            [-2.842153355, 52.06281674],
            [-2.842211833, 52.062798975],
            [-2.84285192, 52.062627126],
            [-2.843509734, 52.062458023],
            [-2.844115134, 52.062322279],
            [-2.844676549, 52.062213992],
            [-2.846386091, 52.061923896],
            [-2.846605277, 52.061901558],
            [-2.847827921, 52.061806569],
            [-2.848320113, 52.061758893],
            [-2.848690213, 52.061741847],
            [-2.848873956, 52.061740523],
            [-2.849119129, 52.061744149],
            [-2.84936145, 52.061755885],
            [-2.849615676, 52.061773916],
            [-2.85013888, 52.061826768],
            [-2.851289528, 52.061968564],
            [-2.851707877, 52.062028458],
            [-2.851997816, 52.062090269],
            [-2.852505672, 52.062239935],
            [-2.85293913, 52.062341421],
            [-2.853079944, 52.062384534],
            [-2.853212081, 52.062433013],
            [-2.853713593, 52.062646896],
            [-2.853986083, 52.06278343],
            [-2.854120335, 52.062860655],
            [-2.85422674, 52.062934486],
            [-2.854305402, 52.063004114],
            [-2.85436216, 52.063072912],
            [-2.854443329, 52.063198159],
            [-2.854529257, 52.063345933],
            [-2.854580981, 52.063459708],
            [-2.854603983, 52.063517965],
            [-2.854655123, 52.063752278],
            [-2.854748971, 52.064006055],
            [-2.854760463, 52.064072485],
            [-2.85474912, 52.064398032],
            [-2.854779353, 52.064677438],
            [-2.854806323, 52.064792292],
            [-2.85488564, 52.065053365],
            [-2.855093961, 52.065569757],
            [-2.855227261, 52.065829539],
            [-2.855286635, 52.065959438],
            [-2.855340668, 52.066111936],
            [-2.85542291, 52.066525788],
            [-2.855430452, 52.06661202],
            [-2.855415644, 52.066831531],
            [-2.855419612, 52.066888128],
            [-2.855456655, 52.067070411],
            [-2.855446827, 52.067166657],
            [-2.855404219, 52.067303588],
            [-2.85533639, 52.067492924],
            [-2.85528062, 52.067627254],
            [-2.855138516, 52.067901618],
            [-2.854986755, 52.068130212],
            [-2.854944471, 52.068208717],
            [-2.854919627, 52.068280803],
            [-2.854867222, 52.068515867],
            [-2.854747895, 52.068836804],
            [-2.854722191, 52.068945839],
            [-2.854679438, 52.069226583],
            [-2.854986731, 52.069274777],
            [-2.855072019, 52.069382017],
            [-2.855347594, 52.069375523],
            [-2.855714469, 52.069432002],
            [-2.855606553, 52.07024892],
            [-2.855595806, 52.070378878],
            [-2.855595103, 52.070650418],
            [-2.85551758, 52.070867688],
            [-2.855510598, 52.070961846],
            [-2.855495519, 52.071393751],
            [-2.855569576, 52.071743755],
            [-2.856057766, 52.071726817],
            [-2.856445367, 52.071696137],
            [-2.856870473, 52.071701765],
            [-2.857312567, 52.071727581],
            [-2.857837869, 52.071732746],
            [-2.858273546, 52.071699912],
            [-2.858826892, 52.071724643],
            [-2.859600803, 52.071683945],
            [-2.860292414, 52.071686088],
            [-2.860303883, 52.07175081],
            [-2.860674069, 52.071802935],
            [-2.860626174, 52.071895863],
            [-2.86061815, 52.07196648],
            [-2.860618388, 52.072022655],
            [-2.860629149, 52.07205053],
            [-2.861128656, 52.072002748],
            [-2.861752638, 52.071978412],
            [-2.862107608, 52.071952446],
            [-2.862226167, 52.071943489],
            [-2.865257405, 52.071162479],
            [-2.86527533, 52.071181223],
            [-2.865298055, 52.0712242],
            [-2.865303167, 52.07126461],
            [-2.86529216, 52.071298846],
            [-2.865265175, 52.071334098],
            [-2.864888863, 52.071643451],
            [-2.864741314, 52.071783043],
            [-2.864570287, 52.071990129],
            [-2.864526505, 52.072065142],
            [-2.86450418, 52.07212373],
            [-2.864497901, 52.072172313],
            [-2.864500612, 52.072237907],
            [-2.864515111, 52.072309707],
            [-2.864567047, 52.072432555],
            [-2.865004944, 52.073043419],
            [-2.865246806, 52.072996971],
            [-2.865642101, 52.072947059],
            [-2.866584146, 52.072922068],
            [-2.866579864, 52.072943222],
            [-2.866566865, 52.073004977],
            [-2.866936269, 52.073022034],
            [-2.867159944, 52.073042859],
            [-2.867675299, 52.073123465],
            [-2.86897106, 52.073292423],
            [-2.869781875, 52.073045106],
            [-2.869666387, 52.07288408],
            [-2.870503236, 52.072856329],
            [-2.870534607, 52.07289205],
            [-2.87064245, 52.072987697],
            [-2.87068913, 52.073031215],
            [-2.87105766, 52.073003324],
            [-2.871260452, 52.073001825],
            [-2.871967793, 52.073038388],
            [-2.872157265, 52.073050917],
            [-2.872499322, 52.073084338],
            [-2.872668644, 52.073087578],
            [-2.872772047, 52.073078723],
            [-2.87300476, 52.073044641],
            [-2.873205616, 52.07299938],
            [-2.873361782, 52.072944922],
            [-2.873523682, 52.072869929],
            [-2.873590026, 52.072829888],
            [-2.874063511, 52.072509451],
            [-2.874304109, 52.072337338],
            [-2.874554732, 52.0721736],
            [-2.874587567, 52.072210208],
            [-2.874647642, 52.072298836],
            [-2.874705691, 52.072431431],
            [-2.874775125, 52.072549561],
            [-2.874806519, 52.072586269],
            [-2.87484956, 52.072621903],
            [-2.875081295, 52.0727595],
            [-2.87518767, 52.072828819],
            [-2.875455898, 52.073054499],
            [-2.875612531, 52.073177733],
            [-2.875648819, 52.073206315],
            [-2.87578957, 52.073317083],
            [-2.875878243, 52.07337305],
            [-2.87594895, 52.073408478],
            [-2.876061979, 52.073442691],
            [-2.87615141, 52.073463598],
            [-2.876112786, 52.07350622],
            [-2.876049486, 52.073548037],
            [-2.875963734, 52.07356755],
            [-2.875794709, 52.073579592],
            [-2.875762699, 52.073585223],
            [-2.875596134, 52.073643087],
            [-2.875505016, 52.073689604],
            [-2.875438827, 52.073731442],
            [-2.87539999, 52.073763189],
            [-2.875355643, 52.07380846],
            [-2.875301619, 52.073881756],
            [-2.875231347, 52.074016203],
            [-2.875212466, 52.074090317],
            [-2.875179836, 52.074218013],
            [-2.875129007, 52.074602279],
            [-2.87513842, 52.074782154],
            [-2.875217905, 52.075118624],
            [-2.875139874, 52.075157853],
            [-2.875052022, 52.075217828],
            [-2.875010595, 52.075264874],
            [-2.874969608, 52.075334388],
            [-2.874939266, 52.075419193],
            [-2.874921494, 52.07550705],
            [-2.874922019, 52.075515406],
            [-2.874926001, 52.075583687],
            [-2.874928703, 52.075629597],
            [-2.874970152, 52.075731306],
            [-2.874978083, 52.075767739],
            [-2.874968664, 52.075802863],
            [-2.874907386, 52.075880617],
            [-2.874786939, 52.07599027],
            [-2.874679039, 52.076064864],
            [-2.874570684, 52.076122295],
            [-2.874853537, 52.076202977],
            [-2.875185013, 52.076272331],
            [-2.875999445, 52.076558937],
            [-2.876288582, 52.076671478],
            [-2.87688994, 52.076975391],
            [-2.877271298, 52.077152318],
            [-2.877638581, 52.077353706],
            [-2.878008841, 52.077559476],
            [-2.878862615, 52.078088991],
            [-2.879365393, 52.078278578],
            [-2.880124498, 52.078513885],
            [-2.880213923, 52.07853389],
            [-2.880328075, 52.078551014],
            [-2.880471233, 52.078562528],
            [-2.880615707, 52.078561449],
            [-2.880756926, 52.07854781],
            [-2.880963416, 52.078506718],
            [-2.883073638, 52.077851677],
            [-2.883334479, 52.077760649],
            [-2.883390101, 52.077750434],
            [-2.883495541, 52.077716298],
            [-2.883714802, 52.077664319],
            [-2.883931563, 52.077625841],
            [-2.884209502, 52.0775905],
            [-2.884385896, 52.077579289],
            [-2.884608427, 52.077577169],
            [-2.884741769, 52.077573022],
            [-2.88593931, 52.077638627],
            [-2.888671962, 52.077907562],
            [-2.889939585, 52.078023831],
            [-2.890562251, 52.078117279],
            [-2.890769455, 52.078148879],
            [-2.891953549, 52.078353484],
            [-2.894503564, 52.078882978],
            [-2.895270551, 52.07903265],
            [-2.895526123, 52.079082031],
            [-2.896310885, 52.079211787],
            [-2.897120999, 52.079267642],
            [-2.897390553, 52.07928806],
            [-2.898482502, 52.07937061],
            [-2.898881117, 52.079389142],
            [-2.899014068, 52.079395319],
            [-2.899774459, 52.079473106],
            [-2.900189442, 52.0794978],
            [-2.900395758, 52.079508538],
            [-2.900602807, 52.079519809],
            [-2.901462569, 52.079531211],
            [-2.901732413, 52.079530045],
            [-2.902267187, 52.079474989],
            [-2.902534996, 52.079456489],
            [-2.904284473, 52.079229066],
            [-2.904677722, 52.079196386],
            [-2.905107213, 52.079147248],
            [-2.90526907, 52.079137016],
            [-2.905429362, 52.079126797],
            [-2.905626774, 52.079137504],
            [-2.905800072, 52.079133835],
            [-2.905960911, 52.079150575],
            [-2.906157185, 52.079182322],
            [-2.906267116, 52.079210239],
            [-2.906399319, 52.079250658],
            [-2.906615591, 52.07933708],
            [-2.906680915, 52.079384215],
            [-2.906819014, 52.079442475],
            [-2.906950702, 52.079528648],
            [-2.907396778, 52.080083565],
            [-2.90782168, 52.080525392],
            [-2.908362931, 52.08102016],
            [-2.908972445, 52.081717624],
            [-2.909300813, 52.08222131],
            [-2.909351694, 52.082285633],
            [-2.909427863, 52.082368726],
            [-2.909517053, 52.082447134],
            [-2.909594087, 52.08250766],
            [-2.909681135, 52.082551749],
            [-2.909765513, 52.082612398],
            [-2.909951132, 52.08269914],
            [-2.910186363, 52.082781813],
            [-2.910296517, 52.082814219],
            [-2.910539808, 52.082867167],
            [-2.910792941, 52.082901164],
            [-2.911006276, 52.082912998],
            [-2.911134697, 52.082914701],
            [-2.911252884, 52.082910192],
            [-2.911531054, 52.08288557],
            [-2.911768055, 52.082842391],
            [-2.911867504, 52.08280405],
            [-2.911979815, 52.082776935],
            [-2.912150359, 52.082696518],
            [-2.912236876, 52.082643627],
            [-2.912317427, 52.082587276],
            [-2.912389103, 52.0825265],
            [-2.912517707, 52.082389781],
            [-2.912592659, 52.082271364],
            [-2.912620101, 52.082171562],
            [-2.912654704, 52.082098309],
            [-2.912454904, 52.081387356],
            [-2.912354696, 52.080981232],
            [-2.912083301, 52.079998039],
            [-2.911860406, 52.079498847],
            [-2.911793705, 52.079372628],
            [-2.911751665, 52.079246219],
            [-2.911732114, 52.079142915],
            [-2.91172585, 52.07905398],
            [-2.911727437, 52.078990151],
            [-2.911741999, 52.078913638],
            [-2.911770584, 52.07881086],
            [-2.911810775, 52.078710779],
            [-2.911869141, 52.078640669],
            [-2.911916448, 52.078523814],
            [-2.912061441, 52.078335736],
            [-2.912145866, 52.078251492],
            [-2.912269149, 52.078143487],
            [-2.912425691, 52.078055808],
            [-2.912546986, 52.077962469],
            [-2.91268575, 52.077893892],
            [-2.912842067, 52.077830662],
            [-2.912963662, 52.077787475],
            [-2.913221941, 52.077715365],
            [-2.913370867, 52.077696774],
            [-2.913547543, 52.07765262],
            [-2.913758585, 52.077624019],
            [-2.913921665, 52.077609272],
            [-2.914249791, 52.077599446],
            [-2.914375328, 52.077602067],
            [-2.914510771, 52.077624296],
            [-2.914550629, 52.077614279],
            [-2.914707098, 52.077629243],
            [-2.91482413, 52.077645413],
            [-2.914891491, 52.077656574],
            [-2.915094164, 52.077718817],
            [-2.915185358, 52.077754062],
            [-2.915241438, 52.077784187],
            [-2.915342058, 52.077850817],
            [-2.915426689, 52.077923954],
            [-2.915489499, 52.078000765],
            [-2.915546959, 52.078098291],
            [-2.915797351, 52.07842271],
            [-2.915971788, 52.078698103],
            [-2.91647373, 52.079520043],
            [-2.916799837, 52.0799218],
            [-2.917047748, 52.080135949],
            [-2.917784167, 52.080667535],
            [-2.918103185, 52.080863601],
            [-2.918209798, 52.080928564],
            [-2.918583194, 52.081206178],
            [-2.919138522, 52.081536572],
            [-2.919323323, 52.081647214],
            [-2.920955117, 52.082582196],
            [-2.921290036, 52.082760243],
            [-2.921457758, 52.082847376],
            [-2.921625023, 52.082935681],
            [-2.922346745, 52.083257298],
            [-2.922859487, 52.08343979],
            [-2.923030288, 52.083500921],
            [-2.924080993, 52.083775458],
            [-2.924651591, 52.083886391],
            [-2.925130492, 52.083979436],
            [-2.925227868, 52.083998356],
            [-2.928140339, 52.084389903],
            [-2.9281588, 52.084392364],
            [-2.928360087, 52.08442026],
            [-2.930180363, 52.084776223],
            [-2.931172087, 52.085028961],
            [-2.931522181, 52.085118145],
            [-2.934089225, 52.085718825],
            [-2.934275348, 52.08576346],
            [-2.935735764, 52.086215039],
            [-2.936947619, 52.086615905],
            [-2.938063492, 52.087040892],
            [-2.93888746, 52.087500822],
            [-2.939800335, 52.088044707],
            [-2.940120436, 52.088262277],
            [-2.940320575, 52.088411773],
            [-2.940504691, 52.088560408],
            [-2.940695239, 52.088728676],
            [-2.940897653, 52.088923185],
            [-2.941070766, 52.089103456],
            [-2.94132329, 52.08939158],
            [-2.941360527, 52.08943973],
            [-2.941875699, 52.090107577],
            [-2.942421796, 52.090877282],
            [-2.943183866, 52.091923174],
            [-2.943490863, 52.092241957],
            [-2.943592747, 52.092347833],
            [-2.944095003, 52.093096129],
            [-2.94474078, 52.093624318],
            [-2.944917101, 52.093749729],
            [-2.945070741, 52.09383838],
            [-2.94517393, 52.093886089],
            [-2.945307938, 52.093939843],
            [-2.945454986, 52.093989897],
            [-2.945763342, 52.094075597],
            [-2.9459628, 52.094122533],
            [-2.946234067, 52.094178779],
            [-2.946484631, 52.094223507],
            [-2.946689549, 52.094249724],
            [-2.946897146, 52.094266033],
            [-2.947018184, 52.094264162],
            [-2.947127923, 52.094268673],
            [-2.94748082, 52.094252354],
            [-2.947673, 52.094228338],
            [-2.947906865, 52.094177921],
            [-2.948017127, 52.094144676],
            [-2.948161988, 52.094091379],
            [-2.948325441, 52.094018157],
            [-2.948450943, 52.093948746],
            [-2.948568763, 52.093863308],
            [-2.948680215, 52.093750058],
            [-2.948727051, 52.093688561],
            [-2.948783472, 52.093590943],
            [-2.948847681, 52.093452007],
            [-2.948891869, 52.093333814],
            [-2.948914732, 52.093242849],
            [-2.948928809, 52.093151954],
            [-2.948933682, 52.092967565],
            [-2.948919091, 52.092830162],
            [-2.948886092, 52.092653269],
            [-2.948851338, 52.092524117],
            [-2.94875652, 52.092298106],
            [-2.948547968, 52.091572633],
            [-2.948535911, 52.091509183],
            [-2.948501092, 52.09132017],
            [-2.948455524, 52.09107255],
            [-2.948506142, 52.090633424],
            [-2.948574625, 52.0904976],
            [-2.949006297, 52.089703425],
            [-2.949528308, 52.088987528],
            [-2.95008912, 52.088331537],
            [-2.950605176, 52.087823941],
            [-2.951179048, 52.087415647],
            [-2.952187662, 52.086949818],
            [-2.952520174, 52.086826688],
            [-2.952630724, 52.086785347],
            [-2.953433323, 52.086574732],
            [-2.953914639, 52.086489044],
            [-2.954103352, 52.086473494],
            [-2.954326577, 52.086439868],
            [-2.954688694, 52.08637932],
            [-2.955343217, 52.086341029],
            [-2.95556183, 52.086328201],
            [-2.95650034, 52.086334968],
            [-2.957128005, 52.086363219],
            [-2.957337461, 52.086372304],
            [-2.957652027, 52.0864066],
            [-2.957963605, 52.086441818],
            [-2.958441242, 52.086538693],
            [-2.958703665, 52.086582309],
            [-2.959195103, 52.086699742],
            [-2.959866476, 52.086835392],
            [-2.959916489, 52.086855658],
            [-2.960156953, 52.086907628],
            [-2.961787685, 52.087335836],
            [-2.962212994, 52.087415955],
            [-2.962354844, 52.087442661],
            [-2.963613128, 52.087723689],
            [-2.9641003, 52.087876461],
            [-2.964262643, 52.087926995],
            [-2.964566926, 52.088030567],
            [-2.965452529, 52.08834968],
            [-2.966330485, 52.088687455],
            [-2.96735821, 52.089083227],
            [-2.967690981, 52.089273564],
            [-2.967794534, 52.089337429],
            [-2.967974431, 52.089492438],
            [-2.968153044, 52.089649165],
            [-2.968440791, 52.089927325],
            [-2.968853109, 52.090367059],
            [-2.969234665, 52.090797427],
            [-2.969484954, 52.091117959],
            [-2.969787249, 52.09157774],
            [-2.969986981, 52.091930684],
            [-2.970107251, 52.092143346],
            [-2.9701485, 52.092214014],
            [-2.970440135, 52.092808615],
            [-2.970531429, 52.093039042],
            [-2.970562104, 52.093115999],
            [-2.970748944, 52.093783639],
            [-2.970874739, 52.094333495],
            [-2.970889241, 52.094668729],
            [-2.970879279, 52.094742065],
            [-2.970850358, 52.094962157],
            [-2.970756761, 52.095357604],
            [-2.97069503, 52.095480173],
            [-2.970560711, 52.095746344],
            [-2.970509014, 52.095848787],
            [-2.970344521, 52.096066849],
            [-2.970228382, 52.096178181],
            [-2.970123237, 52.096296973],
            [-2.969881183, 52.096512977],
            [-2.969338797, 52.097016468],
            [-2.969275009, 52.097088809],
            [-2.968153396, 52.098386139],
            [-2.967807074, 52.099018703],
            [-2.967696501, 52.099359997],
            [-2.967448563, 52.10012298],
            [-2.967247038, 52.100600294],
            [-2.967139958, 52.100814105],
            [-2.967121381, 52.1008512],
            [-2.96704548, 52.100998421],
            [-2.966840728, 52.101254559],
            [-2.966547749, 52.101722735],
            [-2.966016792, 52.102664924],
            [-2.966016834, 52.102666902],
            [-2.966022531, 52.102913763],
            [-2.966138566, 52.103214009],
            [-2.966232989, 52.103327476],
            [-2.966310107, 52.103403334],
            [-2.96633877, 52.103426199],
            [-2.966430877, 52.103499327],
            [-2.966531495, 52.103559622],
            [-2.966643494, 52.103611824],
            [-2.966764224, 52.103655776],
            [-2.966891922, 52.103687985],
            [-2.967001877, 52.103706857],
            [-2.967187542, 52.103719715],
            [-2.967362483, 52.10370983],
            [-2.968039536, 52.103594524],
            [-2.968481148, 52.10351935],
            [-2.968634637, 52.103658396],
            [-2.968734002, 52.103799594],
            [-2.968924304, 52.104092935],
            [-2.969069223, 52.104225219],
            [-2.969117973, 52.1042694],
            [-2.969144343, 52.104408502],
            [-2.969073823, 52.104454023],
            [-2.968969347, 52.104554742],
            [-2.968918898, 52.104582121],
            [-2.968868231, 52.104605008],
            [-2.968769423, 52.104622898],
            [-2.968569515, 52.104697346],
            [-2.96842781, 52.104696713],
            [-2.96821422, 52.104739814],
            [-2.967997858, 52.10472721],
            [-2.967979894, 52.105048328],
            [-2.967831188, 52.105258167],
            [-2.96781768, 52.105429325],
            [-2.967840127, 52.105604232],
            [-2.967868079, 52.1056831],
            [-2.967900368, 52.105756538],
            [-2.967983499, 52.105820661],
            [-2.968251617, 52.105949238],
            [-2.968622655, 52.106071666],
            [-2.968767153, 52.106134295],
            [-2.968827326, 52.106149979],
            [-2.968934278, 52.106168874],
            [-2.969030867, 52.10617617],
            [-2.969128585, 52.106174468],
            [-2.969224803, 52.106164688],
            [-2.969316373, 52.106145959],
            [-2.969961929, 52.105953602],
            [-2.970031709, 52.105940444],
            [-2.970173262, 52.105933886],
            [-2.970297574, 52.10594275],
            [-2.970341481, 52.105952276],
            [-2.970403492, 52.105980527],
            [-2.970443925, 52.10602963],
            [-2.970451815, 52.106054822],
            [-2.970452103, 52.106339748],
            [-2.970424225, 52.106397592],
            [-2.970385701, 52.106441952],
            [-2.970322697, 52.106495502],
            [-2.97026508, 52.10653103],
            [-2.970210098, 52.106554852],
            [-2.970150604, 52.106576015],
            [-2.969841353, 52.10665496],
            [-2.969636489, 52.106712193],
            [-2.969838077, 52.107513637],
            [-2.970000407, 52.107659799],
            [-2.970150825, 52.107861696],
            [-2.970478926, 52.107841018],
            [-2.970562492, 52.107858307],
            [-2.970594944, 52.107872421],
            [-2.970627551, 52.107893724],
            [-2.970666582, 52.107944726],
            [-2.970694073, 52.108068537],
            [-2.970686245, 52.108107251],
            [-2.970673375, 52.108124435],
            [-2.970633116, 52.108149934],
            [-2.970601152, 52.108158286],
            [-2.970398616, 52.108178829],
            [-2.970317684, 52.108216348],
            [-2.970136918, 52.108430049],
            [-2.97001865, 52.108433718],
            [-2.969847374, 52.108413556],
            [-2.969758299, 52.108414289],
            [-2.969674496, 52.108452729],
            [-2.969422987, 52.108568949],
            [-2.969398578, 52.108592609],
            [-2.969409471, 52.108689593],
            [-2.96939453, 52.108872177],
            [-2.969400739, 52.10889199],
            [-2.969424832, 52.108925948],
            [-2.969454629, 52.10895087],
            [-2.969481143, 52.108963235],
            [-2.969525213, 52.108974558],
            [-2.969576387, 52.108980428],
            [-2.969646557, 52.108973919],
            [-2.969813274, 52.108928145],
            [-2.96999092, 52.108903314],
            [-2.970098875, 52.108901527],
            [-2.970212826, 52.108904184],
            [-2.970284722, 52.108916176],
            [-2.970343571, 52.108937263],
            [-2.970423684, 52.108995028],
            [-2.970577468, 52.109218558],
            [-2.970451664, 52.109340935],
            [-2.970564424, 52.109560309],
            [-2.970644987, 52.109638743],
            [-2.970674492, 52.109650185],
            [-2.97070376, 52.109656235],
            [-2.970795024, 52.109623126],
            [-2.971143265, 52.109387371],
            [-2.971235994, 52.109488175],
            [-2.971324431, 52.109590901],
            [-2.97136118, 52.109736208],
            [-2.971364307, 52.109813571],
            [-2.971361731, 52.109894487],
            [-2.971329396, 52.110090698],
            [-2.971295491, 52.110286741],
            [-2.97123113, 52.110604917],
            [-2.971221448, 52.1109017],
            [-2.971051545, 52.111011678],
            [-2.970857888, 52.111169938],
            [-2.970734206, 52.111257244],
            [-2.970609079, 52.111344562],
            [-2.970513604, 52.111394604],
            [-2.970332112, 52.111436815],
            [-2.970243949, 52.111413272],
            [-2.969762066, 52.111611385],
            [-2.969761709, 52.111611567],
            [-2.969680418, 52.111888086],
            [-2.969565066, 52.112159671],
            [-2.969496262, 52.112223784],
            [-2.969290335, 52.112416389],
            [-2.969048847, 52.112590499],
            [-2.968820715, 52.112714255],
            [-2.968406025, 52.112852487],
            [-2.968333409, 52.112835287],
            [-2.968185489, 52.112782393],
            [-2.968115425, 52.112782968],
            [-2.968039696, 52.112794376],
            [-2.967974356, 52.112812889],
            [-2.967913704, 52.11284215],
            [-2.967856174, 52.11288217],
            [-2.967794891, 52.11295458],
            [-2.967711827, 52.113166575],
            [-2.967631912, 52.113318324],
            [-2.967622294, 52.113480192],
            [-2.967628812, 52.113514294],
            [-2.967617757, 52.113543147],
            [-2.967597895, 52.113571174],
            [-2.96757489, 52.113587541],
            [-2.967544623, 52.113602171],
            [-2.967503926, 52.113613291],
            [-2.9674646, 52.113615501],
            [-2.967392735, 52.113605215],
            [-2.967071633, 52.113478419],
            [-2.966784023, 52.113346853],
            [-2.966691616, 52.113372149],
            [-2.966413948, 52.113449658],
            [-2.966184818, 52.113388618],
            [-2.966014726, 52.113630089],
            [-2.965799869, 52.113755887],
            [-2.96571937, 52.113814072],
            [-2.965367298, 52.114098378],
            [-2.965179118, 52.11442808],
            [-2.96504699, 52.11459913],
            [-2.964720799, 52.114844483],
            [-2.964585969, 52.114890528],
            [-2.964483169, 52.114931007],
            [-2.964380485, 52.114971306],
            [-2.964240064, 52.11503726],
            [-2.963790717, 52.115055316],
            [-2.963735334, 52.115061162],
            [-2.963657328, 52.115073304],
            [-2.963655287, 52.115073591],
            [-2.963643522, 52.115075215],
            [-2.963566681, 52.115096696],
            [-2.963495731, 52.115123342],
            [-2.963427845, 52.115158052],
            [-2.963365951, 52.1152026],
            [-2.963325814, 52.11523987],
            [-2.963306108, 52.115269692],
            [-2.963288055, 52.115314781],
            [-2.963279042, 52.115371481],
            [-2.963287491, 52.115422645],
            [-2.963319485, 52.115487997],
            [-2.96346614, 52.115649576],
            [-2.963261916, 52.11586166],
            [-2.963010472, 52.115922138],
            [-2.963138366, 52.116162967],
            [-2.963096534, 52.116523828],
            [-2.962727846, 52.116631103],
            [-2.962403728, 52.116700083],
            [-2.962355729, 52.116914665],
            [-2.962386069, 52.116964752],
            [-2.962536463, 52.117171242],
            [-2.9624875, 52.117212539],
            [-2.962340028, 52.117337331],
            [-2.962146119, 52.117352396],
            [-2.961928981, 52.117306531],
            [-2.961821304, 52.117260671],
            [-2.961552565, 52.117256571],
            [-2.961301103, 52.117176829],
            [-2.961245543, 52.117174586],
            [-2.961168205, 52.117178812],
            [-2.961096999, 52.117193773],
            [-2.96102446, 52.117219532],
            [-2.960975456, 52.117247795],
            [-2.960955491, 52.117271327],
            [-2.960948747, 52.117299246],
            [-2.960955323, 52.117330651],
            [-2.960976409, 52.117359242],
            [-2.961022393, 52.117392123],
            [-2.961082469, 52.117469921],
            [-2.961306364, 52.117695498],
            [-2.961339651, 52.117949684],
            [-2.961005371, 52.118095413],
            [-2.96093326, 52.118135549],
            [-2.96062958, 52.118371629],
            [-2.9605049, 52.118459112],
            [-2.960393801, 52.11845022],
            [-2.960060156, 52.118424085],
            [-2.960144343, 52.118195008],
            [-2.960132459, 52.117910986],
            [-2.959761834, 52.117794461],
            [-2.959710708, 52.117791282],
            [-2.959662429, 52.117791675],
            [-2.959536162, 52.117827757],
            [-2.959326623, 52.117860921],
            [-2.958856906, 52.117823397],
            [-2.958452238, 52.117815003],
            [-2.957836851, 52.117857756],
            [-2.957290398, 52.117914327],
            [-2.957251889, 52.118027891],
            [-2.957279061, 52.118205728],
            [-2.957273855, 52.118238128],
            [-2.957257187, 52.118275115],
            [-2.957225791, 52.118310424],
            [-2.957186998, 52.118337704],
            [-2.957150744, 52.118354177],
            [-2.957038931, 52.118379353],
            [-2.956866865, 52.118396929],
            [-2.956787907, 52.118393075],
            [-2.956746803, 52.118379927],
            [-2.956719993, 52.118359471],
            [-2.956704847, 52.11833263],
            [-2.956701342, 52.118303896],
            [-2.956712289, 52.118269651],
            [-2.956698377, 52.118097999],
            [-2.956687451, 52.11806573],
            [-2.95666028, 52.118022807],
            [-2.956611101, 52.117975568],
            [-2.956559181, 52.117940935],
            [-2.956520851, 52.117922371],
            [-2.956463499, 52.117903961],
            [-2.956378373, 52.117887574],
            [-2.956309611, 52.11788184],
            [-2.956214892, 52.117889799],
            [-2.956174168, 52.117900017],
            [-2.95608016, 52.117941226],
            [-2.955911834, 52.118060337],
            [-2.955812659, 52.118068332],
            [-2.955545362, 52.117996796],
            [-2.955093406, 52.117832378],
            [-2.954955918, 52.117845087],
            [-2.954905603, 52.117857269],
            [-2.954841752, 52.117878459],
            [-2.954788173, 52.117901364],
            [-2.954750805, 52.117927732],
            [-2.954725153, 52.117955804],
            [-2.954708689, 52.118008069],
            [-2.954719665, 52.118177948],
            [-2.954715614, 52.118196856],
            [-2.954698809, 52.118227552],
            [-2.954668664, 52.118253862],
            [-2.954628271, 52.118273963],
            [-2.954584657, 52.118284204],
            [-2.954539426, 52.118286367],
            [-2.954486658, 52.118279604],
            [-2.954436707, 52.11826383],
            [-2.954396717, 52.118240784],
            [-2.954365464, 52.118209578],
            [-2.954343959, 52.118161216],
            [-2.954199187, 52.117945681],
            [-2.953737149, 52.117855943],
            [-2.953582491, 52.118068418],
            [-2.953240079, 52.118172844],
            [-2.9529625, 52.118031187],
            [-2.952550712, 52.118039009],
            [-2.952077542, 52.118104851],
            [-2.951885072, 52.118329044],
            [-2.952471034, 52.118475762],
            [-2.952656136, 52.118527297],
            [-2.952891372, 52.118671006],
            [-2.952853859, 52.118696296],
            [-2.952743122, 52.118772063],
            [-2.952565699, 52.118945173],
            [-2.952472498, 52.119097917],
            [-2.95233117, 52.119455982],
            [-2.952423418, 52.119535232],
            [-2.952707952, 52.119590457],
            [-2.952759206, 52.119870566],
            [-2.952646351, 52.119988325],
            [-2.952629993, 52.120113484],
            [-2.952629995, 52.120113574],
            [-2.952630001, 52.120113843],
            [-2.952657473, 52.120165394],
            [-2.952869187, 52.120301203],
            [-2.95291409, 52.120351264],
            [-2.952923972, 52.120543532],
            [-2.952913323, 52.120659656],
            [-2.952935467, 52.120670263],
            [-2.952980989, 52.12068158],
            [-2.953112587, 52.120685909],
            [-2.953220591, 52.120685036],
            [-2.9534336, 52.120672527],
            [-2.9535504, 52.120807305],
            [-2.953528902, 52.120894665],
            [-2.953518894, 52.120973033],
            [-2.953368711, 52.121051547],
            [-2.953312948, 52.121107725],
            [-2.953309413, 52.121150897],
            [-2.953368674, 52.121190865],
            [-2.953477221, 52.121209761],
            [-2.953593358, 52.121245673],
            [-2.953675944, 52.121334618],
            [-2.953384492, 52.121452385],
            [-2.953182002, 52.12147829],
            [-2.952928946, 52.121662887],
            [-2.952856313, 52.121696102],
            [-2.952638188, 52.121796466],
            [-2.952593739, 52.121835474],
            [-2.952582481, 52.121855339],
            [-2.952579009, 52.121895815],
            [-2.952604773, 52.121940637],
            [-2.952690008, 52.122035224],
            [-2.952732243, 52.122163414],
            [-2.952728082, 52.122312743],
            [-2.952658717, 52.122482282],
            [-2.95265524, 52.12252815],
            [-2.952664587, 52.12255423],
            [-2.952700681, 52.122603374],
            [-2.952748072, 52.12263445],
            [-2.953241811, 52.122841772],
            [-2.953517947, 52.12297643],
            [-2.953968182, 52.123137002],
            [-2.954023477, 52.123194169],
            [-2.95404483, 52.123235342],
            [-2.954057336, 52.12327389],
            [-2.954059606, 52.123312521],
            [-2.954039419, 52.123393579],
            [-2.95401144, 52.123448184],
            [-2.95392871, 52.12361208],
            [-2.953899463, 52.123680627],
            [-2.953913597, 52.123863064],
            [-2.953975936, 52.123979317],
            [-2.954101714, 52.12412229],
            [-2.954207767, 52.124300298],
            [-2.954233871, 52.12449612],
            [-2.953399082, 52.124477258],
            [-2.950857363, 52.124442329],
            [-2.949910406, 52.124438369],
            [-2.948287615, 52.12443139],
            [-2.945708877, 52.124411029],
            [-2.945055524, 52.124394697],
            [-2.944863156, 52.124347702],
            [-2.944224191, 52.12438518],
            [-2.943708842, 52.124396497],
            [-2.943269544, 52.124416191],
            [-2.943029527, 52.124325533],
            [-2.942854078, 52.124246941],
            [-2.942378555, 52.124005275],
            [-2.942060704, 52.123741584],
            [-2.941866985, 52.123641655],
            [-2.941763446, 52.123580463],
            [-2.941720414, 52.123550157],
            [-2.941665545, 52.123438243],
            [-2.94153233, 52.123357514],
            [-2.941478901, 52.123313898],
            [-2.941357995, 52.123194331],
            [-2.941224964, 52.123047987],
            [-2.941099493, 52.122986071],
            [-2.940976191, 52.122889892],
            [-2.940902072, 52.122767345],
            [-2.940867935, 52.122673241],
            [-2.940773492, 52.122626357],
            [-2.940718304, 52.122642078],
            [-2.940591289, 52.12264399],
            [-2.94040817, 52.122686797],
            [-2.940181626, 52.122680515],
            [-2.940123421, 52.122764569],
            [-2.940014867, 52.122876889],
            [-2.939889035, 52.12294081],
            [-2.939931778, 52.123163467],
            [-2.939864819, 52.123312397],
            [-2.939773656, 52.123352672],
            [-2.939725438, 52.123424962],
            [-2.939637239, 52.123468808],
            [-2.939466187, 52.123598793],
            [-2.9393754, 52.123657041],
            [-2.93923187, 52.123778627],
            [-2.939218276, 52.123893875],
            [-2.939251636, 52.123951134],
            [-2.93929226, 52.124010132],
            [-2.939539724, 52.124249135],
            [-2.939577829, 52.124337275],
            [-2.939590487, 52.124366476],
            [-2.939816342, 52.124620031],
            [-2.939914699, 52.124715421],
            [-2.940073346, 52.12482561],
            [-2.940081594, 52.124937088],
            [-2.940100587, 52.125009741],
            [-2.940085358, 52.125258926],
            [-2.940040992, 52.125439943],
            [-2.940020175, 52.125492331],
            [-2.939940915, 52.125543297],
            [-2.939832172, 52.125578319],
            [-2.939830002, 52.125606829],
            [-2.939824338, 52.125692532],
            [-2.939920661, 52.125828475],
            [-2.939960795, 52.125864108],
            [-2.940054158, 52.125928079],
            [-2.940258012, 52.126034312],
            [-2.940394005, 52.126178027],
            [-2.940402283, 52.126296606],
            [-2.940355844, 52.126516379],
            [-2.940066859, 52.126668787],
            [-2.940291593, 52.127074341],
            [-2.94043386, 52.127241286],
            [-2.940513881, 52.127432186],
            [-2.940309537, 52.127577628],
            [-2.940456276, 52.127750919],
            [-2.940337216, 52.127988349],
            [-2.940537054, 52.128183597],
            [-2.940499664, 52.128249779],
            [-2.940389158, 52.128447322],
            [-2.940377698, 52.128721015],
            [-2.940281916, 52.128971472],
            [-2.940346216, 52.129182182],
            [-2.940610437, 52.129294405],
            [-2.940698561, 52.129332261],
            [-2.940734498, 52.129580139],
            [-2.940863502, 52.129814601],
            [-2.940779703, 52.129850593],
            [-2.940527685, 52.129957587],
            [-2.94006869, 52.130016974],
            [-2.93983388, 52.1302378],
            [-2.939469878, 52.130369682],
            [-2.939399958, 52.130641773],
            [-2.939331296, 52.13121415],
            [-2.939333058, 52.131435336],
            [-2.939339095, 52.131516182],
            [-2.939519794, 52.131837509],
            [-2.939403946, 52.131970649],
            [-2.939254887, 52.132094076],
            [-2.939274573, 52.132268291],
            [-2.939354247, 52.132373807],
            [-2.939332697, 52.132460265],
            [-2.939331697, 52.132550155],
            [-2.939497824, 52.132671071],
            [-2.93951171, 52.132707004],
            [-2.939516961, 52.132744712],
            [-2.939478035, 52.132841196],
            [-2.939186049, 52.13292172],
            [-2.939161655, 52.132941689],
            [-2.939117667, 52.133072458],
            [-2.939049056, 52.133212322],
            [-2.939028357, 52.13333931],
            [-2.938932754, 52.133381418],
            [-2.938781502, 52.133412283],
            [-2.938448675, 52.133498523],
            [-2.938322782, 52.133692862],
            [-2.938142845, 52.133889338],
            [-2.937309781, 52.133736873],
            [-2.937105479, 52.133748384],
            [-2.936746385, 52.133817391],
            [-2.936497799, 52.133612906],
            [-2.936288371, 52.133379977],
            [-2.935911825, 52.13340364],
            [-2.935856929, 52.133399492],
            [-2.935693812, 52.133387394],
            [-2.935560003, 52.133417218],
            [-2.93539459, 52.133467966],
            [-2.935230685, 52.133458481],
            [-2.935074567, 52.133464213],
            [-2.934617139, 52.133318546],
            [-2.934315576, 52.133293073],
            [-2.934098391, 52.133316365],
            [-2.933858519, 52.133372285],
            [-2.933483666, 52.133390533],
            [-2.932761091, 52.13371093],
            [-2.932769482, 52.133835799],
            [-2.932728972, 52.133920609],
            [-2.932660883, 52.133948112],
            [-2.932513304, 52.133947482],
            [-2.932416812, 52.134016646],
            [-2.932343084, 52.134125986],
            [-2.932270771, 52.134158915],
            [-2.932193889, 52.134186488],
            [-2.931987801, 52.134181825],
            [-2.931883181, 52.134155957],
            [-2.931569217, 52.134079073],
            [-2.931192856, 52.134175523],
            [-2.931029003, 52.134237937],
            [-2.930716244, 52.134369028],
            [-2.930457104, 52.134460416],
            [-2.929814163, 52.134852431],
            [-2.929006995, 52.135289688],
            [-2.928885262, 52.135315635],
            [-2.928519716, 52.135394195],
            [-2.928265447, 52.135465406],
            [-2.928194743, 52.13550641],
            [-2.928131321, 52.135550053],
            [-2.928114621, 52.135731836],
            [-2.928091718, 52.135754307],
            [-2.928073278, 52.135777102],
            [-2.928022985, 52.135820641],
            [-2.927639349, 52.135921722],
            [-2.927487983, 52.136156606],
            [-2.927277761, 52.136376763],
            [-2.927413504, 52.136584311],
            [-2.92742559, 52.136609383],
            [-2.927408577, 52.136631268],
            [-2.927226889, 52.136815877],
            [-2.92695962, 52.137033156],
            [-2.926652846, 52.137175514],
            [-2.926509147, 52.137431998],
            [-2.926431883, 52.13748222],
            [-2.926202124, 52.13763224],
            [-2.926157915, 52.137684719],
            [-2.926118061, 52.137738063],
            [-2.926084658, 52.137899124],
            [-2.925998555, 52.137964695],
            [-2.925871299, 52.138026814],
            [-2.925736676, 52.138088092],
            [-2.925459819, 52.138198034],
            [-2.925286537, 52.138294849],
            [-2.924943368, 52.13844315],
            [-2.924871829, 52.138513999],
            [-2.924341921, 52.13889503],
            [-2.923747055, 52.139257962],
            [-2.923286131, 52.139788909],
            [-2.922789075, 52.140396717],
            [-2.922755006, 52.140444622],
            [-2.923133292, 52.141072811],
            [-2.922800186, 52.141359535],
            [-2.921681282, 52.142229536],
            [-2.921781498, 52.142414898],
            [-2.921840508, 52.142436907],
            [-2.921921919, 52.142557611],
            [-2.922043799, 52.142660112],
            [-2.922116513, 52.142855486],
            [-2.922145939, 52.142932644],
            [-2.92224955, 52.142926441],
            [-2.922464575, 52.142796137],
            [-2.922760346, 52.142754275],
            [-2.923165247, 52.142734298],
            [-2.923300414, 52.142727577],
            [-2.923798003, 52.142831537],
            [-2.92415431, 52.14261186],
            [-2.92427267, 52.142538308],
            [-2.924610958, 52.142362183],
            [-2.925192056, 52.142123842],
            [-2.92572582, 52.142002806],
            [-2.926155991, 52.141888783],
            [-2.926807849, 52.141751534],
            [-2.927054668, 52.141679486],
            [-2.927254044, 52.141568172],
            [-2.927390531, 52.141526652],
            [-2.927496515, 52.141773982],
            [-2.928016599, 52.142328236],
            [-2.928494687, 52.142623869],
            [-2.928917274, 52.142915443],
            [-2.929278328, 52.143139011],
            [-2.929398443, 52.143213744],
            [-2.929988516, 52.143603404],
            [-2.930564063, 52.144029846],
            [-2.930883136, 52.144198193],
            [-2.931364146, 52.144418291],
            [-2.931589371, 52.144494709],
            [-2.931701891, 52.144493819],
            [-2.931917554, 52.144464252],
            [-2.932572236, 52.144386271],
            [-2.932905082, 52.144308047],
            [-2.933365072, 52.144300272],
            [-2.933584515, 52.144301771],
            [-2.933663498, 52.144304741],
            [-2.934264973, 52.14439624],
            [-2.934998005, 52.14452705],
            [-2.93555199, 52.144537036],
            [-2.935869842, 52.144571366],
            [-2.936202855, 52.144650694],
            [-2.936313428, 52.14467759],
            [-2.936466285, 52.144721317],
            [-2.936665031, 52.144787149],
            [-2.936811068, 52.144856097],
            [-2.936908698, 52.144909251],
            [-2.936999113, 52.144968843],
            [-2.937111917, 52.145056031],
            [-2.93722212, 52.145151328],
            [-2.937277288, 52.145202123],
            [-2.937440292, 52.145378883],
            [-2.937913629, 52.145913961],
            [-2.938101455, 52.14617645],
            [-2.938156088, 52.146270481],
            [-2.938194555, 52.146340642],
            [-2.938207689, 52.146363548],
            [-2.938407913, 52.146779995],
            [-2.938503423, 52.146800807],
            [-2.938821745, 52.146719176],
            [-2.938982575, 52.146723289],
            [-2.939085642, 52.146971531],
            [-2.939202371, 52.147307748],
            [-2.939285772, 52.147480286],
            [-2.939313857, 52.147537946],
            [-2.939614383, 52.147995837],
            [-2.939754007, 52.148240192],
            [-2.939904441, 52.14840842],
            [-2.939954541, 52.148464287],
            [-2.940191354, 52.148677217],
            [-2.940191563, 52.148687102],
            [-2.940153568, 52.148754008],
            [-2.940107261, 52.148798149],
            [-2.939968724, 52.14893165],
            [-2.93993023, 52.1490435],
            [-2.939898925, 52.149153406],
            [-2.939929199, 52.149206195],
            [-2.939998972, 52.14925777],
            [-2.939867898, 52.149345191],
            [-2.939679296, 52.149413207],
            [-2.939333245, 52.149775582],
            [-2.938676643, 52.150521617],
            [-2.93837912, 52.150831471],
            [-2.938392225, 52.150898778],
            [-2.938433977, 52.151004596],
            [-2.938399163, 52.15109116],
            [-2.938205823, 52.151209365],
            [-2.938134938, 52.151242556],
            [-2.938063973, 52.151271883],
            [-2.937868946, 52.151315679],
            [-2.937877419, 52.151437851],
            [-2.937873988, 52.151481021],
            [-2.937792603, 52.151645343],
            [-2.937480838, 52.151966274],
            [-2.937587184, 52.152163887],
            [-2.936831979, 52.152596199],
            [-2.936479356, 52.152791258],
            [-2.936381297, 52.152925151],
            [-2.936193611, 52.152968886],
            [-2.935978145, 52.153268195],
            [-2.935717125, 52.153527419],
            [-2.93561473, 52.153523737],
            [-2.935451607, 52.153549299],
            [-2.935106318, 52.153675176],
            [-2.934127313, 52.154317052],
            [-2.933990223, 52.15433135],
            [-2.933786842, 52.154391384],
            [-2.933718087, 52.154457632],
            [-2.933699319, 52.154677991],
            [-2.933665944, 52.15468994],
            [-2.933574656, 52.154727604],
            [-2.933421256, 52.154803421],
            [-2.933371086, 52.15484786],
            [-2.933326738, 52.154894051],
            [-2.933280974, 52.155016652],
            [-2.933118955, 52.155095322],
            [-2.932963336, 52.155134304],
            [-2.932861409, 52.155222296],
            [-2.932675615, 52.155282189],
            [-2.932357271, 52.155510399],
            [-2.932238207, 52.155545496],
            [-2.932064561, 52.155563946],
            [-2.932018089, 52.155577795],
            [-2.93197325, 52.15560062],
            [-2.931938766, 52.155628756],
            [-2.931916083, 52.155662192],
            [-2.931910921, 52.155691983],
            [-2.931938936, 52.155775352],
            [-2.931927792, 52.155801506],
            [-2.931857659, 52.155871269],
            [-2.931749279, 52.156140962],
            [-2.931734371, 52.156200401],
            [-2.931722963, 52.156283183],
            [-2.931726363, 52.156376723],
            [-2.93174403, 52.156449387],
            [-2.931817317, 52.15659981],
            [-2.931891395, 52.156718857],
            [-2.931978557, 52.156829621],
            [-2.932391221, 52.157134743],
            [-2.932438956, 52.157250403],
            [-2.932629163, 52.157395406],
            [-2.932691646, 52.15744974],
            [-2.932688755, 52.157518972],
            [-2.932668066, 52.157647756],
            [-2.932651693, 52.157706309],
            [-2.932471297, 52.157817391],
            [-2.932543836, 52.157862657],
            [-2.932471788, 52.157979264],
            [-2.932481066, 52.158077162],
            [-2.932520086, 52.158121794],
            [-2.932690087, 52.158285922],
            [-2.932578386, 52.158811894],
            [-2.932436828, 52.158826496],
            [-2.932381025, 52.159305198],
            [-2.932392511, 52.159572145],
            [-2.932442579, 52.159937658],
            [-2.93244573, 52.160163326],
            [-2.932508446, 52.16043616],
            [-2.932577761, 52.1606729],
            [-2.932545738, 52.160957269],
            [-2.932095113, 52.161363681],
            [-2.932230849, 52.161560348],
            [-2.932403274, 52.161764904],
            [-2.932624789, 52.161942016],
            [-2.932839801, 52.162159717],
            [-2.932898216, 52.162226666],
            [-2.932928858, 52.162360437],
            [-2.932859374, 52.162743973],
            [-2.933038216, 52.163468082],
            [-2.933109342, 52.163652766],
            [-2.933148932, 52.163724358],
            [-2.933206317, 52.163811089],
            [-2.933348603, 52.163974536],
            [-2.933390344, 52.16401645],
            [-2.933667439, 52.16426242],
            [-2.933827191, 52.164419346],
            [-2.934009804, 52.164620224],
            [-2.934152792, 52.164816921],
            [-2.934208941, 52.164913548],
            [-2.934228655, 52.164951142],
            [-2.934285167, 52.165134143],
            [-2.934341678, 52.165317054],
            [-2.934350782, 52.165544472],
            [-2.934326315, 52.165630952],
            [-2.934234274, 52.165846588],
            [-2.934157426, 52.166085473],
            [-2.934171342, 52.166260632],
            [-2.934167182, 52.166620281],
            [-2.93407258, 52.167128143],
            [-2.934062172, 52.167402454],
            [-2.934085856, 52.167675596],
            [-2.934061812, 52.167402547],
            [-2.934108414, 52.167935265],
            [-2.934118337, 52.168408952],
            [-2.933986631, 52.168503922],
            [-2.933786356, 52.168675114],
            [-2.933637364, 52.168813992],
            [-2.933449741, 52.168990747],
            [-2.933109681, 52.168963417],
            [-2.932973422, 52.168961979],
            [-2.932989992, 52.168780197],
            [-2.932825797, 52.168405701],
            [-2.932479616, 52.167935572],
            [-2.932310744, 52.167757953],
            [-2.932122896, 52.167589471],
            [-2.9319016, 52.167631757],
            [-2.931579078, 52.167658573],
            [-2.931080457, 52.167727226],
            [-2.930788005, 52.167727736],
            [-2.929872263, 52.167848211],
            [-2.929384561, 52.167879919],
            [-2.928577638, 52.16795827],
            [-2.927571987, 52.168039887],
            [-2.92680603, 52.168123207],
            [-2.926494838, 52.168132843],
            [-2.9263503, 52.168144764],
            [-2.926205855, 52.168161179],
            [-2.925905674, 52.168207578],
            [-2.925605661, 52.168122748],
            [-2.925337029, 52.168074522],
            [-2.925257687, 52.16805627],
            [-2.925184196, 52.168035275],
            [-2.92503822, 52.167977907],
            [-2.925017636, 52.167973574],
            [-2.924904749, 52.167953787],
            [-2.924753807, 52.168151002],
            [-2.924487802, 52.168578317],
            [-2.924397491, 52.16873461],
            [-2.924216248, 52.16909295],
            [-2.923703314, 52.16896664],
            [-2.923176354, 52.168867313],
            [-2.922915913, 52.169284784],
            [-2.922736752, 52.169528866],
            [-2.922684678, 52.169628232],
            [-2.922638433, 52.169723869],
            [-2.922741719, 52.1697689],
            [-2.922712079, 52.169822162],
            [-2.922579933, 52.17000215],
            [-2.92236299, 52.170191699],
            [-2.92227706, 52.170280545],
            [-2.922197034, 52.170369255],
            [-2.922069373, 52.170556397],
            [-2.922006026, 52.170606327],
            [-2.922104432, 52.17077094],
            [-2.922138221, 52.170918171],
            [-2.921670231, 52.171199653],
            [-2.92144148, 52.171308399],
            [-2.921209817, 52.171416269],
            [-2.920481579, 52.171700678],
            [-2.919962924, 52.171934911],
            [-2.919861396, 52.171975251],
            [-2.919685891, 52.172041334],
            [-2.919559411, 52.172081868],
            [-2.919504117, 52.172095782],
            [-2.91920535, 52.172142242],
            [-2.919132614, 52.172158089],
            [-2.918744092, 52.172254593],
            [-2.918483923, 52.172331221],
            [-2.91824139, 52.172409509],
            [-2.917980182, 52.172506008],
            [-2.917483293, 52.17273278],
            [-2.916963607, 52.17298858],
            [-2.916569314, 52.173227224],
            [-2.916910084, 52.173926998],
            [-2.917103349, 52.174237204],
            [-2.917246206, 52.17435932],
            [-2.917453788, 52.174497921],
            [-2.917483161, 52.174577687],
            [-2.917487397, 52.174637065],
            [-2.917474077, 52.17470458],
            [-2.917341311, 52.174862006],
            [-2.917143307, 52.1750425],
            [-2.916852151, 52.175178687],
            [-2.916549984, 52.175348305],
            [-2.916016998, 52.175739025],
            [-2.916005262, 52.175813358],
            [-2.915968983, 52.176036995],
            [-2.915961642, 52.17631937],
            [-2.915748331, 52.17681771],
            [-2.915579927, 52.177248381],
            [-2.915403386, 52.17757656],
            [-2.91522977, 52.177853483],
            [-2.914896408, 52.178425468],
            [-2.914779754, 52.178657997],
            [-2.914269098, 52.179005393],
            [-2.91423058, 52.179020522],
            [-2.914113805, 52.179065109],
            [-2.913092717, 52.179713423],
            [-2.911932786, 52.180472815],
            [-2.911789238, 52.18057657],
            [-2.911357717, 52.18088631],
            [-2.910448688, 52.181422012],
            [-2.910377143, 52.181485211],
            [-2.910161286, 52.18167419],
            [-2.909516471, 52.182110683],
            [-2.909439064, 52.182170422],
            [-2.909206803, 52.182347751],
            [-2.90892337, 52.18250543],
            [-2.908588766, 52.182738194],
            [-2.908437804, 52.182934489],
            [-2.908304707, 52.183149431],
            [-2.908246842, 52.183256925],
            [-2.908194985, 52.183363384],
            [-2.908350129, 52.183514178],
            [-2.908487791, 52.183694678],
            [-2.908533511, 52.183754546],
            [-2.908729948, 52.183919403],
            [-2.90885334, 52.184091923],
            [-2.908895969, 52.184171679],
            [-2.908905376, 52.184201267],
            [-2.908959402, 52.184484965],
            [-2.909017519, 52.184608553],
            [-2.909070239, 52.184686344],
            [-2.909101812, 52.184726547],
            [-2.909289563, 52.184896862],
            [-2.909389649, 52.184996758],
            [-2.909486723, 52.185096766],
            [-2.909551299, 52.185176262],
            [-2.9096963, 52.18585168],
            [-2.909756622, 52.186638394],
            [-2.909877173, 52.186665327],
            [-2.909798016, 52.186734247],
            [-2.909606282, 52.186871446],
            [-2.909190743, 52.187152473],
            [-2.908798431, 52.187484551],
            [-2.908530675, 52.187921818],
            [-2.908317582, 52.188236425],
            [-2.907912922, 52.188614345],
            [-2.907811859, 52.188679837],
            [-2.90773961, 52.188851347],
            [-2.907021106, 52.189146202],
            [-2.906648623, 52.189316334],
            [-2.90618794, 52.189538375],
            [-2.9058429, 52.189759436],
            [-2.90533556, 52.190060029],
            [-2.905219276, 52.190118805],
            [-2.904869191, 52.190293793],
            [-2.904321564, 52.190553344],
            [-2.903991332, 52.190720358],
            [-2.904263745, 52.190949354],
            [-2.904819368, 52.191439619],
            [-2.904692807, 52.191544852],
            [-2.904919124, 52.191742742],
            [-2.905352448, 52.192066404],
            [-2.905496972, 52.19217432],
            [-2.90602485, 52.192591899],
            [-2.90582655, 52.192698672],
            [-2.905794989, 52.192730373],
            [-2.905769337, 52.192762028],
            [-2.9057448, 52.192848503],
            [-2.905664015, 52.192909343],
            [-2.905732007, 52.192943066],
            [-2.905425024, 52.193097321],
            [-2.905174081, 52.193201712],
            [-2.90515755, 52.193254868],
            [-2.905146237, 52.19327392],
            [-2.905121173, 52.19329892],
            [-2.905058414, 52.193344701],
            [-2.905045853, 52.193373559],
            [-2.905054853, 52.193454383],
            [-2.905038285, 52.193505743],
            [-2.905015436, 52.193532882],
            [-2.904972193, 52.193565571],
            [-2.904923072, 52.193593901],
            [-2.904878035, 52.193609526],
            [-2.904821226, 52.193621647],
            [-2.904762843, 52.193627487],
            [-2.904735067, 52.193625903],
            [-2.904607895, 52.19356477],
            [-2.90444049, 52.193530101],
            [-2.904202701, 52.193492377],
            [-2.904129687, 52.193496532],
            [-2.904071785, 52.193532029],
            [-2.904015542, 52.193572008],
            [-2.903897778, 52.193677262],
            [-2.903865691, 52.193825812],
            [-2.90385311, 52.193853771],
            [-2.90370945, 52.193913384],
            [-2.903586941, 52.193862102],
            [-2.90353696, 52.193848104],
            [-2.903477056, 52.19385036],
            [-2.903417141, 52.19385801],
            [-2.903323144, 52.193910052],
            [-2.903160164, 52.193950847],
            [-2.902883926, 52.193968242],
            [-2.902547421, 52.194035531],
            [-2.902338316, 52.194044321],
            [-2.902121428, 52.194026207],
            [-2.901955115, 52.194045455],
            [-2.901815465, 52.194088766],
            [-2.901657362, 52.194084582],
            [-2.901418132, 52.194118768],
            [-2.901237563, 52.194083296],
            [-2.900875369, 52.194186729],
            [-2.900796035, 52.194242253],
            [-2.900355453, 52.19445414],
            [-2.900301173, 52.194513876],
            [-2.900147883, 52.194533022],
            [-2.900132734, 52.194577269],
            [-2.900107851, 52.194724864],
            [-2.900094941, 52.194736647],
            [-2.900079082, 52.194745756],
            [-2.900048436, 52.194751383],
            [-2.899892214, 52.194768753],
            [-2.899851764, 52.194790633],
            [-2.899732129, 52.194881516],
            [-2.899724953, 52.194890559],
            [-2.899883789, 52.195002598],
            [-2.899895366, 52.195068123],
            [-2.899829823, 52.195083902],
            [-2.899733082, 52.195072057],
            [-2.899534096, 52.195074473],
            [-2.899373771, 52.195175464],
            [-2.899251852, 52.195225019],
            [-2.899145579, 52.195177203],
            [-2.8988262, 52.195155369],
            [-2.89865831, 52.19510272],
            [-2.898583433, 52.195158118],
            [-2.898470299, 52.195206706],
            [-2.898298592, 52.195180061],
            [-2.898215802, 52.195214037],
            [-2.898187177, 52.195242118],
            [-2.898180146, 52.19525835],
            [-2.898183475, 52.195279896],
            [-2.898233658, 52.195375687],
            [-2.898255321, 52.195433046],
            [-2.898257493, 52.195468982],
            [-2.898248324, 52.195516778],
            [-2.898224427, 52.19556999],
            [-2.898181649, 52.195626042],
            [-2.898125651, 52.195678599],
            [-2.898066523, 52.195719496],
            [-2.898028929, 52.195739556],
            [-2.897849017, 52.195814628],
            [-2.89768312, 52.195860921],
            [-2.89751315, 52.195920637],
            [-2.896828111, 52.196119091],
            [-2.896746813, 52.19600556],
            [-2.896651446, 52.195918202],
            [-2.896479738, 52.195891644],
            [-2.896337671, 52.19588733],
            [-2.896195742, 52.195883915],
            [-2.895869743, 52.195898974],
            [-2.89577268, 52.195949146],
            [-2.895744233, 52.195986213],
            [-2.895665105, 52.196052427],
            [-2.895513833, 52.196100314],
            [-2.895420455, 52.196111808],
            [-2.89532411, 52.19611973],
            [-2.89512369, 52.196123049],
            [-2.89499923, 52.196190595],
            [-2.89473329, 52.1962771],
            [-2.894530389, 52.196301109],
            [-2.894482345, 52.196389557],
            [-2.894342025, 52.196394216],
            [-2.894241978, 52.19636801],
            [-2.89414103, 52.196296871],
            [-2.894059351, 52.196308275],
            [-2.893971161, 52.196283777],
            [-2.893725241, 52.196352153],
            [-2.893609275, 52.196404263],
            [-2.893467959, 52.196509685],
            [-2.893373962, 52.196562528],
            [-2.893183317, 52.196614305],
            [-2.893058827, 52.196536153],
            [-2.892938475, 52.196519986],
            [-2.892829721, 52.196564851],
            [-2.892786082, 52.196650568],
            [-2.892673837, 52.196743995],
            [-2.892526698, 52.196775668],
            [-2.892428207, 52.196754842],
            [-2.892331472, 52.196671085],
            [-2.89212846, 52.196689698],
            [-2.891937479, 52.196652494],
            [-2.891721339, 52.196672104],
            [-2.891420703, 52.196634829],
            [-2.891321054, 52.196628391],
            [-2.891112468, 52.19665783],
            [-2.89081372, 52.196714914],
            [-2.890489789, 52.196761401],
            [-2.890251021, 52.196819828],
            [-2.89003506, 52.196848512],
            [-2.889848568, 52.196884973],
            [-2.889537638, 52.196924169],
            [-2.889098012, 52.196964334],
            [-2.888682569, 52.197037572],
            [-2.888486786, 52.197049832],
            [-2.888336771, 52.197088712],
            [-2.887902721, 52.197257451],
            [-2.887939382, 52.197408175],
            [-2.887784617, 52.19749931],
            [-2.887677338, 52.197545957],
            [-2.887520925, 52.197627128],
            [-2.887424118, 52.197690773],
            [-2.88721531, 52.197709421],
            [-2.887175858, 52.197787914],
            [-2.887055038, 52.197814978],
            [-2.886922773, 52.197860913],
            [-2.886866331, 52.1979647],
            [-2.886765806, 52.19805983],
            [-2.886798566, 52.198087447],
            [-2.886929644, 52.19813329],
            [-2.88696705, 52.198176151],
            [-2.886957352, 52.198204087],
            [-2.886938737, 52.198220406],
            [-2.886912608, 52.198234983],
            [-2.886880703, 52.198244211],
            [-2.886844089, 52.198247183],
            [-2.886808918, 52.198243852],
            [-2.886789891, 52.198239501],
            [-2.886626881, 52.198140959],
            [-2.886522083, 52.198166913],
            [-2.886492758, 52.198311841],
            [-2.886428506, 52.198386925],
            [-2.886365513, 52.198604101],
            [-2.886326612, 52.198637649],
            [-2.886025207, 52.198859313],
            [-2.885871391, 52.198919789],
            [-2.885700411, 52.199002865],
            [-2.885370334, 52.199257099],
            [-2.885280019, 52.199350354],
            [-2.885135101, 52.199348745],
            [-2.884990075, 52.199414637],
            [-2.884874485, 52.199413706],
            [-2.884701411, 52.199464439],
            [-2.884553399, 52.199525769],
            [-2.884384042, 52.199545015],
            [-2.884244689, 52.199671893],
            [-2.884145515, 52.199689714],
            [-2.884036572, 52.199731965],
            [-2.883884035, 52.199857144],
            [-2.883570947, 52.200007792],
            [-2.883495012, 52.200017349],
            [-2.883244968, 52.200025603],
            [-2.883088128, 52.200086099],
            [-2.882954899, 52.200150911],
            [-2.882811977, 52.200177148],
            [-2.882484842, 52.200355851],
            [-2.8818685, 52.200484496],
            [-2.881866854, 52.200553717],
            [-2.881900235, 52.200612788],
            [-2.881902128, 52.200635244],
            [-2.881893802, 52.200659574],
            [-2.881844047, 52.200730143],
            [-2.881817887, 52.200810333],
            [-2.881787769, 52.200842915],
            [-2.881751753, 52.200870148],
            [-2.881725603, 52.200883826],
            [-2.881695125, 52.200892143],
            [-2.881661506, 52.200894192],
            [-2.881624729, 52.200889074],
            [-2.881592447, 52.200879428],
            [-2.881567176, 52.200864337],
            [-2.881558259, 52.200852719],
            [-2.881549834, 52.200798854],
            [-2.881532063, 52.200790898],
            [-2.881491473, 52.200806481],
            [-2.881391613, 52.200862953],
            [-2.881374109, 52.200868476],
            [-2.881344917, 52.200868694],
            [-2.881319927, 52.200861691],
            [-2.881281382, 52.200840407],
            [-2.881182208, 52.20077913],
            [-2.881135104, 52.200764203],
            [-2.881010402, 52.200748057],
            [-2.880833005, 52.200733203],
            [-2.880765821, 52.200739996],
            [-2.880640579, 52.200769693],
            [-2.880506264, 52.200785975],
            [-2.880481557, 52.20079335],
            [-2.880441127, 52.200817021],
            [-2.880409542, 52.200848715],
            [-2.880398339, 52.200873965],
            [-2.880414178, 52.200936763],
            [-2.880407122, 52.200952096],
            [-2.880385417, 52.200964841],
            [-2.88034615, 52.200974122],
            [-2.880268624, 52.200976498],
            [-2.880166089, 52.200970972],
            [-2.88009426, 52.20096252],
            [-2.880020632, 52.200942396],
            [-2.87990856, 52.200893798],
            [-2.879851238, 52.200880743],
            [-2.879777841, 52.200872303],
            [-2.879725267, 52.200873594],
            [-2.879640702, 52.2008922],
            [-2.879616101, 52.200904967],
            [-2.879590533, 52.200942009],
            [-2.87957886, 52.201016787],
            [-2.879543921, 52.201031428],
            [-2.87950183, 52.201044325],
            [-2.879330113, 52.201017742],
            [-2.879233563, 52.201022057],
            [-2.87915472, 52.201104436],
            [-2.879119501, 52.201172109],
            [-2.879060384, 52.201214794],
            [-2.87867326, 52.20124644],
            [-2.878397978, 52.201315092],
            [-2.878033551, 52.201384316],
            [-2.877975472, 52.20140632],
            [-2.87808419, 52.201498987],
            [-2.878107706, 52.201584198],
            [-2.87813755, 52.20161094],
            [-2.878174545, 52.201633225],
            [-2.878332708, 52.201639238],
            [-2.87860978, 52.201593942],
            [-2.878609195, 52.201564286],
            [-2.878581072, 52.201471918],
            [-2.878670194, 52.201464064],
            [-2.878775572, 52.201466874],
            [-2.879029728, 52.201367011],
            [-2.879099507, 52.201344919],
            [-2.879235591, 52.201344804],
            [-2.879338063, 52.201420439],
            [-2.879422108, 52.201454866],
            [-2.87947953, 52.20139961],
            [-2.879777966, 52.201617593],
            [-2.880181768, 52.201837575],
            [-2.880547965, 52.201931104],
            [-2.88055412, 52.202022737],
            [-2.880589215, 52.202095278],
            [-2.880688441, 52.20215296],
            [-2.88083997, 52.202268763],
            [-2.881262023, 52.20244717],
            [-2.881418543, 52.2025224],
            [-2.88150838, 52.20255058],
            [-2.881783426, 52.202622227],
            [-2.881873315, 52.202653013],
            [-2.881957449, 52.20268564],
            [-2.882074312, 52.202750379],
            [-2.882108037, 52.202832817],
            [-2.882166699, 52.202913361],
            [-2.882140787, 52.203006132],
            [-2.882189734, 52.20304082],
            [-2.882286923, 52.203141658],
            [-2.882381005, 52.203310919],
            [-2.88237405, 52.203404447],
            [-2.88238487, 52.203506021],
            [-2.882419939, 52.203503961],
            [-2.882550959, 52.20347323],
            [-2.882639439, 52.203505914],
            [-2.882684293, 52.203553215],
            [-2.882632112, 52.20358057],
            [-2.882554647, 52.203659346],
            [-2.882499766, 52.203696607],
            [-2.88236906, 52.203816318],
            [-2.882393549, 52.203870962],
            [-2.882467467, 52.203984557],
            [-2.882512499, 52.204040845],
            [-2.882692784, 52.204127669],
            [-2.882744574, 52.204159639],
            [-2.882737273, 52.204381699],
            [-2.882745377, 52.204492281],
            [-2.882682765, 52.204730035],
            [-2.882690446, 52.204825341],
            [-2.882729004, 52.205072314],
            [-2.88272907, 52.205148712],
            [-2.8827098, 52.20535738],
            [-2.882750559, 52.205569283],
            [-2.88282146, 52.205676609],
            [-2.882813916, 52.205813374],
            [-2.882768241, 52.206016937],
            [-2.882600734, 52.206057737],
            [-2.882340477, 52.206216077],
            [-2.882344392, 52.206486678],
            [-2.882310336, 52.206539962],
            [-2.882235512, 52.206606135],
            [-2.882346988, 52.206690778],
            [-2.882411035, 52.206750519],
            [-2.882502696, 52.206870273],
            [-2.882577298, 52.206939013],
            [-2.882738353, 52.207016903],
            [-2.882838345, 52.207118619],
            [-2.882918667, 52.207183631],
            [-2.883065968, 52.207231064],
            [-2.883650626, 52.207343621],
            [-2.883697325, 52.207410681],
            [-2.883705469, 52.207450168],
            [-2.883705984, 52.207549033],
            [-2.883697354, 52.207630979],
            [-2.883678271, 52.207703026],
            [-2.883637909, 52.207809388],
            [-2.883594243, 52.207895191],
            [-2.883541644, 52.20797468],
            [-2.883456057, 52.208082279],
            [-2.883365721, 52.208175533],
            [-2.883211426, 52.208292724],
            [-2.88308559, 52.208366469],
            [-2.882937403, 52.208499703],
            [-2.882865341, 52.208626165],
            [-2.88279585, 52.208815434],
            [-2.882710089, 52.20921263],
            [-2.882740003, 52.209388572],
            [-2.882590031, 52.209431938],
            [-2.882358896, 52.209581161],
            [-2.881683941, 52.209864028],
            [-2.881195634, 52.210109545],
            [-2.881006863, 52.210186455],
            [-2.88099502, 52.210325858],
            [-2.880758498, 52.210502082],
            [-2.88061279, 52.210682032],
            [-2.880558344, 52.21074185],
            [-2.880377267, 52.210835778],
            [-2.880232116, 52.210970783],
            [-2.88000581, 52.211151424],
            [-2.879654883, 52.211388719],
            [-2.879536693, 52.211477683],
            [-2.87944923, 52.21149721],
            [-2.879300202, 52.211582809],
            [-2.879009872, 52.211852008],
            [-2.878897107, 52.211995848],
            [-2.878659919, 52.212218721],
            [-2.878579102, 52.212348841],
            [-2.87840026, 52.212483195],
            [-2.878316963, 52.212561113],
            [-2.878283672, 52.212580236],
            [-2.878247432, 52.212596684],
            [-2.878109008, 52.212632858],
            [-2.877467712, 52.212692456],
            [-2.877141056, 52.212754206],
            [-2.876914578, 52.212847568],
            [-2.876708169, 52.21291831],
            [-2.876493289, 52.213006282],
            [-2.876347146, 52.213091855],
            [-2.875927196, 52.213318866],
            [-2.875272194, 52.213578089],
            [-2.875123352, 52.213901056],
            [-2.87501792, 52.214492533],
            [-2.875013584, 52.214793754],
            [-2.87503659, 52.215067809],
            [-2.875038433, 52.215315057],
            [-2.874872302, 52.21579643],
            [-2.874774769, 52.216120813],
            [-2.874201934, 52.217137383],
            [-2.873989993, 52.217603725],
            [-2.873637078, 52.217670154],
            [-2.873618877, 52.217788122],
            [-2.873599557, 52.218144282],
            [-2.873617755, 52.218474997],
            [-2.873647024, 52.218545786],
            [-2.873679051, 52.218615655],
            [-2.873790734, 52.218783893],
            [-2.874021961, 52.219157971],
            [-2.874151657, 52.219352141],
            [-2.87426585, 52.21964799],
            [-2.874286946, 52.219824898],
            [-2.874290481, 52.220084716],
            [-2.874297895, 52.220161059],
            [-2.874343235, 52.22030642],
            [-2.874325475, 52.220373063],
            [-2.874221079, 52.220576157],
            [-2.874128811, 52.220573246],
            [-2.873993637, 52.220696484],
            [-2.873830779, 52.220823613],
            [-2.874137515, 52.22094268],
            [-2.874755591, 52.221027979],
            [-2.875365342, 52.221143987],
            [-2.875849317, 52.220965038],
            [-2.875982464, 52.221039549],
            [-2.876068747, 52.221032617],
            [-2.876158408, 52.221123719],
            [-2.876322365, 52.221199799],
            [-2.876602804, 52.221392756],
            [-2.876781088, 52.22152814],
            [-2.87695539, 52.221602344],
            [-2.87693258, 52.221633073],
            [-2.877013818, 52.221670219],
            [-2.877178146, 52.221691467],
            [-2.877406759, 52.221704148],
            [-2.877538307, 52.221617783],
            [-2.877725415, 52.221680207],
            [-2.877682623, 52.221738138],
            [-2.877911105, 52.221891033],
            [-2.878035002, 52.221936849],
            [-2.878200797, 52.221958984],
            [-2.878248579, 52.222007164],
            [-2.878404547, 52.222118443],
            [-2.878795996, 52.22236998],
            [-2.878875922, 52.222340533],
            [-2.879339017, 52.222662539],
            [-2.879763231, 52.222940793],
            [-2.879864685, 52.223041691],
            [-2.879990941, 52.223133326],
            [-2.880174207, 52.223068144],
            [-2.880406479, 52.223045739],
            [-2.881175297, 52.222908684],
            [-2.88135413, 52.222845331],
            [-2.881564239, 52.222813202],
            [-2.881760389, 52.223331425],
            [-2.881907019, 52.223787012],
            [-2.881498947, 52.223879941],
            [-2.88069347, 52.224007385],
            [-2.880190686, 52.224127082],
            [-2.880355401, 52.224313793],
            [-2.880543093, 52.22417928],
            [-2.88076588, 52.224116498],
            [-2.880901731, 52.224101103],
            [-2.881293343, 52.224066721],
            [-2.881409894, 52.224039785],
            [-2.88147965, 52.224008704],
            [-2.881534543, 52.223976836],
            [-2.88161667, 52.223906116],
            [-2.88165145, 52.223888689],
            [-2.8816937, 52.223876689],
            [-2.881749109, 52.223870882],
            [-2.881823868, 52.223873019],
            [-2.881892927, 52.223885985],
            [-2.881934263, 52.223900956],
            [-2.881956515, 52.22391526],
            [-2.881977339, 52.223936676],
            [-2.88198958, 52.223963549],
            [-2.88197788, 52.224110141],
            [-2.882750986, 52.223969539],
            [-2.88291923, 52.223743489],
            [-2.883680748, 52.223384469],
            [-2.884072551, 52.223214266],
            [-2.884691289, 52.222893159],
            [-2.884987267, 52.222681518],
            [-2.885266908, 52.222389017],
            [-2.885560523, 52.222283361],
            [-2.886045882, 52.222690651],
            [-2.886881451, 52.223336186],
            [-2.886419801, 52.223604892],
            [-2.887247874, 52.223728096],
            [-2.887784482, 52.223544299],
            [-2.888265546, 52.223444417],
            [-2.888199216, 52.223350541],
            [-2.888141379, 52.223313227],
            [-2.888104506, 52.223298225],
            [-2.888048709, 52.223290556],
            [-2.887921565, 52.223300501],
            [-2.887816046, 52.223293205],
            [-2.88774847, 52.223282029],
            [-2.88769396, 52.223266261],
            [-2.887646722, 52.223245944],
            [-2.887606736, 52.223220089],
            [-2.887563484, 52.223181766],
            [-2.887517013, 52.223127289],
            [-2.887482267, 52.223073622],
            [-2.88746684, 52.223032393],
            [-2.887464536, 52.222995559],
            [-2.887476969, 52.222953222],
            [-2.887503864, 52.222909787],
            [-2.887541145, 52.222872655],
            [-2.887577349, 52.222848115],
            [-2.8876819, 52.222806883],
            [-2.88777521, 52.222789103],
            [-2.887987654, 52.222795594],
            [-2.888124965, 52.222781078],
            [-2.888225475, 52.222755155],
            [-2.888350039, 52.222688605],
            [-2.888406817, 52.222672898],
            [-2.88848565, 52.222661518],
            [-2.888544127, 52.222658382],
            [-2.888658617, 52.222673698],
            [-2.888718956, 52.222691219],
            [-2.888829711, 52.222737123],
            [-2.888932088, 52.222804661],
            [-2.888973341, 52.222821427],
            [-2.889038091, 52.222836219],
            [-2.889112835, 52.222843745],
            [-2.889188951, 52.222841374],
            [-2.889256113, 52.22283188],
            [-2.889314304, 52.222814364],
            [-2.889376708, 52.222784233],
            [-2.889434432, 52.222743352],
            [-2.889473087, 52.222702614],
            [-2.88949869, 52.222661076],
            [-2.88951656, 52.222607013],
            [-2.889524344, 52.222555633],
            [-2.88950898, 52.222445195],
            [-2.889518376, 52.222401982],
            [-2.889542231, 52.222351469],
            [-2.889576487, 52.222308068],
            [-2.889626949, 52.222266253],
            [-2.889678956, 52.222235301],
            [-2.889729941, 52.222219637],
            [-2.889789758, 52.222211097],
            [-2.889845464, 52.222214272],
            [-2.889883713, 52.222225668],
            [-2.889952044, 52.222274677],
            [-2.889981532, 52.222282543],
            [-2.890043103, 52.222289269],
            [-2.890100204, 52.222289738],
            [-2.890215384, 52.222267207],
            [-2.890269607, 52.222268596],
            [-2.890320975, 52.222278185],
            [-2.890416931, 52.222314312],
            [-2.890536502, 52.222366439],
            [-2.890604635, 52.222405472],
            [-2.890721049, 52.222516944],
            [-2.890824824, 52.222581863],
            [-2.890844521, 52.222613173],
            [-2.890848155, 52.222649996],
            [-2.890838527, 52.222681527],
            [-2.890812686, 52.222705091],
            [-2.890772049, 52.222725172],
            [-2.890652683, 52.222755733],
            [-2.89050794, 52.222766713],
            [-2.890407323, 52.222787246],
            [-2.890357979, 52.222806493],
            [-2.890276915, 52.222851146],
            [-2.890216537, 52.222910114],
            [-2.890185464, 52.222967872],
            [-2.890192295, 52.223013659],
            [-2.890208777, 52.223035106],
            [-2.890238535, 52.223056453],
            [-2.890293172, 52.223078511],
            [-2.890365236, 52.223096842],
            [-2.890416568, 52.223104544],
            [-2.890573217, 52.223103362],
            [-2.890602633, 52.223107634],
            [-2.890759989, 52.223147791],
            [-2.890842234, 52.223156158],
            [-2.890935958, 52.223159046],
            [-2.89100464, 52.223153134],
            [-2.891058612, 52.223141941],
            [-2.8911573, 52.223103446],
            [-2.891217914, 52.22305625],
            [-2.891257422, 52.222985845],
            [-2.891423258, 52.223003467],
            [-2.891708309, 52.223055241],
            [-2.891832097, 52.223094752],
            [-2.891877925, 52.223116876],
            [-2.891944544, 52.223158616],
            [-2.892005566, 52.223204084],
            [-2.892042872, 52.223240653],
            [-2.892074421, 52.223279063],
            [-2.892221105, 52.223515328],
            [-2.892132825, 52.223567227],
            [-2.892325748, 52.223839994],
            [-2.892453613, 52.224160889],
            [-2.892537056, 52.224156662],
            [-2.892627764, 52.224376183],
            [-2.892794935, 52.225115803],
            [-2.893171604, 52.226598137],
            [-2.89319602, 52.226792184],
            [-2.893082583, 52.226829894],
            [-2.893186235, 52.227110525],
            [-2.893232229, 52.227429342],
            [-2.893318685, 52.227797287],
            [-2.89340276, 52.228046608],
            [-2.893466739, 52.228172855],
            [-2.893438959, 52.228322357],
            [-2.893545562, 52.22859937],
            [-2.893586428, 52.22873478],
            [-2.893680871, 52.229139515],
            [-2.893744549, 52.230488587],
            [-2.8937541, 52.230885876],
            [-2.893863542, 52.231015374],
            [-2.893936057, 52.231415871],
            [-2.893904096, 52.231579695],
            [-2.893460184, 52.231561486],
            [-2.893174639, 52.231638248],
            [-2.892930402, 52.231433372],
            [-2.89257109, 52.23147384],
            [-2.891931034, 52.2314634],
            [-2.891629045, 52.231448605],
            [-2.89103523, 52.231408151],
            [-2.890744872, 52.231383379],
            [-2.890285377, 52.231328334],
            [-2.88967596, 52.231310461],
            [-2.88898501, 52.231393055],
            [-2.888655923, 52.231411712],
            [-2.887889701, 52.231388629],
            [-2.887571019, 52.231414485],
            [-2.887238998, 52.231431363],
            [-2.887036365, 52.234855529],
            [-2.88701115, 52.235352936],
            [-2.887005642, 52.235664053],
            [-2.88699328, 52.235849389],
            [-2.886933013, 52.23642975],
            [-2.88692897, 52.236741664],
            [-2.887044388, 52.237134742],
            [-2.886224121, 52.237082573],
            [-2.885343186, 52.237197311],
            [-2.884532608, 52.237213367],
            [-2.882866025, 52.237238071],
            [-2.882078364, 52.237326112],
            [-2.881230546, 52.237620063],
            [-2.880171613, 52.237826331],
            [-2.879333063, 52.237973335],
            [-2.878345335, 52.237781337],
            [-2.877489941, 52.238103],
            [-2.87667, 52.238184055],
            [-2.875827102, 52.238197054],
            [-2.874998285, 52.23835501],
            [-2.874212297, 52.238407034],
            [-2.873400455, 52.238280113],
            [-2.872911517, 52.238653048],
            [-2.872911518, 52.238653138],
            [-2.872911281, 52.23865332],
            [-2.872759479, 52.239144289],
            [-2.871975184, 52.239419008],
            [-2.871225292, 52.239410166],
            [-2.870576011, 52.239118983],
            [-2.869658679, 52.239259848],
            [-2.869131955, 52.239752766],
            [-2.868550575, 52.2400692],
            [-2.8677682, 52.240394929],
            [-2.867013023, 52.240431668],
            [-2.866468856, 52.240062483],
            [-2.865674435, 52.240191988],
            [-2.864839647, 52.240021764],
            [-2.864034342, 52.239970409],
            [-2.863301613, 52.23985704],
            [-2.86255579, 52.239666016],
            [-2.861740129, 52.239808773],
            [-2.860927417, 52.239904585],
            [-2.860217074, 52.240198999],
            [-2.859835591, 52.240109652],
            [-2.859687603, 52.239956047],
            [-2.859189351, 52.239485019],
            [-2.858984019, 52.239319247],
            [-2.858860049, 52.239339923],
            [-2.858404648, 52.238967448],
            [-2.858040978, 52.238636548],
            [-2.857889687, 52.238461393],
            [-2.857832541, 52.238384512],
            [-2.857785875, 52.238243739],
            [-2.857730402, 52.23817844],
            [-2.857814614, 52.238137382],
            [-2.857627841, 52.237869009],
            [-2.857307246, 52.237498247],
            [-2.856929125, 52.23694895],
            [-2.856737383, 52.236722945],
            [-2.856616288, 52.236597903],
            [-2.856502691, 52.236630185],
            [-2.856212211, 52.236298748],
            [-2.855940608, 52.236031977],
            [-2.855846214, 52.235920222],
            [-2.855759065, 52.235808504],
            [-2.855757046, 52.235778858],
            [-2.855776868, 52.235591674],
            [-2.855820335, 52.235416092],
            [-2.855846124, 52.235231561],
            [-2.855848084, 52.235107512],
            [-2.855802277, 52.235086184],
            [-2.85528371, 52.234388699],
            [-2.854985022, 52.233855088],
            [-2.854750753, 52.233475514],
            [-2.854717674, 52.233356213],
            [-2.854721773, 52.23318622],
            [-2.854791613, 52.233164143],
            [-2.854140628, 52.232283357],
            [-2.853950264, 52.232051856],
            [-2.853441713, 52.232332456],
            [-2.852872393, 52.231886992],
            [-2.852548311, 52.231556687],
            [-2.851846959, 52.231024089],
            [-2.851626711, 52.230838729],
            [-2.851413912, 52.230657718],
            [-2.851231587, 52.23046669],
            [-2.85090934, 52.230382639],
            [-2.850203411, 52.230751922],
            [-2.849843518, 52.230921691],
            [-2.849498418, 52.23110133],
            [-2.849273049, 52.231184743],
            [-2.848921474, 52.231404873],
            [-2.848749992, 52.231471719],
            [-2.848033405, 52.231828392],
            [-2.846882098, 52.232262782],
            [-2.846329297, 52.232688466],
            [-2.845310053, 52.232990668],
            [-2.844704062, 52.233229595],
            [-2.844369303, 52.233415436],
            [-2.844179671, 52.233455441],
            [-2.84398859, 52.233489165],
            [-2.843544147, 52.233372802],
            [-2.84319861, 52.233455265],
            [-2.842811911, 52.233525438],
            [-2.842729672, 52.23366453],
            [-2.842459248, 52.233690729],
            [-2.842155138, 52.233869963],
            [-2.841729693, 52.233979147],
            [-2.841319223, 52.234114198],
            [-2.841108735, 52.234283864],
            [-2.840969195, 52.234496077],
            [-2.840921653, 52.234612451],
            [-2.840739568, 52.23482227],
            [-2.840599134, 52.234904252],
            [-2.840253223, 52.235197927],
            [-2.840221377, 52.235295314],
            [-2.840113316, 52.235467754],
            [-2.840081866, 52.235503031],
            [-2.840041468, 52.235537563],
            [-2.839992359, 52.235571168],
            [-2.839926921, 52.235596801],
            [-2.839854068, 52.235619789],
            [-2.839676134, 52.235653412],
            [-2.839161675, 52.235711],
            [-2.83903329, 52.235734383],
            [-2.838904955, 52.235760462],
            [-2.838484304, 52.235894766],
            [-2.838409798, 52.23590698],
            [-2.838277719, 52.235888144],
            [-2.838116956, 52.235827179],
            [-2.837760473, 52.235714664],
            [-2.837555263, 52.23562714],
            [-2.837500434, 52.235594273],
            [-2.837415576, 52.235518388],
            [-2.837363576, 52.235481906],
            [-2.837245159, 52.23541264],
            [-2.83717862, 52.235379856],
            [-2.837023726, 52.235316242],
            [-2.83682866, 52.235222262],
            [-2.836655249, 52.23519473],
            [-2.836399624, 52.235225304],
            [-2.836293296, 52.235253112],
            [-2.836188429, 52.235288009],
            [-2.836069511, 52.235269078],
            [-2.835978206, 52.235241862],
            [-2.835903226, 52.235228822],
            [-2.83576621, 52.235184852],
            [-2.83570879, 52.235168182],
            [-2.835647208, 52.235161427],
            [-2.83556524, 52.235162008],
            [-2.835458485, 52.235173549],
            [-2.835298003, 52.235204346],
            [-2.834995504, 52.235233451],
            [-2.834482311, 52.23527492],
            [-2.834406794, 52.235310507],
            [-2.834219284, 52.235387332],
            [-2.83414788, 52.235404016],
            [-2.834137619, 52.235404088],
            [-2.834080737, 52.235338878],
            [-2.834026873, 52.235273646],
            [-2.833964714, 52.235242538],
            [-2.83359162, 52.234242742],
            [-2.833288005, 52.233509489],
            [-2.833024515, 52.232578125],
            [-2.832533291, 52.231134074],
            [-2.832473119, 52.230970018],
            [-2.832329625, 52.230656361],
            [-2.832224933, 52.230377482],
            [-2.832191885, 52.230178991],
            [-2.832090873, 52.22970954],
            [-2.832031731, 52.229522917],
            [-2.832011641, 52.229384644],
            [-2.831869826, 52.229005361],
            [-2.83171407, 52.228506546],
            [-2.831565493, 52.22807518],
            [-2.831517344, 52.22789522],
            [-2.831419744, 52.227646401],
            [-2.831428076, 52.227465683],
            [-2.831372281, 52.227218816],
            [-2.83114685, 52.226672855],
            [-2.831030788, 52.226340127],
            [-2.830991498, 52.226194798],
            [-2.830958138, 52.226050236],
            [-2.830953896, 52.225745483],
            [-2.830897548, 52.225475251],
            [-2.830537722, 52.22548857],
            [-2.830332741, 52.225410019],
            [-2.830153652, 52.225308816],
            [-2.830026702, 52.225174799],
            [-2.82992106, 52.225082966],
            [-2.829496618, 52.224932255],
            [-2.829360568, 52.224860319],
            [-2.829295301, 52.224810445],
            [-2.829217688, 52.224732795],
            [-2.829175163, 52.2246531],
            [-2.829166044, 52.224552409],
            [-2.829139407, 52.224457323],
            [-2.828975241, 52.223977528],
            [-2.828733654, 52.223423586],
            [-2.828567201, 52.222976074],
            [-2.828152239, 52.223022129],
            [-2.827945054, 52.223057828],
            [-2.827864706, 52.223066481],
            [-2.82748588, 52.22308262],
            [-2.827071413, 52.223077437],
            [-2.827074402, 52.222920036],
            [-2.827050266, 52.222803361],
            [-2.82695336, 52.22270688],
            [-2.826611743, 52.222523222],
            [-2.82634454, 52.222479255],
            [-2.82632346, 52.222527039],
            [-2.826329987, 52.22256654],
            [-2.826373556, 52.222702853],
            [-2.826324052, 52.222799461],
            [-2.826226723, 52.222836095],
            [-2.826011373, 52.222828615],
            [-2.825927624, 52.222816618],
            [-2.825852757, 52.222801862],
            [-2.82579149, 52.222732993],
            [-2.825752367, 52.222602042],
            [-2.825746322, 52.222510407],
            [-2.825705253, 52.222346124],
            [-2.825123106, 52.222293572],
            [-2.824825764, 52.222283966],
            [-2.824545406, 52.222324574],
            [-2.824364728, 52.222292581],
            [-2.823878714, 52.222373273],
            [-2.823845708, 52.222409455],
            [-2.823853088, 52.222488588],
            [-2.823937928, 52.222644387],
            [-2.823992966, 52.222768127],
            [-2.824010115, 52.222827328],
            [-2.824011263, 52.222889338],
            [-2.824005033, 52.2229505],
            [-2.823979855, 52.223011794],
            [-2.823945868, 52.22307324],
            [-2.8238885, 52.223136556],
            [-2.823644001, 52.223373749],
            [-2.822912069, 52.223374362],
            [-2.822747373, 52.22333866],
            [-2.822620449, 52.22328292],
            [-2.822573077, 52.223175395],
            [-2.822622991, 52.223100446],
            [-2.822690983, 52.22305674],
            [-2.822892015, 52.223079695],
            [-2.822975025, 52.223058354],
            [-2.823054393, 52.222996682],
            [-2.823075995, 52.222898562],
            [-2.823053049, 52.222845693],
            [-2.823021277, 52.222791986],
            [-2.822908196, 52.222688424],
            [-2.82289036, 52.222676864],
            [-2.822503974, 52.222682255],
            [-2.822020193, 52.222642484],
            [-2.82182722, 52.222735506],
            [-2.821625063, 52.222651528],
            [-2.821494031, 52.222608399],
            [-2.821293108, 52.222512727],
            [-2.821321222, 52.222446829],
            [-2.821083712, 52.222193223],
            [-2.820399916, 52.222263592],
            [-2.819772185, 52.222356936],
            [-2.819286129, 52.222278521],
            [-2.818381663, 52.222288393],
            [-2.817965876, 52.222283187],
            [-2.817872974, 52.222252373],
            [-2.817391327, 52.222249419],
            [-2.81733943, 52.222210232],
            [-2.817176014, 52.222243721],
            [-2.816864516, 52.222258461],
            [-2.816702041, 52.222257788],
            [-2.81660343, 52.222231506],
            [-2.816560358, 52.222278542],
            [-2.816477671, 52.222238668],
            [-2.816386471, 52.222215032],
            [-2.816214151, 52.222236896],
            [-2.816051775, 52.222241615],
            [-2.815994444, 52.222228529],
            [-2.815879568, 52.222190675],
            [-2.815742363, 52.222133112],
            [-2.815544417, 52.222041005],
            [-2.815362003, 52.221992832],
            [-2.815197768, 52.221975092],
            [-2.815168328, 52.222127193],
            [-2.815160968, 52.222285522],
            [-2.815187182, 52.222517321],
            [-2.815160626, 52.222583117],
            [-2.815045667, 52.222619864],
            [-2.814966848, 52.222632991],
            [-2.814819272, 52.222648391],
            [-2.814694828, 52.222648352],
            [-2.814636197, 52.222643364],
            [-2.814550165, 52.222585536],
            [-2.814472735, 52.222509672],
            [-2.814258836, 52.222422976],
            [-2.814130099, 52.222346568],
            [-2.814085035, 52.222284862],
            [-2.814086238, 52.222192277],
            [-2.814119135, 52.222149716],
            [-2.814156564, 52.22211081],
            [-2.814239053, 52.222060806],
            [-2.814506407, 52.222034693],
            [-2.814582345, 52.222022485],
            [-2.814701653, 52.221979417],
            [-2.814755719, 52.22189995],
            [-2.814667818, 52.221891568],
            [-2.814239368, 52.221919692],
            [-2.813952601, 52.221927064],
            [-2.813770942, 52.221999322],
            [-2.81358674, 52.222176757],
            [-2.813570639, 52.222253356],
            [-2.813622861, 52.222310519],
            [-2.813670278, 52.222342549],
            [-2.81379021, 52.222412727],
            [-2.81405926, 52.222558365],
            [-2.814125943, 52.222601047],
            [-2.814178944, 52.222694156],
            [-2.814161339, 52.222774271],
            [-2.814101221, 52.222852972],
            [-2.813987576, 52.222961612],
            [-2.813929882, 52.223007848],
            [-2.813866328, 52.22305053],
            [-2.813712472, 52.223125293],
            [-2.81354757, 52.22315708],
            [-2.813446544, 52.223150586],
            [-2.813246817, 52.223119516],
            [-2.813056988, 52.223147878],
            [-2.812895478, 52.223200222],
            [-2.81283898, 52.223312063],
            [-2.81281854, 52.223474976],
            [-2.812769459, 52.223675747],
            [-2.812719945, 52.223766867],
            [-2.812649384, 52.223835752],
            [-2.812607153, 52.223843233],
            [-2.812516461, 52.223847453],
            [-2.812359593, 52.223836848],
            [-2.812200485, 52.223862211],
            [-2.812122221, 52.223905892],
            [-2.812053898, 52.224011522],
            [-2.81203208, 52.224019762],
            [-2.811983821, 52.224020993],
            [-2.81195581, 52.224013995],
            [-2.811920362, 52.223996263],
            [-2.811852082, 52.223945501],
            [-2.811822334, 52.223916045],
            [-2.811849011, 52.223856541],
            [-2.811836772, 52.223668686],
            [-2.811735177, 52.223551642],
            [-2.811623427, 52.223526346],
            [-2.811582098, 52.223510452],
            [-2.811546355, 52.223476543],
            [-2.811511944, 52.223436244],
            [-2.811454668, 52.223346758],
            [-2.811434557, 52.223283081],
            [-2.811433295, 52.223213882],
            [-2.811411051, 52.223198756],
            [-2.81138291, 52.223184568],
            [-2.811274013, 52.223150174],
            [-2.811209451, 52.223144326],
            [-2.81109973, 52.223144182],
            [-2.811052865, 52.223148998],
            [-2.810873209, 52.223245596],
            [-2.810775034, 52.223322668],
            [-2.810735579, 52.22333013],
            [-2.810658163, 52.223334257],
            [-2.810581911, 52.223329388],
            [-2.810545195, 52.223321551],
            [-2.810480207, 52.223292337],
            [-2.810453079, 52.223247583],
            [-2.810421361, 52.223116487],
            [-2.810345322, 52.2231233],
            [-2.810266712, 52.223061823],
            [-2.810159799, 52.223063456],
            [-2.809979005, 52.223104245],
            [-2.80991095, 52.223145158],
            [-2.809716068, 52.223293988],
            [-2.80964232, 52.22326753],
            [-2.80950709, 52.223311601],
            [-2.809463339, 52.223321788],
            [-2.809335915, 52.223317269],
            [-2.809185932, 52.22328684],
            [-2.809072039, 52.2233029],
            [-2.80883222, 52.223317128],
            [-2.808679711, 52.22338019],
            [-2.808513098, 52.223477504],
            [-2.808268879, 52.223409071],
            [-2.808157442, 52.223400846],
            [-2.808044915, 52.223412402],
            [-2.808000058, 52.223441471],
            [-2.807944214, 52.223510252],
            [-2.807483964, 52.22364283],
            [-2.807216018, 52.223477397],
            [-2.807153852, 52.223357383],
            [-2.807043716, 52.223341059],
            [-2.806932693, 52.223349009],
            [-2.806621293, 52.223456298],
            [-2.806623282, 52.223566028],
            [-2.806613968, 52.223618222],
            [-2.806601676, 52.223665942],
            [-2.806581226, 52.22374967],
            [-2.806471516, 52.223836795],
            [-2.806347135, 52.223920335],
            [-2.806330221, 52.223952807],
            [-2.806307215, 52.224055427],
            [-2.806360373, 52.224084724],
            [-2.806246952, 52.224206927],
            [-2.806184636, 52.224245103],
            [-2.805959877, 52.224358089],
            [-2.805907802, 52.224395296],
            [-2.805815612, 52.224476907],
            [-2.805742369, 52.2245583],
            [-2.805705702, 52.22463315],
            [-2.805700504, 52.224672733],
            [-2.805713872, 52.224764409],
            [-2.805483098, 52.224872043],
            [-2.805429444, 52.22490207],
            [-2.805348567, 52.224961943],
            [-2.805251046, 52.224995864],
            [-2.805062137, 52.224989064],
            [-2.804882894, 52.224956132],
            [-2.804775269, 52.224911926],
            [-2.804748057, 52.22486897],
            [-2.804728296, 52.224824164],
            [-2.804793739, 52.224718469],
            [-2.804968355, 52.224582458],
            [-2.805005843, 52.22454625],
            [-2.804992379, 52.224449181],
            [-2.804948725, 52.224384766],
            [-2.804659427, 52.224419995],
            [-2.804574873, 52.22443675],
            [-2.804442428, 52.224481784],
            [-2.804354725, 52.224571363],
            [-2.80430778, 52.224645384],
            [-2.804191944, 52.224714483],
            [-2.804036049, 52.224757789],
            [-2.803878073, 52.224766056],
            [-2.803787134, 52.224756788],
            [-2.803693201, 52.224742149],
            [-2.803526328, 52.224658798],
            [-2.803327406, 52.22451185],
            [-2.803268189, 52.224474504],
            [-2.803126811, 52.224425943],
            [-2.802810979, 52.224368771],
            [-2.802733251, 52.22411485],
            [-2.802651172, 52.224108218],
            [-2.802569071, 52.224106979],
            [-2.802418685, 52.224127775],
            [-2.80228575, 52.224386725],
            [-2.802248786, 52.224445398],
            [-2.801923597, 52.224518703],
            [-2.801572622, 52.224701747],
            [-2.801353205, 52.224790421],
            [-2.80117188, 52.224802528],
            [-2.800914007, 52.224793403],
            [-2.800712899, 52.224766006],
            [-2.800483451, 52.224619261],
            [-2.80010732, 52.224625408],
            [-2.799726912, 52.224561476],
            [-2.799974811, 52.224344892],
            [-2.800073713, 52.224226479],
            [-2.800101229, 52.224125537],
            [-2.800097024, 52.224052763],
            [-2.799847719, 52.223949293],
            [-2.799728322, 52.223907859],
            [-2.799503198, 52.223840087],
            [-2.799394334, 52.223813861],
            [-2.799153238, 52.223837964],
            [-2.799063847, 52.223834076],
            [-2.798978841, 52.223825663],
            [-2.79893848, 52.223782794],
            [-2.798902537, 52.223737199],
            [-2.798920763, 52.223609446],
            [-2.798993693, 52.223509994],
            [-2.799384215, 52.223331184],
            [-2.799255313, 52.223083],
            [-2.798890054, 52.223203217],
            [-2.798538175, 52.223336014],
            [-2.798460116, 52.223230395],
            [-2.798295158, 52.22317219],
            [-2.798083833, 52.223146656],
            [-2.797854156, 52.2231545],
            [-2.79763868, 52.223139779],
            [-2.797573999, 52.223120443],
            [-2.797510581, 52.223097503],
            [-2.797265478, 52.223086396],
            [-2.79699156, 52.223009781],
            [-2.796862159, 52.222921674],
            [-2.796699944, 52.222901918],
            [-2.796563782, 52.22290805],
            [-2.79640222, 52.22292478],
            [-2.796300748, 52.222967349],
            [-2.7962765, 52.223035551],
            [-2.796432581, 52.223191428],
            [-2.796451564, 52.223301133],
            [-2.796310623, 52.223370843],
            [-2.796171417, 52.223355334],
            [-2.796068145, 52.223236671],
            [-2.795871804, 52.22314452],
            [-2.795556602, 52.223033846],
            [-2.795213824, 52.223102219],
            [-2.795151903, 52.223081964],
            [-2.795097297, 52.223058963],
            [-2.795066, 52.223023222],
            [-2.795055648, 52.222882899],
            [-2.795101307, 52.222817249],
            [-2.795069394, 52.222699721],
            [-2.794936429, 52.222648307],
            [-2.79471551, 52.222673344],
            [-2.79459216, 52.222687207],
            [-2.794448691, 52.222723496],
            [-2.794352948, 52.222688189],
            [-2.794240371, 52.222697036],
            [-2.794018311, 52.222746077],
            [-2.793852478, 52.222760225],
            [-2.793725192, 52.2227023],
            [-2.793658532, 52.222578624],
            [-2.793646149, 52.222418991],
            [-2.793382191, 52.222182764],
            [-2.793193088, 52.222089841],
            [-2.792924945, 52.222099463],
            [-2.792752903, 52.222117247],
            [-2.792610321, 52.222081354],
            [-2.792530536, 52.222040545],
            [-2.792570502, 52.221987158],
            [-2.792736641, 52.221942899],
            [-2.792849655, 52.221877426],
            [-2.792843182, 52.221846012],
            [-2.792817232, 52.221785068],
            [-2.792799204, 52.221755529],
            [-2.792763381, 52.221716222],
            [-2.792724571, 52.221678644],
            [-2.792636209, 52.221644184],
            [-2.79256289, 52.221641081],
            [-2.792157561, 52.2216465],
            [-2.791900301, 52.221670697],
            [-2.791736892, 52.221698757],
            [-2.791693748, 52.221743178],
            [-2.791793637, 52.222093129],
            [-2.791843702, 52.222193459],
            [-2.791843357, 52.222255478],
            [-2.791741902, 52.222312784],
            [-2.791680457, 52.222312297],
            [-2.791409191, 52.222288951],
            [-2.791299872, 52.222236655],
            [-2.791247168, 52.222150723],
            [-2.791233335, 52.222031186],
            [-2.791290013, 52.221926545],
            [-2.79146519, 52.221732128],
            [-2.791495669, 52.221633865],
            [-2.791484883, 52.221604277],
            [-2.791410488, 52.22145917],
            [-2.791434874, 52.221181188],
            [-2.791422017, 52.22111656],
            [-2.791403309, 52.221055478],
            [-2.791311134, 52.220976103],
            [-2.791206124, 52.22091479],
            [-2.7910472, 52.220869118],
            [-2.790964475, 52.220825631],
            [-2.790910834, 52.220768378],
            [-2.790914603, 52.220735996],
            [-2.79092427, 52.220702675],
            [-2.791065691, 52.220592074],
            [-2.79121652, 52.220508373],
            [-2.791395552, 52.220449559],
            [-2.791453586, 52.220421307],
            [-2.791507108, 52.220390389],
            [-2.791617937, 52.220283587],
            [-2.791624317, 52.220146927],
            [-2.791532247, 52.219991962],
            [-2.791541226, 52.219919998],
            [-2.791681186, 52.219802125],
            [-2.791690852, 52.219768804],
            [-2.791693157, 52.219735533],
            [-2.791666842, 52.219653919],
            [-2.791628069, 52.219618227],
            [-2.791617875, 52.219621891],
            [-2.791604858, 52.219548277],
            [-2.791602437, 52.219330694],
            [-2.791651408, 52.219037266],
            [-2.791656725, 52.218759412],
            [-2.791660934, 52.218745003],
            [-2.791875277, 52.218615935],
            [-2.791714808, 52.218483],
            [-2.791888865, 52.218151883],
            [-2.79187961, 52.218038696],
            [-2.791874954, 52.218027942],
            [-2.791425333, 52.218011185],
            [-2.791183981, 52.218100886],
            [-2.791077112, 52.218104299],
            [-2.790957811, 52.218060159],
            [-2.790762833, 52.217879819],
            [-2.790623888, 52.217721662],
            [-2.790585662, 52.217628353],
            [-2.790605155, 52.2175707],
            [-2.790658662, 52.217450801],
            [-2.790691308, 52.217393059],
            [-2.79077895, 52.217306096],
            [-2.790861322, 52.21724173],
            [-2.790792677, 52.217168488],
            [-2.790760629, 52.217096799],
            [-2.790924642, 52.216933826],
            [-2.790923066, 52.216926646],
            [-2.790881287, 52.216884682],
            [-2.790518293, 52.216886216],
            [-2.790383321, 52.216870043],
            [-2.790282803, 52.216809598],
            [-2.790262349, 52.21673154],
            [-2.790305553, 52.216690714],
            [-2.790356016, 52.216650829],
            [-2.790529306, 52.21659574],
            [-2.790233943, 52.216450316],
            [-2.790007168, 52.216211765],
            [-2.790025364, 52.215999436],
            [-2.789944699, 52.215908299],
            [-2.789769119, 52.215745803],
            [-2.789668962, 52.215712319],
            [-2.789569022, 52.215684226],
            [-2.789457463, 52.215667895],
            [-2.789252171, 52.215646799],
            [-2.789158438, 52.215642033],
            [-2.788929196, 52.215672328],
            [-2.788868467, 52.215636782],
            [-2.788757299, 52.215553937],
            [-2.788708083, 52.215507528],
            [-2.788641776, 52.215395531],
            [-2.788468384, 52.215192663],
            [-2.788426607, 52.215068818],
            [-2.788488225, 52.214909318],
            [-2.788479114, 52.214892302],
            [-2.788399742, 52.214792077],
            [-2.788253845, 52.214649244],
            [-2.788186609, 52.214573295],
            [-2.788123837, 52.214497226],
            [-2.788105393, 52.214450612],
            [-2.788094325, 52.214404847],
            [-2.788164354, 52.214304612],
            [-2.788306652, 52.214244341],
            [-2.788496525, 52.214219703],
            [-2.788612615, 52.21424679],
            [-2.788668941, 52.214285961],
            [-2.788837805, 52.214567145],
            [-2.788867509, 52.214588518],
            [-2.788901493, 52.214606266],
            [-2.789024912, 52.214631506],
            [-2.789115493, 52.214621912],
            [-2.789147319, 52.21460642],
            [-2.789177738, 52.214586443],
            [-2.789228953, 52.214500624],
            [-2.789231544, 52.214401739],
            [-2.788968429, 52.214093323],
            [-2.788972448, 52.214068129],
            [-2.788983738, 52.214044685],
            [-2.789029632, 52.213992248],
            [-2.789258606, 52.213865693],
            [-2.78931073, 52.21383119],
            [-2.789365017, 52.213755327],
            [-2.789334182, 52.213670148],
            [-2.789261569, 52.213617604],
            [-2.78916916, 52.213605639],
            [-2.789067974, 52.21359553],
            [-2.788810504, 52.213605341],
            [-2.788661038, 52.213594656],
            [-2.788555334, 52.21357469],
            [-2.788434566, 52.213446879],
            [-2.788353798, 52.21334945],
            [-2.788241323, 52.213444575],
            [-2.788067803, 52.21348618],
            [-2.787925603, 52.213470053],
            [-2.787870297, 52.213406608],
            [-2.787949458, 52.213331478],
            [-2.788126223, 52.213309625],
            [-2.78821478, 52.213267689],
            [-2.788265175, 52.213060538],
            [-2.788328223, 52.212981921],
            [-2.788523771, 52.212950954],
            [-2.788774132, 52.212955572],
            [-2.788848789, 52.212953275],
            [-2.788945712, 52.212893216],
            [-2.788980267, 52.212861527],
            [-2.789066898, 52.21287443],
            [-2.789110211, 52.212758195],
            [-2.78922375, 52.212389736],
            [-2.789258791, 52.212140444],
            [-2.789261971, 52.21207481],
            [-2.789230936, 52.211889775],
            [-2.789164291, 52.211765288],
            [-2.789034814, 52.211642928],
            [-2.788899205, 52.211589907],
            [-2.788643029, 52.21158353],
            [-2.788464473, 52.211585623],
            [-2.78837938, 52.211570912],
            [-2.788292656, 52.211552616],
            [-2.788020105, 52.211452873],
            [-2.78796987, 52.211423548],
            [-2.787927354, 52.211393992],
            [-2.787918949, 52.211355489],
            [-2.787916633, 52.211313261],
            [-2.787939223, 52.21117829],
            [-2.787923931, 52.211064245],
            [-2.787826881, 52.210953351],
            [-2.787708144, 52.210857973],
            [-2.787583781, 52.210860601],
            [-2.787435819, 52.210934391],
            [-2.787364091, 52.211020256],
            [-2.787339362, 52.211191283],
            [-2.787325637, 52.211240809],
            [-2.787310248, 52.211284953],
            [-2.787284278, 52.211304001],
            [-2.787252333, 52.211319493],
            [-2.787027234, 52.211337174],
            [-2.78693631, 52.211326995],
            [-2.786814234, 52.211206471],
            [-2.786743078, 52.211072125],
            [-2.786729546, 52.210968763],
            [-2.786818788, 52.21080189],
            [-2.786754569, 52.210650331],
            [-2.787023921, 52.210487649],
            [-2.78740017, 52.210242373],
            [-2.787444312, 52.21017287],
            [-2.787440397, 52.210115283],
            [-2.787359022, 52.210071785],
            [-2.787264091, 52.210080508],
            [-2.787164775, 52.210093754],
            [-2.786946358, 52.210154622],
            [-2.786804883, 52.210178934],
            [-2.786661776, 52.210199662],
            [-2.78641466, 52.210213893],
            [-2.786293172, 52.210208411],
            [-2.786173443, 52.210145394],
            [-2.786165092, 52.210082444],
            [-2.786243155, 52.209945306],
            [-2.786286935, 52.209773253],
            [-2.786340012, 52.209710882],
            [-2.786727916, 52.209633696],
            [-2.786761308, 52.209618193],
            [-2.786953838, 52.209499166],
            [-2.787012894, 52.209447451],
            [-2.787066209, 52.20939856],
            [-2.787142214, 52.209309071],
            [-2.787163076, 52.209246915],
            [-2.787016144, 52.208969177],
            [-2.78669068, 52.208687237],
            [-2.786553603, 52.208632425],
            [-2.78634825, 52.208605931],
            [-2.786185746, 52.208600723],
            [-2.786158558, 52.20846869],
            [-2.786072785, 52.208339834],
            [-2.785792436, 52.208125001],
            [-2.785706927, 52.208004233],
            [-2.785678094, 52.207867717],
            [-2.785973656, 52.207030582],
            [-2.786181133, 52.206514905],
            [-2.786740072, 52.206511179],
            [-2.787050581, 52.206446192],
            [-2.787271684, 52.206456401],
            [-2.787463959, 52.206405684],
            [-2.787758562, 52.2063488],
            [-2.788065282, 52.206315293],
            [-2.788305176, 52.206310095],
            [-2.788408667, 52.206287832],
            [-2.788553908, 52.206224844],
            [-2.788754064, 52.206121942],
            [-2.788875232, 52.206103156],
            [-2.788929264, 52.206101895],
            [-2.788980616, 52.206106046],
            [-2.789027792, 52.206126403],
            [-2.78934258, 52.206303159],
            [-2.789733434, 52.206475899],
            [-2.790069444, 52.206603975],
            [-2.790212102, 52.206647061],
            [-2.79069216, 52.206570143],
            [-2.791186604, 52.206556042],
            [-2.791395573, 52.206372184],
            [-2.791616317, 52.206280733],
            [-2.791995296, 52.206199094],
            [-2.792616685, 52.206084368],
            [-2.793066682, 52.206040898],
            [-2.794006992, 52.205921234],
            [-2.794430661, 52.205883328],
            [-2.794652602, 52.205859364],
            [-2.795125726, 52.20580045],
            [-2.796893723, 52.205566426],
            [-2.797339279, 52.205524767],
            [-2.797847252, 52.205458417],
            [-2.798864194, 52.205367946],
            [-2.799497592, 52.205271887],
            [-2.800490339, 52.205144716],
            [-2.800895379, 52.205124889],
            [-2.802585507, 52.20415501],
            [-2.803001, 52.20390582],
            [-2.803457487, 52.203655451],
            [-2.803162749, 52.202893296],
            [-2.803489827, 52.202853319],
            [-2.804296322, 52.202864901],
            [-2.804489821, 52.202563291],
            [-2.805018985, 52.202697198],
            [-2.805408088, 52.202524668],
            [-2.805946912, 52.202218901],
            [-2.806204875, 52.202406785],
            [-2.806582237, 52.20255889],
            [-2.806734744, 52.202579418],
            [-2.806898145, 52.20254864],
            [-2.806976214, 52.202495976],
            [-2.807305214, 52.202242869],
            [-2.807557263, 52.202024442],
            [-2.807665795, 52.201875396],
            [-2.807694122, 52.201661197],
            [-2.807919674, 52.201432166],
            [-2.808278474, 52.201126721],
            [-2.807716057, 52.200529094],
            [-2.807249274, 52.200048643],
            [-2.808071688, 52.199730139],
            [-2.808867468, 52.199393835],
            [-2.809343238, 52.19916668],
            [-2.809707423, 52.1989997],
            [-2.810017379, 52.198829406],
            [-2.81008857, 52.198717465],
            [-2.810255543, 52.198645223],
            [-2.810403361, 52.198567809],
            [-2.811085714, 52.198112729],
            [-2.811035837, 52.197871204],
            [-2.811047145, 52.197849554],
            [-2.811064379, 52.197828764],
            [-2.811382406, 52.197618863],
            [-2.811579749, 52.197604922],
            [-2.811661436, 52.197592675],
            [-2.811735732, 52.197578682],
            [-2.811843491, 52.197547381],
            [-2.811917831, 52.197449799],
            [-2.811965276, 52.197405431],
            [-2.812215256, 52.197393823],
            [-2.812588055, 52.197217696],
            [-2.812491804, 52.196993568],
            [-2.812362646, 52.196896488],
            [-2.812226406, 52.196801254],
            [-2.812077093, 52.196716806],
            [-2.811556954, 52.196439869],
            [-2.811890396, 52.196189505],
            [-2.812280225, 52.196385457],
            [-2.812550648, 52.196211922],
            [-2.81275484, 52.195938987],
            [-2.812897965, 52.195684448],
            [-2.813011753, 52.195422022],
            [-2.813050239, 52.195204246],
            [-2.813174165, 52.195100838],
            [-2.813226343, 52.194754349],
            [-2.813253119, 52.19462204],
            [-2.813578861, 52.194189086],
            [-2.813617646, 52.194073772],
            [-2.813749751, 52.193857057],
            [-2.813773973, 52.193822736],
            [-2.814115149, 52.193594692],
            [-2.814824142, 52.193085477],
            [-2.814775982, 52.193011209],
            [-2.814479793, 52.192816326],
            [-2.814147772, 52.192581244],
            [-2.813883166, 52.192351987],
            [-2.813640317, 52.192111884],
            [-2.813576481, 52.192057497],
            [-2.813511077, 52.192003031],
            [-2.813148042, 52.191746678],
            [-2.812430134, 52.191932285],
            [-2.812315001, 52.19179646],
            [-2.812001654, 52.191618766],
            [-2.811713958, 52.191485027],
            [-2.811333092, 52.191295213],
            [-2.811141374, 52.191132949],
            [-2.810915147, 52.190916904],
            [-2.810431131, 52.190453481],
            [-2.810047673, 52.19011367],
            [-2.809908623, 52.19002834],
            [-2.809749203, 52.189950339],
            [-2.809595185, 52.189844349],
            [-2.809616621, 52.189736345],
            [-2.809576152, 52.189626609],
            [-2.809538983, 52.189572397],
            [-2.809401104, 52.189471688],
            [-2.809266507, 52.189226249],
            [-2.809274102, 52.189159685],
            [-2.809433942, 52.18902197],
            [-2.809466739, 52.188975007],
            [-2.80942438, 52.188900607],
            [-2.809260095, 52.188713884],
            [-2.809220174, 52.188660769],
            [-2.809145995, 52.188474596],
            [-2.809062181, 52.188202743],
            [-2.80881807, 52.187810651],
            [-2.808337121, 52.187101015],
            [-2.808257572, 52.186910923],
            [-2.808115736, 52.186751009],
            [-2.807909309, 52.186580662],
            [-2.807607627, 52.186271651],
            [-2.807559322, 52.186248163],
            [-2.80754034, 52.186238856],
            [-2.806880175, 52.186372802],
            [-2.80611971, 52.186542573],
            [-2.805908684, 52.186604235],
            [-2.805245627, 52.186898988],
            [-2.804591253, 52.187361215],
            [-2.804322677, 52.187475487],
            [-2.803820812, 52.18762793],
            [-2.803102262, 52.187936891],
            [-2.802708602, 52.187930313],
            [-2.80220554, 52.187889514],
            [-2.801889812, 52.187890672],
            [-2.801701462, 52.187879369],
            [-2.801234604, 52.187839759],
            [-2.800936315, 52.187797923],
            [-2.800640144, 52.187498025],
            [-2.800437839, 52.187327457],
            [-2.800271963, 52.187210839],
            [-2.800006066, 52.187065148],
            [-2.799859408, 52.187367333],
            [-2.799541903, 52.18753136],
            [-2.799325084, 52.187754924],
            [-2.799291656, 52.18792862],
            [-2.799010679, 52.188166101],
            [-2.798810839, 52.188361596],
            [-2.79852677, 52.188588311],
            [-2.798279205, 52.18881298],
            [-2.798172535, 52.188823589],
            [-2.797808549, 52.188682872],
            [-2.79678712, 52.188487725],
            [-2.795877186, 52.188322106],
            [-2.79568263, 52.188564388],
            [-2.794866777, 52.188257015],
            [-2.794281751, 52.1879346],
            [-2.793226632, 52.187173043],
            [-2.793105276, 52.187090181],
            [-2.792894908, 52.187108672],
            [-2.792537035, 52.187296321],
            [-2.792395755, 52.187334121],
            [-2.791878022, 52.187091236],
            [-2.791393875, 52.186844528],
            [-2.79083342, 52.186585836],
            [-2.790497284, 52.186686958],
            [-2.790286595, 52.186762072],
            [-2.789884454, 52.186854646],
            [-2.789378065, 52.186917447],
            [-2.788211162, 52.18702322],
            [-2.787950331, 52.186997999],
            [-2.787643856, 52.186956004],
            [-2.787418524, 52.186946723],
            [-2.78719972, 52.186904142],
            [-2.786944607, 52.186868005],
            [-2.786840081, 52.186829155],
            [-2.786537899, 52.186695451],
            [-2.786425114, 52.186605424],
            [-2.786249215, 52.186499549],
            [-2.786010107, 52.186297114],
            [-2.785779568, 52.186416393],
            [-2.785551203, 52.186488021],
            [-2.784941198, 52.186981212],
            [-2.784729738, 52.18710216],
            [-2.784569431, 52.187052893],
            [-2.784398075, 52.186786998],
            [-2.784494056, 52.186758497],
            [-2.784452027, 52.186700354],
            [-2.7844027, 52.186638665],
            [-2.784216548, 52.186450165],
            [-2.784014501, 52.18626986],
            [-2.783956831, 52.186234291],
            [-2.783887827, 52.18621947],
            [-2.783874176, 52.18627987],
            [-2.783491746, 52.18632106],
            [-2.783380832, 52.186337076],
            [-2.783165071, 52.186378056],
            [-2.782752859, 52.186481459],
            [-2.782650463, 52.18648124],
            [-2.782125107, 52.186047816],
            [-2.782019972, 52.185973912],
            [-2.781854727, 52.18580774],
            [-2.781753082, 52.185685278],
            [-2.781652288, 52.185611255],
            [-2.781489784, 52.185436166],
            [-2.781370938, 52.185329906],
            [-2.781249112, 52.185225553],
            [-2.781032778, 52.185061606],
            [-2.780949817, 52.185007238],
            [-2.780864117, 52.184954776],
            [-2.780444564, 52.184803857],
            [-2.779914064, 52.184494492],
            [-2.779577127, 52.184377988],
            [-2.779364612, 52.184356023],
            [-2.779129864, 52.184310837],
            [-2.778850744, 52.18416258],
            [-2.778679402, 52.184067449],
            [-2.778290705, 52.183831831],
            [-2.778098098, 52.183692799],
            [-2.7779054, 52.183548464],
            [-2.777294263, 52.183059768],
            [-2.777054941, 52.182834757],
            [-2.776924847, 52.182760114],
            [-2.776519662, 52.182587516],
            [-2.775817608, 52.18233319],
            [-2.775415338, 52.182251348],
            [-2.775051634, 52.182188935],
            [-2.774051349, 52.182113712],
            [-2.773622849, 52.182118321],
            [-2.773398125, 52.182149456],
            [-2.773134148, 52.182274413],
            [-2.773045279, 52.182295668],
            [-2.772800254, 52.182331428],
            [-2.772659051, 52.182373698],
            [-2.772115065, 52.182380856],
            [-2.771632838, 52.182402886],
            [-2.771368465, 52.182421693],
            [-2.771102586, 52.182444104],
            [-2.770611383, 52.182539891],
            [-2.77021596, 52.182511915],
            [-2.769438897, 52.182737284],
            [-2.768936404, 52.182689329],
            [-2.768606336, 52.182633058],
            [-2.768029066, 52.182577408],
            [-2.767632213, 52.182550331],
            [-2.766651245, 52.182658366],
            [-2.766367677, 52.182669197],
            [-2.76581727, 52.182724004],
            [-2.765498829, 52.182747642],
            [-2.765504435, 52.183073962],
            [-2.765471948, 52.183316939],
            [-2.765420953, 52.183493436],
            [-2.765361079, 52.183588289],
            [-2.76528938, 52.183668747],
            [-2.76525277, 52.184008823],
            [-2.76513029, 52.184201152],
            [-2.765030526, 52.184438185],
            [-2.764941194, 52.184601537],
            [-2.764913357, 52.184687104],
            [-2.764683412, 52.18475241],
            [-2.764721018, 52.184898761],
            [-2.76473492, 52.1850272],
            [-2.764764132, 52.185106106],
            [-2.765032778, 52.185166471],
            [-2.765186559, 52.185174461],
            [-2.765399857, 52.185164988],
            [-2.76578608, 52.185168773],
            [-2.766084332, 52.185162342],
            [-2.766447348, 52.185177061],
            [-2.766695764, 52.185161964],
            [-2.766855194, 52.185161826],
            [-2.766939648, 52.18522689],
            [-2.766968694, 52.185295909],
            [-2.76707405, 52.185384205],
            [-2.767096461, 52.185411024],
            [-2.767111547, 52.185439687],
            [-2.767148496, 52.185547393],
            [-2.767189348, 52.185622627],
            [-2.767217717, 52.185659293],
            [-2.767275219, 52.185685884],
            [-2.767488773, 52.185768173],
            [-2.76764215, 52.185843573],
            [-2.767745582, 52.185904018],
            [-2.767973804, 52.185990615],
            [-2.768304362, 52.186073939],
            [-2.76860689, 52.186140277],
            [-2.76867746, 52.186162287],
            [-2.76902642, 52.186298428],
            [-2.769100533, 52.186350974],
            [-2.769135854, 52.186447904],
            [-2.769153944, 52.18648284],
            [-2.77004071, 52.18650222],
            [-2.770173514, 52.186482478],
            [-2.770345145, 52.186427429],
            [-2.770415017, 52.186408997],
            [-2.770588806, 52.186562456],
            [-2.770695573, 52.186731722],
            [-2.770813275, 52.186856785],
            [-2.770854913, 52.186893364],
            [-2.770934428, 52.186923404],
            [-2.769974519, 52.187410714],
            [-2.769769782, 52.187497436],
            [-2.769420294, 52.187506008],
            [-2.769142295, 52.187498833],
            [-2.768869868, 52.187479038],
            [-2.768472366, 52.187416915],
            [-2.76832201, 52.187433174],
            [-2.768038319, 52.187438617],
            [-2.76784765, 52.187411097],
            [-2.767838878, 52.187412951],
            [-2.767666013, 52.187648754],
            [-2.767510295, 52.187612827],
            [-2.767132212, 52.187655822],
            [-2.766302538, 52.187808619],
            [-2.76541493, 52.188001423],
            [-2.765279132, 52.188015787],
            [-2.764616106, 52.187050008],
            [-2.764166638, 52.186432567],
            [-2.76370045, 52.185774697],
            [-2.763350031, 52.185383199],
            [-2.763025336, 52.185042766],
            [-2.762789123, 52.184826694],
            [-2.762556222, 52.1848957],
            [-2.762100988, 52.18496066],
            [-2.761436399, 52.18501888],
            [-2.760650361, 52.185069791],
            [-2.76002689, 52.185134929],
            [-2.759761709, 52.185192453],
            [-2.75973427, 52.18512513],
            [-2.759366359, 52.185169743],
            [-2.758041749, 52.18528621],
            [-2.757895886, 52.185226029],
            [-2.757471362, 52.185033625],
            [-2.757184512, 52.184937498],
            [-2.756865542, 52.18484598],
            [-2.756690665, 52.184710484],
            [-2.756484005, 52.184599459],
            [-2.756356907, 52.184521988],
            [-2.756327879, 52.184538353],
            [-2.755980472, 52.184056934],
            [-2.755380759, 52.183196757],
            [-2.755171503, 52.182931961],
            [-2.75571329, 52.182794569],
            [-2.756397404, 52.182602244],
            [-2.75609975, 52.182124102],
            [-2.755749348, 52.181642612],
            [-2.755426627, 52.181242824],
            [-2.755557747, 52.181209627],
            [-2.755227005, 52.180855729],
            [-2.754929708, 52.180482652],
            [-2.755466882, 52.180252714],
            [-2.757194924, 52.179268857],
            [-2.7574368, 52.179126101],
            [-2.757930141, 52.17880916],
            [-2.758466536, 52.178620558],
            [-2.758366966, 52.178523138],
            [-2.758203692, 52.178295892],
            [-2.75831706, 52.178254627],
            [-2.758312088, 52.178139612],
            [-2.758362228, 52.178074576],
            [-2.758418186, 52.178011299],
            [-2.758552517, 52.177912376],
            [-2.758683589, 52.177799182],
            [-2.758943837, 52.177532271],
            [-2.759810141, 52.176708601],
            [-2.760069788, 52.176499214],
            [-2.760271687, 52.176247955],
            [-2.760423832, 52.1760771],
            [-2.761040003, 52.175676573],
            [-2.760843484, 52.175557401],
            [-2.7594371, 52.175152926],
            [-2.759646322, 52.174907014],
            [-2.759927079, 52.174557278],
            [-2.760201154, 52.174254322],
            [-2.760425687, 52.174037071],
            [-2.760818585, 52.173759413],
            [-2.761001003, 52.173568588],
            [-2.761268524, 52.173221541],
            [-2.761385356, 52.173122817],
            [-2.761683688, 52.172956409],
            [-2.761718581, 52.173029886],
            [-2.761854055, 52.173083838],
            [-2.762707983, 52.172912039],
            [-2.762895924, 52.172953068],
            [-2.763099345, 52.172961638],
            [-2.763330677, 52.172896236],
            [-2.763464383, 52.172846835],
            [-2.763595044, 52.172795656],
            [-2.763760289, 52.172708301],
            [-2.764288501, 52.172301225],
            [-2.764184733, 52.17213463],
            [-2.763918907, 52.171980859],
            [-2.763865501, 52.171938871],
            [-2.763694822, 52.171786281],
            [-2.763640926, 52.171715624],
            [-2.763422691, 52.171609091],
            [-2.763271572, 52.171577712],
            [-2.763245769, 52.171521254],
            [-2.763554452, 52.171277387],
            [-2.763643996, 52.171212093],
            [-2.763788943, 52.171136554],
            [-2.763917182, 52.171028765],
            [-2.764073788, 52.170951263],
            [-2.764341417, 52.170865939],
            [-2.76442276, 52.170835752],
            [-2.764501056, 52.170796595],
            [-2.764573398, 52.170754781],
            [-2.764623845, 52.170708615],
            [-2.764774401, 52.170538574],
            [-2.764897405, 52.170463175],
            [-2.765300028, 52.170235772],
            [-2.765530971, 52.170141696],
            [-2.765735853, 52.170067562],
            [-2.765821666, 52.169960856],
            [-2.765911389, 52.169906345],
            [-2.765987448, 52.169821363],
            [-2.766169615, 52.169702346],
            [-2.766216774, 52.169549243],
            [-2.76551937, 52.169297523],
            [-2.765592739, 52.169231434],
            [-2.765997963, 52.168987832],
            [-2.766424138, 52.168771058],
            [-2.766572042, 52.168699989],
            [-2.766932126, 52.168552042],
            [-2.767138816, 52.168499465],
            [-2.766716083, 52.168060721],
            [-2.766178089, 52.167592614],
            [-2.765361378, 52.166821618],
            [-2.765341685, 52.166783996],
            [-2.765106701, 52.166634522],
            [-2.764793442, 52.166363227],
            [-2.764345492, 52.165899471],
            [-2.764095994, 52.165676386],
            [-2.765423841, 52.1653549],
            [-2.766277247, 52.165155126],
            [-2.766759392, 52.165054921],
            [-2.767428533, 52.164942621],
            [-2.76987991, 52.164662304],
            [-2.771066268, 52.164444232],
            [-2.771681738, 52.164359223],
            [-2.772633031, 52.164246036],
            [-2.773333832, 52.164112014],
            [-2.773950002, 52.163977555],
            [-2.77441054, 52.163898133],
            [-2.774701323, 52.163886336],
            [-2.774887108, 52.163895002],
            [-2.775074506, 52.163906354],
            [-2.775414255, 52.163944567],
            [-2.775687863, 52.163957148],
            [-2.775994566, 52.163938952],
            [-2.776350516, 52.163889871],
            [-2.776871416, 52.163829816],
            [-2.776041239, 52.163254473],
            [-2.775242487, 52.162641167],
            [-2.774464366, 52.162027721],
            [-2.774008359, 52.161693393],
            [-2.773564805, 52.161326084],
            [-2.772560012, 52.160622434],
            [-2.772243361, 52.160322419],
            [-2.771927798, 52.160161711],
            [-2.771463395, 52.160273506],
            [-2.771014662, 52.160371534],
            [-2.770906043, 52.160419252],
            [-2.77062686, 52.16050125],
            [-2.770471188, 52.16055332],
            [-2.770129325, 52.16056544],
            [-2.769728885, 52.16065443],
            [-2.769379149, 52.160804117],
            [-2.76895494, 52.16078711],
            [-2.768915921, 52.160404562],
            [-2.768873868, 52.160181573],
            [-2.768858884, 52.159990584],
            [-2.768879555, 52.159721346],
            [-2.768945828, 52.159433655],
            [-2.768941883, 52.159274682],
            [-2.768917844, 52.159201676],
            [-2.768813858, 52.158972708],
            [-2.768749823, 52.158928725],
            [-2.768603829, 52.158905768],
            [-2.768281681, 52.158879196],
            [-2.768180929, 52.158865741],
            [-2.768080977, 52.158849764],
            [-2.767867952, 52.158790751],
            [-2.767656962, 52.158590792],
            [-2.767514789, 52.158488624],
            [-2.767348339, 52.158411422],
            [-2.767173789, 52.158374807],
            [-2.767028074, 52.158325871],
            [-2.766649095, 52.158056896],
            [-2.766509657, 52.15792424],
            [-2.766392108, 52.157823888],
            [-2.766351774, 52.1577562],
            [-2.766238124, 52.157538978],
            [-2.766056127, 52.157391318],
            [-2.765945087, 52.157332988],
            [-2.765866721, 52.157261322],
            [-2.765890088, 52.157099026],
            [-2.765959016, 52.156929872],
            [-2.765974138, 52.156862992],
            [-2.765982096, 52.156800024],
            [-2.7659487, 52.156757278],
            [-2.765908599, 52.156717092],
            [-2.765727061, 52.156645018],
            [-2.765329136, 52.156577045],
            [-2.765167074, 52.15652318],
            [-2.765045491, 52.156510486],
            [-2.764806213, 52.156290123],
            [-2.764653996, 52.15617768],
            [-2.764451246, 52.156042107],
            [-2.764280152, 52.155861836],
            [-2.764217221, 52.155769218],
            [-2.764109274, 52.155701158],
            [-2.764002239, 52.155594804],
            [-2.763880301, 52.155392284],
            [-2.763878541, 52.155388071],
            [-2.763856092, 52.155336894],
            [-2.763836327, 52.155217211],
            [-2.763609912, 52.154959012],
            [-2.763461342, 52.154735272],
            [-2.763251325, 52.154498357],
            [-2.7629957, 52.154173655],
            [-2.762860576, 52.153967713],
            [-2.762806347, 52.153869195],
            [-2.76264868, 52.153542959],
            [-2.762643037, 52.153382019],
            [-2.762710323, 52.153123536],
            [-2.762805382, 52.153051556],
            [-2.762870957, 52.152876313],
            [-2.762896311, 52.152808559],
            [-2.76307639, 52.152571007],
            [-2.763313183, 52.152316819],
            [-2.763335312, 52.152236682],
            [-2.763236426, 52.15192984],
            [-2.763227212, 52.151813863],
            [-2.763145188, 52.151703661],
            [-2.762947963, 52.151551421],
            [-2.762957992, 52.151285219],
            [-2.76300473, 52.151114952],
            [-2.762964746, 52.150996568],
            [-2.762913184, 52.15088473],
            [-2.762861261, 52.150772805],
            [-2.762781591, 52.150630949],
            [-2.762751664, 52.150501624],
            [-2.762791195, 52.150339852],
            [-2.762861189, 52.150218869],
            [-2.762908238, 52.150066846],
            [-2.762717888, 52.149724193],
            [-2.762641705, 52.14963112],
            [-2.762556683, 52.149443819],
            [-2.762345943, 52.149254544],
            [-2.762150234, 52.149154963],
            [-2.762056276, 52.149044028],
            [-2.761970274, 52.148897988],
            [-2.761971976, 52.14883533],
            [-2.76200277, 52.148585173],
            [-2.762001864, 52.148532149],
            [-2.761916289, 52.148396892],
            [-2.76177626, 52.148241134],
            [-2.761735336, 52.148152057],
            [-2.761698629, 52.148062953],
            [-2.761658251, 52.147921112],
            [-2.761633338, 52.147718142],
            [-2.761606327, 52.147618189],
            [-2.761430731, 52.147439831],
            [-2.761250338, 52.147312196],
            [-2.761101463, 52.147237927],
            [-2.760987351, 52.147145997],
            [-2.760864382, 52.147029226],
            [-2.760685395, 52.146920277],
            [-2.76038536, 52.146821276],
            [-2.760152601, 52.146788173],
            [-2.759832458, 52.146725252],
            [-2.75954763, 52.146620399],
            [-2.759382498, 52.146532301],
            [-2.759191548, 52.146371385],
            [-2.759123384, 52.146295605],
            [-2.759119698, 52.146291404],
            [-2.759109121, 52.146278799],
            [-2.759051548, 52.146209332],
            [-2.758905479, 52.145980807],
            [-2.75879784, 52.145843892],
            [-2.75876197, 52.145796486],
            [-2.758769176, 52.145702963],
            [-2.758947476, 52.145637461],
            [-2.759000219, 52.145621392],
            [-2.759085933, 52.145595674],
            [-2.759244121, 52.14553084],
            [-2.759313582, 52.145491744],
            [-2.759700698, 52.145221315],
            [-2.760107318, 52.144971522],
            [-2.76018507, 52.144917002],
            [-2.760270279, 52.144840503],
            [-2.760453254, 52.144632507],
            [-2.76089619, 52.144216557],
            [-2.760966074, 52.144167121],
            [-2.761375847, 52.143898248],
            [-2.761497145, 52.143818639],
            [-2.761850799, 52.143622391],
            [-2.761758089, 52.14356268],
            [-2.761820817, 52.143524704],
            [-2.762093069, 52.143359631],
            [-2.762156824, 52.143318323],
            [-2.762218076, 52.143278649],
            [-2.762285338, 52.143224016],
            [-2.762337079, 52.143170652],
            [-2.762462315, 52.143018482],
            [-2.762462992, 52.143008771],
            [-2.762504453, 52.142967247],
            [-2.762745471, 52.142786735],
            [-2.762802982, 52.142739715],
            [-2.763029898, 52.14251678],
            [-2.763238924, 52.142332789],
            [-2.763509648, 52.142121344],
            [-2.763599397, 52.142050296],
            [-2.763849756, 52.14181777],
            [-2.763931776, 52.141752794],
            [-2.764103116, 52.14164104],
            [-2.764156021, 52.141606632],
            [-2.764228529, 52.141556098],
            [-2.764322589, 52.141490684],
            [-2.764333781, 52.141482882],
            [-2.764386252, 52.141437242],
            [-2.764410705, 52.141415872],
            [-2.764457172, 52.141371439],
            [-2.764457765, 52.141370896],
            [-2.764515161, 52.141303292],
            [-2.764680734, 52.141108255],
            [-2.764794555, 52.14101494],
            [-2.764889865, 52.140952303],
            [-2.76495972, 52.140915808],
            [-2.764992682, 52.140898876],
            [-2.765095593, 52.140857942],
            [-2.765538028, 52.140712429],
            [-2.765592299, 52.140694549],
            [-2.765685747, 52.140663922],
            [-2.765842758, 52.140623355],
            [-2.766310477, 52.140540322],
            [-2.766404924, 52.140511755],
            [-2.766467374, 52.140486182],
            [-2.766575936, 52.140430649],
            [-2.766756553, 52.140312629],
            [-2.766817064, 52.140258307],
            [-2.766832445, 52.140234928],
            [-2.766840982, 52.14020593],
            [-2.766840368, 52.140177172],
            [-2.766837442, 52.140090996],
            [-2.766845831, 52.140060381],
            [-2.766869163, 52.139973854],
            [-2.766867445, 52.139944025],
            [-2.766854967, 52.139911928],
            [-2.766833961, 52.139881416],
            [-2.766631441, 52.139671063],
            [-2.765668508, 52.138802149],
            [-2.765421311, 52.138627407],
            [-2.765207508, 52.138510152],
            [-2.765067137, 52.138417587],
            [-2.764828574, 52.13822625],
            [-2.764743096, 52.138145192],
            [-2.764635575, 52.138043245],
            [-2.764495635, 52.137877244],
            [-2.76447436, 52.137858956],
            [-2.764459566, 52.137846289],
            [-2.764262641, 52.13770825],
            [-2.763834641, 52.13735114],
            [-2.763607153, 52.137123417],
            [-2.763322306, 52.136873505],
            [-2.763269987, 52.136843194],
            [-2.763261656, 52.136828058],
            [-2.763111346, 52.136752542],
            [-2.762931889, 52.136684495],
            [-2.762632052, 52.136579207],
            [-2.762526292, 52.136544568],
            [-2.762455785, 52.136521475],
            [-2.761917661, 52.136366494],
            [-2.76180096, 52.136333093],
            [-2.761571881, 52.136279476],
            [-2.76067899, 52.136110512],
            [-2.7602819, 52.136023731],
            [-2.760031269, 52.13597771],
            [-2.759894006, 52.135960529],
            [-2.759800052, 52.135954034],
            [-2.759626147, 52.135949762],
            [-2.75940111, 52.135956515],
            [-2.759349602, 52.135839102],
            [-2.759389087, 52.135589608],
            [-2.759486489, 52.135126183],
            [-2.759586523, 52.134852929],
            [-2.759620025, 52.134761663],
            [-2.759781046, 52.134242731],
            [-2.758823101, 52.134084778],
            [-2.758782178, 52.134008822],
            [-2.758276802, 52.133928305],
            [-2.758061201, 52.133858775],
            [-2.758037244, 52.133845447],
            [-2.757935216, 52.133788849],
            [-2.758101836, 52.133605768],
            [-2.75824925, 52.133419665],
            [-2.758400117, 52.13320289],
            [-2.758580901, 52.132995809],
            [-2.758850572, 52.13261109],
            [-2.759089072, 52.132051034],
            [-2.759148159, 52.131898934],
            [-2.759237243, 52.131555823],
            [-2.759409319, 52.13102154],
            [-2.759475961, 52.130740142],
            [-2.759476074, 52.130739692],
            [-2.759557039, 52.130514378],
            [-2.759650499, 52.130513775],
            [-2.759789643, 52.130536338],
            [-2.759880903, 52.130569185],
            [-2.759994401, 52.130634786],
            [-2.760101737, 52.130670945],
            [-2.760160379, 52.130684049],
            [-2.76016062, 52.130684048],
            [-2.760160862, 52.130684136],
            [-2.760254038, 52.13069513],
            [-2.760391323, 52.130693346],
            [-2.760441021, 52.130697519],
            [-2.760527607, 52.130717633],
            [-2.76044622, 52.130826016],
            [-2.760553754, 52.130909091],
            [-2.760496632, 52.130957007],
            [-2.760470782, 52.130995103],
            [-2.760459815, 52.131030138],
            [-2.76046336, 52.131061484],
            [-2.760554812, 52.131254048],
            [-2.760540809, 52.131337099],
            [-2.760550253, 52.131361216],
            [-2.760565194, 52.131382691],
            [-2.760605204, 52.131412094],
            [-2.760662846, 52.131430057],
            [-2.760725167, 52.131425701],
            [-2.760800772, 52.131402113],
            [-2.761042779, 52.131304109],
            [-2.761049622, 52.131302716],
            [-2.761086712, 52.131295107],
            [-2.76114804, 52.131289048],
            [-2.761223753, 52.131293053],
            [-2.761289923, 52.131302513],
            [-2.761413667, 52.131347104],
            [-2.761445699, 52.131353638],
            [-2.761479271, 52.131351624],
            [-2.761508264, 52.131342448],
            [-2.761531749, 52.131328095],
            [-2.761602898, 52.131233979],
            [-2.761650399, 52.131194125],
            [-2.761738527, 52.131135043],
            [-2.761783614, 52.131116056],
            [-2.761844618, 52.131098135],
            [-2.76191462, 52.131085099],
            [-2.762089545, 52.131072554],
            [-2.762161933, 52.131037032],
            [-2.762249355, 52.130936699],
            [-2.762562715, 52.130637076],
            [-2.762672931, 52.130587827],
            [-2.76275858, 52.130560129],
            [-2.76292856, 52.130519122],
            [-2.762968879, 52.130503132],
            [-2.762996516, 52.130492167],
            [-2.763020207, 52.130475835],
            [-2.763106214, 52.130384498],
            [-2.763138475, 52.130362179],
            [-2.76323762, 52.130320731],
            [-2.763272422, 52.130306124],
            [-2.763311503, 52.130281154],
            [-2.763336241, 52.130255647],
            [-2.763383348, 52.130206986],
            [-2.763443477, 52.130173161],
            [-2.763560949, 52.130146874],
            [-2.763791362, 52.130111137],
            [-2.763857407, 52.130085183],
            [-2.763862288, 52.130081825],
            [-2.763886334, 52.130065221],
            [-2.763921105, 52.130027695],
            [-2.763955457, 52.129979836],
            [-2.763987376, 52.129874198],
            [-2.76399207, 52.129866977],
            [-2.764011438, 52.129837371],
            [-2.76404444, 52.129802103],
            [-2.764071802, 52.129782152],
            [-2.764102313, 52.12977027],
            [-2.764138729, 52.12976554],
            [-2.764252877, 52.129777383],
            [-2.764346304, 52.12977498],
            [-2.764398827, 52.129768347],
            [-2.764399067, 52.129768256],
            [-2.764399308, 52.129768254],
            [-2.764471504, 52.1297499],
            [-2.76453371, 52.129710848],
            [-2.764610294, 52.129639255],
            [-2.764704238, 52.129568538],
            [-2.764847769, 52.129460469],
            [-2.764869412, 52.129437139],
            [-2.764900201, 52.129385257],
            [-2.764915908, 52.129338867],
            [-2.764917242, 52.129304254],
            [-2.764899231, 52.129237229],
            [-2.764850037, 52.129163936],
            [-2.764732177, 52.128534364],
            [-2.764752884, 52.128350962],
            [-2.764744222, 52.128098362],
            [-2.764735162, 52.127998383],
            [-2.76466122, 52.12767547],
            [-2.765111114, 52.127663473],
            [-2.765499828, 52.127609717],
            [-2.765799093, 52.127593482],
            [-2.766009078, 52.127589421],
            [-2.766149086, 52.127571434],
            [-2.766298988, 52.127540439],
            [-2.766782353, 52.127604977],
            [-2.767036961, 52.127618421],
            [-2.76716516, 52.127614171],
            [-2.767391892, 52.127575395],
            [-2.767459892, 52.127572435],
            [-2.767583036, 52.127582419],
            [-2.767680854, 52.127590411],
            [-2.767879015, 52.127585255],
            [-2.767989827, 52.127599454],
            [-2.768138599, 52.127642886],
            [-2.768326081, 52.12767501],
            [-2.768495758, 52.127680375],
            [-2.768478671, 52.127457312],
            [-2.76852179, 52.126974458],
            [-2.768520732, 52.126968982],
            [-2.768485343, 52.126788192],
            [-2.768455755, 52.126636576],
            [-2.768416731, 52.126517558],
            [-2.768288147, 52.126198239],
            [-2.768261726, 52.126132618],
            [-2.768244743, 52.126104596],
            [-2.768077321, 52.125907858],
            [-2.76803055, 52.125863492],
            [-2.767929901, 52.125788647],
            [-2.767792028, 52.125713326],
            [-2.767755834, 52.125688665],
            [-2.767693694, 52.125639994],
            [-2.767648782, 52.125591661],
            [-2.767621736, 52.125538627],
            [-2.767618248, 52.125503866],
            [-2.767607784, 52.125399582],
            [-2.766856824, 52.125292657],
            [-2.766057975, 52.125082765],
            [-2.766309478, 52.124909098],
            [-2.766537983, 52.124770903],
            [-2.766721166, 52.124637586],
            [-2.766845296, 52.124523079],
            [-2.766886545, 52.124484521],
            [-2.767127399, 52.124224096],
            [-2.767374627, 52.123991402],
            [-2.767459613, 52.123918944],
            [-2.767947234, 52.123567838],
            [-2.768251399, 52.123354994],
            [-2.768352782, 52.123283776],
            [-2.768451059, 52.123221028],
            [-2.768686945, 52.123092757],
            [-2.768940849, 52.122905856],
            [-2.769277171, 52.122672667],
            [-2.76933648, 52.122557142],
            [-2.769332255, 52.122409764],
            [-2.769349192, 52.122337299],
            [-2.769352555, 52.122322806],
            [-2.769403244, 52.122105412],
            [-2.769554889, 52.12166652],
            [-2.769398843, 52.121346572],
            [-2.769726146, 52.121205839],
            [-2.769835297, 52.121159466],
            [-2.770032985, 52.121086629],
            [-2.770139465, 52.121053037],
            [-2.770262772, 52.121024548],
            [-2.770358355, 52.121001543],
            [-2.770447701, 52.120980017],
            [-2.770669965, 52.120942701],
            [-2.771504733, 52.120885559],
            [-2.771510146, 52.120885164],
            [-2.7715569, 52.120886835],
            [-2.771675353, 52.120891183],
            [-2.772241609, 52.120947695],
            [-2.772688456, 52.120979461],
            [-2.772889485, 52.12099558],
            [-2.773023995, 52.12101609],
            [-2.773566648, 52.121135039],
            [-2.773637326, 52.121335999],
            [-2.774327832, 52.121550057],
            [-2.775099099, 52.12182353],
            [-2.775536853, 52.121969045],
            [-2.775942655, 52.122132925],
            [-2.776709001, 52.122427003],
            [-2.776845659, 52.12247374],
            [-2.777085586, 52.122330146],
            [-2.777462558, 52.122400913],
            [-2.777860021, 52.122431098],
            [-2.778213046, 52.122488988],
            [-2.778436899, 52.122508183],
            [-2.779058406, 52.122540839],
            [-2.77931959, 52.122539202],
            [-2.779874291, 52.122518456],
            [-2.780719964, 52.12251915],
            [-2.780853738, 52.122497142],
            [-2.780896937, 52.122488227],
            [-2.781008292, 52.122465109],
            [-2.781326482, 52.122369524],
            [-2.781444227, 52.122339981],
            [-2.781519973, 52.122325997],
            [-2.781573993, 52.122322942],
            [-2.781629583, 52.122327068],
            [-2.782061831, 52.122404195],
            [-2.782257932, 52.122427162],
            [-2.782344253, 52.122432521],
            [-2.782408394, 52.122429759],
            [-2.782590895, 52.122405088],
            [-2.78262121, 52.122403179],
            [-2.782701448, 52.122398152],
            [-2.782967332, 52.122403577],
            [-2.783310375, 52.122393209],
            [-2.783485401, 52.122374968],
            [-2.78356688, 52.122358248],
            [-2.783885181, 52.122276227],
            [-2.783985204, 52.122266304],
            [-2.784312562, 52.122233747],
            [-2.784425291, 52.122213582],
            [-2.784461752, 52.122205071],
            [-2.784936697, 52.122093782],
            [-2.785028188, 52.12206441],
            [-2.785105046, 52.122031541],
            [-2.785174369, 52.121987936],
            [-2.785250658, 52.121922714],
            [-2.785342313, 52.121820447],
            [-2.785395225, 52.121754481],
            [-2.78550915, 52.121590138],
            [-2.785693896, 52.121378494],
            [-2.785938466, 52.12100107],
            [-2.786063617, 52.120893187],
            [-2.786160173, 52.120823334],
            [-2.786570621, 52.120572433],
            [-2.786724635, 52.120441976],
            [-2.786817888, 52.120348776],
            [-2.786900888, 52.120254655],
            [-2.787131121, 52.119973497],
            [-2.787230067, 52.119868574],
            [-2.787319188, 52.119787085],
            [-2.787418592, 52.119708224],
            [-2.787658621, 52.119559485],
            [-2.78773186, 52.119499314],
            [-2.787914417, 52.119335319],
            [-2.787963391, 52.119299039],
            [-2.788209007, 52.119146396],
            [-2.788579426, 52.118948786],
            [-2.788750378, 52.118871243],
            [-2.788902665, 52.118807306],
            [-2.788973773, 52.118783461],
            [-2.789171697, 52.118739892],
            [-2.789401918, 52.118711386],
            [-2.789610525, 52.118700012],
            [-2.79002082, 52.118694567],
            [-2.790387566, 52.1186984],
            [-2.790710637, 52.118717894],
            [-2.791014993, 52.11874821],
            [-2.791262485, 52.118790591],
            [-2.79148728, 52.118863683],
            [-2.791594094, 52.118877347],
            [-2.792563005, 52.118904991],
            [-2.792813828, 52.118924606],
            [-2.792897868, 52.118930603],
            [-2.793507944, 52.118904926],
            [-2.79369732, 52.118882079],
            [-2.793890889, 52.118837633],
            [-2.794225087, 52.118744601],
            [-2.794459456, 52.11869898],
            [-2.794532893, 52.118691115],
            [-2.794635658, 52.118673434],
            [-2.795524905, 52.118575757],
            [-2.796084943, 52.118533327],
            [-2.796306425, 52.118501271],
            [-2.796482354, 52.118460535],
            [-2.796931482, 52.118336968],
            [-2.797075542, 52.118305434],
            [-2.797336298, 52.118267718],
            [-2.797729812, 52.118226407],
            [-2.79780264, 52.118211533],
            [-2.798040984, 52.118146104],
            [-2.798177811, 52.118120909],
            [-2.79848102, 52.118093689],
            [-2.798686854, 52.118082407],
            [-2.798889734, 52.118081033],
            [-2.799119264, 52.118088465],
            [-2.799237645, 52.118095752],
            [-2.799632691, 52.118133519],
            [-2.799802248, 52.118140638],
            [-2.799859244, 52.118142768],
            [-2.80061453, 52.118157414],
            [-2.800848524, 52.118172004],
            [-2.802074528, 52.118361048],
            [-2.802694569, 52.118414801],
            [-2.802779439, 52.118426806],
            [-2.802924514, 52.118451884],
            [-2.803055044, 52.11848515],
            [-2.803152005, 52.118513251],
            [-2.803422308, 52.118604796],
            [-2.803605459, 52.118637882],
            [-2.803662524, 52.118643785],
            [-2.803893372, 52.118637267],
            [-2.803989584, 52.118637061],
            [-2.804168243, 52.118821897],
            [-2.804285502, 52.118927247],
            [-2.80433725, 52.118965543],
            [-2.804476132, 52.119054477],
            [-2.80451775, 52.119091943],
            [-2.804532723, 52.119114311],
            [-2.804550137, 52.119185199],
            [-2.804562156, 52.119203992],
            [-2.804600733, 52.119239771],
            [-2.804633254, 52.119260222],
            [-2.804693226, 52.119267003],
            [-2.804757426, 52.119261172],
            [-2.804868684, 52.119273894],
            [-2.805047575, 52.119317613],
            [-2.805143835, 52.119360099],
            [-2.805166956, 52.119373423],
            [-2.805293202, 52.119489407],
            [-2.805708706, 52.119772481],
            [-2.806103309, 52.120031428],
            [-2.806270556, 52.120157018],
            [-2.806393059, 52.120225478],
            [-2.80646364, 52.120252859],
            [-2.806550243, 52.120273838],
            [-2.806641034, 52.120286699],
            [-2.806771005, 52.120288506],
            [-2.80743099, 52.120351758],
            [-2.807211237, 52.119753213],
            [-2.807111433, 52.119401471],
            [-2.807031332, 52.119253715],
            [-2.806992395, 52.11911817],
            [-2.806985813, 52.119000471],
            [-2.807011158, 52.118863587],
            [-2.807055941, 52.118762883],
            [-2.807160244, 52.118630672],
            [-2.807209693, 52.118534969],
            [-2.807234301, 52.11844402],
            [-2.807240087, 52.118357694],
            [-2.807236297, 52.118314577],
            [-2.807212374, 52.118210209],
            [-2.807125094, 52.118058187],
            [-2.807095819, 52.117977494],
            [-2.807081053, 52.117806731],
            [-2.807080962, 52.117715052],
            [-2.807086869, 52.117662071],
            [-2.807103961, 52.117615036],
            [-2.807133667, 52.117566297],
            [-2.807171048, 52.117529189],
            [-2.807534348, 52.11726955],
            [-2.807736693, 52.117152216],
            [-2.807929275, 52.117061015],
            [-2.808007177, 52.117007361],
            [-2.808018465, 52.116985712],
            [-2.808024851, 52.116932638],
            [-2.80798749, 52.116804363],
            [-2.807941288, 52.116593368],
            [-2.807932534, 52.116428945],
            [-2.807939625, 52.116341621],
            [-2.807966427, 52.116205716],
            [-2.808110558, 52.115779498],
            [-2.808169512, 52.115404108],
            [-2.808175296, 52.115317782],
            [-2.808161908, 52.115143503],
            [-2.808143061, 52.115073435],
            [-2.808053987, 52.114908663],
            [-2.808041626, 52.114870998],
            [-2.808037657, 52.114817995],
            [-2.80806272, 52.114665833],
            [-2.808060347, 52.114534622],
            [-2.80799816, 52.114085461],
            [-2.807862535, 52.114096277],
            [-2.807767617, 52.114094231],
            [-2.807682666, 52.114084028],
            [-2.807593153, 52.114061272],
            [-2.807502, 52.114027741],
            [-2.80741514, 52.113985193],
            [-2.807333913, 52.113934517],
            [-2.807270175, 52.113885518],
            [-2.807198643, 52.113805025],
            [-2.807174524, 52.113762946],
            [-2.807120507, 52.113598832],
            [-2.80709762, 52.113464975],
            [-2.807039912, 52.113343131],
            [-2.807005446, 52.113294831],
            [-2.806969763, 52.113259123],
            [-2.806923846, 52.113223395],
            [-2.806816375, 52.113172898],
            [-2.806422602, 52.113043467],
            [-2.8063405, 52.113024254],
            [-2.806181199, 52.113017255],
            [-2.806115255, 52.113006021],
            [-2.806030232, 52.112985031],
            [-2.805971454, 52.112963861],
            [-2.805937525, 52.112945218],
            [-2.805910752, 52.112922841],
            [-2.805838984, 52.112828956],
            [-2.805797387, 52.112792389],
            [-2.805685127, 52.112723228],
            [-2.805636611, 52.112703606],
            [-2.805583895, 52.112691383],
            [-2.805436111, 52.112675315],
            [-2.805375953, 52.11265775],
            [-2.805302228, 52.112622211],
            [-2.805238809, 52.112583995],
            [-2.805195865, 52.11255283],
            [-2.804937472, 52.112311824],
            [-2.804903511, 52.112291384],
            [-2.80487106, 52.112274528],
            [-2.804796103, 52.112250771],
            [-2.804566107, 52.112209198],
            [-2.804411284, 52.11212307],
            [-2.804283941, 52.112025069],
            [-2.804058371, 52.11182788],
            [-2.803853867, 52.111663802],
            [-2.803791345, 52.11159502],
            [-2.803771548, 52.111552012],
            [-2.803775728, 52.111536703],
            [-2.80379424, 52.111515005],
            [-2.803833339, 52.111493167],
            [-2.803898762, 52.111475644],
            [-2.803951089, 52.111466298],
            [-2.803981803, 52.111466988],
            [-2.804132585, 52.111489328],
            [-2.804189609, 52.111493434],
            [-2.804268478, 52.111493794],
            [-2.804309344, 52.11148992],
            [-2.804349977, 52.111479756],
            [-2.804406483, 52.111455102],
            [-2.80445261, 52.11142243],
            [-2.804478343, 52.1113872],
            [-2.804497311, 52.111310582],
            [-2.804516454, 52.111156753],
            [-2.804480535, 52.110860299],
            [-2.804466978, 52.110521897],
            [-2.804425953, 52.109941811],
            [-2.804418951, 52.109699987],
            [-2.804379578, 52.109311877],
            [-2.804367924, 52.108972114],
            [-2.804327881, 52.108386179],
            [-2.80420236, 52.108388833],
            [-2.804161896, 52.108327989],
            [-2.803995095, 52.108231066],
            [-2.803862195, 52.108144788],
            [-2.803712762, 52.108036151],
            [-2.803494881, 52.107856884],
            [-2.803410031, 52.107771266],
            [-2.80319783, 52.107499292],
            [-2.802829214, 52.107540453],
            [-2.802817413, 52.10729237],
            [-2.802773318, 52.106868338],
            [-2.802768012, 52.106720429],
            [-2.802786095, 52.106440324],
            [-2.80276249, 52.106185131],
            [-2.80321996, 52.106131681],
            [-2.803222711, 52.106117281],
            [-2.803199662, 52.105973537],
            [-2.803198134, 52.105808165],
            [-2.803180065, 52.10570034],
            [-2.803133894, 52.105549474],
            [-2.802820887, 52.104885583],
            [-2.802713076, 52.104734327],
            [-2.80268122, 52.104669829],
            [-2.802656739, 52.104607078],
            [-2.802631273, 52.104489507],
            [-2.802782473, 52.10445603],
            [-2.802900713, 52.10445073],
            [-2.803026223, 52.104448078],
            [-2.803315883, 52.104462642],
            [-2.803323588, 52.104261793],
            [-2.803355403, 52.103915442],
            [-2.803442708, 52.103655897],
            [-2.803432225, 52.103561593],
            [-2.803449528, 52.10346611],
            [-2.803487821, 52.103379743],
            [-2.80367664, 52.103028546],
            [-2.803669263, 52.102939613],
            [-2.803619373, 52.102601908],
            [-2.803665315, 52.102318377],
            [-2.803410981, 52.102299438],
            [-2.803400605, 52.102291419],
            [-2.80335859, 52.102224204],
            [-2.803359533, 52.102196335],
            [-2.803367883, 52.10217201],
            [-2.803400681, 52.102134935],
            [-2.80341605, 52.102092585],
            [-2.803394235, 52.102070983],
            [-2.803327087, 52.10201859],
            [-2.803142924, 52.101925379],
            [-2.802851808, 52.101808719],
            [-2.802744404, 52.101773497],
            [-2.802553949, 52.10172536],
            [-2.802490686, 52.101701522],
            [-2.802421452, 52.10166694],
            [-2.802076242, 52.101466966],
            [-2.801849509, 52.101362448],
            [-2.801766695, 52.101329036],
            [-2.801622937, 52.101266827],
            [-2.801517187, 52.101229796],
            [-2.801450859, 52.101196092],
            [-2.801386031, 52.101158782],
            [-2.801280856, 52.101073211],
            [-2.801156921, 52.101002058],
            [-2.800967445, 52.100860434],
            [-2.80080387, 52.100773641],
            [-2.80069545, 52.100715145],
            [-2.800508998, 52.100614486],
            [-2.80036638, 52.100555234],
            [-2.800314488, 52.10051424],
            [-2.800170357, 52.100370419],
            [-2.800125937, 52.100336566],
            [-2.800047727, 52.100291257],
            [-2.799902271, 52.10023472],
            [-2.79980182, 52.100170687],
            [-2.79948623, 52.099909384],
            [-2.799155196, 52.099659241],
            [-2.798856145, 52.099373288],
            [-2.798736481, 52.099291407],
            [-2.798501846, 52.099154489],
            [-2.798703266, 52.098995382],
            [-2.798478951, 52.098849855],
            [-2.798230007, 52.098619197],
            [-2.798099239, 52.09851528],
            [-2.797957523, 52.098350857],
            [-2.79789924, 52.098268471],
            [-2.797797128, 52.09811097],
            [-2.797725497, 52.098022472],
            [-2.797340223, 52.097625015],
            [-2.797288854, 52.097579253],
            [-2.79722772, 52.097525828],
            [-2.79713406, 52.09744386],
            [-2.79704697, 52.097386025],
            [-2.796988008, 52.097353168],
            [-2.796779141, 52.097270001],
            [-2.79668309, 52.097202341],
            [-2.796644924, 52.097188217],
            [-2.796602434, 52.097181314],
            [-2.796525162, 52.097188128],
            [-2.796329018, 52.09723799],
            [-2.796195541, 52.09728554],
            [-2.795793687, 52.097429549],
            [-2.794956931, 52.09765999],
            [-2.79483005, 52.097699585],
            [-2.794450394, 52.0978198],
            [-2.793937409, 52.097460943],
            [-2.79366568, 52.09719933],
            [-2.793528195, 52.097272161],
            [-2.793461472, 52.097296879],
            [-2.793391764, 52.097316223],
            [-2.793217106, 52.097342656],
            [-2.793103448, 52.097354206],
            [-2.792992567, 52.097359446],
            [-2.792789612, 52.097358115],
            [-2.791355863, 52.097263399],
            [-2.790879324, 52.097227948],
            [-2.789880799, 52.09713937],
            [-2.788995022, 52.096994212],
            [-2.787891801, 52.09685149],
            [-2.787566725, 52.096797936],
            [-2.787342548, 52.096746404],
            [-2.787188328, 52.096942477],
            [-2.787012047, 52.0971298],
            [-2.786288553, 52.096828761],
            [-2.785909926, 52.096631839],
            [-2.785665513, 52.096682005],
            [-2.785518436, 52.096702759],
            [-2.785427243, 52.096711906],
            [-2.785390566, 52.096706937],
            [-2.785380069, 52.096705479],
            [-2.78531697, 52.096696911],
            [-2.785153694, 52.096658811],
            [-2.784529431, 52.096490035],
            [-2.78432723, 52.096449137],
            [-2.784252609, 52.096442353],
            [-2.78407789, 52.096444864],
            [-2.783794853, 52.096475149],
            [-2.783680018, 52.096501979],
            [-2.783558268, 52.096553122],
            [-2.78346375, 52.096571727],
            [-2.7833601, 52.096570618],
            [-2.783275109, 52.096555903],
            [-2.783241296, 52.096542645],
            [-2.783058484, 52.096440406],
            [-2.782757305, 52.096328257],
            [-2.782695172, 52.096299189],
            [-2.782466469, 52.096194916],
            [-2.782358553, 52.096156265],
            [-2.781798822, 52.096028931],
            [-2.7811312, 52.095808924],
            [-2.780223284, 52.095398965]
          ]
        ]
      },
      "properties": {
        "source_name": "Weobley High School",
        "urn": "116952",
        "db_school_name": "Weobley High School"
      }
    }
  ]
}
