{"type":"FeatureCollection","features":[{"type":"Feature","properties":{"NAME":"Beal High School"},"geometry":{"type":"Polygon","coordinates":[[[0.04976998166529522,51.57618588729697],[0.04957498164914051,51.57637715304371],[0.0496349816541112,51.576422156631885],[0.04954498164665517,51.57648966193056],[0.049094981609375095,51.57723221359864],[0.049004981601919066,51.57729971769415],[0.04903498160440442,51.57741222429721],[0.04891498159446306,51.57750222937916],[0.0487949815845217,51.57777224355552],[0.04867498157458035,51.577862247924486],[0.04870498157706569,51.57799725414374],[0.04891498159446306,51.57819976272065],[0.04915498161434576,51.5785822764595],[0.04903498160440442,51.57871728053985],[0.04903498160440442,51.57885228421916],[0.04891498159446306,51.57894228644924],[0.0487949815845217,51.57921229207002],[0.04870498157706569,51.57927979322453],[0.04870498157706569,51.579392294925974],[0.04864498157209501,51.57945979581315],[0.04867498157458035,51.579482296086596],[0.04852498156215365,51.57970729820838],[0.04855498156463899,51.57975229849906],[0.04840498155221229,51.579954799255674],[0.04843498155469764,51.58002229930735],[0.0482549815397856,51.580224798860854],[0.0481049815273589,51.58065229495503],[0.047954981514932216,51.580809792502286],[0.04798498151741755,51.58083229210734],[0.047954981514932216,51.58096728950371],[0.04768498149256415,51.58139477861318],[0.047714981495049505,51.581462276526004],[0.04747498147516679,51.58175476632306],[0.04750498147765212,51.58186726189756],[0.04744498147268145,51.58195725815664],[0.04747498147516679,51.582002256219354],[0.047384981467710766,51.58206975322986],[0.04732498146274009,51.5822047469501],[0.04735498146522543,51.58227224365982],[0.04723498145528407,51.58236223911685],[0.04726498145776941,51.58238473795325],[0.047204981452798736,51.58247473318748],[0.04723498145528407,51.582542229496205],[0.04714498144782806,51.58263222441851],[0.047084981442857374,51.58287970953585],[0.047114981445342714,51.582992202325435],[0.04705498144037204,51.58303719936327],[0.047114981445342714,51.58317219020948],[0.04699498143540136,51.583284682274964],[0.04705498144037204,51.58332967902319],[0.04714498144782806,51.58355466209589],[0.04723498145528407,51.58362215680047],[0.047204981452798736,51.58364465501308],[0.04723498145528407,51.584342094077975],[0.0471749814503134,51.584409587612924],[0.0471749814503134,51.58476955143938],[0.047114981445342714,51.58481454671717],[0.0471749814503134,51.584882039550315],[0.047114981445342714,51.585444475927716],[0.0471749814503134,51.58548947053716],[0.04714498144782806,51.58645684386246],[0.047204981452798736,51.586906777926195],[0.047204981452798736,51.586996764204265],[0.04714498144782806,51.587064253795866],[0.04723498145528407,51.58722172911967],[0.047204981452798736,51.58724422554994],[0.04723498145528407,51.58800909755139],[0.0471749814503134,51.588054089621075],[0.04726498145776941,51.5881665696003],[0.04729498146025476,51.588481512060596],[0.04726498145776941,51.588661478200514],[0.04735498146522543,51.58872896531919],[0.04741498147019611,51.588976417229944],[0.04747498147516679,51.58902140834164],[0.04744498147268145,51.58915638140939],[0.047534981480137475,51.58933634487593],[0.047534981480137475,51.58960628873904],[0.04747498147516679,51.589673774454205],[0.04759498148510814,51.58983124073299],[0.04756498148262281,51.589853735871145],[0.04759498148510814,51.59019116160641],[0.04750498147765212,51.590258646452725],[0.04756498148262281,51.590326131198786],[0.04744498147268145,51.59057357440995],[0.04747498147516679,51.59064105868817],[0.046904981427945344,51.59109095131429],[0.04684498142297466,51.591248412680834],[0.04687498142546001,51.591270907117206],[0.04675498141551866,51.59145086220721],[0.046379981384451915,51.59173204060818],[0.04616998136705454,51.59179952316543],[0.045419981304921066,51.59182201732891],[0.04495498126639831,51.59221566338659],[0.04438498121917687,51.59259805914757],[0.0443249812142062,51.59277800898007],[0.044354981216691534,51.59280050265898],[0.04426498120923552,51.59291297088659],[0.044354981216691534,51.59298045168948],[0.0443249812142062,51.593137906506364],[0.04439998122041954,51.593351594313425],[0.045209981287523696,51.59308167270583],[0.045419981304921066,51.59305917916612],[0.046559981399363945,51.59265429354681],[0.047129981446585395,51.59251933087171],[0.047309981461497425,51.592429355532204],[0.0473699814664681,51.592451849383785],[0.047519981478894795,51.5923618739106],[0.04808998152611623,51.592204416403696],[0.048239981538542934,51.592114440440426],[0.048719981578308355,51.592001970235685],[0.04907998160813242,51.59184451148124],[0.049139981613103095,51.59186700562243],[0.04925998162304445,51.59179952316543],[0.04937998163298581,51.59179952316543],[0.04955998164789784,51.59166455795067],[0.04964998165535386,51.59168705218097],[0.050039981687663264,51.59148460370723],[0.05009998169263395,51.59150709802663],[0.05039998171748734,51.59139462631818],[0.0505199817274287,51.59130464875088],[0.0507599817473114,51.59123716545846],[0.05159998181690089,51.59083226359868],[0.05240998188400505,51.590404863275815],[0.05279998191631445,51.590134924157915],[0.052889981923770465,51.590134924157915],[0.05324998195359454,51.58986498343602],[0.053399981966021234,51.58986498343602],[0.05360998198341861,51.590022449052064],[0.054449982053008085,51.58948256466755],[0.05459998206543478,51.589505059978336],[0.0553799821300536,51.590089934149006],[0.05591998217478971,51.59031488374808],[0.056339982209584444,51.59056232702049],[0.05651998222449648,51.59058482179662],[0.05669998223940852,51.59071979021936],[0.05747998230402733,51.59071979021936],[0.057599982313968685,51.590674800789664],[0.05831998237361682,51.590674800789664],[0.05837998237858749,51.59071979021936],[0.05855998239349953,51.59065230605812],[0.05951998247303038,51.59062981131542],[0.05963998248297173,51.59058482179662],[0.06020998253019317,51.59058482179662],[0.060269982535163844,51.59062981131542],[0.06032998254013453,51.59058482179662],[0.060539982557531895,51.59060731656158],[0.06059998256250258,51.59056232702049],[0.06182998266440147,51.59053983223324],[0.0619199826718575,51.59049484262531],[0.06269998273647631,51.59051733743485],[0.06275998274144698,51.59047234780465],[0.06305998276630038,51.59044985297285],[0.06365998281600715,51.59044985297285],[0.06371998282097784,51.590404863275815],[0.06410998285328723,51.59042735812988],[0.06448498288435398,51.59019116160641],[0.06497998292536207,51.589775002838934],[0.06506998293281809,51.589775002838934],[0.06616498302353296,51.59052858483543],[0.06616498302353296,51.590596069180485],[0.06592498300365024,51.59079852161412],[0.06595498300613557,51.59082101627328],[0.06562498297879686,51.59106845678882],[0.06560998297755419,51.591282154331225],[0.06596998300737825,51.59130464875088],[0.06614998302229029,51.5912596599004],[0.06620998302726097,51.59130464875088],[0.06647998304962902,51.591214671005375],[0.06809998318383732,51.591214671005375],[0.06815998318880799,51.59116968206577],[0.06830998320123469,51.59116968206577],[0.06836998320620537,51.591214671005375],[0.06851998321863206,51.59112469308165],[0.06887998324845614,51.591147187579296],[0.06998998334041368,51.591079704052966],[0.07007998334786969,51.5910347149797],[0.07025998336278173,51.591079704052966],[0.0703199833677524,51.5910347149797],[0.07052998338514978,51.59105720952189],[0.07058998339012044,51.591012220426364],[0.07096498342118719,51.59100097314552],[0.07093498341870186,51.59070854286613],[0.0712049834410699,51.590483595216384],[0.07106998342988588,51.590404863275815],[0.07103998342740055,51.59042735812988],[0.07061998339260579,51.590134924157915],[0.06976498332177362,51.58947131700799],[0.06970498331680294,51.589358840259116],[0.06904498326212549,51.58875146100315],[0.06907498326461084,51.58870646962411],[0.0688949832496988,51.58852650366241],[0.0688949832496988,51.588481512060596],[0.06947998329816292,51.588065337631534],[0.06959998330810427,51.588065337631534],[0.07019998335781104,51.58770539991575],[0.07022998336029637,51.587727896106514],[0.07034998337023773,51.58766040750076],[0.0705149833839071,51.58751418184436],[0.06989998333295766,51.587165487995264],[0.06983998332798697,51.58718798445337],[0.06953998330313359,51.58696301937088],[0.06926998328076553,51.5868280397867],[0.0688949832496988,51.58652433425609],[0.06947998329816292,51.58608564490554],[0.06956998330561892,51.58608564490554],[0.0697799833230163,51.585973159774404],[0.07055998338763511,51.585455724584264],[0.07058998339012044,51.585478221888984],[0.07078498340627516,51.58537698393005],[0.07000498334165635,51.58461206761619],[0.06976498332177362,51.584432085435616],[0.06979498332425897,51.584387089779085],[0.06961498330934694,51.584184608773235],[0.07055998338763511,51.58347591814716],[0.07067998339757647,51.58345341985102],[0.0710099834249152,51.583250934684564],[0.07187998349699001,51.582553478871226],[0.07211998351687274,51.58244098499552],[0.07235998353675545,51.58257597761295],[0.0725249835504248,51.58242973559267],[0.07255498355291015,51.58238473795325],[0.0725249835504248,51.58236223911685],[0.07276498357030753,51.582182248024566],[0.07315498360261692,51.58177726546027],[0.07312498360013159,51.581732267174736],[0.073559983636169,51.58140602827229],[0.07364998364362502,51.581451026880835],[0.07384498365977972,51.58143977723287],[0.07360498363989701,51.58119228427314],[0.07363498364238234,51.58114728540838],[0.07348498362995566,51.58092229041615],[0.073514983632441,51.58083229210734],[0.07342498362498498,51.58062979526085],[0.07348498362995566,51.58056229611148],[0.07336498362001431,51.58047229708974],[0.07333498361752896,51.5802922985115],[0.07324498361007295,51.58020229895502],[0.07327498361255828,51.58011229922031],[0.07312498360013159,51.57993229921616],[0.07315498360261692,51.5799097991655],[0.07288498358024888,51.579414795232836],[0.07276498357030753,51.57930229358712],[0.07279498357279286,51.57925729285083],[0.07220998352432875,51.57872853086178],[0.07169998348207798,51.57839101999251],[0.07151998346716595,51.57836851917877],[0.07130998344976859,51.57821101317067],[0.07103998342740055,51.5781885122678],[0.07091998341745918,51.578098508544976],[0.07061998339260579,51.57798600364077],[0.07055998338763511,51.57800850464389],[0.07043998337769376,51.577918500564586],[0.07007998334786969,51.57782849630702],[0.0696299833105896,51.57762598607579],[0.06959998330810427,51.57764848725714],[0.06935998328822156,51.577490978753666],[0.06926998328076553,51.577490978753666],[0.06848998321614673,51.57710845582976],[0.0683999832086907,51.57710845582976],[0.0679199831689253,51.57677093292913],[0.06761998314407189,51.57679343453383],[0.06755998313910122,51.57683843770978],[0.06665998306454105,51.57679343453383],[0.06659998305957036,51.57683843770978],[0.06617998302477562,51.57681593612737],[0.06464998289802333,51.57688344084118],[0.06275998274144698,51.57683843770978],[0.06263998273150563,51.57677093292913],[0.06251998272156428,51.57683843770978],[0.06245998271659359,51.57679343453383],[0.062009982679313506,51.57679343453383],[0.06182998266440147,51.57672592968633],[0.0617699826594308,51.57677093292913],[0.061379982627121396,51.57677093292913],[0.06071998257244394,51.576748431313305],[0.06047998255256123,51.576680926398964],[0.06029998253764919,51.57672592968633],[0.05969998248794241,51.57665842473856],[0.05843998238355817,51.57665842473856],[0.05834998237610216,51.57659091969057],[0.05825998236864614,51.576635923067045],[0.057779982328880715,51.57661342138438],[0.057539982308998004,51.57654591626951],[0.05747998230402733,51.57659091969057],[0.056399982214555125,51.57656841798561],[0.05618998219715776,51.5765009128039],[0.05576998216236301,51.576523414542294],[0.05543998213502428,51.5765009128039],[0.0553799821300536,51.57645590929374],[0.055289982122597586,51.5765009128039],[0.054749982077861484,51.57645590929374],[0.05435998204555208,51.576478411054396],[0.054029982018213345,51.57638840394494],[0.05396998201324267,51.57643340752197],[0.05327998195607987,51.576410905739],[0.053219981951109205,51.576365902139706],[0.05255998189643175,51.57638840394494],[0.05195998184672496,51.57632089849589],[0.051899981841754275,51.57627589480749],[0.051239981787076824,51.57629839665724],[0.051089981774650135,51.57623089107448],[0.050039981687663264,51.57623089107448],[0.04976998166529522,51.57618588729697]]]}},{"type":"Feature","properties":{"NAME":"Caterham High School"},"geometry":{"type":"Polygon","coordinates":[[[0.07421998369084645,51.581856012352645],[0.07397998367096376,51.58196850767649],[0.07367998364611036,51.58196850767649],[0.07336498362001431,51.58224974476773],[0.07312498360013159,51.582519730737765],[0.07315498360261692,51.582542229496205],[0.07232998353427011,51.58322843627703],[0.07223998352681409,51.58322843627703],[0.07199998350693138,51.58304844861578],[0.07055998338763511,51.584128363889256],[0.0704699833801791,51.584128363889256],[0.07036498337148041,51.584207106707346],[0.07075498340378981,51.58467956075011],[0.07123498344355524,51.58506201994858],[0.0712049834410699,51.58510701493674],[0.07153498346840863,51.58539948127372],[0.07067998339757647,51.58601815386027],[0.07061998339260579,51.585995656822924],[0.06973498331928829,51.58654683103167],[0.06989998333295766,51.586648066384],[0.06995998333792834,51.58662556965852],[0.07025998336278173,51.5868505364119],[0.0708599834124885,51.58718798445337],[0.07091998341745918,51.587165487995264],[0.07123498344355524,51.58740170024998],[0.0712049834410699,51.587424196591115],[0.07123498344355524,51.58751418184436],[0.07108498343112854,51.587649159390075],[0.07111498343361389,51.58767165560867],[0.07043998337769376,51.588177817582896],[0.07034998337023773,51.588177817582896],[0.06964498331183228,51.58854899944662],[0.06979498332425897,51.588661478200514],[0.06976498332177362,51.58870646962411],[0.06991498333420032,51.58884144362753],[0.069974983339171,51.588976417229944],[0.0702749833640244,51.58920137234287],[0.07024498336153906,51.589223867792896],[0.07030498336650973,51.58929135407613],[0.07060498339136312,51.58956129820658],[0.0711599834373419,51.589932468766875],[0.07127998344728324,51.58995496385488],[0.07195498350320338,51.59046110039012],[0.07192498350071803,51.590483595216384],[0.0719849835056887,51.590551079628256],[0.07165498347834998,51.59079852161412],[0.07165498347834998,51.59109095131429],[0.07171498348332067,51.591180929304855],[0.07168498348083532,51.591248412680834],[0.07133998345225391,51.59150709802663],[0.07052998338514978,51.59150709802663],[0.07019998335781104,51.59159707519292],[0.0692399832782802,51.59161956945665],[0.0689399832534268,51.59164206370924],[0.06887998324845614,51.59168705218097],[0.06809998318383732,51.59166455795067],[0.06803998317886664,51.591709546400146],[0.06704998309685045,51.59173204060818],[0.06683998307945307,51.591777028990805],[0.06626998303223164,51.591777028990805],[0.06620998302726097,51.59173204060818],[0.06614998302229029,51.591777028990805],[0.06593998300489291,51.59175453480506],[0.06587998299992225,51.59179952316543],[0.0651599829402741,51.59182201732891],[0.06484498291417805,51.59158582805688],[0.06487498291666338,51.59142836785995],[0.06484498291417805,51.59136088475131],[0.06490498291914872,51.591270907117206],[0.06493498292163405,51.59100097314552],[0.06544498296388482,51.59057357440995],[0.06506998293281809,51.59031488374808],[0.06478498290920735,51.590551079628256],[0.06472498290423669,51.5906185639399],[0.06475498290672202,51.59064105868817],[0.06443998288062597,51.590877252872446],[0.0640799828508019,51.59096723128628],[0.06269998273647631,51.59096723128628],[0.06260998272902028,51.591012220426364],[0.062429982714108254,51.59096723128628],[0.06236998270913758,51.591012220426364],[0.062039982681798854,51.59105720952189],[0.060539982557531895,51.59105720952189],[0.06047998255256123,51.59110219857287],[0.06032998254013453,51.59110219857287],[0.060269982535163844,51.59105720952189],[0.059999982512795806,51.591147187579296],[0.05954998247551572,51.59112469308165],[0.058529982391014194,51.59119217654114],[0.05837998237858749,51.591147187579296],[0.05831998237361682,51.59119217654114],[0.058109982356219454,51.59116968206577],[0.057959982343792744,51.59123716545846],[0.05663998223443783,51.59123716545846],[0.0564599822195258,51.59112469308165],[0.056399982214555125,51.591147187579296],[0.05603998218473106,51.5908997474926],[0.05600998218224572,51.59092224210164],[0.05570998215739233,51.5907647796045],[0.055679982154907,51.59078727428038],[0.05534998212756826,51.59060731656158],[0.054449982053008085,51.58999995399747],[0.05360998198341861,51.59056232702049],[0.05330998195856521,51.590404863275815],[0.05303998193619716,51.59060731656158],[0.05285998192128513,51.59065230605812],[0.05207998185666632,51.591147187579296],[0.0519899818492103,51.591147187579296],[0.05135998179701817,51.59150709802663],[0.051299981792047505,51.59148460370723],[0.05111998177713547,51.59159707519292],[0.051089981774650135,51.59157458091804],[0.0507599817473114,51.591777028990805],[0.05027998170754598,51.59195698207582],[0.050159981697604626,51.59204695835099],[0.050069981690148604,51.59202446429891],[0.049829981670265894,51.592114440440426],[0.04967998165783919,51.592226910366676],[0.04940998163547115,51.59224940431851],[0.04883998158824971,51.59249683705354],[0.04742998147143878,51.59290172407634],[0.047159981449070736,51.593036685615296],[0.046889981426702684,51.59308167270583],[0.046319981379481234,51.593306607490206],[0.04625998137451057,51.593284114061895],[0.04601998135462785,51.593351594313425],[0.04553998131486243,51.59353154116071],[0.045419981304921066,51.59353154116071],[0.04441498122166221,51.5938801861487],[0.044354981216691534,51.59408262394593],[0.04429498121172087,51.59412761000057],[0.044354981216691534,51.594240074942235],[0.0443249812142062,51.59430755377358],[0.04495498126639831,51.59522975442155],[0.04492498126391297,51.59525224688636],[0.04495498126639831,51.595319724213994],[0.04516498128379569,51.59563461708413],[0.04519498128628103,51.595769570502995],[0.045314981296222384,51.59585953922616],[0.045284981293737044,51.595904523520915],[0.04537498130119305,51.59612944432632],[0.04546498130864908,51.59619692035074],[0.045494981311134414,51.59628688822737],[0.04546498130864908,51.59633187209885],[0.04555498131610508,51.59639934782257],[0.0457949813359878,51.59693915000318],[0.045824981338473146,51.59711908263768],[0.045914981345929154,51.5972090486876],[0.04588498134344382,51.59729901455933],[0.046034981355870516,51.59747894576811],[0.0460949813608412,51.59763638499104],[0.04606498135835585,51.59768136752593],[0.04615498136581187,51.5977488412447],[0.04612498136332654,51.59777133246202],[0.04615498136581187,51.597883788381516],[0.04627498137575323,51.59801873511738],[0.04624498137326789,51.59804122620101],[0.04639498138569459,51.59828862738611],[0.04636498138320925,51.598311118336106],[0.046514981395635945,51.59855851805096],[0.046484981393150604,51.59862599046654],[0.04670998141179064,51.598682217402974],[0.04700998143664404,51.598862143131704],[0.04724998145652674,51.598862143131704],[0.047519981478894795,51.598772180356434],[0.047759981498777505,51.598772180356434],[0.04802998152114556,51.598884633797695],[0.04811998152860158,51.598862143131704],[0.04826998154102827,51.598974596350196],[0.04859998156836701,51.59904206814761],[0.048989981600676406,51.59922199245066],[0.04937998163298581,51.59933444477809],[0.04943998163795648,51.599311954334894],[0.04979998166778055,51.59940191604089],[0.05000998168517793,51.59953685826575],[0.05042998171997268,51.59967180008962],[0.050954981763466106,51.60008786818908],[0.050894981758495425,51.60031276827729],[0.05065498173861272,51.6005826469129],[0.05059498173364204,51.600717585629255],[0.05062498173612739,51.60118986797886],[0.050684981741098055,51.601302315433344],[0.05141998180198886,51.60176334708563],[0.05147998180695954,51.60174085784532],[0.052514981892703726,51.60251673019922],[0.05248498189021839,51.60256170790015],[0.0528749819225278,51.60296650520378],[0.052844981920042465,51.60298899383706],[0.05314498194489585,51.603573694393],[0.053174981947381184,51.603663647656404],[0.05314498194489585,51.603708624221284],[0.05323498195235187,51.603776088985065],[0.05320498194986654,51.60382106543858],[0.05326498195483721,51.60406843513647],[0.05323498195235187,51.60409092322399],[0.05326498195483721,51.60451819477088],[0.05320498194986654,51.604765560670835],[0.05323498195235187,51.60485551157304],[0.053174981947381184,51.60494546229707],[0.053174981947381184,51.605080388048925],[0.053114981942410516,51.60512536321045],[0.05314498194489585,51.60519282586923],[0.052994981932469154,51.60566506167386],[0.05293498192749847,51.60571003625622],[0.052994981932469154,51.60575501079404],[0.0528749819225278,51.60588993414021],[0.0528749819225278,51.606024857085416],[0.052604981900159754,51.606676979001605],[0.05263498190264508,51.60674443935488],[0.052514981892703726,51.60687935976073],[0.05248498189021839,51.606991793126],[0.052514981892703726,51.60701427976563],[0.05236498188027704,51.607261632066596],[0.05239498188276237,51.60728411857257],[0.05212498186039433,51.60775633262562],[0.05215498186287967,51.60782379137512],[0.05203498185293831,51.6079137362185],[0.05176498183057026,51.60840842967188],[0.051824981835540934,51.60894808910953],[0.05242498188524772,51.6093978004072],[0.052514981892703726,51.609532712927795],[0.05248498189021839,51.60957768367888],[0.05275498191258644,51.609892477689215],[0.05272498191010111,51.60991496289213],[0.05290498192501314,51.61018478445848],[0.052994981932469154,51.61049957425893],[0.05309998194116785,51.61057827136797],[0.05315998194613852,51.61055578649362],[0.053654981987146605,51.61097175486671],[0.05362498198466127,51.61110666270968],[0.053654981987146605,51.61124157015175],[0.05359498198217594,51.61130902372239],[0.05359498198217594,51.61142144611744],[0.05371498199211729,51.61151138383299],[0.05368498198963195,51.611533868234055],[0.05371498199211729,51.61157883700271],[0.05407498202194136,51.61187113291331],[0.054194982031882714,51.61205100638433],[0.05416498202939738,51.61234329925452],[0.053954982012,51.612658074086745],[0.05392498200951466,51.6127255255525],[0.053954982012,51.61277049314069],[0.05371498199211729,51.61297284673611],[0.05366998198838928,51.613096506822586],[0.05399998201572801,51.61296160489336],[0.05435998204555208,51.612714283648494],[0.05441998205052275,51.612736767453725],[0.05510998210768554,51.612399509206085],[0.05591998217478971,51.61190485924343],[0.055949982177275044,51.61192734344959],[0.056399982214555125,51.61172498519329],[0.056759982244379184,51.611455172781646],[0.05684998225183521,51.611455172781646],[0.05783998233385139,51.61082560425107],[0.05819998236367546,51.61055578649362],[0.05831998237361682,51.61055578649362],[0.058919982423323594,51.610196026988945],[0.05939998246308902,51.609836264633174],[0.0596099824804864,51.60979129413824],[0.059939982507825125,51.60961141171297],[0.06002998251528114,51.60961141171297],[0.060179982527707836,51.60949898483522],[0.060269982535163844,51.60949898483522],[0.060839982582385294,51.60911673136823],[0.06089998258735597,51.609139216955384],[0.06107998260226801,51.60900430326538],[0.061379982627121396,51.608891874884094],[0.06167998265197478,51.60866701728626],[0.061799982661916136,51.608689503096144],[0.0619199826718575,51.60859955978971],[0.062009982679313506,51.60859955978971],[0.06227998270168157,51.6083971866987],[0.06233998270665224,51.608419672642256],[0.06266998273399096,51.60828475681388],[0.06311998277127105,51.60794746548883],[0.06314998277375639,51.60796995165514],[0.06328498278494042,51.607891250024345],[0.06331498278742576,51.607846277602654],[0.06328498278494042,51.60782379137512],[0.06383998283091918,51.60740779415644],[0.06395998284086053,51.607430280590044],[0.0642749828669566,51.60714919936958],[0.06424498286447126,51.6071042262128],[0.06467998290050868,51.60677816949393],[0.06482998291293537,51.606823142973695],[0.06583498299619422,51.60606983131137],[0.06574498298873821,51.60584495973604],[0.06577498299122354,51.60577749804625],[0.06556498297382618,51.60557511237546],[0.06559498297631153,51.605552625023],[0.06544498296388482,51.605305263411076],[0.06545998296512749,51.605204069635946],[0.06485998291542071,51.60529401966943],[0.06467998290050868,51.60524904467495],[0.06458998289305266,51.60531650714995],[0.06416998285825792,51.605383969524674],[0.06398998284334588,51.605383969524674],[0.06392998283837521,51.60533899461933],[0.06371998282097784,51.6054514317992],[0.06359998281103647,51.605428944385494],[0.06320998277872707,51.605496406593176],[0.06286498275014567,51.60523780091938],[0.06268498273523364,51.605035412842874],[0.06262498273026297,51.60487799927076],[0.0622049826954682,51.60449570689498],[0.06217498269298287,51.60440575527994],[0.06172498265570279,51.60395599453177],[0.061754982658188136,51.60393350637741],[0.06169498265321745,51.60384355364862],[0.06151498263830542,51.603708624221284],[0.0614249826308494,51.60359618272555],[0.06145498263333474,51.603573694393],[0.061244982615937374,51.60341627575322],[0.061004982596054656,51.603056459670064],[0.060764982576171946,51.60287655055928],[0.06079498257865728,51.602854061870325],[0.06065998256747325,51.60273037388189],[0.060359982542619865,51.602707885120516],[0.05963998248297173,51.603225123814056],[0.05927998245314767,51.60338254311654],[0.059219982448176986,51.60336005467816],[0.058919982423323594,51.603472496758634],[0.058829982415867586,51.603472496758634],[0.058364982377344825,51.60312392540287],[0.05839498237983016,51.60307894825882],[0.058334982374859484,51.60301148245922],[0.058364982377344825,51.60287655055928],[0.05848498238728618,51.602606685556545],[0.058604982397227535,51.60249424133205],[0.058634982399712876,51.60238179682909],[0.058604982397227535,51.60233681894995],[0.05869498240468356,51.6022693520477],[0.05875498240965423,51.602111928885954],[0.05872498240716889,51.60206695073949],[0.05881498241462491,51.60199948343628],[0.05896498242705161,51.60166214541659],[0.059084982436992964,51.60154969885312],[0.059054982434507616,51.601482230781386],[0.05914498244196365,51.60132480489085],[0.05914498244196365,51.60123484699407],[0.05951998247303038,51.60093123777678],[0.05975998249291309,51.60093123777678],[0.059939982507825125,51.60081878940339],[0.060539982557531895,51.600661361212836],[0.06071998257244394,51.60057140200177],[0.06098998259481199,51.60054891217115],[0.061109982604753345,51.60045895273734],[0.0612299826146947,51.60045895273734],[0.061559982642033426,51.60030152329932],[0.06173998265694547,51.60032401325246],[0.06185998266688682,51.6002340533731],[0.06266998273399096,51.60000915289507],[0.06275998274144698,51.599941682534485],[0.06299998276132969,51.599941682534485],[0.06311998277127105,51.59985172189774],[0.06356998280855114,51.59971678060849],[0.06374998282346317,51.59971678060849],[0.06395998284086053,51.59958183891826],[0.06401998284583121,51.599604329227795],[0.06479998291045003,51.59935693521017],[0.0650099829278474,51.59933444477809],[0.0651599829402741,51.59922199245066],[0.06524998294773011,51.59924448293844],[0.06551998297009817,51.59913203038824],[0.06575998298998087,51.59913203038824],[0.06587998299992225,51.59904206814761],[0.06620998302726097,51.59895210572876],[0.06635998303968765,51.598862143131704],[0.06644998304714368,51.598884633797695],[0.06761998314407189,51.598524781805544],[0.06773998315401325,51.5985472726386],[0.06815998318880799,51.59841232747325],[0.06821998319377867,51.598434818362],[0.06905998326336817,51.59827738190694],[0.06947998329816292,51.59814243593963],[0.06986998333047231,51.59814243593963],[0.06995998333792834,51.59807496280562],[0.07043998337769376,51.59796250735949],[0.07097998342242985,51.597872542802094],[0.0711599834373419,51.59789503395814],[0.07130998344976859,51.5978050692671],[0.07163998347710732,51.59776008685476],[0.07175998348704866,51.59769261315268],[0.07193998350196071,51.59773759563187],[0.07202998350941672,51.59767012189638],[0.07256998355415283,51.59758015675979],[0.07271998356657952,51.59751268279039],[0.07277998357155019,51.59753517412468],[0.0731699836038596,51.597445208720764],[0.07322998360883029,51.59749019144498],[0.07331998361628629,51.59742271734195],[0.07367998364611036,51.59733275171528],[0.07394998366847841,51.59728776883511],[0.07403998367593444,51.59733275171528],[0.07418998368836113,51.59724278591039],[0.07475998373558257,51.59710783686893],[0.07523998377534799,51.59701787061851],[0.07532998378280402,51.59706285376597],[0.07555498380144406,51.59693915000318],[0.07537498378653201,51.59651180713925],[0.07537498378653201,51.59639934782257],[0.075284983779076,51.596309380168684],[0.07531498378156135,51.59628688822737],[0.07525498377659066,51.5961519363456],[0.075284983779076,51.596039476137825],[0.07504498375919329,51.595769570502995],[0.07507498376167862,51.59572458607461],[0.0749849837542226,51.59556714022432],[0.07504498375919329,51.595499663264256],[0.0749849837542226,51.59545467856853],[0.07501498375670795,51.595409693828216],[0.07540498378901736,51.595117291930364],[0.075284983779076,51.59491485874451],[0.075284983779076,51.594802395473636],[0.07504498375919329,51.594509989666115],[0.07507498376167862,51.59446500399019],[0.0749849837542226,51.59430755377358],[0.07501498375670795,51.594240074942235],[0.07489498374676659,51.59412761000057],[0.07477498373682523,51.59385769300442],[0.07462498372439853,51.59367774744921],[0.07432498369954516,51.59345281450273],[0.07435498370203049,51.59336284101225],[0.07429498369705981,51.59331785420018],[0.07435498370203049,51.593182893496646],[0.07432498369954516,51.59286798362896],[0.07438498370451584,51.59282299632678],[0.07429498369705981,51.59275551528999],[0.07423498369208913,51.59248559014027],[0.07408498367966243,51.59221566338659],[0.0740549836771771,51.59205820537286],[0.07399498367220642,51.59201321726869],[0.07396498366972108,51.59190074681335],[0.07399498367220642,51.59187825268885],[0.07393498366723573,51.591833264406475],[0.07411498368214778,51.59149585086833],[0.07408498367966243,51.59145086220721],[0.07423498369208913,51.59129340154245],[0.07417498368711846,51.59115843482393],[0.0746399837256412,51.59085475824115],[0.07484998374303858,51.590877252872446],[0.07541998379026,51.590809768945086],[0.0754799837952307,51.5907647796045],[0.07562998380765738,51.59083226359868],[0.07571998381511341,51.5907647796045],[0.07619998385487885,51.5907422849175],[0.07621498385612151,51.59070854286613],[0.07546498379398803,51.5901461716532],[0.07552498379895871,51.59001120152617],[0.07583998382505477,51.589775002838934],[0.07592998383251079,51.589775002838934],[0.07703998392446834,51.58923511551372],[0.077099983929439,51.58925761094704],[0.0776399839741751,51.58896516944507],[0.0777899839866018,51.58896516944507],[0.07790998399654314,51.588875187065725],[0.07883998407358865,51.58851525576614],[0.07895998408353004,51.588492759965234],[0.07901998408850071,51.5885377515559],[0.07913998409844204,51.58844776832999],[0.07946998412578078,51.58835778492585],[0.07954498413199412,51.588256553383154],[0.07948498412702344,51.588211561514],[0.07948498412702344,51.58800909755139],[0.0793649841170821,51.58767165560867],[0.07939498411956743,51.58762666316031],[0.07930498411211143,51.587334211159664],[0.07933498411459675,51.58728921837708],[0.07900498408725802,51.58686178472035],[0.07897498408477267,51.586794294827996],[0.07900498408725802,51.58677179817493],[0.07792498399778582,51.58587192291827],[0.07795498400027118,51.585826928687574],[0.07768498397790313,51.58551196782516],[0.07771498398038845,51.585444475927716],[0.07732498394807906,51.58506201994858],[0.07735498395056438,51.58501702491584],[0.07708498392819634,51.58470205843912],[0.07705498392571099,51.58456707213787],[0.07672498389837228,51.584252102542116],[0.07675498390085761,51.584207106707346],[0.0766649838934016,51.58411711490412],[0.0766649838934016,51.584027122922656],[0.07588498382878278,51.58344217069879],[0.0759149838312681,51.58341967238593],[0.07588498382878278,51.58337467572684],[0.07480498373931058,51.58245223439563],[0.07483498374179591,51.58242973559267],[0.0744449837094865,51.58211475118117],[0.07421998369084645,51.581856012352645]]]}},{"type":"Feature","properties":{"NAME":"Oaks Park High School"},"geometry":{"type":"Polygon","coordinates":[[[0.11162998679006414,51.56999744357353],[0.11087998672793067,51.57017748292551],[0.11080498672171732,51.57027875474766],[0.11083498672420268,51.570301259566385],[0.11053498669934929,51.570616325858865],[0.11009998666331187,51.57089763320336],[0.11000998665585583,51.570875128679845],[0.10979998663845845,51.57094264221692],[0.10829998651419152,51.57112267782562],[0.10715998641974862,51.57143773842514],[0.10691998639986594,51.571460242670106],[0.10679998638992456,51.57152775533821],[0.10664998637749785,51.571505251126666],[0.10652998636755652,51.57157276372792],[0.10553998628554034,51.57166278037362],[0.10522498625944425,51.57142648629848],[0.10514998625323092,51.571055164555915],[0.10469998621595086,51.57112267782562],[0.10463998621098017,51.5711676866164],[0.10445998619606812,51.571145182226545],[0.10403998616127338,51.57125770406421],[0.10343998611156659,51.5713477213338],[0.10334998610411059,51.571325217033106],[0.10333498610286793,51.57147149478842],[0.10298998607428653,51.57173029274092],[0.10160998595996093,51.57161777207304],[0.10067998588291541,51.57143773842514],[0.10063498587918741,51.571584015818374],[0.10066498588167276,51.57160651999096],[0.10063498587918741,51.57241666278366],[0.10028998585060603,51.572675455355224],[0.09944998578101652,51.572765469817384],[0.09923998576361914,51.57274296621854],[0.0991199857536778,51.57278797340507],[0.09830998568657366,51.572810476981594],[0.09803998566420558,51.57287798764439],[0.09773998563935223,51.572855484101254],[0.09695998557473341,51.572900491176355],[0.09671998555485069,51.57296800170547],[0.09626998551757059,51.572945498206906],[0.09611998550514392,51.572990505192884],[0.09500998541318637,51.573035512134304],[0.09478498539454631,51.574104413895775],[0.09511498542188507,51.57450946483808],[0.09613498550638656,51.575184541720816],[0.09631498552129862,51.57543206739896],[0.09628498551881327,51.5755895830378],[0.09634498552378394,51.57565708957302],[0.09634498552378394,51.57610713057907],[0.09628498551881327,51.57637715304371],[0.09631498552129862,51.576512163674494],[0.09625498551632791,51.576579668839464],[0.09622498551384258,51.576917193160476],[0.09616498550887191,51.57698469772391],[0.09619498551135723,51.577142207981964],[0.09613498550638656,51.577187210812575],[0.09604498549893055,51.577727241304174],[0.09589498548650384,51.57817726181221],[0.09595498549147455,51.57824476450408],[0.09551998545543713,51.578548525376775],[0.09518998542809838,51.57830101667071],[0.09443998536596492,51.577850997388126],[0.09431998535602357,51.57782849630702],[0.0933299852740074,51.5771759601091],[0.09314998525909535,51.577085954381026],[0.09311998525661003,51.57710845582976],[0.09278998522927127,51.576860939281055],[0.09164998513482839,51.57623089107448],[0.08999998499813475,51.57584835754508],[0.08978998498073737,51.57573584707077],[0.08963998496831069,51.5757583491879],[0.08783998481919036,51.5753083047284],[0.08771998480924897,51.57521829530175],[0.08747998478936629,51.57521829530175],[0.08681998473468883,51.57501577344009],[0.08675998472971815,51.57503827591373],[0.0864899847073501,51.574925763434145],[0.08639998469989409,51.57494826595236],[0.08624998468746739,51.57485825581272],[0.08579998465018729,51.574745742887536],[0.08570998464273129,51.57467823499874],[0.08558998463278993,51.57470073763949],[0.08453998454580305,51.57438569965535],[0.08447998454083239,51.57440820244091],[0.08420998451846434,51.574295688401655],[0.08411998451100831,51.57431819123179],[0.08369998447621357,51.57409316242919],[0.08363998447124288,51.57413816827885],[0.0830999844265068,51.5739581446129],[0.08240998436934399,51.57384562945962],[0.08168998430969586,51.57398064761013],[0.08159998430223986,51.57404815653499],[0.08117998426744509,51.57407065948767],[0.08102998425501841,51.57413816827885],[0.08090998424507705,51.57411566535958],[0.080639984222709,51.57422817984444],[0.07949998412826612,51.57440820244091],[0.07931998411335411,51.574498213471756],[0.07904998409098603,51.574498213471756],[0.07889998407855933,51.57456572162794],[0.07883998407358865,51.57454321892035],[0.07811998401394053,51.57470073763949],[0.07799998400399917,51.57476824549485],[0.0777899839866018,51.574745742887536],[0.0776399839741751,51.57481325067607],[0.07598998383748146,51.575128285696856],[0.07571998381511341,51.57521829530175],[0.07544998379274537,51.57521829530175],[0.07475998373558257,51.57539831397677],[0.07466998372812655,51.575375811681404],[0.07439998370575851,51.575488323046926],[0.07430998369830248,51.575465820796104],[0.07349998363119833,51.57562333631795],[0.07343998362622765,51.57566834065251],[0.07334998361877164,51.57564583849081],[0.0730799835964036,51.5757583491879],[0.07298998358894757,51.57573584707077],[0.07256998355415283,51.57580335338878],[0.07211998351687274,51.575938365723985],[0.07148998346468062,51.57602837372468],[0.07079998340751784,51.576208389191315],[0.07070998340006181,51.57618588729697],[0.06859498322484542,51.576624672227084],[0.06914998327082418,51.576905942390184],[0.0692399832782802,51.576905942390184],[0.06944998329567757,51.57706345292118],[0.07109998343237121,51.57764848725714],[0.0711599834373419,51.57762598607579],[0.07136998345473926,51.577783494111365],[0.07163998347710732,51.57780599521477],[0.07300498359019024,51.57878478242966],[0.07342498362498498,51.5791447908152],[0.07384498365977972,51.57993229921616],[0.07399498367220642,51.58011229922031],[0.07396498366972108,51.58017979903805],[0.07408498367966243,51.58047229708974],[0.07402498367469176,51.58053979637277],[0.07411498368214778,51.580607295555545],[0.07417498368711846,51.58078729288609],[0.07423498369208913,51.58083229210734],[0.07420498368960379,51.580899790855675],[0.07426498369457447,51.58107978702768],[0.07447498371197184,51.58134977994894],[0.07471498373185455,51.58155227358717],[0.07468498372936923,51.58159727205091],[0.07501498375670795,51.58193475910857],[0.0754349837915027,51.58227224365982],[0.07540498378901736,51.5822947425408],[0.0758249838238121,51.582699720493274],[0.0758249838238121,51.582744717820766],[0.07663498389091623,51.583352177380576],[0.07660498388843093,51.58339717406196],[0.07711498393068167,51.58380214218926],[0.07723498394062304,51.583914632695205],[0.07723498394062304,51.583982126865095],[0.07747498396050574,51.584162110828],[0.07744498395802041,51.584207106707346],[0.07765498397541779,51.584477081047595],[0.07762498397293242,51.58449957883688],[0.07774498398287379,51.5845895698826],[0.07792498399778582,51.58485954195039],[0.07807498401021251,51.58497202983855],[0.07804498400772718,51.58501702491584],[0.07810498401269785,51.58510701493674],[0.07831498403009525,51.5853319892092],[0.07828498402760989,51.58539948127372],[0.07867498405991932,51.585781934412346],[0.07864498405743396,51.585826928687574],[0.07870498406240463,51.5858944200169],[0.07951498412950879,51.586591824549444],[0.07957498413447947,51.58665931474254],[0.07954498413199412,51.58668181145131],[0.07969498414442082,51.586794294827996],[0.07987498415933286,51.58704175727646],[0.07996498416678889,51.58719923267825],[0.0799049841618182,51.58724422554994],[0.08002498417175954,51.587356707534234],[0.08017498418418624,51.58800909755139],[0.08017498418418624,51.588189065562716],[0.08008498417673024,51.58827904930103],[0.08017498418418624,51.5883465369878],[0.08017498418418624,51.58852650366241],[0.08032498419661295,51.588773956675944],[0.0802949841941276,51.58879645233762],[0.08047498420903965,51.58893142607369],[0.0804449842065543,51.58899891279136],[0.0809849842512904,51.589853735871145],[0.08107498425874642,51.58992122121869],[0.08104498425626107,51.58996621139469],[0.08119498426868776,51.59019116160641],[0.08131498427862913,51.59028114137921],[0.08128498427614379,51.590326131198786],[0.08134498428111447,51.590416110704254],[0.08155498429851184,51.59064105868817],[0.08188498432585055,51.59113594033186],[0.08188498432585055,51.59120342377466],[0.08215498434821863,51.59145086220721],[0.08212498434573327,51.59149585086833],[0.08227498435815998,51.59172079350555],[0.08239498436810135,51.59181077024854],[0.08236498436561598,51.591833264406475],[0.08263498438798404,51.59217067543835],[0.08260498438549868,51.59219316941804],[0.08287498440786677,51.592530577776614],[0.08290498441035209,51.59259805914757],[0.08287498440786677,51.59262055291562],[0.08302498442029345,51.59275551528999],[0.08299498441780812,51.59280050265898],[0.08311498442774945,51.592890477263346],[0.08330998444390417,51.59317164675324],[0.08363998447124288,51.59321663371012],[0.08429998452592034,51.59377896691173],[0.08573998464521662,51.59429630730867],[0.08582998465267264,51.594363786056455],[0.08603998467007001,51.594363786056455],[0.0864899847073501,51.59456622169836],[0.08651998470983543,51.59454372889382],[0.08729998477445426,51.59483613448412],[0.08735998477942493,51.59481364181323],[0.08777998481421968,51.59501607545022],[0.08783998481919036,51.59499358286845],[0.08801998483410237,51.59510604566593],[0.08861998488380916,51.595285985562704],[0.08867998488877984,51.595263493114615],[0.08879998489872118,51.595353462840215],[0.08963998496831069,51.59562337094778],[0.08975998497825205,51.595713339960525],[0.08981998498322272,51.59569084772406],[0.08999998499813475,51.59578081660314],[0.0904799850379002,51.59589327745138],[0.09116998509506297,51.59616318235106],[0.09131998510748968,51.59616318235106],[0.09143998511743101,51.59625315029453],[0.09170998513979907,51.59636560997324],[0.0917999851472551,51.596343118059764],[0.09197998516216711,51.596455577515705],[0.09215998517707916,51.59643308564681],[0.09230998518950587,51.59652305305561],[0.09341998528146338,51.59690541255486],[0.09347998528643409,51.596882920908726],[0.09392998532371415,51.59710783686893],[0.09404998533365551,51.59710783686893],[0.09470998538833296,51.59735524313867],[0.09479998539578899,51.59733275171528],[0.09491998540573034,51.59742271734195],[0.0952799854355544,51.59751268279039],[0.09566998546786383,51.597715104397835],[0.09575998547531986,51.59769261315268],[0.09590998548774653,51.5978050692671],[0.0959699854927172,51.59778257806651],[0.09644998553248264,51.59796250735949],[0.09659998554490934,51.59796250735949],[0.09671998555485069,51.598052471738654],[0.09773998563935223,51.598389836573375],[0.09785998564929356,51.59847980010605],[0.09791998565426423,51.598457309239585],[0.09833998568905898,51.5986147450709],[0.09839998569402965,51.598592254271274],[0.0985799857089417,51.598704708158046],[0.09887998573379506,51.598772180356434],[0.09980998581084058,51.59915452092057],[0.09992998582078196,51.59915452092057],[0.10013998583817933,51.59924448293844],[0.10019998584315,51.59922199245066],[0.10154998595499026,51.59976176108278],[0.1016699859649316,51.59976176108278],[0.10178998597487295,51.59985172189774],[0.10199998599227034,51.59985172189774],[0.10208998599972635,51.59991919239199],[0.10322998609416922,51.60032401325246],[0.10331998610162524,51.60030152329932],[0.1034999861165373,51.60043646285102],[0.1035899861239933,51.60043646285102],[0.10373998613641999,51.60052642232941],[0.10379998614139066,51.60048144261249],[0.10388998614884669,51.60054891217115],[0.1049699862383189,51.60093123777678],[0.10511998625074559,51.60093123777678],[0.10544998627808432,51.60111115459502],[0.10559998629051101,51.60111115459502],[0.10571998630045236,51.60120111273683],[0.10685998639489523,51.601583432851406],[0.10691998639986594,51.60156094352199],[0.10739998643963135,51.60183081473967],[0.10751998644957271,51.60183081473967],[0.10802998649182348,51.602100684353516],[0.1081199864992795,51.602100684353516],[0.10829998651419152,51.602235618558986],[0.10877998655395693,51.60246050801041],[0.10891498656514098,51.601864548529136],[0.10888498656265562,51.601707123964005],[0.10894498656762631,51.60166214541659],[0.10900498657259698,51.60123484699407],[0.10906498657756765,51.60118986797886],[0.10900498657259698,51.60107742024588],[0.109094986580053,51.600987461859035],[0.10906498657756765,51.60083003425325],[0.10927498659496501,51.59977300619439],[0.1092449865924797,51.599638064671254],[0.10933498659993568,51.59957059375931],[0.10930498659745037,51.59952561309566],[0.10933498659993568,51.59943565163469],[0.10939498660490639,51.59939067083738],[0.10936498660242104,51.599188256698135],[0.10945498660987708,51.59900833226145],[0.10966498662727443,51.59804122620101],[0.10975498663473048,51.59797375291662],[0.10969498662975977,51.597928770671345],[0.10978498663721578,51.59779382366819],[0.10972498663224511,51.597658876264056],[0.10978498663721578,51.59761389370691],[0.10984498664218649,51.59738898025283],[0.10987498664467181,51.59725403164573],[0.10984498664218649,51.5972090486876],[0.10990498664715716,51.597141574166876],[0.11002498665709852,51.59653429896917],[0.11005498665958383,51.59644433158265],[0.11014498666703985,51.59637685592578],[0.11008498666206919,51.59628688822737],[0.1101749866695252,51.59619692035074],[0.11014498666703985,51.5961069522959],[0.11023498667449588,51.595904523520915],[0.11020498667201055,51.59585953922616],[0.1102649866769812,51.59581455488686],[0.1104749866943786,51.59518476945848],[0.11044498669189325,51.59513978445087],[0.11050498669686393,51.595094799398716],[0.11059498670431996,51.594824888150086],[0.11053498669934929,51.59475741008731],[0.11053498669934929,51.594667439180995],[0.11059498670431996,51.59459996088431],[0.11053498669934929,51.59455497529749],[0.11050498669686393,51.593835199849],[0.11038498668692258,51.59329536077744],[0.11044498669189325,51.593205386975086],[0.11032498668195191,51.59307042593739],[0.11041498668940788,51.59300294526816],[0.11032498668195191,51.59293546449869],[0.1102649866769812,51.59248559014027],[0.11020498667201055,51.5924406024594],[0.11023498667449588,51.59223815734399],[0.11014498666703985,51.591833264406475],[0.1101749866695252,51.59158582805688],[0.11008498666206919,51.59145086220721],[0.11014498666703985,51.59138337913198],[0.11005498665958383,51.591248412680834],[0.11002498665709852,51.59088850018392],[0.10996498665212782,51.59082101627328],[0.10999498665461316,51.59068604815127],[0.10990498664715716,51.59010118165541],[0.10984498664218649,51.59001120152617],[0.10990498664715716,51.58996621139469],[0.10984498664218649,51.58987623099813],[0.10990498664715716,51.58978625042333],[0.10984498664218649,51.58974126006909],[0.11018998667076789,51.58948256466755],[0.11195998681740288,51.589505059978336],[0.11201998682237355,51.589550050566494],[0.11207998682734421,51.589505059978336],[0.11222998683977092,51.589505059978336],[0.11228998684474159,51.589550050566494],[0.11234998684971226,51.589505059978336],[0.11411998699634726,51.589505059978336],[0.11417998700131794,51.589550050566494],[0.11435998701622999,51.589505059978336],[0.114449987023686,51.58957254584388],[0.11459998703611267,51.589505059978336],[0.11555998711564354,51.589505059978336],[0.1156199871206142,51.589550050566494],[0.11627998717529169,51.589550050566494],[0.11633998718026235,51.589595041110094],[0.11639998718523302,51.589550050566494],[0.11654998719765973,51.589550050566494],[0.1166099872026304,51.589595041110094],[0.11666998720760106,51.589550050566494],[0.11795998731447065,51.589550050566494],[0.1184399873542361,51.58957254584388],[0.11849998735920676,51.58961753636519],[0.11855998736417743,51.58957254584388],[0.11870998737660414,51.58957254584388],[0.11876998738157481,51.58961753636519],[0.11882998738654547,51.58957254584388],[0.1197899874660763,51.58957254584388],[0.11999998748347372,51.58966252684197],[0.12007498748968708,51.58960628873904],[0.12004498748720173,51.58938133563115],[0.12019498749962841,51.589223867792896],[0.12016498749714306,51.58911139043135],[0.12028498750708443,51.58902140834164],[0.12022498750211373,51.5889539216574],[0.12040498751702579,51.588661478200514],[0.1204349875195111,51.588593990981586],[0.12040498751702579,51.58857149521966],[0.1204949875244818,51.58850400786707],[0.1205549875294525,51.588369032861124],[0.12070498754187918,51.588256553383154],[0.12064498753690851,51.588189065562716],[0.12076498754684985,51.58807658563919],[0.12079498754933518,51.58796410543718],[0.12076498754684985,51.587941609363384],[0.12094498756176186,51.58771664801252],[0.12044998752075378,51.58761541504125],[0.12032998751081243,51.58752542998851],[0.12023998750335642,51.58754792626838],[0.12008998749092971,51.587435444757524],[0.12002998748595904,51.58748043739531],[0.11969998745862033,51.587412948421935],[0.11957998744867898,51.58732296296819],[0.11942998743625229,51.58736795571734],[0.1193099874263109,51.58727797017446],[0.11921998741885491,51.58732296296819],[0.11840998735175075,51.587165487995264],[0.1182899873418094,51.58707550205138],[0.11816998733186802,51.58714299152601],[0.11801998731944136,51.58705300553755],[0.11792998731198533,51.58709799855404],[0.11759998728464659,51.5870305090126],[0.11725498725606519,51.58677179817493],[0.11728498725855054,51.58672680483539],[0.11722498725357987,51.58668181145131],[0.11725498725606519,51.586591824549444],[0.1173449872635212,51.58652433425609],[0.11728498725855054,51.58641185021102],[0.11737498726600656,51.58629936588749],[0.11752498727843323,51.58584942580848],[0.11764498728837461,51.58575943725802],[0.11758498728340394,51.58566944852927],[0.11770498729334529,51.58555696236777],[0.11764498728837461,51.58548947053716],[0.11770498729334529,51.585264497044435],[0.11779498730080132,51.58517450733544],[0.11776498729831596,51.58515200988034],[0.11779498730080132,51.58503952243778],[0.11791498731074265,51.584949532283204],[0.11785498730577199,51.584904537139096],[0.11791498731074265,51.58476955143938],[0.11788498730825729,51.58470205843912],[0.11797498731571333,51.58461206761619],[0.118034987320684,51.584409587612924],[0.11800498731819868,51.584252102542116],[0.11806498732316935,51.584207106707346],[0.11797498731571333,51.58411711490412],[0.11797498731571333,51.584049620934735],[0.118034987320684,51.584004624899435],[0.11797498731571333,51.583937130762976],[0.11842498735299342,51.58357716034191],[0.11839498735050806,51.58348716729104],[0.11851498736044942,51.58319468864485],[0.1184849873579641,51.58317219020948],[0.11860498736790544,51.58287970953585],[0.11869498737536145,51.58281221372844],[0.11860498736790544,51.582744717820766],[0.1186649873728761,51.58260972570463],[0.11854498736293477,51.582497231968205],[0.11851498736044942,51.5822947425408],[0.11836498734802275,51.582182248024566],[0.11842498735299342,51.58204725423751],[0.11836498734802275,51.582002256219354],[0.11833498734553739,51.58164227047007],[0.11867998737411879,51.5813835289513],[0.11918998741636956,51.5813835289513],[0.11927998742382558,51.58131603092151],[0.1194599874387376,51.58136102961917],[0.11951998744370827,51.58131603092151],[0.11981998746856166,51.58129353155597],[0.12002998748595904,51.581338530275914],[0.12011998749341506,51.58127103217929],[0.12026998750584177,51.58129353155597],[0.12035998751329778,51.581226033392475],[0.12134998759531397,51.58120353398238],[0.12143998760276997,51.58113603568525],[0.12161998761768202,51.58118103456114],[0.12197998764750609,51.581091036764754],[0.12206998765496208,51.581091036764754],[0.12215998766241809,51.58115853512876],[0.12224998766987413,51.581091036764754],[0.12239998768230083,51.58113603568525],[0.12262498770094088,51.5809447899655],[0.1225649876959702,51.58083229210734],[0.12292498772579429,51.58051729662289],[0.12295498772827959,51.58042729751202],[0.12307498773822093,51.58033729822289],[0.12301498773325026,51.5802922985115],[0.12313498774319162,51.58017979903805],[0.12269998770715422,51.579966049271235],[0.12260998769969819,51.58001104930569],[0.1224599876872715,51.57992104919223],[0.12236998767981547,51.57994354923729],[0.12209998765744742,51.579876049068645],[0.12194998764502074,51.57978604868782],[0.1218599876375647,51.579808548799726],[0.12170998762513803,51.579718548285236],[0.12158998761519665,51.57974104843055],[0.12125998758785796,51.57965104778238],[0.1208849875567912,51.579392294925974],[0.12082498755182053,51.5791672912446],[0.12076498754684985,51.579122290374656],[0.12106498757170324,51.57887478479339],[0.12103498756921789,51.57885228421916],[0.12106498757170324,51.57871728053985],[0.12100498756673257,51.5785822764595],[0.1211849875816446,51.578357268767725],[0.12112498757667393,51.5783122670957],[0.12124498758661527,51.577862247924486],[0.1213349875940713,51.577614735480935],[0.12142498760152728,51.577547231853266],[0.1213349875940713,51.577479728125404],[0.1213349875940713,51.57741222429721],[0.12142498760152728,51.5773447203688],[0.12142498760152728,51.577254714974934],[0.121484987606498,51.577187210812575],[0.12071998754312187,51.57692844392802],[0.12056998753069516,51.57681593612737],[0.12044998752075378,51.57681593612737],[0.12032998751081243,51.57672592968633],[0.12023998750335642,51.576748431313305],[0.11996998748098837,51.576635923067045],[0.11953498744495096,51.576264643878396],[0.11953498744495096,51.57619713824553],[0.11962498745240698,51.57612963251239],[0.11956498744743631,51.57608462863458],[0.11959498744992163,51.57574709813072],[0.11956498744743631,51.57570209387417],[0.11962498745240698,51.57565708957302],[0.11956498744743631,51.575522076402294],[0.11968498745737764,51.57534205821744],[0.11962498745240698,51.575274551214285],[0.11962498745240698,51.575184541720816],[0.11968498745737764,51.57513953690721],[0.11962498745240698,51.575072029603284],[0.11962498745240698,51.574779496794335],[0.11968498745737764,51.574734491579704],[0.11962498745240698,51.57466698367419],[0.11962498745240698,51.57457697297753],[0.11971498745986299,51.57450946483808],[0.11965498745489232,51.57446445935608],[0.11965498745489232,51.574306939818136],[0.11977498746483368,51.573879384034846],[0.11992498747726037,51.57372186246931],[0.11992498747726037,51.57363184990108],[0.12007498748968708,51.57351933394012],[0.12004498748720173,51.573496830714504],[0.12016498749714306,51.573271797845635],[0.12031498750956976,51.5731592809934],[0.12025498750459908,51.57311427417455],[0.12062998753566583,51.57283298054699],[0.12109498757418857,51.57302426040313],[0.12109498757418857,51.57295674995758],[0.1211849875816446,51.57286673587421],[0.12112498757667393,51.57273171441496],[0.12130498759158595,51.57250667775828],[0.12124498758661527,51.57246167029326],[0.12139498759904196,51.57230414381476],[0.12136498759655666,51.572169120684414],[0.12145498760401263,51.57201159319211],[0.12137998759779929,51.57195533324111],[0.12125998758785796,51.572000341207485],[0.12113998757791658,51.571910325230206],[0.12095998756300455,51.57193282924124],[0.12068998754063652,51.571865317174726],[0.12067498753939383,51.5719215772371],[0.12011998749341506,51.57233789953468],[0.12005998748844439,51.572315395724175],[0.11963998745364965,51.57251792961759],[0.11951998744370827,51.57251792961759],[0.1191299874113989,51.57265295171186],[0.11900998740145753,51.572630448057325],[0.11885998738903084,51.572720462608586],[0.11816998733186802,51.57278797340507],[0.11777998729955863,51.572900491176355],[0.11771998729458796,51.57287798764439],[0.11759998728464659,51.57296800170547],[0.11756998728216125,51.572945498206906],[0.11699998723493982,51.57317053269117],[0.11642998718771838,51.57357559195541],[0.11636998718274771,51.57357559195541],[0.11566498712434226,51.573091770748405],[0.11557498711688621,51.57295674995758],[0.11545498710694488,51.572439166544044],[0.11536498709948884,51.57237165522954],[0.11539498710197417,51.57234915143575],[0.11533498709700349,51.572169120684414],[0.11524498708954746,51.57210160896883],[0.11527498709203282,51.572079105041354],[0.11524498708954746,51.57196658523688],[0.11476498704978205,51.57144899054902],[0.1137599869665232,51.571235199718956],[0.11363998695658184,51.57125770406421],[0.11333998693172845,51.571145182226545],[0.11315998691681643,51.571145182226545],[0.11279998688699236,51.5713477213338],[0.11270998687953634,51.5713477213338],[0.1123949868534403,51.57111142562095],[0.11236498685095495,51.57102140788346],[0.11242498685592561,51.570976398947856],[0.1123349868484696,51.57081886732238],[0.11185498680870418,51.57036877395575],[0.11176498680124816,51.57014372560132],[0.11162998679006414,51.56999744357353]]]}},{"type":"Feature","properties":{"NAME":"Seven Kings School"},"geometry":{"type":"Polygon","coordinates":[[[0.07184998349450468,51.55883361119199],[0.07132498345101125,51.55873231387566],[0.07129498344852593,51.55882235594577],[0.0713549834534966,51.55886737691397],[0.07132498345101125,51.55902494995172],[0.07138498345598193,51.55909248108647],[0.07141498345846728,51.5592500533443],[0.07123498344355524,51.55958770634409],[0.07123498344355524,51.559677746720624],[0.07093498341870186,51.56035304386249],[0.07087498341373116,51.5603980633154],[0.07090498341621651,51.56044308272375],[0.07087498341373116,51.560510611752726],[0.07078498340627516,51.560600650302014],[0.0708149834087605,51.56064566950982],[0.07045498337893642,51.561433498432145],[0.07241998354172613,51.562345112008124],[0.07244998354421148,51.56232260325099],[0.07265998356160883,51.562435146925274],[0.07271998356657952,51.56241263821269],[0.07286998357900622,51.56252518166416],[0.07328998361380096,51.56270525060708],[0.07331998361628629,51.56268274202821],[0.07427998369581713,51.563155419844854],[0.07472998373309722,51.56331297802521],[0.0750899837629213,51.56351555202634],[0.07511998376540663,51.563493043848545],[0.07568998381262808,51.56392069732122],[0.07649998387973223,51.564415870001625],[0.07655998388470289,51.56439336226949],[0.07787998399405784,51.565271155566684],[0.07799998400399917,51.56529366286427],[0.07915498409968472,51.56609266471144],[0.07957498413447947,51.56681287969612],[0.08065498422395168,51.567645614050484],[0.08062498422146633,51.56778065061668],[0.08071498422892236,51.56787067477134],[0.08062498422146633,51.567983204714],[0.08071498422892236,51.56805072254586],[0.080684984226437,51.56814074616576],[0.08072998423016502,51.568444574566826],[0.0809399842475624,51.56842206882898],[0.08108998425998909,51.568489586009136],[0.08123998427241579,51.568444574566826],[0.08135998428235715,51.56851209171355],[0.08183998432212256,51.568534597406845],[0.08189998432709322,51.568579608760025],[0.08228998435940266,51.568624620068604],[0.08263498438798404,51.56888343422821],[0.08260498438549868,51.5691534996065],[0.08263498438798404,51.569311037002976],[0.08254498438052801,51.569581099841145],[0.08257498438301338,51.57027875474766],[0.08248498437555735,51.570706344398495],[0.0825149843780427,51.5708413718737],[0.08245498437307201,51.57088638094299],[0.08242498437058668,51.57111142562095],[0.08236498436561598,51.5711789388071],[0.08239498436810135,51.5712914605612],[0.08233498436313065,51.57138147776393],[0.08230498436064532,51.57167403244181],[0.08233498436313065,51.5722366322997],[0.08239498436810135,51.57237165522954],[0.08236498436561598,51.572529181474074],[0.08242498437058668,51.57273171441496],[0.08239498436810135,51.5727767216126],[0.08245498437307201,51.57284423232552],[0.08245498437307201,51.57295674995758],[0.0825149843780427,51.573001756932406],[0.08248498437555735,51.573091770748405],[0.08257498438301338,51.57333930782326],[0.0831899844339628,51.57346307585519],[0.08363998447124288,51.57359809514202],[0.08372998447869891,51.57366560463506],[0.08387998449112559,51.57366560463506],[0.084179984515979,51.573778120233946],[0.08423998452094966,51.57375561713647],[0.08447998454083239,51.573868132512544],[0.08558998463278993,51.57416067118697],[0.08573998464521662,51.574250682707984],[0.08579998465018729,51.574205676969754],[0.08627998468995272,51.57436319685863],[0.08651998470983543,51.57438569965535],[0.08660998471729145,51.57445320797861],[0.0868799847396595,51.57447571073075],[0.0870299847520862,51.57456572162794],[0.08768998480676367,51.57472324026907],[0.08777998481421968,51.574790748091026],[0.08786998482167567,51.57476824549485],[0.08966998497079604,51.57521829530175],[0.08981998498322272,51.5753083047284],[0.08993998499316408,51.57528580238846],[0.0917399851422844,51.57573584707077],[0.09188998515471111,51.57584835754508],[0.09224998518453517,51.57602837372468],[0.0922799851870205,51.57600587174121],[0.0933299852740074,51.57665842473856],[0.09335998527649271,51.576635923067045],[0.09383998531625813,51.576973446970285],[0.09443998536596492,51.57733346970433],[0.09455998537590628,51.577355971030514],[0.09509998542064238,51.577738491871216],[0.09532498543928244,51.57781724576227],[0.09544498544922378,51.57723221359864],[0.09550498545419446,51.577187210812575],[0.09547498545170913,51.57709720510679],[0.09553498545667978,51.57700719922276],[0.09550498545419446,51.57693969469276],[0.09559498546165048,51.57653466540729],[0.09556498545916513,51.576422156631885],[0.09565498546662114,51.57606212667897],[0.09565498546662114,51.5755895830378],[0.09556498545916513,51.575522076402294],[0.09559498546165048,51.57538706283049],[0.09442498536472224,51.57453196756239],[0.09409498533738353,51.57414941973428],[0.0941549853423542,51.57385688098747],[0.09412498533986888,51.57372186246931],[0.09418498534483954,51.573676856207484],[0.09427498535229555,51.57322679113815],[0.09424498534981024,51.573091770748405],[0.0943049853547809,51.57304676386268],[0.09436498535975157,51.572821728765696],[0.09439498536223692,51.572574188872274],[0.09436498535975157,51.57246167029326],[0.09442498536472224,51.57232664763082],[0.09436498535975157,51.57228163998754],[0.09439498536223692,51.57225913614921],[0.09436498535975157,51.57210160896883],[0.09442498536472224,51.57205660110276],[0.09445498536720759,51.57135897347998],[0.09451498537217827,51.57131396487859],[0.09446998536845028,51.571235199718956],[0.09407998533614086,51.571235199718956],[0.09344998528394874,51.57130271272129],[0.09320998526406601,51.571280208398306],[0.09311998525661003,51.5713477213338],[0.09236998519447653,51.571325217033106],[0.09230998518950587,51.571370225623355],[0.09215998517707916,51.571370225623355],[0.09184498515098312,51.57113393002749],[0.09166498513607108,51.57045879298559],[0.09169498513855642,51.57027875474766],[0.09160498513110038,51.570211240224644],[0.09199498516340979,51.569896171124704],[0.09199498516340979,51.569851161075015],[0.09172498514104174,51.569221015700414],[0.09175498514352709,51.569130994219606],[0.09166498513607108,51.56906347799201],[0.09157498512861503,51.56874840093747],[0.09148498512115905,51.56868088414168],[0.09154498512612971,51.56856835592591],[0.09136498511121768,51.56841081595588],[0.09139498511370303,51.568298287071634],[0.09112498509133497,51.56771313238371],[0.0911549850938203,51.567600601772625],[0.09106498508636428,51.56753308327225],[0.09097498507890828,51.56735303344777],[0.09097498507890828,51.56724050194537],[0.09088498507145226,51.56715047654291],[0.09091498507393758,51.56703794453918],[0.09076498506151091,51.566880399266026],[0.09079498506399622,51.56679037315052],[0.09052498504162818,51.5661601853509],[0.09055498504411354,51.56609266471144],[0.09046498503665751,51.56595762313172],[0.09014998501056143,51.565856341683734],[0.08933998494345731,51.56599138356426],[0.08912998492605993,51.56594636964864],[0.08875498489499319,51.565642524552615],[0.08863498488505181,51.565214887273896],[0.08867998488877984,51.565158618911475],[0.0881099848415584,51.56529366286427],[0.08804998483658773,51.56524864825789],[0.08792998482664638,51.5653386774261],[0.08735998477942493,51.56545121363562],[0.0872699847719689,51.56540619918524],[0.08711998475954222,51.56549622804145],[0.08642998470237939,51.56560876386106],[0.08627998468995272,51.56567628521912],[0.085949984662614,51.56567628521912],[0.08555998463030459,51.56578882059306],[0.08519998460048052,51.56576631354056],[0.08513998459550985,51.5657212994021],[0.08495998458059781,51.56576631354056],[0.08486998457314181,51.565698792316184],[0.08459998455077374,51.56567628521912],[0.08405998450603765,51.56549622804145],[0.08387998449112559,51.56549622804145],[0.0837899844836696,51.565428706415986],[0.08351998446130153,51.56540619918524],[0.0833399844463895,51.565316170150744],[0.08315998443147746,51.565316170150744],[0.08303998442153611,51.565226140938016],[0.0827999844016534,51.565226140938016],[0.08228998435940266,51.56506858938677],[0.08189998432709322,51.565226140938016],[0.08149498429354117,51.564877276054915],[0.08134498428111447,51.56449464697633],[0.08128498427614379,51.56444963157893],[0.08131498427862913,51.564359600650434],[0.08122498427117311,51.56422455392343],[0.0809399842475624,51.564010729118756],[0.08066998422519434,51.563875681355604],[0.08051998421276765,51.563875681355604],[0.08036998420034094,51.563763141246596],[0.08012998418045823,51.56367310895885],[0.08003998417300222,51.563695617047486],[0.07967998414317816,51.56351555202634],[0.0795599841332368,51.56351555202634],[0.07913998409844204,51.56331297802521],[0.07907998409347138,51.56333548629211],[0.07874998406613264,51.56313291148882],[0.0784799840437646,51.56306538635384],[0.07784998399157247,51.56270525060708],[0.07775998398411646,51.56270525060708],[0.07663498389091623,51.561883680259875],[0.07660498388843093,51.56183866227763],[0.07669498389588693,51.5617486261795],[0.07660498388843093,51.56165858990309],[0.0766649838934016,51.561456007629396],[0.07672498389837228,51.56141098922378],[0.07669498389588693,51.56132095227886],[0.07690498391328428,51.560510611752726],[0.0769949839207403,51.56042057302515],[0.07697998391949763,51.56009418114331],[0.07367998364611036,51.5592838187571],[0.07343998362622765,51.5592838187571],[0.07289998358149155,51.559103736265854],[0.07271998356657952,51.559103736265854],[0.07241998354172613,51.55899118434674],[0.07235998353675545,51.55901369475285],[0.0720899835143874,51.558901142610885],[0.07199998350693138,51.558923653061576],[0.07184998349450468,51.55883361119199]]]}},{"type":"Feature","properties":{"NAME":"Forest Academy"},"geometry":{"type":"Polygon","coordinates":[[[0.13496998872365784,51.61212970080376],[0.13493998872117252,51.599446896827054],[0.13475998870626046,51.59955934859755],[0.13466998869880445,51.59953685826575],[0.13436998867395106,51.5996942903546],[0.1342499886640097,51.5996942903546],[0.1267799880451603,51.594138856507264],[0.12650998802279226,51.594003898243095],[0.12647998802030694,51.594026391314976],[0.12617998799545355,51.59380146009501],[0.12530998792337872,51.593284114061895],[0.12527998792089337,51.593306607490206],[0.12470998787367191,51.59292421769401],[0.1243799878463332,51.592744268440754],[0.12431998784136253,51.592766762136414],[0.12341998776680232,51.59215942844434],[0.12314998774443428,51.59202446429891],[0.12311998774194896,51.59204695835099],[0.12278998771461022,51.59179952316543],[0.12221998766738879,51.59148460370723],[0.12215998766241809,51.59150709802663],[0.12170998762513803,51.59116968206577],[0.12107998757294589,51.590809768945086],[0.12095998756300455,51.59078727428038],[0.1202099875008711,51.59031488374808],[0.12011998749341506,51.590337378646694],[0.119759987463591,51.590089934149006],[0.11882998738654547,51.590089934149006],[0.11876998738157481,51.59004494409552],[0.11870998737660414,51.590089934149006],[0.11855998736417743,51.590089934149006],[0.11849998735920676,51.59004494409552],[0.11840998735175075,51.590089934149006],[0.11639998718523302,51.59006743912782],[0.11633998718026235,51.590022449052064],[0.11627998717529169,51.59006743912782],[0.11447998702617133,51.59006743912782],[0.11441998702120065,51.590022449052064],[0.11423998700628861,51.59006743912782],[0.11417998700131794,51.590022449052064],[0.11399998698640593,51.59006743912782],[0.11327998692675778,51.59006743912782],[0.11315998691681643,51.590022449052064],[0.11234998684971226,51.590022449052064],[0.11228998684474159,51.589977458931756],[0.11222998683977092,51.590022449052064],[0.11207998682734421,51.590022449052064],[0.11201998682237355,51.589977458931756],[0.11195998681740288,51.590022449052064],[0.11054998670059195,51.58999995399747],[0.11062498670680526,51.59028114137921],[0.11065498670929062,51.59066355342529],[0.1107149867142613,51.590731037569846],[0.11068498671177596,51.590843510921296],[0.11077498671923197,51.591270907117206],[0.11077498671923197,51.591338390359496],[0.1107149867142613,51.59138337913198],[0.11080498672171732,51.59145086220721],[0.11083498672420268,51.59154083948487],[0.11077498671923197,51.59160832232616],[0.11083498672420268,51.591653310831326],[0.11089498672917335,51.59221566338659],[0.11095498673414401,51.59235062696392],[0.11092498673165865,51.59241810860222],[0.1110149867391147,51.59277800898007],[0.11098498673662935,51.59300294526816],[0.11107498674408536,51.593137906506364],[0.1110149867391147,51.593205386975086],[0.11110498674657072,51.59329536077744],[0.11113498674905603,51.59363276094901],[0.11119498675402674,51.593790213504754],[0.11116498675154139,51.59381270668244],[0.11122498675651206,51.59457746809648],[0.11116498675154139,51.59462245366102],[0.11122498675651206,51.594667439180995],[0.11119498675402674,51.594824888150086],[0.11125498675899739,51.59486987346956],[0.11125498675899739,51.59493735136527],[0.11116498675154139,51.59513978445087],[0.11119498675402674,51.59522975442155],[0.11110498674657072,51.595319724213994],[0.11107498674408536,51.595499663264256],[0.1110149867391147,51.59556714022432],[0.11080498672171732,51.596174428353756],[0.11083498672420268,51.59621941233661],[0.1107149867142613,51.59639934782257],[0.11074498671674665,51.59644433158265],[0.1107149867142613,51.59666924971484],[0.1105649867018346,51.59716406568492],[0.11059498670431996,51.59729901455933],[0.11050498669686393,51.59741147164836],[0.11044498669189325,51.597658876264056],[0.1104749866943786,51.5977488412447],[0.11038498668692258,51.59781631486322],[0.11041498668940788,51.597883788381516],[0.11032498668195191,51.597996244022575],[0.11035498668443722,51.59819866347475],[0.11029498667946655,51.59828862738611],[0.11008498666206919,51.599165766182544],[0.11011498666455453,51.59927821864918],[0.10999498665461316,51.59936818042202],[0.11002498665709852,51.59950312274711],[0.10993498664964249,51.599593084074414],[0.10999498665461316,51.599638064671254],[0.10996498665212782,51.599660554952955],[0.10999498665461316,51.59972802573124],[0.10993498664964249,51.59979549640927],[0.10975498663473048,51.600942482598796],[0.10969498662975977,51.600987461859035],[0.10972498663224511,51.601122399372485],[0.10963498662478909,51.60118986797886],[0.10969498662975977,51.60123484699407],[0.10969498662975977,51.60134729433719],[0.10948498661236243,51.60240428575196],[0.10951498661484775,51.602426774663684],[0.10942498660739172,51.60258419673391],[0.10945498660987708,51.60262917436804],[0.10945498660987708,51.6027416182584],[0.10939498660490639,51.60278659573656],[0.10942498660739172,51.60287655055928],[0.10904998657632498,51.603135169681906],[0.10790998648188212,51.602550463479105],[0.10787998647939677,51.60257295231844],[0.10757998645454338,51.6023705523635],[0.10742998644211667,51.60234806342392],[0.10733998643466065,51.60228059653838],[0.10727998642969001,51.602303085511366],[0.10685998639489523,51.602100684353516],[0.10679998638992456,51.60212317341561],[0.10655998637004188,51.60198823887601],[0.10631998635015914,51.60194326060704],[0.10565998629548168,51.60165090077276],[0.10553998628554034,51.60165090077276],[0.10538998627311363,51.60156094352199],[0.10505998624577488,51.60147098609303],[0.10499998624080426,51.60149347546697],[0.10487998623086286,51.60140351790432],[0.10451998620103879,51.60131356016348],[0.10370998613393463,51.600976217048164],[0.10352998611902262,51.600953727418045],[0.10325998609665457,51.60084127910033],[0.1031999860916839,51.60086376878615],[0.10310998608422789,51.60079629969528],[0.10148998595001957,51.60021156337543],[0.10139998594256355,51.6002340533731],[0.10130998593510754,51.60016658334664],[0.10016998584066464,51.59976176108278],[0.10007998583320867,51.59978425130324],[0.09977998580835526,51.599604329227795],[0.0995999857934432,51.599604329227795],[0.0995099857859872,51.59953685826575],[0.098429985696515,51.59915452092057],[0.09827998568408831,51.59915452092057],[0.09815998567414694,51.599064558724464],[0.09758998562692552,51.59883965245459],[0.09731998560455747,51.598794671066976],[0.09653998553993863,51.59850229096137],[0.09647998553496796,51.598524781805544],[0.09629998552005593,51.59841232747325],[0.09599998549520254,51.59834485474022],[0.09584998548277583,51.598232399962384],[0.09578998547780516,51.59825489094025],[0.09560998546289314,51.59814243593963],[0.09551998545543713,51.59816492696204],[0.09473998539081832,51.597872542802094],[0.09467998538584765,51.59789503395814],[0.0938999853212288,51.597557665447795],[0.09371998530631678,51.59753517412468],[0.09362998529886075,51.59746770008846],[0.09359998529637545,51.59749019144498],[0.09293998524169797,51.59724278591039],[0.0928799852367273,51.597265277378334],[0.09248998520441791,51.59708534532302],[0.09209998517210849,51.59697288742647],[0.09203998516713782,51.596995379028044],[0.09167998513731374,51.59681544590346],[0.09161998513234304,51.596837937583025],[0.09125998510251897,51.59670298733861],[0.09119998509754833,51.59672547907385],[0.09107998508760695,51.59663551206602],[0.09071998505778289,51.59654554487996],[0.08993998499316408,51.59623065832538],[0.08987998498819338,51.596275642252536],[0.08969998497328137,51.59614069033736],[0.08963998496831069,51.59616318235106],[0.08939998494842798,51.596095706276515],[0.08876998489623587,51.59584829314551],[0.08855998487883848,51.59582580097585],[0.08843998486889712,51.59573583218587],[0.08807998483907303,51.595645863217655],[0.0879599848291317,51.59555589407125],[0.08792998482664638,51.59557838637456],[0.08729998477445426,51.595353462840215],[0.08723998476948357,51.595375955243775],[0.08711998475954222,51.595285985562704],[0.08675998472971815,51.59519601570342],[0.08600998466758468,51.594881119792475],[0.08591998466012865,51.594926105056274],[0.08576998464770197,51.59481364181323],[0.08543998462036322,51.59474616373377],[0.08534998461290721,51.59467868555403],[0.08468998455822975,51.59445375756425],[0.08459998455077374,51.59447625041335],[0.08441998453586172,51.59434129315166],[0.084179984515979,51.59425132142109],[0.08348998445881621,51.59373398051178],[0.08306998442402147,51.59359902104464],[0.08269498439295472,51.59331785420018],[0.08260498438549868,51.593160400007065],[0.08248498437555735,51.59307042593739],[0.0825149843780427,51.59302543883571],[0.08239498436810135,51.592890477263346],[0.08242498437058668,51.59284548998345],[0.08224498435567462,51.592710527876434],[0.08227498435815998,51.5926655404183],[0.08200498433579191,51.59235062696392],[0.0816149843034825,51.591743287708006],[0.08140498428608514,51.59154083948487],[0.08143498428857049,51.59151834518219],[0.08140498428608514,51.591405873501536],[0.08116498426620243,51.591180929304855],[0.08119498426868776,51.59115843482393],[0.08101498425377573,51.590910994798506],[0.08080498423637836,51.590731037569846],[0.0808349842388637,51.59070854286613],[0.08080498423637836,51.59066355342529],[0.08041498420406895,51.59016866663538],[0.08038498420158362,51.590056191613066],[0.0802949841941276,51.589988706466],[0.08020498418667159,51.589718764875265],[0.0796649841419355,51.58888643487291],[0.07952998413075146,51.58885269144306],[0.07919998410341272,51.58898766501206],[0.07904998409098603,51.58894267386696],[0.07883998407358865,51.589077647168615],[0.07880998407110332,51.58905515164618],[0.07835998403382323,51.58925761094704],[0.07787998399405784,51.589392583313],[0.07727998394435102,51.58970751727418],[0.07715998393440969,51.58970751727418],[0.07667998389464427,51.589977458931756],[0.07658998388718825,51.589977458931756],[0.07624498385860685,51.5901461716532],[0.07652998388221757,51.590337378646694],[0.07655998388470289,51.59031488374808],[0.07717498393565234,51.59075353226241],[0.07708498392819634,51.59095598399429],[0.07673998389961495,51.591214671005375],[0.07652998388221757,51.591214671005375],[0.07643998387476156,51.59116968206577],[0.07634998386730552,51.59123716545846],[0.07619998385487885,51.5912596599004],[0.07568998381262808,51.5912596599004],[0.07559998380517206,51.59132714315942],[0.0754799837952307,51.59130464875088],[0.07480498373931058,51.591405873501536],[0.07477498373682523,51.59158582805688],[0.07468498372936923,51.591743287708006],[0.07471498373185455,51.59181077024854],[0.07462498372439853,51.59190074681335],[0.0747449837343399,51.59203571132635],[0.0747449837343399,51.592125687445574],[0.07495498375173727,51.592530577776614],[0.07492498374925192,51.59255307157807],[0.0749849837542226,51.59264304667254],[0.0749849837542226,51.59275551528999],[0.07492498374925192,51.59280050265898],[0.07507498376167862,51.59298045168948],[0.07504498375919329,51.59300294526816],[0.07507498376167862,51.593160400007065],[0.07495498375173727,51.59336284101225],[0.07522498377410532,51.593565281115204],[0.07546498379398803,51.593835199849],[0.07561498380641474,51.59412761000057],[0.07558498380392939,51.59419508899899],[0.07579498382132677,51.59442001826971],[0.07576498381884142,51.594442511135526],[0.07579498382132677,51.59455497529749],[0.0759149838312681,51.59468993192429],[0.07585498382629745,51.59477990278603],[0.07603498384120948,51.594959843974905],[0.07618498385363617,51.595297231782595],[0.07570498381387072,51.59561212480865],[0.07576498381884142,51.595769570502995],[0.0759149838312681,51.59594950777109],[0.0758249838238121,51.59601698406285],[0.07597498383623881,51.596174428353756],[0.07618498385363617,51.59682669174463],[0.07627498386109217,51.59693915000318],[0.07618498385363617,51.597006624824665],[0.07630498386357752,51.59711908263768],[0.07630498386357752,51.59716406568492],[0.07598998383748146,51.59740022595199],[0.07556998380268672,51.59746770008846],[0.0754799837952307,51.59753517412468],[0.07535998378528934,51.59746770008846],[0.07523998377534799,51.597557665447795],[0.0747899837380679,51.59762513935038],[0.07415998368587579,51.5978050692671],[0.07406998367841977,51.59773759563187],[0.07394998366847841,51.59782756045659],[0.07337998362125697,51.597940016236855],[0.07328998361380096,51.59791752510307],[0.07319998360634493,51.597984998470984],[0.07304998359391825,51.597984998470984],[0.07283998357652087,51.59807496280562],[0.07271998356657952,51.598052471738654],[0.07211998351687274,51.598187417973286],[0.07199998350693138,51.59816492696204],[0.07187998349699001,51.59825489094025],[0.07178998348953401,51.598232399962384],[0.07130998344976859,51.59834485474022],[0.07118998343982723,51.59829987286251],[0.07091998341745918,51.598434818362],[0.0708599834124885,51.59841232747325],[0.06995998333792834,51.5986147450709],[0.06986998333047231,51.59856976346051],[0.06959998330810427,51.598704708158046],[0.06947998329816292,51.598682217402974],[0.06920998327579486,51.59874968963477],[0.06911998326833885,51.598704708158046],[0.0689999832583975,51.598794671066976],[0.06863998322857343,51.598884633797695],[0.06857998322360274,51.598862143131704],[0.06797998317389596,51.59899708696049],[0.06779998315898393,51.598974596350196],[0.06767998314904258,51.599064558724464],[0.06752998313661589,51.599064558724464],[0.06731998311921851,51.59915452092057],[0.06707998309933579,51.59915452092057],[0.06695998308939444,51.59924448293844],[0.06656998305708503,51.59935693521017],[0.06647998304962902,51.59942440643955],[0.06641998304465833,51.59940191604089],[0.06611998301980494,51.59951436792278],[0.06581998299495155,51.59955934859755],[0.06527998295021545,51.59978425130324],[0.06503998293033274,51.59978425130324],[0.06491998292039139,51.599874212073615],[0.06428998286819926,51.60003164299299],[0.0640799828508019,51.60014409331557],[0.06380998282843385,51.60016658334664],[0.06371998282097784,51.6002340533731],[0.06359998281103647,51.6002340533731],[0.06314998277375639,51.60039148304503],[0.06305998276630038,51.6003689931253],[0.06287998275138834,51.60050393247652],[0.06278998274393233,51.60048144261249],[0.06212998268925487,51.600706340751536],[0.06182998266440147,51.60075132024569],[0.06167998265197478,51.60086376878615],[0.061529982639548085,51.60086376878615],[0.06125998261718004,51.600976217048164],[0.06104998259978266,51.600976217048164],[0.06047998255256123,51.60122360224444],[0.06023998253267851,51.601246091740926],[0.05987998250285444,51.601381028485825],[0.05981998249788377,51.60135853905618],[0.05968498248669974,51.60157218818808],[0.059714982489185074,51.6016171668246],[0.05965498248421441,51.60166214541659],[0.05959498247924372,51.601887037708174],[0.05944498246681704,51.602111928885954],[0.05947498246930237,51.60215690698786],[0.05938498246184635,51.60222437405719],[0.05932498245687568,51.602359307895085],[0.059354982459361,51.602426774663684],[0.05920498244693432,51.60253921905527],[0.0591149824394783,51.6028315731702],[0.05924998245066233,51.60284281752165],[0.05951998247303038,51.60273037388189],[0.060119982522737155,51.60228059653838],[0.06029998253764919,51.60228059653838],[0.06041998254759054,51.60219064053504],[0.06059998256250258,51.60219064053504],[0.06086998258487063,51.60228059653838],[0.06139498262836406,51.60269664073566],[0.0614249826308494,51.60278659573656],[0.06157498264327609,51.6029215279038],[0.06157498264327609,51.60298899383706],[0.061874982668129484,51.60323636806805],[0.061844982665644144,51.60325885656768],[0.06202498268055617,51.603506229328495],[0.06232498270540956,51.603731112487],[0.06253498272280694,51.60406843513647],[0.06271498273771897,51.60422585151529],[0.06271498273771897,51.60429331551057],[0.06331498278742576,51.60485551157304],[0.06328498278494042,51.60487799927076],[0.06335998279115376,51.60495670612502],[0.06359998281103647,51.60488924311543],[0.06383998283091918,51.60488924311543],[0.06389998283588987,51.60493421846628],[0.06398998284334588,51.60486675542329],[0.0643199828706846,51.604844267720026],[0.06440998287814063,51.60479929228004],[0.06467998290050868,51.604844267720026],[0.0647699829079647,51.60477680454337],[0.06503998293033274,51.60470934126646],[0.06563998298003952,51.60466436569284],[0.06595498300613557,51.604900486957334],[0.06607498301607694,51.60512536321045],[0.0660449830135916,51.60517033832744],[0.06613498302104762,51.60523780091938],[0.066344983038445,51.60564257436595],[0.066344983038445,51.60573252353069],[0.066434983045901,51.60579998528732],[0.06649498305087169,51.605979882814886],[0.06655498305584236,51.606024857085416],[0.06652498305335702,51.6061148054928],[0.06547498296637017,51.60690184645606],[0.06575998298998087,51.606980549801996],[0.06587998299992225,51.60695806314564],[0.0659999830098636,51.60686811640889],[0.06617998302477562,51.60686811640889],[0.06674998307199706,51.60655330142692],[0.06683998307945307,51.60655330142692],[0.06743998312915986,51.60610356195163],[0.06755998313910122,51.60605858775906],[0.06770998315152792,51.60610356195163],[0.06782998316146926,51.60601361352196],[0.06797998317389596,51.60605858775906],[0.06818998319129334,51.60594615208277],[0.06851998321863206,51.60594615208277],[0.06860998322608808,51.605878690543335],[0.06878998324100011,51.605901177734275],[0.0689399832534268,51.605811228903676],[0.06974998332053096,51.605586356047496],[0.06986998333047231,51.605496406593176],[0.06998998334041368,51.605496406593176],[0.07019998335781104,51.60533899461933],[0.07043998337769376,51.60531650714995],[0.07061998339260579,51.605204069635946],[0.07067998339757647,51.60522655716102],[0.0711599834373419,51.604979193772614],[0.0713999834572246,51.60495670612502],[0.07151998346716595,51.60488924311543],[0.07169998348207798,51.60491173079643],[0.07187998349699001,51.60479929228004],[0.07196998350444604,51.604844267720026],[0.07223998352681409,51.60470934126646],[0.07244998354421148,51.60473182903657],[0.07259998355663816,51.60461939007467],[0.07268998356409417,51.60464187788933],[0.07280998357403552,51.60455192656387],[0.07319998360634493,51.60441699924156],[0.07331998361628629,51.60443948715647],[0.07388998366350774,51.604844267720026],[0.07391998366599307,51.604821780005594],[0.0740999836809051,51.60491173079643],[0.07415998368587579,51.60488924311543],[0.07457998372067053,51.6051366069939],[0.0746399837256412,51.60511411942427],[0.07526998377783331,51.605428944385494],[0.07535998378528934,51.605428944385494],[0.07577998382008408,51.605743767163766],[0.07634998386730552,51.60605858775906],[0.07643998387476156,51.60605858775906],[0.07688998391204165,51.60626097127473],[0.07691998391452695,51.60623848426197],[0.07724998394186572,51.606463353888266],[0.07736998395180705,51.606463353888266],[0.07748998396174842,51.60655330142692],[0.07781998398908713,51.606620761963946],[0.07796998400151385,51.60671070919076],[0.07811998401394053,51.60671070919076],[0.0782399840238819,51.606800656239386],[0.07913998409844204,51.606733195969625],[0.07922998410589807,51.60677816949393],[0.07937998411832475,51.60668822240078],[0.07949998412826612,51.606733195969625],[0.07979998415311951,51.60659827512941],[0.08000998417051688,51.60666573559964],[0.0800999841779729,51.60659827512941],[0.08024998419039958,51.606620761963946],[0.08039998420282629,51.606508327679855],[0.08066998422519434,51.60648584078962],[0.08075998423265036,51.60641838005212],[0.08081998423762103,51.60644086697574],[0.08102998425501841,51.60637340617139],[0.08111998426247444,51.6063059452668],[0.08123998427241579,51.60632843224614],[0.08138998428484248,51.6062159972381],[0.08150998429478384,51.60626097127473],[0.08159998430223986,51.6062159972381],[0.08204998433951993,51.60626097127473],[0.08213998434697596,51.60619351020306],[0.08222998435443198,51.60619351020306],[0.08228998435940266,51.60623848426197],[0.08243998437182935,51.606148536099624],[0.0828599844066241,51.60605858775906],[0.08314498443023481,51.60588993414021],[0.08320498443520549,51.60577749804625],[0.08347498445757352,51.605552625023],[0.08344498445508819,51.60548516289888],[0.08443498453710438,51.60467560959041],[0.08455498454704573,51.60451819477088],[0.08452498454456038,51.60449570689498],[0.08483998457065646,51.60425958352547],[0.08498998458308316,51.60428207151831],[0.08513998459550985,51.604214607506314],[0.08528998460793653,51.604327047470626],[0.08537998461539256,51.604304559500044],[0.08612998467752603,51.60450695083433],[0.08627998468995272,51.60461939007467],[0.08636998469740874,51.60457441441194],[0.08674498472847547,51.60483302386421],[0.0866849847235048,51.604900486957334],[0.08677498473096082,51.6049679499502],[0.08674498472847547,51.60514785077453],[0.08681998473468883,51.605204069635946],[0.08765998480427832,51.60547391920176],[0.08774998481173434,51.60540645696067],[0.08786998482167567,51.60547391920176],[0.08792998482664638,51.605428944385494],[0.08801998483410237,51.6054514317992],[0.08822998485149974,51.605518893973475],[0.08837998486392645,51.60563133070784],[0.08849998487386783,51.60560884338324],[0.08861998488380916,51.60569879261482],[0.08870998489126516,51.60567630532363],[0.08924998493600128,51.605878690543335],[0.08939998494842798,51.605878690543335],[0.08977498497949472,51.60615977962965],[0.08974498497700936,51.606249727769736],[0.0898349849844654,51.60638464964575],[0.0896849849720387,51.60649708423614],[0.08956498496209735,51.6067219525816],[0.08959498496458268,51.60674443935488],[0.08935498494469996,51.606991793126],[0.0893849849471853,51.60708173961772],[0.08920498493227329,51.607396550935455],[0.0892349849347586,51.60766638747039],[0.08917498492978793,51.607733846353504],[0.08926498493724395,51.60780130513641],[0.0892349849347586,51.6079137362185],[0.08935498494469996,51.60800368088369],[0.08932498494221464,51.60831848580857],[0.08947498495464133,51.60845340153669],[0.08941498494967066,51.60849837335698],[0.08959498496458268,51.608700745996934],[0.0896849849720387,51.608970574780244],[0.08980498498198006,51.6091504597448],[0.08977498497949472,51.60921791642274],[0.09008998500559076,51.60938655767905],[0.09023998501801747,51.60938655767905],[0.0903599850279588,51.60947649942628],[0.09062998505032685,51.60956644099529],[0.0910049850813936,51.60984750724995],[0.09124498510127632,51.610207269516614],[0.0911549850938203,51.610297209637814],[0.09124498510127632,51.6103871495808],[0.09121498509879097,51.61047708934559],[0.09166498513607108,51.6108143618765],[0.09157498512861503,51.610881816082006],[0.09163498513358571,51.61097175486671],[0.09154498512612971,51.611039208838335],[0.09148498512115905,51.61121908560591],[0.09151498512364437,51.61124157015175],[0.0911549850938203,51.611623805726865],[0.09121498509879097,51.611691258729536],[0.09109498508884964,51.61180368017793],[0.09109498508884964,51.61189361713618],[0.09097498507890828,51.61209597464072],[0.09085498506896693,51.61218591101982],[0.09091498507393758,51.61223087914257],[0.09076498506151091,51.61236578324348],[0.09076498506151091,51.612455719088025],[0.09067498505405489,51.61259062252074],[0.09019498501428948,51.61313023224225],[0.0898349849844654,51.613422518162984],[0.08984998498570808,51.613456243340394],[0.08987998498819338,51.61343375989157],[0.09029998502298814,51.61363611053017],[0.0903599850279588,51.61361362717043],[0.09068998505529756,51.61381597700718],[0.09095998507766559,51.6138834267523],[0.09116998509506297,51.61404080910112],[0.09122998510003366,51.61401832594185],[0.09140998511494569,51.61413074162687],[0.09146998511991636,51.61410825851213],[0.09164998513482839,51.614175707822916],[0.09230998518950587,51.61449046994796],[0.09245998520193255,51.61449046994796],[0.09281998523175664,51.61462536733332],[0.0928799852367273,51.61460288446361],[0.09305998525163932,51.61471529870084],[0.09323998526655136,51.61469281587566],[0.09362998529886075,51.6148951609013],[0.09371998530631678,51.61487267816522],[0.09395998532619951,51.61505253974204],[0.09401998533117017,51.61505253974204],[0.0940049853299275,51.61501881575069],[0.09421498534732488,51.61479398850125],[0.09421498534732488,51.61472654010926],[0.09427498535229555,51.61468157445889],[0.09424498534981024,51.61465909161702],[0.09433498535726621,51.614591643024575],[0.09436498535975157,51.61447922848107],[0.09454498537466359,51.61423191550534],[0.0946349853821196,51.614074533819156],[0.0946049853796343,51.614029567522856],[0.09481498539703168,51.613872185135065],[0.09481498539703168,51.61380473537325],[0.09493498540697301,51.613714802201564],[0.09493498540697301,51.61362486885169],[0.09505498541691436,51.613422518162984],[0.09517498542685573,51.613332584233994],[0.09514498542437037,51.613265133670296],[0.09526498543431174,51.613175199429485],[0.09526498543431174,51.61310774863193],[0.09535498544176775,51.612995330413256],[0.09532498543928244,51.61295036304786],[0.09550498545419446,51.6127255255525],[0.0958799854852612,51.612444477117215],[0.09599998549520254,51.612444477117215],[0.09623998551508527,51.61260186445537],[0.09629998552005593,51.61255689670014],[0.09644998553248264,51.61264683216603],[0.09686998556727737,51.612714283648494],[0.09698998557721873,51.61280421880256],[0.09707998558467475,51.612781735030744],[0.09722998559710146,51.61287167005117],[0.09731998560455747,51.61284918631276],[0.09785998564929356,51.61300657224766],[0.09791998565426423,51.6129840885761],[0.09821998567911765,51.61311899043848],[0.09835498569030167,51.61301781407927],[0.09829498568533097,51.61295036304786],[0.09838498569278702,51.612815460684295],[0.098474985700243,51.61247820302132],[0.09881998572882439,51.61224212116629],[0.09926998576610449,51.612354541250376],[0.09944998578101652,51.61246696105607],[0.0995099857859872,51.61242199316721],[0.09968998580089923,51.61251192890038],[0.09995998582326726,51.612534412805836],[0.10019998584315,51.61266931600466],[0.10031998585309135,51.612624348316274],[0.10046998586551803,51.612736767453725],[0.10067998588291541,51.612714283648494],[0.10082998589534212,51.61280421880256],[0.10133998593759289,51.61293912119953],[0.10145998594753422,51.61302905590811],[0.10154998595499026,51.6129840885761],[0.10172998596990226,51.613096506822586],[0.10178998597487295,51.61305153955739],[0.10187998598232897,51.61307402319557],[0.10220998600966771,51.61325389189993],[0.10232998601960908,51.61323140835088],[0.10244998602955041,51.61332134248035],[0.10271998605191845,51.61334382598487],[0.10343998611156659,51.61363611053017],[0.10355998612150796,51.61361362717043],[0.10415998617121473,51.613950876397176],[0.10424998617867076,51.613950876397176],[0.10484998622837755,51.61426564008138],[0.10487998623086286,51.61424315703346],[0.1052699862631723,51.61449046994796],[0.10556998628802569,51.61462536733332],[0.10559998629051101,51.61460288446361],[0.10616998633773245,51.614962609042735],[0.10631998635015914,51.614962609042735],[0.10727998642969001,51.61550219056578],[0.10757998645454338,51.61561460257568],[0.10763998645951404,51.615592120195984],[0.10796998648685278,51.6158394257602],[0.10838998652164754,51.616041765674076],[0.10847998652910355,51.616041765674076],[0.10886998656141296,51.61631155082275],[0.10895998656886897,51.61631155082275],[0.10910998658129568,51.61642396082804],[0.1091999865887517,51.61640147884924],[0.10949998661360506,51.616603816257374],[0.1105649867018346,51.615648326124344],[0.11059498670431996,51.61558087900193],[0.1105649867018346,51.615558396605536],[0.11114998675029872,51.615119987649585],[0.1116899867950348,51.615097505024885],[0.11222998683977092,51.61536729578639],[0.1124399868571683,51.61541226075742],[0.1133699869342138,51.616041765674076],[0.1135199869466405,51.616041765674076],[0.1136699869590672,51.616154176347585],[0.11378998696900855,51.61613169423516],[0.11393998698143523,51.616244104685926],[0.11399998698640593,51.61622162261804],[0.11459998703611267,51.61662629813595],[0.11483998705599541,51.6167611891734],[0.11495998706593676,51.6167611891734],[0.11543998710570219,51.61709841501307],[0.11549998711067286,51.61707593336838],[0.11576998713304092,51.617233304647314],[0.11579998713552628,51.61721082306944],[0.1161149871616223,51.61744687908165],[0.11608498715913698,51.61746936054258],[0.11638498718399037,51.61780658112021],[0.11668498720884375,51.61803139344657],[0.11677498721629977,51.61841357184559],[0.11674498721381446,51.61845853379858],[0.11683498722127043,51.61852597664454],[0.11680498721878513,51.61854845757094],[0.1168649872237558,51.618638381165105],[0.11680498721878513,51.61868334289537],[0.1169549872312118,51.618795747026155],[0.11707498724115317,51.61899807375997],[0.1173449872635212,51.61924536076516],[0.11737498726600656,51.619357763503906],[0.11747998727470522,51.619369003762486],[0.1176599872896173,51.619503886648026],[0.11774998729707327,51.61948140619495],[0.11789998730949998,51.619571327940484],[0.11795998731447065,51.61954884752082],[0.11816998733186802,51.61963876913271],[0.11858998736666276,51.6199085328993],[0.11864998737163347,51.61988605264668],[0.11891998739400152,51.61997597359041],[0.11939998743376694,51.62038061563216],[0.11954998744619362,51.620470535595885],[0.11963998745364965,51.62044805562165],[0.11995498747974569,51.62068409479562],[0.11992498747726037,51.620706574652914],[0.1200149874847164,51.62079649397074],[0.12007498748968708,51.620953852348194],[0.1200149874847164,51.620998811784396],[0.1201049874921724,51.621066250855144],[0.12013498749465774,51.62113368982567],[0.1201049874921724,51.62115616946024],[0.1202099875008711,51.62125732767802],[0.12047998752323914,51.62125732767802],[0.12080998755057785,51.62143716395279],[0.12110998757543125,51.62148212291012],[0.12143998760276997,51.62168443766688],[0.1222799876723595,51.62188675152161],[0.12302998773449295,51.62235881367477],[0.12311998774194896,51.622336334636],[0.12404998781899444,51.62294326477456],[0.12416998782893582,51.622920786025304],[0.12428998783887718,51.62301070095549],[0.12443998785130386,51.62296574351266],[0.12479998788112795,51.6231680516546],[0.12491998789106931,51.62314557301671],[0.12503998790101065,51.62323548750147],[0.125159987910952,51.62321300889698],[0.12551998794077607,51.62332540180806],[0.12596998797805617,51.62332540180806],[0.12602998798302684,51.62337035889451],[0.12611998799048288,51.62332540180806],[0.12629998800539488,51.62337035889451],[0.12635998801036558,51.62332540180806],[0.12659998803024827,51.62332540180806],[0.1267799880451603,51.623347880356846],[0.12686998805261634,51.62341531593644],[0.12706498806877103,51.62333664108385],[0.12724498808368306,51.62302194030924],[0.12751498810605114,51.62277467388373],[0.12748498810356576,51.622662279608505],[0.12790498813836054,51.622257657912535],[0.12784498813338985,51.6222126997236],[0.1279649881433312,51.62212278321206],[0.12829498817066995,51.62165071860341],[0.12841498818061128,51.62156080097828],[0.12841498818061128,51.62147088317498],[0.12853498819055265,51.621380965193495],[0.12853498819055265,51.62129104703382],[0.12916498824274478,51.62075153433409],[0.12919498824523012,51.620706574652914],[0.12916498824274478,51.62068409479562],[0.1292849882526861,51.62059417525508],[0.12946498826759817,51.62032441556433],[0.12961498828002482,51.62021201521991],[0.1295849882775395,51.6201670550042],[0.12979498829493688,51.61991977302146],[0.1297649882924515,51.61987481251619],[0.13000498831233426,51.61969497004967],[0.13000498831233426,51.619627528940974],[0.1301249883222756,51.619515126870404],[0.1301249883222756,51.619425205013506],[0.13024498833221698,51.61929032189408],[0.13024498833221698,51.619222880184026],[0.13066498836701174,51.618795747026155],[0.13087498838440909,51.61845853379858],[0.1310549883993211,51.618301166768205],[0.13108498840180646,51.618166280307854],[0.1312049884117478,51.618076355778214],[0.13129498841920384,51.617829062402954],[0.13147498843411584,51.61755928627495],[0.13144498843163052,51.617536804858545],[0.13177498845896923,51.61719958227635],[0.13174498845648394,51.617154619076054],[0.13186498846642528,51.61697476582947],[0.132194988493764,51.61672746645163],[0.13216498849127867,51.61663753907105],[0.13225498849873465,51.61657009341866],[0.13237498850867604,51.616277827766865],[0.13255498852358805,51.61603052459142],[0.13252498852110273,51.61600804241775],[0.13255498852358805,51.615895631382315],[0.13264498853104406,51.61582818462742],[0.1326149885285587,51.61580570235352],[0.13264498853104406,51.615558396605536],[0.13276498854098542,51.61546846690852],[0.13270498853601476,51.61540101951884],[0.13279498854347077,51.61531108951],[0.13276498854098542,51.615288606979945],[0.13279498854347077,51.61519867674839],[0.13285498854844144,51.61515371156577],[0.13288498855092679,51.614838954040216],[0.13294498855589748,51.61470405728965],[0.13309498856832416,51.614591643024575],[0.13306498856583882,51.61447922848107],[0.1336649886155456,51.61396211799493],[0.1336649886155456,51.61389466836675],[0.133964988640399,51.613602385486374],[0.13399498864288434,51.61353493532363],[0.133964988640399,51.613489968492765],[0.1342049886602817,51.613265133670296],[0.13417498865779634,51.6131976830064],[0.13429498866773773,51.61310774863193],[0.13426498866525238,51.613040297734145],[0.13438498867519372,51.61286042818335],[0.13453498868762043,51.61274800935215],[0.1345049886851351,51.61268055791981],[0.13462498869507644,51.61259062252074],[0.13456498869010577,51.612500686943484],[0.1346549886975618,51.61236578324348],[0.13496998872365784,51.61212970080376]]]}},{"type":"Feature","properties":{"NAME":"Valentines High School"},"geometry":{"type":"Polygon","coordinates":[[[0.06677998307448241,51.55665004127656],[0.06650998305211436,51.55665004127656],[0.06640498304341566,51.55672883170486],[0.066434983045901,51.55679636624907],[0.06640498304341566,51.556886412152004],[0.06598498300862092,51.55722408270029],[0.06592498300365024,51.557291616509104],[0.06595498300613557,51.55733663899262],[0.06563998298003952,51.55757300629983],[0.06527998295021545,51.557482961756214],[0.06458998289305266,51.55719031575828],[0.06443998288062597,51.557212827055736],[0.06410998285328723,51.55703273636405],[0.06395998284086053,51.55703273636405],[0.06383998283091918,51.5569426907508],[0.06359998281103647,51.5569426907508],[0.06320998277872707,51.55678511049866],[0.06296998275884436,51.55678511049866],[0.06287998275138834,51.55671757593774],[0.06269998273647631,51.55671757593774],[0.06253498272280694,51.556908923599885],[0.06259498272777762,51.55697645787667],[0.06233998270665224,51.557167804449676],[0.062219982696710883,51.557235338342046],[0.062039982681798854,51.557235338342046],[0.061484982635820085,51.557629284049064],[0.06151498263830542,51.55769681725622],[0.06145498263333474,51.55774183933861],[0.06151498263830542,51.55778686137644],[0.061484982635820085,51.55780937237864],[0.06151498263830542,51.55785439434961],[0.061139982607238685,51.558158291487985],[0.060809982579899946,51.558135780658475],[0.06059998256250258,51.558293356231],[0.06040498254634787,51.558282100851066],[0.06040498254634787,51.55837214381252],[0.0603449825413772,51.5584171652264],[0.06043498254883322,51.55848469726365],[0.06040498254634787,51.558574739824024],[0.06043498254883322,51.558597250436236],[0.06037498254386253,51.55864227162728],[0.06040498254634787,51.55868729277375],[0.059999982512795806,51.55899118434674],[0.05981998249788377,51.55899118434674],[0.05968498248669974,51.55911499144246],[0.059714982489185074,51.559137501787276],[0.05903998243326495,51.5596439816003],[0.058979982428294275,51.55962147150616],[0.05867998240344089,51.55973402186547],[0.05831998237361682,51.55977904193118],[0.058244982367403476,51.559835316950625],[0.05827498236988881,51.559857826938945],[0.058154982359947455,51.55994786678068],[0.05821498236491813,51.560015396545],[0.058154982359947455,51.56010543607479],[0.05830498237237415,51.5602404950352],[0.058244982367403476,51.560375553594504],[0.05827498236988881,51.5603980633154],[0.0580349823500061,51.5605781406814],[0.0580349823500061,51.560758217334346],[0.057974982345035425,51.56080323638617],[0.058004982347520766,51.560848255393445],[0.057974982345035425,51.56091578382076],[0.05765998231893936,51.56115213252669],[0.057539982308998004,51.56112962317904],[0.05746498230278466,51.56118589652728],[0.05734498229284331,51.56132095227886],[0.05734498229284331,51.56141098922378],[0.05728498228787262,51.561456007629396],[0.05731498229035797,51.56147851681547],[0.056879982254320546,51.56184991677736],[0.056759982244379184,51.561894934748466],[0.056609982231952495,51.561872425768485],[0.05591998217478971,51.562345112008124],[0.05581498216609102,51.56231134886825],[0.05554498214372297,51.562806539074145],[0.05542498213378161,51.56289657307769],[0.05545498213626695,51.56296409846335],[0.05530498212384025,51.56307664054997],[0.055334982126325594,51.56312165730661],[0.055094982106442876,51.56341426513858],[0.055154982111413564,51.56345928156101],[0.05500498209898687,51.56359433056081],[0.05503498210147221,51.563751887220384],[0.05491498209153085,51.563999475153786],[0.05503498210147221,51.564179538258635],[0.05551498214123762,51.56462969290115],[0.05560498214869364,51.56478724597318],[0.05611498219094441,51.565259901913684],[0.05647498222076848,51.56568753876903],[0.056834982250592546,51.56598013008953],[0.0568049822481072,51.56602514397173],[0.057164982277931264,51.56640776017103],[0.05743498230029932,51.56661032038478],[0.057404982297813975,51.56665533364306],[0.057809982331366055,51.567071704169535],[0.05840998238107284,51.56725175510815],[0.059489982470545044,51.56738679284418],[0.05963998248297173,51.567364286582695],[0.05975998249291309,51.56743180533371],[0.060539982557531895,51.56756684253496],[0.06059998256250258,51.567544336362594],[0.06065998256747325,51.567589348696174],[0.061799982661916136,51.56779190364578],[0.06212998268925487,51.56767937322962],[0.06251998272156428,51.56799445769294],[0.06263998273150563,51.56799445769294],[0.06272998273896165,51.56806197550812],[0.06293998275635902,51.5681069873292],[0.06299998276132969,51.56808448142423],[0.0632999827861831,51.56819701083767],[0.06335998279115376,51.56817450497726],[0.06356998280855114,51.56828703416788],[0.06419998286074326,51.568444574566826],[0.06581998299495155,51.56900721439243],[0.06587998299992225,51.56898470893307],[0.06626998303223164,51.56914224691444],[0.06658498305832769,51.56937855286293],[0.06661498306081304,51.56942356338051],[0.06628498303347431,51.570121220704614],[0.06631498303595965,51.570211240224644],[0.0661949830260183,51.570301259566385],[0.0660449830135916,51.57054881183714],[0.06607498301607694,51.57057131652218],[0.06595498300613557,51.5706838397803],[0.06592498300365024,51.57079636275986],[0.06595498300613557,51.571246451892996],[0.06560998297755419,51.571505251126666],[0.06527998295021545,51.57152775533821],[0.0651599829402741,51.57161777207304],[0.06482998291293537,51.57170778862963],[0.06469498290175135,51.57185406515389],[0.06424498286447126,51.572169120684414],[0.06400498284458854,51.57241666278366],[0.06403498284707389,51.57246167029326],[0.06385498283216186,51.57259669255465],[0.06355498280730848,51.57293424645344],[0.06355498280730848,51.573001756932406],[0.06343498279736712,51.573091770748405],[0.06316498277499906,51.57342932097081],[0.06319498277748441,51.57345182422986],[0.06307498276754304,51.57354183715459],[0.06280498274517499,51.573879384034846],[0.06283498274766033,51.57390188707108],[0.06253498272280694,51.57421692840847],[0.06305998276630038,51.574498213471756],[0.06311998277127105,51.57447571073075],[0.06365998281600715,51.574790748091026],[0.06383998283091918,51.574835753249985],[0.06415498285701525,51.575072029603284],[0.06367498281724983,51.57561208522734],[0.06328498278494042,51.576309647577965],[0.06449998288559664,51.57638840394494],[0.06467998290050868,51.57634340032338],[0.06611998301980494,51.57632089849589],[0.0662399830297463,51.57627589480749],[0.06662998306205571,51.57632089849589],[0.06671998306951173,51.57627589480749],[0.06779998315898393,51.57627589480749],[0.06803998317886664,51.57618588729697],[0.0683999832086907,51.57616338539149],[0.0689999832583975,51.57600587174121],[0.06917998327330951,51.57600587174121],[0.06935998328822156,51.57591586369596],[0.06944998329567757,51.575938365723985],[0.0703199833677524,51.57573584707077],[0.07049998338266444,51.57573584707077],[0.07067998339757647,51.57564583849081],[0.07073998340254714,51.57569084280305],[0.07091998341745918,51.57562333631795],[0.07151998346716595,51.57553332751517],[0.07163998347710732,51.575465820796104],[0.07283998357652087,51.57526330003734],[0.07295998358646223,51.57519579291725],[0.07334998361877164,51.575173290521576],[0.07427998369581713,51.574925763434145],[0.07436998370327316,51.57494826595236],[0.07484998374303858,51.574835753249985],[0.07490998374800927,51.57485825581272],[0.07523998377534799,51.574745742887536],[0.07544998379274537,51.574745742887536],[0.07559998380517206,51.57465573234685],[0.07574998381759875,51.57467823499874],[0.07655998388470289,51.57447571073075],[0.07673998389961495,51.57447571073075],[0.07691998391452695,51.57438569965535],[0.077009983921983,51.57443070521531],[0.07715998393440969,51.57436319685863],[0.07772998398163113,51.574250682707984],[0.0777899839866018,51.5742731855604],[0.07787998399405784,51.574205676969754],[0.07811998401394053,51.57418317408392],[0.0782399840238819,51.57411566535958],[0.07835998403382323,51.57413816827885],[0.078869984076074,51.57404815653499],[0.07949998412826612,51.57389063555435],[0.07961998413820746,51.57391313858501],[0.07973998414814883,51.57384562945962],[0.07988998416057551,51.57384562945962],[0.08051998421276765,51.57366560463506],[0.08090998424507705,51.573643101481856],[0.08105998425750374,51.57357559195541],[0.08123998427241579,51.57357559195541],[0.08191498432833591,51.57340681770064],[0.08185498432336523,51.573181784386136],[0.08176498431590921,51.573091770748405],[0.08182498432087988,51.57297925345056],[0.08176498431590921,51.57293424645344],[0.08173498431342388,51.57284423232552],[0.08176498431590921,51.5727767216126],[0.08170498431093853,51.57273171441496],[0.08170498431093853,51.57255168517876],[0.08164498430596787,51.57246167029326],[0.0816749843084532,51.57225913614921],[0.0816149843034825,51.57165152830267],[0.0816749843084532,51.57126895623264],[0.08173498431342388,51.57120144318021],[0.08170498431093853,51.57111142562095],[0.08188498432585055,51.570256249917804],[0.08191498432833591,51.569806150980774],[0.08188498432585055,51.569221015700414],[0.08194498433082126,51.56910848882154],[0.08171998431218121,51.56909723611834],[0.08108998425998909,51.568939697980994],[0.08081998423762103,51.568939697980994],[0.08036998420034094,51.56907473070356],[0.08005498417424489,51.56883842317589],[0.08002498417175954,51.56818575790885],[0.07996498416678889,51.56814074616576],[0.08002498417175954,51.56800571066909],[0.07996498416678889,51.56796069874773],[0.07999498416927421,51.567938192770356],[0.07996498416678889,51.56766812017269],[0.07894498408228735,51.56690290576702],[0.07876498406737532,51.56670034685679],[0.07879498406986066,51.566677840255515],[0.07873498406488996,51.5665428004138],[0.07852498404749261,51.566205199054814],[0.07835998403382323,51.5660814112618],[0.07781998398908713,51.5657438064769],[0.07775998398411646,51.56576631354056],[0.0773399839493217,51.56545121363562],[0.07649998387973223,51.564933544765495],[0.07643998387476156,51.56495605223023],[0.0760199838399668,51.564640946710114],[0.07469998373061189,51.56383066534543],[0.07433998370078782,51.56367310895885],[0.07427998369581713,51.563695617047486],[0.07412998368339045,51.56358307649282],[0.0737099836485957,51.56340301102601],[0.07367998364611036,51.563425519248355],[0.073469983628713,51.563290469747166],[0.0730799835964036,51.563155419844854],[0.07235998353675545,51.56279528481117],[0.07205998351190206,51.56268274202821],[0.07199998350693138,51.56270525060708],[0.07184998349450468,51.5625927076013],[0.07142998345970995,51.56241263821269],[0.0713999834572246,51.562435146925274],[0.07082998341000316,51.56214253279278],[0.07079998340751784,51.56216504163904],[0.07049998338266444,51.56198497055693],[0.07022998336029637,51.561872425768485],[0.07019998335781104,51.561894934748466],[0.06970498331680294,51.56154604430689],[0.07015498335408304,51.560600650302014],[0.0701249833515977,51.5605781406814],[0.07018498335656836,51.56044308272375],[0.07024498336153906,51.5603980633154],[0.07024498336153906,51.56030802436498],[0.07072498340130447,51.55922754305518],[0.0706649833963338,51.55909248108647],[0.07069498339881913,51.55902494995172],[0.07060498339136312,51.55895741871669],[0.0706649833963338,51.55884486643544],[0.07060498339136312,51.55877733493299],[0.07063498339384847,51.55873231387566],[0.07049998338266444,51.558585995131516],[0.0703199833677524,51.558563484513705],[0.07019998335781104,51.55847344193107],[0.06929998328325088,51.558090758966046],[0.0692399832782802,51.558113269817824],[0.06902998326088282,51.55795569362135],[0.06878998324100011,51.55788816079861],[0.0685499832211174,51.55773058382219],[0.06851998321863206,51.557753094852224],[0.06809998318383732,51.557437939417554],[0.06677998307448241,51.55665004127656]]]}},{"type":"Feature","properties":{"NAME":"Wanstead High School"},"geometry":{"type":"Polygon","coordinates":[[[0.03446998039777235,51.554466366525496],[0.034229980377889636,51.554398828521656],[0.034124980369190955,51.5545001354898],[0.03421498037664697,51.554567673343215],[0.03421498037664697,51.554837823754085],[0.034124980369190955,51.55490536110609],[0.03421498037664697,51.55497289835784],[0.03421498037664697,51.555040435509284],[0.034124980369190955,51.55510797256046],[0.03421498037664697,51.55517550951135],[0.03421498037664697,51.5555582170056],[0.03386998034806558,51.555817105543426],[0.03347998031575617,51.555817105543426],[0.03338998030830015,51.55574956954519],[0.033299980300844134,51.555817105543426],[0.03320998029338811,51.555817105543426],[0.0331199802859321,51.55574956954519],[0.03302998027847608,51.555817105543426],[0.032819980261078706,51.55579459355515],[0.032774980257350705,51.555828361533386],[0.03274498025486536,51.55643618085456],[0.03265498024740934,51.55650371583328],[0.03274498025486536,51.556571250711755],[0.03274498025486536,51.55663878548995],[0.032624980244924,51.55672883170486],[0.032624980244924,51.55679636624907],[0.03230998021882795,51.55703273636405],[0.03215998020640125,51.55712278179904],[0.03197998019148921,51.55712278179904],[0.0318899801840332,51.55705524773952],[0.03176998017409185,51.55705524773952],[0.03127498013308375,51.55668380861968],[0.031244980130598413,51.55648120418487],[0.031139980121899728,51.55640241332758],[0.030899980102017017,51.55649246001049],[0.030659980082134306,51.55649246001049],[0.03059998007716363,51.5564474366913],[0.030509980069707614,51.55649246001049],[0.03035998005728091,51.55649246001049],[0.030299980052310237,51.5564474366913],[0.030119980037398204,51.55649246001049],[0.02993998002248617,51.5564474366913],[0.02929497996905138,51.55704399205318],[0.028634979914373925,51.55778686137644],[0.027824979847269775,51.558507207920464],[0.027794979844784438,51.558597250436236],[0.026999979778922947,51.55919377760062],[0.026849979766496262,51.55921628790646],[0.026669979751584225,51.559351349507466],[0.026609979746613544,51.559328839268474],[0.02627997971927482,51.55955394115693],[0.026129979706848123,51.559531431018215],[0.02591997968945075,51.5596439816003],[0.02585997968448007,51.55959896140091],[0.025679979669568035,51.559689001755174],[0.025379979644714643,51.559689001755174],[0.02533497964098664,51.55972276684206],[0.025394979645957317,51.559857826938945],[0.025304979638501302,51.55992535683695],[0.025244979633530625,51.56021798523632],[0.02515497962607461,51.56028551459953],[0.025214979631045284,51.56042057302515],[0.02512497962358927,51.56048810208753],[0.025184979628559943,51.5605781406814],[0.025094979621103932,51.56089327435612],[0.025094979621103932,51.56111836850104],[0.025064979618618588,51.56123091515568],[0.024974979611162573,51.5612984430148],[0.025064979618618588,51.56136597077361],[0.024974979611162573,51.56147851681547],[0.025064979618618588,51.561613571698025],[0.025034979616133254,51.561793644250855],[0.024944979608677233,51.56186117127432],[0.025034979616133254,51.56192869819751],[0.025034979616133254,51.56199622502046],[0.024974979611162573,51.562041242846675],[0.025034979616133254,51.562108769502494],[0.02500497961364791,51.562131278365484],[0.025034979616133254,51.56282904759175],[0.024944979608677233,51.56289657307769],[0.025034979616133254,51.56300911533143],[0.024944979608677233,51.563099148933865],[0.025034979616133254,51.56318918235803],[0.025034979616133254,51.563436773355356],[0.024974979611162573,51.56350429793883],[0.025064979618618588,51.56357182242205],[0.024974979611162573,51.563684363004555],[0.025064979618618588,51.56377439527003],[0.025094979621103932,51.56424706173912],[0.025064979618618588,51.564472139283176],[0.02515497962607461,51.564539662329146],[0.025094979621103932,51.56467470812028],[0.02515497962607461,51.56471972329486],[0.02512497962358927,51.56474223086544],[0.025184979628559943,51.56503482826906],[0.02512497962358927,51.565102350479435],[0.025214979631045284,51.565169872589536],[0.025214979631045284,51.56523739459935],[0.02512497962358927,51.565327423789824],[0.025199979629802614,51.56538369194332],[0.025379979644714643,51.56538369194332],[0.025469979652170665,51.56545121363562],[0.02555997965962668,51.56538369194332],[0.02570997967205338,51.565428706415986],[0.025799979679509397,51.56538369194332],[0.026189979711818804,51.56538369194332],[0.02627997971927482,51.56545121363562],[0.026399979729216174,51.56538369194332],[0.02657997974412821,51.565428706415986],[0.026669979751584225,51.56538369194332],[0.027419979813717698,51.56540619918524],[0.028079979868395156,51.56565377811091],[0.028694979919344603,51.5661601853509],[0.028694979919344603,51.5662502127142],[0.028874979934256636,51.566430266905996],[0.0288449799317713,51.56645277362984],[0.028934979939227314,51.56679037315052],[0.02899497994419799,51.566880399266026],[0.028814979929285955,51.567060450962195],[0.028874979934256636,51.567105463774844],[0.028874979934256636,51.56717298291026],[0.02878497992680062,51.56724050194537],[0.028814979929285955,51.56742055221551],[0.02872497992182994,51.56755558945019],[0.028754979924315277,51.567600601772625],[0.02857497990940325,51.5678256627163],[0.028634979914373925,51.56787067477134],[0.028394979894491214,51.568523344561584],[0.028274979884549856,51.56861336724563],[0.028334979889520533,51.56870338975141],[0.02821497987957918,51.56881591763297],[0.028274979884549856,51.56888343422821],[0.02818497987709384,51.56910848882154],[0.028064979867152482,51.56919851034693],[0.028094979869637823,51.56933354230076],[0.02800497986218181,51.569401058127276],[0.028034979864667145,51.569581099841145],[0.02794497985721113,51.569671120430684],[0.02791497985472579,51.569851161075015],[0.027854979849755112,51.5699186761328],[0.028439979898219222,51.5696373627305],[0.028589979910645918,51.5696373627305],[0.028709979920587273,51.569569847254904],[0.029054979949168672,51.56982865603345],[0.029054979949168672,51.569941181129806],[0.029024979946683335,51.570436288244835],[0.028934979939227314,51.57054881183714],[0.02899497994419799,51.5706838397803],[0.028904979936741976,51.570751353601466],[0.02899497994419799,51.5708413718737],[0.028964979941712658,51.57090888546093],[0.02899497994419799,51.57102140788346],[0.028874979934256636,51.57115643442287],[0.028964979941712658,51.571246451892996],[0.028874979934256636,51.57135897347998],[0.028934979939227314,51.57142648629848],[0.028904979936741976,51.572034097152994],[0.0288449799317713,51.57214661679035],[0.028874979934256636,51.57230414381476],[0.028529979905675237,51.57256293702691],[0.028439979898219222,51.572495425896214],[0.028319979888277867,51.57251792961759],[0.028109979870880493,51.572405410899314],[0.028079979868395156,51.57242791466524],[0.027959979858453797,51.57233789953468],[0.02723997979880566,51.572900491176355],[0.027119979788864306,51.572900491176355],[0.026969979776437614,51.57301300866915],[0.026879979768981595,51.572990505192884],[0.026804979762768244,51.57304676386268],[0.026834979765253588,51.57306926731111],[0.026804979762768244,51.57311427417455],[0.0270749797851363,51.573361811126865],[0.027044979782650965,51.57342932097081],[0.02731497980501901,51.57381187485933],[0.027284979802533672,51.57385688098747],[0.027434979814960368,51.573969396112915],[0.027404979812475024,51.57403690505447],[0.02752497982241638,51.57412691682062],[0.027584979827387057,51.57428443698243],[0.027584979827387057,51.574396951049515],[0.02752497982241638,51.574441956598356],[0.02764497983235774,51.57457697297753],[0.027584979827387057,51.57464448101675],[0.02767497983484308,51.57471198895567],[0.02764497983235774,51.574734491579704],[0.02767497983484308,51.57525204885762],[0.02764497983235774,51.57538706283049],[0.027554979824901724,51.57545456966651],[0.02767497983484308,51.57561208522734],[0.027584979827387057,51.575679591729184],[0.02767497983484308,51.575792102342746],[0.02764497983235774,51.57581460443204],[0.02767497983484308,51.57597211874514],[0.027554979824901724,51.57606212667897],[0.02767497983484308,51.576152134434565],[0.027584979827387057,51.576264643878396],[0.02767497983484308,51.57633214941101],[0.02764497983235774,51.57709720510679],[0.027704979837328416,51.577142207981964],[0.027704979837328416,51.57720971221116],[0.0276149798298724,51.57727721634013],[0.027704979837328416,51.5773447203688],[0.027704979837328416,51.57741222429721],[0.02764497983235774,51.57752473062178],[0.02767497983484308,51.577592234282854],[0.027554979824901724,51.5776822390083],[0.027584979827387057,51.57774974243541],[0.027464979817445702,51.577862247924486],[0.027494979819931042,51.577974753135045],[0.02731497980501901,51.57844727197813],[0.027164979792592317,51.578627277864186],[0.02719497979507765,51.57871728053985],[0.0270749797851363,51.578829783633815],[0.02710497978762164,51.57887478479339],[0.027044979782650965,51.57905478898618],[0.0270749797851363,51.579122290374656],[0.02674497975779757,51.57936979460797],[0.02677497976028291,51.57945979581315],[0.026564979742885537,51.57993229921616],[0.026594979745370877,51.58002229930735],[0.026444979732944185,51.58013479917069],[0.026474979735429522,51.58020229895502],[0.026354979725488163,51.580314798372754],[0.026384979727973507,51.58035979806187],[0.026324979723002826,51.58051729662289],[0.026354979725488163,51.58056229611148],[0.02620497971306147,51.580697294309935],[0.026234979715546804,51.58083229210734],[0.02614497970809079,51.580899790855675],[0.026174979710576127,51.58101228854672],[0.026114979705605456,51.58107978702768],[0.026084979703120115,51.58121478368884],[0.026114979705605456,51.581282281869],[0.025964979693178753,51.58148477580801],[0.0259949796956641,51.58155227358717],[0.02593497969069342,51.58161977126608],[0.026174979710576127,51.5817997645863],[0.026174979710576127,51.58188976097907],[0.026084979703120115,51.58197975719357],[0.026114979705605456,51.582002256219354],[0.025964979693178753,51.58211475118117],[0.0259949796956641,51.582159749087914],[0.025964979693178753,51.58222724586449],[0.025874979685722742,51.5822947425408],[0.02593497969069342,51.582339740269305],[0.025904979688208082,51.582497231968205],[0.0259949796956641,51.58263222441851],[0.02593497969069342,51.582722219162584],[0.025964979693178753,51.58292470668511],[0.025904979688208082,51.582992202325435],[0.0259949796956641,51.58308219635655],[0.02593497969069342,51.58312719330531],[0.026114979705605456,51.583262183884145],[0.026084979703120115,51.583352177380576],[0.025739979674538716,51.58361090769002],[0.02561997966459736,51.58361090769002],[0.025529979657141343,51.58354341296873],[0.025439979649685328,51.58361090769002],[0.02525997963477329,51.58356591122029],[0.025169979627317277,51.583633405908174],[0.02483997959997855,51.58367840231107],[0.024629979582581178,51.58365590411518],[0.024479979570154478,51.583768394983174],[0.024314979556485115,51.58380214218926],[0.024314979556485115,51.584027122922656],[0.024224979549029094,51.58409461692545],[0.024314979556485115,51.584252102542116],[0.024224979549029094,51.584319596210705],[0.024254979551514438,51.58456707213787],[0.02416497954405842,51.58501702491584],[0.02419497954654376,51.58506201994858],[0.024104979539087742,51.5851295124141],[0.02416497954405842,51.585197004779396],[0.024044979534117064,51.58530949183209],[0.02413497954157308,51.58537698393005],[0.02413497954157308,51.58546697323801],[0.024104979539087742,51.585646951319255],[0.024014979531631724,51.58571444291592],[0.024104979539087742,51.585781934412346],[0.024014979531631724,51.5859169171044],[0.0240749795366024,51.585984408300064],[0.024044979534117064,51.58602940237479],[0.0240749795366024,51.5862318751597],[0.024014979531631724,51.58627686898937],[0.023984979529146386,51.58663681802266],[0.02389497952169037,51.58672680483539],[0.02395497952666105,51.58677179817493],[0.02395497952666105,51.58686178472035],[0.02389497952169037,51.586906777926195],[0.02395497952666105,51.586974267651456],[0.02392497952417571,51.587064253795866],[0.02395497952666105,51.58722172911967],[0.02383497951671969,51.58731171477394],[0.02389497952169037,51.587424196591115],[0.023774979511749013,51.58751418184436],[0.02386497951920503,51.587581670667355],[0.023804979514234357,51.58787412107508],[0.02383497951671969,51.5880315935918],[0.023774979511749013,51.588256553383154],[0.023684979504292998,51.58832404110336],[0.023744979509263672,51.588369032861124],[0.023744979509263672,51.58845901624298],[0.023654979501807658,51.58852650366241],[0.023744979509263672,51.588593990981586],[0.023744979509263672,51.58872896531919],[0.023714979506778335,51.58886393925579],[0.02362497949932232,51.58893142607369],[0.023714979506778335,51.58902140834164],[0.02359497949683698,51.58913388592595],[0.023654979501807658,51.589178876881704],[0.02362497949932232,51.58965127922694],[0.02359497949683698,51.589853735871145],[0.02350497948938096,51.58992122121869],[0.02359497949683698,51.59001120152617],[0.02350497948938096,51.59012367665988],[0.02359497949683698,51.59019116160641],[0.023534979491866306,51.590258646452725],[0.023534979491866306,51.59043860555275],[0.02341497948192495,51.59052858483543],[0.02350497948938096,51.59064105868817],[0.023384979479439606,51.590731037569846],[0.023474979486895628,51.59079852161412],[0.023534979491866306,51.591270907117206],[0.02332497947446893,51.59149585086833],[0.023384979479439606,51.59154083948487],[0.02329497947198359,51.5916758050672],[0.023384979479439606,51.59176578189935],[0.023384979479439606,51.59199072319989],[0.02326497946949825,51.59208069940825],[0.02335497947695427,51.59217067543835],[0.023234979467012914,51.59226065129025],[0.023234979467012914,51.59293546449869],[0.023174979462042236,51.59298045168948],[0.02329497947198359,51.593115412994514],[0.02320497946452757,51.593205386975086],[0.02329497947198359,51.59327286734356],[0.02329497947198359,51.59338533440158],[0.02335497947695427,51.59343032114684],[0.02326497946949825,51.593587774404284],[0.02335497947695427,51.593655254204684],[0.02329497947198359,51.593790213504754],[0.023384979479439606,51.59385769300442],[0.02341497948192495,51.59428506084095],[0.023474979486895628,51.59442001826971],[0.023384979479439606,51.59457746809648],[0.02350497948938096,51.594712424656414],[0.02341497948192495,51.59477990278603],[0.02350497948938096,51.594847380815395],[0.023534979491866306,51.59500482916072],[0.023609979498079654,51.59506106058036],[0.023939979525418376,51.595038568020854],[0.023999979530389057,51.59499358286845],[0.025469979652170665,51.59499358286845],[0.025529979657141343,51.59494859767148],[0.026609979746613544,51.59497109027552],[0.026819979764010918,51.59501607545022],[0.027119979788864306,51.59499358286845],[0.027209979796320324,51.595038568020854],[0.02756997982614439,51.59506106058036],[0.02762997983111507,51.59510604566593],[0.027959979858453797,51.59508355312871],[0.02813997987336583,51.595151030706965],[0.028559979908160574,51.595173523210754],[0.028679979918101936,51.595241000655356],[0.029399979977750065,51.595353462840215],[0.029459979982720746,51.59539844763619],[0.029519979987691423,51.595353462840215],[0.02960997999514744,51.59542094001747],[0.030689980084619643,51.59562337094778],[0.030794980093318332,51.59547717092197],[0.030764980090832988,51.595319724213994],[0.030854980098289003,51.59525224688636],[0.030854980098289003,51.59513978445087],[0.030914980103259684,51.595072306855926],[0.030884980100774347,51.59504981430198],[0.031199980126870405,51.59481364181323],[0.03176998017409185,51.59465619280518],[0.03245998023125464,51.594588714491785],[0.032954980272262735,51.59410511697884],[0.032924980269777394,51.59406013090191],[0.033674980331910874,51.59338533440158],[0.033644980329425526,51.5933403476118],[0.03400498035924959,51.59298045168948],[0.03403498036173493,51.59293546449869],[0.03400498035924959,51.592890477263346],[0.03479998042511108,51.59229439218876],[0.034949980437537775,51.59227189825922],[0.035264980463633834,51.59205820537286],[0.03517498045617782,51.591315895956534],[0.0350849804487218,51.591180929304855],[0.03514498045369247,51.59113594033186],[0.0350849804487218,51.59109095131429],[0.03505498044623646,51.59070854286613],[0.03496498043878044,51.590551079628256],[0.03499498044126578,51.59050609003147],[0.0349349804362951,51.59043860555275],[0.03490498043380977,51.59019116160641],[0.03484498042883909,51.59010118165541],[0.03487498043132443,51.590056191613066],[0.03478498042386841,51.589853735871145],[0.03478498042386841,51.589718764875265],[0.03469498041641239,51.58958379347837],[0.03472498041889773,51.58956129820658],[0.03469498041641239,51.58947131700799],[0.034604980408956376,51.58938133563115],[0.03463498041144172,51.589358840259116],[0.034574980406471036,51.589178876881704],[0.034604980408956376,51.58915638140939],[0.0345449804039857,51.58911139043135],[0.03442498039404434,51.58872896531919],[0.0347399804201404,51.588492759965234],[0.034979980440023116,51.58856024733454],[0.03503998044499379,51.58851525576614],[0.03509998044996447,51.5885377515559],[0.03536998047233252,51.58847026415319],[0.03572998050215659,51.58871771747305],[0.0363599805543487,51.588245305420045],[0.036389980556834046,51.58826780134349],[0.036539980569260735,51.588177817582896],[0.03715498062021019,51.588661478200514],[0.03712498061772485,51.58870646962411],[0.037514980650034245,51.589066399408786],[0.038189980705954384,51.589550050566494],[0.038399980723351754,51.589595041110094],[0.03851998073329311,51.589685022063634],[0.038879980763117175,51.589775002838934],[0.03899998077305854,51.58986498343602],[0.0393599808028826,51.58995496385488],[0.0404399808923548,51.59038236841057],[0.04067998091223751,51.590404863275815],[0.040949980934605563,51.59056232702049],[0.041249980959458955,51.5906972955101],[0.041279980961944296,51.590674800789664],[0.04151998098182701,51.59083226359868],[0.042554981067571204,51.59163081658434],[0.04315498111727798,51.5924406024594],[0.04327498112721933,51.592710527876434],[0.043394981137160685,51.59280050265898],[0.04336498113467535,51.59284548998345],[0.043454981142131366,51.59298045168948],[0.043619981155800736,51.59314915325811],[0.04360498115455806,51.59307042593739],[0.043664981159528736,51.59293546449869],[0.04360498115455806,51.592890477263346],[0.04372498116449942,51.592530577776614],[0.044684981244030274,51.59185575855321],[0.04483498125645697,51.5916758050672],[0.04480498125397163,51.59163081658434],[0.04511998128006769,51.59139462631818],[0.045149981282553014,51.59141712068213],[0.04538998130243573,51.59130464875088],[0.046139981364569205,51.591282154331225],[0.04621498137078255,51.591045962252196],[0.04627498137575323,51.59100097314552],[0.04624498137326789,51.590910994798506],[0.046559981399363945,51.590674800789664],[0.04658998140184928,51.5906972955101],[0.04675498141551866,51.590596069180485],[0.04672498141303332,51.590551079628256],[0.04681498142048933,51.590483595216384],[0.04687498142546001,51.59030363629457],[0.04684498142297466,51.59028114137921],[0.046904981427945344,51.5902361515151],[0.04684498142297466,51.59010118165541],[0.04687498142546001,51.5900786866398],[0.04684498142297466,51.58969626967029],[0.046904981427945344,51.58965127922694],[0.04684498142297466,51.58960628873904],[0.04684498142297466,51.589358840259116],[0.04672498141303332,51.58911139043135],[0.04675498141551866,51.58904390388079],[0.04666498140806264,51.58879645233762],[0.04669498141054797,51.588661478200514],[0.04660498140309195,51.588593990981586],[0.04657498140060662,51.588481512060596],[0.046544981398121285,51.588121577642035],[0.04660498140309195,51.588054089621075],[0.046544981398121285,51.58800909755139],[0.046544981398121285,51.58771664801252],[0.046484981393150604,51.58767165560867],[0.046514981395635945,51.587649159390075],[0.046484981393150604,51.58713174328718],[0.046544981398121285,51.587064253795866],[0.046484981393150604,51.58695177108752],[0.046514981395635945,51.58692927451244],[0.046484981393150604,51.586501837469335],[0.046544981398121285,51.58645684386246],[0.046484981393150604,51.58641185021102],[0.046514981395635945,51.585421978606306],[0.046454981390665256,51.58537698393005],[0.046454981390665256,51.584904537139096],[0.046544981398121285,51.584837044339366],[0.046484981393150604,51.58479204908384],[0.046514981395635945,51.584387089779085],[0.046484981393150604,51.584252102542116],[0.046544981398121285,51.584162110828],[0.046544981398121285,51.583869636526245],[0.04660498140309195,51.583824640312734],[0.046484981393150604,51.583712149584],[0.046514981395635945,51.58364465501308],[0.04636498138320925,51.58344217069879],[0.04639498138569459,51.58341967238593],[0.04636498138320925,51.58290220811603],[0.046454981390665256,51.582744717820766],[0.046514981395635945,51.582519730737765],[0.046484981393150604,51.58245223439563],[0.0466349814055773,51.582317241410635],[0.04660498140309195,51.582182248024566],[0.04672498141303332,51.58204725423751],[0.04675498141551866,51.58197975719357],[0.04672498141303332,51.5819122600494],[0.046904981427945344,51.581732267174736],[0.04684498142297466,51.58164227047007],[0.04696498143291602,51.58148477580801],[0.04699498143540136,51.5814172779286],[0.04696498143291602,51.58137227928665],[0.047084981442857374,51.58125978248675],[0.04735498146522543,51.58078729288609],[0.04732498146274009,51.58074229362032],[0.04741498147019611,51.58062979526085],[0.04747498147516679,51.580494796861885],[0.04744498147268145,51.58047229708974],[0.04765498149007883,51.58020229895502],[0.047624981487593476,51.58013479917069],[0.047714981495049505,51.57999979930127],[0.04768498149256415,51.57993229921616],[0.04777498150002018,51.5798647990308],[0.047834981504990846,51.579729798359296],[0.04780498150250551,51.579662297873156],[0.047894981509961534,51.57959479728676],[0.04801498151990288,51.579324793938554],[0.0481049815273589,51.57925729285083],[0.048074981524873564,51.579189791662884],[0.048134981529844245,51.57905478898618],[0.04843498155469764,51.578694779887655],[0.04840498155221229,51.578492273516474],[0.04828498154227094,51.5784022703952],[0.04831498154475629,51.578357268767725],[0.04801498151990288,51.57801975514129],[0.04798498151741755,51.57792975108423],[0.0481049815273589,51.57781724576227],[0.048074981524873564,51.577794744664466],[0.0481049815273589,51.57770474016182],[0.04831498154475629,51.577367221689414],[0.04828498154227094,51.57732221903706],[0.04840498155221229,51.57723221359864],[0.04855498156463899,51.57698469772391],[0.04852498156215365,51.57696219621391],[0.048614981569609673,51.57689469161706],[0.048884981591977725,51.576422156631885],[0.04897498159943373,51.57635465123293],[0.04897498159943373,51.576264643878396],[0.04915498161434576,51.575994620745305],[0.04912498161186043,51.57597211874514],[0.04952998164541251,51.57569084280305],[0.04967998165783919,51.57569084280305],[0.04973998166280988,51.57573584707077],[0.04979998166778055,51.57569084280305],[0.05000998168517793,51.57569084280305],[0.050999981767194114,51.57573584707077],[0.05105998177216479,51.57578085129391],[0.05111998177713547,51.57573584707077],[0.05159998181690089,51.57573584707077],[0.05165998182187158,51.57578085129391],[0.05180998183429827,51.57578085129391],[0.051899981841754275,51.57584835754508],[0.05195998184672496,51.57580335338878],[0.052199981866607674,51.57580335338878],[0.05261998190140242,51.5758708596065],[0.05312998194365317,51.5758708596065],[0.053219981951109205,51.575938365723985],[0.05327998195607987,51.57589336165682],[0.054029982018213345,51.575938365723985],[0.05471998207537615,51.57591586369596],[0.054779982080346824,51.57596086774089],[0.05525998212011225,51.57596086774089],[0.0553799821300536,51.57602837372468],[0.05543998213502428,51.57598336974662],[0.056129982192187074,51.57600587174121],[0.05618998219715776,51.57605087569701],[0.05624998220212843,51.57600587174121],[0.056759982244379184,51.57600587174121],[0.05681998224934987,51.57605087569701],[0.05723998228414461,51.57605087569701],[0.05747998230402733,51.57607337765816],[0.057539982308998004,51.57611838154712],[0.057599982313968685,51.57607337765816],[0.05831998237361682,51.5760958796082],[0.05837998237858749,51.576140883474864],[0.05855998239349953,51.5760958796082],[0.05876998241089691,51.576140883474864],[0.05942998246557437,51.576140883474864],[0.059669982485457074,51.576208389191315],[0.05975998249291309,51.57616338539149],[0.060359982542619865,51.57618588729697],[0.06047998255256123,51.576253392946555],[0.06059998256250258,51.57618588729697],[0.060839982582385294,51.57618588729697],[0.0609299825898413,51.57623089107448],[0.0617699826594308,51.576253392946555],[0.06182998266440147,51.57629839665724],[0.0619199826718575,51.576253392946555],[0.06257998272653495,51.57629839665724],[0.06283498274766033,51.57585960857719],[0.06280498274517499,51.575792102342746],[0.06292498275511635,51.57570209387417],[0.06316498277499906,51.57534205821744],[0.06334498278991109,51.57516203931959],[0.06245998271659359,51.57472324026907],[0.06209998268676953,51.57461072700967],[0.061754982658188136,51.574351945456115],[0.0618149826631588,51.57428443698243],[0.061784982660673476,51.57426193413558],[0.06259498272777762,51.57329430118265],[0.06256498272529228,51.573271797845635],[0.06292498275511635,51.57288923941177],[0.06295498275760168,51.57284423232552],[0.06292498275511635,51.572821728765696],[0.06328498278494042,51.57246167029326],[0.06331498278742576,51.57241666278366],[0.06328498278494042,51.57237165522954],[0.06464998289802333,51.57125770406421],[0.06523498294648745,51.57102140788346],[0.06520498294400211,51.570751353601466],[0.06559498297631153,51.570166230486905],[0.06556498297382618,51.570121220704614],[0.06562498297879686,51.570076210877744],[0.06568498298376753,51.569851161075015],[0.06583498299619422,51.56960360500524],[0.06580498299370889,51.569581099841145],[0.06586498299867957,51.569536089479534],[0.06455998289056733,51.56909723611834],[0.06443998288062597,51.56909723611834],[0.06380998282843385,51.568849675943135],[0.06359998281103647,51.56882717040582],[0.0632999827861831,51.56871464255212],[0.06323998278121241,51.56873714814514],[0.06308998276878572,51.5686471257062],[0.06281998274641766,51.568579608760025],[0.06251998272156428,51.568557103089],[0.062039982681798854,51.56821951668694],[0.0619199826718575,51.56830953997257],[0.061799982661916136,51.56830953997257],[0.061139982607238685,51.56817450497726],[0.06107998260226801,51.56819701083767],[0.06101998259729732,51.56815199910572],[0.059999982512795806,51.567971951732254],[0.05951998247303038,51.567926939777486],[0.059459982468059704,51.567881927778146],[0.058289982371131484,51.56774689151275],[0.057629982316454026,51.56752183017911],[0.057254982285387286,51.56724050194537],[0.05692498225804855,51.566880399266026],[0.05668498223816585,51.56670034685679],[0.056714982240651184,51.56665533364306],[0.05632498220834178,51.5662502127142],[0.05608498218845906,51.566070157809335],[0.05611498219094441,51.56602514397173],[0.055724982158635,51.56562001742769],[0.05548498213875228,51.565439960027206],[0.05551498214123762,51.565417452802],[0.05548498213875228,51.565372438318185],[0.05512498210892822,51.564989813406434],[0.05488498208904551,51.5648097535103],[0.05491498209153085,51.56478724597318],[0.05488498208904551,51.56474223086544],[0.05452498205922144,51.564359600650434],[0.05420998203312538,51.5641457764808],[0.05399998201572801,51.5641457764808],[0.053579981980933264,51.563943205287316],[0.05351998197596259,51.56396571324227],[0.053219981951109205,51.563763141246596],[0.05312998194365317,51.56378564929067],[0.05297998193122649,51.56367310895885],[0.052889981923770465,51.563695617047486],[0.05255998189643175,51.56360558462605],[0.05225998187157835,51.563425519248355],[0.05207998185666632,51.563425519248355],[0.0519899818492103,51.563357994547886],[0.05138998179950352,51.563155419844854],[0.051269981789562165,51.56306538635384],[0.05111998177713547,51.56306538635384],[0.050999981767194114,51.56297535268454],[0.05096998176470877,51.56299786111858],[0.05063998173737004,51.562885318837004],[0.0505199817274287,51.56279528481117],[0.05042998171997268,51.56279528481117],[0.05030998171003132,51.56270525060708],[0.050159981697604626,51.56270525060708],[0.04967998165783919,51.56252518166416],[0.04934998163050048,51.562345112008124],[0.04919998161807378,51.562345112008124],[0.04907998160813242,51.56225507691272],[0.04889998159322038,51.562232568111],[0.04862998157085234,51.56209751506683],[0.04847998155842564,51.56207500618713],[0.048359981548484296,51.56198497055693],[0.04826998154102827,51.56200747948118],[0.04793998151368955,51.561872425768485],[0.04787998150871886,51.561894934748466],[0.04732498146274009,51.561523535154215],[0.04732498146274009,51.561433498432145],[0.04744498147268145,51.56132095227886],[0.047384981467710766,51.56123091515568],[0.04750498147765212,51.56111836850104],[0.04744498147268145,51.56107334976119],[0.04750498147765212,51.560825745895364],[0.047624981487593476,51.56071319823799],[0.04756498148262281,51.56066817909703],[0.04759498148510814,51.560600650302014],[0.04756498148262281,51.5605781406814],[0.04765498149007883,51.560510611752726],[0.047624981487593476,51.56042057302515],[0.047714981495049505,51.56019547542629],[0.04768498149256415,51.56012794592937],[0.04774498149753484,51.56008292620904],[0.04780498150250551,51.55981280695122],[0.047894981509961534,51.55974527688605],[0.04786498150747618,51.55961021645492],[0.047954981514932216,51.559542686088946],[0.04792498151244687,51.55938511484506],[0.04798498151741755,51.55922754305518],[0.048074981524873564,51.55916001212098],[0.04804498152238822,51.55902494995172],[0.048134981529844245,51.55895741871669],[0.048074981524873564,51.55886737691397],[0.048164981532329586,51.558507207920464],[0.04804498152238822,51.5584171652264],[0.048074981524873564,51.55834963308889],[0.048959981598191066,51.55773058382219],[0.04901998160316174,51.557753094852224],[0.049244981621801784,51.55760677295773],[0.049274981624287124,51.55753923961687],[0.049244981621801784,51.55751672848096],[0.04936498163174314,51.557404172634314],[0.04939498163422848,51.55726910525065],[0.04936498163174314,51.55724659398103],[0.0494849816416845,51.55713403746586],[0.04945498163919916,51.55702148067214],[0.04954498164665517,51.556953946462194],[0.049514981644169835,51.556908923599885],[0.04960498165162586,51.55670632016784],[0.04987498167399391,51.55643618085456],[0.049964981681449916,51.55625608708769],[0.05023498170381798,51.55594092127975],[0.050204981701332634,51.55589589741462],[0.0505649817311567,51.5555582170056],[0.050534981728671366,51.55553570488919],[0.0505649817311567,51.555445656312145],[0.05077498174855407,51.55524304636197],[0.050789981749796737,51.555119228725914],[0.05054998172991403,51.55514174104845],[0.050459981722458004,51.55509671639223],[0.05039998171748734,51.55514174104845],[0.05027998170754598,51.55516425335984],[0.05018998170008996,51.555119228725914],[0.0499799816826926,51.55518676566009],[0.04973998166280988,51.55518676566009],[0.04967998165783919,51.55514174104845],[0.04955998164789784,51.555231790227154],[0.04940998163547115,51.55516425335984],[0.049319981628015125,51.555231790227154],[0.04874998158079369,51.55527681474966],[0.04832998154599894,51.55525430249399],[0.048239981538542934,51.55532183922762],[0.04808998152611623,51.55527681474966],[0.04799998151866022,51.55532183922762],[0.047579981483865476,51.55532183922762],[0.04724998145652674,51.55518676566009],[0.047069981441614714,51.55525430249399],[0.046379981384451915,51.55527681474966],[0.046319981379481234,51.55532183922762],[0.04619998136953987,51.555231790227154],[0.04607998135959853,51.55532183922762],[0.045929981347171835,51.55525430249399],[0.04583998133971581,51.55532183922762],[0.04547998130989175,51.555344351449875],[0.04538998130243573,51.55527681474966],[0.04529998129497971,51.555344351449875],[0.04511998128006769,51.55529932699421],[0.04502998127261166,51.55536686366099],[0.044759981250243615,51.55541188804979],[0.04412998119805149,51.55541188804979],[0.04403998119059548,51.55536686366099],[0.04394998118313946,51.555434400227476],[0.043769981168227425,51.55538937586097],[0.04367998116077141,51.555456912394014],[0.04331998113094734,51.555456912394014],[0.04322998112349133,51.55541188804979],[0.0431399811160353,51.55547942454943],[0.04295998110112328,51.555434400227476],[0.04286998109366726,51.55550193669368],[0.042209981038989805,51.555546960948796],[0.04199998102159243,51.55550193669368],[0.04190998101413641,51.555434400227476],[0.04175998100170972,51.555456912394014],[0.0416699809942537,51.55538937586097],[0.04157998098679768,51.555434400227476],[0.041399980971885644,51.55541188804979],[0.04115998095200294,51.55527681474966],[0.04103998094206158,51.55532183922762],[0.04088998092963488,51.555209277949196],[0.04067998091223751,51.555231790227154],[0.03998998085507472,51.555006666946106],[0.03989998084761869,51.554939129744504],[0.039839980842648025,51.55496164215618],[0.039629980825250655,51.55484907998638],[0.03923998079294125,51.55487159244263],[0.03908998078051455,51.55475903004999],[0.03902998077554387,51.55480405504048],[0.0388199807581465,51.554736517538025],[0.038639980743234464,51.5547815425508],[0.03788998068110099,51.5546914924807],[0.03776998067115963,51.55460144223234],[0.03764998066121829,51.55466897993532],[0.037499980648791585,51.55457892964238],[0.037079980613996845,51.5546914924807],[0.036989980606540816,51.554646467378795],[0.03689998059908481,51.55471400501494],[0.03674998058665811,51.55466897993532],[0.0366599805792021,51.554736517538025],[0.036539980569260735,51.554736517538025],[0.03578998050712726,51.554646467378795],[0.03566998049718591,51.554556417041276],[0.03557998048972989,51.55462395481113],[0.035399980474817856,51.55453390442905],[0.03527998046487651,51.55460144223234],[0.034949980437537775,51.554556417041276],[0.03485998043008176,51.554488879171146],[0.034679980415169724,51.55451139180568],[0.03458998040771371,51.55444385386869],[0.03446998039777235,51.554466366525496]]]}},{"type":"Feature","properties":{"NAME":"Woodbridge High School"},"geometry":{"type":"Polygon","coordinates":[[[0.036674980580444765,51.625000023205196],[0.03649498056553273,51.624842678859125],[0.03649498056553273,51.62466285608121],[0.03682498059287146,51.62441559859784],[0.03697498060529816,51.624235774127264],[0.03787498067985832,51.6236063828677],[0.03775498066991696,51.62329168396396],[0.03809998069849836,51.623033179660226],[0.038189980705954384,51.62301070095549],[0.0382799807134104,51.62305565835379],[0.038399980723351754,51.62296574351266],[0.03854998073577845,51.622988222239655],[0.038879980763117175,51.622853349710745],[0.03967498082897866,51.622257657912535],[0.03982498084140536,51.622100304056346],[0.03991498084886137,51.62196542888819],[0.03988498084637604,51.62194294965451],[0.040244980876200105,51.62162823921381],[0.04048498089608281,51.62124608788719],[0.040904980930877556,51.62093137261339],[0.04084498092590688,51.62086393334219],[0.041114980948274926,51.6206166551569],[0.041114980948274926,51.620571695342086],[0.0421649810352618,51.61976241105814],[0.0421649810352618,51.61969497004967],[0.042254981042717805,51.61958256814617],[0.04264498107502721,51.61929032189408],[0.042674981077512546,51.61920039959172],[0.04264498107502721,51.61915543837375],[0.043664981159528736,51.618256204659296],[0.04360498115455806,51.618188761412405],[0.043664981159528736,51.6179189874226],[0.04439998122041954,51.61739067538056],[0.044579981235331585,51.617323230847425],[0.04561498132107578,51.616547611512274],[0.0457949813359878,51.61639023785567],[0.04576498133350248,51.616322791835785],[0.0457949813359878,51.61623286365337],[0.04567498132604645,51.61609797104564],[0.04667998140930531,51.61541226075742],[0.04673998141427599,51.61541226075742],[0.047084981442857374,51.61567080847621],[0.04723498145528407,51.61582818462742],[0.047204981452798736,51.61587314914182],[0.04726498145776941,51.61594059582992],[0.047489981476409454,51.61606424783106],[0.047519981478894795,51.616041765674076],[0.04784998150623353,51.61628906878825],[0.048179981533572266,51.61642396082804],[0.048239981538542934,51.61640147884924],[0.04877998158327902,51.61669374370477],[0.04883998158824971,51.61664878000335],[0.048989981600676406,51.61673870736167],[0.04907998160813242,51.616671261859636],[0.049319981628015125,51.616716225538795],[0.04964998165535386,51.61689607980995],[0.04979998166778055,51.61685111630898],[0.050069981690148604,51.61694104326637],[0.05039998171748734,51.61694104326637],[0.050669981739855395,51.61705345171255],[0.050789981749796737,51.61698600667826],[0.05093998176222344,51.61705345171255],[0.05114998177962081,51.61698600667826],[0.05147998180695954,51.61714337826904],[0.05156998181441556,51.61709841501307],[0.05231998187654903,51.61712089664661],[0.052469981888975725,51.617165859880316],[0.052739981911343776,51.61734571236963],[0.05279998191631445,51.61730074931411],[0.05315998194613852,51.61739067538056],[0.05351998197596259,51.61757052697896],[0.053639981985903945,51.617525564146185],[0.05447998205549343,51.617660452510876],[0.05459998206543478,51.61775037786461],[0.0546899820728908,51.61770541521002],[0.05480998208283216,51.61777285917521],[0.05525998212011225,51.61784030304015],[0.05534998212756826,51.61790774680489],[0.05543998213502428,51.61788526556111],[0.05561998214993631,51.6179751904694],[0.05573998215987767,51.61795270925903],[0.05606998218721639,51.618042634033664],[0.056159982194672414,51.6180201528567],[0.05624998220212843,51.61808759635417],[0.05651998222449648,51.618110077497704],[0.05663998223443783,51.618200001960524],[0.056759982244379184,51.618177520861515],[0.05681998224934987,51.618222483048385],[0.0569999822642619,51.618110077497704],[0.057164982277931264,51.618098836927324],[0.05719498228041661,51.61803139344657],[0.057164982277931264,51.61798643107039],[0.05758498231272602,51.617671693189855],[0.05761498231521136,51.61760424907431],[0.05758498231272602,51.6175817676802],[0.05764498231769669,51.61751432343105],[0.057404982297813975,51.61726702699324],[0.05743498230029932,51.61697476582947],[0.05752498230775534,51.616884838938894],[0.05708998227171792,51.61662629813595],[0.05696998226177657,51.61662629813595],[0.05648998222201115,51.61698600667826],[0.056399982214555125,51.61698600667826],[0.05627998220461377,51.61707593336838],[0.056129982192187074,51.6170309700456],[0.05603998218473106,51.61709841501307],[0.05564998215242166,51.61707593336838],[0.05510998210768554,51.61680615276348],[0.054959982095258854,51.616828634541804],[0.05486998208780283,51.6167611891734],[0.05459998206543478,51.61678367097401],[0.054449982053008085,51.616716225538795],[0.05380498199957331,51.61618789949535],[0.05383498200205864,51.616120453174794],[0.05377498199708796,51.61598556023295],[0.05354998197844792,51.615816943491865],[0.05330998195856521,51.61572701430715],[0.05296498192998382,51.61546846690852],[0.05281498191755712,51.61526612443875],[0.052844981920042465,51.615176194162636],[0.052604981900159754,51.61492888498455],[0.05263498190264508,51.61486143679301],[0.052544981895189066,51.61465909161702],[0.052544981895189066,51.61436681365915],[0.05272498191010111,51.61418694936497],[0.05266498190513042,51.61414198318004],[0.05278498191507178,51.614029567522856],[0.05236498188027704,51.61366983554889],[0.05230498187530636,51.61335506773295],[0.05239498188276237,51.61322016657217],[0.05276998191382911,51.61293912119953],[0.053174981947381184,51.612815460684295],[0.05323498195235187,51.6127255255525],[0.05320498194986654,51.61268055791981],[0.05338498196477857,51.61252317085451],[0.05338498196477857,51.612455719088025],[0.053474981972234575,51.61236578324348],[0.053444981969749235,51.61232081525439],[0.05350498197471992,51.612253363187236],[0.05350498197471992,51.61218591101982],[0.053444981969749235,51.61214094285255],[0.053474981972234575,51.61202852223944],[0.05290498192501314,51.61144393056303],[0.05290498192501314,51.611264054686416],[0.052994981932469154,51.61110666270968],[0.05296498192998382,51.61106169347325],[0.05239498188276237,51.61065696834058],[0.05218498186536501,51.61018478445848],[0.05221498186785034,51.6101622993892],[0.05185498183802627,51.60966762504744],[0.05176498183057026,51.6094652567176],[0.051194981783348824,51.6090830029666],[0.051134981778378136,51.60894808910953],[0.05116498178086349,51.60879068910289],[0.05110498177589279,51.60874571757219],[0.051134981778378136,51.60838594372273],[0.05110498177589279,51.60831848580857],[0.05143498180323153,51.60777881888659],[0.051404981800746194,51.607733846353504],[0.051644981820628905,51.607441523802656],[0.05161498181814356,51.607396550935455],[0.05170498182559958,51.607261632066596],[0.051824981835540934,51.60690184645606],[0.051884981840511615,51.60685687305428],[0.05185498183802627,51.60683438633666],[0.05203498185293831,51.60640713658611],[0.052004981850452964,51.60638464964575],[0.052094981857908985,51.606249727769736],[0.05218498186536501,51.60593490849982],[0.05224498187033568,51.60588993414021],[0.05221498186785034,51.6058674469437],[0.05224498187033568,51.60575501079404],[0.05230498187530636,51.60571003625622],[0.05224498187033568,51.60566506167386],[0.052334981877791696,51.605552625023],[0.05242498188524772,51.60519282586923],[0.05248498189021839,51.60512536321045],[0.052514981892703726,51.60492297463276],[0.05248498189021839,51.604765560670835],[0.052544981895189066,51.60472058515288],[0.052604981900159754,51.6041134113004],[0.052544981895189066,51.6040459470378],[0.052514981892703726,51.603708624221284],[0.05242498188524772,51.603551206049275],[0.05245498188773306,51.603506229328495],[0.052004981850452964,51.60278659573656],[0.05176498183057026,51.602606685556545],[0.0517949818330556,51.60256170790015],[0.05159998181690089,51.60239304129194],[0.05141998180198886,51.60228059653838],[0.05135998179701817,51.602303085511366],[0.049964981681449916,51.601279825964724],[0.04999498168393527,51.60118986797886],[0.04993498167896458,51.60114488891907],[0.049964981681449916,51.600987461859035],[0.04990498167647924,51.600942482598796],[0.04990498167647924,51.600695095871046],[0.049964981681449916,51.60053766725168],[0.05023498170381798,51.60024529836776],[0.050204981701332634,51.60017782835802],[0.05023498170381798,51.60015533833249],[0.04973998166280988,51.59991919239199],[0.04883998158824971,51.5996942903546],[0.048719981578308355,51.599604329227795],[0.048359981548484296,51.59951436792278],[0.04799998151866022,51.59935693521017],[0.04769998149380683,51.599289463880524],[0.04724998145652674,51.5993794256311],[0.04709998144410005,51.5993794256311],[0.04697998143415869,51.599311954334894],[0.046889981426702684,51.59933444477809],[0.046559981399363945,51.59915452092057],[0.046319981379481234,51.59913203038824],[0.04597498135089984,51.598873388466096],[0.04585498134095849,51.59873844426977],[0.04585498134095849,51.59864848124947],[0.0457949813359878,51.598603499672464],[0.04561498132107578,51.59819866347475],[0.04552498131361975,51.597883788381516],[0.04543498130616374,51.59777133246202],[0.04546498130864908,51.597703858776654],[0.04537498130119305,51.59763638499104],[0.045284981293737044,51.59743396303275],[0.045284981293737044,51.59732150599942],[0.045224981288766376,51.59727652310811],[0.04498498126888366,51.59673672493731],[0.0448649812589423,51.5963543640179],[0.04477498125148628,51.59626439627493],[0.04477498125148628,51.596174428353756],[0.044684981244030274,51.5961069522959],[0.044564981234088905,51.59579206270051],[0.04444498122414756,51.595679601601645],[0.0444749812266329,51.59561212480865],[0.044354981216691534,51.595499663264256],[0.04423498120675018,51.59522975442155],[0.0440249811893528,51.59493735136527],[0.0440249811893528,51.59486987346956],[0.04384498117444077,51.59468993192429],[0.04387498117692612,51.594667439180995],[0.04372498116449942,51.594487496833736],[0.043694981162014083,51.59430755377358],[0.04360498115455806,51.59415010301119],[0.043664981159528736,51.59410511697884],[0.04372498116449942,51.5938801861487],[0.043214981122248655,51.593565281115204],[0.04288498109490993,51.59325037389855],[0.04291498109739526,51.593205386975086],[0.04282498108993924,51.59302543883571],[0.04261498107254188,51.59277800898007],[0.04207498102780577,51.591923240926675],[0.04192498101537908,51.59181077024854],[0.04195498101786442,51.59176578189935],[0.041489980979341666,51.5913496375568],[0.041099980947032266,51.59112469308165],[0.04103998094206158,51.591147187579296],[0.04088998092963488,51.5910347149797],[0.04061998090726683,51.59094473669953],[0.040559980902296164,51.59096723128628],[0.04040998088986946,51.59085475824115],[0.040259980877442765,51.59083226359868],[0.04016998086998676,51.5907647796045],[0.04007998086253073,51.59078727428038],[0.03998998085507472,51.59071979021936],[0.038159980703469036,51.59006743912782],[0.03679498059038612,51.589066399408786],[0.03644998056180472,51.588762708840946],[0.03557998048972989,51.589370087946534],[0.035294980466119175,51.589223867792896],[0.035354980471089856,51.58929135407613],[0.03532498046860451,51.58931384948158],[0.03538498047357519,51.58947131700799],[0.035354980471089856,51.58953880292363],[0.03541498047606053,51.58958379347837],[0.035564980488487226,51.590056191613066],[0.03559498049097256,51.590326131198786],[0.035714980500913915,51.59064105868817],[0.03568498049842858,51.59070854286613],[0.035744980503399255,51.59075353226241],[0.035774980505884596,51.591113445828654],[0.03583498051085528,51.59120342377466],[0.03580498050836994,51.591315895956534],[0.03586498051334061,51.59136088475131],[0.03589498051582595,51.591653310831326],[0.035954980520796626,51.59172079350555],[0.03592498051831129,51.591833264406475],[0.035984980523281966,51.59208069940825],[0.03503998044499379,51.592766762136414],[0.034919980435052435,51.592789255820904],[0.034754980421383065,51.59291297088659],[0.03472498041889773,51.59295795809964],[0.034754980421383065,51.59298045168948],[0.03442498039404434,51.59327286734356],[0.03424498037913231,51.593497801181144],[0.03427498038161765,51.593520294503634],[0.03379498034185223,51.59392517240382],[0.033644980329425526,51.59410511697884],[0.033674980331910874,51.59415010301119],[0.03337498030705748,51.59437503250468],[0.03307498028220409,51.594712424656414],[0.03266998024865201,51.59501607545022],[0.03248998023373997,51.59510604566593],[0.03200998019397455,51.59512853819201],[0.031544980155451804,51.59525224688636],[0.03148498015048112,51.595319724213994],[0.03151498015296646,51.595409693828216],[0.03142498014551044,51.59547717092197],[0.03145498014799579,51.595522155595404],[0.03133498013805443,51.59583704706208],[0.03127498013308375,51.5958820313791],[0.031304980135569094,51.59592701565158],[0.030959980106987695,51.59618567435365],[0.030779980092075665,51.59614069033736],[0.030719980087104984,51.59618567435365],[0.029459979982720746,51.595870785304015],[0.029399979977750065,51.59591576958762],[0.029279979967808713,51.59584829314551],[0.028679979918101936,51.59573583218587],[0.028439979898219222,51.59573583218587],[0.028379979893248544,51.59569084772406],[0.027929979855968463,51.59562337094778],[0.02783997984851244,51.595645863217655],[0.02777997984354176,51.59560087866676],[0.02735997980874702,51.595533401756796],[0.026999979778922947,51.59555589407125],[0.026819979764010918,51.5954884170945],[0.026639979749098885,51.59551090943122],[0.026549979741642867,51.595465924746634],[0.024659979585066515,51.595465924746634],[0.02362497949932232,51.595589632522056],[0.023654979501807658,51.59579206270051],[0.02356497949435164,51.5958820313791],[0.023654979501807658,51.59599449197673],[0.02356497949435164,51.59608446025434],[0.023654979501807658,51.5961519363456],[0.023654979501807658,51.59651180713925],[0.023714979506778335,51.59657928259562],[0.023684979504292998,51.596601774392134],[0.023714979506778335,51.596804200059516],[0.02362497949932232,51.59687167508147],[0.023714979506778335,51.59693915000318],[0.023714979506778335,51.59702911640955],[0.023654979501807658,51.59707409954589],[0.023744979509263672,51.597141574166876],[0.023774979511749013,51.59723154017224],[0.023774979511749013,51.59743396303275],[0.023714979506778335,51.59747894576811],[0.02383497951671969,51.59756891110518],[0.023744979509263672,51.597658876264056],[0.02383497951671969,51.5977488412447],[0.023804979514234357,51.59786129721989],[0.02386497951920503,51.59842357291901],[0.023804979514234357,51.59851353638484],[0.02386497951920503,51.59855851805096],[0.02386497951920503,51.59862599046654],[0.023804979514234357,51.598693462781895],[0.02389497952169037,51.598760934997],[0.02389497952169037,51.59905331343742],[0.02395497952666105,51.5990982945689],[0.02392497952417571,51.59912078511792],[0.02395497952666105,51.59925572817815],[0.024104979539087742,51.59941316124159],[0.02419497954654376,51.59968304522351],[0.024344979558970452,51.59990794731657],[0.024344979558970452,51.59999790784194],[0.02446497956891181,51.60011035824803],[0.02443497956642647,51.60017782835802],[0.02455497957636783,51.60026778834875],[0.02467497958630918,51.60053766725168],[0.024794979596250537,51.60062762652956],[0.024764979593765203,51.600740075376315],[0.024914979606191896,51.60085252394464],[0.025034979616133254,51.60109990981476],[0.02527497963601596,51.60134729433719],[0.025244979633530625,51.60145974140187],[0.025574979660869347,51.601864548529136],[0.025634979665840028,51.60197699431294],[0.02560497966335469,51.60199948343628],[0.025724979673296046,51.602111928885954],[0.025694979670810705,51.602179396022095],[0.025874979685722742,51.60233681894995],[0.025844979683237398,51.60238179682909],[0.026024979698149434,51.602606685556545],[0.02614497970809079,51.602899039237116],[0.026234979715546804,51.60296650520378],[0.02626497971803215,51.603101436836404],[0.026474979735429522,51.60332632199973],[0.026444979732944185,51.60346125256313],[0.026594979745370877,51.60359618272555],[0.026564979742885537,51.603663647656404],[0.026834979765253588,51.60395599453177],[0.026804979762768244,51.603978482674975],[0.026954979775194943,51.60422585151529],[0.0270749797851363,51.60431580348672],[0.02698497977768028,51.60438326734834],[0.02713497979010698,51.60449570689498],[0.02713497979010698,51.6045856583318],[0.027374979809989687,51.60487799927076],[0.027344979807504353,51.60494546229707],[0.027464979817445702,51.605035412842874],[0.027434979814960368,51.60512536321045],[0.027794979844784438,51.60539521324406],[0.027764979842299094,51.60544018809374],[0.028154979874608497,51.60584495973604],[0.028124979872123163,51.60588993414021],[0.028274979884549856,51.606002369955725],[0.028154979874608497,51.60609231840766],[0.028154979874608497,51.606204753722],[0.028274979884549856,51.60629470177295],[0.02821497987957918,51.60638464964575],[0.028394979894491214,51.606564544856724],[0.02866497991685927,51.60708173961772],[0.028634979914373925,51.6071042262128],[0.028754979924315277,51.60719417248178],[0.02872497992182994,51.607329091551144],[0.02885997993301397,51.60745276701249],[0.02906997995041134,51.6073853077117],[0.029414979978992735,51.60764390115372],[0.02932497997153672,51.60777881888659],[0.029354979974022064,51.60782379137512],[0.029264979966566042,51.607891250024345],[0.029234979964080705,51.6080936253707],[0.029144979956624684,51.60818356967949],[0.029354979974022064,51.6083409717911],[0.029474979983963416,51.60856583100387],[0.02944497998147808,51.60865577437713],[0.02950497998644875,51.608700745996934],[0.02944497998147808,51.60883566058904],[0.029714980003846127,51.60917294531523],[0.029684980001360786,51.60921791642274],[0.029834980013787486,51.609442771291945],[0.0297749800088168,51.60948774213213],[0.030134980038640874,51.60975756623779],[0.030314980053552903,51.60998241843406],[0.030284980051067563,51.61011732921725],[0.03037498005852358,51.610274724624205],[0.030704980085862317,51.61052205916116],[0.030674980083376973,51.61061199865864],[0.030794980093318332,51.61070193797796],[0.03073498008834765,51.61079187711909],[0.030854980098289003,51.610881816082006],[0.030944980105745017,51.61110666270968],[0.030794980093318332,51.61124157015175],[0.030764980090832988,51.61133150822367],[0.030914980103259684,51.61151138383299],[0.030884980100774347,51.611556352623964],[0.030944980105745017,51.61160132137039],[0.03097498010823036,51.611826164434206],[0.030914980103259684,51.61205100638433],[0.03082498009580367,51.61211845875219],[0.030884980100774347,51.61218591101982],[0.030764980090832988,51.61229833124314],[0.030794980093318332,51.61232081525439],[0.03073498008834765,51.612410751188044],[0.030314980053552903,51.612815460684295],[0.030314980053552903,51.61288291191619],[0.0299249800212435,51.61328761720266],[0.029954980023728837,51.6133101007239],[0.029564979991419434,51.61364735220586],[0.02944497998147808,51.61382721863831],[0.029474979983963416,51.61384970189226],[0.029114979954139347,51.61414198318004],[0.028964979941712658,51.61434433066135],[0.02899497994419799,51.614389296645804],[0.028754979924315277,51.61456916013815],[0.028334979889520533,51.61499633307586],[0.02818497987709384,51.61522115932297],[0.027884979852240453,51.615490949349464],[0.02791497985472579,51.615558396605536],[0.02773497983981376,51.61569329081693],[0.027434979814960368,51.61603052459142],[0.027404979812475024,51.61607548890537],[0.027434979814960368,51.61609797104564],[0.02713497979010698,51.61634527385357],[0.027044979782650965,51.616502647666074],[0.026684979752826892,51.61683987542678],[0.026684979752826892,51.616884838938894],[0.0260399796993921,51.617323230847425],[0.025979979694421423,51.61730074931411],[0.025649979667082694,51.6174581198135],[0.02555997965962668,51.617435638347],[0.025409979647199987,51.617548045568135],[0.02534997964222931,51.617525564146185],[0.02507997961986126,51.61768293386601],[0.02483997959997855,51.61770541521002],[0.024719979590037192,51.617795340474665],[0.024599979580095833,51.61777285917521],[0.024479979570154478,51.6178627843062],[0.02384997951796236,51.618065115199464],[0.023759979510506346,51.618132558630116],[0.023609979498079654,51.618110077497704],[0.023489979488138295,51.618200001960524],[0.023339979475711602,51.618200001960524],[0.02291997944091685,51.618402331350374],[0.022859979435946174,51.61835736934167],[0.022739979426004822,51.6184472933145],[0.022619979416063463,51.6184472933145],[0.02243997940115143,51.61858217893962],[0.022289979388724734,51.61858217893962],[0.02185497935268732,51.61875078540726],[0.022139979376298042,51.61885194898714],[0.022289979388724734,51.61882946821108],[0.022379979396180756,51.61887442975204],[0.02243997940115143,51.61882946821108],[0.02282997943346084,51.61882946821108],[0.02291997944091685,51.61889691050582],[0.023009979448372866,51.61885194898714],[0.023159979460799566,51.61889691050582],[0.023279979470740925,51.618806987423916],[0.023519979490623632,51.61873954499555],[0.023939979525418376,51.61871706416383],[0.024119979540330412,51.618649621601854],[0.024209979547786427,51.61871706416383],[0.024359979560213126,51.618627140725565],[0.024479979570154478,51.618672102466974],[0.024629979582581178,51.61860465983818],[0.024899979604949222,51.618627140725565],[0.025244979633530625,51.61888567013032],[0.025184979628559943,51.61897559305631],[0.025304979638501302,51.61911047711121],[0.025244979633530625,51.6191779189883],[0.025364979643471976,51.61931280244183],[0.02542497964844266,51.61967248969122],[0.025364979643471976,51.61991977302146],[0.02527497963601596,51.61998721369584],[0.025304979638501302,51.62005465427],[0.02527497963601596,51.62009961459709],[0.02515497962607461,51.62018953511762],[0.025184979628559943,51.62023449531107],[0.02515497962607461,51.620279455459986],[0.025649979667082694,51.62062789510366],[0.02576997967702405,51.62058293529997],[0.02588997968696541,51.620672854862775],[0.026009979696906767,51.620672854862775],[0.026384979727973507,51.620953852348194],[0.026444979732944185,51.62111121017995],[0.02671497975531223,51.62131352659044],[0.026684979752826892,51.6214484036963],[0.026564979742885537,51.62153832154415],[0.026849979766496262,51.621661958294],[0.02735997980874702,51.62204410611835],[0.027479979818688376,51.6220665853019],[0.027809979846027105,51.6222688974528],[0.028634979914373925,51.62293202540132],[0.02866497991685927,51.62308937637327],[0.028814979929285955,51.62320176959055],[0.028814979929285955,51.62329168396396],[0.028694979919344603,51.62342655518997],[0.028934979939227314,51.6236063828677],[0.028904979936741976,51.62365133967579],[0.02899497994419799,51.62371877480438],[0.02878497992680062,51.62389860132395],[0.028814979929285955,51.62396603608507],[0.028754979924315277,51.6241009053066],[0.028934979939227314,51.624258252225076],[0.028874979934256636,51.624370642547],[0.02899497994419799,51.624460554604134],[0.028904979936741976,51.62455046648307],[0.02899497994419799,51.62461790027535],[0.02899497994419799,51.624797723231474],[0.029174979959110028,51.62493258998084],[0.029114979954139347,51.625000023205196],[0.036674980580444765,51.625000023205196]]]}}]}