{"type":"FeatureCollection","features":[{"type":"Feature","properties":{"db_school_name":"Outwood Academy Hemsworth","urn":"145938","n_samples":733,"margin_m":196.0},"geometry":{"type":"Polygon","coordinates":[[[-1.3695308196899572,53.6041892762918],[-1.370307148579604,53.60442168238384],[-1.3706332824011616,53.60454479181346],[-1.3710218773177678,53.60473283673835],[-1.3714245793559932,53.60489408684282],[-1.3720822473249807,53.60507994155251],[-1.3729656335119347,53.60532996393428],[-1.373677215014125,53.60545229314203],[-1.3739683333898016,53.60549254026969],[-1.3740152512133914,53.60548829249907],[-1.3743180294911375,53.60545653274817],[-1.374462477732486,53.60549691388131],[-1.3747430549660442,53.60559627558908],[-1.374821800266467,53.60579046353363],[-1.3748729812450313,53.60600886399233],[-1.3748879223807347,53.60622919638099],[-1.3748664792177874,53.60644933879011],[-1.3748088577035469,53.60666717110703],[-1.3747156122267374,53.60688059543463],[-1.374587640299052,53.607087556297195],[-1.374464213521754,53.6072392953697],[-1.3745138289915895,53.607232178985086],[-1.3748810582717306,53.60720173991722],[-1.375251535690171,53.607192853269396],[-1.3756216939113486,53.60720560461308],[-1.3759879686712673,53.60723987116671],[-1.3763468330817155,53.60729532297752],[-1.3766948315754604,53.607371426097004],[-1.3767485394546999,53.60738687676489],[-1.376822707918445,53.60726691871375],[-1.3769841630005448,53.60706841130601],[-1.3771775550881316,53.60688027122154],[-1.377401021454009,53.606704310202694],[-1.3776524098426923,53.60654222268907],[-1.3777316578114405,53.60650024953493],[-1.3781221830042816,53.60657114165495],[-1.3784057787223956,53.60660675670669],[-1.3786354580730393,53.60661423587282],[-1.3789938775780344,53.60659542243071],[-1.3790241823245322,53.60659378239861],[-1.3790578365683357,53.606567897116506],[-1.3790837964966396,53.606548262157084],[-1.379134206885398,53.606509884159756],[-1.3792481791537345,53.60647093508192],[-1.3792982719428621,53.60645412140062],[-1.3793516938147297,53.606422857073575],[-1.3793714010646358,53.60641307434136],[-1.3794599567737964,53.60635692096462],[-1.3795699916270314,53.606272123526274],[-1.379897759597804,53.60598168555503],[-1.3799842562814082,53.605955175001895],[-1.3801150575081564,53.60590321861259],[-1.3803335149970515,53.60589796885773],[-1.3807036635540153,53.60591070445811],[-1.3810699313552013,53.60594495544567],[-1.381224565073869,53.605968843345096],[-1.3812355720942515,53.605960175069576],[-1.3814869414224793,53.6057980794274],[-1.3817638126815441,53.60565141730261],[-1.3820635195178037,53.60552160096583],[-1.3823831757668505,53.605409880460755],[-1.3827197032420764,53.60531733157164],[-1.383069861368615,53.60524484546863],[-1.3834302783776828,53.605193120129954],[-1.3837974837614413,53.60516265362412],[-1.3841679416764856,53.605153739315995],[-1.3845380849749978,53.60516646304333],[-1.3849043495366484,53.6052007022905],[-1.3852632085714323,53.605256127367646],[-1.3856112065639126,53.60533220458364],[-1.3857716051711426,53.60537833537161],[-1.3860295620386451,53.60530738549647],[-1.3863797144915544,53.60523488969295],[-1.3867401274499622,53.60518315437461],[-1.3871073304450094,53.60515267770601],[-1.387477787656277,53.6051437531499],[-1.387831546288464,53.605155903862496],[-1.3880249284962298,53.605088303429056],[-1.3881422244794381,53.60505603888938],[-1.3881767321033012,53.60502245509166],[-1.3884001430416464,53.604846473326354],[-1.3886514784073418,53.604684362511016],[-1.3889283176602805,53.604537683694716],[-1.3892279947549087,53.60440784930873],[-1.3895476238130966,53.604296109570626],[-1.3897364914393309,53.604244153870596],[-1.3898857775423359,53.604165053978164],[-1.3899328855988482,53.60414464386845],[-1.3900151756421462,53.60395611685274],[-1.3901430626885638,53.60374913915163],[-1.3903044419034085,53.603550613447865],[-1.3904977587671805,53.60336245152053],[-1.3907211512769408,53.60318646532243],[-1.390972467888254,53.60302434953569],[-1.3912492882415826,53.60287766525723],[-1.3915489464733353,53.60274782497102],[-1.3918685568869797,53.602636078951406],[-1.3920070700690585,53.60259797054098],[-1.3921155097707016,53.602540507378954],[-1.392415162968366,53.602410664902465],[-1.392734768561507,53.60229891654976],[-1.393071248851127,53.60220633837333],[-1.3934213637165536,53.60213382182524],[-1.39378174180542,53.602082065176944],[-1.3941489129845197,53.60205156679838],[-1.3945193417397006,53.60204262036132],[-1.394889461203848,53.60205531201288],[-1.3952557074860892,53.60208951954624],[-1.3956145539724258,53.60214491357686],[-1.3959625452682778,53.602220960712586],[-1.3962963304568798,53.60231692868729],[-1.3966126953539273,53.60243189340884],[-1.3967117508881473,53.6024763682459],[-1.3967194708689605,53.60247618164448],[-1.3970895948346047,53.602488866502696],[-1.3974558466944502,53.60252306731532],[-1.39781469978081,53.602578454762494],[-1.3981626986355793,53.60265449551544],[-1.3984964922692344,53.60275045736952],[-1.3988128664161852,53.60286541629155],[-1.3991087744764752,53.60299826531362],[-1.3993813668463655,53.60314772518825],[-1.3996280183557097,53.60331235670178],[-1.3998463535481058,53.60349057452859],[-1.4000342695604333,53.603680662492216],[-1.4001899563813258,53.603880790086954],[-1.4003119142932279,53.60408903010104],[-1.400398968329648,53.604303377171924],[-1.4004502796078289,53.6045217670951],[-1.4004529724075272,53.604561127119986],[-1.4005066549224916,53.60456941103631],[-1.4008546750113313,53.604645443993626],[-1.4010358260103066,53.60469751554004],[-1.4011838269524195,53.60470258235205],[-1.4015501013541172,53.60473677068279],[-1.4019089786338683,53.60479214589779],[-1.4022570031006771,53.60486817478604],[-1.402590823518476,53.60496412525712],[-1.402907225363838,53.605079073387486],[-1.403203161770166,53.605211912313216],[-1.4033409660388743,53.605287456665394],[-1.4034929102124238,53.605342656120825],[-1.4037888503040212,53.60547549360237],[-1.4040614751629656,53.60562494284252],[-1.404308159306326,53.6057895647301],[-1.4045265269635008,53.60596777403223],[-1.4047144749587792,53.60615785465455],[-1.4048701929728233,53.606357976162066],[-1.4049921809876877,53.60656621140168],[-1.405079263746965,53.60678055505687],[-1.405088314043546,53.6068190542266],[-1.4053298274311739,53.60690678491552],[-1.4056257842194226,53.60703961786499],[-1.4058984256270641,53.60718906292614],[-1.4061451260118358,53.60735368102808],[-1.4063029222019836,53.60748244656803],[-1.4065719989858019,53.6075412138588],[-1.4069058503097458,53.6076371523339],[-1.4072222838840258,53.607752089089956],[-1.407518252536597,53.60788491737255],[-1.407790906080392,53.60803435813391],[-1.408037618756308,53.608198972344496],[-1.4082560145190266,53.608377174845394],[-1.40844398992221,53.608567249607745],[-1.4085997343825944,53.608767366253026],[-1.408721747627545,53.608975597675006],[-1.408808854157658,53.60918993859397],[-1.4088602145845608,53.609408324864674],[-1.4088753337340818,53.609628653352324],[-1.4088540654359987,53.609848802185304],[-1.4087966139534274,53.61006665118931],[-1.4087035320372712,53.61028010230671],[-1.40866281551359,53.61034604257634],[-1.4087368658300743,53.61033988368397],[-1.4091073643908036,53.610330892290534],[-1.4094775610240127,53.61034353901271],[-1.4098438910959652,53.6103777020763],[-1.4102028271860791,53.61043305252499],[-1.4105509130372338,53.610509057386224],[-1.4108847968224498,53.610604984800986],[-1.411201263408289,53.610719911067726],[-1.4114972653049047,53.61085272953307],[-1.4117699520051745,53.61100216124377],[-1.4120166974307713,53.611166767257494],[-1.4122351252210446,53.61134496249427],[-1.4124231316212617,53.61153503099521],[-1.4125789057496594,53.61173514244216],[-1.41270094704788,53.61194336977897],[-1.4127880797463221,53.61215770776528],[-1.4128394642045443,53.61237609228414],[-1.4128546050168644,53.6125964202177],[-1.4128333558043404,53.612816569699625],[-1.412775920646177,53.61303442054943],[-1.4126828521359398,53.613247874691744],[-1.412555046080475,53.61345487636393],[-1.4123937328917728,53.61365343191739],[-1.4123571357924145,53.61368906910782],[-1.4124025121687338,53.61380068868385],[-1.412453896566909,53.61401907330822],[-1.41246903589469,53.61423940122618],[-1.4124477837873777,53.61445955057155],[-1.412390344351997,53.614677401165174],[-1.412297270223257,53.614890854934124],[-1.412169457262068,53.61509785611936],[-1.412153469524092,53.615117533988574],[-1.4123738237997512,53.6152163958968],[-1.4126465416120166,53.61536582558457],[-1.412893315776047,53.615530429747864],[-1.4131117696544266,53.61570862332457],[-1.4132997992411505,53.615898690371836],[-1.413455593431099,53.61609880058554],[-1.4135776514726277,53.61630702692137],[-1.4136647974347831,53.61652136414869],[-1.4137161915492622,53.616739748157855],[-1.413716306746572,53.61674142384738],[-1.4137172824186577,53.616743823499775],[-1.4138727681887495,53.616847529856656],[-1.4140912329629831,53.61702572163548],[-1.4142131740180026,53.617148976547476],[-1.4143713142837027,53.61713581841332],[-1.4147418712904964,53.617126809742686],[-1.415112129175837,53.617139439184456],[-1.4154785227163398,53.617173585130914],[-1.4158375238804422,53.61722891879048],[-1.4161856757845812,53.61730490735227],[-1.4165196259659028,53.61740081911428],[-1.41683615865177,53.61751573052568],[-1.417132225715963,53.61764853507621],[-1.4174049760239327,53.61779795394666],[-1.4176517828849076,53.61796254831837],[-1.4178702693466672,53.61814073322352],[-1.4180583310894759,53.61833079280282],[-1.4182141566985789,53.61853089682406],[-1.4183362451197665,53.61873911830268],[-1.4184234201295067,53.61895345205476],[-1.4184329358312984,53.61899386441524],[-1.4184740420837563,53.61901230172454],[-1.418746805908131,53.6191617175389],[-1.4189936259248612,53.619326309140945],[-1.419176391426812,53.61947535153293],[-1.4193396581180673,53.61931635448603],[-1.4195630158024333,53.61914031483079],[-1.4198143175790392,53.61897813887215],[-1.4200911432305892,53.618831388286516],[-1.420390826841953,53.61870147619624],[-1.4207104824717893,53.61858965356704],[-1.4210470319389983,53.61849699716653],[-1.421397234456619,53.618424399199945],[-1.421757717828232,53.61837255872255],[-1.4221250109069377,53.618341974911445],[-1.4224955770050038,53.61833294226092],[-1.4228658479331378,53.61834554774812],[-1.4231214945681596,53.61836935515928],[-1.4233417324190418,53.618363985107145],[-1.4237120038902165,53.61837658797805],[-1.4240784152696262,53.61841070763784],[-1.424437438354004,53.61846601554804],[-1.4247856160488042,53.618541979145746],[-1.425119595642941,53.61863786696929],[-1.425436161080677,53.61875275569836],[-1.4257322639205499,53.6188855390411],[-1.426005052683651,53.619034938382555],[-1.4262519003090388,53.61919951509209],[-1.4264704294520791,53.619377684372104],[-1.4266585353821457,53.61956773051373],[-1.4268144062590664,53.61976782341421],[-1.4268533575595,53.619834227242805],[-1.4269674363018894,53.61978476589832],[-1.427287082884539,53.619672925701956],[-1.4276236267191935,53.6195802508114],[-1.427973827073059,53.61950763360995],[-1.4283343117705012,53.619455773338075],[-1.428701609651826,53.61942516936341],[-1.4290721839830454,53.61941611637444],[-1.4294424664956056,53.61942870154411],[-1.4298088917290575,53.619462803690894],[-1.4301679313467839,53.61951809444495],[-1.4305161280951018,53.619594041408575],[-1.4308501290795301,53.61968991328023],[-1.431166718038448,53.61980478689327],[-1.4314628463039876,53.61993755610135],[-1.4317356621524997,53.62008694242566],[-1.4319825382623146,53.620251507360926],[-1.4322010970145886,53.62042966622293],[-1.432389233393641,53.62061970340317],[-1.4325451352661427,53.620819788885235],[-1.4326673008435982,53.62102799586317],[-1.4327545531595351,53.62124231929283],[-1.4328060514214374,53.62146069519762],[-1.4328212991274454,53.62168102054279],[-1.4328001488688955,53.62190117348708],[-1.4327428037716543,53.622119033816844],[-1.432649815561535,53.62233250336548],[-1.432522079271581,53.622539526222084],[-1.4323608246414052,53.62273810853413],[-1.4321676042906837,53.622926337713515],[-1.4319442787800545,53.6231024008609],[-1.4316929987027796,53.623264602230776],[-1.4314161839792632,53.62341137956841],[-1.4311165005535877,53.62354131916178],[-1.4307968347164555,53.62365316946281],[-1.4304602653018732,53.62374585314636],[-1.4301100340256565,53.623818477491284],[-1.4297495142517693,53.62387034298256],[-1.429382178487874,53.623900950052],[-1.4290115649237634,53.62391000389214],[-1.4286412433356908,53.62389741729738],[-1.4285140791822517,53.62388558257012],[-1.4285109060451113,53.62388867329554],[-1.428356316555292,53.62401053138004],[-1.428301445823659,53.62413645857728],[-1.4281736827765783,53.6243434766614],[-1.4280124008388577,53.624542052984346],[-1.4278191528931916,53.62473027501568],[-1.4275957997660227,53.624906329924904],[-1.4273444923166432,53.62506852204576],[-1.4270676507291489,53.62521528921265],[-1.4267679412064322,53.62534521781144],[-1.4264482502906257,53.62545705639997],[-1.426111657057365,53.62554972776595],[-1.42576140345196,53.62562233930678],[-1.4254008630535195,53.62567419163078],[-1.425033508568427,53.625704785296605],[-1.4246628783668522,53.625713825625965],[-1.4242925423853456,53.62570122554331],[-1.4239260677246715,53.6256671064149],[-1.4236513239226338,53.62562478780411],[-1.4236030382944307,53.62567181012187],[-1.423379662678269,53.625847857077275],[-1.4231283335088285,53.626010040263836],[-1.422851471179463,53.62615679760196],[-1.42255174209291,53.626286715572235],[-1.4222320329798015,53.62639854283477],[-1.421895423091116,53.62649120228641],[-1.4216676806120785,53.62653840595776],[-1.4215112551297628,53.62673094772518],[-1.4213179682623494,53.62691915908924],[-1.4210945765420933,53.627095201701366],[-1.421002937292515,53.62715433130599],[-1.4210879987764191,53.6272635290507],[-1.4212101262490269,53.627471747397045],[-1.4212973335027432,53.627686078828326],[-1.4213487801787248,53.627904459290825],[-1.421363970271636,53.62812478570583],[-1.4213427569274237,53.62834493622171],[-1.4212853438793123,53.62856279064806],[-1.4211922835073822,53.62877625087511],[-1.4210644715395555,53.628983261081636],[-1.420903138444249,53.62918182753682],[-1.4207098375968472,53.62937003780518],[-1.4204864303333204,53.62954607916947],[-1.4202350680344222,53.629708256093835],[-1.4199581714126082,53.629855006558955],[-1.4196584072009446,53.629984917111614],[-1.4193386624684323,53.63009673648333],[-1.4190020168091961,53.630189387646915],[-1.4186517126736482,53.63026197819437],[-1.4182911241277438,53.63031380893623],[-1.4179237243417588,53.63034438063897],[-1.4175530521223279,53.63035339883589],[-1.417182677810824,53.630340776664646],[-1.4170804457313604,53.630331253682556],[-1.4169718630344126,53.63038879485286],[-1.4166720859105661,53.630518697881435],[-1.4163523292965432,53.630630509234884],[-1.416015672900955,53.630723151963274],[-1.4156653592776696,53.63079573373988],[-1.4153047625840658,53.630847555459674],[-1.4149373560689305,53.630878117976074],[-1.4145666786037359,53.63088712691087],[-1.4142956518456005,53.63087788389249],[-1.4142265476123963,53.63088363178284],[-1.4138558699640473,53.63089263851606],[-1.4134854921213367,53.63088000489731],[-1.4131189815883252,53.63084585261588],[-1.4127598686007974,53.63079051062953],[-1.4124116121074504,53.6307145119945],[-1.4120775664393181,53.630618588728545],[-1.411760948989188,53.63050366475722],[-1.4114648092128732,53.6303708470107],[-1.4111919992514315,53.630221414757806],[-1.4109451464575997,53.63005680727968],[-1.410726628091276,53.62987861000234],[-1.410538548427803,53.62968853922185],[-1.4103827184994155,53.62948842556916],[-1.4102606386646876,53.629280196374744],[-1.4101734841734348,53.62906585710232],[-1.4101220938655536,53.62884747203136],[-1.4101069621119597,53.628627144373866],[-1.4101282340745074,53.628406996017794],[-1.4101857043297208,53.628189147091476],[-1.4102788188687625,53.62797569554649],[-1.4104066804535504,53.62776869695532],[-1.4105680572766375,53.62757014471813],[-1.4107613948407263,53.627381950869506],[-1.4108758088573468,53.627291815621604],[-1.4108639279979454,53.6272625968732],[-1.4108125362434163,53.62704421202909],[-1.4107974014666793,53.62682388438452],[-1.410814572683362,53.62664613740898],[-1.4107283949737994,53.62664822923334],[-1.410595632065714,53.626659269145826],[-1.4105948675131674,53.626659287702964],[-1.4103930452689064,53.62681828384161],[-1.410141660721415,53.626980439584806],[-1.409864747187862,53.62712716672304],[-1.409564971564374,53.62725705202774],[-1.4092452210300215,53.627368844473686],[-1.4089085752349346,53.62746146729298],[-1.4085582766309295,53.62753402835068],[-1.4081976992307443,53.62758582874139],[-1.4078303160973245,53.62761636952397],[-1.4075996468390641,53.62762196260327],[-1.4073934589157397,53.62767868835527],[-1.4070440726110438,53.62775105510155],[-1.4069394749117246,53.62781851823887],[-1.406662544817914,53.62796523790404],[-1.4063627534633678,53.62809511512865],[-1.4060429881787226,53.628206898965225],[-1.405706328756235,53.628299512728844],[-1.4053560177790296,53.62837206437181],[-1.404995429379065,53.62842385507937],[-1.4046280367252764,53.62845438600366],[-1.4042573785556234,53.6284633630708],[-1.4038870250761277,53.62845069981465],[-1.4036897619550959,53.62843230129776],[-1.4034229012841637,53.62854790074543],[-1.4031031248580448,53.62865967668999],[-1.4030014142270717,53.62868765371381],[-1.4030391783661076,53.628848251812826],[-1.4030542733656992,53.62906858025551],[-1.4030329642340376,53.62928872722896],[-1.4029754556268466,53.629506572576766],[-1.402882300844575,53.62972001827644],[-1.4027543965245222,53.62992700864652],[-1.4025929740247238,53.63012555014717],[-1.4023995875818498,53.630313730583126],[-1.402176099356519,53.630489737524364],[-1.4019246615095382,53.63065187576653],[-1.4016476954813004,53.6307985836628],[-1.4013478686736671,53.63092844816994],[-1.4010280687588343,53.631040218462935],[-1.4006913758627013,53.63113281798729],[-1.400341032890902,53.631205354832446],[-1.399980414283661,53.631257130326226],[-1.399612993500957,53.631287645767216],[-1.3992423095517657,53.631296607230766],[-1.3988719328904866,53.63128392840098],[-1.3985054310097813,53.63124973140271],[-1.398146334062029,53.63119434562441],[-1.3977981008413223,53.631118304544174],[-1.3974640854543845,53.63102234058867],[-1.3971475050021542,53.63090737807529],[-1.396851408583878,53.63077452430551],[-1.3965786479227695,53.63062505889505],[-1.396331849896482,53.630460421444425],[-1.396113391237178,53.630282197668315],[-1.3959253756449013,53.63009210411789],[-1.3957696135345818,53.62989197164339],[-1.395647604611435,53.62968372775645],[-1.3955605234421642,53.62946937806226],[-1.3955092081603886,53.62925098694047],[-1.3954941524143898,53.62903065766134],[-1.3955155006339885,53.62881051212828],[-1.3955294686380941,53.62875763617022],[-1.3954107148435626,53.62866074804659],[-1.3952227095690357,53.62847065336945],[-1.3950669567021998,53.62827051995191],[-1.394944955859275,53.62806227531469],[-1.394857881529184,53.62784792507017],[-1.3948065717797222,53.627629533603304],[-1.3947915202059415,53.62740920418773],[-1.3948128711975367,53.6271890587281],[-1.3948704185700176,53.62697121732474],[-1.3949636075720009,53.626757777856774],[-1.3950915402484745,53.626550795780204],[-1.3952283864052386,53.62638251286502],[-1.395132967969402,53.626286028499116],[-1.3949772234917805,53.62608589491496],[-1.394855229308547,53.62587765012873],[-1.3947681598445434,53.62566329975422],[-1.394716853120769,53.62544490817768],[-1.3947018027032072,53.625224578673716],[-1.3947231529704913,53.625004433147886],[-1.3947806977451822,53.62478659170118],[-1.3948738823009854,53.62457315221309],[-1.3950018087257727,53.624366170139815],[-1.3951632445879436,53.62416763872242],[-1.3953566348219397,53.623979469794925],[-1.3955801167178226,53.623803475377436],[-1.3958315378700343,53.62364135023115],[-1.3961084769121004,53.62349465554298],[-1.3964082668373763,53.62336480389704],[-1.3967280206811727,53.62325304567692],[-1.397064659317037,53.623160457029975],[-1.397414941099736,53.62308792950903],[-1.3977754930699124,53.623036161491164],[-1.3981428434203846,53.62300565145562],[-1.3983110760617221,53.62300158514781],[-1.3983793385811178,53.62289111752788],[-1.3985407529457565,53.622692581447765],[-1.3987341214053624,53.62250440695767],[-1.3989575814596602,53.622328406131366],[-1.3992089809133836,53.62216627379172],[-1.3994858986089629,53.62201957119498],[-1.3997856677452598,53.6218897110014],[-1.4001054015577112,53.62177794367692],[-1.400442021112694,53.62168534545658],[-1.4005133296910044,53.621670577995104],[-1.4005404095399339,53.62160852651223],[-1.400668299211536,53.6214015381808],[-1.4008296971214267,53.62120299891981],[-1.401023048569521,53.621014820638926],[-1.4012464912193547,53.62083881544836],[-1.4014978730432475,53.620676678213044],[-1.4017747730533694,53.62052997023641],[-1.4020745246188502,53.62040010423048],[-1.402394241144287,53.62028833071719],[-1.402730843862472,53.620195725991195],[-1.4030810914739282,53.620123181760135],[-1.4034416113482329,53.62007139656193],[-1.4038089319871656,53.620040869041354],[-1.4041795164377302,53.62003189315074],[-1.4042818856728962,53.62003539390615],[-1.404548308553824,53.61996209132615],[-1.4048985511525642,53.619889541760394],[-1.4052590668511684,53.619837751074584],[-1.4056263841916086,53.619807217966354],[-1.405996966252635,53.61979823644184],[-1.4062908524005364,53.61980828190371],[-1.4064119842633356,53.619744093627524],[-1.4067117160976084,53.61961421593832],[-1.4070314145123965,53.61950242997504],[-1.407368000914813,53.61940981215221],[-1.4076363097632218,53.61935422670202],[-1.4075840489700442,53.61930139449893],[-1.4074737680416982,53.619159724128],[-1.407254882579118,53.6192199551649],[-1.4069046495197517,53.61929251165959],[-1.4065441404485524,53.619344307324546],[-1.4061768277701863,53.61937484326419],[-1.4058062494520982,53.61938382535632],[-1.405435974930987,53.61937116708641],[-1.40506957071546,53.61933699038121],[-1.4047105660169834,53.619281624433704],[-1.4043624187409507,53.61920560253091],[-1.404028482166168,53.61910965691473],[-1.4037119726344227,53.61899471172586],[-1.4034159385618936,53.6188618740988],[-1.4031432310713887,53.61871242349379],[-1.402896476528601,53.61854779936864],[-1.402678051247101,53.61836958730966],[-1.4024900586057412,53.61817950375507],[-1.4023343087987354,53.61797937945889],[-1.4022123014131747,53.61777114185386],[-1.4021252110013582,53.61755679648476],[-1.4021147841392754,53.61751243900981],[-1.401845371766112,53.61748730068765],[-1.4014863870360244,53.61743192510665],[-1.4011382608185354,53.61735589385952],[-1.4008043461895583,53.61725993927815],[-1.400487859279438,53.61714498558961],[-1.4001918482864075,53.61701214001023],[-1.3999191641109285,53.616862682076864],[-1.3996724328940855,53.616698051317876],[-1.3994540307247525,53.61651983338341],[-1.399266060759154,53.616329744768336],[-1.3991103329731,53.61612961627527],[-1.3989883467415984,53.61592137537748],[-1.3989012764132314,53.61570702765133],[-1.398871810360599,53.61558162751784],[-1.3986969199800945,53.6155180980049],[-1.3984009259846388,53.61538524800667],[-1.3981282586052302,53.61523578599846],[-1.3978815438211598,53.615071151547916],[-1.397663157563013,53.61489293034072],[-1.3974752028337667,53.61470283890323],[-1.3973194894624879,53.61450270806525],[-1.3971975166853743,53.6142944653226],[-1.3971104587214547,53.61408011626938],[-1.3970591534813503,53.61386172527909],[-1.3970440945171474,53.61364139562064],[-1.397065426290186,53.61342124920113],[-1.397122942801522,53.613203406130204],[-1.3972160895974137,53.612989964302955],[-1.3973439691297027,53.61278297919824],[-1.3974084733522396,53.61270362432469],[-1.3974258548119642,53.612524225470416],[-1.3974833682145167,53.612306382185174],[-1.3975765111855099,53.612092940035005],[-1.3977043862136433,53.611885954501886],[-1.3978657613625818,53.611687418860214],[-1.3980590821516883,53.611499244984806],[-1.3982824865399617,53.61132324494346],[-1.3985338228683446,53.6111611135516],[-1.3988106705872425,53.61101441205642],[-1.398917658719508,53.610968053570325],[-1.3989116267526325,53.6109603007466],[-1.3987896562032849,53.61075205950961],[-1.3987313172271771,53.610608423137705],[-1.3987309750099273,53.61060819475402],[-1.398512608046069,53.61042997501688],[-1.3983246691556264,53.61023988481521],[-1.39817995475717,53.61005387680102],[-1.3980210151031827,53.60992415492084],[-1.3978330806549557,53.60973406394332],[-1.3978183965086035,53.60971518925633],[-1.3977852289574257,53.609707943007336],[-1.397451382207673,53.60961197913505],[-1.3971349615020021,53.6094970166153],[-1.3968390144008809,53.60936416274941],[-1.3965663911893214,53.609214697153995],[-1.3963197174212032,53.60905005943114],[-1.396304308138374,53.60903748188264],[-1.3961468416923168,53.60923121028434],[-1.3959535228630346,53.60941938114745],[-1.395730118934635,53.60959537689848],[-1.3956611648123847,53.60963985597972],[-1.3956533931617032,53.60965766431122],[-1.395525514937289,53.60986464772104],[-1.3953641358515485,53.610063180256645],[-1.3951708097235898,53.61025134980922],[-1.394947398133607,53.610427344053626],[-1.3946960525046903,53.61058946790791],[-1.394419193389324,53.610736159863905],[-1.394119487159803,53.61086600703204],[-1.3937998203270177,53.61097775875439],[-1.3934632717350095,53.611070338655445],[-1.3931130828993494,53.611142855013796],[-1.3927526267754002,53.611194609354605],[-1.3923853752577962,53.61122510318038],[-1.3920148657247775,53.61123404277463],[-1.3916446669503515,53.611221342032195],[-1.3912783447133357,53.61118712328892],[-1.3910955145200679,53.611158899391356],[-1.3908368902633015,53.61116513677608],[-1.3904666924735118,53.61115243239246],[-1.3901003718131968,53.611118210047586],[-1.3897414566887787,53.61106279937409],[-1.3893934041426104,53.61098673408976],[-1.3890595665407897,53.61089074685434],[-1.3888947418682585,53.610830848581955],[-1.3885592455181863,53.61083893371645],[-1.388189051320062,53.61082622229685],[-1.3878227353777115,53.610791992991764],[-1.3874638260520955,53.61073657550087],[-1.3871157803296887,53.61066050360764],[-1.386781950510834,53.61056451003545],[-1.386465551908747,53.61044951938691],[-1.3861696318708472,53.610316639234334],[-1.385897040421315,53.610167149447456],[-1.3856504028079324,53.61000248986142],[-1.3854320942178657,53.60982424640397],[-1.385244216905921,53.60963413581561],[-1.3851855361550505,53.609558673525385],[-1.3848403272245078,53.60960821640394],[-1.38447308397354,53.60963868598106],[-1.384102586854313,53.60964760111724],[-1.383732404521239,53.609634875942966],[-1.3833661025947233,53.60960063302942],[-1.3832114543937146,53.60957674787101],[-1.383200446830173,53.60958541632154],[-1.3829490614280788,53.609747515415364],[-1.3826721673475442,53.60989418011804],[-1.382372431297832,53.6100239978024],[-1.3820527400772347,53.61013571809451],[-1.3817161727648537,53.610228264921645],[-1.3813659710567099,53.61030074688089],[-1.3810055080322607,53.610352465828804],[-1.3806382556526766,53.61038292360887],[-1.380267751304538,53.610391826851725],[-1.3798975637119064,53.61037908980244],[-1.3795312585458561,53.61034483514662],[-1.3791723640635012,53.61028939282812],[-1.378824337108272,53.610213296869595],[-1.3787706248856029,53.6101978471283],[-1.378696456730525,53.61031780632891],[-1.3785349971435432,53.61051631592646],[-1.3783415943292678,53.610704458060134],[-1.3781181106067193,53.61088042066887],[-1.3778666980939906,53.61104250897527],[-1.3775897779880302,53.611189161813535],[-1.377290017248846,53.61131896667085],[-1.376970302912616,53.61143067329678],[-1.3766337142811689,53.61152320575019],[-1.3762834932559473,53.611595672766676],[-1.3759230131025393,53.6116473763467],[-1.3755557459471648,53.61167781848174],[-1.3751852293187712,53.6116867059532],[-1.374815032059738,53.61167395315801],[-1.374448719934265,53.61163968293348],[-1.374089821266498,53.611584225373484],[-1.3737417929401627,53.61150811464743],[-1.373407987087916,53.61141208385277],[-1.3730916187919635,53.611297057950644],[-1.3727957351076352,53.611164144852935],[-1.372523185708752,53.611014624746694],[-1.3722765954378573,53.61084993775904],[-1.3720583390259107,53.61067167008162],[-1.3718705182249504,53.61048153868819],[-1.3717149415738605,53.61028137479327],[-1.3715931069918461,53.610073106210876],[-1.3715061873668364,53.60985873878381],[-1.3714550192770651,53.60964033706232],[-1.3714400949537848,53.609420004418524],[-1.3714615575617735,53.60919986278806],[-1.3715191998422793,53.60898203223425],[-1.3716124661306315,53.608768610531506],[-1.3717404577282737,53.60856165296471],[-1.3718638981412246,53.608409916773816],[-1.37181428085266,53.60841703205321],[-1.3714470388926852,53.608447461668014],[-1.3710765497878858,53.60845633650287],[-1.3707063821154721,53.608443571076464],[-1.3703401013545873,53.60840928834776],[-1.3700935234304503,53.608371174980235],[-1.3702283969969833,53.608544720712445],[-1.3703502205141762,53.60875299070549],[-1.3704371320524578,53.608967358988465],[-1.3704882941009875,53.60918576115231],[-1.3705032133958837,53.60940609390902],[-1.37048174569158,53.60962623534544],[-1.3704381447349174,53.60979098561578],[-1.3704331989112293,53.60984170167097],[-1.3703762187709623,53.610057004071365],[-1.370385661131868,53.610196454941466],[-1.3703641923821537,53.61041659632481],[-1.3703065421482548,53.610634426247444],[-1.3702132650953796,53.610847846835235],[-1.3700852590392436,53.61105480264842],[-1.369923756318576,53.61125330047984],[-1.369730311943536,53.611441428554755],[-1.3695067886335408,53.61161737494738],[-1.369451755349692,53.61165284639901],[-1.3693284387924305,53.61177277122289],[-1.3693737717389176,53.61196629964055],[-1.3693886860933433,53.612186632419906],[-1.3693672110657997,53.61240677353337],[-1.369309552910329,53.61262460288077],[-1.3692162663683716,53.61283802259348],[-1.3690882493469787,53.61304497724019],[-1.368926734290443,53.61324347362495],[-1.368733276327698,53.61343159998691],[-1.3685097383090061,53.613607544416794],[-1.3682582728755235,53.6137696123123],[-1.3679813017340412,53.6139162427042],[-1.3677249505275038,53.61402721134075],[-1.3675338087070588,53.61417765059486],[-1.367282336147325,53.614339716403926],[-1.3670053578953316,53.614486344502886],[-1.366705541471291,53.61461612261708],[-1.3663857744478953,53.61472780075372],[-1.3660491366346212,53.61482030324603],[-1.3656988704067958,53.61489273911813],[-1.365363904922201,53.61494074798259],[-1.3653116168622814,53.615138204902706],[-1.3652183045389006,53.61535162133524],[-1.3650902602962185,53.61555857154015],[-1.3649287168406683,53.615757062364175],[-1.3647352295746955,53.615945182100035],[-1.3645116616307995,53.616121118902264],[-1.3642601659383888,53.61628317824192],[-1.363983164495738,53.6164297992322],[-1.3636833250464677,53.61655956966689],[-1.363363535385094,53.61667123962713],[-1.3630268755391954,53.61676373352491],[-1.3627838058561323,53.616813991796285],[-1.362788235978661,53.616879583608586],[-1.3627667240422119,53.6170997232582],[-1.3627090253435752,53.617317549137475],[-1.3626156950145332,53.61753096341116],[-1.3624876313837577,53.61773791070028],[-1.3623260673443793,53.6179363978796],[-1.3621325584970703,53.618124513277024],[-1.3619284933354021,53.61828508181722],[-1.3620227498593245,53.618293908823915],[-1.3623816892513907,53.6183494026265],[-1.3627297530404114,53.61842554640316],[-1.3630635896114507,53.618521606957266],[-1.363379984285176,53.61863665930539],[-1.363675890263551,53.61876959558008],[-1.3639484579623407,53.61891913569368],[-1.3641950624483214,53.61908383965996],[-1.3644133287171751,53.61926212145559],[-1.364601154568705,53.619452264288036],[-1.3647567308589534,53.61965243712315],[-1.3648785589339414,53.61986071231339],[-1.364965465076713,53.620075084157314],[-1.3650166118280032,53.620293488211615],[-1.365019439241012,53.62033531475895],[-1.3652250704039626,53.62038029234086],[-1.3655589280844609,53.62047634596456],[-1.3658753441718576,53.62059139174052],[-1.366171271661967,53.620724321864564],[-1.3664438607634517,53.620873856308314],[-1.3666904863370228,53.62103855514012],[-1.3667322421326846,53.62107265770152],[-1.3669769665403735,53.62098720030734],[-1.3673136515228657,53.620894695435986],[-1.3676639647957847,53.620822255045695],[-1.3679363033594862,53.62078322229411],[-1.3682056914665401,53.62066662845832],[-1.3685254987367388,53.62055494568531],[-1.3688621769213052,53.62046243643191],[-1.3692124839945063,53.62038999148643],[-1.3695730467537013,53.62033830843083],[-1.369940393287985,53.620307884926405],[-1.3703109863951668,53.62029901392399],[-1.3706812576259915,53.62031178084438],[-1.3707110430406657,53.620314567857584],[-1.3708739143703168,53.620291219835735],[-1.3712412595922965,53.62026079233481],[-1.3716118520466543,53.620251917302674],[-1.371982123290417,53.62026468019892],[-1.372348507971553,53.62029895813076],[-1.3727074781436504,53.62035442103593],[-1.3730555772212825,53.62043053485911],[-1.373389453249857,53.620526566692206],[-1.3736855397784644,53.62063419414437],[-1.373894412211067,53.62049957890101],[-1.3741714062496835,53.620352935051194],[-1.3744712407173494,53.620223138410175],[-1.3747910282207958,53.62011143883189],[-1.3751276893097435,53.620018911899095],[-1.375477982122993,53.61994644857034],[-1.3758385335951455,53.6198947466046],[-1.376205871923924,53.61986430384522],[-1.3765764599861139,53.61985541342847],[-1.3769467293810194,53.61986816096204],[-1.3773131147744133,53.619902423701085],[-1.3776720882130424,53.619957871729575],[-1.3780201930800606,53.62003397113549],[-1.378354077365172,53.6201299891495],[-1.3786705259298073,53.62024500119772],[-1.3789664914572342,53.62037789980084],[-1.379239123790039,53.620527405233936],[-1.3794857973728505,53.62069207784476],[-1.379704136536212,53.620870331912],[-1.3798920383781899,53.62106045091022],[-1.3800476930232404,53.621260604034845],[-1.3801696010629843,53.621468863828255],[-1.380256588010509,53.62168322473736],[-1.380307815628447,53.621901622424275],[-1.3803227900210835,53.622121953644104],[-1.380301366411815,53.622342096498635],[-1.3802437505591352,53.622559930870985],[-1.3801504967966962,53.62277335884424],[-1.3800225027154616,53.62298032490751],[-1.3798610005383944,53.62317883575493],[-1.3796675452700105,53.623366979486406],[-1.3794439997342727,53.62354294402534],[-1.379192516644426,53.62370503457572],[-1.3789155178770558,53.623851689950115],[-1.378889413320747,53.623862991023664],[-1.3788124859693789,53.62393780295897],[-1.3785889338543649,53.62411376586566],[-1.3784631546013044,53.62419483260114],[-1.3786763715862422,53.62433716141414],[-1.3788947260176818,53.62451541689268],[-1.379082640271794,53.62470553708108],[-1.379180645281835,53.62483155292616],[-1.3792538704907158,53.624663981838125],[-1.3793818734856853,53.62445701668003],[-1.3795433828334676,53.62425850654157],[-1.379736842761045,53.62407036305186],[-1.3799603898875739,53.62389439798595],[-1.3802118711795905,53.62373230582231],[-1.3804888646917581,53.62358564743025],[-1.3807887028931707,53.62345583504428],[-1.3811084983545139,53.62334411866998],[-1.3814451715488123,53.623251574051764],[-1.3817954804982604,53.62317909231854],[-1.3821560519820653,53.62312737140636],[-1.3825234140052685,53.62309690934112],[-1.3828940292165348,53.62308799944485],[-1.3832643289538107,53.62310072751285],[-1.3836307475907776,53.62313497098771],[-1.3839897568541744,53.62319040013885],[-1.3843378997822988,53.62326648123602],[-1.384671823998475,53.623362481686215],[-1.384988313979746,53.62347747708468],[-1.3852843220106745,53.62361036011241],[-1.3855569975246713,53.62375985119453],[-1.3858037145506406,53.62392451081702],[-1.3860220970008599,53.62410275338366],[-1.3862100415566057,53.624292862479805],[-1.386365737931035,53.62449300739628],[-1.3864876863139182,53.62470126075458],[-1.3865747118298086,53.62491561706361],[-1.3866259758698636,53.62513401202981],[-1.3866409841875325,53.62535434243461],[-1.3866195916793944,53.62557448638765],[-1.386562003804299,53.62579232376155],[-1.3864687746263127,53.62600575661045],[-1.3863408014994798,53.62621272937659],[-1.386179316444794,53.62641124868956],[-1.3859858743017035,53.626599402567756],[-1.3857623377676052,53.62677537883689],[-1.3855108594688994,53.62693748258795],[-1.3852338612358934,53.62708415250632],[-1.3849340107809116,53.627213975914536],[-1.3846141960041667,53.62732570238345],[-1.3842774971749134,53.6274182557807],[-1.3839271572560936,53.627490744640056],[-1.3835665506586374,53.62754247075155],[-1.3831991507269008,53.62757293588953],[-1.382828496269022,53.62758184661385],[-1.3824581574552801,53.62756911709739],[-1.382091701413681,53.62753486995324],[-1.3817326578549245,53.62747943505297],[-1.3813844850586638,53.627403346347776],[-1.3810505365493897,53.627307336723064],[-1.3807340287836318,53.62719233093612],[-1.3806529761515425,53.627155943424405],[-1.380636680078897,53.62732338917552],[-1.3805790589624694,53.627541223513596],[-1.3804857957077545,53.62775465154416],[-1.3803577879969804,53.62796161775579],[-1.3801962681842366,53.62816012884111],[-1.3801902998790447,53.62816593267539],[-1.3801850480291578,53.628219889258],[-1.3801816393703685,53.62823277480486],[-1.3802964857279543,53.62830942737537],[-1.380514867383199,53.628487679857],[-1.3807028064450242,53.62867779744577],[-1.3808584926793286,53.628877949350716],[-1.3809804263733525,53.62908620812599],[-1.3810674327929253,53.629300568228395],[-1.3811186735129304,53.629518965327804],[-1.3811336545112252,53.62973929618497],[-1.3811122309473336,53.62995943890526],[-1.3810546085790532,53.630177273373015],[-1.3809613418025324,53.6303907016704],[-1.3809229199921544,53.630452820613144],[-1.380953397397887,53.63045566903661],[-1.381312465151456,53.630511106314714],[-1.381660663355646,53.6305871952613],[-1.3819946391015963,53.63068320320779],[-1.3823111763702,53.63079820567727],[-1.3826072269906844,53.63093109528275],[-1.382879939986312,53.63108059238599],[-1.3831266890249865,53.631245257415074],[-1.3833450977105999,53.631423504721724],[-1.3835330624716389,53.63161361784569],[-1.3835708286038602,53.63166216216416],[-1.3836641054351324,53.631724407484946],[-1.3838825188520811,53.63190265381006],[-1.3840704881482246,53.63209276608765],[-1.384226202798288,53.63229291357797],[-1.384348162815832,53.63250116887769],[-1.3843500302565643,53.632505768444695],[-1.3844859082581344,53.63264319173123],[-1.3846416268846373,53.6328433386739],[-1.3847635905172206,53.633051593541396],[-1.3848506241333285,53.633265950828104],[-1.38490188904584,53.63348434623113],[-1.3849157175603415,53.63368744257042],[-1.3849491591068575,53.63376980486716],[-1.3849581966521538,53.63380830534957],[-1.3851998216362755,53.63389607657788],[-1.385495903000519,53.63402895905636],[-1.3857686461508973,53.634178449585434],[-1.3860154244649745,53.63434310865653],[-1.3862338612647491,53.63452135067877],[-1.3864218527079766,53.634711459242816],[-1.3865775880560927,53.6349116036447],[-1.3866995671233002,53.635119856510876],[-1.3867866147383703,53.63533421235507],[-1.3868378920793192,53.63555260688826],[-1.386852904771158,53.63577293689595],[-1.3868315076679885,53.63599308049172],[-1.3867739062725595,53.636210917551544],[-1.3866806547788062,53.63642435013267],[-1.3865526507553736,53.63663132267981],[-1.3864633102517079,53.63674112565966],[-1.386398292746868,53.636846252383336],[-1.386236766959973,53.63704477130847],[-1.3860432760543033,53.637232924810064],[-1.385819683196701,53.63740890071737],[-1.3855681415558931,53.63757100412485],[-1.3852910735721766,53.63771767372113],[-1.3852181059008175,53.63774925796134],[-1.3852322347033046,53.637809440300316],[-1.3852472397351698,53.63802977040509],[-1.3852258330395502,53.63824991360428],[-1.3851682202115025,53.63846774977765],[-1.3850749555550026,53.63868118099095],[-1.3849469367654066,53.63888815170207],[-1.3847853963031587,53.63908666856038],[-1.3845918895410658,53.639274819607806],[-1.3843682797986698,53.639450792697254],[-1.3841167204073181,53.639612892950275],[-1.3838396339782797,53.63975955908587],[-1.3835396890733342,53.639889378462904],[-1.383219774502459,53.64000110069099],[-1.3828829714962187,53.64009364967856],[-1.3825325240211392,53.64016613400178],[-1.382171807524332,53.640217855494306],[-1.3818042964089443,53.64024831597499],[-1.3814335305542946,53.64025722204849],[-1.381063081203911,53.640244487932506],[-1.3806965165507503,53.64021023628446],[-1.3803373673519037,53.640154797019264],[-1.3799890929047596,53.64007870413023],[-1.379655047713074,53.639982690543135],[-1.3793384491647247,53.63986768105347],[-1.3792097147872846,53.63980990231091],[-1.3791929442331048,53.63980731334239],[-1.3788472507191816,53.63973177998701],[-1.3784993915604329,53.63980371644708],[-1.3781386733227052,53.63985542578574],[-1.3777711625533529,53.63988587388825],[-1.3775759352748205,53.63989055699491],[-1.3775492952396546,53.63989985863622],[-1.3772124807570496,53.63999239163993],[-1.376862024534351,53.64006485934039],[-1.3765013021029822,53.640116563731375],[-1.3761337879232927,53.640147006796454],[-1.3757630219041406,53.64015589530806],[-1.3753925752906426,53.640143143653084],[-1.3750260162493813,53.6401088746578],[-1.3746668754833626,53.640053418404364],[-1.3743186122087043,53.639977309049655],[-1.3739845808214854,53.63988127967804],[-1.3738745493176536,53.63984130188415],[-1.373581666990987,53.6397960736434],[-1.3732334078114177,53.63971996114017],[-1.37289938094196,53.63962392874937],[-1.3725828035939243,53.63950890144771],[-1.3722867248363497,53.639375987160676],[-1.3720139962219702,53.639226466086924],[-1.3717672443193356,53.63906177836312],[-1.3715488454158826,53.63888351018807],[-1.371360902635611,53.63869337854061],[-1.3712052256916532,53.63849321463777],[-1.3710833134684555,53.638284946293794],[-1.370996339600911,53.63807057934932],[-1.3709451411887765,53.63785217834999],[-1.3709302107543988,53.63763184666099],[-1.3709516915204478,53.63741170620885],[-1.3710093760523463,53.637193877045426],[-1.3710457587328744,53.637110682085165],[-1.3710317748575198,53.63690432308559],[-1.371053254694741,53.63668418258587],[-1.3711109376810358,53.63646635334271],[-1.3712042677588276,53.636252933117845],[-1.37133234561442,53.636045977181865],[-1.3714939373578603,53.63584747852386],[-1.371687486422499,53.63565934866227],[-1.3717548662039953,53.6356063381311],[-1.3715538739198947,53.63558753961588],[-1.371194776146029,53.63553207302726],[-1.3708465563758994,53.63545595363897],[-1.3705125685864508,53.635359914631955],[-1.3701960296125035,53.63524488104661],[-1.3698999881534262,53.63511196086894],[-1.369627295402659,53.634962434354335],[-1.369380577583309,53.63479774169175],[-1.3691622106545402,53.63461946912763],[-1.3689742974324175,53.63442933368296],[-1.368818647345442,53.63422916661136],[-1.3686967590194705,53.634020895757565],[-1.3686098058593368,53.6338065269863],[-1.368558624765483,53.633588124860836],[-1.3685437080935965,53.63336779275717],[-1.368565198933951,53.633147652605764],[-1.3686228897550958,53.63292982445561],[-1.3687162244241327,53.632716406057945],[-1.3688443035832778,53.63250945266572],[-1.369005893330149,53.63231095724355],[-1.3691994371174394,53.632122831278686],[-1.3694230707567558,53.631946886377335],[-1.369610410583942,53.631826195973694],[-1.3695772034651466,53.63176945394862],[-1.3695633017966096,53.63173518187386],[-1.369403463480593,53.63172022812389],[-1.369044401376636,53.63166475515115],[-1.3686962173148494,53.63158862956107],[-1.3683622649281588,53.63149258459438],[-1.368045760710322,53.63137754534884],[-1.3677497530258873,53.63124461986493],[-1.3674770927429503,53.63109508844914],[-1.3672304057718798,53.63093039133762],[-1.3670120677747284,53.63075211481961],[-1.3669049825989896,53.630643746154036],[-1.3665656978384557,53.63063203958913],[-1.3661992285474946,53.630597743771084],[-1.3658401802426137,53.63054226121653],[-1.365492011249107,53.63046612633569],[-1.3651580750547134,53.63037007245877],[-1.3648415879971736,53.630255024769326],[-1.364545598275699,53.63012209138917],[-1.36427295658532,53.629972552700856],[-1.36402628865728,53.62980784901056],[-1.3638079699701768,53.629629566670864],[-1.3637583056174443,53.629579300625686],[-1.3636923861665435,53.62956911272395],[-1.3633442290871336,53.62949297161824],[-1.3630103054850384,53.62939691177057],[-1.3626938315766746,53.62928185842204],[-1.3623978554345642,53.62914891974898],[-1.3621252276229103,53.62899937618488],[-1.3618785737392523,53.628834668082895],[-1.361660269126891,53.62865638183807],[-1.3614724160016716,53.6284662346031],[-1.3613168232132935,53.62826605774512],[-1.3611949888358155,53.62805777920302],[-1.3611080857545848,53.62784340491554],[-1.3610569503878656,53.627624999498956],[-1.3610420746511256,53.62740466636096],[-1.3610636012406,53.62718452744184],[-1.361121322280777,53.62696670277871],[-1.361214681347971,53.62675329008922],[-1.3613427788496826,53.62654634457127],[-1.361504380707135,53.62634785911364],[-1.3616979302566334,53.62615974510763],[-1.3619215632545205,53.62598381404425],[-1.3621731258406777,53.62582176007447],[-1.3623652035039204,53.62572011883646],[-1.3623549996289268,53.62556904686984],[-1.3623765183751908,53.62534890762461],[-1.3624342300775383,53.62513108223477],[-1.3624633110085473,53.62506459738117],[-1.362217189107671,53.625010762697514],[-1.3618833033900948,53.62491469974395],[-1.3615668660052207,53.62479964343582],[-1.3612709246737433,53.62466670197798],[-1.360998329624555,53.624517155830674],[-1.360751706139641,53.62435244537195],[-1.3605334292695417,53.62417415701946],[-1.3603456009629549,53.62398400794626],[-1.360190029830617,53.623783829537075],[-1.3600682137381104,53.62357554974576],[-1.3599813253947932,53.623361174523],[-1.3599302010771233,53.62314276849414],[-1.3599153325942985,53.62292243507267],[-1.3599368625728474,53.62270229620168],[-1.359963140560376,53.62260312928378],[-1.3597745715877994,53.622561876459734],[-1.3594407107546473,53.62246580672594],[-1.359124298328729,53.622350743986225],[-1.3588283817902882,53.622217796507336],[-1.3585558111293774,53.622068244807544],[-1.3583092113930533,53.62190352931831],[-1.3580909574031057,53.62172523650579],[-1.3579031508878618,53.621535083585876],[-1.3577476002481943,53.62133490198036],[-1.3576258031523463,53.621126619673866],[-1.3575389321267632,53.62091224264128],[-1.3574878232811751,53.62069383552533],[-1.3574729682758437,53.620473501750006],[-1.3574945096075786,53.6202533632617],[-1.357552239259136,53.62003554009343],[-1.3576456007241462,53.61982212994831],[-1.3577540444272007,53.61964693367006],[-1.3574668871395803,53.61977118282675],[-1.3573289679805525,53.619819330765445],[-1.3573143801204282,53.61983350922529],[-1.3570907607556904,53.62000943190097],[-1.3568392135342995,53.62017147539108],[-1.3565621609509222,53.62031807896138],[-1.3562622712418568,53.62044783057342],[-1.3559424326858336,53.6205594804896],[-1.3556057257815093,53.62065195331496],[-1.355255393569884,53.62072435835937],[-1.3549515807872266,53.6207678680948],[-1.354832424031258,53.620800591972944],[-1.3544820892821188,53.62087299474469],[-1.3541215039072647,53.62092463226815],[-1.3540039966760382,53.62093434832268],[-1.3539215150099322,53.62097798972485],[-1.3536216125631606,53.62110773466894],[-1.3533017620940788,53.62121937748145],[-1.3529650442161305,53.62131184283578],[-1.3526147020760535,53.62138424011384],[-1.3522541101063967,53.62143587198775],[-1.351886741510745,53.621466241139736],[-1.3515161347954228,53.62147505505419],[-1.351145859670764,53.62146222883664],[-1.35077948265113,53.621427886031626],[-1.3504205326858012,53.6213723574322],[-1.3500724671525843,53.621296177892106],[-1.3498348281235333,53.62122777067999],[-1.3497928767526435,53.62123377660112],[-1.349425508209623,53.62126413820007],[-1.349214497484891,53.621269152362416],[-1.3491847132589774,53.62128490907829],[-1.348884794201969,53.62141464209786],[-1.3485649290124333,53.62152627220285],[-1.3482281984456683,53.62161872418913],[-1.3478778457706915,53.621691107567315],[-1.347517245521576,53.62174272514348],[-1.3471498709816951,53.62177307973749],[-1.3467792607146551,53.62178187897404],[-1.3464089844650136,53.62176903810001],[-1.346042608757964,53.62173468080116],[-1.345683662530127,53.62167913801013],[-1.3453356031232748,53.621602944717395],[-1.3450017829692713,53.62150683481573],[-1.3446854172878189,53.62139173402835],[-1.3443895531087082,53.621258750988396],[-1.3441170399174531,53.62110916655669],[-1.3438705022073512,53.62094442147989],[-1.3436523142025607,53.62076610250909],[-1.3434645769956668,53.62057592711206],[-1.343309098319827,53.620375726927016],[-1.3431873751500323,53.62016743011741],[-1.3431005793006248,53.61995304279773],[-1.3430495461572447,53.619734629709704],[-1.3430347666510516,53.61951429433468],[-1.3430563825517703,53.61929415863439],[-1.3431141851240818,53.61907634261487],[-1.3432076171594711,53.61886294391034],[-1.3432541890136844,53.618787750247556],[-1.3431940250871344,53.61874754360239],[-1.3429758511943808,53.618569223375346],[-1.3427881267011996,53.61837904688568],[-1.3426326592183329,53.618178845782126],[-1.342510945613015,53.61797054823699],[-1.3424241576075273,53.617756160371805],[-1.3423731305120303,53.617537746933536],[-1.3423630147497558,53.61738689676646],[-1.3468287230810425,53.61668468300195],[-1.3461443858555941,53.61600738074421],[-1.343963069467856,53.616641035874835],[-1.3423072532316878,53.61732345998355],[-1.3421295307180385,53.61720468311903],[-1.341911369227963,53.61702636094285],[-1.3417236563193813,53.61683618276943],[-1.341671019717104,53.61676839582547],[-1.341643671859654,53.616760520248114],[-1.3413273507661445,53.61664541062725],[-1.3410315302723672,53.61651241931241],[-1.3407590594430134,53.61636282724396],[-1.3405125623633334,53.61619807524215],[-1.3404379810885234,53.616137109399084],[-1.3401625310735867,53.616013271342666],[-1.339890066532118,53.615863677302336],[-1.339643575742097,53.615698923515986],[-1.3394254324757526,53.61552059681854],[-1.3392377373947886,53.61533041475215],[-1.339082297826681,53.61513020901923],[-1.3390738861352376,53.6151158101909],[-1.3389943881529844,53.61505082080046],[-1.3388066970806816,53.614860638055255],[-1.3386512612632784,53.614660431758146],[-1.3385295772630685,53.614452130131355],[-1.3384428165172648,53.61423773933573],[-1.3384102999312686,53.61409848908498],[-1.3382239042311386,53.6140306484746],[-1.3379281117642625,53.61389764951564],[-1.337655668722428,53.61374805040071],[-1.337409198923207,53.61358329201785],[-1.3371910759366379,53.61340496124625],[-1.3370034002290996,53.613214775667274],[-1.336847978941486,53.613014567017125],[-1.3367263084961718,53.61280626354074],[-1.336639560199851,53.612591871416726],[-1.3365885689803658,53.61237345543298],[-1.336573825365332,53.61215311909874],[-1.336595470779063,53.611932984384914],[-1.3366532962022784,53.61171517128798],[-1.3367467442066754,53.611501777413956],[-1.3368749143439371,53.611294857779534],[-1.3370365718364832,53.611096405024085],[-1.337230159485533,53.61090833022394],[-1.337453812681187,53.61073244449256],[-1.3377053773694276,53.610570441544375],[-1.337982430802659,53.61042388138956],[-1.3382823048737025,53.6102941753167],[-1.3386021118084803,53.61018257230766],[-1.3389387719700492,53.61009014701529],[-1.3389475641062547,53.61008833078902],[-1.3390080000582405,53.609950298388355],[-1.3391361543982967,53.60974337623134],[-1.3392694459088765,53.6095797266911],[-1.3391956626835824,53.60953040220106],[-1.3389775528837395,53.6093520746047],[-1.3387898869410224,53.60916189172819],[-1.3386344719023855,53.60896168528175],[-1.338618540455685,53.60893440990831],[-1.3384958781103258,53.60885240661418],[-1.3382777747390264,53.608674077741675],[-1.3380901149300015,53.60848389376483],[-1.3379347056711322,53.60828368640446],[-1.3378130432690696,53.60807538389302],[-1.3377262989531888,53.60786099239985],[-1.3376753076131507,53.60764257670672],[-1.3376605597778948,53.60742224032009],[-1.3376821969125372,53.60720210521141],[-1.3377400100776886,53.606984291380904],[-1.337833441963245,53.60677089644177],[-1.3379615922762502,53.60656397542085],[-1.338123226430151,53.60636552097101],[-1.3383167874510125,53.60617744418486],[-1.3385404109854324,53.606001556195025],[-1.33879194326507,53.605839550737755],[-1.3390689618544305,53.60569298784736],[-1.3391705774149547,53.605649029310435],[-1.33907297512745,53.605550110252544],[-1.3389175718618926,53.60534990408877],[-1.3387959129238485,53.60514160248519],[-1.338709169509421,53.6049272116024],[-1.3386581764996892,53.60470879621638],[-1.3386434244397736,53.60448845983054],[-1.3386650548355776,53.60426832441633],[-1.3387228588127063,53.60405050997701],[-1.3388162791496303,53.60383711413153],[-1.3389444156646917,53.60363019191559],[-1.3390591733435064,53.60348927770858],[-1.3388177722046264,53.60348088728785],[-1.33845156101957,53.60344650714287],[-1.3380927798214381,53.603390941914746],[-1.33774488436206,53.603314726809984],[-1.3374112254938226,53.60321859593146],[-1.3370950168826516,53.60310347520425],[-1.3367993040452488,53.60297047345355],[-1.3365269350093074,53.6028208717202],[-1.3362805328796328,53.60265611091745],[-1.3360624705745894,53.60247777794766],[-1.3358748479762546,53.60228759041335],[-1.3357194717142153,53.60208738006945],[-1.3355978377774496,53.60187907517717],[-1.335511117121333,53.60166468192871],[-1.3354601444078382,53.601446265122775],[-1.3354454099867121,53.60122592827645],[-1.3354670551940924,53.6010057933656],[-1.3355248710130598,53.60078798038857],[-1.335618300108166,53.60057458695029],[-1.335746442213536,53.6003676680632],[-1.3359080628218467,53.60016921635958],[-1.3361016050897825,53.59998114290565],[-1.336325204844675,53.59980525880197],[-1.336576708547295,53.59964325774735],[-1.33685369403742,53.5994966997338],[-1.337153493862179,53.599366996029325],[-1.3374732209624323,53.59925539559309],[-1.3378097964699254,53.59916297305322],[-1.3381599793477663,53.59909061836324],[-1.338520397589202,53.599039028236135],[-1.3388875806747478,53.59900869943851],[-1.3392579929757864,53.59899992400937],[-1.339628067783649,53.599012786449336],[-1.3399942416372912,53.59904716290721],[-1.3403529886197938,53.59910272237199],[-1.3407008542942174,53.59917892985863],[-1.3410344889527923,53.59927505155705],[-1.3413506798599573,53.599390161894924],[-1.341646382179365,53.59952315244632],[-1.341918748287522,53.599672742600774],[-1.3421651551921385,53.59983749189004],[-1.3423832297913496,53.600015813854164],[-1.3425708717306206,53.60020599131362],[-1.3427262736371035,53.6004061929006],[-1.3428479385363188,53.60061449069047],[-1.342934694283021,53.600828878763934],[-1.3429857048667253,53.60104729252117],[-1.3430004784823548,53.601267628562226],[-1.3429788722875482,53.60148776494223],[-1.3429210937999947,53.60170558160636],[-1.3428276989205166,53.601918980808016],[-1.3426995866001024,53.60212590731322],[-1.3425848447426876,53.602266825090474],[-1.3428262397717392,53.602275207895524],[-1.3431924444984273,53.60230957464039],[-1.343551223366326,53.60236512458208],[-1.343899121631549,53.60244132282717],[-1.3442327892725867,53.60253743565461],[-1.3445490132363562,53.60265253757747],[-1.3448447483682673,53.6027855202509],[-1.3451171467289156,53.602935103140354],[-1.345363585015474,53.60309984584748],[-1.3455816898239048,53.60327816197582],[-1.3457693605087688,53.60346833440204],[-1.345924789420382,53.60366853180682],[-1.3460264797268662,53.60384259349042],[-1.3461456323260055,53.60385377191143],[-1.3465044282128615,53.60390931303533],[-1.3468523445319232,53.60398550272884],[-1.3471860310878907,53.60408160735326],[-1.3475022746456014,53.604196701500626],[-1.3477375729022663,53.60430249479117],[-1.3472397331613573,53.60552824674817],[-1.34700975681735,53.60584447523179],[-1.3470378636122193,53.60597766689953],[-1.347743791988394,53.60692425169012],[-1.348514309792599,53.60697255190462],[-1.348669877723783,53.607031244935094],[-1.348398938463324,53.6073348962297],[-1.349180916952449,53.60796693345911],[-1.3496770774668945,53.607917993868824],[-1.3500114188035564,53.608009135455646],[-1.3504253091961265,53.60829887192811],[-1.3511765279945058,53.608331602687656],[-1.3511494856289745,53.60700921439983],[-1.3513280320746999,53.60697198133875],[-1.352112466190557,53.606553939197156],[-1.3521364250324632,53.606502319250644],[-1.3522192791597372,53.606036487743054],[-1.3508034406917333,53.60539436655371],[-1.3490874035695244,53.60410647653753],[-1.3491309973163066,53.60405292783001],[-1.3493244989202857,53.6038648329923],[-1.349548064594039,53.60368892419506],[-1.3497995411262635,53.60352689537493],[-1.3500765066181266,53.60338030679124],[-1.3503762938091022,53.60325057000643],[-1.3506960157615064,53.60313893429813],[-1.351032593656494,53.603046474634176],[-1.3513827864340637,53.60297408132546],[-1.351729819198283,53.60292437133488],[-1.3520798077644947,53.602852017743054],[-1.352440241449487,53.60280038576845],[-1.3528074475599736,53.602770014345126],[-1.3531778902456444,53.60276119592255],[-1.3535480025053126,53.602774015415214],[-1.3539142205174157,53.60280834938545],[-1.3539791504466363,53.60281839628666],[-1.3542763301574854,53.60284625668587],[-1.3546351283847589,53.602901773448096],[-1.3546568444317368,53.60290652748837],[-1.35489054518814,53.6028582079406],[-1.3552509755680722,53.602806567490575],[-1.3556181797871767,53.602776187436916],[-1.3559886220133404,53.60276736031213],[-1.3563587352498012,53.602780171114524],[-1.3567249556655945,53.602814496490126],[-1.357083756895611,53.602870005919755],[-1.3574316839807523,53.60294616490014],[-1.3577653866221502,53.60304224008826],[-1.358081651429876,53.603157306359655],[-1.3583774328562392,53.603290255712736],[-1.3586498825162656,53.60343980793382],[-1.3588963766133604,53.60360452291998],[-1.3591145412062693,53.603782814541646],[-1.3593022750740502,53.60397296591157],[-1.3594577699587662,53.60417314591327],[-1.3595479966655233,53.6043274891315],[-1.3597807529981634,53.6043355384868],[-1.360146989719149,53.604369853428544],[-1.3605058086859132,53.60442535263508],[-1.3608537547686241,53.60450150170156],[-1.3611874774855421,53.60459756738044],[-1.3615037632534859,53.60471262463879],[-1.3617995663229945,53.60484556556185],[-1.3620720381007363,53.60499511001715],[-1.3623185545771863,53.6051598179765],[-1.362536741595626,53.60533810337805],[-1.362724497719193,53.605528249394474],[-1.3628800144756494,53.6057284249609],[-1.362957482163015,53.60586091710948],[-1.3631431213568308,53.605845547664345],[-1.3635135890682417,53.605836697323824],[-1.363883731599035,53.605849484930964],[-1.364249984836246,53.60588378735511],[-1.3646088220988228,53.605939274298066],[-1.3649567880808229,53.60601541147311],[-1.3652905321089561,53.60611146574714],[-1.3656068403949007,53.606226512197125],[-1.3659026669724326,53.60635944301236],[-1.366175163021919,53.60650897815769],[-1.366421704300171,53.60667367769462],[-1.3666399164116916,53.60685195564242],[-1.3668276976780218,53.60704209524558],[-1.3669071756566942,53.607144377573775],[-1.3671286867297292,53.60715202391007],[-1.3674949539385388,53.60718631643587],[-1.367741522585873,53.60722443513828],[-1.3676066634009696,53.607050886606615],[-1.3674848582360428,53.60684261381458],[-1.3673979659414737,53.606628243367176],[-1.3673468228323489,53.606409839843685],[-1.3673319208994283,53.60618950663355],[-1.3673534030919614,53.605969365677836],[-1.3674110619627056,53.60575153703334],[-1.3675043416873474,53.60553811845606],[-1.3676323434380675,53.605331165200745],[-1.3677938340586882,53.60513267023087],[-1.3679872579571324,53.604944545029355],[-1.3682107521000442,53.60476860119525],[-1.368462163964628,53.60460653300263],[-1.368739072274455,53.60445990109007],[-1.3690388103193243,53.604330117437215],[-1.3693584916345083,53.60421843177301],[-1.369500825278495,53.60417930624328],[-1.3695308196899572,53.6041892762918]],[[-1.4100682141175818,53.621925656743564],[-1.4118470996162418,53.62204884965975],[-1.4115015754554072,53.62088598042714],[-1.4104610452943729,53.62067720976615],[-1.4100277728586292,53.62179265972478],[-1.4100682141175818,53.621925656743564]],[[-1.3687476272833092,53.62523789875435],[-1.3691033853751413,53.624881211664395],[-1.3679572096302683,53.62439518588925],[-1.366458232029882,53.624550684893705],[-1.3684141032516877,53.625450757155484],[-1.3687476272833092,53.62523789875435]],[[-1.3737439524740196,53.62226611304225],[-1.373679362410726,53.62220284601004],[-1.3724909481229874,53.62300616932725],[-1.3722066832980429,53.62368018096762],[-1.3726810622259829,53.62413971160438],[-1.3737146679133685,53.624245122825066],[-1.3737439524740196,53.62226611304225]],[[-1.3514781247349343,53.61203912767402],[-1.3519520567357133,53.612487371998704],[-1.3530895002348224,53.61249806309397],[-1.3543138825722434,53.61197490558797],[-1.3528740259312477,53.611287611253914],[-1.3527331059592478,53.61132697843002],[-1.3517313546499836,53.61186489361838],[-1.3514781247349343,53.61203912767402]]]}},{"type":"Feature","properties":{"db_school_name":"The King's School","urn":"139500","n_samples":631,"margin_m":485.5},"geometry":{"type":"Polygon","coordinates":[[[-1.3159066673210307,53.67464288762396],[-1.3161573707176626,53.67481175833247],[-1.317726079676844,53.67524783799209],[-1.3195551466869477,53.6730670288944],[-1.3195656900374135,53.67306866087432],[-1.3199141255672133,53.67314492960875],[-1.3202482950937704,53.673241109726895],[-1.3205649807316753,53.67335627509424],[-1.3208611328808175,53.6734893167554],[-1.321133899585868,53.67363895360818],[-1.3213806539963389,53.673803744735025],[-1.3215990196629717,53.67398210327353],[-1.3217868934269066,53.6741723116923],[-1.3219424656810905,53.67437253832569],[-1.3220428123250512,53.67454420239655],[-1.3221247638491396,53.674598930078574],[-1.3221910770944045,53.674653091959954],[-1.322386879640867,53.674695944689546],[-1.3227210671037624,53.67479211793798],[-1.323037771138448,53.67490727679309],[-1.323333941967712,53.675040312362135],[-1.3236067274563865,53.675189943601644],[-1.3238535005731427,53.67535472964812],[-1.3240718846886135,53.675533083688094],[-1.3242597764662967,53.67572328823351],[-1.324415366125675,53.675923511656066],[-1.3245371548821454,53.67613182582108],[-1.3246239693953923,53.676346224651766],[-1.3246749730865106,53.67656464344479],[-1.3246896742142205,53.676784978751684],[-1.3246893882567317,53.6767878737727],[-1.3247017937901808,53.676973801851354],[-1.3246800501650198,53.677193931729384],[-1.3246361927199177,53.677358685365164],[-1.3247236620870353,53.677471241293354],[-1.3248454567657422,53.677679555109336],[-1.324932275960927,53.677893953675635],[-1.3249832830485473,53.6781123722915],[-1.3249979862545664,53.67833270751019],[-1.3249762434120556,53.67855283739463],[-1.3249182633521295,53.678770641952376],[-1.3248246039144786,53.67898402355316],[-1.3246961665958195,53.67919092713221],[-1.324534187887008,53.67938935998479],[-1.3243402273815188,53.67957741096151],[-1.3241161527691598,53.679753268878564],[-1.3238641218590366,53.67991523996628],[-1.3238607625897292,53.679917013337764],[-1.3238620993090944,53.6799370521105],[-1.3240955770771465,53.6800929414579],[-1.3243139865556504,53.680271294993396],[-1.3243651164267929,53.68032304823806],[-1.3244542957927066,53.680382590663676],[-1.324672708280338,53.68056094354561],[-1.3248606249541135,53.68075114706537],[-1.3248723016782613,53.68076617143438],[-1.325030716702998,53.6808955285648],[-1.325218636471008,53.68108573152172],[-1.325284308283164,53.681170229100516],[-1.3254418402562342,53.68132967285692],[-1.3255974559678598,53.68152989463653],[-1.3257192665023925,53.68173820747162],[-1.3257206258600895,53.68174156390093],[-1.3260071945139158,53.6816417725566],[-1.326344452897183,53.681549385620855],[-1.3266953393947434,53.68147706762388],[-1.3270564752259577,53.68142551492501],[-1.3274243829631742,53.68139522393026],[-1.3277955200017533,53.68138648631454],[-1.3281663126562275,53.681399386214295],[-1.328533190555061,53.681433799417746],[-1.328892621003593,53.68148939456025],[-1.3292411429850661,53.68156563631347],[-1.3295754004730957,53.68166179053772],[-1.329892174735483,53.68177693134782],[-1.3301884153189143,53.68190995002496],[-1.3303224134046954,53.68198342617926],[-1.3305226778748147,53.68200220721547],[-1.330882115827999,53.682057796404955],[-1.3312306461363228,53.68213403238689],[-1.3315649126932507,53.68223018107708],[-1.3318816966792895,53.68234531664374],[-1.3321779475475248,53.682478330418455],[-1.3324508123922134,53.682627941567624],[-1.3324634675526923,53.682636388663965],[-1.3326025498237801,53.682676392321184],[-1.3329193400016623,53.68279152515351],[-1.3332155972810522,53.68292453637112],[-1.333488468694487,53.68307414516497],[-1.3337353263833558,53.68323891088788],[-1.3339537929039826,53.68341724692209],[-1.3341417641263653,53.683607435953064],[-1.334297429504933,53.68380764650195],[-1.3344192895258409,53.68401595055815],[-1.334506170162371,53.68423034214229],[-1.3345572341986625,53.68444875662097],[-1.334571989312073,53.68466909058732],[-1.3345502928355786,53.684889222116425],[-1.3345300249945078,53.68496541402888],[-1.3346061234686424,53.684999576899386],[-1.334879013189557,53.685149182528676],[-1.3351258883976087,53.685313945381345],[-1.3353443714804214,53.68549227886734],[-1.3355323581484957,53.68568246569668],[-1.3356880377074996,53.6858826744117],[-1.3358099105069987,53.686090977019504],[-1.3358968023971711,53.6863053675547],[-1.3359478760537251,53.68652378139393],[-1.3359626390613129,53.686744115136605],[-1.3359409486768126,53.686964246859894],[-1.3358830132258266,53.68718205655375],[-1.3357893901180937,53.687395446538446],[-1.3356609805000927,53.68760236166856],[-1.3354990205955453,53.68780080912817],[-1.3353050698164752,53.68798887762718],[-1.3350809957586915,53.68816475581298],[-1.3348289562256674,53.68832674972075],[-1.3345513784535694,53.68847329909331],[-1.334250935737272,53.68860299241378],[-1.3339305216824184,53.68871458050558],[-1.3337220007702362,53.68877170800282],[-1.3337078122346075,53.688804042013295],[-1.3335793880852163,53.68901095481955],[-1.3334407885512325,53.68918076078546],[-1.3335233628937715,53.689137167299634],[-1.3338238116472239,53.68900747583385],[-1.3341442282121418,53.68889588804047],[-1.334481527081914,53.68880347842547],[-1.3348324602553183,53.68873113681751],[-1.335193648502294,53.688679559803205],[-1.3355616138905444,53.688649244022706],[-1.3359328132604147,53.68864048138953],[-1.336303672326387,53.688653356280966],[-1.3366706200776142,53.688687744726096],[-1.3370301231470063,53.68874331559858],[-1.3373787198187237,53.68881953380386],[-1.3377130533473718,53.68891566542899],[-1.3380299042687211,53.689030784806434],[-1.3383262213914506,53.68916378342378],[-1.33859915117193,53.68931338059339],[-1.3388460651895626,53.68947813578001],[-1.339064585458272,53.689656462467426],[-1.3392526073304654,53.68984664343119],[-1.339408319772772,53.69004684727013],[-1.339530222818037,53.69025514603839],[-1.33961714202509,53.69046953380755],[-1.3396682398064714,53.690687945980955],[-1.3396830235143784,53.69090827917405],[-1.339661350206198,53.69112841146936],[-1.3396034280429279,53.691346222851344],[-1.3395098143061805,53.69155961562407],[-1.339381410052025,53.691766534615226],[-1.339219451452367,53.69196498697173],[-1.3390254979065184,53.69215306135631],[-1.338801417036801,53.692328946359694],[-1.3385493667121795,53.692490947951335],[-1.3382717742726618,53.69263750580012],[-1.3379713131543223,53.69276720830741],[-1.3376508771399962,53.69287880620818],[-1.3373135524837283,53.69297122460807],[-1.336962588177697,53.69304357334083],[-1.336601364648375,53.693095155546004],[-1.3362333611839383,53.693125474384026],[-1.3358621224072902,53.69313423782381],[-1.3354912241183263,53.693121361457095],[-1.3351242388352134,53.69308696931152],[-1.33476470136737,53.69303139265556],[-1.334416074752549,53.69295516680613],[-1.334081716886842,53.69285902596986],[-1.3337648481697373,53.692743896168274],[-1.3334685204764378,53.69261088631439],[-1.3331955877567931,53.69246127752768],[-1.3329486785443536,53.69229651078981],[-1.332730170640531,53.69211817306088],[-1.3325421682177452,53.691927981989735],[-1.332386481561936,53.69172776936589],[-1.3322646096492972,53.691519463472844],[-1.3321777257245906,53.69130507051282],[-1.3321266660193942,53.69108665528191],[-1.3321119217182658,53.690866321282186],[-1.3321336342494368,53.690646190462154],[-1.332191593944592,53.6904283827806],[-1.3322852420797902,53.69021499579135],[-1.33241367627705,53.690008084444365],[-1.3325522826792529,53.68983827971101],[-1.3324697059612909,53.68988187251514],[-1.3321692468273718,53.69001156053423],[-1.3318488165894622,53.690123142982465],[-1.3315115014460317,53.69021554511434],[-1.3311605502976753,53.69028787692035],[-1.3307993434441454,53.69033944170305],[-1.3305250899502226,53.69036202483995],[-1.3303804407536992,53.69047553943797],[-1.3301283693852415,53.69063752329609],[-1.3298507601152805,53.69078406162369],[-1.3298035250015028,53.690804447929196],[-1.330030541126482,53.690906361950965],[-1.3303034525533997,53.691055977923526],[-1.330550344173607,53.69122075009468],[-1.330768838216554,53.69139909178465],[-1.3309568302870358,53.69158928562447],[-1.3311125096385141,53.69178950008899],[-1.3312343766223482,53.69199780712996],[-1.3313212571445094,53.692212200739256],[-1.3313723139899647,53.69243061626397],[-1.3313870549050428,53.692650950287145],[-1.3313653373591787,53.69287108088331],[-1.3313073699393632,53.693088888053204],[-1.3312137103630488,53.69330227414139],[-1.3310852601277967,53.693509184039875],[-1.3310007136117246,53.69361274632226],[-1.3312698620177104,53.69357432622622],[-1.331637872834882,53.69354402266142],[-1.3320091159824847,53.6935352723271],[-1.3323800167535718,53.69354815948218],[-1.3327470037358082,53.693582560037605],[-1.333106543184422,53.69363814275051],[-1.3334551730333313,53.693714372412316],[-1.3337895362176986,53.69381051499976],[-1.3341064129877376,53.69392564473982],[-1.3344027519031925,53.694058653020306],[-1.3346756992105264,53.69420825906055],[-1.3349226263202825,53.694373022239894],[-1.3351411551201997,53.694551355965245],[-1.3353291808803982,53.69474154294426],[-1.3354848925299112,53.694941751718],[-1.3356067901090487,53.69515005429296],[-1.3356936992291015,53.695364444704126],[-1.3357447823995674,53.695582858329395],[-1.335759547113171,53.695803191770175],[-1.3357378506100523,53.69602332310661],[-1.3356799012744325,53.69624113233233],[-1.3355862566494727,53.69645452177215],[-1.3354578180886059,53.696661436285794],[-1.3352958220940563,53.69685988306332],[-1.3351018284252263,53.69704795082105],[-1.3348777050908402,53.69722382821359],[-1.3346256103688527,53.69738582128362],[-1.334347972026911,53.69753236978201],[-1.334047463943251,53.69766206220021],[-1.3337269803531406,53.69777364937031],[-1.3333896079689553,53.69786605650127],[-1.3330385962426923,53.6979383935354],[-1.332677326057685,53.697989963724886],[-1.3323092771516167,53.698020270345864],[-1.3319379945852012,53.69802902148499],[-1.331567054580227,53.69801613285241],[-1.3312000300567655,53.69798172859398],[-1.3308404562022764,53.697926140094886],[-1.3304917964050418,53.69784990278604],[-1.3301574088807935,53.697753750984596],[-1.3298405143146892,53.697638610817634],[-1.3295441648308755,53.697505591298075],[-1.3292712145890253,53.69735597363847],[-1.3290242922913684,53.69719119890604],[-1.3288057758652383,53.697012854137846],[-1.3286177695649979,53.69682265705056],[-1.3284620837137786,53.69662243949167],[-1.3283402172798564,53.69641412979215],[-1.3282533434550472,53.696199734190905],[-1.3282022983734771,53.69598131750949],[-1.3281875730786865,53.69576098326392],[-1.3282093088156914,53.69554085340497],[-1.3282672956925365,53.69532304788224],[-1.3283609747233711,53.69510966422862],[-1.3284894432325633,53.694902757362],[-1.3285739985092007,53.6947991969009],[-1.3283717319491524,53.69482806420697],[-1.3281819538439787,53.694949998180945],[-1.3279043093512097,53.695096531785474],[-1.3276037990137597,53.695226208084684],[-1.327283317088699,53.695337778065905],[-1.3269459502724417,53.6954301671037],[-1.326594947963407,53.695502485314634],[-1.3262336909542516,53.69555403613226],[-1.3258656588557531,53.6955843230193],[-1.3255448122257028,53.69559186866017],[-1.325461926293231,53.69562763285199],[-1.3251414356957159,53.69573919706898],[-1.3248040610242862,53.69583158004437],[-1.3244530517530526,53.69590389195314],[-1.3242829922384354,53.6959281558809],[-1.3241368295367775,53.69606980785161],[-1.3239126659038851,53.69624566463384],[-1.323660535159668,53.69640763454403],[-1.3233828654189121,53.696554157556065],[-1.3230823308624604,53.69668382240687],[-1.3228238450412977,53.69677379340017],[-1.3228370167652732,53.696971253754064],[-1.3228152522051024,53.69719138249743],[-1.3227907152730642,53.697283496309424],[-1.3229506142639578,53.697341607463095],[-1.3232469416693977,53.69747464323015],[-1.323519871191737,53.6976242745498],[-1.3237667744125785,53.697789060558016],[-1.3239852734494864,53.697967414441756],[-1.3241732638589616,53.69815761871467],[-1.3243289349102298,53.69835784175112],[-1.324450787034336,53.69856615542029],[-1.3245376462800946,53.698780553650224],[-1.3245886756371141,53.698998971743485],[-1.3245932208686964,53.69906706463589],[-1.324774323157349,53.69918792673672],[-1.3249928336637251,53.69936627877617],[-1.3251808348085714,53.69955648145634],[-1.325336515757718,53.699756703167026],[-1.3254583768468735,53.69996501579013],[-1.325545244038489,53.70017941326381],[-1.3255962802456163,53.7003978308979],[-1.325610993413047,53.700618165255136],[-1.3255892412771604,53.700838294406765],[-1.3255312327578117,53.7010560983674],[-1.3254375259680413,53.70126947951247],[-1.3253090228599211,53.701476382781486],[-1.3251469605573096,53.70167481547274],[-1.324952899458254,53.70186286643814],[-1.324728708220977,53.70203872449395],[-1.3244765457775314,53.702200695869045],[-1.3242993989608338,53.70229416342693],[-1.3242805712920398,53.702324475805284],[-1.3241185008705267,53.70252290705246],[-1.3239244312664293,53.7027109562994],[-1.3237002312198838,53.702886812378836],[-1.323448059747792,53.703048781538634],[-1.3231703453571586,53.703195303759955],[-1.3228697626588604,53.70332496778725],[-1.3225492066070208,53.70343652472603],[-1.3222117646121547,53.70352890007643],[-1.3218606867969478,53.703601204086794],[-1.3214993546814986,53.703652740327435],[-1.3211312486001925,53.70368301240148],[-1.3207599141646176,53.703691728728344],[-1.320388928096302,53.70367880535355],[-1.3200218637590992,53.70364436675761],[-1.319662256724009,53.70358874465645],[-1.3193135706989179,53.70351247480474],[-1.3189791641521464,53.703416291833065],[-1.318662257951989,53.7033011221688],[-1.3183659043345195,53.703168075109005],[-1.3180929574990532,53.70301843213152],[-1.3178666672743093,53.702867397923406],[-1.3177339227321974,53.70283835944058],[-1.3173995251569257,53.70274217207635],[-1.3170826283549328,53.702626998249535],[-1.3168211228789755,53.7025095889476],[-1.3168222259684346,53.70251431382914],[-1.3168368939377004,53.702734649046356],[-1.3168150948396664,53.702954776381794],[-1.3167570380464089,53.703172575867505],[-1.3166632821358597,53.70338594992196],[-1.3165347295331755,53.703592843552876],[-1.3163726178389357,53.70379126415129],[-1.3161785079269526,53.7039793006856],[-1.315954268925669,53.70415514211093],[-1.3157020602272849,53.7043170948163],[-1.3154243106974646,53.704463598941224],[-1.3151236952856606,53.70459324340453],[-1.314803109261206,53.7047047795001],[-1.3146117183280466,53.70475715666203],[-1.3145595877098726,53.7047752933177],[-1.3142221176793631,53.70486764605597],[-1.3138710152114794,53.70493992655973],[-1.3137972096564543,53.70495044788049],[-1.3135907097241164,53.705112363867244],[-1.313338486237852,53.705274311525116],[-1.313060722213648,53.705420810102],[-1.3128303674145554,53.70552014462474],[-1.3128550865159856,53.70558119402811],[-1.312906063251726,53.705799616686434],[-1.3129201630316711,53.706011698684605],[-1.3130213651383587,53.706184768604615],[-1.3132676073035474,53.70634912905932],[-1.3134861058026068,53.706527501837],[-1.3136740865353924,53.70671772228463],[-1.3138297388639901,53.70691795862087],[-1.3139515633994021,53.70712628258682],[-1.3140383864557734,53.70734068801133],[-1.3140893713708774,53.70755911012757],[-1.3141017006771185,53.70774447652049],[-1.3083355894829651,53.70858720327149],[-1.307025477439782,53.70920867526937],[-1.3067366293207114,53.70912557058589],[-1.3064197140789167,53.70901036861812],[-1.3061233593948036,53.70887729139713],[-1.3058504194777714,53.708727620691235],[-1.3056035229301708,53.70856279807859],[-1.3053850474308266,53.708384411057494],[-1.3051970968393816,53.70819417775149],[-1.3051291661895776,53.708106764474834],[-1.304872420201392,53.70811275612784],[-1.3045014005665398,53.70809978345826],[-1.3043482262552117,53.70808539317505],[-1.3041304505653055,53.70809047399922],[-1.3037594313751706,53.70807749903325],[-1.3033923428243668,53.70804300943431],[-1.3030327207171228,53.707987337409676],[-1.3026840289064443,53.707911019194924],[-1.302349625916261,53.707814789886484],[-1.3020327325804433,53.70769957635811],[-1.301736401010941,53.707566488329356],[-1.3014634851944478,53.70741680767267],[-1.3012166135011216,53.707251976062025],[-1.3011638847359503,53.70720891585021],[-1.30111508888732,53.707210053046246],[-1.3007440784516733,53.70719706876785],[-1.3006993566239748,53.70719286577762],[-1.3006945711359685,53.70720374573253],[-1.3005659285495006,53.70741062181036],[-1.3004037270880433,53.70760902038843],[-1.3002095284900907,53.707797030647114],[-1.299985202738413,53.70797284179449],[-1.2997329100609398,53.708134760511165],[-1.2994550801324172,53.70828122726397],[-1.2991543886769166,53.70841083133151],[-1.298833731696466,53.708522324396874],[-1.2984961975740823,53.70861463257529],[-1.298145037320171,53.70868686676216],[-1.2977836332491945,53.70873833120029],[-1.2974154663888822,53.7087685301845],[-1.2970440829364556,53.70877717283823],[-1.2966730600857113,53.7087641759167],[-1.296305971554852,53.70872966460888],[-1.2959463531478905,53.70867397133114],[-1.295761422250475,53.70863348387175],[-1.2955691560163338,53.708734830595155],[-1.29526844945991,53.70886442485186],[-1.2949477788402572,53.70897590746471],[-1.2946102326718263,53.70906820464972],[-1.2942590620811003,53.7091404274081],[-1.293897649482153,53.709191880092824],[-1.293529475984891,53.70922206711186],[-1.2931580878504902,53.70923069770393],[-1.2927870623178588,53.709217688740424],[-1.2924199731310322,53.709183165526305],[-1.2920603561003323,53.70912746059268],[-1.2917116750297963,53.7090511104921],[-1.2913772883398082,53.708954850628125],[-1.291246412405986,53.708907252779085],[-1.2911296777879477,53.70892386888465],[-1.2907615047283572,53.708954047400255],[-1.2903901184664932,53.70896266941827],[-1.2900190962232265,53.70894965189266],[-1.2896520117108987,53.708915120210925],[-1.289310539042317,53.70886221712313],[-1.2890960661453892,53.7089752480098],[-1.288795338124498,53.70910482594511],[-1.2886216613499086,53.709165192697746],[-1.286519521529198,53.70803773353477],[-1.2849198140889762,53.707925867618734],[-1.2837468733195614,53.71031817581933],[-1.2836440839877832,53.7103085013228],[-1.2832844692098633,53.71025277006486],[-1.2829357949783389,53.71017639445979],[-1.2827058889301863,53.71011019252352],[-1.2812876569504685,53.70852313968669],[-1.281263967383352,53.708512310822265],[-1.280166093909692,53.707565853885285],[-1.2800731367623093,53.707429699076634],[-1.2798992661853685,53.70713535364671],[-1.2783170420031464,53.705830295397504],[-1.2783287413153381,53.70571324739295],[-1.278386999986679,53.705495467294206],[-1.2784809540361197,53.70528212392918],[-1.278609698139644,53.7050752718275],[-1.278771991990407,53.7048769029775],[-1.2789662722601085,53.704688927646686],[-1.2791906676681446,53.7045131559899],[-1.2794430170128708,53.70435128062231],[-1.279720889990959,53.704204860324786],[-1.2800216106041291,53.7040753050385],[-1.2803422829277658,53.70396386229275],[-1.2806798189933644,53.703871605196674],[-1.2810309685165462,53.70379942211031],[-1.2813923501847655,53.70374800809385],[-1.2817604842039256,53.70371785821798],[-1.2818423733975257,53.7037159628335],[-1.281916802934241,53.70365765521021],[-1.282169136720882,53.703495774026884],[-1.282446994630403,53.70334934733667],[-1.282747700809584,53.703219785142245],[-1.2830683594727532,53.70310833503947],[-1.2832434634004035,53.70306046908003],[-1.2832414228292188,53.70305840200138],[-1.2832219892886694,53.70303337157559],[-1.2829116739386404,53.70307752620897],[-1.28254354630263,53.703107679646216],[-1.2821722100848436,53.70311627635983],[-1.2818012420240126,53.70310323354747],[-1.2815496128982213,53.70307954200945],[-1.2795576191649245,53.6992662326196],[-1.2795601634362366,53.69926460032281],[-1.2796808904657349,53.6992009775135],[-1.2846427431674086,53.70112425180114],[-1.2853558610002374,53.70072910632705],[-1.2859002515832263,53.700006053800166],[-1.2881169630380858,53.700365081452155],[-1.2883715648854255,53.700303494874824],[-1.2898614730416516,53.70044684720556],[-1.2908250732258766,53.69970311885499],[-1.2914006046481727,53.700054692349774],[-1.2914370723069752,53.700068388823624],[-1.2920504440252745,53.700478149356606],[-1.2928626034061241,53.70037435233989],[-1.2931691932580303,53.69960634052314],[-1.294035965138466,53.698905074893936],[-1.2940742529573641,53.698898305932126],[-1.2945291082342454,53.699155690861616],[-1.2955806179491454,53.69995592975059],[-1.2973696725181287,53.699007008244],[-1.296693642960262,53.698410127657624],[-1.296470303236434,53.69754189798391],[-1.297395426412027,53.69775892961869],[-1.2975215417760073,53.69781691168936],[-1.2998768722239427,53.69733319816585],[-1.2990674568245981,53.697088960736586],[-1.2989023114198277,53.697004974181375],[-1.2979759605845183,53.696124667773155],[-1.297206937912569,53.69564966739337],[-1.2977395113437193,53.69522600000806],[-1.2992881643470742,53.69477014265703],[-1.2994826716452967,53.69366650724749],[-1.3015284937153104,53.69297800251912],[-1.3016434402877286,53.69292196422392],[-1.3018520758141916,53.6923904392872],[-1.3018650543933536,53.692166981778975],[-1.3019193221142287,53.692106849995],[-1.3025710712981842,53.69125028487655],[-1.302686078942764,53.69118699277601],[-1.3034724781183566,53.69103392973219],[-1.3038623578082151,53.691018575611146],[-1.3047723819635775,53.68953883898024],[-1.3047790437974338,53.68948305611354],[-1.3053445563549138,53.68898100392732],[-1.3055079945854688,53.68894640027857],[-1.3067007457352688,53.68946483035748],[-1.3069963402604856,53.68943233382976],[-1.3073774510741158,53.68917195980455],[-1.30990216578758,53.68977919761852],[-1.3099843538503184,53.68971133358519],[-1.309196456597852,53.68907932864359],[-1.3089507723002207,53.6885884653067],[-1.3094040552468276,53.68778787380352],[-1.3093738039206089,53.6876933257244],[-1.3091181918151498,53.687362604526356],[-1.3089805457275514,53.68729464358969],[-1.3092155432056203,53.68666256733529],[-1.3094149189242108,53.68647231971047],[-1.3097723250221305,53.686246416710965],[-1.3102945270589603,53.68613080291145],[-1.3105792377298284,53.6857235446803],[-1.3103483150079975,53.685288582831504],[-1.3104966996511964,53.68496384777788],[-1.3093005624842882,53.68428440669212],[-1.309146939692163,53.6843152290997],[-1.3086102685695864,53.68378019864625],[-1.3085613218348127,53.683594759993454],[-1.3096380513388861,53.6828982638185],[-1.3091475571962812,53.682648184129114],[-1.309042854183312,53.682647227174975],[-1.3080425610309445,53.68209146949647],[-1.3062642246843752,53.68200333201325],[-1.3063129616720996,53.68183529603174],[-1.3056272692567876,53.68104405466864],[-1.3057572789894876,53.6806496159875],[-1.3063021047432417,53.67995464073549],[-1.3050360012351048,53.67897011473678],[-1.304437820938607,53.678304585722756],[-1.3044456793790986,53.67828948072005],[-1.3045881753883701,53.67774995535974],[-1.3046393322783938,53.67768732785923],[-1.3046624447722006,53.67766493256714],[-1.3046592684561256,53.677657078855496],[-1.3046083671186872,53.67743865190395],[-1.3045937706127193,53.677218314489046],[-1.3046156189435316,53.67699818859192],[-1.304673701135514,53.67678039412386],[-1.3047674572856343,53.67656702851115],[-1.3048959839763488,53.67636014649788],[-1.3050580429950098,53.6761617403607],[-1.305252073275066,53.6759737207265],[-1.3054762059434148,53.67579789817705],[-1.3055120366250463,53.675774880870634],[-1.3055109535108416,53.67575853582848],[-1.3055327962382415,53.67553840969303],[-1.3055908716280078,53.67532061470597],[-1.3056846198426593,53.6751072482986],[-1.3058131375411077,53.67490036522262],[-1.3059751865973337,53.67470195776499],[-1.3061692060407437,53.67451393656529],[-1.3063933271026047,53.6743381122204],[-1.3066453912231184,53.67417617785305],[-1.30689041184851,53.67404687501748],[-1.306894277881433,53.67404214131997],[-1.3070882901876733,53.67385411858834],[-1.3073124039112953,53.67367829248116],[-1.3075644605631611,53.67351635613827],[-1.3078420326582432,53.67336986892796],[-1.308142447095232,53.673240241435956],[-1.3084628108972818,53.67312872188708],[-1.3088000390661036,53.67303638413019],[-1.309150884281409,53.67296411730207],[-1.309511968160119,53.67291261726945],[-1.3098798137748127,53.67288237993127],[-1.3099102515934102,53.672881667684116],[-1.309950519074975,53.67286764961926],[-1.3102877419377026,53.67277530765259],[-1.3106385824724072,53.672703036448404],[-1.3109996623410602,53.67265153191552],[-1.3113675046548383,53.67262128999622],[-1.3117385674389646,53.672612601892915],[-1.3121092777228076,53.67262555126532],[-1.3124760659277674,53.67266001342534],[-1.3128354002225977,53.672715656536944],[-1.3131838205161317,53.672791944809894],[-1.313517971760855,53.67288814365656],[-1.3138346362473081,53.673003326762085],[-1.3141307645789515,53.67313638500025],[-1.3144035050296978,53.67328603710926],[-1.3144057183073334,53.67328751551461],[-1.3146227273097846,53.673256554657335],[-1.3147827574236877,53.673243393291756],[-1.3159066673210307,53.67464288762396]],[[-1.3143316671598586,53.70059216324108],[-1.3138399807097743,53.69987583657519],[-1.3119257208116573,53.69931455409455],[-1.3108265539023456,53.700344655193355],[-1.3113369420873093,53.70049393828562],[-1.3136732730112852,53.700740569194316],[-1.314386738993994,53.70074712915371],[-1.3143316671598586,53.70059216324108]],[[-1.3141431730208528,53.69832311172212],[-1.315107593468761,53.698458375446656],[-1.315242636355096,53.69885978091078],[-1.3159011023910006,53.699063602555924],[-1.3162330536505213,53.69900703143023],[-1.3157916222996446,53.698316217341095],[-1.315634869691685,53.69827296338974],[-1.3156102491951005,53.69792758736162],[-1.3159104132067234,53.69729044047905],[-1.3141499629384499,53.69631190792434],[-1.3153784930032122,53.69593907221573],[-1.315501779747423,53.69448908927791],[-1.3134855604435631,53.69442966870517],[-1.313165788456797,53.69556222043997],[-1.3138178386367274,53.69629147957601],[-1.3122562152934463,53.69699403437426],[-1.3118069273822115,53.69726146617033],[-1.311996687391084,53.69795134173946],[-1.3132688001659245,53.69833796639452],[-1.3139435885099497,53.698432022333606],[-1.3141431730208528,53.69832311172212]],[[-1.3122698948984353,53.692670542578284],[-1.3114720986730313,53.69263808969238],[-1.3115336938729705,53.69372018760804],[-1.31319395913338,53.69368915281352],[-1.3134769618159585,53.69334174252056],[-1.3122698948984353,53.692670542578284]],[[-1.3136094084157808,53.69186918301315],[-1.3130531397776948,53.69170258670138],[-1.3129971315680553,53.6916930547516],[-1.312561143431888,53.69173254282221],[-1.3122165157234946,53.691896877536756],[-1.313512785000483,53.69247058886647],[-1.3136922015812056,53.69205206558974],[-1.3136094084157808,53.69186918301315]],[[-1.3178707528541354,53.69574708517624],[-1.3177755422555608,53.695784242815805],[-1.3185878687674717,53.69659134421977],[-1.322006267817763,53.696511809353275],[-1.3197988262363296,53.695404354143044],[-1.3186689163721967,53.69554419224129],[-1.3178707528541354,53.69574708517624]],[[-1.32245453124608,53.69350871488692],[-1.3222146331050932,53.69427516056578],[-1.3222954156209992,53.694413552490595],[-1.3235207087042264,53.69532471821442],[-1.3232691267899712,53.69348874445476],[-1.3238744068959265,53.693405639566876],[-1.3222996016014161,53.69274987304554],[-1.3220590005304824,53.69287439061438],[-1.32245453124608,53.69350871488692]],[[-1.3137995148915467,53.67974481488873],[-1.3158695131325129,53.68001512632551],[-1.3158337949616419,53.679734596409205],[-1.3155419252546485,53.679581791817164],[-1.3139905043915936,53.67909149910055],[-1.3138607718835529,53.679168576988054],[-1.3137995148915467,53.67974481488873]],[[-1.307903690619123,53.69254091304174],[-1.308254812235214,53.69286019345646],[-1.3083062299823676,53.69288757966728],[-1.3085311469988194,53.69282913709868],[-1.30887932572238,53.69266587168001],[-1.3087810209972248,53.692274664230524],[-1.3083907707973241,53.69212847410212],[-1.308020071803279,53.69227561289002],[-1.307903690619123,53.69254091304174]],[[-1.309732740248111,53.69107126575684],[-1.3093360960312834,53.69091547231174],[-1.3091979904864424,53.69099398159132],[-1.309145465308421,53.69112810706833],[-1.3099121674549217,53.691725056675004],[-1.3103124363257872,53.69184102563372],[-1.3106004469159727,53.691799212736456],[-1.310601375391356,53.69174235897098],[-1.309732740248111,53.69107126575684]],[[-1.3035443107252267,53.696187965958266],[-1.3030083937496864,53.69633459876195],[-1.302818099127563,53.6967587048109],[-1.3035137051251158,53.69672837329014],[-1.3035443107252267,53.696187965958266]]]}},{"type":"Feature","properties":{"db_school_name":"Ossett Academy and Sixth Form College","urn":"136462","n_samples":595,"margin_m":300.5},"geometry":{"type":"Polygon","coordinates":[[[-1.5951375413110187,53.664719003357334],[-1.59512370855267,53.66474321852237],[-1.595330063603778,53.664850929671665],[-1.595316342699404,53.6648634633701],[-1.596010116074416,53.665269331872985],[-1.596219437476604,53.66538055586389],[-1.5971762566862748,53.66597159274616],[-1.5982372529702376,53.66676433437033],[-1.5983594319885357,53.666802480912494],[-1.598351595152424,53.666839296184236],[-1.5984824983830486,53.666917906509894],[-1.598668372463347,53.66710821007519],[-1.5991151507565515,53.66739373066943],[-1.5992597350797988,53.66746429908023],[-1.5995777129233333,53.66762080549729],[-1.6004530450488013,53.66808396423366],[-1.6002401382949816,53.668221901682564],[-1.5999636119494283,53.668369068031936],[-1.5996641253639978,53.66849942882069],[-1.5993445629309255,53.66861172844372],[-1.599008002486138,53.66870488524788],[-1.5986576856574544,53.66877800195456],[-1.5982969866318308,53.668830374305884],[-1.5979293796430294,53.66886149785112],[-1.5975584054934213,53.668871072807676],[-1.5971876374331475,53.668859006949944],[-1.5968206467259938,53.66882541649811],[-1.5964609682344624,53.66877062499799],[-1.5961120663563058,53.66869516020328],[-1.5957773016413712,53.668599748989735],[-1.5954598984109836,53.668485310350846],[-1.595430606845457,53.66847225539465],[-1.5953168965608493,53.66850372507913],[-1.594966575068879,53.668576830982566],[-1.5946058732436377,53.66862919221342],[-1.5942382653458722,53.668660304428],[-1.594134902593482,53.668662969190244],[-1.5940164003932886,53.66885616734826],[-1.5938557257726205,53.66905496651858],[-1.593663010697561,53.669243455639254],[-1.5934401108590315,53.66941981930787],[-1.5931891727472542,53.66958235888474],[-1.5929126129859243,53.66972950885786],[-1.5926130950606283,53.66985985192614],[-1.5922935036655699,53.669972132655104],[-1.5919569169157453,53.670065269573634],[-1.5916065766924445,53.67013836559466],[-1.5913478987716778,53.670175907555254],[-1.5913127582234432,53.67025723156475],[-1.5911856523349766,53.67046442301415],[-1.5910249582511031,53.67066321829699],[-1.590832223189594,53.670851702774605],[-1.5906093030338762,53.67102806108934],[-1.5903583444698766,53.67119059465296],[-1.590081764318311,53.67133773801144],[-1.5897822262611967,53.671468073927336],[-1.5894626151866906,53.67158034703509],[-1.5891260093993884,53.67167347593694],[-1.5887756509640019,53.671746563623046],[-1.5884149144683881,53.67179890611505],[-1.588047274507345,53.67182999924982],[-1.58767627220094,53.6718395435377],[-1.5873054810705975,53.67182744704853],[-1.5870311212695507,53.67180231372721],[-1.587013796386694,53.67184239619505],[-1.5868866646189068,53.672049582978325],[-1.5868695182463917,53.67207079082889],[-1.5868516689449517,53.672263682287884],[-1.5867950480098252,53.67248161571044],[-1.5867027252908619,53.672695204157165],[-1.5865755894090412,53.67290239057296],[-1.5864148643183829,53.673101179530754],[-1.5862220975352914,53.67328965645276],[-1.585999145248734,53.673466006054056],[-1.5857481544541443,53.673628529830346],[-1.585612169339984,53.6737008617885],[-1.585713015187363,53.67370415313464],[-1.5860800392547962,53.67373777765942],[-1.5864397463833997,53.67379260034463],[-1.5867829320097324,53.673866851225085],[-1.5870034697535986,53.673692409150114],[-1.5872544561116901,53.67352988273656],[-1.5875310604782142,53.673382746006695],[-1.5878306190659746,53.67325241580126],[-1.5881502471350153,53.67314014711189],[-1.5884868667675973,53.67304702100114],[-1.588837236499648,53.67297393419678],[-1.5891979825237292,53.6729215904607],[-1.5895656311635629,53.67289049381538],[-1.589936642308027,53.67288094369273],[-1.5903074434833697,53.672893032052244],[-1.5906744642363235,53.67292664249574],[-1.5910341704978284,53.67298145138779],[-1.5913830985972386,53.67305693097039],[-1.5914005259953223,53.673061898245734],[-1.591472257568101,53.67307282767429],[-1.5918211872114076,53.67314830598225],[-1.5921559789341397,53.67324372823142],[-1.592473408863133,53.67335817558478],[-1.592770420235264,53.67349054600087],[-1.5930441528257329,53.67363956484143],[-1.5932919704875526,53.67380379714053],[-1.5935114865372624,53.67398166141785],[-1.5937005867424376,53.67417144490256],[-1.5938574496895501,53.67437132002237],[-1.5939805643357399,53.674579361998205],[-1.594068744575087,53.674793567376135],[-1.5941084078073215,53.67495882260685],[-1.5942391538279947,53.67497873973402],[-1.5945881041904084,53.675054209994656],[-1.5949229172946116,53.67514962451788],[-1.59524036906161,53.67526406454107],[-1.595537402518048,53.67539642809338],[-1.5958111572265132,53.67554544060263],[-1.596058996827074,53.67570966716393],[-1.5962785344250328,53.67588752635214],[-1.5964676555804793,53.676077305445546],[-1.5966245386781401,53.67627717691411],[-1.5967476724810956,53.676485216014],[-1.5968358706989194,53.67669941931895],[-1.5968882834293803,53.67691772401045],[-1.5968950797285097,53.67701059465964],[-1.596908956279291,53.6770340390212],[-1.5969971564480017,53.67724824219126],[-1.597049570679361,53.677466546794854],[-1.5970656936492953,53.677686850485145],[-1.597045369518238,53.6779070316307],[-1.5969887934537155,53.678124969747344],[-1.596896509772494,53.67833856592044],[-1.5967694067193288,53.67854576302047],[-1.5966087079318003,53.67874456551758],[-1.5964159606727173,53.678933058703606],[-1.5961930209427475,53.67910942713694],[-1.5959420356161458,53.679271972131936],[-1.5956654217712256,53.679419128124415],[-1.5953658434144107,53.679549477755195],[-1.5950461858219416,53.67966176552657],[-1.5947095277464418,53.67975490989949],[-1.594359111756278,53.67982801371509],[-1.5939983129937383,53.6798803728396],[-1.5936306066534769,53.67991148294961],[-1.5932595344950657,53.67992104439199],[-1.5931644239846106,53.67991794667911],[-1.5930795590213125,53.68011431947512],[-1.5929524318650392,53.68032151241849],[-1.5927917083274363,53.680520309689534],[-1.5927029364818817,53.68060710831882],[-1.5927165289292038,53.68060917881936],[-1.5930655230318944,53.680684653525525],[-1.5934003772590792,53.68078007229076],[-1.593717867135821,53.680894516311575],[-1.5940149353218114,53.68102688357871],[-1.594288721045194,53.68117589948423],[-1.5945365876473325,53.68134012909055],[-1.594663455203237,53.681442902437034],[-1.5949766490311232,53.681356253707754],[-1.5953270766602337,53.68128314812547],[-1.5956878857932741,53.68123078502955],[-1.5960556021463854,53.68119966862885],[-1.596426684956566,53.68119009854548],[-1.5967975610601561,53.68120216693109],[-1.5971646592825874,53.681235757579834],[-1.5975244448090353,53.68129054704691],[-1.597873453205803,53.68136600776133],[-1.5979033063314554,53.68137451303652],[-1.5979768070200484,53.681376903937235],[-1.5983439077181436,53.681410490975274],[-1.5987036962812922,53.68146527690399],[-1.5990527082465693,53.68154073418653],[-1.5993875828723347,53.68163613623658],[-1.5997050954873158,53.68175056441162],[-1.600002188532343,53.68188291685495],[-1.6002760009962793,53.682031919101405],[-1.6005238959630874,53.68219613634496],[-1.6007434860049272,53.682373987250266],[-1.6009326561768438,53.682563759175416],[-1.6010895843914807,53.68276362465946],[-1.601212758977344,53.682971659016225],[-1.6013009932511282,53.68318585886522],[-1.6013534369632074,53.68340416142125],[-1.6013695845054239,53.68362446435722],[-1.6013492798013689,53.683844646048975],[-1.6013438150020785,53.683865702667475],[-1.600499036809475,53.683837535149664],[-1.5997576043238693,53.68378745437406],[-1.5988379044967709,53.68369813721025],[-1.5987563013694743,53.6839961854138],[-1.5987312638417592,53.68408245352189],[-1.5984499625454314,53.684047371458036],[-1.5983564496951894,53.684166567698135],[-1.598283974570343,53.68414745669022],[-1.5980535748556108,53.68449631638522],[-1.597826952744613,53.68444793742567],[-1.5978024349262805,53.684636641790846],[-1.5976490997667128,53.68499384426655],[-1.597522136683233,53.68528194592669],[-1.5975227450360805,53.68537539725858],[-1.5974980289197216,53.68542743138794],[-1.597303792663688,53.68547800080086],[-1.597281986936487,53.68553902911041],[-1.596925646772439,53.685752683120604],[-1.5968750301467058,53.68581770755613],[-1.5968250598593359,53.685813135551996],[-1.5964652367327674,53.685758343957026],[-1.596116194597993,53.68568287913318],[-1.596086338792146,53.685674373413825],[-1.5960128307347137,53.68567198134129],[-1.5956456948840936,53.6856383871185],[-1.5952858747953937,53.68558359198467],[-1.5949368362305203,53.68550812372853],[-1.5946019410561088,53.685412709259246],[-1.594284414850223,53.68529826760179],[-1.594158525162081,53.68524218014692],[-1.5941310270801723,53.685286993524606],[-1.594001496727646,53.68544719611304],[-1.5940159458853649,53.68546169338515],[-1.5941728520047338,53.685661567793225],[-1.5942960008464484,53.685869609114256],[-1.5943842059749687,53.68608381390063],[-1.5944366174212004,53.686302119319514],[-1.5944527298875886,53.68652242301631],[-1.5944323876354145,53.68674260335939],[-1.5943757860064265,53.68696053987239],[-1.5943519907234567,53.68701559555111],[-1.5943289804124723,53.68710419250152],[-1.5942366634146972,53.687317786242915],[-1.594109520051571,53.687524980134775],[-1.593948774348683,53.68772377867802],[-1.5937559740205127,53.68791226720258],[-1.5935329755787178,53.68808863031164],[-1.5933565551044684,53.68820285204335],[-1.593356731805409,53.68820526881021],[-1.5935307434698653,53.6883205481745],[-1.593695138899317,53.688453704036064],[-1.5935410853042822,53.68862648746071],[-1.5930775257454113,53.68896197174958],[-1.5928496108608523,53.68904575629654],[-1.5926206058292718,53.68908721446337],[-1.5922740342545392,53.68921453628396],[-1.5919200367624349,53.68933473407592],[-1.5921184843433682,53.68963920584925],[-1.59206840142392,53.689808862998895],[-1.5920906303835893,53.690170246272714],[-1.5921499708582914,53.690308914006046],[-1.5921596715042552,53.69040329397792],[-1.5923420147667655,53.69095400449084],[-1.5923272503932422,53.69107346212295],[-1.5922651860086412,53.69122969014828],[-1.5922354447768858,53.69133561948127],[-1.592162015546974,53.69141444308484],[-1.592161208316855,53.69149800628401],[-1.5923004392547022,53.691496679392024],[-1.5923029101278832,53.691564169473],[-1.5929012383933743,53.69153833550139],[-1.5931239613093968,53.69152830403449],[-1.5937772005277038,53.69147919917789],[-1.5942392323553476,53.69146098599322],[-1.5947524806223818,53.69146630587363],[-1.595448739978489,53.691344642529955],[-1.5954933008742251,53.6912809953835],[-1.5957801067457305,53.691371811776996],[-1.5969496198647086,53.69149433412077],[-1.5969211084523964,53.69161653174567],[-1.5979755232001132,53.69173776144516],[-1.598747117009962,53.69182120008817],[-1.5994611416591509,53.69189285156257],[-1.6004686995590784,53.691987076517385],[-1.600428977186367,53.69214008883547],[-1.6003366798913812,53.69235368713319],[-1.6002095511450456,53.69256088735118],[-1.6000488148319671,53.6927596939294],[-1.5998560185759934,53.69294819212042],[-1.5996330188493748,53.693124566434335],[-1.5993819631039663,53.69328711812877],[-1.5991052690961456,53.69343428157497],[-1.59880560160433,53.69356463934188],[-1.5984858467632583,53.69367693585335],[-1.598149084262284,53.69377008948609],[-1.5978675217710225,53.69382881843024],[-1.5979752289358984,53.693965974538024],[-1.598054916976962,53.694001466559264],[-1.5983288009544045,53.69415047308455],[-1.5985767592703404,53.69431469413966],[-1.5987964038867595,53.69449254835262],[-1.5989856193329592,53.69468232304974],[-1.5991425830853319,53.69488219074342],[-1.5992657831298374,53.69509022672627],[-1.5993540325376412,53.69530442760218],[-1.599406480912982,53.69552273057606],[-1.5994226226023802,53.69574303331682],[-1.5994023015853782,53.69596321420218],[-1.5993457129988933,53.696181152750505],[-1.5992534012796809,53.69639475004295],[-1.599126254941951,53.69660194893923],[-1.5989798519092997,53.6967830028245],[-1.5989693721518783,53.696896536744816],[-1.5989127800535983,53.69711447504822],[-1.598820464078006,53.69732807196599],[-1.598693312780278,53.697535270361406],[-1.598532550262097,53.69773407469203],[-1.5983397243995947,53.69792257023199],[-1.5981166919501,53.69809894151692],[-1.5978656006805882,53.69826148983359],[-1.5975888686895687,53.69840864958572],[-1.597428375614448,53.69847845409297],[-1.597554914110324,53.69860536039362],[-1.597711885574945,53.698805229844645],[-1.5978350899134524,53.69901326716999],[-1.5979233401555326,53.69922746896066],[-1.5979757858972583,53.699445772412716],[-1.5979919215103757,53.699666075190514],[-1.5979734994893466,53.69986558705578],[-1.5979479742410092,53.699872799526176],[-1.59741299691566,53.70006609088333],[-1.5966120926133773,53.70034205578014],[-1.5964142043517553,53.700453712565434],[-1.59593558274783,53.70060306695102],[-1.5958142743941264,53.700620631316234],[-1.59576904949771,53.70059621913072],[-1.5957302537358327,53.700539480355665],[-1.5955834474299508,53.70036377091449],[-1.5953281046662473,53.70013728843399],[-1.5950174964511092,53.69999598241554],[-1.5941763125203692,53.700212491512175],[-1.593521127552446,53.700449390067355],[-1.5933828541521153,53.70050373517121],[-1.5933251963109754,53.700512526180006],[-1.59281130483654,53.700704969309946],[-1.5924810417401822,53.70086649248388],[-1.591693556903986,53.701170324900204],[-1.5915246878208504,53.701239652128834],[-1.5915125916865274,53.70123307110705],[-1.5912646204227732,53.701068835596644],[-1.5910456398792865,53.70089150736615],[-1.5908077204891802,53.70078553637258],[-1.5905338202138057,53.700636512787554],[-1.590285856265639,53.70047227524838],[-1.5900662166089428,53.70029440561893],[-1.5898770163204283,53.7001046170406],[-1.5897200772265725,53.69990473742764],[-1.5895969103690353,53.699696691857746],[-1.589508701466632,53.69948248402754],[-1.5894562995133328,53.69926417695198],[-1.5894402086214343,53.69904387309333],[-1.589460583187712,53.69882369411164],[-1.5895172264282962,53.69860576043145],[-1.5896095922955462,53.69839217082172],[-1.5897367907576223,53.69818498218547],[-1.5898975963891195,53.697986189753806],[-1.5900904601892805,53.69779770787502],[-1.5902389242554833,53.69768033130614],[-1.5900569041511754,53.697759482918684],[-1.589737094298966,53.6978717558966],[-1.5894458937694034,53.697952272461976],[-1.5894383705751538,53.69798121819512],[-1.5893460047524168,53.69819480768759],[-1.5892188043435262,53.69840199590498],[-1.5890579939232314,53.69860078740278],[-1.5888651218291205,53.69878926757864],[-1.5886420452639152,53.69896562111616],[-1.588390912419627,53.699128149472976],[-1.5881141417953424,53.699275287244994],[-1.5878143989075837,53.69940561724846],[-1.5874945706174675,53.699517884174526],[-1.5871577373219932,53.69961100668488],[-1.5868071432775468,53.699684087831066],[-1.5864461653418032,53.69973642369765],[-1.5860782804356295,53.69976751018522],[-1.5857070320389801,53.6997770478681],[-1.5853359960442177,53.69976494487976],[-1.584978203117824,53.69973218372303],[-1.5847197722885,53.69982288990093],[-1.5843829304708648,53.6999160045888],[-1.5840323291255018,53.69998907759709],[-1.5836713451804425,53.70004140508873],[-1.5833034556144614,53.700072483044984],[-1.5829322039524132,53.70008201212234],[-1.582561166118128,53.70006990053718],[-1.582193915974489,53.700036264950185],[-1.5818339908834413,53.69998142934195],[-1.5814848576184204,53.699905921891194],[-1.5811498789582767,53.69981046988467],[-1.5808322812851805,53.69969599270895],[-1.5805351234991647,53.69956359299117],[-1.580261267549226,53.69941454597434],[-1.580013350865156,53.69925028722994],[-1.579793760955834,53.69907239882604],[-1.579604612418692,53.69888259408484],[-1.5794477265816491,53.698682701076216],[-1.5793246139733417,53.698474645006755],[-1.5792364597900368,53.698260429674214],[-1.579184112498671,53.69804211816566],[-1.5791680756851003,53.697821812986],[-1.579188503225319,53.69760163580797],[-1.579239843961457,53.69740428689226],[-1.5790545771049782,53.69725419350801],[-1.578865440006773,53.697064387563714],[-1.5787085643914942,53.6968644935457],[-1.578585460689366,53.69665643667028],[-1.5784973140109226,53.69644222074291],[-1.5784449727508734,53.69622390885642],[-1.5784289404370462,53.69600360351936],[-1.5784493709021603,53.69578342640591],[-1.5785060668241393,53.69556549792257],[-1.578598481648159,53.69535191678815],[-1.5787257248710989,53.69514473982398],[-1.5788865706367061,53.69494596214874],[-1.5790794695579509,53.69475749796855],[-1.5793025636520823,53.69458116214721],[-1.5794653308753805,53.69447583805513],[-1.579193572060018,53.694354735163465],[-1.578919754573845,53.694205685023135],[-1.5786718736229106,53.694041423427365],[-1.5784523163719606,53.69386353247165],[-1.5782631971039358,53.69367372550276],[-1.5781063368649408,53.69347383061194],[-1.5780882900881104,53.693443326722026],[-1.577851214833788,53.69335785257118],[-1.5775541109704119,53.693225445421476],[-1.5772803066019654,53.69307639153064],[-1.5770324386614019,53.692912126536264],[-1.5768128941881405,53.69273423256663],[-1.576623787342045,53.69254442299742],[-1.5764669390495816,53.692344525945],[-1.576356442602541,53.69215773783926],[-1.5762313118896425,53.69213066433859],[-1.5758964068223031,53.69203519765926],[-1.5755788818845013,53.69192070654685],[-1.5752817952755709,53.69178829376265],[-1.5750080082588593,53.69163923467553],[-1.5747601576001633,53.69147496497313],[-1.574540630172427,53.691297066829016],[-1.5743515399713288,53.69110725365913],[-1.5741947077630156,53.69090735361441],[-1.5740716435597413,53.690699291969246],[-1.5739835320917455,53.69048507257496],[-1.5739312214147825,53.69026675855766],[-1.5739152147623174,53.69004645244645],[-1.5739356657201338,53.68982627592291],[-1.5739923767690125,53.68960834938781],[-1.5740848012086712,53.68939477154121],[-1.574144865660628,53.68929698033883],[-1.5739984528735806,53.68930072833924],[-1.573627512531392,53.689288589251056],[-1.5732603634376363,53.68925492641199],[-1.5729005419806859,53.68920006406525],[-1.572551513935509,53.68912453064698],[-1.5722166410672347,53.689029053694036],[-1.5718991487388267,53.68891455283327],[-1.5716020948354583,53.68878213091986],[-1.5713283403054046,53.688633063410556],[-1.5711951170972631,53.688544750873014],[-1.572976801048932,53.68642323079509],[-1.5729643073042194,53.686391521360065],[-1.5722723937006788,53.685702736384286],[-1.5712797976757376,53.685516650609806],[-1.569838108624487,53.68644224618766],[-1.5690680244648976,53.68802618026701],[-1.5689006974349917,53.68804029891789],[-1.568529548633511,53.68804978358189],[-1.5683717757576254,53.68804461320765],[-1.5681472670015364,53.688077135983185],[-1.5677794706166,53.688108166511086],[-1.567408320985539,53.688117647699265],[-1.567037393049182,53.6881054882254],[-1.566670259611596,53.688071805211464],[-1.5663104569102948,53.68801692309494],[-1.5659614505395218,53.68794137050246],[-1.565827473139239,53.68790316168875],[-1.5657412953660719,53.68791564372777],[-1.5653734986614558,53.68794666686839],[-1.565002349952015,53.68795614060381],[-1.5646314241697017,53.68794397368348],[-1.5642642940978262,53.6879102833011],[-1.5639044959414703,53.68785539396515],[-1.5635554952510768,53.687779834371796],[-1.5633510056343065,53.68772151091854],[-1.5636456405972547,53.685606098653935],[-1.5606865381913584,53.683989332498946],[-1.5592484934461446,53.686933867947126],[-1.559009660953617,53.68698360530555],[-1.5586487577504669,53.68703585767192],[-1.558280963627117,53.68706685904461],[-1.557909821188972,53.68707631081792],[-1.5575389053075714,53.687064121952815],[-1.5571717886708267,53.68703040985441],[-1.5568120073543599,53.68697549924036],[-1.55646302674634,53.686899919011786],[-1.55612820815478,53.686804397156415],[-1.5558107764196258,53.68668985373358],[-1.55551378884218,53.686557392008446],[-1.5552401057316263,53.68640828782114],[-1.5549923628526727,53.68624397729364],[-1.5547729460399073,53.68606604299267],[-1.554583968223396,53.685876198682244],[-1.5544272490866977,53.68567627281318],[-1.5543042975529313,53.685468190908374],[-1.5542162972671592,53.68525395701416],[-1.5541640952143654,53.685035634396186],[-1.554148193581965,53.684815325666186],[-1.5541687449444868,53.684595152530825],[-1.5542255508159826,53.68437723535812],[-1.554318063583269,53.6841636727578],[-1.5544453918005536,53.68395652137258],[-1.5546063087936528,53.68375777607474],[-1.554799264490202,53.6835693507585],[-1.5550224003612871,53.68339305991333],[-1.5552735673300906,53.68323060115514],[-1.555550346474673,53.68308353888347],[-1.5558500723253144,53.68295328922198],[-1.5561698585319443,53.682841106386604],[-1.5565066256546047,53.68274807061317],[-1.5568571308095205,53.68267507775949],[-1.5572179988857235,53.68262283068287],[-1.5575857550320995,53.68259183247507],[-1.5579568581026777,53.68258238162017],[-1.558327734738794,53.68259456912189],[-1.5586948137607084,53.68262827762753],[-1.5590545605383177,53.68268318255748],[-1.5594035110107614,53.68275875522912],[-1.559738305028119,53.68285426794503],[-1.5600557186948179,53.68296880099717],[-1.560352695403917,53.68310125151894],[-1.5606263752638967,53.68325034410069],[-1.560672254166171,53.683280769810764],[-1.5608154715670115,53.683188119728975],[-1.5610922311968412,53.68304104461175],[-1.5613919397229163,53.682910781047426],[-1.5617117109619056,53.68279858338594],[-1.5620484656178946,53.682705532005784],[-1.5623989609270863,53.68263252291513],[-1.5627598218732588,53.682580259127576],[-1.5631275736739105,53.68254924389576],[-1.5634986752248932,53.682539775867745],[-1.5636732186690703,53.682545503647525],[-1.5635320867533937,53.6824310733577],[-1.5633430856482053,53.68224124270566],[-1.5631863383615172,53.682041328120334],[-1.5630633540877654,53.681833255015974],[-1.5629753167875244,53.68161902735418],[-1.5629230738024384,53.68140070834063],[-1.5629071277142932,53.68118040055238],[-1.5629276315258886,53.680960225687116],[-1.562938655386897,53.68091789817808],[-1.5628971101245015,53.680906046711094],[-1.5625797041848928,53.680791521164494],[-1.5622827366652288,53.680659076131406],[-1.562142094651069,53.68058245766654],[-1.5619366922952436,53.6805997800207],[-1.5615656074772115,53.680609243245534],[-1.5611947472883094,53.68059706579811],[-1.5608276838798896,53.68056336497354],[-1.5604679528147658,53.680508465380825],[-1.560119018997004,53.680432895814945],[-1.5597842432838775,53.6803373841609],[-1.5594668501023112,53.68022285037972],[-1.5591698963822809,53.680090397643625],[-1.5589479902943921,53.67996949596602],[-1.558775060362937,53.67995361551654],[-1.5585524506650108,53.67991963799997],[-1.55832914799261,53.67995197302479],[-1.5579614153862495,53.679982973575825],[-1.5575903351697304,53.679992424494664],[-1.5572194816151221,53.67998023475057],[-1.5568524268098545,53.6799465217571],[-1.5564927062338447,53.67989161024052],[-1.5561437846900825,53.67981602911061],[-1.5558090229175707,53.6797205063638],[-1.5554916452089007,53.67960596206791],[-1.5553120225217418,53.67952583315738],[-1.5552410233563048,53.67952349816578],[-1.5548739741345026,53.67948977911785],[-1.5545142600540893,53.679434861668206],[-1.5541653458554656,53.67935927478379],[-1.5538305922068594,53.67926374651643],[-1.553513223322583,53.67914919698716],[-1.5532162958984892,53.6790167295199],[-1.5529426696643378,53.67886762001005],[-1.5526949798370169,53.67870330463082],[-1.5524756117401817,53.67852536599561],[-1.552286677834772,53.67833551791013],[-1.5521299973815421,53.678135588861466],[-1.5520070789311988,53.67792750440314],[-1.5519191058103672,53.677713268606006],[-1.5518669247426247,53.67749494475401],[-1.5518510377135264,53.67727463547072],[-1.5518715971572143,53.67705446246814],[-1.551928404510178,53.67683654611298],[-1.552020912145225,53.676622985007114],[-1.5521482286662396,53.67641583577884],[-1.552309127511906,53.676217093279696],[-1.5525020587848253,53.67602867137699],[-1.5527251641914581,53.67585238452734],[-1.5527349202774894,53.67584607343671],[-1.5526810480802389,53.675754872853965],[-1.5526669018144241,53.67572042309026],[-1.55255533799219,53.67567064631777],[-1.5522817357170713,53.67552153526299],[-1.5520340680234435,53.6753572184698],[-1.5518147200218015,53.67517927856522],[-1.551625803979579,53.67498942936715],[-1.5514691389855417,53.674789499373404],[-1.5514647741211423,53.6747821094771],[-1.551364611662385,53.67465428475973],[-1.5512417070238684,53.67444619942274],[-1.5511537449408734,53.674231962961045],[-1.5511432463162782,53.674188030289066],[-1.5511275770168023,53.67416803307712],[-1.5510046749492323,53.67395994748517],[-1.5509167150685004,53.67374571083645],[-1.5508645439707844,53.67352738642305],[-1.5508486635457484,53.67330707687398],[-1.5508692261640693,53.67308690390378],[-1.5509260332317967,53.67286898787883],[-1.5509751293006395,53.67275564179372],[-1.5509684212902517,53.67274890011488],[-1.5508117676647017,53.67254896920938],[-1.550688871821291,53.67234088324964],[-1.550600916869058,53.67212664632096],[-1.550562218864857,53.67196469274616],[-1.5503521102421827,53.67179422697155],[-1.550252952158472,53.67169456668133],[-1.5502375806578526,53.67169406041327],[-1.5498706035379262,53.67166032613477],[-1.549510962686688,53.6716053937359],[-1.5491621221390184,53.67152979232747],[-1.5488274418535743,53.671434250101264],[-1.54856646763192,53.67134002309519],[-1.5476814885212373,53.6707393179758],[-1.5469152868757516,53.66987864434498],[-1.5468643465881058,53.669665365171355],[-1.5468484883690008,53.66944505499521],[-1.5468690698404444,53.66922488260833],[-1.5469258922270632,53.6690069683715],[-1.5469526340213073,53.66894523939007],[-1.5524436826262993,53.66881880288218],[-1.5532729356551014,53.6680509082381],[-1.5539215956953647,53.66783716149769],[-1.5557943995038488,53.66775360049604],[-1.5560631146975374,53.66779220154069],[-1.5574278645079853,53.66855830240299],[-1.5574297224037141,53.668560169421966],[-1.5575863927195726,53.66876009183751],[-1.5577093122682129,53.668968170891006],[-1.5577972968223028,53.66918240277121],[-1.5578494985371751,53.66940072438409],[-1.5578654141354509,53.66962103321876],[-1.557844889774874,53.66984120759388],[-1.5578044329258705,53.6699965146369],[-1.557945562340031,53.67005948152644],[-1.558214159397775,53.67020586032979],[-1.558239964223899,53.67018065039834],[-1.5584630147050444,53.670004352578154],[-1.5587140885541786,53.66984188605554],[-1.558990767746128,53.66969481530496],[-1.5592903877736464,53.66956455653172],[-1.5593759529730544,53.669534526934655],[-1.5593833184878378,53.66952976065762],[-1.5596599933071438,53.66938268834453],[-1.5599596090603247,53.66925242788167],[-1.5602733245496467,53.6691423239329],[-1.5603213290578881,53.66895799637356],[-1.5604137768039363,53.668744428385196],[-1.5605195799314677,53.668572186686035],[-1.5610455435323096,53.668250175475336],[-1.5645979202904279,53.66719128715551],[-1.5647887054718361,53.667208802985414],[-1.5651483290408874,53.66726368951193],[-1.5654971632672168,53.667339244396906],[-1.5658318491200975,53.667434740114246],[-1.5661491637454066,53.66754925711941],[-1.5662906996328894,53.667612393593814],[-1.5664643712877857,53.667628335587914],[-1.5667854233947534,53.66767733004074],[-1.5669157426588267,53.66751624091138],[-1.5671085689306128,53.66732779500122],[-1.5671965783293664,53.66725821027264],[-1.567184636929421,53.66709341011958],[-1.5672051111967387,53.666873233945324],[-1.5672618254843045,53.66665530976626],[-1.5673542330614356,53.66644173625972],[-1.5673586654129377,53.66643451807636],[-1.5684884061214037,53.66597110860608],[-1.5691253738466069,53.66559737244064],[-1.569769602947566,53.6651617517479],[-1.5735223456253848,53.6643690486358],[-1.5737931433245274,53.664466761323794],[-1.5740900335257009,53.66459917802739],[-1.5743636425208463,53.66474823954477],[-1.574479610422397,53.664825150180015],[-1.5746017641894396,53.66487963090387],[-1.5748753768079582,53.66502869125204],[-1.5751230732744137,53.6651929611471],[-1.57526481059057,53.66530788992495],[-1.5755947777304442,53.66531868950551],[-1.5759617207438985,53.66535234492936],[-1.576029173222764,53.6653626335065],[-1.576313218728133,53.6653553528123],[-1.5766839497183895,53.66536748323171],[-1.5770508940414012,53.66540113532045],[-1.5774105183638434,53.66545598504204],[-1.5777593598038278,53.665531504245315],[-1.5780940592612684,53.66562696574769],[-1.5784113937511803,53.66574145033416],[-1.578708307429199,53.66587385560467],[-1.5789819410110235,53.666022906585304],[-1.5791963890456588,53.66616510667554],[-1.5794332749061244,53.66629413823015],[-1.5796809965431884,53.66645839871074],[-1.5799004171264228,53.66663628797107],[-1.580089423342612,53.666826092999734],[-1.5802461946832709,53.66702598601681],[-1.5803692209877134,53.6672340420708],[-1.5804573170008207,53.66744825757209],[-1.5804589490076342,53.6674550677832],[-1.5805129982180803,53.66747456488497],[-1.5808099306660133,53.66760696494206],[-1.5810835828850098,53.667756011112694],[-1.581331319501845,53.667920268167656],[-1.5815507546133447,53.66809815438819],[-1.5817397747663948,53.668287956792106],[-1.5818965593182974,53.66848784762478],[-1.581942236029114,53.66856508569366],[-1.5819481597467433,53.668563850252525],[-1.5823088764989925,53.66851152717331],[-1.5826764916905038,53.668480451589815],[-1.5830474655321753,53.66847092273119],[-1.5834182259093628,53.66848303235214],[-1.583785202761543,53.668516663849815],[-1.5841448624422556,53.668571493386075],[-1.5843036568965805,53.66860585763962],[-1.584371601769366,53.6685218192292],[-1.584564354920055,53.66833334510959],[-1.584787285974483,53.668156997987836],[-1.5850382478278906,53.66799447602202],[-1.5853148235331551,53.66784734422048],[-1.5856143495791262,53.66771701937655],[-1.5859339415392284,53.66760475643031],[-1.5862705218434205,53.66751163638896],[-1.5866208494062948,53.66743855592189],[-1.5868795146965629,53.66740102413067],[-1.5869146613684848,53.66731970139463],[-1.5870417786391378,53.66711251439045],[-1.5872024778450382,53.66691372434369],[-1.5873952110110707,53.666725245579734],[-1.5876181217510903,53.66654889310304],[-1.5878690631559345,53.66638636512319],[-1.5881456184753575,53.66623922670649],[-1.588445124394475,53.66610889470995],[-1.5887646966804716,53.665996624142544],[-1.5891012579527013,53.66590349608494],[-1.5894515673089664,53.66583040728365],[-1.5898122515230815,53.66577806151984],[-1.5901798375138088,53.665746962835556],[-1.5902831933609998,53.66574430147278],[-1.590401703812224,53.665551106923495],[-1.5905623812501417,53.665352312275914],[-1.5907550922911975,53.665163828014485],[-1.5909779807622837,53.66498746919659],[-1.591228899968651,53.66482493409291],[-1.591505433373773,53.664677787838365],[-1.5918049178737377,53.66454744736548],[-1.5921244694419279,53.66443516776485],[-1.5924610108971355,53.664342030204104],[-1.592811301527923,53.664268931521285],[-1.5931719682883594,53.66421657559272],[-1.593539538265217,53.664185466558315],[-1.5939104721046327,53.66417590396928],[-1.5940513867862875,53.664180494225135],[-1.5951375413110187,53.664719003357334]],[[-1.5790585275125149,53.680897382809846],[-1.5788487769640505,53.68093512030388],[-1.5788003382881024,53.68099482816165],[-1.5790521540856386,53.68120387056587],[-1.5793510020718076,53.68132800753883],[-1.5801390095090537,53.681076405296515],[-1.5790585275125149,53.680897382809846]],[[-1.5837578958591965,53.686752860632446],[-1.5827165141438881,53.6870725385155],[-1.5831443416512314,53.68768903686009],[-1.584202502886653,53.687462890017194],[-1.5845478317548964,53.687013120078916],[-1.584545038770335,53.68701058556379],[-1.5838647905450267,53.68677473698636],[-1.5837578958591965,53.686752860632446]],[[-1.589867941798921,53.693259085260394],[-1.5891263566607787,53.693371316355936],[-1.5890716069164406,53.693446696024516],[-1.5897562626445993,53.69407128332513],[-1.5909411818283947,53.69458986875604],[-1.5919398545476624,53.69427895491366],[-1.5908765796017748,53.69336633919524],[-1.589867941798921,53.693259085260394]],[[-1.5774972891278025,53.678607877705076],[-1.576819835521289,53.67856020657562],[-1.5765257708818634,53.67889951678243],[-1.5767061793622863,53.67901377066731],[-1.5777033478261415,53.67920863815058],[-1.5777076051494434,53.67878274353025],[-1.5774972891278025,53.678607877705076]],[[-1.5604378206076652,53.67642159794953],[-1.560733624360743,53.676635022154336],[-1.5614907562887321,53.67671568619761],[-1.5612306096198454,53.67595432871086],[-1.5598805523876684,53.67579185775245],[-1.5604378206076652,53.67642159794953]]]}},{"type":"Feature","properties":{"db_school_name":"Kettlethorpe High School","urn":"108271","n_samples":753,"margin_m":297.6},"geometry":{"type":"Polygon","coordinates":[[[-1.5458949455765791,53.63266979206713],[-1.5493306443274304,53.634366932460324],[-1.5493525444644751,53.634458677624394],[-1.5493684036687303,53.63467898876078],[-1.5493478530718925,53.634899162913015],[-1.549291090024047,53.63511707966397],[-1.549198660644405,53.63533064030449],[-1.549071454582632,53.63553778804715],[-1.5489106964700854,53.63573652783723],[-1.5487179341425794,53.63592494557052],[-1.5484950237474329,53.636101226532155],[-1.548244111877727,53.63626367287903],[-1.547967614905433,53.6364107199972],[-1.5476681957122247,53.63654095157635],[-1.5473487380419833,53.63665311325602],[-1.5470123187221096,53.636746124711884],[-1.5466621780214138,53.63681909006557],[-1.5463016884304472,53.6368713065172],[-1.5459343221655124,53.63690227111786],[-1.5455636177099232,53.63691168561611],[-1.5451931457155195,53.63689945933206],[-1.5448264745936073,53.63686571003118],[-1.5445589229495553,53.63682479823205],[-1.5444114579211763,53.63684615575034],[-1.5440744081629374,53.636874559663745],[-1.5441287758368478,53.637007148902505],[-1.5441808681553082,53.63722547742121],[-1.5441902479813703,53.637355993566835],[-1.5442418752755727,53.63742195454379],[-1.5443646388295065,53.63763004806166],[-1.54444219714588,53.6378191865455],[-1.5445215706666495,53.63786249285531],[-1.544768990235612,53.638026825702696],[-1.544988116627662,53.63820477916049],[-1.5451768393624274,53.63839463959869],[-1.545333340661355,53.638594578703525],[-1.5454561129644924,53.63880267107935],[-1.545543973463213,53.63901691278641],[-1.5455960755083717,53.6392352406359],[-1.5456119167833866,53.6394555520567],[-1.5455913441627813,53.63967572534252],[-1.5455345552085893,53.63989364008452],[-1.5454420962893818,53.640107197592926],[-1.5453148573391997,53.640314341110354],[-1.545154063306061,53.6405130756228],[-1.5449612623716718,53.640701487076804],[-1.5447383110551485,53.640877760817965],[-1.5444873563436963,53.64104019907266],[-1.54421081502194,53.641187237304834],[-1.5439113503987547,53.64131745928975],[-1.543591846655661,53.6414296107593],[-1.5432553810639131,53.64152261148753],[-1.542905194338105,53.6415955656993],[-1.5425446594122119,53.64164777070209],[-1.5421772489393162,53.64167872365723],[-1.5419970319341947,53.64168329440651],[-1.5419255985563205,53.64171435490522],[-1.5416060865710244,53.64182650105079],[-1.5412696134800836,53.641919496176484],[-1.540919420070354,53.641992444561154],[-1.5405588793402174,53.642044643568376],[-1.5401914639986825,53.64207559041726],[-1.5398207130019017,53.64208498702734],[-1.5394501974501158,53.64207274289106],[-1.5390834861742742,53.642038975945866],[-1.538724111344574,53.641984011437685],[-1.5383755344329713,53.641908378786624],[-1.5383503488508476,53.64190118120036],[-1.5382874494610828,53.64190647804081],[-1.5379166995594546,53.641915868757245],[-1.5375461860760606,53.64190361873249],[-1.5371794778219225,53.64186984596072],[-1.5368201069381187,53.64181487574402],[-1.5364715348585811,53.64173923755746],[-1.5363685875355526,53.6417098148823],[-1.536222545557918,53.64177330584641],[-1.5361331536580816,53.641804676045076],[-1.5360791016947604,53.64187145771907],[-1.5358862541740064,53.64205985441707],[-1.5356632579234646,53.642236111122976],[-1.5355138813137994,53.64233277209862],[-1.53561910082468,53.64243864803419],[-1.5357755717043744,53.6426385994331],[-1.5358983085298976,53.64284670139406],[-1.535986128834063,53.64306094988501],[-1.53603818635461,53.64327928165174],[-1.5360539792035663,53.64349959408534],[-1.5360484610635436,53.643558501811604],[-1.5362197711143686,53.64355416570793],[-1.5365902986522981,53.64356641986377],[-1.5369570211338461,53.64360019446043],[-1.537316407361182,53.643655164281924],[-1.537664996744361,53.64373080002067],[-1.5379994326096462,53.6438263733719],[-1.5383164945094892,53.64394096404349],[-1.5386131292236527,53.644073468613804],[-1.5388864801534232,53.64422261115251],[-1.5391339148262366,53.64438695550226],[-1.5392991333069548,53.64452113241638],[-1.5395899577307608,53.64453074300277],[-1.5399566910241587,53.644564508428466],[-1.5403160893959715,53.64461946926213],[-1.5406646921393536,53.644695096282675],[-1.5409991424519687,53.64479066126931],[-1.5412336565047242,53.644875408137054],[-1.5412585561542014,53.64483488364056],[-1.5414193850277138,53.64463615457637],[-1.541612219762403,53.644447749020635],[-1.5418352029951377,53.64427148127272],[-1.542086187119714,53.644109048726264],[-1.5423627549754624,53.64396201552864],[-1.5426622431276018,53.64383179752369],[-1.542981767515078,53.64371964862285],[-1.5433182512189778,53.64362664873527],[-1.5436684540843448,53.643553693373505],[-1.5440290039105447,53.643501485033966],[-1.544396428910318,53.64347052643556],[-1.5447671911256062,53.64346111568109],[-1.545137720479054,53.64347334338817],[-1.545504449134088,53.64350709181702],[-1.5458638458334737,53.643562036003516],[-1.5462124498864924,53.64363764688692],[-1.546546904478243,53.643733196401826],[-1.546863988980962,53.64384776448559],[-1.5471606499568864,53.64398024793409],[-1.5473108573883592,53.644062182982445],[-1.5484013599519832,53.645148955325446],[-1.548456663600305,53.64528376533892],[-1.548508788231787,53.64550209173798],[-1.548524646847672,53.645722402577746],[-1.5485040861552741,53.64594257615749],[-1.548447303601531,53.64616049206561],[-1.5483548454931548,53.64637405160109],[-1.5482276017561603,53.646581197987025],[-1.548066797384464,53.64677993618177],[-1.5478739806591575,53.64696835209642],[-1.5476510082512835,53.64714463103354],[-1.547400027351053,53.64730707516947],[-1.5471234549952249,53.647454119911494],[-1.546823954791516,53.64758434897208],[-1.5465044112641155,53.647696508014995],[-1.5461679020674737,53.64778951674127],[-1.5458176683362181,53.6478624792987],[-1.545639915958656,53.64788821845105],[-1.5455995138265228,53.64798152032741],[-1.5454722517181263,53.64818866369141],[-1.5453114282529583,53.64838739809269],[-1.5451185918960004,53.64857580947879],[-1.5448955995073848,53.64875208319585],[-1.5446445984697843,53.64891452147052],[-1.5443680060139446,53.64906155976651],[-1.5440684859412168,53.649191781858335],[-1.5437489229672121,53.649303933476894],[-1.5434123949337355,53.6493969343947],[-1.5430621431569023,53.6494698888348],[-1.542701541197372,53.64952209410239],[-1.5423340623540354,53.64955304735626],[-1.5421575076694178,53.64955752454601],[-1.5415969522600015,53.64940802662972],[-1.5393766097936008,53.649208436152875],[-1.5393052947075845,53.64919237909274],[-1.5374545337373895,53.64906563712417],[-1.5369627344916517,53.649158286025575],[-1.535236008541753,53.650304023547285],[-1.535180636730029,53.651213111164324],[-1.532944225819298,53.65287938563333],[-1.5327510117827088,53.652895643071396],[-1.5323801643368598,53.65290501641889],[-1.5320095562394962,53.65289274908173],[-1.5316427572131803,53.65285895922082],[-1.5312833002735,53.652803972302905],[-1.530934647683426,53.65272831796395],[-1.5306001575907515,53.652632724905466],[-1.530385388353746,53.65255510139888],[-1.5303440307216858,53.65265051426755],[-1.5302166797415067,53.65285764106336],[-1.530055766762841,53.653056354625356],[-1.5298628411128787,53.65324474110176],[-1.529639760511893,53.6534209860785],[-1.5293886731923454,53.65358339205897],[-1.529111997216219,53.65373039481782],[-1.5288123971895367,53.653860578471836],[-1.5284927585982522,53.65397268912205],[-1.5281561600127558,53.654065646935614],[-1.5278058434289554,53.65413855655065],[-1.527445183031956,53.65419071570422],[-1.527077652683716,53.65422162199924],[-1.5267067924484348,53.65423097774589],[-1.5263361744788158,53.65421869283021],[-1.5259693685925304,53.65418488558254],[-1.5256099078712388,53.654129881637],[-1.5252612546143154,53.65405421079369],[-1.5252309895726357,53.654045559986834],[-1.5250772678647562,53.65416698933071],[-1.5248261586190044,53.65432938567614],[-1.52476924462216,53.654359620764524],[-1.5240105349422746,53.654245045296705],[-1.5201856912551148,53.65479024348377],[-1.5203780895111831,53.65538244043243],[-1.5240576587253587,53.65650463614098],[-1.5240053422805304,53.65662527516302],[-1.523877948172458,53.656832394986],[-1.52371699018611,53.65703109979988],[-1.5235240180821417,53.65721947583715],[-1.523300890028257,53.65739570878426],[-1.5230497547139987,53.65755810126032],[-1.5227730306636837,53.65770508917011],[-1.5224733829464598,53.65783525677334],[-1.5221536975077299,53.65794735032564],[-1.5218170533692275,53.65804029015876],[-1.5214666929657497,53.65811318108411],[-1.5211059909045939,53.65816532101867],[-1.5207384214491464,53.6581962077505],[-1.5203675250403967,53.65820554377824],[-1.5199968741795649,53.65819323917786],[-1.5196300390012016,53.65815941246933],[-1.5192705528691584,53.658104389474246],[-1.5189218783275822,53.65802870017618],[-1.518587373735652,53.65793307361339],[-1.5183955240951619,53.657863716227105],[-1.518280667676778,53.658050400875425],[-1.518133759284185,53.65823171952622],[-1.5182055679061501,53.65835352434608],[-1.5182933301712374,53.658567785129506],[-1.5183453148420132,53.65878612386078],[-1.5183610207314808,53.65900643786382],[-1.51834029601729,53.65922660540729],[-1.518283339725617,53.65944450613745],[-1.5181906998361194,53.65965804149923],[-1.518063268025366,53.65986515494831],[-1.5179022710985732,53.66006385176001],[-1.5177092591914423,53.66025221824376],[-1.5174860908550611,53.66042844017804],[-1.5172349151670006,53.66059082028798],[-1.5169581510405072,53.66073779459735],[-1.516658463930814,53.66086794749694],[-1.5163387401628388,53.660980025383914],[-1.516002059127602,53.66107294874095],[-1.515651663615391,53.66114582253804],[-1.5152909285717755,53.66119794485725],[-1.5149233285779262,53.66122881365624],[-1.5145524043690677,53.66123813160641],[-1.5141817287142614,53.66122580895791],[-1.5138148719869289,53.661191964404495],[-1.5134553677585105,53.66113692393973],[-1.5132035331431204,53.6610822465559],[-1.513225642796359,53.66111975578],[-1.513313385441593,53.66133402007066],[-1.5133653476766153,53.661552360813204],[-1.51338102853038,53.66177267531211],[-1.513360276421541,53.66199284183121],[-1.5133032906400188,53.66221074002662],[-1.5132106194494144,53.662424271367634],[-1.5132015032345714,53.6624390837138],[-1.5077310411037024,53.66175267294041],[-1.5057079773386988,53.66184787357361],[-1.505674584148879,53.661791203468894],[-1.505586879347103,53.66157693368274],[-1.5055349573056,53.66135858965641],[-1.5055193175156318,53.66113827420739],[-1.5055401100307668,53.6609181091067],[-1.5055971340435435,53.66070021464468],[-1.5056898398410314,53.66048668921202],[-1.5058173341196397,53.66027958909326],[-1.5059783886071814,53.66008090866674],[-1.5061714519084204,53.659892561201886],[-1.5063946644594017,53.65971636043834],[-1.5066458764460087,53.65955400312456],[-1.506922668513809,53.659407052683214],[-1.507222375069513,53.65927692416113],[-1.5075421099495636,53.6591648706079],[-1.5078787942087766,53.659071971014555],[-1.508184281059799,53.6590084562869],[-1.5112235610350775,53.65945560022245],[-1.5128375128009666,53.658106628529545],[-1.5076555032566623,53.65623077576122],[-1.5077740618564401,53.65611509651118],[-1.507997247688386,53.6559388925895],[-1.5082484309883544,53.65577653174732],[-1.5085251926781573,53.65562957744128],[-1.508824867457017,53.65549944475545],[-1.5091445694673347,53.65538738677955],[-1.5094812200803858,53.655294482547234],[-1.5098315775345703,53.65522162664986],[-1.5101922681412168,53.655169520626124],[-1.5105598187579412,53.655138666209744],[-1.510930690217497,53.65512936050045],[-1.5113013113909017,53.65514169310441],[-1.5114210066685716,53.655152739909546],[-1.511434461706367,53.65501003578965],[-1.511491447175976,53.65479213822054],[-1.511584110066074,53.654578607919156],[-1.5117115574864086,53.6543715012169],[-1.5118725616161401,53.65417281255562],[-1.512065571545038,53.653984455284096],[-1.5122887282231376,53.65380824323645],[-1.512539882374349,53.653645873269866],[-1.51268492689723,53.65356884476784],[-1.51251694441067,53.65339973396455],[-1.5123605442363606,53.65319975268941],[-1.5122378937111784,53.65299162715487],[-1.5121501735816463,53.65277736182702],[-1.5121158407571667,53.65263305140888],[-1.5132983229671626,53.65195630229286],[-1.5153377842651732,53.64879676909453],[-1.515481947883708,53.64879314559685],[-1.5158525149203883,53.64880546400802],[-1.5162192658592422,53.64883930215728],[-1.5165786692284218,53.64889433421668],[-1.516657959506445,53.64891155190616],[-1.5166720353693308,53.648900434337726],[-1.5169231434557977,53.648738054943095],[-1.5171998288626485,53.64859108024753],[-1.517499427023546,53.64846092553151],[-1.5178190528185243,53.64834884409693],[-1.5181556283525852,53.64825591520332],[-1.518505912586888,53.648183033679594],[-1.5186960110527754,53.64815555259163],[-1.5187746385812515,53.648127979577865],[-1.5191112102691382,53.6480350479862],[-1.5194614910401765,53.64796216365662],[-1.519822107943882,53.647910028401554],[-1.5200027212776261,53.64789484926526],[-1.5201586718853177,53.64781199994737],[-1.52038446639759,53.64771389756741],[-1.5203623679689426,53.64767640764478],[-1.5202746174805912,53.64746214801317],[-1.5202226364050786,53.64724380971383],[-1.520220656439932,53.647216045993275],[-1.5201079947435288,53.64710263816091],[-1.5199515817083176,53.64690266656306],[-1.5198289118370547,53.64669454854347],[-1.5197411660628415,53.64648028849598],[-1.5196891889204345,53.64626194993775],[-1.5196734804323226,53.646041635633686],[-1.5196932692871126,53.64583126905972],[-1.5195698533345232,53.64576389858692],[-1.5193248661032395,53.64579931840705],[-1.518957402975104,53.645830199967236],[-1.5185866147367886,53.64583953073379],[-1.5182160728473517,53.64582722083343],[-1.51784934639147,53.64579338883709],[-1.5174899676855196,53.645738360617344],[-1.517141398238694,53.64566266620804],[-1.5168069953977046,53.64556703469656],[-1.5164899799970892,53.64545238719831],[-1.5161934053272668,53.64531982798063],[-1.515920127719739,53.6451706338224],[-1.5156769316900205,53.64500900165246],[-1.5154316917094264,53.64511554470896],[-1.5151120841257217,53.64522761987104],[-1.5147755261080613,53.645320540294534],[-1.5144252592616756,53.64539341097781],[-1.5144177736146145,53.64539449291676],[-1.5143660826553538,53.64540876395868],[-1.5140158143786215,53.64548163343989],[-1.513655211159141,53.64553375125827],[-1.513287746308085,53.64556461541497],[-1.5129169592586713,53.64557392862608],[-1.512546421458513,53.645561601187424],[-1.5122209721703277,53.645531561266814],[-1.5121643965993843,53.64557624421787],[-1.5119132891538154,53.645738613719324],[-1.511636604175553,53.6458855762692],[-1.5113370063576383,53.6460157163716],[-1.511017381165008,53.646127780547054],[-1.510680807039196,53.64622068941037],[-1.5105171298121969,53.64625473450316],[-1.5102560115456054,53.646326812891495],[-1.5099057286420967,53.646399670304746],[-1.5095451125943289,53.64645177570753],[-1.5091776368370822,53.646482627220564],[-1.5091362896658036,53.646483664365014],[-1.5090463288698575,53.646515203191484],[-1.5087097473563926,53.646608106491385],[-1.5083594594821381,53.64668095936629],[-1.5079988391557537,53.64673306009982],[-1.5076313598532505,53.6467639068576],[-1.507260561147093,53.64677320252339],[-1.5068900145972046,53.64676085756202],[-1.5068580193791221,53.646757902885234],[-1.5066939262902124,53.64684504731938],[-1.5063943065139467,53.64697517498346],[-1.506074661029901,53.64708722590039],[-1.505738068475129,53.647180120812685],[-1.505387770787656,53.64725296496443],[-1.5050271419707018,53.647305056723226],[-1.5046903581737618,53.64733331797839],[-1.504345477241418,53.647383132803014],[-1.503977989689647,53.6474139683258],[-1.5037148309303605,53.64742055749641],[-1.5035795280373092,53.647527387041094],[-1.5033283760905234,53.647689738383576],[-1.5030516485756522,53.64783668094988],[-1.5027954439398128,53.647947938502725],[-1.5026046273066302,53.648098593228696],[-1.5023534682200714,53.648260942494574],[-1.5020767335778122,53.648407882777484],[-1.501777088551388,53.64853799879597],[-1.5014574190605905,53.64865003730252],[-1.5011208039737798,53.64874291915911],[-1.501048513774531,53.64875794826307],[-1.5009878325378265,53.64885652527596],[-1.5008661791018654,53.64900661347266],[-1.5008726791343,53.64901316032329],[-1.5010290094869887,53.64921315658473],[-1.501151593893087,53.64942129358168],[-1.5012392513526798,53.64963556694455],[-1.5012911371712658,53.64985391317936],[-1.501306751114047,53.65007422953766],[-1.5012859422444462,53.65029439426525],[-1.5012289103994463,53.65051228703544],[-1.5011362042867196,53.650725809369696],[-1.5010087162210366,53.65093290484908],[-1.5008476735498353,53.65113157892193],[-1.5006546268498229,53.65131991811658],[-1.5004314350076076,53.65149610847434],[-1.5001802473275516,53.65165845302446],[-1.4999034828387614,53.65180538813325],[-1.499603807000267,53.65193549856904],[-1.4992841060286741,53.65204753113803],[-1.4989474590956167,53.65214040675945],[-1.4985971086630263,53.65221323086321],[-1.4982364292423052,53.652265302009944],[-1.497868894878834,53.652296118650405],[-1.4976618943964128,53.652301290499],[-1.4976641422592636,53.652333045363754],[-1.4976433132290128,53.65255320932912],[-1.4975862594907112,53.65277110023198],[-1.4974935299628267,53.65298461961178],[-1.4973660171855967,53.653191711077966],[-1.4972049487444363,53.65339038011753],[-1.4971408338180403,53.65345292119767],[-1.4971944734872422,53.65346826899669],[-1.497511496199759,53.65358296744673],[-1.4978080697914733,53.653715572753335],[-1.498081338251609,53.65386480801617],[-1.4983286699010316,53.65402923618501],[-1.4985476827350046,53.65420727389296],[-1.4987362673657176,53.65439720669869],[-1.4988926073435462,53.654597205591365],[-1.4990151966610774,53.65480534459941],[-1.4991028542709208,53.655019619333785],[-1.499154735476947,53.655237966287366],[-1.4991703400885914,53.65545828270474],[-1.4991495172589528,53.65567844683117],[-1.4990924669592791,53.6558963383457],[-1.49899973807481,53.656109858781846],[-1.49887222313948,53.65631695173897],[-1.4987111497593857,53.65651562268962],[-1.498518068806895,53.65670395819224],[-1.4982948394984434,53.65688014432354],[-1.498043611499203,53.65704248415354],[-1.4977668042266057,53.65718941409391],[-1.4974670835517763,53.657319518962744],[-1.4971473361232175,53.657431545619886],[-1.4968106415600955,53.65752441504141],[-1.4964602427831974,53.657597232716896],[-1.4960995147696803,53.657649297268975],[-1.4957319320330824,53.6576801072118],[-1.4953610351424196,53.65768936578372],[-1.4949903966035765,53.657676983806866],[-1.4946235864323614,53.65764308054649],[-1.4942641377516195,53.65758798256166],[-1.494090464252426,53.65755024058698],[-1.4937927962905728,53.657522725669594],[-1.4934333497323025,53.65746762519462],[-1.4931150999092604,53.65739846157469],[-1.493136051395795,53.65748668695725],[-1.493151625373893,53.65770700400548],[-1.4931307700053031,53.65792716692742],[-1.4930736855745779,53.658145055413684],[-1.4929809212956229,53.65835857102692],[-1.4928533700432318,53.65856565741287],[-1.4926922597732761,53.65876432010734],[-1.492499141713442,53.65895264574823],[-1.4922758754376004,53.65912882050722],[-1.492024610967038,53.659291147563806],[-1.49174776807054,53.65943806345265],[-1.491675819701559,53.65946928821658],[-1.4916907895382805,53.65948145823019],[-1.491790249366727,53.65958163892414],[-1.491831480212383,53.65955500260704],[-1.4921083235879553,53.65940808652863],[-1.4924080755347853,53.65927799519043],[-1.4927278494524652,53.659165981284],[-1.4930645660201158,53.65907312341857],[-1.4934149828412953,53.65900031573908],[-1.4937757256559054,53.6589482593199],[-1.4941433208190364,53.658917455417146],[-1.4945142287346511,53.658908200644156],[-1.4948848779228316,53.65892058411669],[-1.495251699393336,53.65895448659524],[-1.4956111609952554,53.65900958163248],[-1.4959598014127935,53.65908533871529],[-1.4962942634805785,53.6591810283706],[-1.4966113264983796,53.659295729186425],[-1.4969079372346803,53.65942833668062],[-1.4971812393210158,53.659577573931806],[-1.4974286007544133,53.659742003870676],[-1.4976476392432565,53.6599200431133],[-1.4978362451525893,53.66010997720358],[-1.4979926018277514,53.66030997711837],[-1.4980679033477806,53.66043781650654],[-1.498230087611104,53.6605696389258],[-1.498418699026077,53.66075957209057],[-1.4985435180780533,53.66091922570469],[-1.498632569871369,53.66096784887241],[-1.4988799450781325,53.66113227580626],[-1.4990989968708581,53.66131031238287],[-1.4992876154864794,53.66150024417185],[-1.4994439841479692,53.66170024217221],[-1.4995665965715272,53.66190838042101],[-1.499654271487056,53.66212265453652],[-1.4997061640315514,53.66234100101764],[-1.499721773905024,53.6625613171135],[-1.499717808830089,53.66260323908784],[-1.4988430464750788,53.66398518147688],[-1.4985948747978592,53.66414552148266],[-1.4983180227316908,53.66429245242118],[-1.498277857224185,53.66430988514704],[-1.4982750573256045,53.66433947590005],[-1.4982179905339656,53.664557366645035],[-1.498125237940139,53.66477088604098],[-1.4980889448129624,53.66482981422189],[-1.4981876061624064,53.66492915766785],[-1.4983439821951743,53.665129157006724],[-1.4984665990357444,53.66533729627255],[-1.4985542753713768,53.665551571073856],[-1.4986061663252759,53.665769917902885],[-1.4986217716126506,53.66599023400545],[-1.4986009403797333,53.66621039762981],[-1.4985438726783429,53.66642828845988],[-1.4984511175609685,53.66664180803574],[-1.4984431966202258,53.66665466867291],[-1.498387306584602,53.66686805763425],[-1.498328851126605,53.66700261799936],[-1.4969483795970513,53.667813599010245],[-1.496570254942247,53.66800832510819],[-1.4958766989342032,53.66817810346511],[-1.4957578609086497,53.66823159905842],[-1.4936478576826118,53.66949840228775],[-1.4935906846741067,53.66958871963058],[-1.4935249970841937,53.66960949128099],[-1.4928139568799519,53.66989504571865],[-1.4923762801337723,53.670116762876134],[-1.4917930706329143,53.67044361984393],[-1.4910877501921356,53.671298507171784],[-1.4910568878510748,53.67146505623418],[-1.4911350419791973,53.67198504764254],[-1.4914935182153342,53.672274838144254],[-1.4916626246038502,53.67280586829469],[-1.491620577898125,53.67314687012765],[-1.4921721364899803,53.67380476304501],[-1.4922476339159347,53.67399821524587],[-1.4921771435253954,53.6742520429066],[-1.4905652257473956,53.67482413968769],[-1.4901103772423403,53.67418330589728],[-1.489379743274184,53.67392981944693],[-1.4889594027126254,53.67401020175144],[-1.488491234333462,53.67426257548154],[-1.4892732478913335,53.675595921504936],[-1.490385063583745,53.67511905080612],[-1.491980967178241,53.67559216734487],[-1.49199575908885,53.67639965421715],[-1.4918145374168732,53.67695172028975],[-1.491191653820464,53.677017940147564],[-1.4900127573058202,53.676638926289485],[-1.489215845344729,53.67564800170889],[-1.486363082543039,53.675825557061344],[-1.486028206750015,53.674164672170605],[-1.4851756635773279,53.67391239395409],[-1.485026993773833,53.67391138261163],[-1.4824578289531194,53.674147226767005],[-1.4813471013251314,53.67456193201212],[-1.4806882795701826,53.67502111209341],[-1.4799517763136372,53.67512634606856],[-1.4797955285611961,53.6751211082726],[-1.4794285794751114,53.675087158237524],[-1.4790827926822585,53.675034129331245],[-1.4786447604160546,53.674323944158054],[-1.47825353045845,53.67304327872464],[-1.4772091448166658,53.672540436252746],[-1.4763075647278292,53.67235567968771],[-1.4755674022271383,53.67173143872818],[-1.47507660295234,53.67151428415711],[-1.4750484942370874,53.67148860197425],[-1.4750621935573849,53.67141033908154],[-1.4748173623064313,53.67102276904832],[-1.4741793550226783,53.670426169899294],[-1.4735036531891834,53.67009142529197],[-1.4728881874294466,53.669990578664866],[-1.4725605289785237,53.66981487290222],[-1.4721969016871381,53.66968090774434],[-1.472571245840846,53.668999132387704],[-1.4726602193002447,53.66746518148238],[-1.4680307087590643,53.669648759457985],[-1.4679199608849187,53.669599217064786],[-1.4676466980442329,53.669449913379246],[-1.4673993963804066,53.6692854223367],[-1.4671804374771833,53.66910732824221],[-1.4669919298531944,53.6689173463984],[-1.4668356886625118,53.668717306580206],[-1.4667132182243934,53.66850913540739],[-1.466637030102371,53.66832258608629],[-1.4691631501706504,53.66574023225302],[-1.4692707985437004,53.66571789351167],[-1.469631628031461,53.66566591009704],[-1.4699992987787465,53.66563518052909],[-1.4703702704619572,53.665626000705394],[-1.4707409709873265,53.66563845902013],[-1.4711078308703789,53.66567243551316],[-1.4714673175903403,53.665727603024564],[-1.4718159695894752,53.66580343034344],[-1.4721118349172244,53.6658881376107],[-1.4720674666443438,53.66570094149576],[-1.4720519999812438,53.66548062226054],[-1.4720729691760734,53.6652604635642],[-1.47213017171978,53.66504258563514],[-1.4722230561801495,53.66482908670458],[-1.472350727533172,53.66462202280162],[-1.4725119558016624,53.66442338795567],[-1.4727051879172206,53.66423509499691],[-1.4729285626906554,53.66405895714003],[-1.4731799287461709,53.66389667052749],[-1.4734568652462325,53.66374979790106],[-1.4737567052072813,53.66361975355816],[-1.4740765611816868,53.66350778973774],[-1.4744133530587236,53.663414984566764],[-1.4747638377170638,53.66334223168272],[-1.4751246402436498,53.66329023163236],[-1.4754922864188196,53.66325948512907],[-1.4758632361555093,53.66325028823351],[-1.4762339175712165,53.6632627295042],[-1.4766007613654357,53.6632966891451],[-1.476760226733742,53.663321154713216],[-1.4769194350894252,53.663195596584735],[-1.4771707807094139,53.663033301523434],[-1.4774476977154816,53.662886419600554],[-1.4776265657347665,53.662808831739724],[-1.4778036813811912,53.66266914587883],[-1.4780550204706144,53.66250684893186],[-1.4783319309526641,53.6623599649359],[-1.4786265781960526,53.66223215009063],[-1.4786474835880907,53.66221177413743],[-1.4788708229035095,53.66203562505334],[-1.4789607690569417,53.6619775417826],[-1.4789705071361021,53.66187511494666],[-1.4790276694259006,53.661657233505146],[-1.4791205115044783,53.66144372900441],[-1.4791877612780138,53.66133461848914],[-1.4789777665602735,53.661315182662015],[-1.47861830739144,53.661260037720695],[-1.478269680492646,53.661184230208214],[-1.4779352437637923,53.661088490301495],[-1.4776182183654856,53.66097374016005],[-1.4773216576839683,53.66084108503996],[-1.4771718343761204,53.6607592304632],[-1.4770315254375173,53.66086989109684],[-1.4767801922116581,53.66103218595387],[-1.4765032850927249,53.66117906640209],[-1.4762034709138643,53.661309117736224],[-1.4758836372245252,53.66142108733163],[-1.4755468644750567,53.66151389671405],[-1.47519639633964,53.66158665195136],[-1.474835608463767,53.661638652267555],[-1.4744679759378019,53.66166939679558],[-1.474097039810508,53.66167858940389],[-1.473726372965811,53.66166614155003],[-1.473359545692207,53.66163217313386],[-1.4730000912772419,53.661577011342075],[-1.4726514719592587,53.661501187495226],[-1.472317045565085,53.661405431927584],[-1.4720000331557164,53.661290666949526],[-1.4717034879922073,53.661157997960004],[-1.4714302661211784,53.66100870279531],[-1.4711829988635798,53.660844219416475],[-1.4709640674719142,53.66066613205467],[-1.4707755802000224,53.660476155947656],[-1.4706193520061845,53.66027612081502],[-1.4704968870847352,53.66006795323149],[-1.4704093643940184,53.65985365806793],[-1.4703914104829332,53.65977788441594],[-1.4703091345948283,53.65967253511296],[-1.4701866729334088,53.65946436719901],[-1.470099153047261,53.65925007179381],[-1.4700776790414705,53.659159437582616],[-1.4710911902787078,53.65727175104177],[-1.4711597879996385,53.65722745832398],[-1.4713817813444594,53.657109712666966],[-1.4715094641010245,53.656985276362214],[-1.47173280531073,53.65680914044218],[-1.4719841326222007,53.656646856050486],[-1.4720346121705234,53.656620080706205],[-1.4717918187299242,53.656511447507285],[-1.471746952621297,53.656486929042316],[-1.4714658183895182,53.653511702084415],[-1.472002331429816,53.652965125963895],[-1.4721349871816454,53.65290757925187],[-1.4724547661468266,53.6527956193788],[-1.4727914760179495,53.65270281840721],[-1.473141874463235,53.65263006993422],[-1.4735025873996381,53.65257807446417],[-1.473870141469988,53.6525473326663],[-1.4742409974738966,53.65253814055606],[-1.474611584431199,53.652550586645866],[-1.4749783339507079,53.652584551093305],[-1.4751561150987622,53.65261183611864],[-1.4751445498034408,53.652592177841925],[-1.475080402539662,53.652435133810535],[-1.4750562315970004,53.65239404857059],[-1.4749687013933552,53.652179756447104],[-1.4749169488733973,53.651961399214485],[-1.4749014718959426,53.65174107981717],[-1.4749224189468577,53.65152092006402],[-1.4749795877308058,53.65130304019358],[-1.475072427141128,53.65108953845587],[-1.4752000425880516,53.65088247090704],[-1.47536120463312,53.650683831611694],[-1.475554360845945,53.65049553344298],[-1.4757776507684817,53.6503193896658],[-1.4760289238421698,53.650157096479745],[-1.4763057601249185,53.650010216689964],[-1.4766054935982045,53.64988016466294],[-1.4769252378397346,53.649768192711726],[-1.4771521845461482,53.649705628976555],[-1.477195098342051,53.64954203653066],[-1.4772879226438735,53.64932853297654],[-1.4774155218768974,53.649121462967116],[-1.4775766667588313,53.648922820590684],[-1.4777698050245793,53.648734518750125],[-1.477993076388925,53.64855837074569],[-1.4781993109985072,53.648425153340966],[-1.4782155251531657,53.64825458319378],[-1.4782396931457678,53.648162439798504],[-1.4782321359414539,53.64815830987112],[-1.477984916964013,53.647993840299044],[-1.4777660230294913,53.647815765079834],[-1.477577562031263,53.647625799334214],[-1.4774213486749117,53.647425772682034],[-1.4772988870122707,53.64721761161621],[-1.4772113559707283,53.64700332094493],[-1.4771606673667206,53.646789475877064],[-1.4771530625230016,53.646776548835874],[-1.47706553311981,53.64656225804607],[-1.4770137764442164,53.646343901505006],[-1.4769982903952563,53.64612358215048],[-1.4770192235463522,53.645903421790955],[-1.4770763737362163,53.645685540670854],[-1.47716919003743,53.645472037052244],[-1.4772967780829218,53.64526496700943],[-1.4774579086982427,53.645066324631],[-1.477651029755777,53.64487802281993],[-1.477874281136095,53.6447018748762],[-1.478125512651828,53.64453957703952],[-1.4784023047610857,53.644392692159904],[-1.478701991870695,53.64426263465288],[-1.4790216880047704,53.64415065688431],[-1.4793583145915268,53.644057837115525],[-1.4797086301009665,53.643985069124696],[-1.480069261248448,53.64393305360412],[-1.4804367354641488,53.643902291416126],[-1.4808075143164041,53.64389307877251],[-1.4811780275677575,53.643905504383376],[-1.4815447075365726,53.64393944860347],[-1.4819040234341045,53.643994584583574],[-1.4822525153471875,53.64407038141627],[-1.4825868275400573,53.64416610924571],[-1.4829037407553252,53.64428084629228],[-1.4831010691327537,53.64436913393372],[-1.483164993866363,53.64435991202624],[-1.4835324696048493,53.64432914034222],[-1.483903251590374,53.64431991811934],[-1.484273769555314,53.64433233415993],[-1.4846404557726598,53.64436626891089],[-1.4849997793935252,53.644421395614174],[-1.4853482804304057,53.644497183451705],[-1.485682603059722,53.644592902654196],[-1.4859995279236347,53.64470763152515],[-1.4862609588590032,53.64482458768047],[-1.4863807211702802,53.64463013853317],[-1.4865418067392777,53.64443148380416],[-1.4867348845095059,53.644243167220566],[-1.4869580947782595,53.64406700222462],[-1.4872086625424832,53.643905089224475],[-1.4871737189558938,53.6438195870614],[-1.4871219133025528,53.64360123467698],[-1.4871063754730733,53.643380916409505],[-1.4871272545396619,53.64316075405702],[-1.4871843488619652,53.642942867883214],[-1.4872771080506246,53.6427293561989],[-1.4874046382885757,53.64252227515617],[-1.4875657109580276,53.64232361894962],[-1.487733977526561,53.64215948821998],[-1.4876863600062817,53.64195879193684],[-1.4876708197820476,53.64173847367658],[-1.487691695042364,53.64151831115638],[-1.4877487841835875,53.641300424641564],[-1.4878415368663067,53.64108691244624],[-1.4879690593361556,53.640879830727386],[-1.4881301230501898,53.640681173686154],[-1.4883231765250122,53.64049285436669],[-1.4885463602919256,53.64031668623777],[-1.4887975248145497,53.640154365733494],[-1.489074251195971,53.640007455922216],[-1.4893738744757778,53.63987737145959],[-1.4896935092925494,53.63976536497104],[-1.4900300776647573,53.63967251499453],[-1.4903803386227812,53.63959971559909],[-1.4907409194070862,53.639547667779404],[-1.491083688485604,53.63951893951327],[-1.4912165315221557,53.63935506648211],[-1.4914095651884864,53.639166742098396],[-1.491632729096646,53.63899056813101],[-1.4918838739014555,53.6388282410704],[-1.4920794198982053,53.638724416489445],[-1.4920990623040928,53.63851701170825],[-1.492156124592723,53.63829912292083],[-1.4922488483582006,53.63808560713743],[-1.492376340124695,53.63787852054968],[-1.4925373716449708,53.637679857405615],[-1.4927303917456685,53.63749153080824],[-1.49295354127947,53.63731535429636],[-1.4932046710396203,53.637153024384936],[-1.493308673977147,53.63709780014626],[-1.493349764522031,53.6370653584563],[-1.4936008912754635,53.636903027700015],[-1.4938775796874662,53.63675610661916],[-1.4941771651631826,53.63662600997792],[-1.4944967627051398,53.636513990519035],[-1.494833294690647,53.636421126905354],[-1.4951835205003614,53.63634831333725],[-1.4955440677130993,53.63629625094587],[-1.4958547745022406,53.636270195150416],[-1.4958608456011235,53.63626806710106],[-1.496197372654996,53.6361751996377],[-1.4965475941019686,53.63610238206604],[-1.4969081375628503,53.636050315555806],[-1.4972755313118937,53.63601950146029],[-1.4973058540348387,53.63601874365554],[-1.4974220453573772,53.63597801388868],[-1.4977585666983309,53.6358851420192],[-1.498108783080708,53.63581231986526],[-1.4984693221740648,53.63576024864076],[-1.4988367122946928,53.63572942974436],[-1.4989082484572644,53.63572764100115],[-1.4989705305437362,53.63571045168864],[-1.499320743412986,53.63563762597911],[-1.4995091825319802,53.63561040848425],[-1.499667006484451,53.6355083684762],[-1.4999436647526456,53.635361433272884],[-1.5002432217540007,53.63523132135671],[-1.5002900128681482,53.63521491734043],[-1.5002402587585766,53.635093248527824],[-1.5001883959936462,53.63487490135107],[-1.500172792983763,53.63465458431188],[-1.5001935994291744,53.63443441919657],[-1.500250614389174,53.63421652629557],[-1.5003432882389092,53.63400300398455],[-1.5004707279833054,53.63379590851806],[-1.5006317058761292,53.63359723422971],[-1.500824671260441,53.63340889432991],[-1.5010477655157866,53.63323270248557],[-1.5012988399676557,53.63307035535935],[-1.5015754765863292,53.63292341627603],[-1.5018750112755836,53.63279330017317],[-1.5021945595268564,53.632681259981],[-1.5025310441919535,53.632588374561955],[-1.50263114476814,53.63256755417124],[-1.5025892076296339,53.632533449871985],[-1.5024007025327197,53.63234352261991],[-1.5022444275358469,53.63214352771042],[-1.502121887285203,53.6319353913308],[-1.5020342614657418,53.63172111805151],[-1.5019823934572742,53.631502771517],[-1.5019667822316556,53.631282454568876],[-1.5019875775683738,53.63106228899257],[-1.5020445786338148,53.630844395082924],[-1.5021372359370353,53.63063087122538],[-1.502264656642397,53.6304237736894],[-1.5024256131870863,53.63022509682853],[-1.5026185551198012,53.63003675387795],[-1.5028416240459586,53.629860558534055],[-1.5030926715349795,53.629698207493206],[-1.503369279816785,53.62955126411786],[-1.503668785068,53.629421143386985],[-1.503988303063498,53.62930909827532],[-1.5043247569463765,53.62921620769278],[-1.504674906849158,53.62914336609944],[-1.5050353810813721,53.62909127489636],[-1.5054027085836952,53.629060435674624],[-1.5057733523367665,53.629051145387706],[-1.5061437434036629,53.62906349349333],[-1.5065103152790065,53.62909736109244],[-1.506869538214726,53.62915242207352],[-1.5072179531927314,53.62922814625128],[-1.5075522052181285,53.629323804469315],[-1.5078690756130548,53.629438475618265],[-1.5081655130007947,53.62957105550144],[-1.508438662682268,53.62972026746323],[-1.5086858941223849,53.62988467467764],[-1.5089048262817828,53.6300626939794],[-1.5090933505500441,53.63025261110437],[-1.5092496510594515,53.63045259719261],[-1.509372222183389,53.63066072639581],[-1.5094598830504555,53.63087499441932],[-1.5095117889339822,53.631093337820666],[-1.5095274394065976,53.631313653878614],[-1.5095066831805717,53.63153382084198],[-1.509449719586518,53.631751718362615],[-1.5093570966753742,53.631965247916284],[-1.509229705961111,53.632172353014646],[-1.5090687738540012,53.63237103901355],[-1.5088758498662247,53.632559392326584],[-1.5086527917027486,53.63273559885923],[-1.508401747380551,53.632897961485064],[-1.508125134548009,53.633044916396436],[-1.5078256172033813,53.63317504817112],[-1.5075060800365374,53.63328710340986],[-1.5071696006411226,53.633380002813674],[-1.507069500349771,53.633400826997196],[-1.5071114419669756,53.633434929731955],[-1.507299973100862,53.63362484958949],[-1.5074562774774696,53.63382483791516],[-1.5075788494328355,53.63403296883909],[-1.5076665080874412,53.63424723805006],[-1.5077184087358033,53.63446558209412],[-1.5077340510008486,53.63468589824394],[-1.5077132836737737,53.63490606474736],[-1.5076621695136627,53.63510153852032],[-1.5076855881660172,53.63509136435698],[-1.5080051385239666,53.634979308702306],[-1.5083416288464093,53.63488640699925],[-1.5083543995876676,53.63488375020971],[-1.5083676340979306,53.63486223656912],[-1.508515753224127,53.6346793850532],[-1.5085068662157652,53.63455424735971],[-1.5085276292276812,53.63433408069605],[-1.5085846011324788,53.63411618372684],[-1.508677232719903,53.63390265486703],[-1.5088046314018078,53.63369555043428],[-1.5089655698273083,53.633496864848574],[-1.5091584977194248,53.63330851142915],[-1.5093815568186284,53.63313230397321],[-1.5096325987888166,53.63296993929375],[-1.509909205912921,53.632822980884605],[-1.5102087143785963,53.63269284386943],[-1.5105282399296671,53.63258078137981],[-1.5108647056364048,53.63248787249295],[-1.5112148715174327,53.63241501184518],[-1.5115753657284068,53.632362901021004],[-1.5119427170176358,53.6323320418004],[-1.5123133881367485,53.632322731329424],[-1.5126838098853725,53.6323350592601],[-1.5130504154627742,53.632368906887656],[-1.5134096747964598,53.632423948292875],[-1.5137423595455113,53.63249622753381],[-1.513835785598481,53.63242241371325],[-1.5140868062949715,53.632260039626956],[-1.5143633933465133,53.632113070864236],[-1.514662883133977,53.63198292264851],[-1.5149823915809748,53.63187084821921],[-1.5153188419224113,53.6317779267685],[-1.5155496486004272,53.631729891428286],[-1.515486770748594,53.631649460696416],[-1.5152897013844417,53.6315418351842],[-1.5150424345418592,53.63137744157662],[-1.5148234697075698,53.63119943346737],[-1.5146349154586407,53.631009525330924],[-1.5144785873996445,53.63080954623229],[-1.514355990688002,53.63060142220659],[-1.5142683055526074,53.630387157705336],[-1.5142163759446714,53.63016881628857],[-1.5142007014293966,53.62994850074864],[-1.5142214323958503,53.629728332857496],[-1.5142783686303567,53.62951043293242],[-1.5143709612662961,53.62929689941685],[-1.5144983180907325,53.6290897886733],[-1.514659212155933,53.62889109518263],[-1.5148520936121403,53.62870273234024],[-1.5150751046469972,53.6285265140341],[-1.51532609738722,53.628364137181784],[-1.515602654589749,53.628217165394304],[-1.515902112922878,53.62808701392431],[-1.5162215886130779,53.6279749360425],[-1.5165580052106316,53.62788201097437],[-1.516908123206919,53.62780913351205],[-1.5171778496910833,53.6277701256936],[-1.517438967377516,53.62763134978249],[-1.5177384159302267,53.62750119368452],[-1.5180578823508781,53.62738911087064],[-1.5183942902789804,53.627296180613754],[-1.518744400289367,53.627223297756004],[-1.5191048410755237,53.627171164095756],[-1.519472141900042,53.62714028163289],[-1.5198427660003424,53.627130947737236],[-1.5202131446286815,53.62714325228637],[-1.5205797113994373,53.62717707680067],[-1.5209389366137245,53.627232095583395],[-1.5212873612315898,53.62730777885554],[-1.5214436882702451,53.627352497015835],[-1.5215520847717932,53.62724661351488],[-1.5217750602560305,53.62707038260691],[-1.521843719209287,53.6270259547208],[-1.5216682726237964,53.626849270843536],[-1.5215119265102621,53.626649300751886],[-1.5213893070794937,53.626441183735494],[-1.521301594779384,53.626226924178425],[-1.521249633822945,53.62600858559311],[-1.521233924077458,53.625788270744685],[-1.5212455877096003,53.62566416750977],[-1.5212098675356085,53.62551406970135],[-1.5211941581650632,53.6252937548303],[-1.5212148503082328,53.6250735854727],[-1.5212717441254688,53.624855681959936],[-1.5213642911587641,53.62464214277008],[-1.5214915996344287,53.62443502432039],[-1.521652443070385,53.62423632116597],[-1.521845272104452,53.62404794679532],[-1.5220682294290693,53.623871715207514],[-1.5223191676881216,53.623709323448054],[-1.5224612084814992,53.62363381504759],[-1.5223764877598933,53.623426863172156],[-1.522324524603335,53.623208524946385],[-1.5223088102093538,53.62298821012577],[-1.5223294953513193,53.622768040475364],[-1.5223863802570863,53.62255013632944],[-1.5224789165545365,53.62233659617216],[-1.5226062125734292,53.62212947643011],[-1.5227670419517003,53.62193077167085],[-1.5229598554625798,53.62174239539837],[-1.5231827959480229,53.62156616163006],[-1.5234337162140832,53.621403767432426],[-1.523710199715523,53.621256776583664],[-1.524009583830226,53.621126604519894],[-1.5243289854992,53.62101450471029],[-1.5246653289853314,53.62092155659146],[-1.5250153754838276,53.62084865517755],[-1.525375754299581,53.620796502445614],[-1.525742995291739,53.620765600579226],[-1.5261135622736974,53.62075624713501],[-1.5264838870475663,53.62076853217878],[-1.52685040374617,53.62080233741867],[-1.5272095831526786,53.62085733734358],[-1.5275579666681642,53.620933002356],[-1.527892199600784,53.621028603869206],[-1.528209063456699,53.62114322131985],[-1.528505506922403,53.62127575102824],[-1.5287786752406,53.621424916821844],[-1.5290259376971083,53.621589282319285],[-1.5292449129543002,53.621767264757004],[-1.529433491987182,53.62195715022585],[-1.529589858401122,53.622157110170825],[-1.5297125059353032,53.62236521899543],[-1.5298002529829309,53.62257947260132],[-1.5298522539878094,53.62279780768502],[-1.5298680076068814,53.62301812160553],[-1.529847361559376,53.623238292632415],[-1.529790514115062,53.623456200378435],[-1.5296980122064339,53.62366974622116],[-1.529570746182189,53.623876873515485],[-1.529409941251717,53.62407558740362],[-1.5292171457022687,53.62426397403073],[-1.5289942160016432,53.62444021898154],[-1.5287432989293324,53.624602624759795],[-1.5286012660405957,53.62467814061945],[-1.5286860197095928,53.62488508811596],[-1.5287380177229377,53.62510342359304],[-1.5287537663241393,53.62532373756447],[-1.5287421248146709,53.62544784158509],[-1.5287778716741227,53.625597937204176],[-1.528793620651428,53.62581825115295],[-1.5287729675583268,53.62603842187623],[-1.5287161107323477,53.62625632898983],[-1.5286235971962525,53.6264698738773],[-1.5284963174106436,53.626676999902756],[-1.5283354967173803,53.6268757122206],[-1.5281426835554783,53.627064096991134],[-1.5279197345623283,53.62724033981692],[-1.5278510816204656,53.6272847711993],[-1.5280265558815704,53.627461446060686],[-1.5281829358230956,53.62766140768841],[-1.5282299335188603,53.62774114854465],[-1.5282820143727458,53.62776442857792],[-1.528555223664166,53.62791359480735],[-1.5288025230263513,53.62807796066688],[-1.5290215307662216,53.62825594338957],[-1.5292101375458866,53.628445829063494],[-1.529366526703386,53.62864578913176],[-1.529489191758723,53.62885389799669],[-1.5295769509361905,53.629068151559586],[-1.5296289585625749,53.629286486517366],[-1.5296412735731557,53.62945870015143],[-1.5296569142838354,53.629460142064325],[-1.5300161708409246,53.629515133652475],[-1.5303646306415142,53.62959079054914],[-1.5306989382593592,53.62968638424578],[-1.5310158744815856,53.62980099425432],[-1.5313123872979484,53.62993351696681],[-1.5315856212834014,53.63008267627812],[-1.5318329450914319,53.63024703586937],[-1.532051976793587,53.63042501303394],[-1.5322406068212413,53.630614893913524],[-1.5323970182885607,53.63081484999732],[-1.5325197045006937,53.63102295572614],[-1.5326074834781593,53.631237207031475],[-1.532659509357024,53.63145554063201],[-1.532675280554412,53.631675853901115],[-1.5326546446199742,53.631896025114614],[-1.5325977997257851,53.63211393388355],[-1.5325052927794824,53.63232748157557],[-1.5323780141779932,53.632534611527795],[-1.53221718925157,53.632733328856794],[-1.5320243664798083,53.63292171967459],[-1.5318014025924869,53.6330979695255],[-1.5315504446982,53.63326038086602],[-1.531512164246242,53.633280731200074],[-1.531504206095992,53.63336561103037],[-1.53144735325628,53.633583519182515],[-1.5313548372466852,53.633797065913704],[-1.5312891142473488,53.633904012969964],[-1.5313467821877305,53.63385842901184],[-1.5315977444244322,53.63369601812374],[-1.5318742802823038,53.63354900883111],[-1.5321737266348916,53.63341881674765],[-1.5324931998237887,53.6333066955352],[-1.5328296234231649,53.633213724836395],[-1.5331797578568362,53.63314079988278],[-1.533540231583057,53.633088622878006],[-1.5339075735472343,53.633057696239305],[-1.5342782465907037,53.633048317761784],[-1.534648681494548,53.63306057775229],[-1.5347733722832522,53.63307206659929],[-1.5347634353854753,53.63293335545517],[-1.5347840608820231,53.63271318389439],[-1.534840895341491,53.632495274087155],[-1.5349333908771865,53.63228172457225],[-1.5350606562110087,53.63207459186642],[-1.535221465275983,53.63187587066209],[-1.5354142690405626,53.63168747462167],[-1.5356372104401832,53.631511217952884],[-1.5358881422717579,53.63134879794275],[-1.5361646478783892,53.63120177861799],[-1.5364640644248644,53.631071575688914],[-1.5367835085397177,53.63095944292186],[-1.5371199040770025,53.63086646007074],[-1.5374700117306717,53.63079352248405],[-1.5378304602167676,53.63074133248715],[-1.538197778723663,53.63071039262236],[-1.5385684303184979,53.63070100081213],[-1.538938845988832,53.630713247491684],[-1.539305458992473,53.63074701473855],[-1.5396647391855207,53.63080197740744],[-1.5400132269988358,53.63087760625959],[-1.5403475667365534,53.63097317305652],[-1.5406645388766493,53.63108775756912],[-1.5409610910631628,53.63122025643501],[-1.5412343674920932,53.63136939377871],[-1.5414817364083706,53.63153373349286],[-1.5417008154493155,53.63171169306227],[-1.5418894945905757,53.631901558798155],[-1.5420459564734783,53.632101502335615],[-1.5421686939177608,53.632309598236276],[-1.5422565244506368,53.632523842526396],[-1.5422652240060037,53.63256031482569],[-1.542273285085001,53.63255808632122],[-1.5426233979603405,53.632485133694225],[-1.5429838546073626,53.632432928212],[-1.5433131054780125,53.632405181590514],[-1.5435169428209432,53.63236270624301],[-1.543877397336345,53.6323104980648],[-1.5442447251629157,53.6322795396728],[-1.5446153892780619,53.63227012916789],[-1.544985820548807,53.63228235716527],[-1.5453524520827862,53.632316105922364],[-1.5453730851995413,53.632319261181244],[-1.5458949455765791,53.63266979206713]],[[-1.4966940638057842,53.64248141137264],[-1.4983851590292898,53.64321380952175],[-1.5001473308941304,53.642291863459654],[-1.5003171647396278,53.64216223956788],[-1.5005741319845722,53.641707531153024],[-1.4976803452367065,53.64097900220256],[-1.4965986500329025,53.64186734618186],[-1.4965738146494074,53.64222240279053],[-1.4966940638057842,53.64248141137264]],[[-1.4892784606602263,53.66981888213063],[-1.4886017107504748,53.669914649521814],[-1.4883728008928017,53.670418855518804],[-1.4886519953837518,53.67040679070993],[-1.4898370756145722,53.670001012177295],[-1.4894067225846515,53.66982314570632],[-1.4892784606602263,53.66981888213063]],[[-1.4878757535297713,53.668093142013824],[-1.4870783429755312,53.668240380648186],[-1.4875365411633084,53.66887799936786],[-1.4882903004024135,53.668761352186664],[-1.4883969183163963,53.66856310758529],[-1.4883935070054441,53.668520311686024],[-1.4878757535297713,53.668093142013824]],[[-1.4833030468351105,53.66037040450311],[-1.4832396829869392,53.660370131220006],[-1.480893984236656,53.66114491254633],[-1.482447545402578,53.66141784694281],[-1.4839560352235466,53.66108541383051],[-1.483904267173855,53.66092786241175],[-1.4833211259011474,53.660374749837764],[-1.4833030468351105,53.66037040450311]],[[-1.4798668543903775,53.64784374801512],[-1.483116982997652,53.647736414232966],[-1.4829584904252935,53.64695816900521],[-1.4824052718157323,53.64615527218413],[-1.4823225285077977,53.64618896600264],[-1.4798668543903775,53.64784374801512]],[[-1.4846615038792528,53.6559316982452],[-1.4855801041277688,53.656145130284294],[-1.4885058491748244,53.65618737159342],[-1.4886788473696897,53.65612535326021],[-1.4886371571458286,53.65607303036116],[-1.4872842672666995,53.65525771222545],[-1.4849080744002303,53.65516992590185],[-1.4846615038792528,53.6559316982452]],[[-1.4878382049800403,53.654350312660064],[-1.487423485283771,53.654196245335065],[-1.4867055461452712,53.654480299654],[-1.4871923573373869,53.654979446121615],[-1.4878382049800403,53.654350312660064]],[[-1.522443925812468,53.63845625746905],[-1.522347644004785,53.63855028451399],[-1.522553462353347,53.63855711620178],[-1.5224729164794997,53.63842045390362],[-1.522443925812468,53.63845625746905]],[[-1.5306428309880311,53.63457276945626],[-1.5306766586075626,53.63457389006239],[-1.5307085710528294,53.634521963170286],[-1.5306509015171852,53.63456754681249],[-1.5306428309880311,53.63457276945626]],[[-1.5366555275613576,53.637196605334545],[-1.5367061160438191,53.637002630916754],[-1.5366329442092197,53.637041532069304],[-1.5365935632685064,53.63705865480926],[-1.5366049766342609,53.63710652694061],[-1.5366205427522772,53.63732366506909],[-1.5366416407900003,53.637344896537954],[-1.5366555275613576,53.637196605334545]],[[-1.5064176104331657,53.63801378360231],[-1.5062612956185821,53.63781379403722],[-1.50617946410095,53.63767484597127],[-1.5060028272931776,53.637751576900364],[-1.5059823167824617,53.63775876835476],[-1.505988265124454,53.63784259162121],[-1.5059674870545703,53.63806275768145],[-1.505910496224665,53.63828065321886],[-1.5058178409477823,53.63849417972828],[-1.5056904130494317,53.63870128075066],[-1.5055294392978669,53.63889996168102],[-1.505336469606244,53.63908830898176],[-1.5051133621196449,53.639264508616165],[-1.504862265330065,53.63942686352424],[-1.504796105301286,53.63946200320571],[-1.504764840469713,53.63958152264424],[-1.5050531134348148,53.63955732747085],[-1.50542384928613,53.63954803848932],[-1.505627670093986,53.63955483262685],[-1.5057304235533548,53.63948839297479],[-1.5060070869692594,53.63934144386853],[-1.5063066536833292,53.6392113168886],[-1.5066262388785674,53.639099265069895],[-1.5069627650510176,53.63900636738682],[-1.5069758250372092,53.63900365086218],[-1.506984752281402,53.638983076761114],[-1.507112174706598,53.63877597435859],[-1.5072290605322705,53.63863170026567],[-1.5070724005353646,53.6385461377869],[-1.5068251249601903,53.63838172737949],[-1.5066061587293629,53.638203704445566],[-1.5064176104331657,53.63801378360231]]]}},{"type":"Feature","properties":{"db_school_name":"Airedale Academy","urn":"136613","n_samples":302,"margin_m":366.5},"geometry":{"type":"Polygon","coordinates":[[[-1.3278217657378517,53.71844879474083],[-1.3273509009135696,53.71859458491322],[-1.3270184592175527,53.719162817068906],[-1.3279942512631102,53.7201397948903],[-1.328502080306597,53.72008086328856],[-1.328675867199206,53.719925870606396],[-1.328698849749546,53.719141518358995],[-1.3306630113878875,53.71973782044627],[-1.3307884451718284,53.71984928472839],[-1.331172496890587,53.71996064739387],[-1.3312725311661715,53.720391810208916],[-1.3331430228539043,53.72070479407395],[-1.3339061949900681,53.72072433563526],[-1.3340923328746672,53.72141180794539],[-1.3336812221979109,53.72182599098079],[-1.3329501290426227,53.722119723368635],[-1.3326509588815978,53.722295288498884],[-1.3321789118495218,53.72348311146836],[-1.333079036859657,53.7247118832387],[-1.3331957390573892,53.72477853941318],[-1.3332577024858658,53.72493131022225],[-1.3333088075488966,53.72514972387811],[-1.333316399754049,53.725263050396386],[-1.3286615362706962,53.72698346969183],[-1.3279485737283465,53.72716679712969],[-1.328225171409522,53.727835848488056],[-1.3284102320165032,53.7288230992742],[-1.328153392912468,53.73013420318503],[-1.3280906061744613,53.73017450969061],[-1.327812728275895,53.73032104151771],[-1.32751196557863,53.73045071606239],[-1.3272474357128228,53.73054272883835],[-1.327453135860969,53.73067989429622],[-1.327671819867217,53.730858241041346],[-1.3278599723882805,53.73104843897996],[-1.3280157811316706,53.73124865654766],[-1.3281377452017056,53.731456965666446],[-1.3282246895682548,53.73167136030835],[-1.3282757764001927,53.73188977581059],[-1.3282905131537417,53.732110108756494],[-1.3282687573370582,53.73233023723095],[-1.328210717904365,53.73254804125505],[-1.3281169532653714,53.73276142320361],[-1.3279883659283005,53.73296832800833],[-1.3278261938273255,53.73316676295257],[-1.327631998417202,53.73335481686643],[-1.327407649649107,53.73353067853758],[-1.3271553079718557,53.7336926541599],[-1.3268774035314674,53.733839183652066],[-1.3265766127691545,53.73396885568834],[-1.3262558326430667,53.73408042129694],[-1.3259181527221287,53.73417280589426],[-1.325566825421012,53.73424511963952],[-1.3252052346632848,53.734296666009065],[-1.3248368632751024,53.73432694850839],[-1.3247494789476948,53.734329000793686],[-1.3245686022095873,53.7344069717953],[-1.324247813467189,53.734518531994645],[-1.3239101256725614,53.73461091090317],[-1.3235587913162459,53.73468321873487],[-1.3231971943897918,53.73473475902309],[-1.3228288177787952,53.734765035331904],[-1.3224572097012128,53.73477375603985],[-1.3220859495149582,53.73476083715025],[-1.321718613224852,53.73472640310043],[-1.3213587390219756,53.73467078556256],[-1.3210097931881335,53.73459452024747],[-1.3206751366945775,53.73449834174217],[-1.3203579928174123,53.73438317643115],[-1.3200614160821826,53.734250133569724],[-1.3197899490197633,53.73410141832614],[-1.3196554939142757,53.73404110121952],[-1.3193823434678194,53.733891461323424],[-1.3191352471841418,53.733726666674976],[-1.3189224553426648,53.733553093216656],[-1.3189021559432204,53.73359926326496],[-1.3188380089205098,53.73370243664092],[-1.3189231046343337,53.7337490556961],[-1.319170200214988,53.73391385077922],[-1.3193888656946349,53.73409221248637],[-1.319576995026364,53.734282423256026],[-1.319732776140812,53.73448265140023],[-1.3198547084081762,53.73469096873908],[-1.3199416171044134,53.734905369165425],[-1.3199926647417464,53.735123787960696],[-1.3200073591537118,53.73534412167648],[-1.3199855582561129,53.735564248390205],[-1.3199274714372387,53.735782048139825],[-1.3198336575630978,53.73599542334128],[-1.3198072542216412,53.7360378895002],[-1.3197475617350702,53.73609091529427],[-1.3196553427607784,53.736169038109836],[-1.319562438069708,53.736242662921995],[-1.319495665008665,53.73629396567844],[-1.3193944226539998,53.73636754306841],[-1.3192963495129304,53.73643259967094],[-1.3192149358019913,53.73649864956019],[-1.3191619424106888,53.73654149165725],[-1.3191058881826554,53.73658611397809],[-1.3190705082975687,53.736617820894104],[-1.3190289052403543,53.736659379380825],[-1.318960360857573,53.7367264009797],[-1.318887137980173,53.73680148526745],[-1.318817900571842,53.736864458212814],[-1.3187740159669368,53.73690645306826],[-1.3186985694955276,53.73697837878922],[-1.3186108578354476,53.73705877349306],[-1.318596619643384,53.73707161078461],[-1.3185938008069906,53.73707309658716],[-1.3184875737020822,53.73711887687232],[-1.3184304460428604,53.73721075090315],[-1.3183580184072765,53.73729933466948],[-1.3182521303988746,53.737398732544264],[-1.318186954682275,53.73746352607622],[-1.3180772309732922,53.73759403949212],[-1.318073954872632,53.73759721068503],[-1.3178876198436031,53.73774321863068],[-1.317913968214024,53.73778823447807],[-1.3177462513425664,53.73798772535047],[-1.3176598016025314,53.73810228177197],[-1.317558365735239,53.73821540473787],[-1.317538777514477,53.73823605591158],[-1.3174549002020364,53.73832276369645],[-1.3173572599387233,53.7384167634168],[-1.3172610272449436,53.7385080746325],[-1.3170983671230523,53.738666328847025],[-1.31693403971095,53.73882448347766],[-1.3167704398884974,53.73898443964679],[-1.3165990929491291,53.739145250311346],[-1.3164494242308382,53.739278051395544],[-1.316292357031943,53.739408922665554],[-1.3161280296896294,53.73954802143445],[-1.3159571826327123,53.73968708283838],[-1.315783116061147,53.73981893517548],[-1.31548824549086,53.740032879038175],[-1.3154873256884687,53.740033502961474],[-1.3153724448298116,53.74011499922124],[-1.3152534893704033,53.74019530368261],[-1.3151096783619753,53.74028436447288],[-1.3149642283827176,53.740371618122154],[-1.3148079865255728,53.7404605177526],[-1.314648560429255,53.74054939900698],[-1.314561034435569,53.74059878335132],[-1.3144706293101327,53.74064806131366],[-1.3143790535822468,53.74069472597511],[-1.3143495740545017,53.740708129674005],[-1.314195001727722,53.74076881541097],[-1.3141614426868113,53.74078033621458],[-1.3139384982773785,53.74077256399927],[-1.3135711164865154,53.74073810486988],[-1.3132112019674669,53.7406824627968],[-1.312862221390403,53.74060617372719],[-1.3125275360612205,53.740509972476886],[-1.3122103695337222,53.74039478564953],[-1.3120913258557185,53.740341378296996],[-1.311868814273162,53.740387142409055],[-1.3115071543334,53.74043864718068],[-1.311138719723425,53.740468887347085],[-1.3107706339295755,53.74047748811319],[-1.3106643578313169,53.74038943301321],[-1.3106088264577846,53.74034561175138],[-1.3104620746830267,53.74021534033136],[-1.310241233393335,53.740017322197964],[-1.310165614002431,53.7399503757646],[-1.3100840192729066,53.73987800208214],[-1.3100025926061707,53.73980464061536],[-1.309949277747592,53.739755169264214],[-1.309894432337482,53.73970658790199],[-1.309823001313695,53.73965242842992],[-1.309750039797715,53.73959915892597],[-1.3096888012759667,53.73956141632423],[-1.3096350395625682,53.7395300083575],[-1.3095780914869881,53.73949876180558],[-1.3094105856958174,53.73941411917588],[-1.3092368048044607,53.73933312533021],[-1.3091483051887258,53.73929369762505],[-1.3090599425978116,53.73925516945294],[-1.3089954596320734,53.73923044057721],[-1.3089188624831791,53.73920483300936],[-1.308840721482484,53.73918092424566],[-1.3087882026437194,53.73916624093094],[-1.3087341988617238,53.7391496615402],[-1.3086784818866781,53.73913585857491],[-1.308622872308629,53.739124752635185],[-1.308567205252049,53.739117151701784],[-1.308496486199689,53.73911216048616],[-1.3084226925196767,53.73910975807115],[-1.3082779530116502,53.73910694689625],[-1.3082056000488558,53.73910913658464],[-1.308154303845773,53.73911234637694],[-1.3080818475759661,53.73912082707365],[-1.308010726105969,53.739131113042156],[-1.3079704563585017,53.73913681309625],[-1.3078754401418975,53.739152713649766],[-1.307776217148067,53.73917551072087],[-1.3077291827080637,53.7391869240848],[-1.3076518201007883,53.7392079595907],[-1.3075759453004714,53.7392307113687],[-1.3074483388184654,53.73927392725475],[-1.3073222051798479,53.739319758055906],[-1.3072248851585129,53.73935586805931],[-1.3071305806098885,53.739392984078435],[-1.307106314512829,53.739402730965956],[-1.3069710882238432,53.739457497040206],[-1.3068145991646685,53.73952373487286],[-1.3066023499441377,53.739615626139916],[-1.3063916172365784,53.73970743591489],[-1.3060251337484445,53.73986647509541],[-1.3056659093418255,53.74002645395802],[-1.3053643559847372,53.740164041177216],[-1.3052708389172136,53.74013007034115],[-1.3049742698661302,53.73999699029506],[-1.3047011334385743,53.73984731712957],[-1.3044540601294548,53.73968249244671],[-1.3042354293197547,53.739504103764865],[-1.304047346364482,53.7393138692238],[-1.3038916223238441,53.73911362103181],[-1.3037697565325719,53.73890528781504],[-1.3036829221748332,53.73869087603884],[-1.3036319550031368,53.738472450680504],[-1.303617345309169,53.73825211533951],[-1.3036392332231546,53.73803199197707],[-1.3036974073862027,53.73781420047993],[-1.3037913070075655,53.737600838245726],[-1.3039200272861793,53.73739395998574],[-1.3040347340682825,53.73725373876247],[-1.3040405519005969,53.73723195695627],[-1.3041344484624002,53.73701859442299],[-1.3042631652547472,53.73681171576354],[-1.3044254622326454,53.73661331322208],[-1.3046197760365972,53.73642529739055],[-1.3048442350620877,53.73624947881373],[-1.3050966774940076,53.73608755055852],[-1.305374672131946,53.73594107191495],[-1.305675541805586,53.73581145338589],[-1.305996389154624,53.73569994310943],[-1.3063341245250477,53.73560761484483],[-1.3066854957133789,53.73553535763718],[-1.307047119272852,53.73548386726033],[-1.3074155130805658,53.73545363952008],[-1.3076414688976064,53.735448365543604],[-1.3076556914617798,53.73544447722311],[-1.3080070590547475,53.73537221612755],[-1.308368679632253,53.73532072175221],[-1.308737071100096,53.73529048994139],[-1.3090529884246966,53.735283112555884],[-1.3090768340392542,53.73519378989254],[-1.309170700496425,53.7349804232478],[-1.3092993862907676,53.734773539013084],[-1.3094616516758033,53.73457512948626],[-1.3096559335962545,53.73438710532656],[-1.3098803607546008,53.734211277159034],[-1.3101327716425504,53.734049338142896],[-1.3103536316771218,53.73393294218859],[-1.3103293267461917,53.73390169153264],[-1.3103071231939336,53.733863740515645],[-1.3102317829995094,53.73387923702642],[-1.309870177037238,53.733930737081394],[-1.3095017982495127,53.733960972421606],[-1.309130194875301,53.73396965182032],[-1.3087589462272124,53.73395669167872],[-1.3083916281988883,53.73392221683153],[-1.3081434166964325,53.733883826378076],[-1.307897749687988,53.73404143053079],[-1.3078809790256756,53.734050268274785],[-1.3078570145034247,53.734140029104],[-1.3077631433125603,53.73435339473478],[-1.3076344512908153,53.73456027731489],[-1.307472177380765,53.734758684341564],[-1.3072778840179329,53.7349467049137],[-1.3070534420971809,53.73512252813995],[-1.30680101296482,53.7352844605844],[-1.3065230276095192,53.73543094258156],[-1.3062221632521656,53.73556056326306],[-1.30590131756008,53.735672074151736],[-1.3055635807340118,53.73576440119108],[-1.3052122057370097,53.73583665509464],[-1.3048505769522807,53.73588813991523],[-1.3045656288344771,53.73591151433941],[-1.3045441684442511,53.73592282187972],[-1.3042432945166875,53.736052437552694],[-1.303922439876546,53.73616394310629],[-1.3035846948107932,53.736256264535406],[-1.3032333123618733,53.73632851260762],[-1.302871676984795,53.736379991431924],[-1.3025032719356915,53.73641020516443],[-1.3021316457065604,53.736418862786536],[-1.3017603778302103,53.73640588090916],[-1.3013930443855282,53.73637138457644],[-1.3010331835361162,53.736315706060516],[-1.3006842614350251,53.73623938165959],[-1.3004815433226165,53.73618108150765],[-1.3003701612703262,53.73620397982477],[-1.3000085235425967,53.73625545000295],[-1.2996401176090586,53.73628565493174],[-1.29926849197024,53.73629430367738],[-1.298897226153263,53.73628131293634],[-1.2987556213512297,53.73626801144435],[-1.298740359658812,53.73632512462037],[-1.2986464373934745,53.73653848287062],[-1.2985176939204375,53.73674535542233],[-1.2983553686778406,53.73694374986932],[-1.2981610245956723,53.73713175543156],[-1.2979365330573782,53.737307561362236],[-1.297684055887274,53.737469474391986],[-1.2974060245368377,53.73761593504221],[-1.2971051166701093,53.73774553265018],[-1.2967842303736272,53.7378570189609],[-1.2964464562393831,53.737949320154634],[-1.2960950475899147,53.73802154719383],[-1.2957333891326908,53.738073004390074],[-1.2953649643462382,53.73810319610786],[-1.2949933219127294,53.73811183154056],[-1.2946220415210994,53.73809882751291],[-1.2942546993708044,53.73806430928241],[-1.2938948337092968,53.73800860933211],[-1.2935459107359482,53.737932264166716],[-1.2932112912015716,53.73783600914238],[-1.2928941980259645,53.73772077138065],[-1.2925976852459402,53.737587660834734],[-1.292324608593447,53.73743795959409],[-1.2920775979874701,53.73727310953109],[-1.2918590322048862,53.73709469840856],[-1.2916710159742426,53.73690444458231],[-1.2915153597129738,53.73670418044632],[-1.2913935621029193,53.73649583478023],[-1.2913067956715374,53.73628141416916],[-1.2912558955171283,53.73606298367544],[-1.2912413512859768,53.73584264694789],[-1.2912633024779294,53.735622525960984],[-1.2913215371248066,53.73540474057853],[-1.2914154938535265,53.73519138813918],[-1.2915442673132458,53.73498452325977],[-1.291706616913453,53.73478613805182],[-1.2919009787881108,53.73459814294017],[-1.2921254808700178,53.734422348270094],[-1.2923779609296735,53.73426044687819],[-1.2926559874045556,53.73411399779585],[-1.2929568828179898,53.73398441124122],[-1.2932777495620096,53.7338729350445],[-1.293615497796014,53.73378064263684],[-1.2939668751927966,53.73370842271806],[-1.2943284982459125,53.73365697070297],[-1.294696884837395,53.733626782028],[-1.2950684877528829,53.7336181473828],[-1.2954397288220951,53.733631149912355],[-1.2955813236870417,53.7336444552967],[-1.2955965886543719,53.733587342507946],[-1.2956905196292732,53.73337398657105],[-1.2958192665056494,53.73316711695153],[-1.2959815889489898,53.7329687258064],[-1.2961759233547647,53.73278072361786],[-1.2964003979202623,53.73260492079926],[-1.2966528506809119,53.732443010265804],[-1.2969308503370147,53.73229655113684],[-1.2971282785004044,53.73221151048033],[-1.2971199143366379,53.732197205044265],[-1.29703312738132,53.731982788361435],[-1.29698220251082,53.731764360066045],[-1.2969676296096255,53.731544023785816],[-1.2969895484538474,53.73132390149089],[-1.2970464754491473,53.731110872849335],[-1.297037698757948,53.73097817441491],[-1.297059616915305,53.730758052084326],[-1.2971178146787323,53.73054026359301],[-1.2972117310304774,53.730326906309564],[-1.2972799233948549,53.73021732021521],[-1.297171185822694,53.73003133542832],[-1.297084402967723,53.72981691871849],[-1.2970334803476509,53.729598490373455],[-1.2970189078253653,53.72937815402141],[-1.297040825173402,53.7291580316332],[-1.2970990207497228,53.72894024308621],[-1.29719293355769,53.728726885749595],[-1.297321658669578,53.72852001428748],[-1.2974839559605826,53.72832162087474],[-1.2976782620684755,53.728133616015356],[-1.2979027054631158,53.72795781014852],[-1.2981551244801388,53.727795896218694],[-1.2984330881447947,53.72764943337805],[-1.2987339195851637,53.72751983197731],[-1.2990547218091921,53.727408339989644],[-1.2993924055974295,53.72731603099832],[-1.2997437192430847,53.72724379386284],[-1.3001052798534216,53.727192324163816],[-1.3004736059115816,53.727162117507966],[-1.3004804526453002,53.72716195806777],[-1.3003926432786739,53.72704899550953],[-1.30027082917429,53.726840658480256],[-1.300184036953403,53.72662624387212],[-1.300133101963059,53.72640781668962],[-1.3001185141853995,53.72618748054976],[-1.3001404135399937,53.725967357421375],[-1.3001985885581895,53.72574956718903],[-1.3002924784414207,53.72553620723808],[-1.300421178482804,53.72532933225791],[-1.3005834487990175,53.72513093445724],[-1.3007556377021572,53.724964300488814],[-1.300723740501698,53.724932023839344],[-1.3005210992636385,53.72485837531672],[-1.3002246523570333,53.72472528356452],[-1.2999516313894406,53.72457559955887],[-1.2997046657436917,53.72441076500607],[-1.2994861337638808,53.72423236751953],[-1.2992981398533017,53.72404212532364],[-1.2991424942147878,53.72384187070037],[-1.2990206954282815,53.723633532337644],[-1.2990144772216996,53.723618168391106],[-1.298981504751017,53.72359125054815],[-1.2987935159587953,53.723401007556475],[-1.2986378750638186,53.723200752271374],[-1.2985160806003526,53.72299241338723],[-1.2984293050660078,53.722777997423854],[-1.29837838364723,53.722559569398776],[-1.2983736549112719,53.72248809534907],[-1.2983323599408436,53.72243496143068],[-1.298210569168994,53.72222662222116],[-1.2981237967322483,53.72201220601907],[-1.298072877787242,53.72179377784422],[-1.2980583021617336,53.721573441323166],[-1.298080209658414,53.72135331842839],[-1.2981383887303828,53.72113552904218],[-1.2982322785401956,53.7209221705418],[-1.2983609743818363,53.72071529760258],[-1.2985094526736605,53.72053375565255],[-1.2984392217725036,53.72036021040559],[-1.2983883031104189,53.72014178230573],[-1.2983737263294524,53.71992144575895],[-1.298376711388364,53.719891448970486],[-1.2982971576463458,53.71975535417438],[-1.2982594713166593,53.71966222600119],[-1.2982233376737222,53.71940628548978],[-1.2984900163956494,53.71819210291414],[-1.2986098021504642,53.71804563336729],[-1.2988040554760307,53.7178576261948],[-1.299028439097616,53.71768181773059],[-1.2992807919265739,53.71751990094421],[-1.2995586836255866,53.71737343501543],[-1.2998594380157351,53.71724383032472],[-1.3001801588468707,53.71713233487709],[-1.3004102901620893,53.717069408216176],[-1.3004968301048574,53.71687270664558],[-1.3006255023159536,53.716665831060524],[-1.3007877379606818,53.71646743258847],[-1.3009819742706996,53.7162794217822],[-1.3012063403881802,53.71610360913819],[-1.3014586753930248,53.71594168766633],[-1.301623104973335,53.71585501476792],[-1.3015057804141883,53.715759223766064],[-1.3013178148022901,53.71556898456016],[-1.301162190467844,53.715368732345574],[-1.3010404057858442,53.715160395787066],[-1.300953633159943,53.71494598138206],[-1.3009027077488404,53.7147275541331],[-1.3008881194428163,53.71450721765777],[-1.3009100081669287,53.71428709392819],[-1.3009681625552998,53.71406930283471],[-1.3010620220084157,53.71385594177098],[-1.301190682112793,53.713649065437174],[-1.3013529033700193,53.71345066605509],[-1.3015471231503681,53.71326265418636],[-1.3017714707552372,53.71308684033772],[-1.3020237854428311,53.712924917530636],[-1.3023016372431093,53.71277844500284],[-1.3024613993882648,53.71270958534791],[-1.3048261455347707,53.71304713573501],[-1.307910757711463,53.712283938088696],[-1.308304420028793,53.712106156661264],[-1.3095334810015182,53.71122357455314],[-1.30968955658983,53.71122902491504],[-1.3098844579172635,53.71114499822967],[-1.3101750159990797,53.71104394106964],[-1.31018974116916,53.711029681834106],[-1.3102268597572182,53.71100058442745],[-1.3138291014939119,53.71007180620696],[-1.3140932083411152,53.71009659559285],[-1.3144528633025439,53.71015223449872],[-1.3148015952065895,53.710228518555404],[-1.315136046005752,53.71032471321597],[-1.3154529951065144,53.710439892206075],[-1.3157493903719535,53.71057294643932],[-1.3160223775056394,53.7107225946927],[-1.3162693275342274,53.710887395939096],[-1.3164878621242926,53.71106576321885],[-1.3166758764896538,53.711255978916604],[-1.3168315596684743,53.711456211296785],[-1.3169534119745951,53.711664532138606],[-1.3169752658899525,53.711718483810735],[-1.3170429785334268,53.71176366950399],[-1.3172615209172776,53.711942035370605],[-1.3174495426557797,53.71213224984925],[-1.3176052327160885,53.71233248121613],[-1.3177270913457664,53.712540801260225],[-1.3178139445305117,53.712755203848154],[-1.3178649553178166,53.712973624240526],[-1.3178796318968213,53.7131939589735],[-1.3178578323558277,53.7134140861146],[-1.3177997660708194,53.71363188569779],[-1.3177919565210197,53.713649655655786],[-1.3178989579552034,53.71365969455563],[-1.3182586483889178,53.713715322112996],[-1.3185658593960814,53.71378250695423],[-1.3187451988998187,53.71379933133311],[-1.3191048916617316,53.71385495635582],[-1.3194536626652564,53.71393122694457],[-1.3197881534865032,53.71402740868212],[-1.3201051431466733,53.71414257541858],[-1.320401579118376,53.71427561818558],[-1.3206746067132817,53.71442525587052],[-1.3209215965684868,53.71459004754811],[-1.3211401699670937,53.714768406350885],[-1.3213282217492235,53.71495861474512],[-1.3214134559094322,53.71506821074755],[-1.3216056690241527,53.71491749880803],[-1.3218579189158177,53.714755534085754],[-1.322135714327466,53.71460901543612],[-1.3224363800070116,53.71447935374737],[-1.3227570205581696,53.714367797573345],[-1.3230945483178485,53.714275421115374],[-1.3233945828784106,53.71421364202165],[-1.3234568310482016,53.714191984154986],[-1.3237943558809637,53.714099605713955],[-1.3241455179950763,53.71402729642002],[-1.3245069359564692,53.7139757525486],[-1.324875129621444,53.71394547042061],[-1.325246553632809,53.71393674162558],[-1.3256176315425092,53.71394965021497],[-1.325984790232945,53.71398407189334],[-1.3262434513252688,53.7140240560397],[-1.326174467791372,53.71639079333752],[-1.3271315925037381,53.716833152260364],[-1.327426045254857,53.716819737056404],[-1.3280875063041258,53.71681788151072],[-1.328470031654908,53.717358765369966],[-1.3279057006212087,53.718442664314175],[-1.3278217657378517,53.71844879474083]],[[-1.3175550335953166,53.72021655461309],[-1.3174474840925663,53.72021280668563],[-1.3175638141818604,53.72022371948633],[-1.3175550335953166,53.72021655461309]],[[-1.3194336485861755,53.730713928525695],[-1.3197115580548269,53.73056741623499],[-1.3200123454215016,53.73043776134612],[-1.3203331141182206,53.73032621234739],[-1.3206707752480908,53.73023384337091],[-1.3210220773222705,53.73016154385383],[-1.321026526200379,53.73016090975409],[-1.3207504185491372,53.730151297761324],[-1.3206498738238561,53.730141870678516],[-1.3205914580798315,53.7301432407331],[-1.3202202393015978,53.73013031618031],[-1.3198529449198582,53.730095876513545],[-1.3198366647726627,53.73009335994614],[-1.3197964443423138,53.73009195941018],[-1.3194291506523166,53.73005751844639],[-1.3190693193519993,53.73000189412181],[-1.318720416309828,53.72992562221262],[-1.3183858020847952,53.72982943736933],[-1.318068699545801,53.72971426603745],[-1.3177859162793906,53.729587388393334],[-1.317776505406708,53.72968237506589],[-1.317718415552394,53.72990017394834],[-1.317717724691513,53.729901745312304],[-1.3179141715042928,53.73003277783403],[-1.3181328116505562,53.73021114187027],[-1.3183209181202402,53.73040135466427],[-1.3184766790642,53.7306015845085],[-1.318598594046952,53.730809903206705],[-1.3186854885110026,53.731024304638595],[-1.318736525105748,53.73124272407592],[-1.3187383163802535,53.731269597456986],[-1.3187626977170108,53.731239772763125],[-1.3189569227549407,53.731051733247014],[-1.3191812933659501,53.73087588739134],[-1.3194336485861755,53.730713928525695]]]}},{"type":"Feature","properties":{"db_school_name":"Minsthorpe Community College","urn":"137011","n_samples":646,"margin_m":264.7},"geometry":{"type":"Polygon","coordinates":[[[-1.3281151339432238,53.601405368672594],[-1.3271187561585995,53.602481527609854],[-1.3247858220595883,53.60339835963697],[-1.3244761359559574,53.60333047620086],[-1.3241425074174957,53.603234308420646],[-1.3238263350776627,53.60311915274523],[-1.3235306641036049,53.602986118336354],[-1.3232583421195931,53.60283648654946],[-1.323011991777026,53.602671698587166],[-1.322793985495265,53.60249334161345],[-1.322606422616598,53.60230313346194],[-1.3224511091952433,53.60210290608609],[-1.3223295406147855,53.60189458791101],[-1.322242887201018,53.60168018525687],[-1.32219198296821,53.60146176301274],[-1.3221773176065306,53.60124142474809],[-1.3221990317870167,53.60102129245225],[-1.3222569158285304,53.600803486098386],[-1.3223504117386873,53.60059010322746],[-1.3224786186082784,53.60038319875011],[-1.322640301306442,53.600184765159774],[-1.3228339023921116,53.59999671334815],[-1.3230575571264136,53.59982085420733],[-1.3231300994983566,53.599774145167316],[-1.3230720033155727,53.59979008940722],[-1.3227217892475813,53.599862399838145],[-1.3223613451579184,53.59991394229316],[-1.3219941428256237,53.599944220315855],[-1.321623719155269,53.599952942268516],[-1.321253642093683,53.59994002414255],[-1.3208874762469707,53.59990559036782],[-1.3207349322311965,53.59988193983383],[-1.3204689515215347,53.59987265347574],[-1.3201027869161417,53.59983821730336],[-1.3197440608203757,53.599782597201205],[-1.319396228455109,53.599706328904446],[-1.3193222160626406,53.59968498939845],[-1.3191911056426326,53.59981232880963],[-1.318967434958026,53.5999881806746],[-1.3187302230785463,53.60014089890217],[-1.3187737449445345,53.60032771712931],[-1.3187883923150996,53.6005480557887],[-1.3187666606714568,53.60076818742871],[-1.318708758739517,53.60098599203998],[-1.318615243609118,53.601199371991804],[-1.3184870153895905,53.60140627223551],[-1.3183253085601474,53.6016047000988],[-1.3181316800976512,53.6017927444806],[-1.3179079944954626,53.60196859426107],[-1.317656405817141,53.602130555749326],[-1.3173793369574427,53.602277069000976],[-1.3170794563101307,53.602406722847526],[-1.3167596520672264,53.6025182684931],[-1.3164230043973224,53.60261063154718],[-1.31607275577116,53.602682922377014],[-1.3157122797206542,53.60273444468029],[-1.3153450483327895,53.60276470219465],[-1.3149745987920893,53.60277340347996],[-1.314604499294633,53.60276046472665],[-1.3142383146626724,53.602726010563366],[-1.3138795719918561,53.60267037285577],[-1.3135317266627107,53.60259408750856],[-1.3131981290445032,53.602497889301176],[-1.312881992212888,53.6023827048073],[-1.3125863609928419,53.60224964346623],[-1.312314082625562,53.60209998689279],[-1.3120677793421696,53.60193517652834],[-1.311849823108606,53.60175679975256],[-1.3116623127849636,53.60156657458974],[-1.311507053919147,53.60136633315715],[-1.3113855413691902,53.60115800401525],[-1.3113413499306534,53.60104858750481],[-1.3111522564031055,53.60099405327753],[-1.3108361363781451,53.60087886340275],[-1.3105405220914215,53.60074579702735],[-1.3103029904504744,53.60061522677808],[-1.3100759973158955,53.600662067245786],[-1.3097155313563982,53.60071357153378],[-1.3093483133881971,53.60074381069773],[-1.308977880466541,53.600752493474296],[-1.3086078006273991,53.6007395362322],[-1.3082416385036213,53.60070506377813],[-1.3078829209739855,53.600649408153984],[-1.307535103176776,53.600573105437036],[-1.3072015352159803,53.60047689057406],[-1.3068854298814994,53.60036169029909],[-1.3065898316948346,53.60022861420347],[-1.3063175875789188,53.600078944044085],[-1.306213181312484,53.600009067106015],[-1.305903197701751,53.60005334854172],[-1.305535982845925,53.60008357601977],[-1.3051655550258199,53.60009224701193],[-1.304864430600372,53.60008169434817],[-1.3048268894474628,53.60010153989798],[-1.3045269861128668,53.60023116226258],[-1.3042071655858467,53.600342674350145],[-1.3038705081920041,53.60043500209331],[-1.303520256495871,53.60050725619957],[-1.3031597840590274,53.600558740720246],[-1.302792562933703,53.60058895975701],[-1.3024221302055856,53.60059762224036],[-1.302052053908784,53.600584644734525],[-1.3016858986420123,53.60055015224138],[-1.3013271912179643,53.60049447699586],[-1.3010622590936909,53.600436340785485],[-1.3009706414500324,53.60052527057344],[-1.3007468916062175,53.60070108810581],[-1.3004952451832572,53.60086301336227],[-1.3002181256323704,53.601009486747294],[-1.299918201835842,53.60113909747637],[-1.299598362401562,53.601250597168956],[-1.2992616878373147,53.60134291187707],[-1.2989114208730856,53.60141515243374],[-1.2985509352175726,53.601466623020805],[-1.2981837030503813,53.60149682787418],[-1.2978132615635922,53.601505476060936],[-1.2977587590235793,53.60150356281794],[-1.2976141832534032,53.60156603550315],[-1.2972943345716461,53.601677529],[-1.2969576516389036,53.60176983719241],[-1.2966073772657982,53.60184207097612],[-1.2964297408026784,53.60186743040052],[-1.2964107209402154,53.602059057857474],[-1.296352702272514,53.60227685122587],[-1.296259071717689,53.60249021328665],[-1.296130730496858,53.60269708916325],[-1.2959689141777575,53.602895486417964],[-1.2957751807920272,53.60308349424438],[-1.2955513958438774,53.60325930187458],[-1.2952997143540492,53.60342121602362],[-1.2950225601115728,53.60356767720296],[-1.2947226023329466,53.60369727474561],[-1.2944027299534535,53.60380876039799],[-1.2940660237982935,53.60390106034738],[-1.2937157269018256,53.60397328556892],[-1.2933552132611452,53.6040247403922],[-1.2932878200373297,53.60403028024154],[-1.293278318989509,53.604125927558286],[-1.2932202812915168,53.60434371927179],[-1.2931266303058082,53.604557078742516],[-1.2929982674502305,53.60476395111879],[-1.2928364285008633,53.604962343996604],[-1.292642671707293,53.60515034661165],[-1.2924188627991886,53.60532614824621],[-1.2921671570280786,53.60548805567306],[-1.2918899784168931,53.60563450946834],[-1.291589996416887,53.605764099036215],[-1.2912701001966895,53.605875576199864],[-1.2909333708111905,53.60596786722834],[-1.290583051518563,53.606040083182656],[-1.2904288961204895,53.606062080005096],[-1.2903736084224404,53.60609764083785],[-1.2900964196332536,53.60624409043119],[-1.2897964278467005,53.606373675458315],[-1.2894765223257014,53.606485147786096],[-1.2891397842147596,53.60657743373019],[-1.2887894568561202,53.6066496444006],[-1.2884289145403796,53.60670108426713],[-1.2882660669242108,53.60671446286152],[-1.288020345115057,53.60680008079067],[-1.287683601355354,53.60689236261413],[-1.2873822807068527,53.60695446735071],[-1.2875085641121606,53.6070390173868],[-1.2877264443595096,53.60721743808956],[-1.2879138715743381,53.607407700305956],[-1.288069040450628,53.60760797185174],[-1.2881904562571085,53.60781632412832],[-1.2882769492465609,53.60803075069138],[-1.2883276859382777,53.60824918657008],[-1.2883421771643795,53.60846952815111],[-1.2883202828017435,53.60868965343575],[-1.2882622131431636,53.608907442475726],[-1.2881685268937098,53.609120797790005],[-1.2880401258107548,53.609327664566955],[-1.2878782460384768,53.60952605045644],[-1.287774918910089,53.609626282541456],[-1.2878164400616279,53.60962774331122],[-1.2881826620929564,53.609662278406915],[-1.2885414294475794,53.60971799316352],[-1.2888892874921591,53.60979435110084],[-1.2892228865919972,53.609890616960165],[-1.2895390143533787,53.610005863781105],[-1.2898346265473115,53.61013898182356],[-1.289922384293428,53.61018723909588],[-1.2902481117133404,53.61017965814125],[-1.2906182679205869,53.610192672389424],[-1.2909844972000875,53.61022719893126],[-1.291343273101193,53.610282905310726],[-1.2916911409083043,53.61035925512821],[-1.2920247508927558,53.61045551320324],[-1.2923408905560632,53.61057075265038],[-1.292636515554673,53.61070386380054],[-1.2927853947522088,53.610785723606114],[-1.2927858851276948,53.61078579973766],[-1.2931337597004542,53.610862145377205],[-1.293467376956,53.61095839944608],[-1.293783524325859,53.611073635097455],[-1.294079157392293,53.61120674269879],[-1.294315187214594,53.61133651439743],[-1.2944579760697457,53.61137770929941],[-1.2947741292823773,53.61149294234465],[-1.295069768403528,53.61162604750906],[-1.2953420464175378,53.61177574307853],[-1.2955878227998614,53.611940240621315],[-1.295700066197906,53.6119648703971],[-1.2960336980246219,53.61206111734099],[-1.296349860653626,53.61217634624065],[-1.2966455095202885,53.612309447528574],[-1.2969177975151345,53.61245913952798],[-1.2969245701459478,53.61246367218234],[-1.2969327627088951,53.61246444407246],[-1.2972915655393626,53.61252013268489],[-1.2976394625857637,53.61259646527707],[-1.2979731038379791,53.612692706834416],[-1.29828927649654,53.6128079306305],[-1.298584935900273,53.61294102714696],[-1.2988572348382685,53.613090714753035],[-1.2991035509642876,53.613255552042006],[-1.2993215120497912,53.61343395170653],[-1.2994288553512683,53.61354286231065],[-1.2995258452010172,53.61353488635467],[-1.299896391698838,53.61352623321798],[-1.3002665804017783,53.613539217720266],[-1.3006328467523183,53.61357371483516],[-1.3009916639429622,53.61362939238991],[-1.3013395768606673,53.61370571426253],[-1.3016732353425395,53.61380194554162],[-1.3019894264232643,53.61391715959973],[-1.3022851052643347,53.6140502470123],[-1.302557424467733,53.614199926236175],[-1.3028037614921277,53.61436475594544],[-1.3030217439077898,53.61454314890572],[-1.3032092722470525,53.61473338725376],[-1.303364540230159,53.61493363903526],[-1.3034860521714593,53.6151419758421],[-1.3035726373978975,53.61535639137903],[-1.3036234615403894,53.61557482078153],[-1.3036380345887,53.615795160498784],[-1.303616215631488,53.616015288550194],[-1.3035582142350668,53.616233084960825],[-1.3034645884467708,53.61644645217882],[-1.3033362394413277,53.61665333527799],[-1.3031744028609917,53.61685174175105],[-1.302980636932118,53.617039760702745],[-1.3027568074719846,53.61721558125798],[-1.3025050699297376,53.617377510007294],[-1.3022278486340424,53.61752398732142],[-1.3019278134470702,53.61765360237789],[-1.3016078540495972,53.61776510675437],[-1.3012710521049633,53.617857426457725],[-1.3009206515702296,53.61792967227274],[-1.3005600274408717,53.61798114833056],[-1.300192653230556,53.618011358814364],[-1.299822067499847,53.61802001273698],[-1.299451839756948,53.618007026745055],[-1.2990855360596627,53.61797252592226],[-1.2987266846507006,53.61791684258383],[-1.298378741958097,53.61784051307399],[-1.2980450592889763,53.617744272597676],[-1.297728850538157,53.61762904813575],[-1.297433161223197,53.6174959495126],[-1.2971608391446214,53.617346258702156],[-1.2969145069542507,53.617181417475635],[-1.296781373377872,53.61707245063405],[-1.2967713044396056,53.61711023538975],[-1.2966776424958426,53.6173235971514],[-1.2965492576738118,53.61753047282715],[-1.296387385960768,53.61772886998121],[-1.2961935859215028,53.61791687780803],[-1.2959697237019059,53.61809268553963],[-1.2957179550667388,53.61825459988999],[-1.2954407046442444,53.618401061368566],[-1.2951406425772398,53.61853065930536],[-1.2948206588055127,53.6186421454429],[-1.294483835227272,53.61873444596378],[-1.2942844801303877,53.61877553575014],[-1.2942106938647866,53.618795755216105],[-1.2938602736778535,53.618867980286275],[-1.2934996331452286,53.61891943500981],[-1.2931322459386434,53.61894962377538],[-1.292761650743894,53.618958255805005],[-1.292391417160368,53.61894524795626],[-1.2921761732248986,53.61892496247096],[-1.2920873470950904,53.61903381128072],[-1.291893521982442,53.61922181202312],[-1.2918714021755897,53.61923918092793],[-1.2917555978657644,53.6194257373742],[-1.2915936964024568,53.61962412788645],[-1.2913998663754003,53.61981212779515],[-1.2911759742193398,53.619987926408506],[-1.290924175987418,53.62014983052832],[-1.2906468965930014,53.62029628076257],[-1.2903468064580295,53.620425866549496],[-1.2900267957927092,53.62053733974871],[-1.2896899467543688,53.620629626667295],[-1.2895311691110496,53.62066234429909],[-1.2895310304891834,53.62066286410415],[-1.289437324057563,53.62087621992961],[-1.2893088929656507,53.62108308756666],[-1.2891469736463081,53.62128147465688],[-1.288953125122845,53.62146947049159],[-1.288729214008155,53.62164526441829],[-1.2884773965379952,53.621807163283826],[-1.2882000978110535,53.62195360774678],[-1.2878999884355071,53.62208318730101],[-1.287579958806925,53.62219465386606],[-1.2872430912653323,53.622286933813],[-1.2868926303998398,53.62235913830954],[-1.2865319517872338,53.62241057188485],[-1.2861645294661483,53.62244073913121],[-1.2857939024607012,53.622449349478025],[-1.2854236406767645,53.622436319991664],[-1.285057310500093,53.62240177617483],[-1.2846984404284603,53.62234605075683],[-1.2843535979589409,53.622270363284116],[-1.2842774442835652,53.62226768260584],[-1.2839111165341044,53.62223313528786],[-1.2835522494324245,53.622177406441374],[-1.2832042995576645,53.622101032848995],[-1.2828706182860272,53.622004750140306],[-1.28255441949872,53.62188948570297],[-1.2822587486171364,53.62175634974641],[-1.2819864532640213,53.62160662460421],[-1.2817401558335184,53.621441752378196],[-1.2815222282345093,53.62126332104394],[-1.2813347690505306,53.62107304915119],[-1.2811795833361213,53.62087276926725],[-1.2810581652439303,53.620664410322824],[-1.2809716836494451,53.62044997903043],[-1.2809209709112797,53.62023154055487],[-1.2809065148745609,53.62001119862158],[-1.2809284541937154,53.619791075254994],[-1.2809865770188638,53.6195732903419],[-1.2810803230576595,53.61935994121651],[-1.2812087889918728,53.619153082464145],[-1.2813707371957685,53.61895470613755],[-1.2814807221584872,53.61884806113531],[-1.281478134626409,53.61884164527367],[-1.281447970826905,53.618844120840485],[-1.2810773745093993,53.618852716687805],[-1.2807071457777863,53.61883967271134],[-1.2803408506993756,53.61880511455331],[-1.2799820174337784,53.61874937508121],[-1.2796341022341373,53.618672991180006],[-1.2793004561425791,53.618576698578586],[-1.278984292701378,53.61846142475984],[-1.278688656991409,53.61832828002358],[-1.278632055759436,53.61829715159346],[-1.2783617610776241,53.61839127601186],[-1.2781029923223808,53.61846214440614],[-1.278164494304104,53.61854153152473],[-1.2782858921238864,53.61874989341156],[-1.2783723566934224,53.618964326649255],[-1.278423054805281,53.619182766202634],[-1.2784374976627164,53.61940310842296],[-1.2784155456080366,53.61962323130532],[-1.2783574094892947,53.61984101492439],[-1.2782636486513195,53.62005436185138],[-1.2781351655695856,53.62026121735529],[-1.2779731971778145,53.62045958919443],[-1.277779302972105,53.62064756680698],[-1.2775553500055103,53.620823339715876],[-1.2773034949170714,53.620985214970396],[-1.277026163167987,53.62113163345648],[-1.2767260256846777,53.62126118491816],[-1.276405973133612,53.62137262154561],[-1.2760690880757526,53.62146486999824],[-1.275718615269057,53.6215370417471],[-1.275357930405427,53.62158844163681],[-1.2750476200113159,53.62161389077734],[-1.2747369294427386,53.621722060978485],[-1.2744000379997464,53.62181430470691],[-1.2740495594910834,53.6218864715455],[-1.2736888696635982,53.62193786638616],[-1.2733214426640311,53.6219679941943],[-1.272950817561611,53.621976564779196],[-1.2725805642438859,53.62196349559032],[-1.2722142490150292,53.621928912512736],[-1.2718554002287603,53.62187314865398],[-1.2715074742877073,53.62179674113399],[-1.271173822337413,53.62170042590912],[-1.2708576579765127,53.621585130680195],[-1.270562026294638,53.62145196595329],[-1.2705461064309296,53.62144320930564],[-1.2704600095412766,53.621466779996524],[-1.2701095273047303,53.62153893528968],[-1.2697488357694566,53.621590318254256],[-1.2693814090986697,53.621620433970094],[-1.2690107863584417,53.62162899236293],[-1.2687481086597163,53.62161971174663],[-1.2687019233495158,53.62162921941406],[-1.2683412293738208,53.621680598127874],[-1.2679738009570596,53.621710709516364],[-1.2676031771821292,53.62171926354694],[-1.2672329279237944,53.621706177828585],[-1.2670308259719865,53.621687088568926],[-1.2668733834326942,53.621839669806654],[-1.2666493789913182,53.62201542210199],[-1.2663974752519511,53.62217727421265],[-1.266120098144545,53.62232366724746],[-1.2658199190325687,53.622453191195575],[-1.2654998289836226,53.62256459851214],[-1.2653225607867753,53.62261311864529],[-1.2652930160212055,53.62263629788595],[-1.2650411034001836,53.62279814709561],[-1.2647637175377278,53.62294453694275],[-1.2644635298816536,53.623074057447226],[-1.2641434315818765,53.62318546109733],[-1.2638065056401917,53.62327767487009],[-1.2634559972085162,53.623349810570616],[-1.2630952823220436,53.623401173390754],[-1.2627278353689886,53.62343126860434],[-1.262357195610847,53.623439806334666],[-1.2619869330763762,53.62342670434764],[-1.2616206141585329,53.62339208884428],[-1.2612617672465456,53.6233362932445],[-1.260913848724928,53.62325985497399],[-1.2605802096676684,53.623163510285266],[-1.2602640635490954,53.62304818716304],[-1.2599684552829886,53.622914996381986],[-1.2596962318886464,53.62276522080369],[-1.2594500150667625,53.622600303015794],[-1.2592321759494616,53.62242183143257],[-1.2590448122677096,53.62223152499136],[-1.2588897281558982,53.62203121659215],[-1.2587684167878164,53.62182283544013],[-1.2586820460108343,53.62160838846158],[-1.2586545698634137,53.621489767661615],[-1.2585254069371796,53.62141869823505],[-1.2582792024888545,53.62125377804347],[-1.258061375210128,53.62107530432937],[-1.2578740227179461,53.620884996050606],[-1.2578544877540965,53.62085976269482],[-1.258930511248714,53.62002663536545],[-1.2597727639759104,53.61826782231578],[-1.2597512267035806,53.618207229628304],[-1.2599469439518203,53.617806387512296],[-1.2596797495209855,53.617488199159894],[-1.2582992596912688,53.617739083851475],[-1.2571938691148994,53.617523123853026],[-1.2561571062739303,53.61782068497721],[-1.2553257011203698,53.61794323490291],[-1.2543236976485972,53.61911924499745],[-1.2543076432867477,53.61912254797043],[-1.2539469536493308,53.61917388334177],[-1.2535795372017322,53.61920395059511],[-1.2532089329115739,53.6192124601231],[-1.2528387104659064,53.61919932996333],[-1.2524724358714445,53.61916468658819],[-1.2521136370903625,53.619108863686066],[-1.2517657700434313,53.61903239894561],[-1.2514321853086783,53.61893602887434],[-1.2511160958370426,53.618820681701386],[-1.2508205459965331,53.618687468433095],[-1.2505483822435604,53.61853767214759],[-1.250302225704244,53.61837273563189],[-1.2500844469299888,53.61819424748064],[-1.2498971430704926,53.61800392679066],[-1.249742117683937,53.617803606599125],[-1.2496208633785086,53.6175952162247],[-1.249534547452032,53.617380762682444],[-1.2494840006674532,53.617162311351194],[-1.2494697092716085,53.616941966079956],[-1.2494918103333994,53.61672184892514],[-1.2495500904454604,53.61650407971345],[-1.2496439878009837,53.61629075562766],[-1.2497725976248815,53.61608393101178],[-1.2499346809061789,53.61588559758964],[-1.249991219702804,53.61583082606466],[-1.2500097263899548,53.615646479463365],[-1.2500680023046356,53.61542870994629],[-1.2501618946146813,53.615215385398926],[-1.2502904985936216,53.615008560169656],[-1.250452575286791,53.614810225988286],[-1.2506465634595847,53.61462229278875],[-1.2508705946463465,53.614446570320546],[-1.2511225111544535,53.614284750725595],[-1.251390761692576,53.61414320720312],[-1.2513682953972827,53.61404612501528],[-1.2513539950838635,53.61382577982477],[-1.2513760845641744,53.61360566216874],[-1.2514343505424872,53.61338789187878],[-1.2515282313481981,53.61317456614806],[-1.2516568223656768,53.61296773933644],[-1.2518188847651197,53.61276940318894],[-1.2520128574495972,53.61258146765847],[-1.2522368721026205,53.612405742516955],[-1.25248877119079,53.61224391993209],[-1.2527661287477707,53.61209755817702],[-1.253066273739224,53.61196806662962],[-1.2533863157836176,53.611856692206],[-1.2537231729813045,53.61176450735793],[-1.2540736015841323,53.61169239975014],[-1.2544342272202658,53.61164106371651],[-1.2548015773740462,53.61161099357711],[-1.2551721148087642,53.6116024788805],[-1.25542435521381,53.61161142138982],[-1.2555384042111943,53.61142794636488],[-1.255700442504824,53.611229604829],[-1.2558943908901647,53.61104166287723],[-1.256118381284697,53.61086593034335],[-1.2563702563885795,53.61070409946627],[-1.2566475904663843,53.61055772859901],[-1.256947712709808,53.61042822720724],[-1.2572677329563018,53.61031684230183],[-1.2576045695160507,53.61022464643548],[-1.2579549788395623,53.61015252737905],[-1.2583155867405824,53.61010117957665],[-1.2586829208741694,53.610071097461685],[-1.2590534441578265,53.61006257069802],[-1.2594235888145573,53.610075681392026],[-1.2597897907108102,53.61011030330229],[-1.2601485236594514,53.610166103054546],[-1.260496333358222,53.61024254335019],[-1.260829870637656,53.61033888813755],[-1.2611459236989577,53.610454209696215],[-1.261441449032033,53.61058739756646],[-1.2617136007164,53.61073716923772],[-1.2619597578231958,53.61090208249377],[-1.262177549654589,53.611080549295544],[-1.2623648785775936,53.61127085106855],[-1.262519940232282,53.61147115524752],[-1.2626412409195082,53.6116795329195],[-1.2627276120002928,53.61189397739545],[-1.2627782211676255,53.612112423531904],[-1.2627925804814928,53.612332767616515],[-1.2627705510889884,53.61255288762635],[-1.26271234458325,53.612770663663674],[-1.2626255483263413,53.61296801979086],[-1.2627444829310102,53.61298651558018],[-1.263092320521114,53.61306294838884],[-1.2634258859462315,53.61315928599022],[-1.263741967136609,53.61327460073316],[-1.2637562150607065,53.61328102113581],[-1.2638864701622214,53.61325420748194],[-1.2642470974998872,53.613202841898165],[-1.2646144545316618,53.613172741668954],[-1.2649850039545965,53.61316419663253],[-1.2653551777400556,53.613177289071245],[-1.265721411474083,53.61321189291942],[-1.2660801786630655,53.61326767497674],[-1.2664280246751436,53.61334409811496],[-1.2667615999912916,53.613440426447596],[-1.2670776924465603,53.613555732412756],[-1.267373258151624,53.613688905700805],[-1.2676454507973403,53.613838663941706],[-1.2678916490604937,53.61400356504853],[-1.2681094818470013,53.61418202109927],[-1.2682968511295378,53.61437231362301],[-1.2684519521595432,53.61457261014354],[-1.2685732908586873,53.61478098182177],[-1.2686596982219065,53.6149954220264],[-1.2687103415927297,53.615213865655136],[-1.2687203567098704,53.615367208102484],[-1.268764821732305,53.61538724103075],[-1.2690370302001592,53.615536996117086],[-1.2692832437317467,53.61570189436543],[-1.269501091085962,53.615880347881316],[-1.2696884740951933,53.61607063821822],[-1.2698435878786816,53.6162709329211],[-1.269964938235259,53.6164793031683],[-1.2699662257764752,53.61648249811935],[-1.2700859970752052,53.61646543366191],[-1.2704533784668413,53.61643531560724],[-1.2705922733039159,53.616432106263005],[-1.2707381525482166,53.61633835272694],[-1.27101547434791,53.61619194866145],[-1.2713155930789328,53.616062411348686],[-1.271635618612345,53.61595098814537],[-1.2719724692072583,53.61585875197298],[-1.272322901178919,53.615786590990396],[-1.2726835401229324,53.615735200045464],[-1.273019984740138,53.61570761030388],[-1.2731377878079506,53.61551797056081],[-1.2732997596760567,53.615319605113996],[-1.2734936490795,53.61513163457613],[-1.2737175885034087,53.614955869056374],[-1.2739694211384356,53.6147940011113],[-1.2742467216577877,53.61464758945087],[-1.2745468195760095,53.614518043933614],[-1.2748381250492369,53.61441660590855],[-1.2749122211330373,53.61429731291429],[-1.275074179980334,53.61409894498293],[-1.2752680558855274,53.61391097148787],[-1.2754919814637269,53.613735202566765],[-1.2756622212318263,53.61362577076085],[-1.2753655465168519,53.61359776486456],[-1.2750067640361022,53.61354201059519],[-1.2746589006770523,53.61346561233647],[-1.274325306982376,53.61336930595549],[-1.2740091959895476,53.6132540190679],[-1.2737136122741664,53.61312086209935],[-1.2734414026192726,53.61297111758569],[-1.2731951885934958,53.612806227815305],[-1.2729773413023497,53.61262778093264],[-1.2727899585558884,53.612437495637096],[-1.272634844672512,53.61223720462501],[-1.2725134931131565,53.61202883693415],[-1.27242707211269,53.61181439936122],[-1.2723764134463538,53.61159595713141],[-1.2723620044387751,53.61137561400621],[-1.272383983291742,53.61115549202149],[-1.2724421377749577,53.610937711050674],[-1.2725359072915239,53.61072436838999],[-1.2726643882974478,53.61051751856242],[-1.2728263430221822,53.61031915353482],[-1.2730202114054798,53.610131183538265],[-1.273244126134987,53.609955418676755],[-1.2734959306392342,53.609793551500545],[-1.2737731998623618,53.60964714071221],[-1.2740732636203052,53.60951759616192],[-1.2743932323134237,53.60940616527613],[-1.2747300247480713,53.609313921050315],[-1.275080397799424,53.60924175172099],[-1.2754409776303097,53.60919035221632],[-1.2758082921659342,53.60916021746748],[-1.2761788045124172,53.60915163764516],[-1.2765489469980373,53.60916469536657],[-1.2769151555101643,53.60919926490036],[-1.277273903798029,53.609255013376526],[-1.2773963635546834,53.60928190792203],[-1.2774054822379792,53.60919046874671],[-1.2774636081121122,53.60897268517093],[-1.27755734790882,53.60875933840872],[-1.277685798370336,53.60855248302264],[-1.2778477220202562,53.608354111033044],[-1.2780415590975613,53.60816613273819],[-1.2782654425913325,53.60799035832192],[-1.2785172162308351,53.60782848042658],[-1.2787944552573596,53.607682057857986],[-1.2790944897775411,53.60755250057975],[-1.2793816071291593,53.607452489511324],[-1.2794544529861354,53.607395294083204],[-1.2797062185410704,53.60723341364388],[-1.2799834495635787,53.607086988280116],[-1.280283476237351,53.60695742798241],[-1.2806034093197405,53.60684598032894],[-1.2809401679599024,53.6067537184766],[-1.2812905093583173,53.60668153083166],[-1.2816510599825037,53.60663011249866],[-1.2816588180382915,53.60662947558371],[-1.281713315084132,53.60661454444508],[-1.2820636540308816,53.606542354527065],[-1.2824242025504005,53.606490933856634],[-1.2826029022547671,53.60647626174468],[-1.2824342236444473,53.60636330973254],[-1.2822163701560632,53.60618487945678],[-1.2820289739961346,53.605994608380165],[-1.2818738396125118,53.60579432906205],[-1.2817524606638442,53.60558597042762],[-1.28166600564906,53.6053715391864],[-1.2816153066712603,53.60515310050259],[-1.2816008514435522,53.60493275810366],[-1.281622778613082,53.604712634018526],[-1.2816808764474876,53.60449484814087],[-1.2817745848955797,53.604281497814306],[-1.2819030010015864,53.604074637635684],[-1.2820648876200254,53.603876259671615],[-1.2821131182525995,53.603829475746956],[-1.28205467296968,53.60379033623257],[-1.2818368342280446,53.60361190523775],[-1.2817533040085105,53.60352708763235],[-1.2816703837742456,53.6037158792849],[-1.2815419676383442,53.60392273922613],[-1.2813800783962708,53.604121116472676],[-1.2811862747821567,53.604309100410745],[-1.2809624229767986,53.604484880502426],[-1.2807106786450804,53.60464676372796],[-1.2804334661815242,53.604793190896565],[-1.2801334553636303,53.60492275166885],[-1.2798135356377691,53.60503419814533],[-1.2794767882853924,53.60512645689066],[-1.2791264567378589,53.605198639276814],[-1.2787659153261897,53.60525005004603],[-1.2783986367672473,53.60528019401034],[-1.2780281587001192,53.605288780823415],[-1.2776580495957506,53.60527572777838],[-1.2772918743689092,53.60524116060481],[-1.2769331600245113,53.605185412257015],[-1.2765853616699916,53.60510901970544],[-1.276251829221805,53.60501271876219],[-1.2759357751274443,53.60489743699053],[-1.2756402434144527,53.604764284766716],[-1.2753680803650196,53.60461454458092],[-1.275121907098959,53.60444965867976],[-1.274904094329317,53.60427121517036],[-1.2747167395338146,53.60408093271965],[-1.2745616467618432,53.60388064399643],[-1.2745607627510422,53.60387912594273],[-1.2751290337907566,53.60188624875636],[-1.26991006560232,53.60042828446308],[-1.2699029636755266,53.60041065485117],[-1.2698523311365615,53.60019221122588],[-1.2698379385932228,53.59997186743408],[-1.2698599240891228,53.59975174551797],[-1.2699180753303823,53.59953396535037],[-1.2700118317517075,53.59932062421971],[-1.270140289935585,53.59911377663428],[-1.2703022123315804,53.59891541453936],[-1.270496039191071,53.59872744813789],[-1.270719903601819,53.598551687499246],[-1.270971649477105,53.59838982513307],[-1.2712488523257788,53.598243419695706],[-1.271548842602999,53.59811388098585],[-1.2718687314167116,53.598002456373806],[-1.2722054383424084,53.59791021879465],[-1.2725557210785459,53.597838056421004],[-1.272916206657464,53.59778666411406],[-1.273283423911742,53.59775653673578],[-1.273345791284062,53.597755093468],[-1.2733480453959483,53.597749963069916],[-1.2734764824789788,53.597543111779345],[-1.2736383832132931,53.59734474504669],[-1.2738321880588606,53.597156773119515],[-1.2740560303154131,53.5969810061205],[-1.274063537301818,53.59697617882295],[-1.2740606788769062,53.596932481475754],[-1.2740826407025272,53.596712358594615],[-1.274140765924928,53.596494576179126],[-1.274234494229465,53.59628123153945],[-1.2743629224694504,53.59607437921772],[-1.2745248133828508,53.595876011204844],[-1.274718607524231,53.59568803776076],[-1.274942438296421,53.59551226902273],[-1.2751941499366002,53.595350397578436],[-1.2754713182832451,53.59520398217164],[-1.27556959718569,53.59516153616065],[-1.275510831089611,53.59501568984455],[-1.2754601757907518,53.59479724832152],[-1.2754457556327417,53.59457690491588],[-1.275467708925329,53.594356781666235],[-1.2755258236849367,53.59413899845818],[-1.2756195396977499,53.593925652609514],[-1.2757479539355125,53.59371879867408],[-1.275909829271081,53.59352042865831],[-1.276103606409074,53.59333245284147],[-1.2763274189160803,53.59315668138367],[-1.2765791112051807,53.592994806898794],[-1.2768562593011894,53.592848388159936],[-1.2771561941864296,53.592718835093905],[-1.2774760275021357,53.592607395209264],[-1.2778126793580862,53.59251514158825],[-1.2781629079828851,53.59244296255791],[-1.2785233409297785,53.592391553139855],[-1.278890507538006,53.59236140836083],[-1.2789803324665983,53.59235932515644],[-1.2790346348897177,53.59215575374968],[-1.2791283287711233,53.59194240501003],[-1.279256719803018,53.59173554716468],[-1.2794185710817483,53.59153717225779],[-1.279502907498544,53.591455348004494],[-1.2792516490782238,53.59131708107414],[-1.2790055374321168,53.59115220300001],[-1.2790025192531527,53.591149729875106],[-1.2788908494589,53.59110898838331],[-1.2785954042037533,53.59097584343627],[-1.2783233188004683,53.590826109883515],[-1.2780772136211074,53.590661229907724],[-1.2778594587231222,53.590482791558884],[-1.2776721510271019,53.590292513454116],[-1.2775170941291265,53.590092228220385],[-1.2773957809418994,53.58988386483974],[-1.2773093793313968,53.589669430067325],[-1.2772693786690466,53.58949694601272],[-1.2775062053444335,53.58929863580222],[-1.2780473121559583,53.58884434719507],[-1.2781562530754507,53.58865720356209],[-1.2783896482450052,53.58843208084709],[-1.2794019465557858,53.58762559974995],[-1.2794136383350145,53.58747291422021],[-1.2792261307820272,53.5872778626043],[-1.2792742228912763,53.58726110259601],[-1.279610828279035,53.58716884368117],[-1.2796770791076297,53.58715518718583],[-1.279677814322563,53.58715460964088],[-1.2799294579961602,53.586992727787546],[-1.2802065551195285,53.58684630097525],[-1.2803971274377466,53.586763965828375],[-1.2804464018991266,53.58671615220443],[-1.2806701612470053,53.586540372256074],[-1.2809217974770855,53.58637848827468],[-1.2811988871539888,53.586232059124804],[-1.2814987618225315,53.58610249483362],[-1.2818185337037145,53.585991043017806],[-1.2821551234987767,53.585898776874494],[-1.2825052900337883,53.58582658485135],[-1.2828656614597242,53.585775162095125],[-1.2832327677080628,53.58574500376099],[-1.2836030738900395,53.585736400246695],[-1.2839730143186028,53.58574943439763],[-1.284339026826271,53.585783980709294],[-1.2846975870491961,53.58583970653533],[-1.2850452423480878,53.585916075288786],[-1.285378645040132,53.58601235160678],[-1.2856945846225687,53.58612760842807],[-1.2859900186782365,53.586260735916156],[-1.2862621021659637,53.58641045214182],[-1.2863303098991963,53.58645614257998],[-1.2865309037933574,53.5865002030563],[-1.2868643144850624,53.58659647525097],[-1.2871802624876494,53.58671172816525],[-1.2874757053029044,53.58684485200029],[-1.2877477978053278,53.586994564862046],[-1.2879939196364805,53.58715942510051],[-1.2882117004388738,53.58733784518707],[-1.2883990426864922,53.58752810699705],[-1.288554141891939,53.587728378350015],[-1.288675503995362,53.58793673064913],[-1.2886998898707944,53.587997212494656],[-1.2887646357645328,53.587934371512276],[-1.2889883672173486,53.58775857595298],[-1.2892399790969247,53.587596674431225],[-1.2895170482022211,53.58745022598047],[-1.2898169062760085,53.58732064081372],[-1.2901366656989561,53.58720916674872],[-1.2904732472921583,53.58711687719683],[-1.290823409960573,53.58704466083107],[-1.2911837818923408,53.58699321303264],[-1.291550893014031,53.58696302919776],[-1.29192120838994,53.58695439996972],[-1.2921413048097206,53.58696213923061],[-1.292303369007005,53.586804821775985],[-1.2925270798256483,53.586629019500066],[-1.2927786714993252,53.586467110441106],[-1.293055721021522,53.58632065370519],[-1.2933555603235287,53.586191059585104],[-1.2935859590927816,53.586110727109585],[-1.2936318729388832,53.585938348391686],[-1.2935067920153183,53.585854576386716],[-1.2932889963920418,53.58567616584681],[-1.2931016402267175,53.585485911590304],[-1.2929465275825631,53.58528564601452],[-1.2928251519094918,53.58507729791226],[-1.2927386816755724,53.58486287389153],[-1.2926879491311978,53.584644439047096],[-1.2926734423134727,53.58442409706944],[-1.292695300367095,53.58420396998352],[-1.2927533122259893,53.583986177712006],[-1.2928469186675515,53.583772817660176],[-1.2929752177188836,53.5835659445187],[-1.2931369733621867,53.5833675504792],[-1.293330627454716,53.583179546052364],[-1.2935543147479003,53.58300374167398],[-1.2938058808604544,53.582841830275065],[-1.294082903032021,53.58269537098427],[-1.2943827134572552,53.582565774119],[-1.294702424975571,53.582454287609664],[-1.2950389588692492,53.58236198498748],[-1.295389074502446,53.58228975505139],[-1.2957494005160923,53.582238293313196],[-1.295837329592404,53.58223105963188],[-1.2959164562712533,53.58218012858647],[-1.2961934668438062,53.582033664355436],[-1.296493266160197,53.58190406215136],[-1.2968129671667783,53.581792569956086],[-1.2971494912470143,53.581700261355614],[-1.2974995978595236,53.581628025206385],[-1.2978599157320678,53.58157655708012],[-1.2982269753116118,53.58154635256874],[-1.2985972421586154,53.581537702514694],[-1.2989671509646827,53.58155069021142],[-1.2993331398667678,53.58158519060174],[-1.299691684728318,53.58164087148134],[-1.299877517737859,53.58168167075658],[-1.3002413901283865,53.58167316510097],[-1.3006113006664726,53.58168614771941],[-1.3009772921216922,53.581720643087436],[-1.3013358403329174,53.581776319049084],[-1.301683492776583,53.58185263949762],[-1.3020169017974874,53.581948869535175],[-1.302332856832099,53.582064082546154],[-1.3025731783973407,53.582172333314745],[-1.3026263443885484,53.58216136128782],[-1.3029866607128597,53.58210987772096],[-1.3033537214019957,53.58207965748666],[-1.3037239920057213,53.58207099157869],[-1.3040939071794688,53.582083963443154],[-1.3044599049989019,53.582118448175294],[-1.3048184612416358,53.58217411372159],[-1.3051437716424243,53.58224551801829],[-1.3051230181245685,53.58256764925375],[-1.3072158750480927,53.5865609471234],[-1.3069208001499968,53.58662184845708],[-1.3067898296411795,53.58664056473522],[-1.3067907806710801,53.586654936349724],[-1.3067689944611558,53.586875066146106],[-1.3067110505111925,53.5870928653215],[-1.306617506316207,53.58730623629752],[-1.30648926226597,53.587513124111844],[-1.3063275529926686,53.587711536211955],[-1.3061339354971828,53.58789956164851],[-1.3059102741676847,53.5880753894842],[-1.3056587228343353,53.58823732623955],[-1.3053817040325155,53.58838381220843],[-1.3050818856740858,53.588513436485165],[-1.304779021533172,53.58861906808549],[-1.304791618829351,53.58880956216516],[-1.3047698210250207,53.58902969148184],[-1.3047118637577149,53.58924748956874],[-1.3046183046506463,53.58946085885795],[-1.3044900442371534,53.589667744403364],[-1.3043283173069808,53.58986615367427],[-1.3041346810310412,53.59005417574864],[-1.303910999978376,53.590229999721416],[-1.303659428169109,53.590391932150396],[-1.3033823883358517,53.590538413371036],[-1.3032648091150185,53.59058924243812],[-1.3032634559041087,53.59060290254842],[-1.3032054886721294,53.590820699816994],[-1.30311191844088,53.59103406783711],[-1.3029836458507988,53.59124095167491],[-1.302821905808877,53.591439358816075],[-1.3026282556122917,53.591627378359064],[-1.3026119835077552,53.59164016802676],[-1.3026136047389718,53.591647140177834],[-1.3026535688192726,53.59165334391079],[-1.303001304581378,53.59172966066939],[-1.3033347941760918,53.591825887132124],[-1.3036508262641402,53.59194109671784],[-1.3039463575378962,53.59207418004491],[-1.3042185420203272,53.592223855609426],[-1.3044647584675182,53.59238868212056],[-1.3046826356110879,53.59256707237459],[-1.3048700749974624,53.592757308534196],[-1.3050098863427746,53.59293770762668],[-1.3052560476906985,53.59283129322615],[-1.305575808578551,53.59271977800742],[-1.3059124008148988,53.59262744514225],[-1.3062625832020884,53.592555183720705],[-1.3066229837383123,53.59250368955772],[-1.3069901320746906,53.59247345849599],[-1.3073604929172182,53.5924647816335],[-1.3076909091099098,53.59247635575552],[-1.3078317432006263,53.59242723638718],[-1.3081683282445062,53.59233489714878],[-1.3085185044179477,53.59226262910188],[-1.3088788997789493,53.59221112812521],[-1.309246044028443,53.59218089012704],[-1.3096164019117598,53.592172206272124],[-1.3098191804048773,53.592179305701094],[-1.3097993261208276,53.59217206930753],[-1.3095037756471464,53.59203900037873],[-1.309231573562218,53.59188933677718],[-1.3091175388104115,53.591813007262864],[-1.3089329157191485,53.591772499422426],[-1.308599413686407,53.591676288522635],[-1.3082833699906884,53.59156109196583],[-1.3079878285597692,53.591428019307536],[-1.307715635769941,53.59127835227142],[-1.3074694130280486,53.59111353239958],[-1.3072515315243247,53.59093514716315],[-1.3070640893992005,53.59074491466788],[-1.3069088915438913,53.590544667101575],[-1.3067874322290365,53.59033633308364],[-1.3067008807282556,53.590121919086656],[-1.306650070074552,53.58990349010884],[-1.3066354890571694,53.589683149784335],[-1.3066572775352312,53.58946302012229],[-1.3067152251125043,53.58924522107029],[-1.306808773185188,53.589031850098934],[-1.3069370203422188,53.58882496200421],[-1.3070987310652462,53.58862654912172],[-1.3072923476438012,53.588438522143754],[-1.3075160051902592,53.58826269172321],[-1.307767549609494,53.58810075104193],[-1.3080445583497702,53.587954259510575],[-1.3083443637348362,53.58782462775698],[-1.3086640786524333,53.587713104047474],[-1.3090006243519476,53.58762076227147],[-1.309350760083742,53.58754849160489],[-1.3097111142951532,53.587496987951674],[-1.3100782170832548,53.58746674724592],[-1.3104485335925153,53.587458060678465],[-1.3108184980364455,53.58747101189433],[-1.3111845480164062,53.5875054761876],[-1.3115431588078967,53.58756112170151],[-1.3118908772849402,53.587637412622485],[-1.3122243551566841,53.58773361433703],[-1.3125403811968066,53.587848800502286],[-1.3126291351484338,53.58788876172654],[-1.3126798817417682,53.58787105786249],[-1.3130164200445855,53.587778704770116],[-1.3130651775956113,53.58776863912374],[-1.313150330713197,53.58773893139975],[-1.3134868669497493,53.58764657697562],[-1.3138369953568325,53.58757429315794],[-1.3141973444522697,53.58752277597733],[-1.314564444382363,53.587492521498056],[-1.3149347603190829,53.58748382104363],[-1.3151116867533952,53.587490008128945],[-1.3152498371885901,53.587381372857415],[-1.315501346920755,53.58721941578524],[-1.3157783232821976,53.587072906226524],[-1.316078098908334,53.586943254982735],[-1.3163977869733423,53.58683171050786],[-1.3167343089850627,53.58673934689132],[-1.3170844244218458,53.58666705351927],[-1.3174447619263607,53.586615526514336],[-1.3178118517564812,53.58658526203545],[-1.3181821591813956,53.58657655150231],[-1.3183677048129676,53.58658303506689],[-1.3184455974003848,53.58656695032159],[-1.3188059324325363,53.58651541920867],[-1.3191730204586172,53.586485150547425],[-1.3194468421268484,53.58647870656792],[-1.3194880191396214,53.586467403610456],[-1.3198381276956943,53.58639510215577],[-1.3201984596069387,53.58634356683788],[-1.3205655451850595,53.586313293895756],[-1.3207120299925614,53.58630984495175],[-1.3207210587032174,53.58628923367808],[-1.3208492296215073,53.58608233034275],[-1.3210108647620749,53.58588389833459],[-1.3212044071421867,53.58569584853012],[-1.3214279925885841,53.585519991802194],[-1.3216794677002535,53.585358021586025],[-1.321956410592658,53.58521149757669],[-1.3222561542234068,53.58508183071488],[-1.322575812074672,53.58497026960497],[-1.3229123059451298,53.58487788849656],[-1.3232623955840093,53.58480557694426],[-1.3236227098823026,53.584754031245744],[-1.3239897793212574,53.584723747739936],[-1.3243600693663486,53.584715018029776],[-1.3247300144858367,53.584727926175646],[-1.32509605246713,53.58476234788632],[-1.3254546587012788,53.584817951715046],[-1.325802380106255,53.58489420224957],[-1.3261358683631201,53.5849903652653],[-1.3264519121457023,53.58510551479195],[-1.3267474680340592,53.585238542026175],[-1.3267537113088193,53.58524197359846],[-1.3267662512929068,53.58524558943798],[-1.3270822987014188,53.58536073730567],[-1.3271952604218744,53.585411579375375],[-1.32749885208028,53.585458646577564],[-1.3278465824648904,53.585534891190406],[-1.3281800804422657,53.58563104852773],[-1.3282854212468567,53.585669426217876],[-1.3283076661851196,53.585663317944274],[-1.3286577532527768,53.58559099060629],[-1.32901806781458,53.58553942866696],[-1.3293851403492127,53.58550912862153],[-1.3297554362923334,53.58550038223221],[-1.3301253900554209,53.58551327371998],[-1.3304914393426786,53.58554767895398],[-1.3308500594363353,53.58560326664611],[-1.3311977971209654,53.585679501539545],[-1.3315313039209369,53.5857756495602],[-1.3317708196848128,53.585862900025596],[-1.3318465544403646,53.585803314418634],[-1.332097991595822,53.5856413221971],[-1.3323749005192633,53.58549477397614],[-1.3326746144952302,53.585365080929535],[-1.3329942472912877,53.585253491913875],[-1.3333307209472305,53.585161081447424],[-1.3336807954068104,53.5850887393675],[-1.3340410997070822,53.58503716226572],[-1.3344081644254944,53.58500684678334],[-1.334631489556173,53.585001562520375],[-1.3347457849995374,53.58491162918157],[-1.3349972057993034,53.58474963079369],[-1.3352740988960008,53.58460307579306],[-1.335573797726528,53.58447337541881],[-1.3358934162042462,53.58436177859807],[-1.336229876506775,53.58426935992427],[-1.3365799387064041,53.58419700931376],[-1.3369402319581982,53.584145423440305],[-1.3373072869459546,53.5841150990296],[-1.3376775692742282,53.584106328078455],[-1.338047513485556,53.58411919504435],[-1.3384135573761045,53.58415357603253],[-1.33877217628008,53.5842091399883],[-1.3391199169935506,53.5842853518834],[-1.3394534310117847,53.58438147786519],[-1.339769506760716,53.58449659232003],[-1.3397729049684532,53.58449812126113],[-1.3400504714278778,53.58450777040055],[-1.3404165203506089,53.584542145273616],[-1.340775145217407,53.584597703240036],[-1.3411228927669487,53.58467390932912],[-1.341456414428703,53.584770029744185],[-1.341476814017178,53.5847774587596],[-1.3415794594596306,53.584775023952204],[-1.3415867790256832,53.58477527830073],[-1.3418743182469681,53.58475151220644],[-1.342244605312636,53.584742727135996],[-1.3426145565858676,53.5847555800001],[-1.3429806097948507,53.58478994703981],[-1.3433392401840996,53.58484549733475],[-1.3434029133179564,53.58485944925732],[-1.3434180133667586,53.584824931677815],[-1.3435460691446957,53.58461800363818],[-1.3437075925834319,53.58441954058981],[-1.3439010277756533,53.5842314537083],[-1.3441245115799911,53.58405555422366],[-1.344375891573872,53.583893535982895],[-1.3446527467883425,53.58374695914364],[-1.3449524110249351,53.58361723515532],[-1.3449634950612162,53.58361336387017],[-1.3450778931220455,53.58364412320152],[-1.3454780559004362,53.583747934566425],[-1.345703812752893,53.583806673299286],[-1.3460684378418641,53.58386527037007],[-1.3464063804820476,53.5839903053027],[-1.3466310345807997,53.584015789613204],[-1.3473251427031279,53.58415884490699],[-1.347767316343858,53.58418820538223],[-1.347863003305887,53.58405663622242],[-1.3485982683850286,53.58345770302907],[-1.3488319480775208,53.583525033187826],[-1.3491480431456802,53.58364012293969],[-1.3494436605787177,53.58377309431988],[-1.3497159535706487,53.58392266690242],[-1.3499622998334486,53.58408740038821],[-1.3501803268494876,53.584265708469374],[-1.3503679347227997,53.584455874100044],[-1.3505233164090107,53.584656066026255],[-1.3506449751288416,53.58486435641636],[-1.3507317387970772,53.585078739422364],[-1.3507827713274918,53.585297150493204],[-1.350797580704208,53.585517486254865],[-1.3507760237410125,53.58573762476519],[-1.3507183074819782,53.58595544594887],[-1.3506249872290934,53.58616885201593],[-1.3504969612150404,53.586375787666356],[-1.3503354619716479,53.586574259887136],[-1.3501420444764165,53.58676235715024],[-1.3499185711906299,53.58693826782671],[-1.3496671941326384,53.58710029763936],[-1.3493903341585722,53.587246885985934],[-1.3490906576498047,53.587376620974744],[-1.3487710508316206,53.58748825302854],[-1.3484345919704868,53.58758070692456],[-1.3480845217179906,53.58765309215518],[-1.3477242118874075,53.587704711508735],[-1.3473571329641865,53.587735067788145],[-1.346986820663867,53.58774386860187],[-1.3466168418602693,53.58773102918162],[-1.3462507602128697,53.58769667319913],[-1.345892101825234,53.58764113157432],[-1.3458284236869107,53.587627180968],[-1.3458133245815143,53.58766169883841],[-1.3456852705320457,53.58786862920491],[-1.345523743048493,53.58806709479706],[-1.345330297380371,53.58825518415066],[-1.3451067962603478,53.588431085712884],[-1.3448553919749122,53.58859310529433],[-1.344578505642503,53.588739682391214],[-1.3442788038984417,53.58886940522025],[-1.3439953232580126,53.58896840033773],[-1.3441131460600193,53.5891701626428],[-1.3441229109657582,53.58919429802035],[-1.3444339440009763,53.589129998648346],[-1.34479426989609,53.58907838926336],[-1.345161362239142,53.58904804089362],[-1.345531686275056,53.5890392457666],[-1.345901676144855,53.58905208857258],[-1.3462677692051752,53.58908644564938],[-1.3466264403169,53.58914198617258],[-1.346974235773532,53.589218175339504],[-1.3473078065433646,53.5893142795164],[-1.34762394050601,53.58942937329962],[-1.347919593373489,53.589562348422625],[-1.3481919179985886,53.58971192442342],[-1.3484382917886233,53.58987666097001],[-1.3486563419608066,53.5900549717251],[-1.3488439683960756,53.59024513961712],[-1.348999363871172,53.59044533337027],[-1.3491210314738682,53.59065362513542],[-1.3492077990332314,53.59086800905127],[-1.3492588304253712,53.59108642055808],[-1.3492736336451754,53.59130675627757],[-1.3492520655655253,53.591526894268014],[-1.3491943333373608,53.5917447144591],[-1.3491009924162847,53.59195811907034],[-1.3489729412338682,53.59216505281577],[-1.3488114125641957,53.592363522700694],[-1.3486179616680622,53.59255161721949],[-1.3483944513283592,53.592727524769636],[-1.348143033920263,53.592889551104015],[-1.3478661306885122,53.59303613565381],[-1.3475664084311325,53.59316586656388],[-1.3472467538140793,53.59327749429624],[-1.346910245564275,53.59336994366968],[-1.3465601248090973,53.593442324220135],[-1.3461997638483634,53.593493938781],[-1.3458326336601245,53.59352429020133],[-1.3454622704538273,53.59353308613643],[-1.3450922415937436,53.593520241864915],[-1.3447261112216116,53.593485881105366],[-1.3443674059104211,53.59343033482363],[-1.3440195806809339,53.593354138043765],[-1.3436859857090124,53.593258024692],[-1.3433698340451172,53.59314292052465],[-1.3430741706574751,53.593009934207274],[-1.342801843097585,53.59286034663207],[-1.3425554740709131,53.592695598575816],[-1.3423374361771931,53.59251727681809],[-1.3421498290636333,53.59232709885338],[-1.3419944592109707,53.592126896344475],[-1.3418728225467744,53.59191859747703],[-1.3418630583098312,53.59189446192882],[-1.3415520010915298,53.59195875451559],[-1.3411916467941138,53.59201035402643],[-1.3411465686543416,53.592014079006695],[-1.3410522061173094,53.59206402315244],[-1.340752470038082,53.59219373697365],[-1.3404328049755394,53.59230534648926],[-1.3400962897573032,53.59239777669358],[-1.339746165577944,53.59247013730716],[-1.339385804770315,53.59252173135546],[-1.339018678311026,53.59255206188511],[-1.338648322373616,53.59256083675263],[-1.3383892980683452,53.592551830750466],[-1.3382349027745906,53.59259423502572],[-1.3382195830261818,53.59259740092237],[-1.3381470625250846,53.59262878201809],[-1.3378273873625746,53.59274038453458],[-1.3374908630559932,53.592832807377235],[-1.337140730887487,53.59290516033759],[-1.3371119596874752,53.59290927894368],[-1.3371010903331564,53.59292683463914],[-1.336939503231151,53.593125288294566],[-1.3367459962651596,53.59331336342502],[-1.3365224327582599,53.59348924861461],[-1.3362709655978815,53.59365124983163],[-1.3359940165081425,53.59379780674905],[-1.3356942527289466,53.59392750777792],[-1.335374561326364,53.59403910366798],[-1.3350380213818043,53.59413151954478],[-1.3346878743280814,53.59420386526689],[-1.3343274927184503,53.59425544400316],[-1.3339603477299535,53.594285758947734],[-1.3339008319886294,53.594287166550295],[-1.3336465186629556,53.594323562805656],[-1.3332793726139625,53.59435387565721],[-1.332908999880083,53.594362632706655],[-1.3328856102918167,53.59436181840463],[-1.3327701182760658,53.59440212974228],[-1.3324335698193503,53.59449453826242],[-1.3320834153752095,53.594566876336295],[-1.3317230275681151,53.59461844720646],[-1.3313558776348275,53.59464875414277],[-1.330985501975067,53.59465750522905],[-1.3306154680730968,53.59464461617602],[-1.3302493401192161,53.594610211133535],[-1.3301796447004435,53.594599410023896],[-1.3300449105514263,53.59468619140771],[-1.3297679332409666,53.594832733802946],[-1.3294681431753705,53.59496241913126],[-1.32914842767399,53.59507399829364],[-1.3288118660504458,53.595166396576715],[-1.3284616999464511,53.59523872400848],[-1.3281013020988324,53.59529028393404],[-1.3278171763543152,53.59531372846417],[-1.3279090010421426,53.595471063198694],[-1.3279956707467757,53.595685462020995],[-1.328046598251904,53.59590388207715],[-1.3280612925526285,53.596124219906464],[-1.328039611570586,53.59634435354668],[-1.327981763543918,53.59656216296927],[-1.327888305043406,53.5967755504973],[-1.3277601356330457,53.59698246100913],[-1.327598489225676,53.59718090173373],[-1.3274049222162063,53.59736896144616],[-1.327181298506073,53.597544828878995],[-1.326929771562639,53.597706810171466],[-1.326652763685946,53.59785334518841],[-1.3265545189815686,53.59789583776012],[-1.3265005316401604,53.59792439634244],[-1.3262007096685844,53.59805407331986],[-1.3258809622195467,53.59816564359631],[-1.3255443689144484,53.598258032544045],[-1.3252940973571625,53.5983097151886],[-1.3252638751113155,53.5983787062579],[-1.3251356879805742,53.59858561384895],[-1.3249740231192586,53.59878405091849],[-1.324780437100008,53.5989721062768],[-1.3245567940073557,53.59914796869835],[-1.3244842542805788,53.59919467861625],[-1.3245423491186092,53.599178733684965],[-1.324892554458815,53.59910641789086],[-1.3252529886504916,53.599054867774164],[-1.325620181020666,53.599024579716236],[-1.325990595851378,53.599015845363866],[-1.3263606664096177,53.59902874882215],[-1.326726829275234,53.59906316584496],[-1.3267853256317073,53.599072232233176],[-1.3281151339432238,53.601405368672594]],[[-1.297999750304112,53.59359371405803],[-1.2990067743524483,53.593976405273274],[-1.299422833123779,53.59377070402969],[-1.2986186674754399,53.59347721420411],[-1.297999750304112,53.59359371405803]],[[-1.295270267825993,53.58891911067553],[-1.2949548327954445,53.5885829920325],[-1.2930301817003107,53.588081144210975],[-1.29322735891438,53.58873578357842],[-1.2937776188761914,53.58922554617079],[-1.2942275971004205,53.58939416923345],[-1.2951314158567482,53.589202076451144],[-1.295270267825993,53.58891911067553]],[[-1.285235233043339,53.61651960466273],[-1.2854278459347144,53.61660697522861],[-1.287175742248307,53.61625884794957],[-1.286985758453731,53.61572389387336],[-1.2851285597722888,53.616027462732156],[-1.2850739012277579,53.616066494604304],[-1.285235233043339,53.61651960466273]],[[-1.2822157620958339,53.59372134438567],[-1.2821579161136691,53.59372702491351],[-1.281079387798354,53.59367213328709],[-1.2809687392026465,53.59411768270561],[-1.282749731992424,53.59584033339041],[-1.2832158791220103,53.59577396645201],[-1.2834808018448458,53.595875787042395],[-1.2837979127613026,53.59589306997032],[-1.2848716120029398,53.59564883528584],[-1.2851556954061445,53.59548319680238],[-1.2848771753005912,53.594609203239926],[-1.2844178688304986,53.594699829498424],[-1.2822157620958339,53.59372134438567]],[[-1.2866846831566403,53.593395040715876],[-1.287897075588975,53.5934782708673],[-1.2880598964876155,53.59342026455143],[-1.287876664726188,53.5930855120061],[-1.2872318795774447,53.59256323938798],[-1.2872038989678356,53.59255948960861],[-1.2866366051127527,53.593363262498976],[-1.2866846831566403,53.593395040715876]],[[-1.2899042820650584,53.59794258841863],[-1.289880442224281,53.598032036051784],[-1.289846373919658,53.598109649114605],[-1.2898534205857952,53.5981103136864],[-1.2898733733190157,53.598064858178034],[-1.2899452871332653,53.59794895746637],[-1.2899042820650584,53.59794258841863]]]}},{"type":"Feature","properties":{"db_school_name":"Outwood Grange Academy","urn":"135961","n_samples":848,"margin_m":464.2},"geometry":{"type":"Polygon","coordinates":[[[-1.5567854307617346,53.701620461984746],[-1.5565852441237895,53.701797729410565],[-1.5564371598509408,53.701901415688184],[-1.5562284282387,53.70216670959999],[-1.5556360826939901,53.702746968411894],[-1.5552817356884758,53.70273757341446],[-1.5550524690018144,53.703220239456584],[-1.5545953914152404,53.702896775926256],[-1.5545622739066505,53.70287508816716],[-1.5544991797557608,53.7028299266153],[-1.5542239555142607,53.702636527581326],[-1.5539761799727192,53.70243433311762],[-1.5539549864347486,53.70243066024121],[-1.553496027963222,53.70300780946372],[-1.5530859482940442,53.7036740949586],[-1.55276650828784,53.704236394095695],[-1.5525782921842126,53.704695935158185],[-1.552383945782758,53.705167943061504],[-1.5523648247106265,53.705189711495706],[-1.552221161839205,53.70519336143928],[-1.552086431684306,53.705188929514684],[-1.551912743901283,53.70523687921041],[-1.5515620425891083,53.70530985692243],[-1.5512009733695198,53.70536208635256],[-1.5508330140429978,53.705393064426666],[-1.5504617088065882,53.70540249276339],[-1.5500906341003051,53.7053902805495],[-1.549723364142239,53.705356545415],[-1.5493634364851303,53.70530161229955],[-1.5490556098498813,53.705234952195994],[-1.5489585183874353,53.70526175310067],[-1.5486078118069184,53.705334722153985],[-1.5482467387677648,53.70538694267276],[-1.547878777107266,53.70541791166874],[-1.547507471044964,53.70542733084801],[-1.547136397028832,53.705415109485514],[-1.5467691292703076,53.705381365299445],[-1.546409205300931,53.70532642331657],[-1.5462683117726475,53.70529590891575],[-1.5463286883162253,53.70544289606658],[-1.546380874441656,53.7056612213208],[-1.5463967427325895,53.70588153024489],[-1.5463761398011093,53.70610170115657],[-1.5463192634988967,53.70631961366989],[-1.546226661033565,53.706533169116376],[-1.546099223719587,53.706740310758335],[-1.5459381784135873,53.7069390435996],[-1.5457450757157383,53.70712745360243],[-1.5455217750502526,53.707303726126035],[-1.5452704267681123,53.707466163408185],[-1.5449934514440407,53.707613200921756],[-1.544693516566834,53.7077434224485],[-1.544373510847495,53.707855573724395],[-1.5440365163926713,53.70794857452491],[-1.5436857790116545,53.70802152907395],[-1.5433246769433013,53.70807373467548],[-1.5429566883045982,53.70810468848483],[-1.5425853575750186,53.70811409235443],[-1.5422142614401957,53.70810185570672],[-1.5418469743246621,53.70806809640706],[-1.541487033946434,53.708013139627894],[-1.5411379072260132,53.707937514715056],[-1.541066183504891,53.707917051347195],[-1.540941807397838,53.70807050174133],[-1.5407486772164967,53.70825890359846],[-1.5405253497044051,53.708435166720605],[-1.5402739754711812,53.70859759343604],[-1.5399969753415703,53.708744619319425],[-1.539697017043363,53.70887482826449],[-1.5394181809506886,53.70897253270234],[-1.539682502047562,53.70896584609497],[-1.540053605002599,53.7089780905968],[-1.540420898571063,53.70901185540235],[-1.5407808460573964,53.709066815389995],[-1.5411299814684134,53.70914244134702],[-1.5414649428735867,53.70923800506312],[-1.5417825047655775,53.70935258633925],[-1.5420796091100382,53.7094850818446],[-1.5423533947861423,53.70963421573651],[-1.542601225134737,53.70979855194134],[-1.5428207133490148,53.70997650797823],[-1.5430097454632652,53.71016637019281],[-1.5431665007182147,53.710366310254535],[-1.5432894691065528,53.71057440275889],[-1.5433774659292958,53.71078864376512],[-1.5434296432222205,53.71100697009142],[-1.5434454979416956,53.711227279181365],[-1.5434248768303136,53.71144744935118],[-1.5433679779146656,53.711665360221986],[-1.5432753486199886,53.71187891314113],[-1.5431478805190049,53.712086051395175],[-1.5431362375542204,53.71210041571899],[-1.5426627546755582,53.71233358731582],[-1.5423142609100564,53.71247971542705],[-1.5415550209285436,53.71277523598616],[-1.5412506711144611,53.712893584204764],[-1.5408278915178366,53.713034931670876],[-1.5407648886243792,53.71311915551824],[-1.5406736905094376,53.71315385130727],[-1.5404828542395879,53.713137847357444],[-1.5399368300868534,53.71333083787949],[-1.5396362601631213,53.71338809421273],[-1.53938524714899,53.71345155399088],[-1.5392623299904404,53.713447498198974],[-1.5388949987551965,53.71341372978843],[-1.538535016687589,53.71335876410319],[-1.538185851109741,53.71328313057486],[-1.5378508651114773,53.713187557704764],[-1.5375332851452315,53.713072966043704],[-1.5372361699399377,53.71294045932157],[-1.536973653778475,53.71279745463189],[-1.5370145673697002,53.712968753280094],[-1.537030389244454,53.71318906307771],[-1.5370097336237092,53.71340923199877],[-1.5369527988663494,53.7136271396764],[-1.5368601327427605,53.71384068748857],[-1.5367326271803525,53.71404781877112],[-1.536571509692951,53.71424653862744],[-1.5364259127700157,53.71438853037295],[-1.5362610341295002,53.71444558582261],[-1.5361347541994825,53.71448912846672],[-1.53579678402555,53.714628988611544],[-1.5356282126926484,53.71466697649065],[-1.535462914514992,53.71467981713756],[-1.535299363193136,53.714670200215636],[-1.5350773145630883,53.71460644344576],[-1.53482014935254,53.71471417433035],[-1.5346805652116877,53.71472890874816],[-1.5345013228698987,53.71477134442059],[-1.5339795555137206,53.714958107309315],[-1.53387857995427,53.71517615528573],[-1.5337669135825427,53.71541204179083],[-1.533692935328345,53.71552686035302],[-1.5334631354330572,53.71575779539502],[-1.5329914307762538,53.71607054677888],[-1.5327456464865281,53.7162323191658],[-1.5318476132019627,53.716740279930704],[-1.5316418221680095,53.71684371022521],[-1.5309250978677993,53.717257033379326],[-1.5307567225812357,53.71736403082266],[-1.5307465956023847,53.71736183667603],[-1.5304115942419994,53.71726624304014],[-1.5300940039581605,53.7171516317176],[-1.5297968835790927,53.717019106627724],[-1.529523094692717,53.71686994422116],[-1.5295150025047028,53.71686457723573],[-1.5293402279875197,53.71700244573342],[-1.5290887595324767,53.71716484854788],[-1.5288116640920992,53.71731184815748],[-1.5285476825063051,53.717426378603406],[-1.5287369825705412,53.71757989481843],[-1.52892598501318,53.71776977894713],[-1.5290827014213844,53.71796973709657],[-1.5292056221615722,53.71817784368799],[-1.5292477393509325,53.718280454414476],[-1.529054575102077,53.71839662881177],[-1.5281690219506279,53.71886408563103],[-1.5280187123046853,53.71888685773325],[-1.5279485339627625,53.71892800458436],[-1.527926010532517,53.71904293186038],[-1.5272931994643046,53.71939815754746],[-1.5262412222207689,53.71996207893272],[-1.525358754480778,53.720416048831765],[-1.524913584996879,53.72064800332537],[-1.5243424651588178,53.7209384692077],[-1.524100179547459,53.72088596419592],[-1.5237651654156064,53.720790352007],[-1.5234559938630177,53.7206787646578],[-1.5231697122545003,53.720778997165795],[-1.5228325679199681,53.72087193780049],[-1.5224816865807569,53.72094482980738],[-1.5221204478627333,53.72099697109281],[-1.5217523311994885,53.7210278594316],[-1.5213808823039858,53.721037197306835],[-1.5210096790003391,53.72102489477664],[-1.5206422967455673,53.720991070341086],[-1.52028227417422,53.72093604980001],[-1.5200577105045,53.72088737665212],[-1.5201383150293533,53.720990248111306],[-1.5202612002734244,53.72119836369574],[-1.5203491018119006,53.72141262102332],[-1.5203923142475282,53.721593813354524],[-1.5204929979116037,53.72162255130619],[-1.5208105955442874,53.72173718800595],[-1.5211077206992558,53.72186973528417],[-1.5213815120549732,53.72201891679972],[-1.5216293328971986,53.72218329602038],[-1.5217606860867996,53.722289829096944],[-1.5211160879731502,53.72264083355455],[-1.5201144710550347,53.72316806212188],[-1.5192516431878322,53.723608678305425],[-1.5186593631982774,53.72384891641351],[-1.5186993315721011,53.72393812306538],[-1.5179675071252783,53.72431716244459],[-1.5174627016755038,53.72458838098111],[-1.5171832015595321,53.72478224071826],[-1.5169254313806204,53.724922364646496],[-1.5163177595093067,53.725314469302994],[-1.5162872967340442,53.72533592064814],[-1.5162611385583138,53.725324250882785],[-1.5159873439997036,53.725175057743506],[-1.515953925188224,53.72515288922819],[-1.5159503827318985,53.725190436386775],[-1.5158933228833633,53.72540833335108],[-1.5158005239052232,53.725621864161376],[-1.515738643567048,53.72572226736999],[-1.5154636237357568,53.7259159252677],[-1.5144899088443997,53.7266337033252],[-1.5142438637524975,53.726839401462904],[-1.5139455793210508,53.72694378994214],[-1.5136083654102932,53.727036704375415],[-1.5132574168980728,53.72710956914911],[-1.5128961140574542,53.727161682431856],[-1.512527936939837,53.727192542268284],[-1.5121564318406504,53.72720185141597],[-1.5117851771255046,53.727189520209805],[-1.5114177487467302,53.72715566742604],[-1.5110576857832192,53.72710061913764],[-1.5107084563363091,53.727024905571966],[-1.5103734241109155,53.72692925600133],[-1.5100558160045203,53.72681459171539],[-1.509758691016779,53.72668201714363],[-1.509484910779696,53.72653280921335],[-1.509237111992545,53.726368405045875],[-1.5090176810272573,53.726190388109934],[-1.50882873094889,53.726000472965495],[-1.5086720811723835,53.72580048874561],[-1.5085492399512812,53.72559236153511],[-1.508461389866618,53.7253780958165],[-1.508409376455206,53.72515975516179],[-1.5083937000861647,53.724939442356096],[-1.5084145111631635,53.72471927914508],[-1.5084716086978005,53.7245013858008],[-1.5085644422669913,53.7242878607031],[-1.5086921173346948,53.72408076013316],[-1.5088534038859203,53.723882078473395],[-1.5090467482891303,53.7236937290048],[-1.5092702882721518,53.72351752548603],[-1.509521870866864,53.72335516469164],[-1.50979907314944,53.723208210077495],[-1.5100992255761894,53.723078076730154],[-1.5104194376901883,53.72296601774534],[-1.5107566259512402,53.72287311216603],[-1.5111075434213763,53.72280025459625],[-1.5114688110204646,53.72274814659055],[-1.5118369500514168,53.722717289901496],[-1.5122084156824533,53.722707981650586],[-1.5125796310647013,53.72272031146845],[-1.5129470217573748,53.72275416063221],[-1.5132062266119224,53.72279378902929],[-1.5131184636689115,53.72268175780816],[-1.5129956094571855,53.72247363501891],[-1.5129077431507463,53.72225937241289],[-1.5128557104427687,53.722041033532186],[-1.5128400118883358,53.721820721144894],[-1.5128597084267004,53.72161209874225],[-1.5126493951617717,53.72144147774206],[-1.5125053208788877,53.72129666839413],[-1.5123944848090263,53.72120674893724],[-1.5123316331020351,53.721143575836315],[-1.5120629850915572,53.721066872451765],[-1.5117454164330266,53.720952212618286],[-1.5115424819792864,53.72086165710444],[-1.511206928460497,53.72085050846018],[-1.5108395557803254,53.720816653990354],[-1.5104795476781856,53.720761604027366],[-1.5101303717268724,53.72068588881476],[-1.5097953911159347,53.72059023764062],[-1.5094778322456364,53.720475571810034],[-1.5091807536413533,53.720342995767375],[-1.5089070164883174,53.720193786454004],[-1.5086592570708526,53.720029381004586],[-1.508439861381752,53.719851362900116],[-1.5082509421463977,53.71966144671181],[-1.5082133593702045,53.719613459286464],[-1.508209909217389,53.7196156859999],[-1.5079327251205938,53.71976263706635],[-1.507632589711198,53.71989276509682],[-1.5073123936322845,53.720004816727645],[-1.5069752208246296,53.72009771269406],[-1.506624318816007,53.72017055822967],[-1.5062630674315216,53.72022265168846],[-1.5058949462268734,53.72025349130598],[-1.5055235009588255,53.720262780034616],[-1.5051523094165569,53.720250428405954],[-1.5047849469437542,53.720216555392945],[-1.504424951984332,53.72016148726343],[-1.504075791984437,53.72008575443588],[-1.503828669497843,53.72001517423247],[-1.503701131719422,53.72004164689153],[-1.5033398778845404,53.7200937315331],[-1.5029717557250901,53.72012456216874],[-1.5026003110070416,53.72013384183728],[-1.5022291215142758,53.72012148115764],[-1.501999175225693,53.720100273066485],[-1.5018581249910545,53.72010379586475],[-1.501650688124271,53.72009688702735],[-1.5015716988917944,53.72027851450882],[-1.501519455919826,53.72036323909152],[-1.5015213567800534,53.72039001769887],[-1.5015005119891318,53.7206101797958],[-1.5014433838398786,53.72082806989089],[-1.5013505219651366,53.72104158953124],[-1.5012387198600328,53.721222898077016],[-1.501316510696767,53.72135475474346],[-1.5014043161736503,53.72156902574335],[-1.50145628896735,53.72178736947789],[-1.501471928003083,53.72200768322282],[-1.5014510821001563,53.72222784524916],[-1.5013939514497576,53.7224457352562],[-1.5013010857087616,53.72265925479184],[-1.5011733787270918,53.72286634746392],[-1.5010120599585879,53.72306501874752],[-1.50081868263739,53.723253355197514],[-1.5005951088330423,53.72342954288119],[-1.500425518180488,53.72353896194663],[-1.50026623034348,53.723517496344996],[-1.4994701481852866,53.72342153145599],[-1.4988107581022359,53.72330555565503],[-1.4988001125819004,53.72343400532404],[-1.4971328248628946,53.72294080604331],[-1.4971119013641099,53.72292454395011],[-1.497147264824891,53.722882459590785],[-1.4971048149549653,53.72287958581977],[-1.496933626059632,53.72261729527811],[-1.4963738034456409,53.72254656238571],[-1.4957280139282545,53.72230842199308],[-1.494997858544179,53.722281983634595],[-1.4941010141247617,53.72225573481023],[-1.491421106482931,53.72216701884819],[-1.4911298373822905,53.72232312042865],[-1.4904262669045398,53.72247558137773],[-1.4904518138534282,53.72312373409552],[-1.490322218700266,53.723062978788036],[-1.489834295325978,53.72306090172641],[-1.4894858002844464,53.72307366097954],[-1.489422967891785,53.72303194743739],[-1.4892036381300138,53.72285389435611],[-1.489014792395041,53.7226639481073],[-1.4888582490966278,53.72246393812333],[-1.4887355154626403,53.72225579073716],[-1.48864777303783,53.722041510625445],[-1.4885958663221053,53.72182316149861],[-1.4885802946570454,53.721602846223306],[-1.4886012074380457,53.72138268656876],[-1.4886584026973997,53.72116480277269],[-1.4887513290711125,53.72095129312282],[-1.4888790911296828,53.72074421375146],[-1.4890404580206982,53.72054555883677],[-1.4892338753392909,53.72035724140212],[-1.4892920404631074,53.720311416326275],[-1.489339894217966,53.72023385120469],[-1.4895012569721473,53.720035195643],[-1.4896946698805529,53.71984687743839],[-1.4899182700116804,53.71967071004828],[-1.4901699038185654,53.71950838989935],[-1.4904471478845818,53.71936148005597],[-1.4906185969093648,53.71928718282283],[-1.490373584697167,53.71930767687255],[-1.4900021446626386,53.71931691750038],[-1.4896309663131886,53.7193045178189],[-1.489263624865384,53.71927059726399],[-1.488903658560528,53.719215482561424],[-1.4885545345686253,53.719139704578296],[-1.4883440455198438,53.71907955229538],[-1.4881946981093177,53.71915868655728],[-1.4878945064143092,53.7192887650294],[-1.4875742628213384,53.71940076381602],[-1.4873411166232744,53.71946495334897],[-1.4871136056670176,53.71958549915724],[-1.4868134076059927,53.719715574896945],[-1.4864931579100196,53.71982757077212],[-1.4861559410366045,53.71992040805498],[-1.485805004938216,53.71999319254445],[-1.4854437297685223,53.72004522318248],[-1.4850755953124752,53.72007599880984],[-1.4847041474545657,53.72008522299521],[-1.4843329640089438,53.72007280689198],[-1.484197640233175,53.72006030523664],[-1.48408036158099,53.720250357321554],[-1.4839189724988984,53.72044900551458],[-1.4837255310701873,53.72063731431096],[-1.4835018999821414,53.72081347004428],[-1.4833432568230034,53.72091578291152],[-1.4833178151953648,53.720974220047715],[-1.4832675706071858,53.72105563757625],[-1.4832642799260662,53.721090234493865],[-1.4832070569062272,53.72130811565304],[-1.4831141016803568,53.72152162092305],[-1.4829863089603794,53.72172869404903],[-1.4828249090261116,53.721927340694165],[-1.4826314558936793,53.722115647650575],[-1.4824078123630782,53.72229180126951],[-1.482156132088365,53.722454104933625],[-1.481878838842771,53.72260099540254],[-1.4816486108556943,53.722700730598724],[-1.4818938283107916,53.722834489385505],[-1.4821414993763053,53.722998949888314],[-1.4823607999706543,53.72317701582305],[-1.4824948023531317,53.72331182653084],[-1.4824955334115393,53.72331242012236],[-1.482684352585714,53.72350237656244],[-1.4828408703583624,53.723702394517424],[-1.48286868094893,53.723749570409524],[-1.4829128446983,53.72377365908455],[-1.4831605252480555,53.723938117477466],[-1.4833798350199185,53.72411618154069],[-1.4835686617653754,53.724306136579486],[-1.4837251867016716,53.72450615336922],[-1.4838479020383553,53.724714305766206],[-1.4839356255123357,53.72492858925265],[-1.4839875117909012,53.72514694023724],[-1.4840030606322492,53.72536725592575],[-1.4839949614855572,53.72545241333178],[-1.4841800407624994,53.725602675676896],[-1.4843688777383155,53.72579262943133],[-1.484525411953095,53.7259926451477],[-1.4846481355270096,53.726200796692645],[-1.4847358661176089,53.72641507955661],[-1.4847877583236069,53.726633430154244],[-1.484803311846071,53.72685374569508],[-1.4847823763276558,53.72707390443276],[-1.484725152822465,53.72729178609804],[-1.4846321918815664,53.72750529231912],[-1.4845242130837437,53.727680245713046],[-1.4838447048664005,53.72767679034966],[-1.4830823173749952,53.72767350734461],[-1.4830459538880931,53.72767335063431],[-1.4821229806140293,53.727670268163365],[-1.48180725191367,53.72770574556567],[-1.4813489119692984,53.72775318641259],[-1.4811905418143214,53.72781719790085],[-1.4811738997720614,53.72781892266655],[-1.4809952341126276,53.7278055698241],[-1.4808482764655428,53.727795050421],[-1.480526097515198,53.727745132637146],[-1.4789439631923322,53.727849781955435],[-1.4773909514408987,53.72792299848724],[-1.477180583234969,53.72792671129706],[-1.4771073654238691,53.7278331345256],[-1.476984674446533,53.72762497539206],[-1.4768969808275605,53.727410686984406],[-1.4768451285965591,53.727192333092944],[-1.4768296165701482,53.72697201663005],[-1.4768505935691674,53.72675185937636],[-1.4769078570073002,53.726533981546346],[-1.4769351389239747,53.726471349218684],[-1.476887387018247,53.72642330438434],[-1.4768478803065002,53.726448775099044],[-1.4765705422680389,53.72659565308043],[-1.4762702617727532,53.72672570205915],[-1.475949930861662,53.72683766943285],[-1.4756126347747218,53.72693047674828],[-1.4752616222275927,53.72700323009296],[-1.4749002741105064,53.727055228708835],[-1.4745320709112513,53.72708597174508],[-1.4744964632489208,53.72708685274204],[-1.4744508940151564,53.72719145159416],[-1.4743230414150863,53.72739851514257],[-1.474167257277629,53.727590164078684],[-1.4741488950455894,53.72778274579822],[-1.4741227532850578,53.72788218270919],[-1.4736552409247412,53.72788509872218],[-1.4720939298243494,53.72790159962342],[-1.469649499800836,53.72787554101467],[-1.4678236303298307,53.72783241096574],[-1.4664578859467428,53.72783982658105],[-1.4649808903895942,53.727898847240425],[-1.4642450587474263,53.72795936349424],[-1.4641668262537852,53.72796235829473],[-1.4639923768938121,53.72784647388211],[-1.4637731299777872,53.7276683746024],[-1.4635843777105577,53.7274783886602],[-1.4634279376012078,53.72727834587026],[-1.4633053158833353,53.72707017288123],[-1.4632176930234255,53.72685587461624],[-1.4631659123695295,53.726637514960444],[-1.4631504720488806,53.72641719688167],[-1.4631715201917497,53.726197042176004],[-1.4632288535267173,53.72597917103326],[-1.4633219193600475,53.72576568161919],[-1.4634498209192721,53.725558629870974],[-1.4634910579746438,53.7255079164312],[-1.4639094360551737,53.725089429769355],[-1.4640286152926747,53.72499561520939],[-1.4642803803491653,53.72483334989503],[-1.4645577493822641,53.72468650038996],[-1.4648580512433025,53.72455648076856],[-1.4651783940371186,53.72444454303138],[-1.4655156929658237,53.72435176505387],[-1.4658667000263974,53.7242790402114],[-1.4662280352765136,53.72422706878048],[-1.4665962193680315,53.72419635119874],[-1.466967707035518,53.724187183248304],[-1.4673389212180001,53.72419965320894],[-1.46770628748619,53.724233641008446],[-1.4680662684444359,53.72428881937816],[-1.4684153977769365,53.72436465700273],[-1.4687503136111428,53.724460423633865],[-1.4690116835082832,53.72455491344756],[-1.4690722266773613,53.72453375506458],[-1.4694095178243658,53.72444096610958],[-1.4697605189874525,53.72436822984842],[-1.470121850281046,53.72431624666751],[-1.4704900323950756,53.72428551711765],[-1.4705256377660172,53.724284637305296],[-1.4705712135394613,53.72418003991074],[-1.470699074674372,53.723972980274425],[-1.4708605395418237,53.723774350185906],[-1.4710540527936031,53.72358606242932],[-1.471277750532126,53.72340993016886],[-1.471529478270744,53.72324764949275],[-1.4718068116885872,53.72310078308523],[-1.4721070799798293,53.72297074518348],[-1.4724273915724453,53.722858787964086],[-1.4727646619688766,53.72276598949009],[-1.4731156434407355,53.72269324333423],[-1.4734769562919952,53.722641249978224],[-1.4737158980215148,53.7226212996969],[-1.473713338708046,53.72261504379165],[-1.473661508711366,53.72239668840064],[-1.4736460149246051,53.72217637139258],[-1.4736670059931054,53.72195621455341],[-1.4737242791952232,53.72173833809352],[-1.4738172824164075,53.721524840229925],[-1.4739451194872035,53.72131777698131],[-1.474106558832974,53.72111914237053],[-1.4743000453512982,53.72093084922528],[-1.4745237154020323,53.7207547107617],[-1.4747754147651384,53.72059242312777],[-1.4749014852004578,53.72052565028508],[-1.4747494869066309,53.72045775019736],[-1.4744758714262836,53.72030846252637],[-1.4742282461121228,53.72014398621467],[-1.474008995664757,53.71996590542572],[-1.473820231410142,53.719775935334326],[-1.4736637709731168,53.7195759056025],[-1.4735411207833748,53.71936774275322],[-1.4734534615819406,53.719153451611994],[-1.473401637067182,53.718935095995384],[-1.4733861457890498,53.718714778832386],[-1.473399794774267,53.71857162352688],[-1.4731957141806122,53.718460265807096],[-1.4729481046862294,53.718295786836734],[-1.4727288692215548,53.718117703686104],[-1.4725401189682488,53.717927731552756],[-1.4723836714163183,53.717727700118374],[-1.472368733479361,53.7177023448814],[-1.4723329624468366,53.71771218824847],[-1.4719820211677708,53.71778493226799],[-1.4716207481652557,53.71783692125341],[-1.4712526232034344,53.71786765444667],[-1.4708811920753668,53.71787683582531],[-1.4705100324340314,53.717864376955],[-1.4703770046215738,53.717852071059006],[-1.4703641308564406,53.71786459871532],[-1.470140458894735,53.71804072949483],[-1.4698887570566161,53.71820300745589],[-1.4696114493232415,53.71834986960566],[-1.4693112063862597,53.71847990141477],[-1.4689909199250313,53.718591850446295],[-1.4686536747514203,53.71868463842372],[-1.4685340986259743,53.71870941991433],[-1.468412966908104,53.71890558838681],[-1.468251509334874,53.719104215356225],[-1.4680580043062212,53.71929249874748],[-1.4678343151222404,53.7194686251388],[-1.4675825958769668,53.719630898175055],[-1.4673381680925675,53.7197603342893],[-1.4672641459017264,53.7198802015135],[-1.4671026791619695,53.72007882688056],[-1.4669091645113768,53.72026710836281],[-1.4666854653427117,53.720443232556825],[-1.4664337358461819,53.72060550312858],[-1.4661564002693754,53.72075235715639],[-1.4658561295721673,53.72088238018906],[-1.465535815701356,53.720994319874215],[-1.465198543732879,53.72108709802534],[-1.4648475621501522,53.721159821010836],[-1.4644862515451782,53.72121178836516],[-1.4641951035258305,53.72123607548294],[-1.464198202715554,53.721249145132575],[-1.4642136468058538,53.72146946327547],[-1.464192606634993,53.72168961835709],[-1.4641352842651711,53.72190749014336],[-1.4640422311998784,53.722120980357396],[-1.4639143430934574,53.722328032889195],[-1.463752851144584,53.72252665360017],[-1.4635593102558286,53.72271492953209],[-1.4634650975826482,53.72278909421236],[-1.45859527498181,53.72281517567191],[-1.4572119673669022,53.723012438847604],[-1.457103654763879,53.7229732659974],[-1.4568067242767004,53.722840560540526],[-1.4565331572234228,53.722691232078326],[-1.4562855882491574,53.72252671889296],[-1.4560664015115574,53.722348605502965],[-1.4558777077226448,53.72215860739708],[-1.4558351610701101,53.72210418012808],[-1.455588276968759,53.72205052001491],[-1.4553344358354918,53.72197789769972],[-1.4549852338092482,53.72192432906791],[-1.4546361490981354,53.72184845239364],[-1.4543012863217197,53.721752646404305],[-1.4539838707445918,53.72163783389627],[-1.4536869595111455,53.721505120726576],[-1.4534134121936677,53.7213557851574],[-1.4531658632471351,53.721191265539304],[-1.4530779767482835,53.721119839455326],[-1.4530794232244453,53.72114055244003],[-1.4530583250922475,53.72136070543465],[-1.4530009456702417,53.721578571764674],[-1.4529078370114432,53.72179205320573],[-1.4527798953057112,53.72199909373222],[-1.4526183522680682,53.72219769932111],[-1.4524247632932814,53.72238595715977],[-1.452200992490125,53.72256205407244],[-1.4519491947389513,53.722724293987746],[-1.4516717949449653,53.72287111427927],[-1.4513714646867908,53.72300110082066],[-1.4511727245553587,53.72307051854871],[-1.4512120899899745,53.723062367556466],[-1.4515734325551037,53.7230104403229],[-1.4519416163734036,53.722979767761416],[-1.4523130961821118,53.72297064522073],[-1.4526842949959244,53.72298316054335],[-1.4530516385334833,53.723017193220365],[-1.453411589617916,53.72307241555096],[-1.4537606822209392,53.72314829579657],[-1.4540955548235035,53.72324410329849],[-1.4544129827723926,53.72335891551033],[-1.4547099093218392,53.7234916268776],[-1.4549834750617021,53.723640959479056],[-1.4552310454491977,53.72380547532751],[-1.4554502361792656,53.723983590212015],[-1.4556389361492892,53.72417358894835],[-1.4557953277969342,53.72437364189091],[-1.4559179046149635,53.72458182254774],[-1.4560054856739442,53.72479612612871],[-1.456057227012447,53.72501448884885],[-1.4560726297843674,53.72523480780065],[-1.456058438210147,53.72538298770852],[-1.456133967673137,53.72535660349286],[-1.4564712936456696,53.72526385105419],[-1.4568223237334648,53.72519115277214],[-1.4570750701481576,53.72515482097984],[-1.4612867670294756,53.726349772281885],[-1.4614059685942993,53.72650221304316],[-1.4615285792837889,53.726710387968694],[-1.4616161932489127,53.72692468745236],[-1.4616679662113246,53.72714304774865],[-1.4616833990203244,53.727363365973545],[-1.4616623424810498,53.7275835203546],[-1.4616049988131388,53.727801390664446],[-1.4615306328477435,53.72797195804597],[-1.4612138032979796,53.72795118594076],[-1.4604523441357096,53.72787498142584],[-1.4600195759063375,53.727826309936596],[-1.459777635146122,53.72777759710833],[-1.4596236109250786,53.72773377285499],[-1.4595931642797964,53.727739925736984],[-1.4594474623518956,53.72787585204521],[-1.4591958776656548,53.72776060060359],[-1.4589014711575803,53.727554310681086],[-1.4586893812330746,53.727546166468365],[-1.4585370306354282,53.7274888696246],[-1.4584099371411101,53.72746942632647],[-1.4583311456046824,53.72746457755657],[-1.4581038662496166,53.72746175489778],[-1.4576529884564042,53.72751992155589],[-1.4571724032717617,53.72740992176168],[-1.4567102043893008,53.727755664990944],[-1.456570158711323,53.727800857463485],[-1.456387762173232,53.72784496004032],[-1.456270782523622,53.72786509768683],[-1.4552366588145433,53.7280113666128],[-1.4545671692807836,53.728100968588734],[-1.454336657440422,53.72811179500059],[-1.4542602861043794,53.72798209007656],[-1.454172707420887,53.727767785339836],[-1.454120972571639,53.727549421922326],[-1.4541055792426645,53.727329102828],[-1.4541197783845632,53.72718092321817],[-1.4540442443920725,53.72720730614509],[-1.453706897540608,53.72730005167016],[-1.453355844551955,53.727372740744],[-1.4529944667061054,53.7274246732277],[-1.4526262447773668,53.72745534890742],[-1.4522547254930647,53.72746447231466],[-1.4518834873555289,53.727451955573585],[-1.451516106157304,53.72741791924764],[-1.4511561205225436,53.727362691177866],[-1.4508069978072786,53.72728680332336],[-1.4504721006877561,53.727190986635264],[-1.4501546547593642,53.727076164012956],[-1.4498577174588136,53.726943441411024],[-1.4495841486094045,53.72679409718241],[-1.4493365828734166,53.726629569761194],[-1.4491174043771582,53.726451443803],[-1.448928723753105,53.726261434917625],[-1.448772357820138,53.726061373140695],[-1.448649812097294,53.72585318530368],[-1.4485622663190336,53.7256388764726],[-1.4485105630909698,53.725420510634216],[-1.4484951997946425,53.72520019081587],[-1.4485163238185539,53.72498003883023],[-1.4485737311605857,53.724762174840876],[-1.4486668684144042,53.72454869694451],[-1.4487948381199054,53.72434166096731],[-1.4489564074253618,53.72414306066937],[-1.449150019977107,53.72395480854782],[-1.4493738109216343,53.723778717423606],[-1.449625624875099,53.72361648298874],[-1.4499030366867776,53.723469667482135],[-1.4502033747963132,53.72333968465073],[-1.450402117785107,53.72327026854054],[-1.4503627520012843,53.723278419265554],[-1.4500014056707538,53.7233303428367],[-1.449633217418569,53.7233610094239],[-1.4492617336476121,53.72337012364629],[-1.448890532518065,53.72335759771651],[-1.44852318946592,53.7233235522865],[-1.4481632427478073,53.72326831528495],[-1.4478141593448193,53.72319241875707],[-1.447479301554456,53.723096593737466],[-1.4471618945932108,53.72298176320577],[-1.4468649955223987,53.72284903319271],[-1.446591463797052,53.72269968212261],[-1.4463439337218529,53.7225351484954],[-1.446124789079632,53.72235701702642],[-1.4459361401768192,53.72216700337857],[-1.445779803526815,53.72196693763326],[-1.4456572843666924,53.721758746660136],[-1.4455697621751706,53.72154443555541],[-1.4455180793308073,53.72132606832775],[-1.445502733018954,53.72110574801778],[-1.4455238704646802,53.72088559644288],[-1.4455812875367526,53.72066773376271],[-1.4456744307352862,53.72045425806131],[-1.4458024025430782,53.72024722514373],[-1.4459639700883025,53.720048628740585],[-1.4461575770343778,53.7198603813115],[-1.4463813585819032,53.71968429563226],[-1.4466331594376274,53.71952206734244],[-1.4469105545770384,53.719375258621795],[-1.4472108726003863,53.71924528315198],[-1.4475312214571407,53.719133392508354],[-1.44786851629125,53.719040664112974],[-1.4482195091392824,53.71896799086382],[-1.4485808201958656,53.71891607254063],[-1.4489489703458578,53.718885409069706],[-1.4493204146506222,53.7188762957122],[-1.4496915764666407,53.71888882022223],[-1.45005888186872,53.71892286200244],[-1.4504187940470965,53.71897809326431],[-1.4507678473480248,53.7190539821833],[-1.451102680630807,53.71914979801714],[-1.4514200696207642,53.71926461813924],[-1.4517169579472062,53.71939733691891],[-1.4519904865680033,53.71954667636348],[-1.4522380212977777,53.71971119841984],[-1.452325903449066,53.71978262512594],[-1.4523244573851286,53.71976191212847],[-1.4523334438941184,53.719668154006705],[-1.4522495965505866,53.71946291555675],[-1.452197881560291,53.71924455105547],[-1.4521958737547815,53.71921579024458],[-1.4519878755133135,53.71910222858802],[-1.451740345322457,53.71893770600941],[-1.451521196402222,53.71875958429232],[-1.4513325391003793,53.71856957900568],[-1.4511761900113758,53.71836952015039],[-1.45105365449224,53.71816133452974],[-1.4509661121794042,53.71794702718844],[-1.450914405645364,53.717728662098935],[-1.4508990323037647,53.717508342281235],[-1.450920139640118,53.71728818954813],[-1.4509775238132725,53.71707032407035],[-1.4510706316402593,53.716856843958986],[-1.4511985659445796,53.716649805061614],[-1.451360094215605,53.716451201166436],[-1.4515536604949795,53.71626294480534],[-1.4517774003749024,53.716086848840085],[-1.4520291589633325,53.715924609009406],[-1.452306511642713,53.71577778760419],[-1.4526067874220865,53.71564779842826],[-1.4529270946576112,53.71553589318904],[-1.453264348893915,53.715443149449115],[-1.45361530255838,53.71537046025418],[-1.4539765762228296,53.71531852553761],[-1.4543446911320692,53.71528784538352],[-1.4547161026866986,53.7152787152137],[-1.455087234558471,53.71529122294415],[-1.4554545131104621,53.71532524813901],[-1.4554766608949758,53.715328646143426],[-1.45567777346829,53.7153118822077],[-1.456049184974779,53.71530274790552],[-1.4564203174822277,53.715315251508336],[-1.4567875973475957,53.71534927261998],[-1.4571474880069795,53.715404483651085],[-1.45749652401383,53.71548035297176],[-1.457758601267554,53.71555533726197],[-1.457901565331069,53.71547964403369],[-1.4582018218276076,53.71534964078276],[-1.4585221120457499,53.71523772053965],[-1.4588593516939063,53.71514496101134],[-1.4592102933398572,53.715072255395626],[-1.4595715576710908,53.71502030378397],[-1.4599396660222366,53.71498960642316],[-1.4603110738570124,53.714980458900634],[-1.4606822048829744,53.71499294929949],[-1.4610494854713483,53.715026957350766],[-1.4614093790512832,53.715082155590736],[-1.4617584201481368,53.71515801251277],[-1.4620932477387878,53.71525379768268],[-1.462410637603468,53.715368588769095],[-1.4625924318841996,53.715449838291676],[-1.462748522749543,53.71529797182757],[-1.4629722108666419,53.715121854805474],[-1.46322392075038,53.71495959130982],[-1.4635012282520308,53.7148127438594],[-1.4638014628154907,53.7146827265089],[-1.464121733193624,53.714570791237],[-1.4644589552858003,53.714478015895516],[-1.4648098818287718,53.71440529383445],[-1.4649715008393496,53.71438204399188],[-1.46497373436147,53.71435866460742],[-1.4650310418707084,53.714140792109745],[-1.4651240720448753,53.71392730078833],[-1.4652519284552592,53.713720246598776],[-1.4654133793412847,53.71352162347665],[-1.4656068694896922,53.71333334413907],[-1.4658305352256547,53.7131572216692],[-1.4660822223709309,53.712994952061024],[-1.4663595069957238,53.71284809789223],[-1.466659718764181,53.71271807328216],[-1.466979966648619,53.71260613027954],[-1.4673171667649498,53.71251334681052],[-1.4674676424676596,53.712482158569074],[-1.4674466091429201,53.712430713343394],[-1.4673948237793142,53.712212354978085],[-1.467379366123809,53.711992036872346],[-1.46740038447412,53.71177188082252],[-1.4674576758462272,53.71155400703144],[-1.4675506879509665,53.7113405136904],[-1.4676785245336956,53.71113345677447],[-1.4678399540248264,53.71093483024552],[-1.4680334214171622,53.71074654685348],[-1.4682570632550234,53.71057041972056],[-1.468508725590298,53.710408144885704],[-1.4686195025647075,53.71034946822448],[-1.4685553569886678,53.710314455387405],[-1.4683078132760357,53.71014996676214],[-1.46808863958301,53.70997187502748],[-1.4678999464963514,53.709781895463614],[-1.4677435509555736,53.70958185782372],[-1.4676209587655156,53.70937368870684],[-1.467533350108826,53.709159392998785],[-1.4674815681973516,53.70894103456003],[-1.467466111171046,53.70872071634667],[-1.467487127321677,53.70850056015613],[-1.4675444136865223,53.70828268619259],[-1.467637418024743,53.70806919264898],[-1.4677652441565914,53.70786213550236],[-1.467926660613213,53.70766350871683],[-1.4681201125130061,53.70747522504479],[-1.4683437365495446,53.70729909761121],[-1.4685953789461803,53.70713682245789],[-1.4688726162040369,53.706989962216],[-1.46896182750181,53.70695131578603],[-1.468735612494508,53.706827830783624],[-1.468488088448293,53.70666334248218],[-1.4682689320105702,53.70648525101503],[-1.4680802536019615,53.70629527165976],[-1.4679238700206858,53.70609523416751],[-1.467801286956485,53.70588706513588],[-1.467713684504217,53.70567276944988],[-1.467661905816085,53.70545441096971],[-1.467646449001116,53.705234092651885],[-1.4676674623491621,53.70501393629483],[-1.467724742924609,53.704796062104364],[-1.4678177385424878,53.70458256827556],[-1.4679455531071333,53.704375510788275],[-1.4681069552611774,53.7041768836099],[-1.4683003902608336,53.70398859949663],[-1.4685239949624838,53.70381247157769],[-1.4687756157757135,53.70365019589959],[-1.469052829409512,53.703503335098574],[-1.4693529662116163,53.703373303357914],[-1.469665246967302,53.703264111249275],[-1.4707439617590792,53.70322660206075],[-1.4725099613654402,53.70335038324159],[-1.47253862913671,53.70105664268968],[-1.4717419266286498,53.700986474696556],[-1.4714607953365522,53.70069362962489],[-1.4721698402060839,53.70008337765075],[-1.4732320169869122,53.69981316679481],[-1.47340838416545,53.69990511281181],[-1.4748432858223532,53.70021221368183],[-1.4766724845776826,53.70102379698091],[-1.4767019774057262,53.701046309591575],[-1.4771409427728035,53.700995100510596],[-1.4771873930346442,53.70097790642513],[-1.4777792230386906,53.700317730398396],[-1.4801924317191815,53.69931404116565],[-1.4801991067731057,53.69931248207983],[-1.479565477162579,53.698127547316666],[-1.4794953976211418,53.698094484720144],[-1.4791373129087035,53.69760437733329],[-1.4783840816945542,53.69724883069463],[-1.4784123320654103,53.69688810791397],[-1.478889032360154,53.69646440438675],[-1.4804647813981617,53.69632651921472],[-1.480558636074756,53.696256122289505],[-1.4813604721120908,53.69611914235976],[-1.481484596513614,53.69612760686309],[-1.4815241188603914,53.69608667446873],[-1.4821752206193095,53.69567202146078],[-1.4835090849961272,53.69566835321253],[-1.4836525410285266,53.69557959036242],[-1.4836829494445856,53.69554684337089],[-1.484633423289523,53.694268364731556],[-1.4858349367595898,53.693882182555434],[-1.4879579439251553,53.69463470419101],[-1.4881159592525377,53.69476307256791],[-1.4883046768575352,53.69495302082276],[-1.4884611162948833,53.69515303220931],[-1.4885837705982585,53.69536118063579],[-1.4886403798447274,53.69549951629668],[-1.4887273994647126,53.695524397903355],[-1.4890447141821819,53.69563911863927],[-1.4893415557057146,53.69577174460309],[-1.489450278530077,53.695831074781296],[-1.4895719400690437,53.69587505867092],[-1.4898345476740291,53.69599238685999],[-1.4906218647284344,53.696934474904666],[-1.4952830267833623,53.69687807067649],[-1.4955984058091927,53.69644545820139],[-1.4966460751019814,53.696307200309406],[-1.4973032714459527,53.69630446544256],[-1.4974959964778591,53.69623293264256],[-1.498514486004444,53.69553773885405],[-1.4985744416394926,53.695393092954504],[-1.4992470328883183,53.695014798836624],[-1.4994292520941224,53.694819605171915],[-1.4993764521010677,53.69399046451265],[-1.4990707008463329,53.693384989402034],[-1.4992251661833798,53.69325573852804],[-1.4992234296447031,53.69321401305556],[-1.4979110408930292,53.692123196900305],[-1.4976950323783276,53.691545032535394],[-1.4981536244774136,53.69122082256943],[-1.4978430406436025,53.69055794491582],[-1.4979478526567056,53.69052441746525],[-1.498378548401696,53.69014675895745],[-1.4993798684514308,53.69023731256163],[-1.4994734859990668,53.68966078870497],[-1.4991073206156749,53.68940425187111],[-1.4995118094636672,53.68870052739599],[-1.4995708684714992,53.68865200848545],[-1.4998461446408058,53.6885350283775],[-1.5011779228345483,53.689209470445945],[-1.5018845369698361,53.689115345308245],[-1.502531739339335,53.688360279300305],[-1.50253860363483,53.6882826167853],[-1.5024842025794496,53.68827038609557],[-1.5013313607965846,53.687602127361885],[-1.5017190051729659,53.6872939718659],[-1.5007927512656385,53.68705162339226],[-1.500797993350622,53.68690839477941],[-1.5007490534245507,53.68646428257391],[-1.501315530307943,53.68616064455145],[-1.4998762076750605,53.68559540805631],[-1.5007746540193156,53.68520899210703],[-1.5011596679029493,53.68531295302674],[-1.5014616617662924,53.68493158287265],[-1.5009915310809097,53.68469140055778],[-1.5021736523319327,53.684375698222745],[-1.5021969983140766,53.68431913766442],[-1.502612942708976,53.68424694052993],[-1.5029994227942813,53.68426767498359],[-1.5040681212414164,53.684911002847315],[-1.5041142007469188,53.68517570201233],[-1.504164550510611,53.68518167331616],[-1.5051529543551605,53.68515968813041],[-1.5058410994368128,53.68550979207345],[-1.50631999206332,53.685584547299236],[-1.5070943147910145,53.6861786626335],[-1.5075248081760488,53.68607914382346],[-1.5083648057474526,53.68630141518209],[-1.5103291320020964,53.68740118231054],[-1.5112859286014353,53.687524948743764],[-1.5113870850697493,53.687675451606005],[-1.5108179108707394,53.68850906330286],[-1.5107185006775035,53.688892510938224],[-1.5110272841064298,53.68945795732696],[-1.511047352675735,53.69031136121692],[-1.5121173617047945,53.69146782384843],[-1.5121296149498678,53.69152650317924],[-1.513614345226299,53.69207818050913],[-1.5157144178776538,53.69254877236339],[-1.5157691630229722,53.692572928813256],[-1.5159424483761381,53.69260159124351],[-1.51620331086362,53.692695827848326],[-1.5165002175086573,53.69282838671762],[-1.5167738046738626,53.69297757903971],[-1.517021437611285,53.69314196817822],[-1.517240731414843,53.693319971142294],[-1.5174295739907873,53.693509873825555],[-1.517586146405022,53.69370984750753],[-1.5177089404110666,53.69391796645967],[-1.5177125926168464,53.693926875746264],[-1.5178416156770864,53.69392363403744],[-1.5182125795890127,53.69393594591741],[-1.5185797243835966,53.69396977743981],[-1.5189395147974283,53.694024802840666],[-1.5192884863493494,53.69410049227733],[-1.5193459965759604,53.694116918662694],[-1.519547086156917,53.69413544671032],[-1.5199068792613941,53.69419046921],[-1.5202558539341613,53.69426615583327],[-1.5205906497920243,53.694361777785595],[-1.5209080429213064,53.694476414307125],[-1.5211227688066142,53.69457226513029],[-1.5211735981460006,53.694567997663235],[-1.521544813994539,53.694558659886496],[-1.521915784638818,53.69457096031182],[-1.5222829379940737,53.694604780499276],[-1.522638377880518,53.69465912802052],[-1.5227516917017627,53.69466956528312],[-1.52311149359387,53.69472457817183],[-1.5234604784832777,53.69480025547468],[-1.5237952858884554,53.69489586848693],[-1.5241126917845815,53.69501049653481],[-1.5244096396390883,53.69514303583704],[-1.5245423403526348,53.69521538016343],[-1.5248012836489258,53.69519363269003],[-1.5251725042678888,53.69518428368294],[-1.525543481537172,53.69519657288699],[-1.5256958413053272,53.69521060266093],[-1.525813645040722,53.6951781043234],[-1.526056263172877,53.69512766407157],[-1.5261444790807723,53.69498435994258],[-1.5262164833657008,53.69489554334582],[-1.5261428595412638,53.694770812079355],[-1.526054983236364,53.69455655810205],[-1.5260029157362387,53.69433822384664],[-1.5259871579320257,53.69411791203673],[-1.5260078610127448,53.69389774440847],[-1.5260648250310649,53.69367984127662],[-1.5261575008506363,53.693466301115464],[-1.526284995455381,53.69325918035146],[-1.5264460805688422,53.69306047356171],[-1.5266392044998127,53.692872094269475],[-1.5268625070995543,53.69269585652084],[-1.5269568641835631,53.69263488720881],[-1.5269305260031034,53.692620528579376],[-1.5268874100852106,53.6926111799057],[-1.5265526137173386,53.692515575522705],[-1.5262352198793732,53.69240095391772],[-1.5259382855072001,53.69226841910893],[-1.525664670397084,53.692119247640456],[-1.5254170096582675,53.69195487628228],[-1.5251976883336642,53.69177688818692],[-1.5250088184331057,53.69158699763649],[-1.5248522186002387,53.69138703352697],[-1.524729396608637,53.69117892174951],[-1.5246415348552738,53.690964666637896],[-1.5246271740342883,53.69090443408261],[-1.5244070912555754,53.690824947055575],[-1.5242941559251086,53.69084126213441],[-1.5239263040477764,53.690872157875525],[-1.5235551211151543,53.69088150310869],[-1.523184182388956,53.69086920782122],[-1.523182992427839,53.690869098209944],[-1.522670776570578,53.689558166726556],[-1.5227039405817304,53.68826795645734],[-1.5226691254176146,53.68821243190849],[-1.523263954585778,53.68774472592862],[-1.523209341551796,53.68762177073769],[-1.5239383388301886,53.686992106642556],[-1.5228141460357436,53.68642246794632],[-1.5230836378777761,53.68603701550174],[-1.5231674980859211,53.686022109823476],[-1.5239690926849667,53.68573009227329],[-1.524226352391915,53.68552422390526],[-1.5242581974083451,53.68548369709864],[-1.5242833246757685,53.68547249737464],[-1.5249769339266313,53.68531806424007],[-1.5259009742132381,53.68417973299819],[-1.525925194194087,53.684177710559204],[-1.5269086192248933,53.68450037321014],[-1.527318499405996,53.68447460913249],[-1.5278110364185655,53.684583279766215],[-1.529589701580249,53.68469061977971],[-1.5296224859120977,53.684703001159654],[-1.5298563046234859,53.685690045905886],[-1.5308853248149914,53.68641917553502],[-1.5309841292710509,53.686394990555215],[-1.5324723304743526,53.68581103894669],[-1.5333566362673037,53.68648427609358],[-1.53399738753973,53.686627243802874],[-1.5342397952782303,53.68676182410296],[-1.5351988291020995,53.68644268148393],[-1.535493728044642,53.68616012167035],[-1.5357437653459622,53.686025007732326],[-1.536511419255656,53.68623494686517],[-1.5371280372655685,53.68624995489975],[-1.5375550315796778,53.68617994101782],[-1.5391848800964754,53.6862647083247],[-1.540456374383118,53.686566748854304],[-1.5410509715951655,53.686650903320526],[-1.541605450020634,53.68703548209353],[-1.5416200664684474,53.68707109147431],[-1.5416722060590025,53.68728941935388],[-1.541688043417182,53.68750972951434],[-1.5416674254535863,53.68772990026148],[-1.5416105501653032,53.687947811210876],[-1.541517964750809,53.68816136370917],[-1.541390560360965,53.688368501047044],[-1.5412295635358595,53.68856722826982],[-1.5411280628986708,53.68866629153101],[-1.5411300571773345,53.688694037792274],[-1.541126296208099,53.68873419291986],[-1.5412184878704172,53.688767473773176],[-1.5415154458818707,53.68889997083054],[-1.5417890964247376,53.689049106245626],[-1.5420368041412018,53.68921344393002],[-1.5422561834055393,53.68939140138847],[-1.5424451213014916,53.68958126495283],[-1.5426017979774902,53.689781206279385],[-1.5427247041834318,53.689989299951364],[-1.5428126558197273,53.69020354201673],[-1.5428648053579468,53.69042186928334],[-1.542880650022426,53.690642179185744],[-1.5428600366532967,53.690862350032276],[-1.5428031632032913,53.69108026143757],[-1.5427332103620706,53.69124161005734],[-1.542840323107002,53.69125145853107],[-1.5432001224171843,53.69130641110791],[-1.5435491154368668,53.69138202994645],[-1.5438839416063945,53.691477586904824],[-1.5442013767204832,53.691592161848995],[-1.5444983639654892,53.691724651508984],[-1.5447720433481993,53.691873780098355],[-1.5450197792331208,53.692038111594435],[-1.5452391857233017,53.69221606356154],[-1.5454281496403142,53.69240592238444],[-1.545584850881995,53.69260585976517],[-1.545707779961647,53.69281395032495],[-1.5457957525593555,53.693028190141725],[-1.5458479209447618,53.69324651604504],[-1.5458637821606176,53.69346682548266],[-1.5458431828875647,53.69368699676733],[-1.545786320942478,53.69390490950954],[-1.545693743395111,53.69411846503863],[-1.5455692193822286,53.69432092723234],[-1.5455798911091163,53.694329582085444],[-1.545725658343612,53.69447603089744],[-1.543460531839481,53.6977252130182],[-1.5431332060722827,53.69777254668742],[-1.542765307195657,53.697803500147266],[-1.5423940671113265,53.69781290362714],[-1.542023061631609,53.69780066655325],[-1.5416558643076288,53.69776690679509],[-1.541296011992322,53.69771194952943],[-1.540946970757785,53.69763632410679],[-1.5409455272703363,53.69763591216533],[-1.5408899320010225,53.69764747752102],[-1.5406366286050321,53.69768410141958],[-1.5406382973563848,53.69770731782326],[-1.540617668619834,53.697927487991834],[-1.5405607738565925,53.69814539803073],[-1.540511569082677,53.698258856420516],[-1.540482601230054,53.698369803169136],[-1.5403899869311815,53.69858335436339],[-1.540262545238406,53.69879049006305],[-1.5401015030508052,53.69898921532909],[-1.539908410938785,53.69917761619684],[-1.5396851282248385,53.69935387811347],[-1.539433805087257,53.699516303418896],[-1.5391568618587461,53.699663327701415],[-1.5388569657190916,53.699793534870274],[-1.5385370050062648,53.69990567079975],[-1.5382000613934441,53.69999865541319],[-1.537849380200202,53.700071593090435],[-1.537488339124135,53.70012378129803],[-1.5371204156946539,53.70015471735887],[-1.5367491537630011,53.70016410329632],[-1.5363781293519856,53.70015184870564],[-1.5360109161951168,53.700118071624985],[-1.535651051297853,53.70006309739806],[-1.535580711658717,53.700047854372265],[-1.5354553393279153,53.700058394153956],[-1.5350840779044295,53.70006777493255],[-1.5348121591057036,53.70005879001069],[-1.5349042592943922,53.70021474283372],[-1.5349921921928265,53.70042899023482],[-1.535044313566351,53.70064732047299],[-1.5350601209101649,53.700867630954136],[-1.5350394614234544,53.70108779998098],[-1.5349825335027587,53.70130570718559],[-1.5348898848530381,53.70151925395057],[-1.534762407233809,53.70172638362177],[-1.5346013278901371,53.701925101318224],[-1.5344081977502864,53.702113493148104],[-1.5341848765030317,53.70228974464556],[-1.5339335146978401,53.70245215825087],[-1.5336565330399126,53.70259916966498],[-1.5333565990792535,53.70272936292102],[-1.5330366015182069,53.70284148402725],[-1.5326996223849683,53.702934453049785],[-1.5325921118319072,53.702956807024485],[-1.5325750742243274,53.70297782353192],[-1.5323819302065005,53.70316621203284],[-1.5321585949157182,53.70334245969248],[-1.5319072190367238,53.70350486898804],[-1.5316302234102943,53.703651875662],[-1.5313302757210043,53.70378206379309],[-1.5310102648034607,53.70389417943892],[-1.5306732728145456,53.70398714271827],[-1.5303225455399223,53.70406005821642],[-1.5299614611211783,53.704112223613514],[-1.5297527241130908,53.704129759876054],[-1.5297491224878859,53.7041680879907],[-1.52969216299969,53.704385992501926],[-1.5295994807318498,53.70459953499399],[-1.529471967767602,53.704806658853855],[-1.5293108516923926,53.70500536925647],[-1.5291176837882487,53.70519375238021],[-1.5288943241076842,53.705369993843064],[-1.5286429235703745,53.7055323961819],[-1.5283659032546302,53.705679395206126],[-1.528065931082871,53.705809575068194],[-1.5277458961255685,53.70592168190538],[-1.5274088807712114,53.7060146359212],[-1.527355090585294,53.70602581668334],[-1.5271582989982102,53.70618108362767],[-1.5269068869449733,53.70634348227703],[-1.526629855258599,53.706490477242944],[-1.52632987197105,53.706620652716886],[-1.5261950158002717,53.70666788886003],[-1.526181889453523,53.70671808564667],[-1.526089184233289,53.70693162529073],[-1.5259616469330055,53.707138745281576],[-1.5258005053724744,53.70733745083139],[-1.5256073110791664,53.70752582816524],[-1.525383924359763,53.70770206295689],[-1.5251324963943873,53.707864457807396],[-1.5248554485255603,53.70801144859831],[-1.5245554489411333,53.708141619561324],[-1.5242353869756704,53.708253716919415],[-1.5238983452778636,53.70834666096741],[-1.5235475701123038,53.70841955647582],[-1.5234506716934286,53.70843354810067],[-1.523382062241744,53.708452467615935],[-1.523196763555675,53.70849097418737],[-1.5230478698805159,53.70853203210217],[-1.5226970917163938,53.70860492511191],[-1.5224907124802372,53.70863472340282],[-1.52246371317002,53.708696898303124],[-1.5223361526968706,53.708904014323444],[-1.5221749872883537,53.70910271488688],[-1.5219817687016282,53.70929108626648],[-1.5217583574773739,53.7094673141933],[-1.521506905031762,53.70962970133449],[-1.5212298329431408,53.70977668364585],[-1.520929809632692,53.70990684544075],[-1.520609724663562,53.710018933030405],[-1.5202726609060755,53.710111866803736],[-1.5199218648373656,53.71018475163028],[-1.5195607152618409,53.71023688548555],[-1.5191926907542965,53.71026776621603],[-1.5188213361398453,53.710277096378036],[-1.51874686397996,53.71027462610321],[-1.5186700620281093,53.71029058217766],[-1.5187168041958294,53.710404555393545],[-1.5187688532826398,53.71062289218896],[-1.5187845790128238,53.71084320427039],[-1.5187638293711856,53.71106336992501],[-1.518706803622202,53.71128126881727],[-1.518614050412749,53.71149480240964],[-1.5184864625091727,53.711701914174775],[-1.5183252682185897,53.71190060940397],[-1.5181320195763115,53.71208897442166],[-1.5179085774124959,53.71226519502012],[-1.5176570934413263,53.71242757393708],[-1.5173799895448308,53.712574547207495],[-1.5170799344506065,53.71270469923181],[-1.5167598180280002,53.71281677641531],[-1.5164227234503647,53.71290969924717],[-1.5160718974917695,53.71298257270225],[-1.5157107192446053,53.71303469486565],[-1.5153426675599098,53.71306556369638],[-1.5149712875246415,53.71307488186548],[-1.5146001562994909,53.713062559620916],[-1.5144582827048167,53.713049487434574],[-1.5144994940850547,53.71308292602462],[-1.514688412236034,53.71327283256738],[-1.5148450444241126,53.7134728093024],[-1.5149678818266759,53.71368093047179],[-1.5150557410057603,53.71389519185867],[-1.515107775322369,53.71411353008474],[-1.5151157653414986,53.71422559581145],[-1.5153178077472589,53.714389523036715],[-1.5155067354095744,53.71457942826852],[-1.5156633763007543,53.714779403909105],[-1.5157862215143496,53.71498752421117],[-1.515874087537148,53.71520178496611],[-1.5159261276642129,53.715420122801774],[-1.5159418401725924,53.71564043505075],[-1.5159210731742556,53.71586059999857],[-1.515864026100678,53.71607849731651],[-1.5158102260267647,53.71620231957266],[-1.5158192605249334,53.71621140033015],[-1.5159462630364093,53.71628062040118],[-1.5161940290238973,53.716445010900465],[-1.5164134399054758,53.71662301494135],[-1.5166023824596107,53.716812918407136],[-1.516759036788957,53.71701289256997],[-1.516881893857619,53.71722101169681],[-1.5169697700381666,53.71743527159044],[-1.5170218185277793,53.71765360888692],[-1.5170363696708773,53.717857552787265],[-1.5170985770223893,53.717920073650276],[-1.5173672142470447,53.717996765762024],[-1.5176847760741419,53.71811141073811],[-1.517776281333708,53.718152238570546],[-1.5177887760257067,53.71812347985076],[-1.5179163869799968,53.71791636910095],[-1.51807760636942,53.717717674676116],[-1.5182708812092243,53.71752930998027],[-1.5184943498971042,53.71735308891874],[-1.5187458601514252,53.71719070843512],[-1.519022989744867,53.717043732174886],[-1.519323069833567,53.71691357543315],[-1.5196432106570112,53.71680149153095],[-1.519980329361302,53.71670855975116],[-1.5203311796780616,53.716635674950204],[-1.5206923831735988,53.716583538944775],[-1.5210604617679022,53.71655265375711],[-1.5214318712109771,53.7165433167831],[-1.5218030351948437,53.71655561792993],[-1.5218245449375973,53.716557598329636],[-1.5217316321948597,53.716495961764636],[-1.5215121994583707,53.71631796741147],[-1.5213232369464522,53.71612807162922],[-1.5211665641941752,53.71592810336444],[-1.521043689676764,53.71571998854832],[-1.520955796296339,53.71550573154408],[-1.520903730007094,53.715287395839766],[-1.520887991687784,53.71506708417297],[-1.5209087323390549,53.714846918278454],[-1.5209657516510493,53.71462901845419],[-1.5210584999542538,53.71441548314257],[-1.52118608353396,53.71420836872319],[-1.52134727325635,53.714009669712034],[-1.521356672434569,53.714000507599266],[-1.5213358324751707,53.713986681762925],[-1.5211164144078897,53.71380868664193],[-1.5209274648584172,53.71361879018386],[-1.5207708032370253,53.713418821341776],[-1.520647937911791,53.71321070605241],[-1.5205600516963718,53.71299644868347],[-1.5205079904760308,53.71277811272659],[-1.5204922550807884,53.71255780092174],[-1.5205129964832143,53.71233763500502],[-1.5205700143663035,53.71211973527461],[-1.52066275907439,53.711906200171995],[-1.5207903369274647,53.71169908607478],[-1.5209515188469327,53.711500387495846],[-1.5211447522089867,53.711312017879166],[-1.521368175810817,53.711135791177576],[-1.521619637804998,53.710973404389016],[-1.5218967164289392,53.710826421219686],[-1.5221003122063568,53.71073809304646],[-1.5220631408178686,53.71058221892537],[-1.5220473980456688,53.71036190722802],[-1.5220681301801262,53.710141740941324],[-1.5221251369935649,53.70992384036707],[-1.5222178689369839,53.709710303954836],[-1.522345432453358,53.7095031880949],[-1.5225065986021995,53.70930448731709],[-1.522699814911601,53.70911611508662],[-1.5229232203429877,53.70893988538151],[-1.5231746632239138,53.70877749522859],[-1.523451721975835,53.70863050836654],[-1.523751728437007,53.70850034019261],[-1.5240717935558175,53.70838824413796],[-1.5244088352072254,53.7082952996026],[-1.5247596078646584,53.70822240156572],[-1.5251207338420458,53.708170251971545],[-1.52548873580562,53.708139352973184],[-1.5257602981654628,53.708132514654594],[-1.5257980937043303,53.70798799012355],[-1.525890802751559,53.707774450750634],[-1.5260183423406402,53.707567330862105],[-1.5261794837615215,53.70736862502663],[-1.5263726747804234,53.70718024675819],[-1.5265960546022963,53.70700401009293],[-1.5268474718012723,53.706841612124755],[-1.5271245050460716,53.70669461666762],[-1.5274244864205149,53.70656443920156],[-1.5277445271144963,53.70645233324719],[-1.5280815452381022,53.7063593782999],[-1.5284322954912477,53.706286469439156],[-1.5287934004035257,53.70623430871338],[-1.5291613828439463,53.706203398382875],[-1.529532699488141,53.70619403608558],[-1.5299037749214677,53.70620631197254],[-1.5302710360504,53.706240107840074],[-1.5306309464916394,53.7062950982675],[-1.5309800406085807,53.706370753748985],[-1.5313149568681734,53.706466345789934],[-1.5316324701976372,53.70658095391861],[-1.531929523030078,53.70671347454553],[-1.5322032547405355,53.70686263158616],[-1.5324510291893612,53.7070269887439],[-1.5326704601078978,53.70720496333607],[-1.5328594340820585,53.707394841529556],[-1.532985254477251,53.707555395067864],[-1.5329606540246907,53.70745234204846],[-1.5329448553865699,53.70723203155123],[-1.5329655290062583,53.70701186314161],[-1.53302247521969,53.706793957141926],[-1.5331151450615121,53.7065804120541],[-1.5332426455727568,53.706373284352054],[-1.5334037484196477,53.70617456867966],[-1.5335969017398041,53.70598617864573],[-1.5338202451011234,53.705809928399745],[-1.5340716274287447,53.7056475151664],[-1.5343486277270726,53.70550050290669],[-1.5346485783970711,53.70537030726245],[-1.5349685909241824,53.70525818192944],[-1.5353055836896063,53.70516520658952],[-1.5355544935582524,53.70511344861527],[-1.5358499359018083,53.70500992853142],[-1.5361869247524822,53.704916950700415],[-1.536537649124759,53.7048440180389],[-1.5368987317973395,53.7047918328245],[-1.537266695853292,53.704760897553264],[-1.5376379981452095,53.70475151010332],[-1.5380090633966068,53.704763760867856],[-1.5383763186119845,53.70479753188508],[-1.5387362274649978,53.70485249797356],[-1.5390853243343738,53.70492812986184],[-1.5391570420133278,53.70494859441318],[-1.5392814153297771,53.70479514578596],[-1.5394338845960076,53.70464640404412],[-1.5393489170727155,53.70450257338818],[-1.539260953657309,53.70428832926759],[-1.5392088060603795,53.7040700009425],[-1.5391929759441938,53.70384969107955],[-1.5392136151938638,53.70362952139623],[-1.539270524476426,53.70341161222719],[-1.5393631551822642,53.7031980621049],[-1.5394906147293506,53.7029909275518],[-1.5396516751784226,53.70279220327789],[-1.5398447850753862,53.70260380297476],[-1.540068084406268,53.702427540890845],[-1.5403194225201542,53.70226511436491],[-1.5405458644314283,53.702144904029595],[-1.5405447318608303,53.702129148263296],[-1.5405653631617549,53.70190897826729],[-1.5406222630917144,53.70169106837406],[-1.5407148831312105,53.701477517123145],[-1.5408423308009747,53.701270381047756],[-1.5410033782761599,53.70107165487259],[-1.5411964742276316,53.7008832523076],[-1.541419758775721,53.70070698762302],[-1.5416710814118706,53.70054455818265],[-1.5419480217152073,53.7003975281036],[-1.542247912664305,53.70026731319934],[-1.5425678663195501,53.7001551673511],[-1.5429048016288922,53.70006217043836],[-1.5432554740894213,53.69998921794474],[-1.5436165069795613,53.699937012338815],[-1.5439844238616023,53.69990605631301],[-1.5443556820422504,53.69989664794527],[-1.5447267066696573,53.69990887783019],[-1.5450720849990593,53.69994062095274],[-1.5451495001353888,53.69992451430826],[-1.545510530160671,53.69987230298801],[-1.5456834859521333,53.699857748057156],[-1.5458754776543668,53.699733646798435],[-1.5461523980209901,53.69958660693953],[-1.5463202998389425,53.69951369243109],[-1.5463401284376181,53.69949803660454],[-1.5463179612672344,53.69940528487781],[-1.546302095627199,53.69918497571011],[-1.546322695357181,53.698964804549924],[-1.54634886205498,53.698864533257115],[-1.5483215847706315,53.697965447616],[-1.5503125583882185,53.696908922466086],[-1.5505505734885163,53.69670949286812],[-1.5508492004115642,53.696647341371104],[-1.551210195415263,53.69659511277471],[-1.5515780777022306,53.69656413334075],[-1.5519493049121873,53.69655470137254],[-1.5523203024914256,53.69656690769191],[-1.552687498095919,53.696600634765005],[-1.5530473559732296,53.696655557833466],[-1.5533964109929044,53.69673114804002],[-1.5537313019984635,53.696826677518565],[-1.5540488041604867,53.69694122639964],[-1.5543458600198852,53.69707369166434],[-1.5546196089228932,53.69722279776109],[-1.5548674145647159,53.69738710888391],[-1.555086890376782,53.69756504279338],[-1.5552759225131896,53.69775488604816],[-1.555432690214874,53.69795481050035],[-1.5555556833551245,53.698162890895716],[-1.5556416281644936,53.698372040199146],[-1.5556675582827424,53.69838616298806],[-1.5559153748256562,53.698550471932975],[-1.5561348610925596,53.6987284039088],[-1.5563239031368767,53.69891824549288],[-1.5564806801041204,53.699118168553284],[-1.5566036817783397,53.69932624784929],[-1.5566917231404578,53.69954047956734],[-1.5567439557977807,53.699758800615164],[-1.5567598761739332,53.69997910848725],[-1.556739330379605,53.7001992815116],[-1.556682515716397,53.70041719928199],[-1.5565899787984319,53.70063076307939],[-1.5564626103089998,53.70083791608575],[-1.5563513038410492,53.700975341341994],[-1.556369906622912,53.7010068102121],[-1.556443509378836,53.701066474045966],[-1.5566325632324824,53.70125631509236],[-1.5567893502910686,53.70145623769083],[-1.5568474163713086,53.70155446031622],[-1.5567854307617346,53.701620461984746]],[[-1.507186935203233,53.71564005588541],[-1.5043739558150864,53.715210553423525],[-1.5039128866361229,53.715318213994],[-1.5036337136922011,53.715475527380256],[-1.5036945267071031,53.71580068624783],[-1.5040772223137735,53.71609717481285],[-1.5045199537928278,53.71621255060561],[-1.5061942215016146,53.716433190821796],[-1.507404093278469,53.716085927153955],[-1.507186935203233,53.71564005588541]],[[-1.5155280414086336,53.70163669547069],[-1.5159041068233654,53.70161067598517],[-1.51659850211571,53.70090958934026],[-1.516635623131193,53.70003952755512],[-1.5163327310669084,53.69990123831018],[-1.5163907839294468,53.69936543982539],[-1.5154650032618784,53.698622449832655],[-1.5150609445652676,53.69978025351758],[-1.5144437793622338,53.69986127499256],[-1.5143749586532067,53.69988424323615],[-1.5142891632790272,53.699867219682396],[-1.5135894081870425,53.69980542233926],[-1.5122803238602136,53.69914260520245],[-1.5119769556740716,53.698747342171615],[-1.5132530355184168,53.69829905887242],[-1.5134921728788402,53.69817923087817],[-1.5135948783779407,53.697874194330176],[-1.5139290890274935,53.6974291649957],[-1.5126701150421018,53.697174426015366],[-1.5120287706472286,53.69683831222689],[-1.511529043772048,53.69700272015784],[-1.511469209980753,53.697106856512356],[-1.5109596842833168,53.69752107672556],[-1.5110353375499959,53.69772602356955],[-1.5110131578319015,53.698362828042725],[-1.5119641053099862,53.69874581074996],[-1.5099446440356008,53.70018077555436],[-1.5102717866715796,53.700816736626514],[-1.5096749581726714,53.70123268783604],[-1.5089153168638487,53.70230214225444],[-1.5126936594920029,53.702722885997844],[-1.512943987346861,53.702668429341216],[-1.5130797692766347,53.70266612671233],[-1.513740776600048,53.702767424399],[-1.5155280414086336,53.70163669547069]],[[-1.5072269866150259,53.69527184487334],[-1.508466419062854,53.69569495307075],[-1.5089740487802248,53.695330096047634],[-1.508444020016291,53.694492733973746],[-1.5071890643315382,53.69481386504719],[-1.5071660977724297,53.695240695299],[-1.5072269866150259,53.69527184487334]],[[-1.521182687683014,53.70329150998049],[-1.5233530587629847,53.703816696238526],[-1.5231637501904967,53.70320669388074],[-1.5228116136453382,53.70286511794341],[-1.521871914241128,53.70263680683398],[-1.5210370866838991,53.70282437711851],[-1.521182687683014,53.70329150998049]],[[-1.5055139443412067,53.68624870390671],[-1.5054235308439923,53.68650767896563],[-1.5064428241433276,53.68707738806499],[-1.5067960652627201,53.68699680157036],[-1.5070877197046837,53.68618444772257],[-1.5055139443412067,53.68624870390671]],[[-1.5001183108039304,53.70154577168941],[-1.497917529466162,53.70130370793108],[-1.497903233024153,53.70124359693963],[-1.4978876196354618,53.70102328202292],[-1.4979084729453227,53.70080311985349],[-1.497965591559448,53.7005852306933],[-1.4979739367953757,53.70056603663182],[-1.4979889075232016,53.70040797574187],[-1.4980460251739847,53.70019008652678],[-1.4981388571780265,53.69997656863603],[-1.4982665090151916,53.69976947828142],[-1.498298389109027,53.69973019850731],[-1.4982088066835606,53.69965745415687],[-1.4980200234804948,53.69946752150616],[-1.4978635227800672,53.69926752260888],[-1.4978133759485852,53.69918246550135],[-1.4975762269784552,53.69918838324032],[-1.49757199696314,53.699188242142824],[-1.4975730869911692,53.69919282566684],[-1.4975886981210766,53.69941314068679],[-1.4975686321071993,53.69962498139424],[-1.4976112495845644,53.699804183674345],[-1.4976268611194783,53.70002449866776],[-1.4976060067512853,53.7002446608144],[-1.4975488867534532,53.7004625498124],[-1.4974560506810133,53.70067606721937],[-1.4973283920988592,53.70088315666376],[-1.4971671399953432,53.70108182365169],[-1.496973846963116,53.70127015477959],[-1.4967503742603865,53.70144633616607],[-1.4964988738959606,53.70160867092655],[-1.4962217679102015,53.701755595521234],[-1.4959217250512145,53.70188569481943],[-1.4956016350708077,53.701997715734386],[-1.495264580887879,53.702090579297256],[-1.4949138088875629,53.70216339105382],[-1.4945526976425774,53.70221544968356],[-1.4941847253585596,53.70224625375755],[-1.4938134363575588,53.702255506570566],[-1.4934424069232184,53.70224311900022],[-1.493075210837397,53.702209210365666],[-1.4927153849409494,53.70215410727783],[-1.492366395051197,53.70207834049187],[-1.4920316025650937,53.70198263979262],[-1.4917142320704782,53.701867926962144],[-1.491417340277951,53.701735306897326],[-1.4911437865731247,53.701586056963485],[-1.4908962054732016,53.70142161468632],[-1.4907162537707315,53.70127546061985],[-1.4905382102267848,53.701279892697194],[-1.490167190399834,53.701267495003464],[-1.4898000054998521,53.701233576350546],[-1.4894401922599168,53.70117846344582],[-1.4890912163753987,53.70110268713902],[-1.4887564391083041,53.70100697730668],[-1.488439084899831,53.7008922558188],[-1.4881422103036621,53.70075962765571],[-1.4878686745397256,53.70061037026066],[-1.487743729826632,53.70052737314249],[-1.4876910242729973,53.70059228622253],[-1.4874976912941005,53.70078060198335],[-1.4872741817387618,53.70095676562172],[-1.4870226479708886,53.70111908042393],[-1.4867455123527302,53.701265983042425],[-1.4865474674103896,53.701351832960455],[-1.4865936300343254,53.70154615209471],[-1.4866091846035052,53.70176646832657],[-1.4865882718252037,53.70198662835465],[-1.4865310925353763,53.702204511897435],[-1.4864381968600793,53.70241802056499],[-1.4863104789382726,53.70262509806977],[-1.4861491683298806,53.70282375003298],[-1.485955818191127,53.7030120631955],[-1.4857322903303605,53.70318822384906],[-1.4854807372877874,53.70335053530862],[-1.485203581611311,53.703497434258836],[-1.4849034925278108,53.70362750581597],[-1.4845833602344984,53.70373949716039],[-1.4842462680579906,53.703832329608105],[-1.483895462749532,53.703905109004594],[-1.4835343232028,53.70395713434104],[-1.4831663278961524,53.70398790450921],[-1.4827950213734726,53.70399712313049],[-1.4824239800872288,53.703984701411876],[-1.4820567779334515,53.70395075900142],[-1.4816969518114222,53.703895622835425],[-1.481535662544001,53.703860591214344],[-1.48152208640353,53.70387381148621],[-1.4813839055651925,53.703982694614965],[-1.4812400417846205,53.70415982394121],[-1.4812167508879113,53.7041825039366],[-1.4812575822108598,53.704354463334305],[-1.4812731098426017,53.704574780092294],[-1.4812521677291963,53.70479493901673],[-1.4811949569890293,53.70501281983657],[-1.4811020280509826,53.705226324188146],[-1.4809742753743227,53.705433395825395],[-1.4808129288536809,53.705632040425996],[-1.480619541991159,53.70582034480173],[-1.4803959769488282,53.705996495328854],[-1.480144386625054,53.706158795419874],[-1.479923130428818,53.706276040839874],[-1.4799149430263305,53.70636208034911],[-1.479857723202784,53.706579960452046],[-1.4797647839965582,53.70679346368637],[-1.4797330206467498,53.706844943489195],[-1.4797371382821907,53.706903394439635],[-1.4798767387346887,53.70697957509901],[-1.4801243092007796,53.707144039970565],[-1.4803435192473373,53.707322109856285],[-1.4805322575863762,53.707512070005265],[-1.4806887062867709,53.70771209114359],[-1.4808113582925881,53.70792024708558],[-1.4808990319510624,53.708134533279214],[-1.4809508824097182,53.70835288610706],[-1.4809664097722541,53.70857320275708],[-1.4809454639338788,53.70879336147216],[-1.4809167191664012,53.70890281922607],[-1.4809808083806868,53.70894539165626],[-1.4812000313667868,53.709123459951584],[-1.4813887815806186,53.70931341872192],[-1.481545240976678,53.7095134387066],[-1.4815637464663955,53.70954484245012],[-1.4818067383784261,53.709509846438],[-1.4821747828595184,53.70947908058919],[-1.4825461377779716,53.709469864011574],[-1.4829172273507327,53.7094822854531],[-1.4832844783481076,53.709516225308704],[-1.483644354484181,53.70957135677133],[-1.4839933904523608,53.709647148977226],[-1.4843282252790688,53.70974287211537],[-1.4846456346750856,53.7098576044516],[-1.4849425620736554,53.709990241200565],[-1.4852161480569237,53.710139505159425],[-1.4853785316198564,53.71024735487984],[-1.4854125620163647,53.710169160357495],[-1.4855403074315343,53.709962084134645],[-1.4857016484278682,53.709763433298605],[-1.4858950308501615,53.70957512083345],[-1.4861185920607392,53.70939896014147],[-1.4863701788876331,53.70923664758481],[-1.4866473683667658,53.70908974615483],[-1.4869474910781664,53.708959670426076],[-1.487267656851385,53.708847672939456],[-1.4876047825926868,53.70875483214582],[-1.4879556219662513,53.708682042025494],[-1.4883167966439688,53.70863000348362],[-1.4886848288234198,53.70859921760398],[-1.4890561747015263,53.708589980826325],[-1.489427258582256,53.708602382093154],[-1.4897945072907186,53.7086363019936],[-1.489798652847521,53.708636936854774],[-1.4898293016072903,53.70858724385804],[-1.4899906171361457,53.708388587142345],[-1.4901839741077616,53.70820026765297],[-1.4904075101295111,53.70802409885989],[-1.4906590722719368,53.70786177720328],[-1.4909362378086044,53.70771486576216],[-1.4912363375500273,53.707584779207465],[-1.491556481546873,53.70747277018435],[-1.4918935869150263,53.70737991725481],[-1.4922444075147723,53.70730711451602],[-1.492605565198714,53.707255062994584],[-1.4926840332041535,53.70724849616092],[-1.4927113486967678,53.70724097202833],[-1.4927656186177996,53.7071981979125],[-1.4930171667695973,53.70703587125027],[-1.4932943186811873,53.70688895430259],[-1.4935944052942494,53.70675886179342],[-1.4939145367858295,53.70664684642534],[-1.4942516303921891,53.70655398682135],[-1.494602440086831,53.70648117714292],[-1.4947037599572488,53.706466572227484],[-1.494779840019629,53.70634318517054],[-1.4949411236217283,53.706144521642344],[-1.4951344481875721,53.705956194019365],[-1.4953579516365645,53.705780015849925],[-1.4956094813528655,53.70561768366454],[-1.4958866149222285,53.705470760643614],[-1.4961866834629198,53.70534066156961],[-1.4965067973259687,53.7052286392083],[-1.496591836973236,53.705205210319136],[-1.4966780561425101,53.705159499475684],[-1.4969781200341838,53.705029398402125],[-1.4972982294412065,53.70491737391025],[-1.4973411289271468,53.704905554444224],[-1.4973451202148573,53.7048634259179],[-1.4974022473706652,53.70464553719348],[-1.4974950925810915,53.704432019990506],[-1.4976227611986879,53.70422493051402],[-1.4977840232712498,53.70402626303972],[-1.4977916276761196,53.70401885418227],[-1.4977914218748456,53.704015950275235],[-1.4978122772667162,53.70379578823733],[-1.4978694005293336,53.703577899242475],[-1.4979384359181056,53.70341912955331],[-1.5017274513664245,53.70317064311087],[-1.5021268696646413,53.702898027337724],[-1.502421032937186,53.702783418097425],[-1.502515756520675,53.70179758872208],[-1.5011648723699358,53.701791974520106],[-1.5001183108039304,53.70154577168941]],[[-1.4768886022268617,53.710049578089134],[-1.4779345847824759,53.70974498141178],[-1.4788016233397325,53.709257582173635],[-1.4759210292813623,53.709006625949776],[-1.4756752823936239,53.709507651519495],[-1.4768886022268617,53.710049578089134]],[[-1.4638551351909246,53.716981398039664],[-1.4634371825820527,53.7185719586933],[-1.4647223036684236,53.71867200952106],[-1.4638551351909246,53.716981398039664]],[[-1.5359480799918863,53.710760116061124],[-1.5360407438678383,53.710546568839625],[-1.5361682421356522,53.710339438156865],[-1.536329346483017,53.71014071868552],[-1.5365225050329712,53.709952324070905],[-1.5367458573029278,53.709776068506606],[-1.5369972521321382,53.70961364926853],[-1.5372715414088707,53.70946807766288],[-1.537078678644451,53.70948429020129],[-1.5367073345635742,53.70949367582304],[-1.536336228105765,53.70948142095026],[-1.535968933795007,53.70944764362393],[-1.5356089894186191,53.70939266919005],[-1.5352598619355904,53.70931702716461],[-1.534924914068727,53.709221446130684],[-1.5346073719031081,53.70910684671767],[-1.53431029380351,53.70897433273016],[-1.534184679818719,53.708905893087696],[-1.5342014384219635,53.70894671884066],[-1.5342535659634793,53.70916504912488],[-1.5342693721031595,53.709385359394076],[-1.5342487040514994,53.70960552795298],[-1.5341917602872324,53.7098234344382],[-1.5340990886676282,53.710036980239224],[-1.533971581173169,53.71024410871118],[-1.5338104653364217,53.710442824984575],[-1.5336172924369291,53.710631215181245],[-1.5333939225751458,53.71080746485105],[-1.5332058019439947,53.710928988694725],[-1.5332675641527422,53.710927429617755],[-1.5336386823845753,53.710939694017156],[-1.5340059877745431,53.710973478501906],[-1.534365943513267,53.711028457760875],[-1.5347150835280796,53.711104102395794],[-1.535050045844085,53.711199684016535],[-1.5353676049451108,53.711314282251685],[-1.535664702823603,53.71144679360709],[-1.5359272061477094,53.711589801170106],[-1.5358862982804768,53.711418502123074],[-1.5358704829933059,53.71119819212297],[-1.535891143409459,53.71097802332696],[-1.5359480799918863,53.710760116061124]],[[-1.4739329352787316,53.70351125950039],[-1.4738533925809625,53.70352271153754],[-1.4738574415225862,53.703524521043484],[-1.4740443421859886,53.70362653866034],[-1.4741597075416768,53.70348453249702],[-1.474183001835653,53.70346185387904],[-1.4741824475175613,53.70345951766983],[-1.4739329352787316,53.70351125950039]],[[-1.4925085265523885,53.71881522706073],[-1.4925134782260558,53.71876304338286],[-1.492411496789257,53.71881708682413],[-1.4922400528248485,53.718891386640024],[-1.4924850617336982,53.71887088876482],[-1.4925124174105049,53.718870207678194],[-1.4925085265523885,53.71881522706073]]]}},{"type":"Feature","properties":{"db_school_name":"Crofton Academy","urn":"137001","n_samples":295,"margin_m":221.8},"geometry":{"type":"Polygon","coordinates":[[[-1.410663249982821,53.67488143002619],[-1.4106472885639978,53.67487136659037],[-1.4090085693402505,53.67442715496447],[-1.4067558993306744,53.673637586593934],[-1.4054119270958838,53.67421394927033],[-1.4052236042202402,53.674254006974074],[-1.4030795715313102,53.67439424814111],[-1.4012000269576665,53.67396619870615],[-1.4003694541067542,53.67371858618931],[-1.400261321551796,53.67357981662793],[-1.4001391659199816,53.67337157843725],[-1.4000519735793462,53.67315723326965],[-1.4000005837328608,53.67293884546141],[-1.3999854907454927,53.67271851825094],[-1.4000068394042386,53.67249837352179],[-1.4000644235455264,53.672280531367264],[-1.400157688062364,53.67206708967362],[-1.4002857342710902,53.67186010391819],[-1.4004473285852157,53.67166156737736],[-1.4006409144121168,53.67147339193427],[-1.4008646271573595,53.671297389671565],[-1.4011163121916357,53.671135255425625],[-1.4013935456069122,53.67098855047084],[-1.4016936575616536,53.67085868748983],[-1.4020137579902527,53.67074691697507],[-1.4023507644291535,53.67065431519206],[-1.402378837439259,53.67064850786876],[-1.402397010632529,53.67046098836127],[-1.402454579594575,53.67024314494254],[-1.402547827467174,53.67002970127009],[-1.4026758557269932,53.66982271284041],[-1.4028374309604223,53.6696241729556],[-1.4030309967586012,53.66943599353107],[-1.4032546887199704,53.669259986687784],[-1.4035063524153557,53.669097847306304],[-1.4037835641421843,53.66895113671045],[-1.4040836542677377,53.668821267637185],[-1.4044037329365662,53.66870949063766],[-1.4047407178945974,53.66861688203985],[-1.405091364162219,53.66854433358846],[-1.405452295271004,53.66849254386187],[-1.4058200357637758,53.66846201154829],[-1.4061910446456938,53.66845303064614],[-1.4062024695393203,53.66845342074392],[-1.4062166943332066,53.66839957226447],[-1.406028994436675,53.668382085613075],[-1.4056695721904617,53.66832672187048],[-1.4053210196877062,53.668250702285846],[-1.404986694111057,53.66815475907898],[-1.4046698155496524,53.66803981636759],[-1.404373435974404,53.667906981262625],[-1.4041004098359735,53.667757533200266],[-1.4038533665689545,53.66759291161416],[-1.4036346852673138,53.66741470206643],[-1.403446471775016,53.6672246209715],[-1.4032905384123882,53.66702449905984],[-1.4031683865331903,53.66681626374159],[-1.4030811920799695,53.66660192053955],[-1.4030297942762695,53.66638353377109],[-1.4030146875639238,53.6661632066646],[-1.4030360168623353,53.665943061102666],[-1.4030935761945975,53.665725217186655],[-1.4031868106928378,53.665511772819784],[-1.4033148219626548,53.66530478350521],[-1.4034763767541718,53.66510624255358],[-1.4036699188554793,53.66491806189062],[-1.4038935840932902,53.66474205364921],[-1.40391628776504,53.66472742457298],[-1.4039133515007904,53.66468461178757],[-1.4039346753112267,53.6644644659965],[-1.4039922279390555,53.66424662157676],[-1.4040854545810162,53.66403317643641],[-1.4042134569184004,53.663826186086105],[-1.4043750017873835,53.663627643846446],[-1.404568533071632,53.6634394616556],[-1.4047921867020405,53.663263451661145],[-1.4049691613706183,53.663149410971556],[-1.4049244434838966,53.66295942863318],[-1.404909327975601,53.66273910161625],[-1.4049306455374204,53.66251895555959],[-1.4049881903055887,53.66230111056936],[-1.4050814075525946,53.66208766455911],[-1.4052093990502579,53.66188067304789],[-1.4053709317391816,53.6616821293675],[-1.405564449620359,53.66149394546997],[-1.4057880887537761,53.66131793351937],[-1.4060396952190437,53.66115578844554],[-1.4063168458647164,53.66100907162713],[-1.406616871646237,53.6608791958611],[-1.4069368833276925,53.66076741176312],[-1.4072737992999562,53.660674795729506],[-1.4076243752475712,53.66060223957664],[-1.4079852353790872,53.66055044195702],[-1.408352904920609,53.66051990163498],[-1.4087238435603229,53.66051091268598],[-1.4090944795226124,53.66052356166642],[-1.4094612439444603,53.66055772678038],[-1.4098206052238829,53.66061307905185],[-1.4101691030104437,53.66068908549092],[-1.4105033815112957,53.66078501422355],[-1.4108202217927266,53.66089994153575],[-1.4111165727667663,53.66103276076438],[-1.4113895805649421,53.66118219294912],[-1.411611712057661,53.661330205064104],[-1.411730653547522,53.66130558431096],[-1.4120915147518462,53.66125377432582],[-1.4124591875446344,53.661223221407944],[-1.4128301315827592,53.6612142197542],[-1.4132007750386335,53.66122685604323],[-1.413567548977107,53.66126100860134],[-1.413926921704594,53.66131634857344],[-1.4142754327604665,53.66139234308802],[-1.4146097262241624,53.66148826038584],[-1.4149265830179478,53.661603176863046],[-1.415222951894914,53.66173598596086],[-1.4154959788142623,53.66188540881645],[-1.4157430344213786,53.66205000657312],[-1.415961739368268,53.66222819423069],[-1.416149987230561,53.662418255903646],[-1.4163059648003016,53.6626183613398],[-1.4164281695588092,53.6628265835412],[-1.4165154241609534,53.66304091731712],[-1.4165668877907824,53.66325929859134],[-1.4165820642784965,53.66347962427737],[-1.4165796536802793,53.6635045893286],[-1.4166840792418323,53.663514309617916],[-1.417043475269197,53.66356964027761],[-1.417392010559014,53.66364562575705],[-1.417726328957433,53.66374153438403],[-1.4180432111466847,53.663856442638206],[-1.4182116418687882,53.663931909267426],[-1.4183122873978347,53.66392946236082],[-1.4183046372858596,53.6638970062467],[-1.4182894516783071,53.66367668077035],[-1.4183107000378208,53.66345653218572],[-1.4183681771670267,53.66323868062338],[-1.4184613289896988,53.66302522406036],[-1.4185892579075676,53.66281821811733],[-1.4187507314637142,53.6626196562652],[-1.4189441942283787,53.66243145063103],[-1.4191677827920932,53.66225541358829],[-1.4194193437212115,53.662093240308494],[-1.4196964543025528,53.6619464924419],[-1.4199964458771375,53.66181658308447],[-1.4203164295382325,53.661704763175344],[-1.420653323946343,53.66161210945571],[-1.4210038849935012,53.66153951410478],[-1.421364737031613,53.66148767615248],[-1.4216362585522586,53.66146509202953],[-1.4216181417448477,53.66142060214344],[-1.4215312987754711,53.661395691046685],[-1.4212144254383927,53.66128079199883],[-1.4209180407988484,53.66114799767852],[-1.4206449993565313,53.6609985871291],[-1.4203979306937373,53.66083399942292],[-1.4201792141493692,53.660655819795814],[-1.4200786456814942,53.66055429151506],[-1.4200310115033024,53.660528224834266],[-1.4197839479790593,53.660363635861856],[-1.4195936819897519,53.66020862933969],[-1.4194899503164715,53.660290305235854],[-1.4192384004445533,53.66045247874187],[-1.4189612981184687,53.660599225606745],[-1.418661312052472,53.660729132411774],[-1.4183413314524882,53.66084094792441],[-1.4180044381847012,53.660933595154404],[-1.4176538770848295,53.66100618173159],[-1.4172930246943711,53.66105800850453],[-1.4169253567255138,53.66108857627792],[-1.4165544145686557,53.66109759062282],[-1.4161837711658622,53.661084964714],[-1.4158169965797134,53.66105082016646],[-1.4154576235899694,53.660995485863594],[-1.4151091136502147,53.660919494787606],[-1.4147748235331332,53.66082357888367],[-1.4144579729863667,53.66070866200651],[-1.4141616137110955,53.66057585101817],[-1.413888599962604,53.66042642512251],[-1.413641561056345,53.66026182353969],[-1.4134228760445122,53.66008363163911],[-1.41323465080707,53.65989356566522],[-1.4130786977777532,53.659693456202895],[-1.4129565185000361,53.65948523054236],[-1.4129355238083081,53.65943364342062],[-1.412767732400905,53.659418017917396],[-1.4126375926837116,53.659397975548735],[-1.4123219209898428,53.65950826750754],[-1.4119850252992536,53.6596008978165],[-1.411634465066594,53.6596734667899],[-1.411273616825051,53.65972527544596],[-1.4109059562468707,53.65975582476382],[-1.4105350246512638,53.659764820492356],[-1.4101643948785507,53.65975217598562],[-1.4097976368599867,53.659718013037875],[-1.4094382832156942,53.65966266070965],[-1.4090897952128523,53.65958665215685],[-1.4087555294127643,53.65949071949292],[-1.4084387053287653,53.65937578673406],[-1.4081423744070525,53.65924296089524],[-1.4078693906297206,53.6590935213234],[-1.4076591988193723,53.65895344273525],[-1.4073422088946135,53.658923908337655],[-1.4069828652698457,53.65886854866024],[-1.4066343882781807,53.658792532981025],[-1.4063001343748245,53.65869659348214],[-1.4059833229584842,53.658581654245566],[-1.4056870053533044,53.658448822348696],[-1.4054140354130789,53.65829937719675],[-1.405167042031185,53.658134758195324],[-1.4049484038212303,53.65795655088161],[-1.4048929948167255,53.657900582150795],[-1.4048499969236858,53.65792334508461],[-1.4045499868040932,53.65805321652993],[-1.4042299894690793,53.65816499433838],[-1.4038930869462047,53.658257601882944],[-1.4035425241604755,53.65833014717567],[-1.403181677669731,53.658381931462856],[-1.4028140231293897,53.658412455958405],[-1.4024431018005148,53.65842142665032],[-1.4020724864245202,53.658408757133834],[-1.4017057467939469,53.65837456944404],[-1.401346415351737,53.65831919287985],[-1.4009979531511316,53.658243160830665],[-1.4006637165048017,53.658147205636254],[-1.4003469246451583,53.658032251529754],[-1.4000506287078944,53.6578994057318],[-1.399777682338014,53.65774994778155],[-1.3995307142017832,53.65758531720777],[-1.3993121026695703,53.6574070996591],[-1.3991239529134463,53.65721701162692],[-1.3989680766400134,53.65701688390847],[-1.3988459746533874,53.65680864396972],[-1.398758822415838,53.65659429737796],[-1.3987551224358945,53.65657856581809],[-1.398618946653657,53.656606740712235],[-1.398258108978192,53.65665851020092],[-1.3978904660038938,53.6566890196195],[-1.3975195588804088,53.6566979751012],[-1.3971489602122937,53.656685290387784],[-1.3967822396311136,53.65665108766075],[-1.396422929396267,53.65659569636388],[-1.3960744903566575,53.65651965002841],[-1.395740278601793,53.65642368113174],[-1.3954235131242494,53.656308714039014],[-1.3951272448055316,53.65617585609592],[-1.3948543270245497,53.656026386958565],[-1.3946073881721384,53.655861746263476],[-1.3943888063365542,53.65568351975673],[-1.394200686403797,53.65549342401597],[-1.3940448397931957,53.65529328991262],[-1.3939227670231595,53.65508504497413],[-1.39383564327457,53.65487069481591],[-1.3937843070903178,53.65465230382217],[-1.3937692523191447,53.654431975261915],[-1.3937906233806148,53.65421183103165],[-1.3938482138960424,53.65399399121987],[-1.393941468697683,53.65378055369024],[-1.3940694891960446,53.653573573880024],[-1.3942310420528006,53.653375045008346],[-1.3944245710750682,53.653186878884604],[-1.3946482122158708,53.65301088750173],[-1.3948998115357802,53.65284876559145],[-1.3951769459524128,53.65270207430943],[-1.3954769465776964,53.65257222620677],[-1.3957969244181132,53.65246047163272],[-1.396133798190503,53.65236788669945],[-1.396484323985805,53.65229536292388],[-1.3968451264954778,53.652243598646805],[-1.3972127315004073,53.65221309231149],[-1.397583599310089,53.652204137666246],[-1.3979541588307745,53.652216820937156],[-1.3983208419353115,53.65225101999814],[-1.3986801178045078,53.65230640554635],[-1.399028526910114,53.652382444271396],[-1.3993627143129679,53.652478403988404],[-1.3996794619563264,53.65259336068497],[-1.3999757196440457,53.65272620741491],[-1.4002486344057565,53.65287566495307],[-1.4004955779666535,53.653040294108656],[-1.4007141720575358,53.65321850957902],[-1.4009023113214392,53.65340859521072],[-1.4010581835961498,53.65360872052073],[-1.4011802873770014,53.653816958319545],[-1.401267446291384,53.654031303266166],[-1.4012711469914991,53.65404703475703],[-1.401407312766406,53.65401885680748],[-1.4017681240908584,53.65396707773444],[-1.402135740659773,53.653936556324766],[-1.4025066226713065,53.65392758647187],[-1.4028771988949902,53.65394025454824],[-1.4032439010428828,53.653974438574146],[-1.4036031981124808,53.65402980939143],[-1.403951630371464,53.65410583383164],[-1.404285842657801,53.654201779847355],[-1.4046026166752215,53.65431672355816],[-1.4048989019736995,53.65444955814296],[-1.4051718453170732,53.654599004493484],[-1.4054188181553824,53.654763623526726],[-1.4056374419375626,53.65494183003756],[-1.405692848080844,53.65499779844379],[-1.4057358425331157,53.654975035186936],[-1.4060358271032705,53.654845160635105],[-1.4063557944898717,53.65473337785837],[-1.406692663510287,53.654640763240366],[-1.4070431903011051,53.654568208583875],[-1.4074039995441268,53.654516412527045],[-1.4077716169553653,53.65448587381909],[-1.4081425027248529,53.65447688652002],[-1.408513085585938,53.65448953717033],[-1.4088797971867915,53.65452370395799],[-1.4092391064339247,53.65457905789093],[-1.4095875534778137,53.65465506596315],[-1.4099217830141277,53.65475099628492],[-1.4102385765805736,53.65486592512689],[-1.4105348835389668,53.65499874581114],[-1.4108078504446637,53.65514817936334],[-1.4110180339014426,53.65528825249102],[-1.4113349992134416,53.655317777110064],[-1.4114651257499182,53.65533782087291],[-1.4117807684244337,53.6552275310188],[-1.4121176296169389,53.655134901125116],[-1.4124681513176616,53.65506233057975],[-1.4128289582573692,53.655010518173874],[-1.4131965761742207,53.654979962814096],[-1.4135674652533659,53.654970958720774],[-1.4139380541962887,53.654983592596075],[-1.4143047745926172,53.655017742789525],[-1.414664095264208,53.65507308046875],[-1.4150125562515823,53.65514907278434],[-1.415067836589641,53.65516493612793],[-1.415029787846279,53.65510009021874],[-1.4149425568841254,53.654885755139105],[-1.4148911115287053,53.654667372910254],[-1.4148768117331754,53.654459614907694],[-1.414652546857724,53.65443873160253],[-1.4142932315893564,53.65438339389714],[-1.4139447782150383,53.65430739949869],[-1.4136105429625074,53.65421148038431],[-1.413293745050875,53.654096560439605],[-1.4132504159142694,53.65407713924554],[-1.4130529250311028,53.65400549762028],[-1.412756617052284,53.653872683142566],[-1.4124836514269135,53.653723254004625],[-1.4122366570069453,53.6535586494578],[-1.4122034552636666,53.65353159027839],[-1.4120819139061773,53.65354169191377],[-1.411711037092098,53.65355069144044],[-1.4113404614301739,53.65353805070493],[-1.4109737563303355,53.65350389146514],[-1.410614453902876,53.65344854274588],[-1.4102660149215538,53.653372537668275],[-1.409931795475423,53.65327660831232],[-1.409615014631291,53.65316167866227],[-1.4093187234188576,53.65302885570312],[-1.4090457754377603,53.652879418754054],[-1.4087987993699573,53.652714807141564],[-1.4085801736624082,53.65253660633166],[-1.4083920036239304,53.65234653265451],[-1.4082361011567017,53.652146416769064],[-1.4081139673173508,53.65193818602743],[-1.4080267778751525,53.651723845908286],[-1.4079753720058898,53.65150546069932],[-1.4079602442295887,53.651285133613875],[-1.4079815396690247,53.65106498653438],[-1.4080390526738638,53.650847139576854],[-1.408132228822847,53.65063369067389],[-1.408260170283899,53.65042669537241],[-1.408421644479763,53.65022814704077],[-1.4086150959749433,53.65003995767589],[-1.4088386614688828,53.64986393949456],[-1.4090901877504274,53.64970178748667],[-1.4093672524403125,53.649555063097765],[-1.4096671873216757,53.64942517919774],[-1.409987104033841,53.6493133864807],[-1.4103239218820431,53.64922076142601],[-1.4106743974955123,53.64914819593693],[-1.4110351560487242,53.64909638875596],[-1.4114027237456632,53.64906583873946],[-1.411773561254939,53.649056840056296],[-1.4121440977744832,53.64906947935657],[-1.4125107653985856,53.649103634937575],[-1.4128700334571236,53.64915897791506],[-1.413218442497118,53.64923497538858],[-1.4135526375801426,53.64933089557037],[-1.4138694005756514,53.649445814828695],[-1.4139162453579812,53.64946681373696],[-1.4139734377025452,53.64942177748766],[-1.4142249417205155,53.64925961462199],[-1.4145019857634864,53.6491128782855],[-1.4148019018133315,53.6489829814632],[-1.4151218016906275,53.64887117497358],[-1.415458604862643,53.648778535428676],[-1.4158090680998567,53.648705954871296],[-1.4161698166958585,53.64865413218895],[-1.4165373769504659,53.64862356638731],[-1.4167045022983276,53.64861950386677],[-1.416869715759987,53.64858528643718],[-1.4168988405826108,53.64858110232362],[-1.420811368878086,53.649492657839474],[-1.4225724494416785,53.649130396632074],[-1.422838967916512,53.64913946377779],[-1.4232056450308708,53.64917358663053],[-1.4235649279232734,53.64922889755432],[-1.423913356997992,53.64930486395729],[-1.4242475771237961,53.64940075435086],[-1.4245643699291364,53.64951564539017],[-1.4248606847833345,53.64964843076124],[-1.4251336681659361,53.64979783182978],[-1.425380691141774,53.649962409948756],[-1.425599374677351,53.650140580307095],[-1.4257876125548157,53.650330627185774],[-1.425943591662742,53.65053072047511],[-1.4260658094680547,53.65073893329404],[-1.4260705539851957,53.650750584251504],[-1.4261261600852957,53.65074259169017],[-1.4264937315371249,53.650711995363245],[-1.4268645806202171,53.65070294997174],[-1.4272351364210727,53.65071554261535],[-1.4276018308483827,53.65074965204066],[-1.4279611329740463,53.6508049498078],[-1.4280099428456752,53.65081558925144],[-1.4281994444609276,53.65069335969799],[-1.4284764496549536,53.6505465909617],[-1.428776333214904,53.650416659082445],[-1.4290962072739966,53.65030481521632],[-1.4294329915479198,53.65021213633522],[-1.4297834429889669,53.650139514860705],[-1.4301441870041944,53.65008765007432],[-1.4305117499374498,53.65005704138703],[-1.4308825925031479,53.650047983532666],[-1.4312531438505265,53.65006056373098],[-1.4316198359311536,53.65009466084837],[-1.4319791378395317,53.650149946563445],[-1.4322694234761215,53.65021321179115],[-1.4319774808451173,53.65008241580705],[-1.4317044713256832,53.649933030282256],[-1.431457423800651,53.64976846514632],[-1.4312387174056191,53.649590305417675],[-1.431050458226938,53.64940026703085],[-1.4308944590257069,53.64920018030506],[-1.4307722217905687,53.64899197231161],[-1.4306849232869197,53.64877764831028],[-1.4306334037411628,53.6485592724336],[-1.4306181587683133,53.648338947805264],[-1.4306393346199489,53.64811879628417],[-1.4306967267974777,53.6479009380293],[-1.4307897820432265,53.647687471082165],[-1.430917603689348,53.647480451163624],[-1.4310789603122462,53.6472818718793],[-1.4312722976084202,53.647093645524265],[-1.4314957533767454,53.64691758467164],[-1.4317471754623714,53.64675538472238],[-1.4320241424890465,53.64660860758368],[-1.43232398717999,53.64647866663351],[-1.4326438220426416,53.6463668131153],[-1.4329805671700409,53.64627412409397],[-1.4333309798913445,53.64620149208869],[-1.4336916859863507,53.64614961648242],[-1.4340592121639464,53.64611899679036],[-1.434430019492374,53.64610992785224],[-1.4348005374600867,53.64612249699458],[-1.4351671983399914,53.64615658319019],[-1.4355264715269653,53.64621185822288],[-1.4358748975187732,53.64628778984633],[-1.4362091212139585,53.6463836469069],[-1.4365259242067192,53.64649850638059],[-1.4368222557684391,53.64663126225744],[-1.4370952622179654,53.6467806361871],[-1.4373423143982178,53.646945189783914],[-1.4375610329946975,53.64712333847292],[-1.4377493114521605,53.64731336674383],[-1.437905336268635,53.64751344466618],[-1.438027604471099,53.64772164550696],[-1.4381149381040983,53.64793596428129],[-1.4381664955912281,53.648154337057456],[-1.4381817798594092,53.64837466083097],[-1.4381606431469665,53.64859481377577],[-1.4381032884483926,53.648812675678165],[-1.4380102675810675,53.64902614835648],[-1.4378824758916933,53.649233175869554],[-1.4377211436526462,53.64943176432],[-1.4375278242303702,53.649620001060406],[-1.4373043791391038,53.64979607311858],[-1.4370529601233857,53.64995828466301],[-1.4367759884414908,53.65010507334081],[-1.4364761315490995,53.65023502533062],[-1.4361562774076655,53.650346888964734],[-1.435819506665023,53.65043958678953],[-1.435469062976394,53.65051222594748],[-1.4351083217520377,53.65056410678076],[-1.4347407576330675,53.65059472957332],[-1.4343699110093084,53.65060379936626],[-1.4339993539024032,53.65059122880019],[-1.4336326555435421,53.65055713895707],[-1.4332733479781452,53.65050185819324],[-1.4329830588415826,53.65043859539356],[-1.4332750070548919,53.6505693889323],[-1.433548026246095,53.65071877088496],[-1.4337950874711154,53.650883331716244],[-1.4340138113282637,53.65106148678164],[-1.4342020912115212,53.65125152050935],[-1.4343581136050567,53.65145160291643],[-1.4344803755590403,53.651659807226686],[-1.4345676991780445,53.651874128421795],[-1.4346192429819526,53.65209250254678],[-1.434634510029312,53.65231282658404],[-1.4346133527241547,53.652532978705004],[-1.4345559742591671,53.65275083870391],[-1.4344629266805065,53.65296430841733],[-1.4343351055920381,53.6531713319327],[-1.4341737415492122,53.65336991539098],[-1.4339803882247324,53.653558146192935],[-1.4337569074593384,53.65373421142344],[-1.4335054513411616,53.6538964153167],[-1.433228441485857,53.65404319559356],[-1.4331119423312728,53.65409367411754],[-1.43315696127977,53.65415140488051],[-1.4332792250212296,53.65435961032804],[-1.433366548021394,53.654573932301005],[-1.4334180888060142,53.654792306836875],[-1.4334333504626198,53.65501263091417],[-1.4334121854470638,53.6552327827039],[-1.4333547970262006,53.65545064200346],[-1.4332617373419874,53.65566411065614],[-1.4331339021148035,53.65587113275961],[-1.4329725220362082,53.656069714468394],[-1.4327910756027957,53.65624633570456],[-1.432832144584541,53.65627368778566],[-1.4329582144201256,53.65634265844083],[-1.4332053060623124,53.65650722041283],[-1.4332578582247677,53.65655002046029],[-1.4335866691076715,53.65656117548728],[-1.4336376942953934,53.65656591843729],[-1.433658186775245,53.656552700455684],[-1.43393521166013,53.65640591928463],[-1.4342351202485661,53.65627597392467],[-1.43455502443269,53.656164115661646],[-1.4348918436380678,53.65607142160611],[-1.435242334480633,53.655998784325625],[-1.435603121988071,53.65594690325398],[-1.435970732085503,53.65591627795891],[-1.4363416250332897,53.655907203334095],[-1.436712229495654,53.6559197667608],[-1.437078976912848,53.655953847266886],[-1.4374383358466774,53.65600911669091],[-1.4377868459694298,53.65608504284068],[-1.4381211513696996,53.65618089461519],[-1.4384380328550608,53.65629574904148],[-1.4387344389411543,53.656428500158185],[-1.4390075152292479,53.656577869660865],[-1.4392442650611377,53.65673551619954],[-1.4392887133942074,53.65673181200141],[-1.4396596128630217,53.656722727116964],[-1.4400302255367876,53.656735280293326],[-1.4403969827767147,53.65676935065706],[-1.4407563530500564,53.65682461014437],[-1.4411048759199523,53.65690052665875],[-1.4414391953523,53.656996369191965],[-1.4417560920196066,53.65711121486004],[-1.4420525142913752,53.65724395778596],[-1.4423256076130675,53.657393319744166],[-1.4425727419911116,53.65755786246436],[-1.4427400207123726,53.657694057801756],[-1.4428354245300714,53.65774623529573],[-1.4430825629554687,53.65791077696422],[-1.4433013622568842,53.658088915044225],[-1.4434897151018362,53.658278934127694],[-1.44364580727188,53.6584790043727],[-1.4437681351451876,53.658687199120266],[-1.4438555201914183,53.658901513444256],[-1.4439071203387526,53.65911988345594],[-1.4439224381029383,53.659340206177426],[-1.4439013253993516,53.65956035979287],[-1.4438439849908835,53.65977822408218],[-1.4437509685568974,53.65999170084065],[-1.4436231714010175,53.66019873408791],[-1.443461823847905,53.66039732987125],[-1.4432684794111617,53.66058557547274],[-1.4430449998456567,53.66076165783468],[-1.442793537227719,53.66092388102629],[-1.4427152373435899,53.660965374153385],[-1.4427174955558413,53.66097493153287],[-1.442732807718354,53.66119525432417],[-1.4427116878207573,53.66141540764354],[-1.4426543386951651,53.66163327127369],[-1.4425613121048395,53.66184674701632],[-1.4424335034511715,53.662053778900784],[-1.4422721431695193,53.662252372987496],[-1.4420787848960477,53.662440616574834],[-1.4418552905188733,53.66261669662449],[-1.441603812256977,53.662778917227975],[-1.4415193167636207,53.6628236900579],[-1.44144621274806,53.662913658425744],[-1.4412528477557118,53.663101900641635],[-1.4411494913699372,53.663183326945955],[-1.4415185139383706,53.66319581987842],[-1.441885328462357,53.66322988579162],[-1.4422447556128084,53.66328514089612],[-1.4425933344053132,53.66336105313756],[-1.4427725393123925,53.66341241711191],[-1.4429209628702344,53.663371565258956],[-1.4432715007312615,53.663298904683714],[-1.4435581764054468,53.663257667916376],[-1.443693824184198,53.66317016226551],[-1.4439708579246275,53.66302335806166],[-1.4442707829468264,53.66289338775133],[-1.44459071098454,53.66278150286053],[-1.444927561233546,53.66268878075622],[-1.4452780900108004,53.662616114276084],[-1.4456389219787098,53.66256420313489],[-1.4460065826343251,53.662533547189966],[-1.4463775317512668,53.66252444163009],[-1.4467481974530259,53.662536974134355],[-1.4471150105903354,53.66257102402831],[-1.447474439092358,53.66262626344535],[-1.4478230219616977,53.66270216048214],[-1.4481574025866646,53.66279798431809],[-1.448474361050678,53.662912812249246],[-1.4487708451283163,53.663045538569406],[-1.449043999670002,53.66319488521301],[-1.449291194092732,53.663359414057226],[-1.4495100477123108,53.66353754076558],[-1.4496703191351314,53.663699177065034],[-1.4497587771568987,53.6636522947222],[-1.4500586889521705,53.66352230989629],[-1.4503786065435424,53.66341040952815],[-1.4507154492273022,53.66331767113371],[-1.4510659733931879,53.663244987707515],[-1.4514268037479612,53.663193059127565],[-1.4517944658041728,53.663162385419035],[-1.452165419321944,53.663153261941716],[-1.4525360923823964,53.66316577654727],[-1.4529029157654274,53.66319980873355],[-1.4532623573015873,53.663255030804436],[-1.4536109558680295,53.66333091102363],[-1.453945354701984,53.66342671873248],[-1.4542527018932019,53.663538042672535],[-1.454392644387705,53.66354276503741],[-1.4547594725777018,53.66357679154633],[-1.4551189197840562,53.66363200805507],[-1.4554675248293463,53.66370788288088],[-1.4558019308884405,53.66380368541705],[-1.456118917799958,53.66391849316471],[-1.456415433064665,53.66405120061203],[-1.4566886212327954,53.66420052987516],[-1.456935851397662,53.66436504299868],[-1.4571547425310034,53.66454315579757],[-1.4573431864161452,53.664733153107306],[-1.4574993679580137,53.664933205295746],[-1.4576217826741524,53.665141385877895],[-1.4577092511978789,53.66535569006414],[-1.4577609306533692,53.665574054063484],[-1.4577763227924565,53.665794374956086],[-1.4577552788140482,53.66601453094379],[-1.4576980008189198,53.66623240178374],[-1.457605039885067,53.66644588920825],[-1.457477290781286,53.6666529371343],[-1.457315983369119,53.66685155146785],[-1.4571226707752316,53.66703981931233],[-1.456899214447479,53.66721592739591],[-1.4566477662380652,53.66737817954006],[-1.4563707476859757,53.667525013000805],[-1.456070826697949,53.667655013525405],[-1.4557508918525204,53.667766928978594],[-1.4554140245746903,53.667859681407506],[-1.455063469449452,53.6679323774286],[-1.4547026029604802,53.667984316836225],[-1.454334900955606,53.668014999350085],[-1.4542405512534478,53.66801732137487],[-1.4542043277704852,53.66803302132535],[-1.4538843851438203,53.66814493176574],[-1.4535475107831421,53.66823767892084],[-1.453196949341691,53.66831036945796],[-1.4528360773640043,53.66836230322424],[-1.4524683707508006,53.66839297999369],[-1.4520973712646885,53.66840210428745],[-1.4517266524000383,53.668389588221125],[-1.4513597849465003,53.66835555235165],[-1.4510003025786598,53.66830032451554],[-1.450651667804042,53.668224436669476],[-1.4503172385982162,53.66812861976431],[-1.4500002360490485,53.6680137967012],[-1.449703713322341,53.66788107343863],[-1.4494305262482676,53.66773172833562],[-1.449183305812238,53.66756719983423],[-1.4489644328153675,53.667389072600194],[-1.4487760149486268,53.66719906225525],[-1.4486198665013843,53.666998998848705],[-1.448497490899483,53.66679080922746],[-1.448437645716222,53.666644106392866],[-1.4484255954858063,53.66664932847339],[-1.4483726884428905,53.666667831727175],[-1.4483618843301231,53.666780595502736],[-1.448304556847193,53.666998461697524],[-1.4482115467731007,53.66721194167931],[-1.4480837493499576,53.66741897943672],[-1.4479223949047544,53.66761758097357],[-1.447729037017243,53.66780583351648],[-1.4475055375716377,53.667981923940985],[-1.4472540488355696,53.66814415623852],[-1.446976992738504,53.66829096785633],[-1.4466770375489513,53.66842094475197],[-1.446357072175017,53.66853283501776],[-1.4460201783358853,53.66862556094344],[-1.4456696008725127,53.668698229400746],[-1.4453087164838414,53.668750140449575],[-1.4449410011901949,53.66878079408274],[-1.4445699968378336,53.66878989504421],[-1.444199276968018,53.66877735567441],[-1.4438324123800754,53.668743296754705],[-1.4434729367209567,53.66868804634366],[-1.4431243124335174,53.668612136615444],[-1.44278989739224,53.66851629873164],[-1.4424729125484659,53.668401455795525],[-1.4421764108973552,53.668268713956984],[-1.4419032480659675,53.668119351753944],[-1.4416560548060924,53.66795480779317],[-1.4414372116569698,53.66777666688921],[-1.4413326050598207,53.667671151848246],[-1.4410884128805614,53.667677134964464],[-1.4407177038867063,53.66766458484224],[-1.4403508518423043,53.66763051528251],[-1.4399913902734478,53.667575254446284],[-1.4396427814872281,53.667499334608195],[-1.4393083832087659,53.66740348702716],[-1.4389914162278898,53.667288634899855],[-1.4386949333676498,53.66715588446469],[-1.4384217900740603,53.66700651434243],[-1.4383956457269442,53.666989109294214],[-1.4382482440820517,53.66713257812519],[-1.438024708820874,53.66730865078365],[-1.4377731878404638,53.66747086310684],[-1.4374961033810105,53.66761765273433],[-1.437196123984357,53.66774760583542],[-1.4368761387919144,53.66785947073168],[-1.4365392297138864,53.6679521699572],[-1.436188641738118,53.66802481064084],[-1.4358277516648954,53.66807669311009],[-1.4354600355693532,53.66810731763302],[-1.4350890353055044,53.66811638923406],[-1.434718324375228,53.668103820536416],[-1.4343514734917118,53.668069732604],[-1.433992016169846,53.668014453774845],[-1.4336434146757735,53.66793851649684],[-1.4333090266643218,53.66784265219696],[-1.432992072826355,53.66772778423289],[-1.4326956058582467,53.667595018995605],[-1.4324224810528516,53.667445635248384],[-1.432175328795552,53.66728107180546],[-1.431956529230523,53.667102913669034],[-1.431790067727562,53.66693495238108],[-1.4317322628928586,53.666918379157416],[-1.4314153202911093,53.66680350703138],[-1.4311188647741506,53.66667073789969],[-1.4308457515245179,53.66652135056317],[-1.4305986108162707,53.666356783870555],[-1.4303798226823319,53.66617862285539],[-1.43019149399605,53.665988583464696],[-1.4301848210767831,53.66598002780349],[-1.4300240881966995,53.66595530261219],[-1.4296755108886972,53.66587935382017],[-1.4293411482318081,53.6657834784735],[-1.4290242206726107,53.66566860003628],[-1.4287277806542953,53.665535825000305],[-1.4284546832100786,53.66538643222324],[-1.4282587718444675,53.665255966075776],[-1.4281629629610983,53.66541105380016],[-1.4280015227894256,53.66560962833732],[-1.4278080856130164,53.665797848570165],[-1.4275845140800725,53.66597390168527],[-1.4273329611528736,53.6661360920334],[-1.4270558493794896,53.66628285746578],[-1.426755847565018,53.66641278438478],[-1.42643584506695,53.666524621364104],[-1.4260989239623172,53.66661729120675],[-1.42574832935492,53.66668990132465],[-1.4253874381090033,53.66674175233967],[-1.4250197263110527,53.666772344822895],[-1.4246487357737074,53.66678138410738],[-1.4242780399051442,53.666768783127665],[-1.42391120927343,53.6667346632586],[-1.423551777198309,53.66667935314582],[-1.423203205702641,53.66660338553865],[-1.4228688521521793,53.66650749215612],[-1.4225519369057167,53.666392596636065],[-1.422255512287759,53.666259805634915],[-1.42209757611664,53.666173395552285],[-1.4220989886641773,53.66619386215955],[-1.42207775856106,53.66641401136347],[-1.422020296108606,53.66663186462922],[-1.4219271541614444,53.66684532385806],[-1.4217992292319719,53.66705233323827],[-1.421637752875487,53.66725089904689],[-1.421444279846243,53.66743910885447],[-1.4212206731378123,53.667615149947984],[-1.420969086051343,53.667777326793995],[-1.4206919414640027,53.66792407737368],[-1.4204847592861518,53.66801378506432],[-1.4206183104325154,53.66818506953556],[-1.4207405523847245,53.66839328724014],[-1.420827840183319,53.668607617761694],[-1.4208793326925173,53.668825997055364],[-1.4208945334642362,53.669046322053724],[-1.4208732955401855,53.66926647091887],[-1.4208158228889214,53.66948432347624],[-1.4207226684632093,53.66969778163397],[-1.420594728895546,53.66990478959063],[-1.4204332358821472,53.670103353636925],[-1.4202397443376389,53.670291561360365],[-1.420016117433884,53.670467600068],[-1.419764508666519,53.67062977424928],[-1.4194873411215272,53.67077652191112],[-1.419187284141288,53.67090642962698],[-1.4188672276147627,53.671018246155505],[-1.4185302541395162,53.67111089449665],[-1.4181796093239212,53.671183482269406],[-1.4181374938836442,53.67118952978596],[-1.4180150496302113,53.67126844577681],[-1.417737871827987,53.67141518934707],[-1.4174378049463259,53.67154509263966],[-1.4171177389695881,53.67165690445584],[-1.4167807565863886,53.67174954784093],[-1.4164757528219831,53.67181268145717],[-1.4164707677965893,53.67181660510552],[-1.4162191373938726,53.67197877174442],[-1.415941948701419,53.6721255111119],[-1.4159185995609453,53.672135618639345],[-1.4160246343202407,53.67231625198674],[-1.4161119061181469,53.672530585762885],[-1.4161633788568542,53.67274896688899],[-1.4161785562785247,53.67296929227991],[-1.4161584428264207,53.67317752228631],[-1.416160190881978,53.6732028981285],[-1.416138926030572,53.67342304593008],[-1.4161383601719482,53.673425189700765],[-1.4163615777448848,53.67352518683706],[-1.4166346846197764,53.6736746070138],[-1.416881813308547,53.67383920229037],[-1.4171005837593589,53.67401738769051],[-1.417288888916903,53.674207447350526],[-1.4174429382552414,53.674405015845736],[-1.41750785998304,53.67429999769815],[-1.4176693829195124,53.67410143781458],[-1.4178629034730073,53.67391323444008],[-1.4180865576773594,53.67373719992623],[-1.4183381914666835,53.673575029420185],[-1.4186153814261049,53.673428284545366],[-1.4189154581322576,53.67329837836889],[-1.4192355318586884,53.67318656179917],[-1.419572520398735,53.6730939115452],[-1.4199231787381594,53.673021319752706],[-1.4202841302922096,53.672969485417426],[-1.4206518994068096,53.67293890765701],[-1.421022944811541,53.67292988090748],[-1.4213936937029878,53.67294249208915],[-1.421760576131013,53.672976619770026],[-1.422120059357652,53.67303193533457],[-1.4224480718064216,53.67310341489888],[-1.4226743940988187,53.673070909113335],[-1.4230421624206782,53.673040324011275],[-1.4234132082604138,53.67303128985754],[-1.4237839588104184,53.67304389364372],[-1.424150844104592,53.673078014009064],[-1.4245103313773848,53.67313332240844],[-1.4248589590654925,53.673209286274364],[-1.4251933701255666,53.67330517414281],[-1.4255103443477755,53.67342006269332],[-1.425806829354685,53.67355284563603],[-1.4260799699874194,53.67370224436016],[-1.4263271357964873,53.67386682024139],[-1.4265459463727541,53.67404498849035],[-1.426734294274663,53.67423503340849],[-1.4268903653308107,53.674435124905116],[-1.427012656122093,53.6746433361166],[-1.4270899502596326,53.67483302688392],[-1.427230036214844,53.67494708802963],[-1.4274183911976484,53.675137131861646],[-1.4275744688050418,53.67533722245363],[-1.4276967655548196,53.67554543295068],[-1.4277396339112,53.67565063153948],[-1.4277951282340122,53.67569581462239],[-1.4279834890819936,53.67588585755713],[-1.428139572114313,53.67608594740171],[-1.4282618737965111,53.67629415730844],[-1.4283492158498172,53.67650848220513],[-1.428400756615774,53.6767268581012],[-1.4284159991813428,53.67694718196201],[-1.428394796185477,53.67716733196063],[-1.4283373512600694,53.677385187911675],[-1.428244217090565,53.67759865169061],[-1.428116290114072,53.67780566744192],[-1.4279548019052424,53.67800424138123],[-1.4277613073321436,53.67819246100077],[-1.427537669595546,53.67836851349303],[-1.427286042295193,53.67853070321465],[-1.427008848695376,53.67867746802284],[-1.4267087583892764,53.67880739432591],[-1.426388661586742,53.678919230703386],[-1.4260516412732138,53.679011899964024],[-1.4259052543563902,53.679042208524315],[-1.4258760068512457,53.67915309747087],[-1.425782856285196,53.67936655923025],[-1.4256549118381687,53.679573572246035],[-1.4254934052530528,53.67977214276022],[-1.42529989157489,53.679960358298004],[-1.4250762341884624,53.68013640609115],[-1.4248245868827816,53.680298590541554],[-1.4245473731148475,53.68044534955714],[-1.424247262672128,53.68057526960204],[-1.423927145958463,53.68068709931605],[-1.4235901061511227,53.68077976157206],[-1.4232393894974336,53.68085236385502],[-1.4228783740374247,53.6809042068622],[-1.4225105370542868,53.68093479124182],[-1.4221394215667404,53.68094382240494],[-1.4217686021867886,53.68093121336431],[-1.4214016506724563,53.68089708557247],[-1.4210421015080972,53.6808417677514],[-1.4206934178446031,53.68076579272469],[-1.4203589581283007,53.6806698922829],[-1.420041943740677,53.68055499013199],[-1.4197454279611963,53.6804221929922],[-1.4194722665526576,53.6802727799342],[-1.419225090252727,53.6801081900546],[-1.419006279436808,53.679930008610214],[-1.4188179411963244,53.67973995174494],[-1.4186618890530585,53.67953984995605],[-1.4185396255046525,53.67933163045994],[-1.4184523275689462,53.6791172986273],[-1.4184008354658355,53.67889891866605],[-1.4183856445449803,53.678678593739185],[-1.4184069005363567,53.67845844570838],[-1.418464398168582,53.67824059469892],[-1.4185575831674864,53.67802713868239],[-1.4186855576148465,53.67782013327423],[-1.4188470886148774,53.67762157194012],[-1.418993533458942,53.677479157777604],[-1.418770546465214,53.677357178030206],[-1.4185233898960936,53.67719258667428],[-1.4183045970695962,53.67701440390868],[-1.4181162749039153,53.67682434588986],[-1.4179602367660606,53.67662424312633],[-1.4178397640000282,53.67641905283623],[-1.4178284975044175,53.6764098772044],[-1.4176401801634235,53.67621981843055],[-1.4174861233425664,53.67602225022912],[-1.4174211988806862,53.67612726832757],[-1.4172596669586892,53.67632582778562],[-1.417066132585659,53.6765140300732],[-1.4168424593458835,53.67669006254966],[-1.4165908011812434,53.67685222976446],[-1.4163135816534922,53.676998969791484],[-1.4160134706057206,53.67712886927776],[-1.4156933584477185,53.6772406770611],[-1.415356328312971,53.67733331622566],[-1.415005626355701,53.67740589447887],[-1.4146446304744162,53.677457712749444],[-1.4142768177637235,53.677488271923856],[-1.4139057310085184,53.677497277656045],[-1.4135349445439906,53.67748464320367],[-1.4131680298110356,53.67745049026409],[-1.4128085209396184,53.67739514780153],[-1.4124598806924027,53.677319148876904],[-1.412125467097394,53.677223225511],[-1.4118085010917005,53.67710830163051],[-1.411512035488642,53.676975484164984],[-1.4112389255675968,53.67682605238084],[-1.4111270195213774,53.67675151310345],[-1.410663249982821,53.67488143002619]],[[-1.4116108168787402,53.667772884527594],[-1.4120793347321694,53.66849180763156],[-1.4123184838567238,53.668599529419],[-1.413062650299654,53.668607955614824],[-1.4135672092758134,53.66854923621788],[-1.4138096523416799,53.66835405234927],[-1.413903044713296,53.66787233857046],[-1.412923015128167,53.66642771885476],[-1.4116633220121058,53.66756580792195],[-1.4116108168787402,53.667772884527594]]]}},{"type":"Feature","properties":{"db_school_name":"The Featherstone Academy","urn":"138593","n_samples":321,"margin_m":220.1},"geometry":{"type":"Polygon","coordinates":[[[-1.338221255609726,53.678486378100196],[-1.3366134998591892,53.677868508590464],[-1.3361634846349846,53.67772532989373],[-1.3350956683411266,53.6776866428028],[-1.3347638205048957,53.67761406048208],[-1.3344295830446973,53.677517920733365],[-1.3341128281617685,53.677402791900825],[-1.333816606634795,53.67726978288805],[-1.3335437713910534,53.67712017480632],[-1.3332969500253133,53.67695540863039],[-1.3330785194930483,53.676777071314945],[-1.3328905832217153,53.676586880504665],[-1.332734950860445,53.67638666798651],[-1.3326131208628946,53.67617836204288],[-1.3325262660705766,53.67596396887642],[-1.3324752224349807,53.67574555328521],[-1.3324604809864147,53.67552521877476],[-1.3324821831261602,53.67530508729843],[-1.3325401192865003,53.67508727882143],[-1.3326337309706424,53.67487389090518],[-1.3327621161521026,53.67466697850871],[-1.33292403798072,53.67446853420148],[-1.3331179367107466,53.674280468978104],[-1.3333419447354993,53.674104593859454],[-1.3335939045832643,53.67394260245736],[-1.3338713897007621,53.67379605467045],[-1.334171727823802,53.673666361667756],[-1.334492026709986,53.67355477230494],[-1.3348292019857462,53.67346236110315],[-1.3351800068397917,53.67339001790635],[-1.3355410632774305,53.673338439316574],[-1.335908894635289,53.67330812198914],[-1.3362799590439904,53.67329935785249],[-1.3366506835172438,53.673312231298446],[-1.3370174983398821,53.673346618369926],[-1.3373282790754082,53.67339467422781],[-1.3373056968639399,53.67333894493565],[-1.3372546315467717,53.67312053122131],[-1.3372453654860172,53.67298226211127],[-1.337164971463751,53.672878847732036],[-1.3370431295474319,53.67267054613773],[-1.336956259299111,53.672456156012714],[-1.336905196819275,53.67223774212579],[-1.3368904333198517,53.672017407966095],[-1.336912110414611,53.67179727548363],[-1.3369700187771412,53.67157946465333],[-1.3370636001784442,53.6713660730593],[-1.337191952883736,53.67115915569605],[-1.337353840355651,53.67096070518092],[-1.3375477031793193,53.670772632568315],[-1.3377716740938292,53.67059674895033],[-1.3380235959848044,53.67043474802069],[-1.3383010426644277,53.670288189769735],[-1.3386013422385854,53.67015848546737],[-1.3389216028360005,53.670046884078054],[-1.3392587404517113,53.669954460238735],[-1.3396095086369666,53.669882103915135],[-1.339970529750065,53.66983051183564],[-1.3403383274676803,53.669800180785494],[-1.34070936024427,53.669791402825254],[-1.3410800553980506,53.669804262479865],[-1.3414468434961084,53.669838635925],[-1.3418061927083196,53.66989419217881],[-1.3419367647305935,53.669922747709016],[-1.3420599223488572,53.669888981233115],[-1.3424106852591517,53.669816616688294],[-1.3427717024608403,53.66976501615207],[-1.34313949766824,53.669734676491096],[-1.3431812270732548,53.66973368832755],[-1.343301987881426,53.669538950578904],[-1.3434638404364887,53.669340491647354],[-1.3436576686354444,53.66915240899067],[-1.3437545314825379,53.66907632659472],[-1.343760150510949,53.66905517720848],[-1.3438536919467245,53.66884178010065],[-1.3439820036694003,53.668634855251845],[-1.344143849536272,53.66843639535155],[-1.3443376705330916,53.66824831154456],[-1.34456159980168,53.66807241503086],[-1.344813480628623,53.66791039962835],[-1.345090887221444,53.66776382546682],[-1.3453911480719372,53.667634103969384],[-1.3457113716815994,53.667522484266094],[-1.3460484744015175,53.66743004117033],[-1.346399210118846,53.667357664833105],[-1.3467602015044149,53.66730605217563],[-1.347127972521049,53.66727570018126],[-1.347498981880231,53.66726690111223],[-1.3478696571256048,53.667279739696674],[-1.3482364290159152,53.66731409231318],[-1.3485957658770893,53.667369628180396],[-1.3489442075934412,53.6674458125407],[-1.3492783989114792,53.66754191180696],[-1.349595121736273,53.667657000623144],[-1.3498913261100205,53.667789970770976],[-1.3501641595749572,53.66793954183685],[-1.3504109946382339,53.66810427353678],[-1.350629454074471,53.6682825795806],[-1.3508174338223766,53.66847274294257],[-1.3509731232548232,53.66867293239099],[-1.3510950226269096,53.668881220118536],[-1.3511819575335593,53.66909560030305],[-1.351207505151985,53.669204724625956],[-1.3513479024187616,53.669068455508736],[-1.3515718069766582,53.668892545838396],[-1.3518236659511578,53.6687305156495],[-1.3521010537600888,53.66858392521427],[-1.3524012990760086,53.66845418611248],[-1.3527215105498926,53.66834254764374],[-1.3530586046495932,53.66825008480207],[-1.3534093353451906,53.668177687928726],[-1.3537703253558115,53.668126054142526],[-1.3541380986574845,53.66809568063032],[-1.3545091139396739,53.66808685986151],[-1.354879798688998,53.66809967677315],[-1.354913493818586,53.66810283069696],[-1.3551477250756883,53.66800160749872],[-1.3554679259094737,53.6678899616469],[-1.355805010439967,53.66779749103955],[-1.3561557327293556,53.66772508609269],[-1.3565167155776736,53.66767344400294],[-1.356597762861149,53.6676667486342],[-1.356636336917088,53.66765007788975],[-1.356956531175968,53.66753842803197],[-1.3572936096699064,53.66744595321152],[-1.357644326519196,53.66737354388495],[-1.3580053045762326,53.66732189729106],[-1.3583730679321024,53.66729151073999],[-1.3587440753720044,53.66728267682665],[-1.359114754458048,53.66729548061473],[-1.359481535912019,53.66732979881781],[-1.3598408879678117,53.667385300985856],[-1.3601893503635216,53.66746145268578],[-1.360523567646651,53.667557520644834],[-1.360698208906827,53.66762095834644],[-1.3610322706230544,53.66759334899816],[-1.3614032802260632,53.667584506853046],[-1.3617739628337513,53.667597302419416],[-1.3621407491340087,53.66763161249005],[-1.3625001073140823,53.66768710669326],[-1.362848577053122,53.667763250672586],[-1.3631828028279545,53.667859311229655],[-1.363499566212042,53.66797436338123],[-1.3635075605932159,53.66797795070238],[-1.363739534099981,53.667999646565676],[-1.364098897547309,53.668055135982975],[-1.3644473732377176,53.668131275322416],[-1.3647816055907487,53.66822733143036],[-1.3650983761165467,53.66834237936635],[-1.3653841296703302,53.66847059783109],[-1.3654426668549136,53.668476071699985],[-1.3654984809696737,53.668484689110976],[-1.3657565119376005,53.66846335350675],[-1.366127528314218,53.668454496746094],[-1.3664982201051679,53.668467277713575],[-1.3668650179099378,53.66850157334248],[-1.3672243898050407,53.668557053400214],[-1.367572875337616,53.66863318366644],[-1.3679071188324754,53.668729231074934],[-1.3682239016925197,53.668844270769],[-1.3682797901098824,53.668869345593606],[-1.3683729366311754,53.66887805341274],[-1.3687323137432348,53.66893352895674],[-1.369080805130388,53.66900965484689],[-1.3694150550610917,53.66910569805899],[-1.3697318448762994,53.669220733776775],[-1.3700281239734429,53.66935365429329],[-1.3703010391755395,53.66950317967289],[-1.3705479622029784,53.66966787007152],[-1.370766514983636,53.66984613959687],[-1.370954592557635,53.670036271574894],[-1.3709566661496722,53.67003893578604],[-1.3710950082891968,53.670051865179914],[-1.3714543990187809,53.670107332583044],[-1.3718029050452483,53.67018345057853],[-1.3721371704961387,53.670279486218234],[-1.372453976563006,53.67039451475882],[-1.372750272486837,53.67052742856243],[-1.3730232049286615,53.67067694775806],[-1.3732701454429008,53.67084163256125],[-1.373488715789073,53.67101989713357],[-1.3736768108381754,53.67121002484863],[-1.3738326188530259,53.67141018481824],[-1.3739546389470016,53.671618449519016],[-1.3740416955526213,53.67183281335075],[-1.3740929497600884,53.67205121194756],[-1.3741079074159332,53.67227154205578],[-1.3740864239030208,53.67249168178793],[-1.3740551778888666,53.672609604654355],[-1.374160171025163,53.67269523105943],[-1.3743482765076376,53.672885357696366],[-1.374504093829925,53.67308551676285],[-1.3746261220157396,53.673293780744245],[-1.3747131854196348,53.67350814404727],[-1.3747644450662988,53.67372654231113],[-1.374779406749828,53.67394687228538],[-1.3747616937382394,53.67412839801628],[-1.37484934254489,53.674199875351285],[-1.3750374577875595,53.67439000088571],[-1.3751932838790135,53.67459015903012],[-1.3751959257502402,53.674594667601646],[-1.375379155406193,53.67456842854171],[-1.3757469698359293,53.67453798881664],[-1.3761180377469058,53.674529101258614],[-1.376488786119084,53.674541851447835],[-1.376855645007274,53.67457611661388],[-1.3772150818999813,53.67463156681748],[-1.3775636357186645,53.674707668125805],[-1.3778979501307915,53.67480368775146],[-1.3782148058565806,53.67491870110527],[-1.3785111516589499,53.67505160069566],[-1.378784133718727,53.67520110678852],[-1.3790311231126122,53.67536577972562],[-1.3792497411294862,53.675544033782806],[-1.3794378821813122,53.67573415243505],[-1.3795937340879045,53.675934304881416],[-1.3797157955399244,53.676142563671064],[-1.3798028905715438,53.67635692326079],[-1.3798541799028152,53.676575319325536],[-1.3798691690418925,53.67679564863613],[-1.3798671103493085,53.67681677115529],[-1.38003068646146,53.676906351126156],[-1.3802776906599734,53.67707102148718],[-1.3804963227300289,53.677249273257594],[-1.380684476948257,53.67743938993439],[-1.3808403410076657,53.677639540735704],[-1.38096241348186,53.67784779822651],[-1.3810495182988305,53.67806215687615],[-1.3811008160843534,53.678280552368626],[-1.3811158122651115,53.67850088148028],[-1.3810943618527511,53.67872102233333],[-1.3810366708619817,53.67893885483001],[-1.3809432943482396,53.679152281071396],[-1.3808151310829648,53.679359245563155],[-1.3806534149169827,53.679557755014315],[-1.3804597029144356,53.67974589753795],[-1.3802358603708909,53.67992186106882],[-1.379984042859407,53.680083950820276],[-1.3797066754770655,53.68023060561219],[-1.379406429491629,53.680360412912464],[-1.379086196613155,53.68047212244675],[-1.378749061138432,53.68056465824556],[-1.3783982702368058,53.68063712901188],[-1.3780372026639114,53.68068883670983],[-1.3776693362052206,53.68071928329099],[-1.3772982141635608,53.680728175493854],[-1.3769274112141174,53.68071542766971],[-1.3765604989565647,53.680681162608046],[-1.37634414998731,53.68064779013517],[-1.3762913466982316,53.68071259492494],[-1.376097609971751,53.680900730287384],[-1.3758737431497163,53.68107668556325],[-1.375621902039075,53.68123876604537],[-1.3753445119642673,53.681385410642875],[-1.37504424441169,53.68151520692184],[-1.374762095017667,53.68161361498582],[-1.3746073740155071,53.681735216262354],[-1.374355524115095,53.68189729403907],[-1.3740781253190573,53.68204393566288],[-1.3737778491978099,53.68217372872852],[-1.3734575877517596,53.68228542309874],[-1.3731204255529499,53.6823779429501],[-1.3727696100282185,53.68245039713915],[-1.372408520170456,53.68250208778972],[-1.3720406339798565,53.6825325170176],[-1.371669494949366,53.68254139172839],[-1.3712986779178529,53.68252862644197],[-1.370931754620658,53.68249434411592],[-1.3705722592701233,53.682438874960894],[-1.3702236544984292,53.68236275325814],[-1.3698892979915058,53.682266712211195],[-1.3695724101361035,53.68215167688024],[-1.3692760429922244,53.682018755268395],[-1.369003050890252,53.681869227645066],[-1.3688154297145103,53.68174412059044],[-1.3686889908213276,53.681716508853896],[-1.3683546429473676,53.68162046353713],[-1.3680377641438444,53.681505424159376],[-1.3678305647746758,53.68141248915605],[-1.3677456676724504,53.68146711478684],[-1.3674682488790082,53.681613741054946],[-1.3671679556405585,53.68174351750936],[-1.3668476801224805,53.68185519417283],[-1.3665105070324475,53.68194769539246],[-1.3661596839022787,53.682020130204286],[-1.3657985897981804,53.6820718009188],[-1.3654307027612889,53.682102209843805],[-1.3650595662927227,53.6821110640805],[-1.3646887552066733,53.68209827834596],[-1.3646670611530893,53.68209625021591],[-1.364787723827152,53.68230223193979],[-1.3648747554233542,53.682516601981206],[-1.3649259746984304,53.682735004011484],[-1.3649408878349272,53.6829553347439],[-1.3649193506440747,53.683175472284915],[-1.3648615699761955,53.6833932965686],[-1.364768101750321,53.68360670977498],[-1.3646398456211581,53.683813656535115],[-1.3644780363339604,53.68401214372875],[-1.3642842318498423,53.68420025968314],[-1.3640602983552448,53.684376192588914],[-1.363808392299408,53.68453824795426],[-1.3635309396324624,53.68468486493016],[-1.363230612443852,53.68481463134873],[-1.362910303226023,53.684926297329355],[-1.362573097011319,53.68501878732197],[-1.3622222416506962,53.68509121047082],[-1.361861116520889,53.6851428691986],[-1.3614931999619593,53.685173265928675],[-1.3614334104004262,53.68517469032605],[-1.361118021950263,53.68521980422784],[-1.3607727089872814,53.68524833127763],[-1.360682368288034,53.6854545455297],[-1.3605540864736658,53.68566148777672],[-1.3603922508633617,53.6858599693134],[-1.360198419671768,53.68604807852147],[-1.3599744593425784,53.68622400365647],[-1.3597225265835293,53.68638605030141],[-1.3594450476019935,53.68653265769131],[-1.3591446947409311,53.68666241375047],[-1.3588243607401262,53.68677406869816],[-1.3584871308706983,53.68686654709049],[-1.3583594360665825,53.68689289978647],[-1.358351048967065,53.68697848134465],[-1.3582932290600138,53.687196302207546],[-1.3582605541972248,53.68727087281215],[-1.3582623516404595,53.68727394173867],[-1.3583493600997303,53.687488316276706],[-1.3584005514079196,53.68770672083519],[-1.358408521113309,53.68782472536937],[-1.3584497615839461,53.687895137198126],[-1.3585068905334818,53.68803589011654],[-1.3585902273360222,53.68805409457347],[-1.3589246036108817,53.688150167126935],[-1.3592415071161823,53.68826523055904],[-1.3595378861545628,53.68839817689608],[-1.3598108865865215,53.68854772595386],[-1.3600578793114757,53.68871243766046],[-1.3602764855857876,53.68889072591841],[-1.3604645999340004,53.68908087387337],[-1.3606204104325372,53.6892810504422],[-1.3607424161702535,53.68948932794169],[-1.3608294417172797,53.6897037006484],[-1.3608806484622644,53.68992210411094],[-1.3608955427081655,53.69014243502868],[-1.360877598048723,53.690325638352036],[-1.3609988161422304,53.69032275144109],[-1.361369698259671,53.690335548786955],[-1.3617366816700847,53.69036986053462],[-1.3620962326631765,53.69042535629626],[-1.3624448890618779,53.69050150170049],[-1.3627792935459648,53.69059756353533],[-1.3630962259683062,53.69071261680532],[-1.3633926343531608,53.690845553634574],[-1.3636656642785023,53.690995093930475],[-1.3638707720669643,53.691131851171285],[-1.3641439305789607,53.691141269922866],[-1.3645109233156738,53.69117557319317],[-1.364870484881035,53.6912310606503],[-1.3652191529962088,53.69130719800279],[-1.3655535702281951,53.69140325211623],[-1.3658705163071525,53.691518298069475],[-1.3661669391258828,53.69165122805711],[-1.366439984123417,53.69180076205243],[-1.3666870217701226,53.69196546012855],[-1.3669056728898619,53.69214373631935],[-1.367093831575385,53.6923338738867],[-1.3672496854761862,53.692534041847544],[-1.3673717332631636,53.69274231260164],[-1.3674587991014848,53.69295668049056],[-1.3675100439917331,53.69317508110929],[-1.367524973869435,53.69339541118473],[-1.3675034443842435,53.693615548829676],[-1.367445662311908,53.693833373977235],[-1.3673521835846305,53.69404678879912],[-1.3672612009536904,53.69419357275247],[-1.367302440720466,53.694295108172476],[-1.3673536863701763,53.694513508811596],[-1.3673686158481582,53.69473383885629],[-1.3673470848078666,53.69495397641962],[-1.3672893000399846,53.695171801435535],[-1.36719581750263,53.69538521607692],[-1.3670675369879615,53.69559216496106],[-1.366905693475738,53.69579065494714],[-1.3667118452563944,53.695978774335565],[-1.3666389773779566,53.696036010861775],[-1.366769965797855,53.6961428017804],[-1.3669581415577712,53.6963329394831],[-1.3671140094316192,53.696533107527145],[-1.3672360679556363,53.69674137831147],[-1.3673231411914786,53.69695574617739],[-1.3673743900683628,53.697174146720144],[-1.3673893204832908,53.697394476667306],[-1.3673677880806023,53.69761461413297],[-1.36730999966401,53.69783243905195],[-1.3672165112266843,53.69804585359809],[-1.367088222617524,53.69825280238959],[-1.3669263688941748,53.69845129228649],[-1.3667325084453508,53.698639411590094],[-1.3665085079961945,53.69881534845856],[-1.3662565246405751,53.6989774083619],[-1.365978985072974,53.69912403040734],[-1.3656785622197458,53.69925380237802],[-1.365358149494746,53.69936547433977],[-1.3650208329273477,53.69945797068488],[-1.3646698614315476,53.6995304004963],[-1.3643086155028854,53.699582066132535],[-1.3639405746451996,53.699612469950296],[-1.3635692838415738,53.699621319100004],[-1.3631983193931299,53.69960852834761],[-1.3628312544554757,53.69957422089617],[-1.3624716246055328,53.699518727198274],[-1.3621228937712158,53.69944258177175],[-1.3617884208528415,53.69934651804859],[-1.3614714273584994,53.69923146130758],[-1.3611749663656691,53.69909851975807],[-1.360901893108551,53.6989489738617],[-1.360654837474725,53.698784263994504],[-1.3604923674593055,53.698651791296214],[-1.3604789100750543,53.69865211167287],[-1.360107955162306,53.698639311376176],[-1.3597409012421628,53.69860499448188],[-1.3593812837853918,53.69854949153357],[-1.3590325666004934,53.69847333713813],[-1.3586981084562673,53.69837726481397],[-1.3583811307184512,53.69826219992274],[-1.3580846863127076,53.69812925075224],[-1.3578116303134264,53.69797969783751],[-1.3575834799784672,53.697827575234534],[-1.3575201687744156,53.69784963591618],[-1.3571828473524667,53.69794211020029],[-1.3568318752225859,53.698014517064536],[-1.3564706328864757,53.69806615908849],[-1.356102599813403,53.698096538856284],[-1.3557313209114743,53.69810536375002],[-1.3553603723671517,53.69809254876932],[-1.354993327182807,53.69805821735061],[-1.3546337207450283,53.69800270017737],[-1.354285016756133,53.697926531993495],[-1.3539505738577595,53.6978304464503],[-1.3536336132687312,53.69771536903661],[-1.3533371877494662,53.69758240816096],[-1.3530641521923656,53.69743284447109],[-1.352817136121776,53.69726811851438],[-1.3525985183685947,53.69708981685828],[-1.3524104041634786,53.69689965680424],[-1.3522546048691633,53.696699469843225],[-1.3521326205468083,53.69649118401164],[-1.3520456255238564,53.696276805318654],[-1.3520145035463556,53.69614396477942],[-1.3519683528564093,53.69609731044092],[-1.3519143572508918,53.69602792912472],[-1.351852338983134,53.6959865688653],[-1.3516337319172416,53.69580826544174],[-1.3514456277388969,53.695618103861456],[-1.3512898377142748,53.69541791563012],[-1.3511678618152783,53.69520962879639],[-1.3510808742882503,53.69499524937903],[-1.3510297123625779,53.69477684204389],[-1.351014868207238,53.694556510217154],[-1.3510319999834624,53.69438204278512],[-1.3509807829123694,53.69433026297608],[-1.3508249998023587,53.69413007411757],[-1.3507030298718912,53.693921786783356],[-1.3506160473098596,53.693707406997085],[-1.3505648892978714,53.693488999428084],[-1.3505500479672514,53.69326866750481],[-1.3505716656806255,53.69304853315583],[-1.350629533682699,53.692830716374125],[-1.3507230941323902,53.692617314801204],[-1.35085144549592,53.69241038352768],[-1.351013351248113,53.69221191530484],[-1.3512072517973805,53.69202382135759],[-1.3514312795189183,53.69184791298339],[-1.3516832767508031,53.69168588411433],[-1.3519608165793138,53.69153929500968],[-1.352231481284669,53.691422403234675],[-1.3522070758006208,53.69139772884874],[-1.35205129757017,53.69119754150157],[-1.3519293299322248,53.69098925532111],[-1.3518423470536958,53.69077487631974],[-1.3517911861193361,53.69055646915934],[-1.35178487454112,53.69046280350839],[-1.351560856991918,53.690313384475914],[-1.3513422803518609,53.6901350804412],[-1.351154202566259,53.68994491830109],[-1.3509984346472026,53.689744729566534],[-1.350876476353826,53.68953644229106],[-1.3507895017630702,53.68932206249762],[-1.3507383479799109,53.68910365485571],[-1.3507235070950931,53.68888332279443],[-1.3507451214670991,53.68866318824371],[-1.3507562668512596,53.68862123168995],[-1.3506760831425995,53.68854015517165],[-1.3505203226260345,53.68833996579025],[-1.3503983706980571,53.68813167799796],[-1.3503114013743396,53.687917297822715],[-1.3502625570847515,53.68770873388639],[-1.35022011650961,53.687665819193434],[-1.3500643613530454,53.68746562920573],[-1.3499424141696261,53.68725734093284],[-1.3498554489293484,53.687042960407354],[-1.3498043026471962,53.68682455230574],[-1.3497894673417474,53.68660422006154],[-1.3498110853178291,53.68638408560645],[-1.3498596287875189,53.6862013495003],[-1.349827759933001,53.68618977441688],[-1.3495314271322636,53.686056804141195],[-1.3492584793585043,53.685907231748345],[-1.3490243120887817,53.68575101485974],[-1.348795741895185,53.68574310371702],[-1.3484288095375103,53.68570875244594],[-1.3480693169899516,53.68565321578812],[-1.3477207268575673,53.68557702867512],[-1.3473863966850885,53.685480924940485],[-1.3470695466053593,53.68536583024825],[-1.3467732283142222,53.685232853173325],[-1.3465002956711707,53.685083274519336],[-1.3462533772092684,53.68491853497776],[-1.3460348508193056,53.68474022124673],[-1.3458468208520653,53.68455005074399],[-1.3456910978591194,53.68434985506094],[-1.3455691811669765,53.684141562317954],[-1.3454822444520151,53.68392717859068],[-1.345431124454561,53.68370876858639],[-1.3454163129401335,53.68348843575687],[-1.3454379519845387,53.68326830203944],[-1.345495832627397,53.68305048742094],[-1.3455893969062405,53.682837089522],[-1.3457177432507557,53.68263016339789],[-1.3458796351844255,53.68243170175029],[-1.3460735132490305,53.682243615740816],[-1.3462113918385228,53.682135343311074],[-1.3462174284027582,53.682127942967725],[-1.346411303560418,53.681939856393385],[-1.3466352973232607,53.68176395659354],[-1.3468872523565918,53.68160193741777],[-1.347164742153208,53.68145535903205],[-1.3474650944036213,53.681325632900105],[-1.3477854167292023,53.681214008196584],[-1.3481226245305427,53.68112155978283],[-1.3484734706830803,53.68104917786112],[-1.3488345767944339,53.68099755940632],[-1.3492024657229575,53.680967201457584],[-1.3493114330649918,53.68096461630355],[-1.3493643382655038,53.68091328445012],[-1.3495883142869736,53.680737379045475],[-1.3498402518786514,53.680575353578746],[-1.3501177247012506,53.680428768276606],[-1.3504180606086873,53.68029903466931],[-1.3507383673796574,53.68018740200352],[-1.3510716959838913,53.68009600487481],[-1.3509562105959254,53.68007816448307],[-1.3506076611355888,53.680001985820674],[-1.3502733683704633,53.67990589016503],[-1.3499565520730676,53.67979080310239],[-1.3497024275833143,53.679676755808536],[-1.3495289501302021,53.67970155589112],[-1.349161072464911,53.67973191488227],[-1.3487899538517152,53.67974071876049],[-1.3484191689327945,53.67972788272795],[-1.3480522891340758,53.6796935304238],[-1.347692848248751,53.679637992732665],[-1.34734430838416,53.67956180459607],[-1.3470100266007654,53.6794656998574],[-1.346693222565266,53.67935060419034],[-1.3463969475299717,53.679217626179124],[-1.346124054937738,53.67906804663637],[-1.3458771729358923,53.67890330626208],[-1.3456586790641114,53.67872499176241],[-1.34547067736007,53.67853482056237],[-1.3453149781032416,53.678334624260145],[-1.345193080391672,53.67812633098201],[-1.3451165165086565,53.677937495616824],[-1.3449905896691208,53.677775576110385],[-1.344868695151612,53.677567282492184],[-1.3447823438950541,53.67735430060609],[-1.3447661080361901,53.677356621098326],[-1.3443982475159075,53.67738696552274],[-1.3440271486506339,53.67739575470477],[-1.3438236356841102,53.67738870104479],[-1.3437716162089453,53.67750734904048],[-1.3436432761280597,53.677714273274105],[-1.343481391983102,53.67791273207779],[-1.3432875224565712,53.678100814052186],[-1.343063534361778,53.67827670771508],[-1.3428115846742597,53.67843871895258],[-1.342534099764784,53.67858528734073],[-1.3422337520337086,53.67871500117956],[-1.341913434171655,53.67882661109497],[-1.3415762312944832,53.678919042076885],[-1.3412253912211964,53.678991403838005],[-1.3408642931814023,53.67904299939238],[-1.3404964152542782,53.67907333177192],[-1.3401253008532457,53.67908210881513],[-1.3397545245799103,53.67906924598268],[-1.339387657776893,53.67903486717188],[-1.3392788361373034,53.67901804445939],[-1.338221255609726,53.678486378100196]],[[-1.351400131710649,53.67344927766033],[-1.3508741843259258,53.67383243555653],[-1.3508136524896575,53.67433852209225],[-1.351073994904166,53.674461944470444],[-1.351925987495896,53.67395363873203],[-1.3518987426222364,53.67358175023115],[-1.351486563808625,53.673442207605255],[-1.351400131710649,53.67344927766033]]]}},{"type":"Feature","properties":{"db_school_name":"Trinity Academy Cathedral","urn":"145579","n_samples":619,"margin_m":354.4},"geometry":{"type":"Polygon","coordinates":[[[-1.5403656150297367,53.66756057046002],[-1.5405595975662247,53.66782794297789],[-1.5421464987836713,53.669085182055504],[-1.5448469907899745,53.669046423520996],[-1.5450642994405683,53.669124898265736],[-1.545361131806113,53.669257385966034],[-1.545553900570918,53.66936247969275],[-1.5457088577487381,53.66939606948326],[-1.5460435148033658,53.66949162040929],[-1.5463607908844745,53.669606189725975],[-1.5466576307096902,53.669738674217456],[-1.546916137832238,53.66987960024581],[-1.5476814885212373,53.6707393179758],[-1.5485623790498215,53.67133724790639],[-1.548657936277353,53.67145921769325],[-1.5487808195607526,53.67166730574208],[-1.5488687643284857,53.6718815440031],[-1.548920923118882,53.67209986932082],[-1.5489367930678122,53.6723201791486],[-1.5489162207725409,53.672540351795504],[-1.5488594037908436,53.67275826685886],[-1.5487668887601236,53.67297182564576],[-1.548746872697896,53.673004390644124],[-1.5487802235816526,53.673085633098694],[-1.548832383365272,53.67330395841304],[-1.5488482532683685,53.67352426820805],[-1.5488276798886047,53.67374444079317],[-1.548790229362943,53.673888072878775],[-1.548807761073385,53.67396145420356],[-1.548946338741548,53.67407388488135],[-1.5491352386400807,53.67426373830202],[-1.5492918906296886,53.67446367133974],[-1.5494147856984561,53.67467175865747],[-1.5495027398545462,53.67488599636441],[-1.5495549055457905,53.67510432131034],[-1.5495707798415033,53.67532463095222],[-1.5495502092969866,53.675544803600886],[-1.5494933914530526,53.67576271885372],[-1.5494790164733263,53.67579590056754],[-1.549653070761432,53.675937105044085],[-1.549841982131237,53.67612695731422],[-1.5499986443343,53.676326889386],[-1.550121548260312,53.676534975931666],[-1.5502095098320952,53.67674921306785],[-1.5502487051033311,53.676913235318025],[-1.5504274496621215,53.677010652243936],[-1.5506751207457619,53.677174972320834],[-1.5508944742520692,53.6773529142643],[-1.5510833975131433,53.67754276455552],[-1.5512400708187108,53.677742694978626],[-1.5513629849515276,53.67795078022176],[-1.5514509557360965,53.67816501641414],[-1.5515031354600262,53.678383340420154],[-1.5515190210573921,53.67860364970583],[-1.5514984589745455,53.678823822585436],[-1.5514416466706933,53.67904173865419],[-1.5513491307379657,53.679255299209395],[-1.5512218016582475,53.67946244746428],[-1.5510608852464531,53.67966118835912],[-1.550892412242504,53.679825701889875],[-1.550961047358174,53.67982395776958],[-1.5513318976210977,53.67983616688516],[-1.5516989469612397,53.67986989678619],[-1.5520586610342129,53.67992482268701],[-1.5524075760939697,53.68000041570305],[-1.5527423323314695,53.68009594794106],[-1.5530597062148102,53.680210499504966],[-1.5533566415200148,53.680342967349866],[-1.5536302787541454,53.680492075899366],[-1.5538779826877698,53.68065638932362],[-1.5540973677318681,53.68083432536103],[-1.5542863209148396,53.681024170549684],[-1.5544430222382435,53.681224096722886],[-1.5545659622149832,53.6814321786098],[-1.554653956420618,53.68164641237186],[-1.554706156917121,53.681864734897],[-1.5547220604384218,53.682085043665495],[-1.5547015132581399,53.68230521699665],[-1.5546447126918357,53.682523134481315],[-1.554552205218469,53.6827366974032],[-1.5544248812383192,53.682943848952775],[-1.5542639665170563,53.683142594038536],[-1.5540710103976283,53.683331018505065],[-1.5538478708928356,53.683507307572356],[-1.5535966968016621,53.683669763319045],[-1.553319907021172,53.68381682104034],[-1.5530201672530166,53.68394706432351],[-1.55270036432878,53.68405923869512],[-1.5523635784015395,53.684152263708334],[-1.5520130532716963,53.68422524335393],[-1.551762465159777,53.68426151110062],[-1.549479248263507,53.68145164477668],[-1.5503275073380645,53.680018022809456],[-1.5469536410376266,53.681003701090674],[-1.5466417026463708,53.68083055684736],[-1.5463669757846483,53.679948397625395],[-1.5446303320268133,53.680545301765214],[-1.5440711600168786,53.680626039760554],[-1.5438340666794381,53.68095095841842],[-1.5439159471104804,53.68229067449137],[-1.5442035241875105,53.68239294399999],[-1.5447255476599424,53.683609317821144],[-1.5438106667806275,53.684462088945196],[-1.5414615269673446,53.684440090043985],[-1.5423595965778045,53.6825297564946],[-1.542240743061856,53.68251067540842],[-1.541402085246626,53.68218979563973],[-1.5399945949326554,53.68213982026514],[-1.5394838368569512,53.68227481850802],[-1.538892454933319,53.68226638435311],[-1.537064344571474,53.681576734612875],[-1.5369728412277557,53.681596982751095],[-1.5369725859631858,53.68218461091692],[-1.5377552500637002,53.68385178038655],[-1.5377598180451915,53.683893310472726],[-1.537917189754226,53.68389650270684],[-1.5393774451237678,53.68426389018446],[-1.540047157006627,53.68444367393913],[-1.5408955635643653,53.68478723146343],[-1.5410509715951655,53.686650903320526],[-1.540456374383118,53.686566748854304],[-1.5391848800964754,53.6862647083247],[-1.5375550315796778,53.68617994101782],[-1.536936259127208,53.68414804315034],[-1.5354060741526256,53.68541400997347],[-1.5357437653459622,53.686025007732326],[-1.535493728044642,53.68616012167035],[-1.5351988291020995,53.68644268148393],[-1.5342397952782303,53.68676182410296],[-1.53399738753973,53.686627243802874],[-1.5333566362673037,53.68648427609358],[-1.5324723304743526,53.68581103894669],[-1.5309841292710509,53.686394990555215],[-1.5308853248149914,53.68641917553502],[-1.5298563046234859,53.685690045905886],[-1.5296224859120977,53.684703001159654],[-1.529589701580249,53.68469061977971],[-1.5278110364185655,53.684583279766215],[-1.527318499405996,53.68447460913249],[-1.5269086192248933,53.68450037321014],[-1.525925194194087,53.684177710559204],[-1.5259009742132381,53.68417973299819],[-1.5249769339266313,53.68531806424007],[-1.5242833246757685,53.68547249737464],[-1.5242581974083451,53.68548369709864],[-1.524226352391915,53.68552422390526],[-1.5239690926849667,53.68573009227329],[-1.5231674980859211,53.686022109823476],[-1.5230836378777761,53.68603701550174],[-1.5228141460357436,53.68642246794632],[-1.5239383388301886,53.686992106642556],[-1.523209341551796,53.68762177073769],[-1.523263954585778,53.68774472592862],[-1.5226691254176146,53.68821243190849],[-1.5227039405817304,53.68826795645734],[-1.522670776570578,53.689558166726556],[-1.5231822706294074,53.6908672509452],[-1.5229311257240021,53.69095524385613],[-1.5225942195817839,53.69104818479602],[-1.5222435861731884,53.69112107700283],[-1.5220969075561157,53.69114226378732],[-1.5218984695430906,53.6912117871273],[-1.5215615590928113,53.69130472514949],[-1.5212109217847962,53.691377614322036],[-1.5208499348939803,53.691429752578685],[-1.5204820754278312,53.69146063772355],[-1.520110886621396,53.69146997227051],[-1.519815467515269,53.691460171889204],[-1.5195961383534198,53.6915765679116],[-1.519393049561814,53.691707770531174],[-1.5191160882096115,53.69185474863478],[-1.5188161861865261,53.69198490578999],[-1.5184962318874922,53.69209698835278],[-1.5183616454133404,53.692134109264224],[-1.5181318754887891,53.69223382641319],[-1.5178119174920428,53.692345907135454],[-1.517474989042793,53.692438833607085],[-1.5171243353147306,53.692511710767945],[-1.5167633337410074,53.69256383666752],[-1.5163954614705675,53.69259470922893],[-1.516024261861829,53.692604031087264],[-1.5159403535191682,53.69260124474342],[-1.5157691630229722,53.692572928813256],[-1.5157144178776538,53.69254877236339],[-1.513614345226299,53.69207818050913],[-1.5121296149498678,53.69152650317924],[-1.5121173617047945,53.69146782384843],[-1.511047352675735,53.69031136121692],[-1.5110272841064298,53.68945795732696],[-1.5107185006775035,53.688892510938224],[-1.5108179108707394,53.68850906330286],[-1.5113870850697493,53.687675451606005],[-1.5112859286014353,53.687524948743764],[-1.5103291320020964,53.68740118231054],[-1.5083648057474526,53.68630141518209],[-1.5075248081760488,53.68607914382346],[-1.5070943147910145,53.6861786626335],[-1.50631999206332,53.685584547299236],[-1.5058410994368128,53.68550979207345],[-1.5051529543551605,53.68515968813041],[-1.504164550510611,53.68518167331616],[-1.5041142007469188,53.68517570201233],[-1.5040681212414164,53.684911002847315],[-1.5029994227942813,53.68426767498359],[-1.502612942708976,53.68424694052993],[-1.5026915201114472,53.683831701814256],[-1.5024249673362395,53.68360686274378],[-1.5024260262162026,53.68351698485495],[-1.5017259320173242,53.68338912521169],[-1.501711427397084,53.683330423429766],[-1.5011123822780812,53.683092270664986],[-1.5009991452209785,53.6830110936655],[-1.5011017096934416,53.68288945032667],[-1.5011199316581363,53.68270534596839],[-1.500610360921856,53.68233498782055],[-1.500514069899129,53.682358464684405],[-1.5001253032802873,53.68239680161482],[-1.4991413268337064,53.68207282280942],[-1.499140921304114,53.682072094665614],[-1.4993193097507214,53.681952101085784],[-1.5005985151659025,53.681821296896906],[-1.5006387776480965,53.68172422565867],[-1.499867486788196,53.681154814964295],[-1.4998652706605233,53.681091391054935],[-1.5004931753213144,53.68078515655283],[-1.5005582440250935,53.68072531050543],[-1.5007053341565648,53.68044147923779],[-1.5010496956043895,53.680416124554526],[-1.5022557713554123,53.680024864145516],[-1.5014078780885574,53.6795427248914],[-1.500275382037254,53.680039663167676],[-1.4997691166572886,53.67980079132369],[-1.4997651602449844,53.679707659442286],[-1.5004719682858956,53.67873568068976],[-1.5000013625001438,53.67836408537848],[-1.4992925256042935,53.67818352651724],[-1.4982434056402987,53.67845252888536],[-1.4965403807833002,53.67758978100505],[-1.4964699563909607,53.67748750582186],[-1.4960155984595918,53.677437215670146],[-1.4945661250661237,53.67796557790047],[-1.493747895743978,53.67798094929652],[-1.4928861740350383,53.67740704407216],[-1.4927162259018887,53.677168278983814],[-1.4918145374168732,53.67695172028975],[-1.49199575908885,53.67639965421715],[-1.491980967178241,53.67559216734487],[-1.4921976662661711,53.67551771215391],[-1.4926174528944325,53.67457956336172],[-1.4921771435253954,53.6742520429066],[-1.4922476339159347,53.67399821524587],[-1.4921721364899803,53.67380476304501],[-1.491620577898125,53.67314687012765],[-1.4916626246038502,53.67280586829469],[-1.4914935182153342,53.672274838144254],[-1.4911350419791973,53.67198504764254],[-1.4910568878510748,53.67146505623418],[-1.4910877501921356,53.671298507171784],[-1.4917930706329143,53.67044361984393],[-1.4923762801337723,53.670116762876134],[-1.4928139568799519,53.66989504571865],[-1.4935249970841937,53.66960949128099],[-1.4935906846741067,53.66958871963058],[-1.4936478576826118,53.66949840228775],[-1.4957578609086497,53.66823159905842],[-1.4958766989342032,53.66817810346511],[-1.496570254942247,53.66800832510819],[-1.4969483795970513,53.667813599010245],[-1.4983290972830772,53.66700247338643],[-1.4985682091848205,53.66696796515978],[-1.498578288968173,53.66696712025979],[-1.4986186373143118,53.66691736680016],[-1.4988117647977084,53.66672903156248],[-1.4990350442688374,53.666552844871276],[-1.4992863252691833,53.66639050333939],[-1.4995631877798041,53.66624357023747],[-1.499862965529182,53.666113460445324],[-1.5001827716683414,53.666001426832125],[-1.500519526566076,53.66590854819688],[-1.5005263494345105,53.66590713034813],[-1.5005011612492818,53.66589802086844],[-1.500204493877412,53.665765422289965],[-1.4999311411709761,53.66561619197865],[-1.4996837357115322,53.665451767271065],[-1.4994646600830972,53.66527373183334],[-1.499276023929094,53.66508380040322],[-1.4991196436420475,53.66488380227029],[-1.498997024881372,53.664675663652986],[-1.4989093480872018,53.66446138914343],[-1.4988574571292392,53.66424304239802],[-1.4988418511992616,53.66402272626039],[-1.4988458172856127,53.66398080432731],[-1.4997205794585506,53.662598861916585],[-1.4999687377541369,53.66243851950617],[-1.5002455719119483,53.6622915846654],[-1.5005453194477147,53.662161473010805],[-1.5008650938033812,53.66204943742958],[-1.5012018156537559,53.66195655673967],[-1.501552242551458,53.66188372530571],[-1.5019130001393208,53.661831644430855],[-1.502280614630175,53.661800815606654],[-1.5026515462418952,53.661791535686376],[-1.5030222232664407,53.66180389402792],[-1.5033890764456073,53.66183777163372],[-1.503748573323261,53.661892842296005],[-1.5040972522440454,53.661968575736275],[-1.5044317556719637,53.66206424270916],[-1.5047488625086554,53.66217892202108],[-1.5050455191007954,53.66231150939699],[-1.505318868638489,53.66246072810926],[-1.505566278661952,53.662625141267114],[-1.505785366411775,53.66280316564826],[-1.5058118304626873,53.66282980740037],[-1.505726009063501,53.66262014580854],[-1.505674085054546,53.6624018018762],[-1.5056584441872003,53.66218148648136],[-1.505679236525373,53.661961321394536],[-1.505708938643491,53.6618478283451],[-1.5077310411037024,53.66175267294041],[-1.5132021716935073,53.662439167572614],[-1.5131468939890111,53.66265052917644],[-1.513137275305801,53.66267269204586],[-1.5133374589064479,53.66272992455071],[-1.5136545950508657,53.66284458033092],[-1.5139512843925778,53.66297714570139],[-1.5142246698064756,53.66312634414645],[-1.5144721184874474,53.66329073897049],[-1.5146912473039673,53.66346874712781],[-1.5147261038031183,53.66350382708412],[-1.514820635079051,53.66348416892794],[-1.5151813902346154,53.66343204808953],[-1.515549009227124,53.66340117855137],[-1.5159199522310782,53.663391857558736],[-1.516290647428758,53.66340417486498],[-1.5166575253870256,53.6634380118676],[-1.5170170534112444,53.663493042749785],[-1.5173657695462792,53.66356873761606],[-1.5177003158979563,53.66366436759245],[-1.5180174709547798,53.6637790118417],[-1.5183141805993037,53.66391156642633],[-1.5185875875109844,53.664060754934496],[-1.5188350586777675,53.66422514076631],[-1.5190542107516602,53.6644031409627],[-1.5192429330041852,53.664593041443666],[-1.519399407660541,53.66479301350982],[-1.5195221274163762,53.66500113144811],[-1.519609909968096,53.665215391072536],[-1.5196433807461325,53.665355930150625],[-1.5197580320883535,53.665550360379974],[-1.5198458169619928,53.665764619816855],[-1.519897818288778,53.66598295764758],[-1.5199135347210766,53.66620327120474],[-1.519892814334763,53.666423438761335],[-1.5198358561140857,53.666641339963505],[-1.519743208057036,53.666854876251584],[-1.5196157619186095,53.66706199107239],[-1.5194547446417983,53.66726068968796],[-1.51943771087314,53.667277311508904],[-1.5196825285833324,53.6673147750384],[-1.519903910244221,53.66736281999039],[-1.5202710946666569,53.66737500731504],[-1.5206380103592634,53.667408832182275],[-1.5209975774103048,53.66746385116191],[-1.5213463334889523,53.66753953447311],[-1.5216809203165111,53.667635153353174],[-1.5219981159918272,53.66774978707168],[-1.5222750251745967,53.66787346984525],[-1.5222940412867059,53.667850001647544],[-1.5224870677199813,53.667661628044804],[-1.5227102536513077,53.66748539704177],[-1.5229614495225385,53.667323005678085],[-1.5232382361340897,53.667176017704335],[-1.523291795410249,53.66715275625014],[-1.5234021238595723,53.66704508226652],[-1.5236253027097437,53.666868849524725],[-1.5238764913933895,53.66670645620946],[-1.5241532707801282,53.666559466090085],[-1.5244529753984761,53.666429294595545],[-1.524772719103278,53.666317195189144],[-1.5251094228641733,53.66622424730341],[-1.5254598444077176,53.66615134595005],[-1.5258206094281193,53.66609919310535],[-1.5261882440665389,53.66606829095383],[-1.5263624089842462,53.66606389951276],[-1.5263659064470536,53.66602667575707],[-1.526422830151364,53.66580877135312],[-1.526515442144684,53.66559522978317],[-1.5266428500264502,53.66538810748732],[-1.5268038263561168,53.66518939905758],[-1.5269968204907103,53.66500101803311],[-1.5272199735319352,53.664824778476806],[-1.5274711362383289,53.66466237751074],[-1.5277478897296202,53.66451537897794],[-1.5280475687836315,53.66438519838829],[-1.5283672875013143,53.664273089292834],[-1.5287039670928515,53.66418013121736],[-1.5290543655174602,53.664107219271656],[-1.529415108691899,53.66405505553403],[-1.5297827229676175,53.6640241422939],[-1.530153668564485,53.66401477721731],[-1.5305243736398055,53.66402705048207],[-1.5305407235417963,53.66402855643988],[-1.530652960339205,53.664025722264306],[-1.5310236656649185,53.66403799398396],[-1.5310409511853549,53.6640395860455],[-1.5312304276844357,53.66395726869139],[-1.5315501347601779,53.6638451510656],[-1.5318868039847684,53.663752184013084],[-1.532237193417207,53.66367926273011],[-1.5325979290607994,53.66362708938486],[-1.5327673761073064,53.663612835729495],[-1.533025982259638,53.66347545221891],[-1.5333256377300544,53.663345258348684],[-1.5336453346367256,53.66323313509631],[-1.5339819943997737,53.663140162123916],[-1.534332375169271,53.663067234684796],[-1.5346931030319102,53.66301505500639],[-1.5350607044865219,53.662984125531615],[-1.535431639876384,53.66297474408284],[-1.5358023374570569,53.66298700099548],[-1.5361692277724863,53.663020778248566],[-1.5363942601986345,53.663055184047565],[-1.53727139958467,53.66486847826715],[-1.5390190057763062,53.666176131298094],[-1.5390036691402078,53.6664603075307],[-1.539436075085935,53.66678897224672],[-1.5401978031705672,53.667258938265],[-1.5403656150297367,53.66756057046002]],[[-1.529505413097039,53.67151473197612],[-1.529440201685676,53.67154052520326],[-1.5293752189170922,53.67180804022183],[-1.5295292559036526,53.671998379410624],[-1.5311065516747098,53.67200456165393],[-1.5305659203423516,53.671467855840085],[-1.529505413097039,53.67151473197612]],[[-1.5172766571990195,53.68209168521671],[-1.5180996644493634,53.68168115916896],[-1.5176220110761762,53.68141424304425],[-1.5167834131746378,53.681987155172706],[-1.5168498076020558,53.68211781643588],[-1.5169427584859525,53.682141910531136],[-1.5170699332769289,53.6821520100222],[-1.5172766571990195,53.68209168521671]],[[-1.5119642531241049,53.680268409304546],[-1.5121297841804306,53.680415718753494],[-1.5126239271505442,53.6806658654921],[-1.5128381180610178,53.68082955692],[-1.513004668650752,53.68085416459286],[-1.5137702721985145,53.680117784624436],[-1.5135116688294012,53.67987801118679],[-1.513417028018951,53.67984820516395],[-1.5132059344885578,53.679818895287404],[-1.5127306857488925,53.679633830038476],[-1.5138187406173729,53.679110561368844],[-1.5138329187648145,53.679100307143194],[-1.5127363890668186,53.67896546537022],[-1.5121660360319666,53.67935953296888],[-1.5121886557129687,53.679565784837855],[-1.5118596497228594,53.679808830246365],[-1.511856824846926,53.67992216263006],[-1.5119642531241049,53.680268409304546]],[[-1.5125716576358195,53.6860274010131],[-1.513959612014494,53.68594786277372],[-1.5140530032441466,53.68525524503623],[-1.5136481417131267,53.685193987756136],[-1.5130841068090486,53.68531405443536],[-1.5125716576358195,53.6860274010131]],[[-1.5027579679861975,53.68153297817654],[-1.5021490116414846,53.68204182177938],[-1.5019894372764666,53.6820893227147],[-1.5024553941298275,53.682678262145444],[-1.5025041964741486,53.682711714393584],[-1.5031565892843295,53.682620368630175],[-1.5034039587898156,53.68252730275488],[-1.5027489897587347,53.68199347722866],[-1.5029743873443746,53.68178848942083],[-1.5027579679861975,53.68153297817654]],[[-1.508282400454767,53.6719567664993],[-1.50809385884732,53.67192789874546],[-1.5077450905740615,53.671852176869265],[-1.5074105021978854,53.67175651911889],[-1.5073396068871765,53.67173088845218],[-1.507373499049199,53.6718733525825],[-1.5073889289633744,53.67209052634302],[-1.5077037268605369,53.67218052545637],[-1.508020918422393,53.67229519609847],[-1.5080741433910199,53.67231897655369],[-1.5081260583466798,53.67219941967023],[-1.5082535764172154,53.67199231741613],[-1.508282400454767,53.6719567664993]],[[-1.5144981309133003,53.67440087167464],[-1.5143970443092656,53.67446619494075],[-1.514120179110527,53.67461316212785],[-1.5138203845640323,53.67474330738655],[-1.513522206282362,53.674847788243994],[-1.5137421140963279,53.67491064092801],[-1.5137511884622759,53.67491392066135],[-1.5140246050567212,53.67489097133838],[-1.5143956493119806,53.67488165530806],[-1.514671983809472,53.67489083852342],[-1.514715933970052,53.674847965548885],[-1.5148200556206497,53.674765782638204],[-1.5146490263827659,53.67459370266358],[-1.5144981309133003,53.67440087167464]],[[-1.5067905877643617,53.66379816777815],[-1.5067479446477898,53.6637748911515],[-1.5065005233042248,53.66361048044133],[-1.5062814283668073,53.66343245737656],[-1.506254963643942,53.66340581572941],[-1.5063407892423029,53.663615476923994],[-1.5063927181511927,53.6638338205339],[-1.5063945545310609,53.66385968040521],[-1.5064626906366003,53.66384551668239],[-1.5067905877643617,53.66379816777815]]]}},{"type":"Feature","properties":{"db_school_name":"Outwood Academy City Fields","urn":"136394","n_samples":461,"margin_m":374.5},"geometry":{"type":"Polygon","coordinates":[[[-1.5006387776480965,53.68172422565867],[-1.5005985151659025,53.681821296896906],[-1.4993193097507214,53.681952101085784],[-1.499140921304114,53.682072094665614],[-1.4991413268337064,53.68207282280942],[-1.499117150428073,53.682132259004504],[-1.4997170412557976,53.68278405595397],[-1.4998224923708947,53.68278265518353],[-1.500121216717075,53.68240950694161],[-1.5001253032802873,53.68239680161482],[-1.500514069899129,53.682358464684405],[-1.500610360921856,53.68233498782055],[-1.5011199316581363,53.68270534596839],[-1.5011017096934416,53.68288945032667],[-1.5009991452209785,53.6830110936655],[-1.5011123822780812,53.683092270664986],[-1.501711427397084,53.683330423429766],[-1.5017259320173242,53.68338912521169],[-1.5024260262162026,53.68351698485495],[-1.5024249673362395,53.68360686274378],[-1.5026915201114472,53.683831701814256],[-1.502612942708976,53.68424694052993],[-1.5021969983140766,53.68431913766442],[-1.5019910888177608,53.68420333182502],[-1.5009013778286657,53.68406923224361],[-1.5008758168180667,53.68407240605443],[-1.5007643476887171,53.68413507946933],[-1.5005719394067554,53.684559885459656],[-1.5005666231078139,53.68461424030394],[-1.5004223656782179,53.68472450603485],[-1.5007746540193156,53.68520899210703],[-1.4998762076750605,53.68559540805631],[-1.501315530307943,53.68616064455145],[-1.5007490534245507,53.68646428257391],[-1.500797993350622,53.68690839477941],[-1.5007927512656385,53.68705162339226],[-1.5017190051729659,53.6872939718659],[-1.5013313607965846,53.687602127361885],[-1.5024842025794496,53.68827038609557],[-1.50253860363483,53.6882826167853],[-1.502531739339335,53.688360279300305],[-1.5018845369698361,53.689115345308245],[-1.5011779228345483,53.689209470445945],[-1.4998461446408058,53.6885350283775],[-1.4995708684714992,53.68865200848545],[-1.4995118094636672,53.68870052739599],[-1.4991073206156749,53.68940425187111],[-1.4994734859990668,53.68966078870497],[-1.4993798684514308,53.69023731256163],[-1.498378548401696,53.69014675895745],[-1.4979478526567056,53.69052441746525],[-1.4978430406436025,53.69055794491582],[-1.4981536244774136,53.69122082256943],[-1.4976950323783276,53.691545032535394],[-1.4979110408930292,53.692123196900305],[-1.4992234296447031,53.69321401305556],[-1.4992251661833798,53.69325573852804],[-1.4990707008463329,53.693384989402034],[-1.4993764521010677,53.69399046451265],[-1.4994292520941224,53.694819605171915],[-1.4992470328883183,53.695014798836624],[-1.4985744416394926,53.695393092954504],[-1.498514486004444,53.69553773885405],[-1.4974959964778591,53.69623293264256],[-1.4973032714459527,53.69630446544256],[-1.4966460751019814,53.696307200309406],[-1.4955984058091927,53.69644545820139],[-1.4952830267833623,53.69687807067649],[-1.4906218647284344,53.696934474904666],[-1.489837339065369,53.69599572706715],[-1.4898307107371878,53.69590193323697],[-1.4898516033754081,53.69568177237283],[-1.4899087564671165,53.69546388694763],[-1.4900016190552459,53.69525037526492],[-1.4901292963253414,53.695043293476594],[-1.490290558242208,53.69484463578424],[-1.4903990970088183,53.6947388895127],[-1.4902755694323435,53.69468369911825],[-1.4900020653390853,53.6945344465157],[-1.4899572101417466,53.69450464808453],[-1.4896282507149747,53.694572928277246],[-1.4892671980782568,53.69462497117615],[-1.4888992882768768,53.694655759198895],[-1.4885280650309187,53.69466499579493],[-1.4881571039905195,53.69465259199803],[-1.4879559759574883,53.694634006654546],[-1.4858349367595898,53.693882182555434],[-1.484633423289523,53.694268364731556],[-1.4836829494445856,53.69554684337089],[-1.4836525410285266,53.69557959036242],[-1.4835090849961272,53.69566835321253],[-1.4821752206193095,53.69567202146078],[-1.4815241188603914,53.69608667446873],[-1.481484596513614,53.69612760686309],[-1.4813604721120908,53.69611914235976],[-1.480558636074756,53.696256122289505],[-1.4804647813981617,53.69632651921472],[-1.478889032360154,53.69646440438675],[-1.4784123320654103,53.69688810791397],[-1.4783840816945542,53.69724883069463],[-1.4774618688584842,53.69745452097794],[-1.476373608847654,53.69805426606142],[-1.4777368254365189,53.698861073590884],[-1.4781007670273105,53.69895413575036],[-1.4794953976211418,53.698094484720144],[-1.479565477162579,53.698127547316666],[-1.4801991067731057,53.69931248207983],[-1.4801924317191815,53.69931404116565],[-1.4777792230386906,53.700317730398396],[-1.4771873930346442,53.70097790642513],[-1.4771409427728035,53.700995100510596],[-1.4767019774057262,53.701046309591575],[-1.4766724845776826,53.70102379698091],[-1.4748432858223532,53.70021221368183],[-1.47340838416545,53.69990511281181],[-1.4732320169869122,53.69981316679481],[-1.4731729697461318,53.699640609941305],[-1.4717719728293002,53.698983042609306],[-1.4711245296721591,53.69914433478176],[-1.4705995651082888,53.699090028806054],[-1.4672764054525016,53.698052027669995],[-1.4672947712867086,53.698009858851385],[-1.4674225682810844,53.69780280165261],[-1.4675839475357941,53.69760417490583],[-1.4675888777185362,53.69759937535105],[-1.4675469777457977,53.697545767376994],[-1.4674244210978147,53.69733759772613],[-1.4673368380180447,53.697123301505236],[-1.4672867305078632,53.696911940671136],[-1.46728242191769,53.6969064279988],[-1.4671598684124807,53.69669825806261],[-1.46707228798273,53.69648396163181],[-1.4670205235688238,53.69626560257382],[-1.4670182908316607,53.69623376450704],[-1.4697475176826824,53.695542936499564],[-1.4706762357378642,53.69492559151648],[-1.4707428314581663,53.694848717608316],[-1.4714032385655618,53.694599453289996],[-1.471630334264459,53.69461533294486],[-1.4722685352867932,53.69443628911962],[-1.4724192117471924,53.69410578344845],[-1.4718870683659735,53.693628482069315],[-1.4710654103612943,53.693544436050466],[-1.4714403309552948,53.6927732017134],[-1.4721409258893046,53.69284568117135],[-1.4732595663435495,53.692296789180254],[-1.4729961893358583,53.691751145865396],[-1.4729799184543548,53.691609407977914],[-1.472336160900365,53.69097160541102],[-1.4708364857659182,53.69048228947032],[-1.4690753252063906,53.69055995501958],[-1.4688835346945825,53.6904742036033],[-1.468610133781681,53.690324902305065],[-1.4683627065931733,53.69016041352368],[-1.4681436359216093,53.68998232154243],[-1.4679550313618102,53.68979234164379],[-1.4677987090010618,53.68959230358403],[-1.467676173939885,53.689384133966165],[-1.4675886058112837,53.689169837680744],[-1.4675368474374086,53.68895147859372],[-1.4675213967321925,53.68873115966743],[-1.4675424019272116,53.68851100270616],[-1.4675996601659314,53.68829312792148],[-1.4676926194790356,53.68807963351431],[-1.467820384120992,53.68787257547007],[-1.4679817232156465,53.6876739477616],[-1.4681393103270084,53.68752049674214],[-1.468101994316881,53.68736307038873],[-1.4680865411859294,53.68714275147109],[-1.4681075425866226,53.686922594343216],[-1.4681647956990185,53.68670471921828],[-1.4682577486032211,53.68649122430051],[-1.468385505615458,53.68628416558025],[-1.4684476793443553,53.68620761805212],[-1.4683496995990095,53.68610891622785],[-1.4681933888874987,53.685908878588116],[-1.4680708624466476,53.68570070926667],[-1.4679832998265463,53.68548641315124],[-1.4679315437964104,53.68526805410609],[-1.4679160922477261,53.68504773509319],[-1.467937093420318,53.68482757791762],[-1.4679943444965142,53.68460970279307],[-1.468087293576097,53.684396207923704],[-1.4682150450121922,53.684189149299414],[-1.468376368055917,53.68399052089863],[-1.4685697087257845,53.683802235489466],[-1.4687932047869354,53.68362610621367],[-1.4690447036954057,53.683463829131],[-1.4692406972566634,53.683359945620886],[-1.4692862642927487,53.68328608558347],[-1.4694475788254673,53.683087455689574],[-1.4696409105653865,53.68289916850148],[-1.469864397363642,53.682723037178164],[-1.4701158867654645,53.682560757799045],[-1.4703929567454375,53.68241389303612],[-1.4706929390346521,53.682283857110946],[-1.4710129448150369,53.682171902181366],[-1.4713498925335184,53.68207910628854],[-1.4715826902662585,53.68203081121684],[-1.471574140720513,53.68190904800322],[-1.471595121146781,53.681688890021476],[-1.4716523489880697,53.681471012978925],[-1.4717452725680045,53.681257515098245],[-1.471872996485346,53.68105045239839],[-1.4720342902562646,53.680851818897054],[-1.4722276001811956,53.68066352741145],[-1.4724510643213518,53.68048739114197],[-1.4727025304401447,53.68032510621568],[-1.4729795767363387,53.680178235358014],[-1.4732795351690533,53.68004819284924],[-1.473599517149894,53.6799362309106],[-1.4739364413549068,53.67984342765078],[-1.4742870633887433,53.67977067668884],[-1.4746480070157928,53.67971867855294],[-1.475015796658024,53.67968793393801],[-1.475386890847247,53.679678738886444],[-1.4757577163103668,53.67969118193905],[-1.4761247023601787,53.679725143282624],[-1.4764843152613427,53.67978029590317],[-1.4768330922413986,53.67985610873315],[-1.4769734240591068,53.679896265782475],[-1.4769965012986779,53.67989433627437],[-1.4772987944591613,53.67988684110928],[-1.477567456231988,53.67977035120226],[-1.4777366096367148,53.67971115592301],[-1.4777052107348325,53.67970217110935],[-1.4773880465464888,53.67958742038744],[-1.4770913562481287,53.67945476480301],[-1.476817997284375,53.67930548206336],[-1.4765706022966174,53.67914101000999],[-1.4763515537675038,53.67896293276511],[-1.4761629610788858,53.67877296546916],[-1.476006640204053,53.67857293775701],[-1.4758840962295898,53.678364776132],[-1.4757965088747371,53.67815048540772],[-1.4757447211472177,53.677932129396616],[-1.475729231244064,53.677711811031436],[-1.4757501877747397,53.677491652111065],[-1.4758073883517304,53.677273772866066],[-1.4759002815613418,53.67706027154036],[-1.476027972294901,53.67685320418609],[-1.4761892303882123,53.676654564865856],[-1.4763825024853277,53.676466266452934],[-1.4764049627135443,53.67644855926255],[-1.478542577317722,53.67555880146359],[-1.4788025756621563,53.67552133218417],[-1.4791703257820907,53.67549057469697],[-1.4791722253840753,53.67549052755999],[-1.4792271916016935,53.67545504399493],[-1.4795041832336968,53.67530815779722],[-1.479804086981613,53.675178098714056],[-1.4799520626854328,53.675126305151835],[-1.4806882795701826,53.67502111209341],[-1.4813471013251314,53.67456193201212],[-1.4824578289531194,53.674147226767005],[-1.485026993773833,53.67391138261163],[-1.4851756635773279,53.67391239395409],[-1.486028206750015,53.674164672170605],[-1.486363082543039,53.675825557061344],[-1.489215845344729,53.67564800170889],[-1.4900127573058202,53.676638926289485],[-1.491191653820464,53.677017940147564],[-1.4905928785877458,53.67801181761525],[-1.4912703300872283,53.678524796052585],[-1.492103884531638,53.67833520708896],[-1.4928861740350383,53.67740704407216],[-1.493747895743978,53.67798094929652],[-1.4945661250661237,53.67796557790047],[-1.4960155984595918,53.677437215670146],[-1.4964699563909607,53.67748750582186],[-1.4965403807833002,53.67758978100505],[-1.4982434056402987,53.67845252888536],[-1.4992925256042935,53.67818352651724],[-1.5000013625001438,53.67836408537848],[-1.5004719682858956,53.67873568068976],[-1.4997651602449844,53.679707659442286],[-1.4997691166572886,53.67980079132369],[-1.500275382037254,53.680039663167676],[-1.5007053341565648,53.68044147923779],[-1.5005582440250935,53.68072531050543],[-1.5004931753213144,53.68078515655283],[-1.4998652706605233,53.681091391054935],[-1.499867486788196,53.681154814964295],[-1.5006387776480965,53.68172422565867]],[[-1.4903587875045199,53.67893000016254],[-1.4898960743445526,53.67853620912833],[-1.4895196023815571,53.67893751003156],[-1.490150436645727,53.67916036903558],[-1.490192079498247,53.67915980830239],[-1.4903587875045199,53.67893000016254]],[[-1.494967518091714,53.68038614873462],[-1.4951746505411831,53.68095048017231],[-1.4952893856859808,53.68100465296384],[-1.4960490909474522,53.68067454202531],[-1.49566379830275,53.68018527839895],[-1.4955289013179807,53.68015855300349],[-1.494967518091714,53.68038614873462]],[[-1.498300329457126,53.68437868085358],[-1.4975892412427232,53.68441405423068],[-1.4975278960716092,53.68432739715491],[-1.4966955172925789,53.68410956092458],[-1.4963678160674017,53.68414012708542],[-1.4959666172880874,53.68464259417012],[-1.4974157345039187,53.684715926633224],[-1.497893864911865,53.685141666347455],[-1.4985436373193188,53.68510905039149],[-1.4985725403381032,53.68510240984786],[-1.4986537411440415,53.68448183327511],[-1.4984672513878927,53.68439082289923],[-1.498300329457126,53.68437868085358]],[[-1.4974828633682165,53.682840138296875],[-1.4978888155540717,53.68250227819474],[-1.4978785688300287,53.68242248014848],[-1.4973495999451945,53.68237835068372],[-1.4974668929122306,53.68284052267233],[-1.4974828633682165,53.682840138296875]],[[-1.491740292646833,53.680765828268534],[-1.4918185538471465,53.68084098795777],[-1.4930066977142216,53.68055108202324],[-1.4929953485223315,53.6803938699794],[-1.4928716057643958,53.68033986904566],[-1.4915756510528662,53.68051726533216],[-1.491740292646833,53.680765828268534]],[[-1.4894470973366738,53.68125093888187],[-1.4891779566231655,53.68147068182545],[-1.489398299972628,53.68170074652183],[-1.4904189070261165,53.6816834557007],[-1.490459795461167,53.68163183630889],[-1.489518412922137,53.68122333155589],[-1.4894470973366738,53.68125093888187]],[[-1.4722998788109702,53.696943374929276],[-1.4723189932604956,53.69697964735332],[-1.4734224166248822,53.6971586652421],[-1.4734561512264948,53.697218338089215],[-1.4733153842059588,53.69817353692512],[-1.4736350758358474,53.698394795207534],[-1.4749598600801779,53.69837278238452],[-1.475566291860382,53.698454913920365],[-1.47577469836418,53.69841541905186],[-1.4763058014837642,53.69806904430058],[-1.4754903271389637,53.69754858564476],[-1.4750973697208727,53.69652362312951],[-1.4747332585612176,53.69632056016171],[-1.4747337826150608,53.696208533590664],[-1.4738914293516316,53.695469752867616],[-1.4726311305467938,53.6956810706428],[-1.4722620433641962,53.69561811231107],[-1.4718249505554526,53.6956867941251],[-1.4714556237295133,53.69581127202456],[-1.4712502027872338,53.69633410127255],[-1.4722998788109702,53.696943374929276]],[[-1.4852082314003683,53.6781290578737],[-1.4850471075310068,53.67828607307196],[-1.4851756806818002,53.678217885490426],[-1.4853445979533424,53.67814462428717],[-1.4852946724408265,53.67802254732387],[-1.4852082314003683,53.6781290578737]],[[-1.48423063225767,53.67889156605658],[-1.4843917614819195,53.67873455198506],[-1.4842631854916506,53.67880273871254],[-1.4839632695850116,53.678932808854384],[-1.4837233456577616,53.67901678855681],[-1.4838374710716937,53.679041588494925],[-1.484060113998756,53.679105284582285],[-1.4840694033129813,53.679090216197125],[-1.48423063225767,53.67889156605658]]]}},{"type":"Feature","properties":{"db_school_name":"Castleford Academy","urn":"136633","n_samples":730,"margin_m":365.8},"geometry":{"type":"Polygon","coordinates":[[[-1.4089197919208418,53.716986454674945],[-1.4088833511162264,53.717009909029],[-1.4086058398649577,53.7171566294542],[-1.4083054185020027,53.71728650792748],[-1.4079849804262314,53.71739829348889],[-1.4076476119107046,53.71749090943638],[-1.4072965623694524,53.71756346370076],[-1.406935213049584,53.717615257441715],[-1.40656704445081,53.71764579178192],[-1.406195602786792,53.71765477261438],[-1.405824465812071,53.71764211343667],[-1.4054572083444936,53.7176079361843],[-1.4050973678160086,53.7175525700558],[-1.4047484101844432,53.71747654834016],[-1.4044136965353315,53.71738060327784],[-1.4040964506961953,53.71726565900471],[-1.4037997281757875,53.71713282264703],[-1.403566046155266,53.717005057485245],[-1.4034882993963214,53.717055089913494],[-1.4032107691668325,53.71720179779101],[-1.4029103309643933,53.71733166269093],[-1.402589878350153,53.71744343378396],[-1.4022524977372812,53.71753603450746],[-1.4019349510327146,53.71760164841842],[-1.4019377604713483,53.71764259405766],[-1.401916397226143,53.7178627374353],[-1.401858758593616,53.71808057867818],[-1.4017653991235584,53.71829401980323],[-1.4016372174218923,53.718501005172755],[-1.401475447515701,53.71869954129468],[-1.4012816469855103,53.71888771602514],[-1.4010576819784741,53.719063716988586],[-1.4008057092462676,53.71922584903767],[-1.4005281553803082,53.7193725505847],[-1.4004393901387948,53.71941091461576],[-1.400323755344523,53.71938342760976],[-1.4002225650922326,53.719359553227726],[-1.4001198213744404,53.71933836741029],[-1.4000964051530882,53.719333306984595],[-1.4000737465658968,53.7193282503403],[-1.400048783157823,53.7193254291835],[-1.399998830796625,53.71932158433438],[-1.3999200757935082,53.71931849430729],[-1.3998412632877204,53.71931944855805],[-1.3996752660018972,53.71932401145126],[-1.3994568516426582,53.719338198767154],[-1.3993665723327706,53.71934628577548],[-1.3992770442204219,53.719354825875996],[-1.399187490481393,53.719365163388375],[-1.3991375015244087,53.7193732568062],[-1.3990115183517378,53.719383377702684],[-1.398950764475849,53.719388257858895],[-1.3985389044651912,53.71947065758003],[-1.3983456458444663,53.719529893781896],[-1.398240499465224,53.71956979947182],[-1.3981535682231319,53.719611686567056],[-1.3977356996091126,53.71985683642502],[-1.3973792733459414,53.719823644199884],[-1.3970194247243806,53.71976825381061],[-1.3966704635327494,53.71969220858783],[-1.3963357508908167,53.71959624099853],[-1.3960185106163245,53.71948127539545],[-1.3957217981643226,53.719348419110375],[-1.3954484711915622,53.71919895178377],[-1.3952011620298008,53.7190343130351],[-1.3949822523333313,53.718856088592155],[-1.3947938501449724,53.71866599501297],[-1.3947858137763678,53.718655690554804],[-1.394670244587504,53.71863050288745],[-1.3943355449532746,53.71853452972925],[-1.3940183181418395,53.71841955884699],[-1.3937216194785385,53.7182866976231],[-1.393687977606304,53.7182682993429],[-1.393390194906797,53.718329804537696],[-1.39302882225546,53.71838155626949],[-1.3926606372237136,53.7184120478308],[-1.392289186183576,53.71842098552669],[-1.391918046979936,53.718408283270264],[-1.3915507944520986,53.71837406341202],[-1.3911909659843762,53.71831865556088],[-1.390842027418329,53.718242593407744],[-1.3905073396557157,53.71814660958262],[-1.3901901262745517,53.71803162859471],[-1.3898934424707592,53.717898757923905],[-1.3896201456250676,53.71774927734924],[-1.3893728677789694,53.71758462661779],[-1.3891539902850591,53.717406391572695],[-1.389099249666871,53.71735114746319],[-1.3887967712749274,53.71734078689051],[-1.3887494822660362,53.71733637928993],[-1.3885997966889976,53.71734877064194],[-1.3882283542569724,53.717357695774375],[-1.3878572257338189,53.717344980966985],[-1.3874899858559357,53.71731074869121],[-1.3871301718857505,53.71725532867553],[-1.386781249525131,53.717179254728094],[-1.3864465795196885,53.71708325959242],[-1.3861293852763377,53.71696826788675],[-1.3861163520878843,53.71696243012951],[-1.3858975450924718,53.71705696272368],[-1.3855770498306175,53.71716868820238],[-1.3852396344348992,53.717261240929034],[-1.3848885487711713,53.71733372944342],[-1.3845686859244337,53.7173795137639],[-1.38451740734658,53.71749663339855],[-1.3843891435643039,53.71770360011358],[-1.3842272957060942,53.717902112756384],[-1.3840334221034925,53.71809025940915],[-1.3838093896077028,53.718266227966694],[-1.3835573556207013,53.7184283235937],[-1.383279747324175,53.718574985053266],[-1.3829792383061048,53.718704799748785],[-1.3826587228100347,53.718816517334524],[-1.3823212878550981,53.71890906176319],[-1.3823085098106858,53.718911699608974],[-1.3821553614192716,53.71906031158546],[-1.3819313159247653,53.719236276566875],[-1.3816792689186428,53.71939836818101],[-1.3814016477080102,53.7195450252296],[-1.3812468631602042,53.7196118843932],[-1.3812537358671495,53.719712767686666],[-1.3812322635030991,53.719932906991964],[-1.3811745151496695,53.72015073789963],[-1.3810810464133874,53.72036416252586],[-1.3809972653766953,53.7204993224619],[-1.3811702345667156,53.720474571566946],[-1.3815384456539679,53.720444115396475],[-1.3819099165381306,53.72043521108666],[-1.382281070319872,53.72044794437891],[-1.3826483331512645,53.7204821926656],[-1.383008168632152,53.72053762617005],[-1.3833571118467998,53.72061371112028],[-1.3836918027138518,53.72070971488664],[-1.3840090183291256,53.72082471303288],[-1.3843057039904232,53.7209575982141],[-1.384579002606085,53.72110709083522],[-1.3848262822044433,53.721271751368064],[-1.3850451612794787,53.72144999420816],[-1.385233531728649,53.72164010293884],[-1.3852916861505054,53.72171469110588],[-1.3854547298208815,53.72182325638817],[-1.3856736144077801,53.7220014980792],[-1.385861990144135,53.72219160581909],[-1.3860180425889528,53.72239174891227],[-1.3861402685006683,53.72259999999821],[-1.386227490328441,53.72281435360808],[-1.3862788675698494,53.723032745474676],[-1.386293904884924,53.723253072409285],[-1.386272456887643,53.723473212555156],[-1.386214729567922,53.72369104582141],[-1.3861212783295724,53.723904474301584],[-1.385993002662283,53.724111442479725],[-1.385831137498139,53.72430995702918],[-1.385637241335183,53.72449810601376],[-1.3854131812417616,53.72467407730579],[-1.3851611148855385,53.72483617604357],[-1.3849195143252662,53.72496380065852],[-1.38488865246176,53.7250135914877],[-1.3847267786097106,53.72521210449148],[-1.3845328733488107,53.725400251635605],[-1.3843088038350286,53.725576220810055],[-1.3840567278267657,53.72573831717361],[-1.3837790729103678,53.72588497948215],[-1.3834785131228107,53.726014795130894],[-1.3831579431966439,53.726126513764875],[-1.3828204506753063,53.72621905932667],[-1.382469286167652,53.726291540425024],[-1.3823967059473454,53.72630192563028],[-1.382281101498668,53.726392706202354],[-1.3820730091541282,53.72652650889835],[-1.3817119262294533,53.72662319563916],[-1.3812499173305723,53.726820380275996],[-1.3808190634045059,53.72704827156906],[-1.3803006764437837,53.72726304037825],[-1.3800979986557562,53.72733837010633],[-1.3798127322952758,53.72746367978908],[-1.3790488750145031,53.72789211481305],[-1.3789930321740131,53.72790010314134],[-1.3786247541250467,53.72793055126462],[-1.3782532165501031,53.72793944519203],[-1.3778819981277954,53.72792669925821],[-1.3775146744606386,53.72789243623445],[-1.3771547836182785,53.72783698614549],[-1.3768057920431211,53.7277608830891],[-1.376471061147495,53.72766486008933],[-1.3761538149247865,53.727549842032786],[-1.376116912618547,53.7275333122518],[-1.3760387309519087,53.727530626526715],[-1.3756714122782374,53.72749635786461],[-1.3755846251058725,53.727482984716346],[-1.3753155436466866,53.72752146875217],[-1.3749472663424358,53.727551905577634],[-1.3745757314217704,53.72756078811121],[-1.374204517537735,53.72754803079732],[-1.3738372002491155,53.72751375651691],[-1.3734773175640942,53.72745829540309],[-1.3731422690097461,53.72738522054067],[-1.3729261893608513,53.727390383404874],[-1.3725549775178356,53.72737762098653],[-1.3724934125965684,53.72737187557105],[-1.3724362315099325,53.72738754893839],[-1.3723530588102861,53.7274047075092],[-1.3722771840099497,53.72746427059203],[-1.3720250505789373,53.72762634143137],[-1.3717473415262083,53.72777297566154],[-1.371446731410353,53.72790276094819],[-1.371126115448862,53.72801444722872],[-1.3707885816287662,53.728106958757365],[-1.3704373809568764,53.72817940447062],[-1.3700758961365236,53.728231086573786],[-1.3698618844745767,53.72824876417984],[-1.3698659801641828,53.72830911285831],[-1.3698444435939348,53.72852924962433],[-1.3697866242895471,53.728747074529196],[-1.3696930785406336,53.72896048974689],[-1.3695647067470844,53.72916743988901],[-1.3694027447668176,53.72936593180255],[-1.3693783527925552,53.729389585716966],[-1.3693802970237738,53.72941823752677],[-1.3692449331474479,53.72942632553487],[-1.368794131568246,53.72946977877859],[-1.3684781624604148,53.729514031293654],[-1.368303479719675,53.72954545815642],[-1.3679492713008081,53.729614575931784],[-1.3676724366509536,53.729674216578914],[-1.3671309048419429,53.729808927747214],[-1.366622491660551,53.72995180540113],[-1.3662311700969503,53.7300701434246],[-1.3659218032260505,53.73018181404548],[-1.3657158392851674,53.73026518667043],[-1.3647725278296043,53.73070506194728],[-1.3630642070928758,53.73140971102984],[-1.362837084907779,53.731494764809305],[-1.362606934586815,53.73157351224526],[-1.3623328215940893,53.731658403304024],[-1.362073993950059,53.73173250496787],[-1.3616770113593155,53.73182653668793],[-1.3612194263466595,53.73191125797986],[-1.3610235800547703,53.731936271439906],[-1.360795779757932,53.7319585103803],[-1.3605833496183775,53.73197265177261],[-1.3603695278235652,53.73197959854441],[-1.3601558695884282,53.73197576288257],[-1.3599954061549848,53.73196681892437],[-1.359663936293734,53.73192721921652],[-1.3595370442783077,53.73190497732068],[-1.3594146359026773,53.73187556973215],[-1.3592804494915864,53.7318317218353],[-1.359153857027533,53.731781626363656],[-1.3590515218963455,53.731730761648784],[-1.3588171032984555,53.731596432391875],[-1.3586205753170537,53.73155943981981],[-1.3581835595316012,53.73149150638264],[-1.357803784883793,53.73144813846028],[-1.3575690334659878,53.731434302852655],[-1.357361503137534,53.731430494138834],[-1.3572098917763025,53.73143147891894],[-1.3569048777313777,53.73145230594753],[-1.3567590957203006,53.73147218908155],[-1.356480830189159,53.73152550913517],[-1.3561171478653267,53.73161529798613],[-1.3547712955715951,53.73200440847182],[-1.3543888630763898,53.732166505863134],[-1.3540272244747087,53.731069923816236],[-1.3534414277680635,53.73092355332662],[-1.3509011019954154,53.73120584382013],[-1.3489894530074664,53.73222888695205],[-1.348924378882753,53.732214680725384],[-1.3485896768879337,53.732118580003515],[-1.348272473965281,53.73200348835006],[-1.3479758252094518,53.73187051431084],[-1.34770258766295,53.73172093866058],[-1.3474553927953712,53.731556202062094],[-1.347236621159275,53.73137789118548],[-1.3470985332287964,53.7312383905482],[-1.3470663280576096,53.731259075468685],[-1.3467885085992022,53.73140565144023],[-1.346487796135353,53.731535373732456],[-1.3461670868697428,53.7316469928895],[-1.3458294696884772,53.73173943381209],[-1.3454781964016476,53.73181180611683],[-1.3451166504123178,53.73186341271605],[-1.3447483141152416,53.73189375653507],[-1.3443767353399172,53.73190254530216],[-1.3442871705569819,53.73189944502926],[-1.3442783085180476,53.731900175041275],[-1.3442370664277918,53.73190115041469],[-1.3441644213080999,53.73192103950957],[-1.3440552469019194,53.73195903336461],[-1.3438642222301322,53.73201133236511],[-1.3438854763283863,53.732102054487],[-1.3439002947880623,53.732322385744425],[-1.3438786203794792,53.73254251728294],[-1.343820661272809,53.73276032909428],[-1.3437269751040724,53.732973723478324],[-1.3435984636256166,53.73318064524715],[-1.343436364040844,53.73337910152079],[-1.3432422371058843,53.733567180924055],[-1.343017952112173,53.73374307199916],[-1.3427656688940346,53.73390508065685],[-1.3424878170341765,53.7340516464976],[-1.3421870724671192,53.734181357845685],[-1.3418663317058248,53.734292965350626],[-1.3415286839398404,53.73438539402533],[-1.3411773812739314,53.734457753604396],[-1.340815807394225,53.7345093471227],[-1.3404474449641943,53.734539677631595],[-1.340075842065122,53.73454845298754],[-1.3397045780050152,53.73453558866739],[-1.3393372288260375,53.73450120858284],[-1.3389773328435008,53.73444564388624],[-1.338628356549131,53.734369429779356],[-1.33829366120776,53.73427330035599],[-1.3379764704698944,53.734158181527846],[-1.3376798393126923,53.73402518210252],[-1.3374066246089908,53.73387558309926],[-1.3371594576081913,53.733710825405794],[-1.3369484578527129,53.733538805447814],[-1.3367037157592423,53.73353031865512],[-1.3363363778649386,53.73349592940001],[-1.3359764944922796,53.73344035571995],[-1.3356275320114912,53.733364132903276],[-1.3352928515543065,53.73326799512763],[-1.3349756766278198,53.73315286838518],[-1.334679062056847,53.733019861559754],[-1.3344058645544221,53.73287025574187],[-1.3341587152042262,53.732705491884836],[-1.3339399941201888,53.7325271569213],[-1.33375180752736,53.73233696847368],[-1.3335959674846787,53.73213675830645],[-1.3334739744446533,53.73192845467965],[-1.3333870028174917,53.73171406377384],[-1.3333358896781666,53.73149565036546],[-1.3333211267245075,53.73127531793911],[-1.3333428555629976,53.73105518842813],[-1.3333859374195989,53.730893434042436],[-1.3331568827565217,53.730973121592946],[-1.3328192427609824,53.73106552580312],[-1.3324679530850556,53.73113785993002],[-1.3321063972897875,53.731189427253724],[-1.3317380578644673,53.73121973107789],[-1.331366482668768,53.73122847951603],[-1.3309952507437948,53.731215588304316],[-1.3306279378221006,53.73118118161346],[-1.3302680818696555,53.731125590852116],[-1.329919148992486,53.731049351473125],[-1.3295845000370912,53.730953197813704],[-1.3292673582070442,53.73083805601894],[-1.328970778008286,53.730705035117694],[-1.328697615822692,53.73055541633598],[-1.3284505023937014,53.730390640752],[-1.328231817489198,53.73021229541127],[-1.3281535867287584,53.73013321382968],[-1.3284102320165032,53.7288230992742],[-1.328225171409522,53.727835848488056],[-1.3279485737283465,53.72716679712969],[-1.3286615362706962,53.72698346969183],[-1.3333199423593816,53.7252617409405],[-1.333338069013705,53.7252669492533],[-1.3335714580673965,53.72535168408637],[-1.333705781078783,53.72530494655828],[-1.3340433728936554,53.7252125396173],[-1.3343946104289972,53.72514020064473],[-1.3347561115245656,53.72508862620165],[-1.3351243952362781,53.72505831290331],[-1.3354959153400576,53.72504955263931],[-1.3358670944627897,53.72506242976414],[-1.3361643261939269,53.725090262566226],[-1.3361671299190154,53.72508949505156],[-1.3365183628348198,53.72501714983861],[-1.3368798603291923,53.72496556897677],[-1.3372481414927093,53.72493524914306],[-1.3375771605406692,53.72492748522584],[-1.3375598276731224,53.72490521677987],[-1.3375078722792308,53.724816503877],[-1.3372181668660215,53.7247532158567],[-1.3368835509565586,53.72465708257841],[-1.3365664362528686,53.724541960061146],[-1.3365317594016122,53.72452640803191],[-1.3364665215883607,53.72453177867003],[-1.336095006225726,53.72454054195826],[-1.3359035460551367,53.724533900164055],[-1.3357738462833146,53.724579033084446],[-1.335436263307138,53.72467144493683],[-1.3350850314469276,53.72474378698531],[-1.3347235337067265,53.7247953624337],[-1.334355252016501,53.72482567450739],[-1.3339837336796774,53.72483443124048],[-1.3336125571895576,53.72482154828922],[-1.3332452977446132,53.72478714974473],[-1.3331980299034645,53.724779847860326],[-1.333079036859657,53.7247118832387],[-1.3321789118495218,53.72348311146836],[-1.3326509588815978,53.722295288498884],[-1.3329501290426227,53.722119723368635],[-1.3336812221979109,53.72182599098079],[-1.3340923328746672,53.72141180794539],[-1.3339061949900681,53.72072433563526],[-1.3331430228539043,53.72070479407395],[-1.3312725311661715,53.720391810208916],[-1.331172496890587,53.71996064739387],[-1.3307884451718284,53.71984928472839],[-1.3306630113878875,53.71973782044627],[-1.328698849749546,53.719141518358995],[-1.328631507104834,53.718688747393614],[-1.3279057006212087,53.718442664314175],[-1.328470031654908,53.717358765369966],[-1.3280875063041258,53.71681788151072],[-1.327426045254857,53.716819737056404],[-1.3271315925037381,53.716833152260364],[-1.326174467791372,53.71639079333752],[-1.3262434368501534,53.71402455269458],[-1.3264460517565306,53.713995653025556],[-1.3265210364503086,53.713989484762784],[-1.3265978434430479,53.71397852936162],[-1.3269660356859105,53.71394824080389],[-1.3273374593445944,53.71393950552593],[-1.3277085379744358,53.71395240764168],[-1.3279236013078324,53.713972566447204],[-1.328097682817951,53.71393671390546],[-1.3280485934303783,53.71381561438111],[-1.327997528871968,53.71359719819318],[-1.327982799288529,53.71337686455482],[-1.3280045459657759,53.713156735411],[-1.3280625589057935,53.71293893070442],[-1.3281562788711558,53.71272554796002],[-1.328284802791486,53.71251864208694],[-1.3284468924795678,53.71232020559162],[-1.328640986572346,53.712132149393234],[-1.3287554329224955,53.71204238825771],[-1.3287481881146384,53.71193404216536],[-1.3287699299885047,53.71171391281529],[-1.3287980425339074,53.711608355787085],[-1.3287110560314512,53.711537384649624],[-1.328522985971441,53.71134718767986],[-1.3283672475448594,53.711146970322],[-1.3282453402259833,53.71093866090518],[-1.328158437599982,53.71072426566563],[-1.3281073760779059,53.71050584942143],[-1.3280926468611465,53.71028551568444],[-1.3281143912319935,53.71006538640057],[-1.3281723992148484,53.7098475815138],[-1.3282661116201262,53.70963419855092],[-1.3283946254503485,53.70942729242311],[-1.328556702615551,53.709228855639324],[-1.328750781873345,53.70904079912146],[-1.3289749938780095,53.708864933806446],[-1.3292271791931574,53.70870295321144],[-1.3295049090941344,53.70855641713072],[-1.3298055089595833,53.70842673662048],[-1.3301260840268385,53.708315160415815],[-1.3304635472632202,53.70822276291096],[-1.3308146490850636,53.70815043381788],[-1.3311760086387072,53.708098869602644],[-1.3315441463427067,53.70806856678209],[-1.3319155173785753,53.708059817144914],[-1.33208826720575,53.70806581781265],[-1.332190967523905,53.708030070166465],[-1.3325284239993722,53.70793766682066],[-1.3328795199538215,53.70786533165522],[-1.333240874590061,53.707813761194714],[-1.3336090083739784,53.70778345201604],[-1.3339803765248177,53.70777469596919],[-1.3343514031322679,53.70778757736803],[-1.334718515572609,53.707821972178955],[-1.335078178893317,53.7078775492144],[-1.3354269298357977,53.707953773320504],[-1.3357614101694142,53.7080499105276],[-1.3360783990165002,53.70816503511451],[-1.3363748438576935,53.70829803851871],[-1.336647889919505,53.708447640006625],[-1.3367613447521194,53.70852331375816],[-1.3369379958929393,53.70851914428322],[-1.3373090300289885,53.70853201654351],[-1.3376761514334476,53.70856640231407],[-1.3380358250675048,53.708621970494455],[-1.3383845875732931,53.70869818601598],[-1.3387190806088758,53.70879431499167],[-1.3389436485551043,53.708875865084494],[-1.3388932025921652,53.70866031309927],[-1.3388784175741404,53.70843998045544],[-1.3389001046282973,53.70821984897673],[-1.3389580543310629,53.70800203862838],[-1.3390517080541138,53.70778864698982],[-1.3391801633650602,53.70758172905588],[-1.3393421827374155,53.70738327744922],[-1.3395362054852347,53.70719520323464],[-1.3397603628068508,53.70701931751946],[-1.3400124957923092,53.706857314017384],[-1.340290176220706,53.70671075274335],[-1.3405907299469058,53.70658104499606],[-1.3409112626523605,53.706469439772995],[-1.3412486877121372,53.70637701174782],[-1.341599755910023,53.70630465092633],[-1.3419610867159888,53.70625305408017],[-1.3423292008252905,53.70622271804033],[-1.3427005536465513,53.706213934915354],[-1.343071569417025,53.706226789279846],[-1.3434386756173273,53.70626115736051],[-1.343798337355032,53.706316708227156],[-1.3441470913868299,53.70639290697785],[-1.34448157945241,53.70648901988706],[-1.344798580599748,53.70660412146757],[-1.3450950421911574,53.706737103378416],[-1.3453681092919925,53.706886685092954],[-1.3456151521593678,53.70705142622484],[-1.345833791566378,53.70722974039338],[-1.3460091930770597,53.70740704389675],[-1.346095946541608,53.70738327643605],[-1.3464470149322232,53.70731090142316],[-1.3468083485613533,53.70725928997459],[-1.3471764680970524,53.70722893906193],[-1.347547828895692,53.707220140936975],[-1.3479188551177241,53.70723298031873],[-1.3482859741431579,53.70726733357813],[-1.3485748544365521,53.707311938599105],[-1.3485367221337206,53.70714915825263],[-1.3485218871882525,53.70692882659772],[-1.348543523079214,53.706708693168615],[-1.3486014208757895,53.70649087794947],[-1.348695022449529,53.706277478566626],[-1.3488234258702183,53.7060705500896],[-1.3489853941110133,53.70587208524266],[-1.3491793669782708,53.70568399521814],[-1.3494034761505496,53.70550809127566],[-1.3496555631814253,53.70534606730451],[-1.3499332002923685,53.70519948351672],[-1.3502337137552145,53.70506975142789],[-1.3505542096389707,53.704958120269865],[-1.3508916016731192,53.70486566496606],[-1.3512426409593217,53.704793275784944],[-1.3516039472458203,53.704741649771215],[-1.351972041463873,53.7047112840367],[-1.3523433792135648,53.704702470975874],[-1.3527143848772292,53.7047152954516],[-1.3530814860327869,53.70474963397829],[-1.3534411478364097,53.70480515591033],[-1.3537061078260617,53.704863024583624],[-1.3546808195896256,53.70588377105882],[-1.3561970209492429,53.70602706022226],[-1.3588747735593527,53.705360651331446],[-1.3598097106807183,53.70347321558021],[-1.3598681003445576,53.70346839460697],[-1.3602394256998809,53.70345955703402],[-1.360610423034242,53.70347235703571],[-1.3609775200057554,53.70350667136208],[-1.3613371818108966,53.70356216960055],[-1.3616859452057974,53.70363831735591],[-1.362020451840137,53.7037343813936],[-1.3623374805832855,53.703849436697],[-1.3625652823124943,53.70395157467575],[-1.362846689547405,53.704013012389915],[-1.3631812018163443,53.70410907319679],[-1.3634982365587034,53.70422412543855],[-1.3637947408135607,53.7043570612493],[-1.3639476469949745,53.70444078148788],[-1.364220253457943,53.70451906122629],[-1.3645372941294829,53.70463411072752],[-1.36483380455167,53.704767043975245],[-1.3651069293199596,53.704916580911416],[-1.3651938507615038,53.704974515186585],[-1.3653745113529951,53.704980740707605],[-1.365741625436735,53.70501504047603],[-1.3661013064722525,53.705070524452864],[-1.3664500910305737,53.70514665838023],[-1.3667846205576633,53.70524270915672],[-1.3671016737025308,53.705357751893395],[-1.3673981973271114,53.705490678815906],[-1.3676713358997712,53.70564020992713],[-1.3679184589897608,53.70580490532805],[-1.3680697572218943,53.70592822102598],[-1.368212862890221,53.705969306829914],[-1.3685299254073717,53.7060843457996],[-1.3688264586517525,53.70621726919836],[-1.3690996069991201,53.70636679706302],[-1.3693467399246195,53.706531489525844],[-1.3695654773345203,53.706709760674855],[-1.369753712490449,53.706899893820555],[-1.3699096323052486,53.70710005802257],[-1.3700317348147448,53.70730832571692],[-1.3701188436567395,53.707522691274775],[-1.3701348916210545,53.70759104467144],[-1.3701981844199598,53.70758581383856],[-1.3705695441254429,53.70757694435088],[-1.3706626926439476,53.707580149884436],[-1.3706637866680198,53.707579446338976],[-1.3709413659148895,53.70743281375901],[-1.3712418311437218,53.707303028887345],[-1.3715622888876629,53.707191341464096],[-1.3718996532431658,53.70709882695445],[-1.3722506755781791,53.70702637619697],[-1.3726119758039896,53.70697468682918],[-1.372980074910099,53.70694425657297],[-1.3733514284494752,53.706935378444],[-1.3737224606524319,53.706948137931654],[-1.3740895988414312,53.70698241217603],[-1.3744493078161963,53.70703787115048],[-1.3747981238788267,53.707113980837825],[-1.3751326881720447,53.707210008370105],[-1.3754497790102194,53.70732502908222],[-1.375746342892459,53.70745793541187],[-1.3760195238996091,53.70760744756026],[-1.3762666911924286,53.70777212581104],[-1.376485464346344,53.70795038438906],[-1.376673736278867,53.70814050672595],[-1.3768296935487658,53.70834066198547],[-1.376919591037917,53.70849394589651],[-1.3770881352574174,53.708421133015776],[-1.377408586162571,53.70830942995656],[-1.377745946787688,53.708216898991076],[-1.3780969685365774,53.708144431116324],[-1.3784582713261269,53.70809272413468],[-1.3788263761211277,53.70806227593754],[-1.3790893783949345,53.70805597566726],[-1.3793248339124164,53.707991390880544],[-1.379675851104921,53.70791891836437],[-1.3800371500622695,53.70786720660864],[-1.3804052517861378,53.70783675355075],[-1.380776611804272,53.70782785242589],[-1.381147654284611,53.70784058894487],[-1.3815148064506892,53.70787484046893],[-1.381874532967697,53.70793027719018],[-1.382223369968896,53.708006365305756],[-1.382557958395479,53.70810237215536],[-1.3828750763295337,53.70821737327305],[-1.3831716700093717,53.70835026128522],[-1.3834448832290236,53.70849975656947],[-1.3836920848391765,53.708664419571825],[-1.3839108940849103,53.70884266466408],[-1.3840992035362871,53.70903277540772],[-1.3842551993908636,53.70923292107818],[-1.3843057345160827,53.70931905769718],[-1.3843841513014115,53.70935418989703],[-1.3846573753170186,53.70950368242125],[-1.3849045875351589,53.70966834292374],[-1.3851234070987708,53.70984658580036],[-1.3852237828696983,53.70994791561458],[-1.3854950515439348,53.70995721684493],[-1.3857727823513248,53.709983114787676],[-1.386340766311019,53.71219059422712],[-1.3882471573867528,53.71286522972614],[-1.3883777795466563,53.71287853953703],[-1.3896731493624404,53.71011887002731],[-1.3899242065744646,53.71011283347985],[-1.3902952721366006,53.710125541727265],[-1.3906624518288717,53.71015976528069],[-1.3910222100515095,53.7102151746015],[-1.3913710826325911,53.710291236150624],[-1.3917057101708374,53.71038721752359],[-1.3920228703718647,53.71050219449982],[-1.3923195090671305,53.71063505993814],[-1.392592769617344,53.710784534433564],[-1.3928400204175646,53.71094917863239],[-1.393058880239321,53.71112740708742],[-1.3932472411657513,53.71131750352043],[-1.393390162796408,53.711500802979984],[-1.3934140763876024,53.71150601599198],[-1.3937487182386743,53.71160199167862],[-1.3940658931631196,53.71171696326354],[-1.3943625468506586,53.7118498236576],[-1.3945172134197665,53.711934419718],[-1.3946582787289228,53.71188522378923],[-1.3947619884193696,53.71185676286918],[-1.3947784476843088,53.71183018854947],[-1.3949402224489313,53.71163166125553],[-1.3951340175998734,53.7114434965399],[-1.3953579665262743,53.71126750638168],[-1.3956099123240113,53.71110538550043],[-1.3958874285737588,53.7109586950416],[-1.396187842710407,53.710828847547916],[-1.3965082617587015,53.71071709336254],[-1.396845600187373,53.71062450859348],[-1.397196609613751,53.71055198475584],[-1.3975579100732223,53.71050022019077],[-1.3979260225529149,53.71046971334415],[-1.3982974024769819,53.710460757969145],[-1.3986684738217188,53.71047344029877],[-1.3990356635328127,53.7105076382161],[-1.3993954359140715,53.71056302242935],[-1.3997443266573115,53.710639059641224],[-1.400078976186461,53.710735017681614],[-1.4003961619954939,53.7108499725545],[-1.4006928296694068,53.71098281733167],[-1.4009661222899947,53.71113227280704],[-1.4012134079436331,53.711296899810065],[-1.4014323050663609,53.71147511305919],[-1.401620705382247,53.71166519642268],[-1.401776794214041,53.71186531943968],[-1.4018990679702277,53.71207355494309],[-1.4019863486396842,53.71228789761418],[-1.4020377951537775,53.712506283291134],[-1.4020529115058384,53.71272660884498],[-1.4020315515490622,53.71294675243234],[-1.4019930372048854,53.713092334137784],[-1.4020750747009196,53.71315912012168],[-1.4022634853882687,53.71334920244905],[-1.4022866792402526,53.71337893775876],[-1.4023113295749488,53.71338430906111],[-1.4026460067404614,53.713480259962],[-1.4029632201931588,53.713595208060774],[-1.4032599152519034,53.71372804649445],[-1.403493578254011,53.71385581227189],[-1.403571319078469,53.7138057797976],[-1.4038488256162676,53.7136590709383],[-1.404149234690667,53.71352920352753],[-1.40446965337504,53.7134174281001],[-1.4048069961415264,53.71332482096865],[-1.4051580145656184,53.71325227386353],[-1.4055193285960208,53.71320048535],[-1.4058874590891763,53.713169954104444],[-1.4062588612958022,53.713160974114935],[-1.4066299589776832,53.71317363185151],[-1.406997178826973,53.71320780543404],[-1.407356984857375,53.713263165805046],[-1.4077059124368025,53.71333917989678],[-1.408040601634608,53.71343511576173],[-1.4083578295629187,53.713550049617524],[-1.4084777371007866,53.713603727250984],[-1.4089197919208418,53.716986454674945]],[[-1.3675704149739625,53.71200666915093],[-1.3669223666864225,53.71275453676155],[-1.3676945139102834,53.713833398400375],[-1.368262746787244,53.71355662550974],[-1.3693593886995723,53.71244124972058],[-1.3690180515784878,53.71227080872429],[-1.3675704149739625,53.71200666915093]],[[-1.3643405957340926,53.713729614209235],[-1.3647668443622631,53.713626223992165],[-1.3653413613373548,53.71294524129078],[-1.3643647059877793,53.713030475170896],[-1.3642636822665881,53.71370381439279],[-1.3643405957340926,53.713729614209235]],[[-1.3593535016647667,53.7065199578211],[-1.3593451150445666,53.70687450356044],[-1.360493241560921,53.70723749223486],[-1.3618716100775552,53.70727730513603],[-1.3616118958786327,53.706530415642476],[-1.3605052794561379,53.70619966298078],[-1.359389168070316,53.70646252948303],[-1.3593535016647667,53.7065199578211]],[[-1.3737508500030293,53.710471136939965],[-1.3719410794059135,53.71085515257493],[-1.3719850560505253,53.71113634989293],[-1.3734370158103149,53.711965680290916],[-1.3743487382304524,53.71167804401805],[-1.3754427399741833,53.712116320189416],[-1.375625166770248,53.71216143433884],[-1.3764398285262565,53.712089908369315],[-1.3775293353981002,53.71156429603413],[-1.3774263117374588,53.71058849688748],[-1.3770720192254982,53.71021867732484],[-1.3744289889410886,53.71139325250454],[-1.3737508500030293,53.710471136939965]],[[-1.3756194528273096,53.724398471017736],[-1.373564882395286,53.7233454700244],[-1.3721914773377888,53.723567406478445],[-1.3737983521264712,53.72518097274641],[-1.3755099932697843,53.724707760343335],[-1.3755966126612984,53.724584915591954],[-1.3756194528273096,53.724398471017736]],[[-1.3490007736760317,53.72522612792038],[-1.348860447591965,53.72534365401681],[-1.3487740119526954,53.72560625258442],[-1.3491268430381775,53.726200174321775],[-1.3493468872725145,53.72624204719741],[-1.350208955696199,53.72611919342615],[-1.3506210660074929,53.72560077847992],[-1.3495857654057266,53.725295264321005],[-1.3490007736760317,53.72522612792038]],[[-1.349133545631182,53.71412373588582],[-1.3494157004915306,53.71404349853699],[-1.3503369223668547,53.713448072235614],[-1.34677884795442,53.713178993412036],[-1.3463038130712428,53.71378837687163],[-1.3472417332464763,53.714347906231076],[-1.349133545631182,53.71412373588582]],[[-1.3558584172777428,53.725159859305926],[-1.3566744040959549,53.72532854761786],[-1.3576837696517683,53.724603338750306],[-1.3570497845894134,53.72435554287883],[-1.3557842823621546,53.72476483346198],[-1.3558584172777428,53.725159859305926]],[[-1.3529679304718187,53.72727917874684],[-1.3528096074935119,53.72678644946669],[-1.3522191327613415,53.7266720429269],[-1.3517423057836613,53.72681296988917],[-1.35183710881252,53.72698294360183],[-1.3522615277957981,53.72719988083012],[-1.3528838638125535,53.72737001629409],[-1.3529679304718187,53.72727917874684]],[[-1.3396540191057216,53.73150348719308],[-1.3391329133773626,53.729652101783],[-1.338646259854066,53.729300916806345],[-1.3368494757961193,53.729408336025685],[-1.3382969291625733,53.73212822134048],[-1.3396540191057216,53.73150348719308]],[[-1.3349510854139532,53.711340843877764],[-1.3337089164638174,53.71176244922466],[-1.3330335147343475,53.71238899049827],[-1.3350412217873595,53.713179126906276],[-1.3368219581865617,53.71260889998529],[-1.3368962440149859,53.71254105423562],[-1.3349510854139532,53.711340843877764]],[[-1.3529519279963191,53.712583791510205],[-1.3526348595989852,53.7124687114218],[-1.3523383339305952,53.7123357481085],[-1.3520652068481605,53.71218618224161],[-1.3518181087574825,53.71202145438956],[-1.3515994192792762,53.71184315113814],[-1.3514112443347748,53.71165298980427],[-1.3512553958713998,53.71145280189126],[-1.351133374423489,53.711244515444854],[-1.3510463546756177,53.711030136480105],[-1.3509951741669832,53.71081172965856],[-1.3509803252449983,53.710591398401476],[-1.3510019503448043,53.71037126463102],[-1.3510161248017667,53.71031793245654],[-1.350998796979146,53.710345857011305],[-1.3508368208330852,53.71054432440935],[-1.3506428327993074,53.71073241692086],[-1.350418700831772,53.71090832296202],[-1.3501665832911447,53.71107034829957],[-1.3501472905589065,53.7110805329435],[-1.3503014827517363,53.71116497640781],[-1.3505485699006687,53.71132970737913],[-1.3507672522746994,53.711508012543085],[-1.3509554236650645,53.71169817488258],[-1.3511112715982914,53.71189836317604],[-1.3512332948020669,53.712106649627444],[-1.3513203176775843,53.71232102842716],[-1.3513715016384398,53.71253943506506],[-1.351386353206217,53.71275976620999],[-1.3513647287840473,53.71297989996432],[-1.3513369974846268,53.71308423685636],[-1.3515240794975327,53.71311311462423],[-1.3517934246946945,53.71299685472075],[-1.3521139769083559,53.712885219702],[-1.3524514291293848,53.71279276030323],[-1.352802531879962,53.712720366832286],[-1.3531633906049647,53.712668809768914],[-1.3531931817079104,53.712653082284604],[-1.3529519279963191,53.712583791510205]],[[-1.3513926958463418,53.709159363450574],[-1.3514110745046564,53.709129744068015],[-1.3512473157291498,53.70910446394544],[-1.3512854602069868,53.709267243411766],[-1.351293893082375,53.709392362375986],[-1.3512991013880649,53.70937276485949],[-1.3513926958463418,53.709159363450574]]]}},{"type":"Feature","properties":{"db_school_name":"Carleton High School","urn":"139501","n_samples":352,"margin_m":154.5},"geometry":{"type":"Polygon","coordinates":[[[-1.3044456793790986,53.67828948072005],[-1.304437820938607,53.678304585722756],[-1.3050360012351048,53.67897011473678],[-1.3063021047432417,53.67995464073549],[-1.3057572789894876,53.6806496159875],[-1.3056272692567876,53.68104405466864],[-1.3063129616720996,53.68183529603174],[-1.3062642246843752,53.68200333201325],[-1.3080425610309445,53.68209146949647],[-1.309042854183312,53.682647227174975],[-1.3091475571962812,53.682648184129114],[-1.3096380513388861,53.6828982638185],[-1.3085613218348127,53.683594759993454],[-1.3086102685695864,53.68378019864625],[-1.309146939692163,53.6843152290997],[-1.3093005624842882,53.68428440669212],[-1.3104966996511964,53.68496384777788],[-1.3103483150079975,53.685288582831504],[-1.3105792377298284,53.6857235446803],[-1.3102945270589603,53.68613080291145],[-1.3097723250221305,53.686246416710965],[-1.3094149189242108,53.68647231971047],[-1.3092155432056203,53.68666256733529],[-1.3089805457275514,53.68729464358969],[-1.3091181918151498,53.687362604526356],[-1.3093738039206089,53.6876933257244],[-1.3094040552468276,53.68778787380352],[-1.3089507723002207,53.6885884653067],[-1.309196456597852,53.68907932864359],[-1.3099843538503184,53.68971133358519],[-1.30990216578758,53.68977919761852],[-1.3073774510741158,53.68917195980455],[-1.3069963402604856,53.68943233382976],[-1.3067007457352688,53.68946483035748],[-1.3055079945854688,53.68894640027857],[-1.3053445563549138,53.68898100392732],[-1.3047790437974338,53.68948305611354],[-1.3047723819635775,53.68953883898024],[-1.3038623578082151,53.691018575611146],[-1.3034724781183566,53.69103392973219],[-1.302686078942764,53.69118699277601],[-1.3025710712981842,53.69125028487655],[-1.3019193221142287,53.692106849995],[-1.3018650543933536,53.692166981778975],[-1.3018520758141916,53.6923904392872],[-1.3016434402877286,53.69292196422392],[-1.3015284937153104,53.69297800251912],[-1.2994826716452967,53.69366650724749],[-1.2992881643470742,53.69477014265703],[-1.2977395113437193,53.69522600000806],[-1.297206937912569,53.69564966739337],[-1.2979759605845183,53.696124667773155],[-1.2989023114198277,53.697004974181375],[-1.2990674568245981,53.697088960736586],[-1.2998768722239427,53.69733319816585],[-1.2975215417760073,53.69781691168936],[-1.297395426412027,53.69775892961869],[-1.296470303236434,53.69754189798391],[-1.296693642960262,53.698410127657624],[-1.2973696725181287,53.699007008244],[-1.2955806179491454,53.69995592975059],[-1.2945291082342454,53.699155690861616],[-1.2940742529573641,53.698898305932126],[-1.294035965138466,53.698905074893936],[-1.2931691932580303,53.69960634052314],[-1.2928626034061241,53.70037435233989],[-1.2920504440252745,53.700478149356606],[-1.2914370723069752,53.700068388823624],[-1.2914006046481727,53.700054692349774],[-1.2908250732258766,53.69970311885499],[-1.2898614730416516,53.70044684720556],[-1.2883715648854255,53.700303494874824],[-1.2881169630380858,53.700365081452155],[-1.2859002515832263,53.700006053800166],[-1.2853558610002374,53.70072910632705],[-1.2846427431674086,53.70112425180114],[-1.2796790120010524,53.69920024932575],[-1.2797885380249945,53.6990242397862],[-1.2799508028049986,53.6988258690455],[-1.2801450497233473,53.69863789150584],[-1.2803694078207002,53.698462117343375],[-1.280621716254767,53.69830023919743],[-1.280899545116204,53.698153815875706],[-1.2812002188315488,53.69802425734848],[-1.281520841927749,53.697912811176344],[-1.2818583269102655,53.69782055050145],[-1.2822094239865234,53.697748363718276],[-1.2825707523488896,53.69769694592272],[-1.2829388327164386,53.69766679222181],[-1.2833101208227853,53.697658192968554],[-1.2836753996603527,53.69767103266213],[-1.2836405670311393,53.697611372686275],[-1.2835539182508764,53.69739694545812],[-1.2835031033629005,53.69717851053719],[-1.28348861119358,53.69695817161491],[-1.2835105807426979,53.69673805068672],[-1.283568799866628,53.69652026761595],[-1.2836627073431002,53.6963069197189],[-1.283748663227985,53.69616875426475],[-1.2836674142102589,53.69602958938377],[-1.2835807684680824,53.69581516212853],[-1.283546686174849,53.69566864995821],[-1.283478630126909,53.69555207987792],[-1.283391986303738,53.695337652475345],[-1.2833411746369563,53.69511921742145],[-1.2833266839219761,53.69489887840894],[-1.2833486531446443,53.69467875743413],[-1.2834068701645505,53.69446097436077],[-1.2834496675769975,53.694363739448185],[-1.2834310821634205,53.69428384128464],[-1.2834233837180424,53.69416678439309],[-1.2833265436512729,53.69404202867548],[-1.2832049078206897,53.69383367373447],[-1.2831182688387623,53.69361924608838],[-1.2830674605776158,53.6934008108671],[-1.283059296576488,53.69327665651216],[-1.2830481035714831,53.69325748307412],[-1.2829614665435947,53.69304305530042],[-1.2829332904762718,53.69292191726647],[-1.2829217726742843,53.692907078618354],[-1.2828001420662811,53.69269872324395],[-1.282713507421218,53.69248429527875],[-1.282662702569487,53.69226585985565],[-1.2826482162409578,53.69204552067088],[-1.2826701873793294,53.69182539972242],[-1.2827284038258415,53.69160761687375],[-1.2828223043841722,53.69139426943908],[-1.2829509842458269,53.69118741198721],[-1.283113203722945,53.69098903655814],[-1.283307400203712,53.6908010534828],[-1.2833492794299826,53.69076823395599],[-1.2833369619457928,53.69075236449889],[-1.2832153353966838,53.690544009484675],[-1.2831287029620642,53.69032958175018],[-1.2830778984511066,53.69011114642615],[-1.283063410590473,53.68989080720778],[-1.2830690924817048,53.68983387378284],[-1.2828722569729671,53.68967297778733],[-1.2826844907854278,53.689482709173404],[-1.2825290501972355,53.689282432486834],[-1.2824074318141068,53.68907407662788],[-1.2823208064386162,53.68885964827965],[-1.2822700078119897,53.688641212578695],[-1.2822555246042646,53.688420873223926],[-1.2822774957292087,53.68820075221497],[-1.282335709028313,53.687982969415856],[-1.2824296033356901,53.68776962214036],[-1.282558273903156,53.68756276495575],[-1.2827204811324577,53.68736438989942],[-1.2829146625298147,53.687176407298786],[-1.2831389477670165,53.68700062737879],[-1.2833911767035049,53.68683874283428],[-1.2836689201955145,53.686692312534646],[-1.2839695034916336,53.68656274651746],[-1.2842900319894193,53.686451292415455],[-1.2844961312314558,53.68639492834858],[-1.2845500851867593,53.6863602981597],[-1.2848278215189906,53.68621386513796],[-1.284893499274051,53.68618555366736],[-1.2849988302846465,53.686056721865675],[-1.2851929954986445,53.68586873547835],[-1.2854172642873753,53.685692951200885],[-1.285669476668655,53.685531061770085],[-1.285947203658111,53.68538462610242],[-1.2862477706632094,53.685255054287154],[-1.2865682832383396,53.68514359401286],[-1.2869056549530367,53.685051318557605],[-1.287256637105194,53.68497911645822],[-1.2876178499935518,53.684927682958126],[-1.287985815448825,53.684897513315654],[-1.2883569903108474,53.68488889803724],[-1.288727800530071,53.684901920081465],[-1.2890946755658232,53.68493645406053],[-1.289280402967199,53.684965244685344],[-1.2893429240264556,53.68490470364646],[-1.289567170443804,53.68472891149879],[-1.2897126129037209,53.68463554238448],[-1.2897569927327277,53.68459256714239],[-1.289981235762484,53.684416774199484],[-1.2902334230560482,53.68425487504363],[-1.29025347244714,53.68424430206905],[-1.290257802002822,53.68422809144019],[-1.2903516477972004,53.68401473766652],[-1.290480268002828,53.68380787168182],[-1.2906424235064564,53.68360948560829],[-1.2908365523124024,53.68342148987944],[-1.2910607845988549,53.68324569484675],[-1.2913129607350795,53.68308379335065],[-1.2915906520856537,53.68293734442379],[-1.2918911844011434,53.68280775828316],[-1.2922116635698808,53.68269628275527],[-1.2925490034829823,53.68260399126512],[-1.2928999557444663,53.68253177250393],[-1.2932611409408004,53.68248032187555],[-1.2936290811692617,53.68245013480323],[-1.293674957826871,53.68244906779463],[-1.293798536600077,53.682297855614905],[-1.2939926453113224,53.68210985466561],[-1.2942168574907023,53.681934053621866],[-1.2944690137010753,53.681772145381984],[-1.2947466854988563,53.68162568904364],[-1.2950471988228425,53.68149609489516],[-1.2953676597441943,53.68138461084021],[-1.2955200118773837,53.68134292340214],[-1.2955923593703174,53.68117838377165],[-1.2957209451768297,53.680971511952386],[-1.2958830650996427,53.680773118577235],[-1.2960771574857117,53.68058511415006],[-1.2963013528639158,53.680409309106125],[-1.2963301254159425,53.68039083271897],[-1.296111998341672,53.68032800866455],[-1.2957953278737295,53.68021277881998],[-1.2954992083072936,53.68007967543026],[-1.2952264915869796,53.67992998051561],[-1.294979804165343,53.67976513588711],[-1.2947615217071176,53.679586729254936],[-1.294731876131012,53.679556693091534],[-1.2945060144087779,53.67949163632498],[-1.2944753952045145,53.67948049390831],[-1.2942523459564446,53.67943162445163],[-1.2939181874458596,53.679335371933036],[-1.2936015304397226,53.679220136312004],[-1.293427112999856,53.679141730388096],[-1.2932491429457198,53.67916708460194],[-1.2928812310910176,53.67919727061429],[-1.2925101070785239,53.67920590008394],[-1.2921393456024841,53.6791928898931],[-1.291772517862902,53.67915836535855],[-1.2914131571512357,53.67910265902403],[-1.2910647248021314,53.679026307455516],[-1.2907305768398583,53.67893004607061],[-1.2904139316414325,53.67881480205188],[-1.2904083958585915,53.67881231330255],[-1.2901626296414737,53.678803684980586],[-1.2897958069524855,53.678769154405664],[-1.2894364522115007,53.67871344215558],[-1.2890880266956322,53.67863708485335],[-1.288753886363305,53.678540817971815],[-1.288437249518015,53.67842556874643],[-1.2881411658008692,53.67829244724049],[-1.2878684868110735,53.67814273564866],[-1.287621838637665,53.67797787594265],[-1.2874035965672534,53.67779945597779],[-1.2872158622114143,53.677609194194694],[-1.287060443273896,53.6774089230636],[-1.28693883615224,53.67720057143123],[-1.286852211540945,53.67698614593995],[-1.2868239765219471,53.676864758828444],[-1.2867263304103138,53.67684335650675],[-1.2863922096817124,53.67674708307081],[-1.286075592747719,53.67663182763161],[-1.2857795290576146,53.676498700312244],[-1.285506870017671,53.676348983363404],[-1.285260241524745,53.67618411880836],[-1.2851137244414719,53.67606432312063],[-1.2849249004645877,53.676035039379535],[-1.284576505287239,53.675958669016474],[-1.2842423964980942,53.675862389607396],[-1.2839257920967415,53.67574712850845],[-1.2836297414117124,53.675613995897216],[-1.2833570957239826,53.67546427407533],[-1.2831104808017737,53.67529940511305],[-1.282892271611389,53.67512097695478],[-1.282704569447692,53.67493070812001],[-1.2825491817043688,53.67473043114691],[-1.2824276044785359,53.67452207493839],[-1.2823410081767932,53.67430764618083],[-1.2822902262608153,53.67408921001479],[-1.2822757472401884,53.673868870143544],[-1.2822977099888522,53.67364874857174],[-1.2823559024294617,53.67343096516883],[-1.28244976359748,53.6732176172544],[-1.282578389064306,53.673010759401926],[-1.2827405396664089,53.672812383655334],[-1.2829346534556643,53.67262440034871],[-1.2831588607551876,53.67244861971387],[-1.283411002175138,53.67228673445269],[-1.2836886494146156,53.67214030344148],[-1.2839891286491132,53.672010736724815],[-1.2843095462782022,53.67189928194222],[-1.284646816785615,53.671807012318936],[-1.2849976924436652,53.671734816335736],[-1.2853587945763605,53.6716833891772],[-1.2857266460806687,53.67165322604056],[-1.2860977048934108,53.67164461736975],[-1.2864683980822065,53.67165764605967],[-1.2868351562329956,53.671692186658525],[-1.287194447803774,53.671747906575064],[-1.287542813114546,53.67182426927955],[-1.287876897646947,53.67192053946763],[-1.2881934843335618,53.67203579013755],[-1.288489524526627,53.672168911512465],[-1.2885653032109339,53.67221052232269],[-1.2888353885546113,53.672220009379345],[-1.2892021535874718,53.67225454274812],[-1.2895614531240476,53.67231025558364],[-1.2899098274076668,53.67238661142431],[-1.2900662003986427,53.67243166780366],[-1.2903457756662748,53.67240873248731],[-1.2907168403072635,53.67240010952419],[-1.2910875416807186,53.672413123940686],[-1.2914543102937934,53.67244765042248],[-1.2916519599647642,53.672478293940706],[-1.2918694883126265,53.67240261071195],[-1.2922067465238767,53.67231031976625],[-1.2925576136469732,53.672238101612116],[-1.2929187110880396,53.67218665164758],[-1.2932865617891722,53.67215646528951],[-1.2936576236949022,53.67214783320537],[-1.294028323843069,53.672160838515545],[-1.2943950927526249,53.67219535599328],[-1.294754398778018,53.67225105327],[-1.2951027821001369,53.67232739403391],[-1.2954368880272713,53.672423643191934],[-1.2957534992860944,53.6725388739448],[-1.2960495669923446,53.67267197670751],[-1.2963222400034298,53.67282166978944],[-1.2965688923706833,53.67298651173154],[-1.2967871486270814,53.673164915181985],[-1.2969749066669733,53.67335516217685],[-1.297130357997366,53.67355542067882],[-1.297252005165474,53.67376376221531],[-1.2973386761942778,53.67397818044571],[-1.2973895358865266,53.67419661047972],[-1.2973914375951223,53.67422539334475],[-1.2974852674762203,53.67418491968097],[-1.297805666355333,53.67407342877024],[-1.2981429251200167,53.67398112113479],[-1.2984703986249604,53.67391370262367],[-1.298582626776531,53.67384161912603],[-1.2988602319905647,53.673695152846825],[-1.2991606761195944,53.67356554798716],[-1.299481065900999,53.67345405255386],[-1.2998183160864591,53.673361740163614],[-1.3001691791437993,53.67328949970898],[-1.3005302765182332,53.67323802680268],[-1.3008981311524614,53.673207817082535],[-1.3012692009531295,53.67319916144086],[-1.3016399128820701,53.6732121432249],[-1.3020066973448334,53.67324663743443],[-1.3023660225461657,53.67330231192485],[-1.3027144284823864,53.67337863060382],[-1.3030485602441293,53.673474858590936],[-1.3033652003094087,53.67359006929073],[-1.3036612995166954,53.67372315331131],[-1.3039340064201843,53.67387282914255],[-1.3041806947449637,53.67403765549155],[-1.3043989886778664,53.67421604515669],[-1.3045867857505338,53.674406280306755],[-1.3047422770941832,53.67460652901861],[-1.3048639648707714,53.67481486291394],[-1.3049506767122643,53.67502927572583],[-1.3050015770284011,53.67524770261615],[-1.3050161750733968,53.67546804005835],[-1.3049943296931494,53.67568816609381],[-1.3049362507064135,53.67590596076697],[-1.3048424969058194,53.67611932654265],[-1.3047139706971345,53.67632620850833],[-1.3045519094276155,53.67652461416742],[-1.3043578734862202,53.67671263263221],[-1.304133731289652,53.67688845303201],[-1.304073944337084,53.67692685708633],[-1.3042099686271615,53.6770646401558],[-1.3043654678568886,53.677264889293205],[-1.3044871613155522,53.67747322349725],[-1.3045738765803225,53.677687636497986],[-1.3045882942329083,53.67774950537877],[-1.3044456793790986,53.67828948072005]]]}},{"type":"Feature","properties":{"db_school_name":"Outwood Academy Freeston","urn":"145937","n_samples":573,"margin_m":441.4},"geometry":{"type":"Polygon","coordinates":[[[-1.4243529441099891,53.72016233458215],[-1.42428148849402,53.72023176393789],[-1.4240576120192083,53.7204078080774],[-1.4238057193240108,53.72056998866018],[-1.4235282362285742,53.72071674363116],[-1.4232278351143204,53.72084665949315],[-1.4229074091848617,53.72095848492597],[-1.4225700445960776,53.72105114284359],[-1.4222189907240308,53.72112374077252],[-1.4218576288574452,53.721175579451824],[-1.421489439616836,53.72120615957129],[-1.42111796941469,53.72121518658294],[-1.420746796280485,53.72120257353951],[-1.420379495380461,53.72116844193211],[-1.4200196045650546,53.721113120519554],[-1.419670590276639,53.72103714216012],[-1.419335814146676,53.72094123867671],[-1.4190185006047267,53.72082633380467],[-1.4187217058118835,53.720693534290746],[-1.4184482882183531,53.720544119228684],[-1.4182008810290874,53.72037952773462],[-1.4179818668428992,53.72020134508123],[-1.4177933547093309,53.72001128742422],[-1.4176371598241593,53.7198111852687],[-1.4175147860587936,53.719602965834866],[-1.4174274114914267,53.71938863449285],[-1.4173758770787197,53.71917025544601],[-1.4173606785764639,53.71894993184858],[-1.4173819617862664,53.71872978554947],[-1.4174395211732504,53.71851193665723],[-1.4175328018672062,53.71829848312298],[-1.417660905027121,53.718091480538114],[-1.4178225965166018,53.71789292234096],[-1.4179116683743105,53.717806389044306],[-1.417702301066536,53.71779926840225],[-1.4173350323322655,53.7177651275277],[-1.4169751746005346,53.7177097970268],[-1.4166261939949696,53.717633809845395],[-1.4162914518225198,53.71753789789129],[-1.4159741721855943,53.71742298498146],[-1.4156774109186558,53.71729017794006],[-1.4156251263874091,53.717261601278565],[-1.415609386127223,53.71726840755756],[-1.4152889674104512,53.71738021270321],[-1.4149516149321981,53.71747284925828],[-1.4146005779519304,53.7175454249551],[-1.4142392375956983,53.71759724074686],[-1.4138710742768192,53.71762779754383],[-1.413499634158064,53.71763680102275],[-1.4131284949790812,53.717624164462976],[-1.4127612315789615,53.71759000958218],[-1.4124013814468341,53.71753466536339],[-1.4120524106330858,53.717458664884504],[-1.4118219318462923,53.71739261600539],[-1.4115101170695898,53.71741848978259],[-1.4111386783463786,53.71742748594662],[-1.4107675417725614,53.717414842080395],[-1.4104002821621275,53.7173806799719],[-1.410040436967687,53.71732532867382],[-1.4096914721920444,53.71724932133226],[-1.4093567489895955,53.71715339004925],[-1.4090394912799404,53.717038458827915],[-1.408919573287119,53.7169847817595],[-1.408477518501133,53.71360205433389],[-1.4085139565709188,53.71357860008265],[-1.4087914444965053,53.71343187972062],[-1.4090918368173044,53.71330199986794],[-1.409412240767937,53.71319021117931],[-1.4097495709623458,53.713097590095],[-1.4099344781609018,53.7130593655992],[-1.410233399213916,53.71293011635137],[-1.410265144528993,53.71291903999415],[-1.411553877418222,53.71269441701369],[-1.4135327889168354,53.711802797061566],[-1.4137816486515025,53.71176710751059],[-1.4141497608301037,53.7117365508235],[-1.4145211488406297,53.71172754518288],[-1.4148922365815182,53.71174017730575],[-1.4152594508406326,53.71177432555857],[-1.4156192556855145,53.711829661127744],[-1.415968186495537,53.71190565118433],[-1.4163028833090112,53.71200156401227],[-1.4166201231648243,53.71211647605093],[-1.416916851127785,53.71224928078453],[-1.4171810550811965,53.712393695478305],[-1.4171010740434875,53.71225758109809],[-1.417013716523662,53.71204324923678],[-1.41696219294829,53.711824869773096],[-1.4169469989690353,53.71160454586531],[-1.4169682803441968,53.71138439936529],[-1.4170258315568172,53.71116655038354],[-1.4171041482066367,53.71098731139689],[-1.416989133100721,53.710893715337754],[-1.4168006667512159,53.710703655944414],[-1.4166445107339432,53.71050355228666],[-1.4165221685461862,53.71029533159906],[-1.4164348179622661,53.710080999263766],[-1.4163832997081465,53.70986261949371],[-1.416368109384304,53.70964229545007],[-1.4163753318832317,53.70956758900582],[-1.4161976931296323,53.709388439629045],[-1.4160415448028074,53.709188335161784],[-1.415919209363725,53.70898011383059],[-1.4158318645217416,53.70876578102385],[-1.4157803509475568,53.70854740095899],[-1.415765164196616,53.7083270768],[-1.4157864499577186,53.708106930401215],[-1.4158440026717816,53.70788908187208],[-1.415937267533216,53.70767562916028],[-1.4160653458538195,53.70746862784929],[-1.4162270037367133,53.70727007136521],[-1.4164206839760636,53.70708187178315],[-1.4165951616503822,53.706944658902174],[-1.4164895205028103,53.70696650717908],[-1.4162734560247328,53.70699750230951],[-1.4160637897179085,53.70710840316859],[-1.41576346299801,53.70723830080759],[-1.4156130129629285,53.70729081116127],[-1.4154788918281402,53.70739628300988],[-1.4152270443686792,53.707558446029196],[-1.4149496175219671,53.70770518160038],[-1.41464928312784,53.70783507641321],[-1.414328933747389,53.707946879350345],[-1.4141801691966656,53.70798773793519],[-1.4141064292446397,53.70804572315664],[-1.4138545726325664,53.7082078832491],[-1.4135771367453251,53.70835461560238],[-1.4133827183018142,53.70843869715185],[-1.4132817815959033,53.70851806570416],[-1.4130299189914972,53.70868022403443],[-1.4127524771296882,53.70882695445073],[-1.4125830908278756,53.7089002075863],[-1.4103551240026893,53.70887604819916],[-1.4088851652581722,53.70916768456676],[-1.4086156713123934,53.70925722440119],[-1.4074740027751795,53.70970278263731],[-1.4065675302635239,53.710192727626456],[-1.4064444855035285,53.710202934050585],[-1.4060731093895107,53.71021191468982],[-1.405702037944807,53.710199255292615],[-1.4053348453559211,53.710165077796596],[-1.4049750684297395,53.710109711402595],[-1.4046261725113403,53.710033689402174],[-1.404291518091732,53.70993774403849],[-1.403974328427863,53.70982279945029],[-1.4036776584873696,53.70968996276682],[-1.4034043655176613,53.70954051343969],[-1.4031570815231624,53.70937589091501],[-1.4029381879159923,53.70919768076422],[-1.4027908624187653,53.709049036963556],[-1.402586538737201,53.709120317430255],[-1.4022492248469733,53.70921291845263],[-1.4021476215171962,53.70923391684927],[-1.4018386734391906,53.70931872919868],[-1.4014876821733564,53.70939126670002],[-1.4011263959584106,53.70944304316365],[-1.4007582946861337,53.70947355987874],[-1.4003869239215563,53.709482522908075],[-1.4000158607361504,53.70946984592071],[-1.3996486792368377,53.70943565102378],[-1.399288916123648,53.709380267585686],[-1.3989400366085532,53.709304229062134],[-1.3986054010244946,53.7092082678555],[-1.3985569819607444,53.7091907181786],[-1.398323139616023,53.70918272569842],[-1.3979559620274464,53.70914852562276],[-1.397596203623101,53.70909313711193],[-1.397247329569585,53.70901709367052],[-1.3969127001472106,53.70892112774821],[-1.3965955383720503,53.70880616368181],[-1.3962988989430074,53.708673308788086],[-1.3960606063824015,53.70854296912718],[-1.3960457409412246,53.70854604056882],[-1.395684455421565,53.708597800631374],[-1.395316357723884,53.708628300640704],[-1.3949449933787903,53.70863724682058],[-1.3945739393959105,53.70862455300233],[-1.3942067697935012,53.70859034145521],[-1.3938470211569547,53.70853494170803],[-1.3936844098147103,53.70849949152935],[-1.3936529115716214,53.70851614100699],[-1.3933525062093408,53.708645982218606],[-1.3930320946429244,53.70875772802332],[-1.392694762890253,53.70885030210214],[-1.39234376001135,53.7089228127892],[-1.3919824668038947,53.70897456166395],[-1.3916143632270803,53.70900505028126],[-1.391242994868165,53.709013984974646],[-1.3908719387754516,53.70900127968608],[-1.3905047689875183,53.708967056795295],[-1.3901450220915343,53.708911645940404],[-1.3897961631431863,53.7088355808412],[-1.3894615522772122,53.708739594156036],[-1.3891444123308543,53.70862461042163],[-1.388847797792652,53.70849173714428],[-1.3885745653761619,53.70834225412802],[-1.3883273465023414,53.70817760114345],[-1.3881085219558673,53.70799936405528],[-1.3879201989594998,53.7078092595433],[-1.387764190887194,53.70760911856376],[-1.3876419998110614,53.7074008687105],[-1.3875548020498485,53.7071865156464],[-1.3875034368575756,53.706968123783795],[-1.3874883983605855,53.70674779640008],[-1.3875098308199194,53.70652765538044],[-1.3875675272638333,53.70630982078234],[-1.3876609315027701,53.706096390419106],[-1.3877891435065748,53.70588941965878],[-1.3879084010865994,53.70574308466417],[-1.387876590587938,53.70575181347381],[-1.3875256053649119,53.70582431013123],[-1.3871643329327525,53.705876044560505],[-1.3867962530505247,53.70590651845571],[-1.3864249110772184,53.705915438292145],[-1.386053883806931,53.705902718154924],[-1.3856867450005466,53.7058684805668],[-1.3853270309467343,53.70581305530746],[-1.3849782063847522,53.70573697623542],[-1.384643631118034,53.70564097614365],[-1.3846045342952789,53.70562679789944],[-1.384502946284788,53.70567069776105],[-1.3841825341243008,53.70578241995213],[-1.383845206993543,53.705874969172584],[-1.3834942139080957,53.70594745399603],[-1.3831329355713544,53.70599917625105],[-1.3827648517992872,53.70602963774895],[-1.3823935079883762,53.706038545084475],[-1.3820224809504225,53.706025812463146],[-1.3816553444440696,53.70599156252801],[-1.3812956347358119,53.705936125177644],[-1.3809468165230232,53.705860034387065],[-1.3806122495479396,53.70576402306212],[-1.380295156224906,53.70564901597681],[-1.3799985905932473,53.70551612086233],[-1.3797254088953215,53.70536661773304],[-1.3794782420634508,53.705201946553196],[-1.3792594703809529,53.70502369336275],[-1.379071200561341,53.70483357499652],[-1.3789152454663403,53.7046334225441],[-1.378793106657792,53.70442516370978],[-1.3787059599510467,53.70421080424288],[-1.3786546441084504,53.70399240861731],[-1.378639652781132,53.703772080146685],[-1.3786497045886619,53.70366904931427],[-1.382778817368854,53.701758758554554],[-1.3827401888700763,53.70143260822845],[-1.379344720722581,53.69921962028187],[-1.379346129809509,53.699205173018925],[-1.379403858063692,53.6989873421764],[-1.3794972870487459,53.698773917987474],[-1.3796255164964966,53.69856695576072],[-1.3797873110553438,53.69836844854567],[-1.3799811122039607,53.69818030794282],[-1.3802050532742076,53.69800434569907],[-1.3804569774380409,53.69784225626524],[-1.3807344584848245,53.69769560048395],[-1.3810348241887238,53.69756579056407],[-1.38135518204107,53.697454076487],[-1.3816924470999907,53.69736153397466],[-1.382043371689345,53.697289054135275],[-1.3824045766613793,53.69723733488644],[-1.382772583922552,53.697206874237764],[-1.3831438499099735,53.69719796549757],[-1.3835147996967825,53.69721069444992],[-1.3838818613988446,53.69724493852897],[-1.3842415005522397,53.697300367998466],[-1.384590254131292,53.697376449125315],[-1.3849247638803504,53.69747244931649],[-1.3852418086390232,53.69758744417012],[-1.385538335350218,53.697720326372824],[-1.3858114884528587,53.69786981635814],[-1.386058637376612,53.69803447462303],[-1.3861852859444443,53.69813766327366],[-1.386272111352079,53.69811972719055],[-1.3866333183599813,53.698067995203886],[-1.3870013299201702,53.69803752158053],[-1.3873726024283575,53.69802859975374],[-1.3877435608949056,53.698041315633596],[-1.388110633352128,53.698075546780096],[-1.388470285232581,53.698130963581534],[-1.3888190533880853,53.69820703242675],[-1.3891535794226897,53.698303020841],[-1.3894706420192489,53.69841800453582],[-1.3897671879489715,53.69855087630528],[-1.390028071419651,53.6986936316139],[-1.3900324291038024,53.69864883526541],[-1.3900901014370268,53.698430999100275],[-1.3901834751724131,53.69821756640632],[-1.3903116505737818,53.698010592574114],[-1.3904733928099007,53.69781207076506],[-1.390667143863183,53.69762391272024],[-1.3908910375477463,53.697447930354514],[-1.3911429174916947,53.6972858183126],[-1.3913972873756524,53.69715133493606],[-1.3913861557774037,53.69698843413493],[-1.3914075625468358,53.6967682919897],[-1.3914652251387685,53.69655045506753],[-1.3915585876899526,53.696337021204165],[-1.391686750571961,53.69613004580145],[-1.3918484790741608,53.69593152203588],[-1.392042215311247,53.695743361667425],[-1.3922660932400328,53.695567376633356],[-1.392517956640345,53.69540526160407],[-1.392795379886498,53.69525857766861],[-1.393095691309054,53.6951287373071],[-1.3934159989218444,53.69501699079403],[-1.3937532182665764,53.69492441416367],[-1.3941041021071212,53.694851898852825],[-1.394320374581183,53.694820907074906],[-1.394285033057301,53.694670705616595],[-1.3942699630211242,53.69445037854699],[-1.3942913533578971,53.69423023574845],[-1.3943489975019416,53.69401239729567],[-1.3944423397677348,53.69379896103915],[-1.394570480722258,53.693591982403774],[-1.3947321858660788,53.69339345459722],[-1.3949258975388543,53.693205289418394],[-1.3950248296099856,53.693127510224095],[-1.3950442364298095,53.6930541647713],[-1.39513757302589,53.69284072792346],[-1.3952657076296435,53.69263374849398],[-1.3954274058028173,53.69243521969819],[-1.3956211099522078,53.69224705334454],[-1.3958449543436386,53.69207106142796],[-1.3960967830798845,53.69190893868514],[-1.3963741708690278,53.69176224627946],[-1.396674446383016,53.69163239677262],[-1.396994717981393,53.69152064052722],[-1.3973319015525825,53.691428053671245],[-1.3975771224376252,53.69137736279442],[-1.3977344585444649,53.691253651841095],[-1.397986275149923,53.69109152507088],[-1.3982636510095914,53.69094482823735],[-1.3985011535065057,53.69084211632307],[-1.3983331603694256,53.69078119978452],[-1.398253214946764,53.69082348124766],[-1.3979529500353103,53.69095333475844],[-1.3976326852719712,53.69106509359502],[-1.3972955052604559,53.69115768131295],[-1.3969446575989706,53.691230206115115],[-1.3965835215898308,53.69128196944503],[-1.3962155756777426,53.69131247271842],[-1.395844363930957,53.69132142212758],[-1.3954734618889033,53.69130873147284],[-1.3951064421059765,53.69127452299287],[-1.3948898523328863,53.6912411574494],[-1.3945659962621149,53.691308095354046],[-1.3942048567237155,53.6913598515023],[-1.3938369084696174,53.69139034746229],[-1.3934656955906448,53.69139928949682],[-1.3930947936371363,53.6913865914772],[-1.3927277751626315,53.691352375713095],[-1.3923681752965071,53.69129697177393],[-1.392019457677969,53.69122091331283],[-1.3916849810802407,53.69112493292416],[-1.3913679670471513,53.6910099550839],[-1.3910714688543937,53.69087708724143],[-1.3907983420949328,53.69072760914844],[-1.390551217172191,53.69056296052791],[-1.39033247396616,53.69038472720245],[-1.3901442189164792,53.69019462581552],[-1.3899882647430744,53.68999448729318],[-1.3898661129994085,53.68978623920553],[-1.389778939625938,53.689571887198404],[-1.3897275836423733,53.6893534956739],[-1.3897125390869673,53.689133167906185],[-1.3897339502797132,53.6889130257841],[-1.3897916104542682,53.68869518937579],[-1.389884963770931,53.68848175651205],[-1.3899388154294536,53.68839477935248],[-1.3898683922655686,53.68832366149589],[-1.3897124462473294,53.68812352257452],[-1.3895903012097768,53.68791527415919],[-1.389503133028833,53.68770092189882],[-1.3894517806742566,53.687482530198004],[-1.3894411470805494,53.6873267801738],[-1.3893222319030105,53.687322704804465],[-1.3889552518925061,53.68728847756439],[-1.3885956916522393,53.68723306237196],[-1.3882470144396395,53.6871569929887],[-1.3879125786386421,53.687061002114106],[-1.387595605400036,53.686946014325194],[-1.3872991476065089,53.68681313716713],[-1.387026060461848,53.68666365048128],[-1.386778973987876,53.68649899407338],[-1.3865602676942426,53.68632075384099],[-1.3863720476650703,53.6861306464941],[-1.38621612628302,53.68593050301607],[-1.3860940047857873,53.685722251024714],[-1.3860068588226024,53.685507896203454],[-1.385955527149289,53.6852895029814],[-1.3859405035700916,53.68506917464908],[-1.3859619322031231,53.68484903310072],[-1.3860196061142303,53.68463119839892],[-1.3861129693315764,53.68441776835802],[-1.3862411222207294,53.68421079834301],[-1.3864028301676752,53.68401228147854],[-1.3865965354854062,53.683824129458166],[-1.3868203724287893,53.683648154138815],[-1.3870721851725816,53.683486050097315],[-1.3873495485790879,53.68333937831708],[-1.3876497915552213,53.683209551161134],[-1.3879700227739675,53.68309781877694],[-1.3883071585126474,53.68300525706278],[-1.3886579523401223,53.68293275731184],[-1.3890190263674767,53.68288101763349],[-1.3893869037617397,53.68285053623408],[-1.3897580422101998,53.68284160662175],[-1.3901288680137656,53.682854314781544],[-1.3904958104818568,53.68288853834778],[-1.3908553362984155,53.68294394778173],[-1.391203983528898,53.683020009543114],[-1.3915383949415625,53.68311599122534],[-1.3918553503228528,53.68323096860467],[-1.3921517974763262,53.683363834535925],[-1.3924248816070868,53.683513309609246],[-1.3926719728091352,53.68367795446511],[-1.392890691391123,53.68385618364992],[-1.393078930796695,53.684046280878235],[-1.393234877898564,53.684246415555535],[-1.3933570304706373,53.684454660402224],[-1.3934442116694965,53.68466901000944],[-1.39349558138523,53.68488740014843],[-1.393506229398401,53.685043149915415],[-1.3936251385915612,53.685047221116115],[-1.3939921030273144,53.68508143401875],[-1.3943516521707577,53.68513683300146],[-1.3947003238627982,53.68521288462459],[-1.395034760636219,53.68530885657921],[-1.395351742033328,53.68542382473522],[-1.395648215607233,53.68555668203633],[-1.3959213263086845,53.68570614915571],[-1.3961684439758686,53.685870786810504],[-1.3963871886626258,53.68604900961647],[-1.3965754535612405,53.686239101349635],[-1.3967314252989416,53.68643923146841],[-1.3968536014123818,53.686647472737114],[-1.3969408048314131,53.686861819781406],[-1.3969549719879126,53.68692202474601],[-1.3970060767239523,53.686929897300146],[-1.3973547680462204,53.687005941226964],[-1.3976892250889912,53.68710190579642],[-1.3979650972766366,53.68720195122187],[-1.3980450360984509,53.687159669907565],[-1.3983452736483983,53.68702981600951],[-1.3986655058360509,53.68691805510407],[-1.3990026489292708,53.68682546336412],[-1.3993534564260128,53.686752932371995],[-1.399714550305687,53.686701160537815],[-1.400082453544151,53.68667064637756],[-1.4004536235798675,53.686661683714775],[-1.4008244864096553,53.68667435885273],[-1.4011914709865083,53.68670854974366],[-1.4015510435890286,53.68676392716347],[-1.4018997418323194,53.686839957880146],[-1.402234207993598,53.68693590978603],[-1.4025512213323015,53.68705085894407],[-1.4028477290940784,53.68718369848095],[-1.403120875900586,53.6873331492409],[-1.4033680312424506,53.68749777209865],[-1.4035868148108228,53.68767598181243],[-1.4037751194236587,53.68786606228441],[-1.4039311313258165,53.68806618308146],[-1.4040533476672201,53.68827441705776],[-1.4041405909903495,53.6884887589092],[-1.4041920205869847,53.688707144481796],[-1.4042071406141798,53.6889274706476],[-1.4041858048905518,53.689147615557275],[-1.4041282183258854,53.689365459074295],[-1.4040349349694512,53.68957890319366],[-1.403906852694992,53.68978589224898],[-1.4038257794452904,53.68988546880383],[-1.4038267422416495,53.68988555847493],[-1.4041863453992924,53.68994092803668],[-1.4045350746550782,53.69001695112469],[-1.4048695719876763,53.69011289570475],[-1.4051866163564342,53.690227837910435],[-1.4054831547082627,53.69036067093532],[-1.4057384982321188,53.6905003598937],[-1.4060094256291458,53.69044433247582],[-1.4063705431151345,53.69039254067148],[-1.4063919945797232,53.69039076045043],[-1.4064148746826208,53.690368525767866],[-1.4066386641877549,53.69019251347981],[-1.4068904403634932,53.69003036785452],[-1.4071251793422273,53.68990618618098],[-1.4071442780827041,53.689833919112225],[-1.4072375463049547,53.68962047254004],[-1.4073656117621296,53.68941347987265],[-1.4073830217307373,53.689392093519295],[-1.407458481209604,53.689270126907076],[-1.4076201091391933,53.68907158135462],[-1.407813743519463,53.688883394993645],[-1.4080375192879822,53.688707380011834],[-1.4081607339395914,53.688628023163574],[-1.4081505358848254,53.68847962125812],[-1.4081718505686154,53.68825947556161],[-1.4082294147235168,53.68804163000069],[-1.4083226734344552,53.68782818249438],[-1.4084507280731289,53.68762118857608],[-1.4086123449713468,53.68742264160071],[-1.4088059673185254,53.68723445355185],[-1.4090297301681258,53.68705843663351],[-1.409281478408003,53.686896285823195],[-1.409558787521211,53.68674956255464],[-1.4098082331844541,53.686641638676186],[-1.4099206157855888,53.68645996099535],[-1.410082221296313,53.68626141196792],[-1.4102758317414525,53.68607322147494],[-1.4104995822890845,53.68589720174392],[-1.4107513179455198,53.685735047779445],[-1.4110286143149713,53.68558832104565],[-1.4113288009494855,53.68545843443486],[-1.4116489870642166,53.685346638667],[-1.4119860893704779,53.685254010250645],[-1.4123368617587895,53.6851814411213],[-1.412446176180674,53.68516575515461],[-1.412638016690651,53.68497926619604],[-1.412861751587215,53.6848032419788],[-1.4131134716502447,53.68464108297893],[-1.4133907526340788,53.68449435070906],[-1.4136909242388846,53.684364458114835],[-1.4140110958245036,53.68425265597379],[-1.414241277059021,53.68418940011845],[-1.4143301001247308,53.68404577272441],[-1.414491675610046,53.68384721758856],[-1.4146852552949856,53.683659019811195],[-1.4149089746438206,53.683482991690035],[-1.4151606789632627,53.683320828310514],[-1.4154379441592309,53.683174091227414],[-1.4157381000838936,53.68304419343278],[-1.416058256248045,53.68293238575421],[-1.416395329651321,53.68283974481502],[-1.41674607446247,53.68276716267125],[-1.417107113264274,53.68271533822563],[-1.4174749695627378,53.68268477050063],[-1.4178461012481545,53.68267575383559],[-1.418216934686515,53.68268837505372],[-1.4185838991137725,53.682722512626405],[-1.4189434610025633,53.682777837842906],[-1.4192921580712208,53.68285381797383],[-1.419626632608403,53.682949721398536],[-1.4199436637930736,53.683064624646875],[-1.4201912832579615,53.68317551569019],[-1.420229008484743,53.6831863322298],[-1.4205460430932222,53.68330123388813],[-1.4208425815621846,53.683434029041464],[-1.4209981911264036,53.6835191344751],[-1.4213472591445844,53.68351064378243],[-1.421718101042673,53.683523254181],[-1.4220850756336358,53.68355738104863],[-1.4224446492922738,53.68361269577762],[-1.4227933596236333,53.68368866573961],[-1.4231278487887107,53.683784559411855],[-1.423444895825669,53.68389945341807],[-1.4237414476559556,53.68403224141597],[-1.424014648477204,53.684181644746104],[-1.424261867260262,53.684346224739905],[-1.4244807230857433,53.68452439656841],[-1.4246691080761644,53.684714444498674],[-1.4247056732802708,53.68476131523282],[-1.42503255060616,53.68481159114783],[-1.4253812755392572,53.6848875535982],[-1.4257157801172442,53.68498344006419],[-1.4260328432299159,53.68509832723887],[-1.4260711753340765,53.685115489634875],[-1.4262885031108725,53.68512287109868],[-1.4262956306556496,53.68504891984798],[-1.4263530968312064,53.684831065209856],[-1.4264462567791316,53.6846176032259],[-1.4265742128221812,53.68441058956897],[-1.426735732241539,53.68421201778426],[-1.4269292591651723,53.6840238000944],[-1.4271529295652468,53.683847748988846],[-1.427404589219632,53.68368555977447],[-1.4276818144641492,53.683538794254844],[-1.427981935535474,53.68340886569583],[-1.428244249810882,53.68331722287267],[-1.428205983573237,53.683252088270024],[-1.4281186285463012,53.68303776347644],[-1.428067081774938,53.68281938767333],[-1.4280518391352173,53.68259906398374],[-1.428073046855076,53.68237891425751],[-1.4281305001278577,53.68216105863632],[-1.428223645106408,53.68194759513621],[-1.4283515842577095,53.68174057944473],[-1.4285130850256686,53.68154200512664],[-1.428706591717904,53.681353784429014],[-1.428930240501431,53.68117772987031],[-1.429181877362286,53.68101553679062],[-1.429459078855778,53.68086876703082],[-1.4297591754472694,53.68073883389758],[-1.4300792772186712,53.680626988558885],[-1.4304163016931648,53.68053430800062],[-1.4307670035104403,53.6804616846604],[-1.4311280056670959,53.68040981783758],[-1.4313671748844219,53.68038991407116],[-1.431405853038083,53.68034235058701],[-1.431599341329031,53.68015412513091],[-1.4318229716963717,53.6799780650882],[-1.4320745903034588,53.679815865851765],[-1.4323517738813352,53.679669089321784],[-1.4326518530678396,53.67953914887012],[-1.432971938112433,53.67942729573527],[-1.433308946699314,53.6793346069782],[-1.4336596336211083,53.679261975115445],[-1.434020622017796,53.67921009952844],[-1.434388435880549,53.679179479732106],[-1.4347595335081302,53.67917041056712],[-1.4351303415943792,53.67918297936219],[-1.435497289619326,53.679217065093454],[-1.4358568442135609,53.679272339549236],[-1.4362055431657326,53.67934827048895],[-1.43654002874649,53.67944412676558],[-1.4368570800286384,53.679558985362895],[-1.4371536438929142,53.67969174027952],[-1.4374268644212809,53.67984111317459],[-1.4376741103950568,53.68000566567256],[-1.4378930006332804,53.68018381320928],[-1.438081426927361,53.68037384028579],[-1.4382375743510343,53.68057391698321],[-1.4383599387497747,53.68078211658057],[-1.4384473412408225,53.68099643410503],[-1.4384989395836285,53.68121480563711],[-1.4385142363105652,53.68143512818427],[-1.4384930835388454,53.6816552799323],[-1.4384356844164998,53.68187314067901],[-1.4383425911876548,53.682086612253784],[-1.4382146998949044,53.68229363872604],[-1.4380532417689953,53.68249222620822],[-1.4378597713880237,53.68268046206216],[-1.4376847073634236,53.68281830226197],[-1.4376910904840203,53.68282013129103],[-1.4380081702097895,53.68293498684886],[-1.4383047613556856,53.68306773890978],[-1.4385780077409858,53.68321710916036],[-1.4388252778980257,53.68338165925065],[-1.4390441904129563,53.68355980463967],[-1.4392326368626365,53.68374982984913],[-1.4393888021266554,53.683949904978206],[-1.4395111818786182,53.68415810332104],[-1.4395985970878291,53.68437241991689],[-1.4396502053911655,53.6845907908552],[-1.4396655092249666,53.684811113149195],[-1.4396443606378917,53.6850312649871],[-1.4395869627375522,53.685249126165914],[-1.4394938677561882,53.68546259851079],[-1.4393827983001082,53.68564238877294],[-1.439666259263023,53.68572360126005],[-1.4399833661554546,53.68583845160213],[-1.4402799838850198,53.68597119877488],[-1.4405532560150474,53.68612056451206],[-1.440800550829984,53.68628511050714],[-1.4410194866785395,53.686463252258584],[-1.4412079549128651,53.68665327432318],[-1.4413641402027388,53.68685334683043],[-1.4414865380288715,53.68706154309971],[-1.4415739691864506,53.68727585819028],[-1.4416255911586897,53.68749422820612],[-1.4416409062502085,53.68771455016936],[-1.4416197664011479,53.687934702271406],[-1.4415623746348656,53.68815256430673],[-1.4414692831244214,53.68836603809226],[-1.441341387895641,53.68857306767617],[-1.441179920216972,53.6887716591409],[-1.4409864347583266,53.68895989980989],[-1.4407627946322916,53.68913597667291],[-1.4405111534612627,53.68929819385189],[-1.4402339346428166,53.68944498893951],[-1.439933808012779,53.6895749480524],[-1.4396136641306758,53.68968681945404],[-1.4392765864352952,53.68977952561576],[-1.438925821538804,53.68985217359953],[-1.4385647479458805,53.68990406366242],[-1.4381968434996975,53.689934695999284],[-1.4378256518688908,53.689943775559264],[-1.4374547483990472,53.689931214888844],[-1.437087705658366,53.689897134974686],[-1.4367280590101534,53.68984186407754],[-1.4363792725445488,53.68976593456906],[-1.4360447056983603,53.68967007780139],[-1.4357275808852343,53.68955521705979],[-1.4354309524485196,53.689422458665774],[-1.4351576772363561,53.68927308131687],[-1.4349103870827415,53.68910852376581],[-1.4346914634598338,53.6889303709582],[-1.434503014545658,53.68874033876216],[-1.4343468549279732,53.688540257437516],[-1.4342244881395,53.68833205400377],[-1.434137092192292,53.68811773367692],[-1.4340855082500195,53.68789936055429],[-1.4340702325465953,53.68767903773311],[-1.4340914116282137,53.68745888705493],[-1.4341488409638319,53.687241028670584],[-1.4342419669366222,53.68702756062283],[-1.4343530619444078,53.686847775234796],[-1.4340696037622136,53.68676655019627],[-1.4337525061213734,53.68665168423956],[-1.4334559042728896,53.686518920958335],[-1.433306366201898,53.686437170684584],[-1.433189980198895,53.68655038023467],[-1.432966320493819,53.68672644256153],[-1.432714663910145,53.686888643386936],[-1.4324374339940458,53.68703542046108],[-1.4321373006883715,53.68716536007408],[-1.4318171546170648,53.687277210677244],[-1.431480079240094,53.68736989494223],[-1.4311293211473648,53.68744252014197],[-1.4307682587780666,53.68749438675295],[-1.430400369867279,53.687524995196],[-1.4300291979339883,53.6875340506504],[-1.4298052039040245,53.687526450185636],[-1.429798082056801,53.687600401629254],[-1.429740629775784,53.687818257855234],[-1.4296474792875338,53.68803172231181],[-1.42951952718599,53.68823873913687],[-1.4293580052874826,53.68843731453571],[-1.4292116060833502,53.688579693393905],[-1.4291849737813027,53.68864072143673],[-1.4290570175464803,53.688847737736054],[-1.428895491124575,53.68904631247935],[-1.4287019497514188,53.689234533151094],[-1.4284782570783041,53.68941058693355],[-1.4282265672339205,53.68957277817089],[-1.4280914982670734,53.68964427581545],[-1.428069311478027,53.68967155010628],[-1.427875763542084,53.689859769406546],[-1.4276520641004504,53.69003582161024],[-1.427530254274712,53.69011431418712],[-1.4275295679299194,53.69011588673988],[-1.4274015990618278,53.69032290118719],[-1.4272400591697436,53.69052147361443],[-1.4270465036192181,53.69070969152836],[-1.4268227961980864,53.69088574213779],[-1.4266968733728618,53.69096688150851],[-1.426763654423721,53.69103423723222],[-1.4269197871572044,53.691234328289646],[-1.4269373233819262,53.691264173606264],[-1.4271789227732319,53.69142497239593],[-1.4273978274441008,53.69160313881034],[-1.4275862569701485,53.69179318204331],[-1.427742396393608,53.6919932720205],[-1.4278647416365842,53.69220148189299],[-1.4279521140003577,53.69241580658896],[-1.428003671534077,53.6926341821198],[-1.4280189171626945,53.69285450545446],[-1.4279977034951197,53.693074654771046],[-1.4279402342654817,53.69329250989077],[-1.4278470623927706,53.69350597269699],[-1.4277190846767274,53.693712987343574],[-1.427645777638357,53.693803093717925],[-1.42773647126545,53.693863451094785],[-1.4279553908727582,53.694041616456424],[-1.428143833725142,53.694231658769446],[-1.4282999847364628,53.694431747968366],[-1.4284223397171831,53.6946399572118],[-1.4285097198747463,53.69485428143401],[-1.4285612831831715,53.69507265665093],[-1.4285742843604599,53.695260498552294],[-1.4245920670030063,53.696063974353265],[-1.4245149932958467,53.69651376607062],[-1.4241843628264514,53.69686349405662],[-1.4229257842275032,53.69656164064485],[-1.4222300631969518,53.69658491415298],[-1.423158260721742,53.697144773706285],[-1.4240899576939006,53.69716505666724],[-1.4244334212505765,53.697713405898156],[-1.42454313408001,53.69776330418137],[-1.4257642166435804,53.69699545203485],[-1.429339543215022,53.69671677692394],[-1.4293629926616123,53.6967566765663],[-1.4294503819076336,53.69697100005009],[-1.4295019525944925,53.69718937480402],[-1.4295172075203266,53.697409697804524],[-1.4294959992043565,53.697629847232974],[-1.4294460376538296,53.6978192472218],[-1.429585093901689,53.69786961292633],[-1.429881763032369,53.698002385714275],[-1.4301550757923216,53.69815177497856],[-1.4304024000745263,53.69831634218619],[-1.4306213539436485,53.698494502631455],[-1.430809828577963,53.69868454069109],[-1.4309660085852265,53.698884626340615],[-1.4310883894965967,53.69909283277283],[-1.4311757922697037,53.69930715494916],[-1.4312273746606565,53.699525528905234],[-1.431242639354808,53.69974585162522],[-1.4312214387772282,53.699966001293184],[-1.4312172677782915,53.69998181486766],[-1.4312495262103764,53.69998883734915],[-1.4315841637235245,53.70008470752635],[-1.4319013561161158,53.70019957920899],[-1.432010966626677,53.70024862900005],[-1.432175019598993,53.70024462537739],[-1.432546012026432,53.70025720260231],[-1.4329131410695464,53.70029129659506],[-1.4332728716162924,53.70034657906452],[-1.4336217397614048,53.70042251769297],[-1.4336284357005016,53.70042443584037],[-1.4337024580628563,53.700422628400496],[-1.4340734525449812,53.700435200900046],[-1.4344405844044792,53.70046929021805],[-1.4348003185021974,53.7005245681083],[-1.4351491908986962,53.7006005022972],[-1.4354838421947973,53.70069636160651],[-1.4358010498678118,53.70081122299098],[-1.43609775929266,53.700943980422444],[-1.4363711131496535,53.70109335553592],[-1.436618478936118,53.7012579099347],[-1.4368374743171253,53.70143605903642],[-1.437025990071257,53.70162608732715],[-1.4371822104103245,53.70182616487652],[-1.4373046304770987,53.70203436495534],[-1.437392070852122,53.702248682586266],[-1.4374156874472828,53.702348593323585],[-1.437565905105965,53.70236253672341],[-1.4379256594942667,53.70241780526286],[-1.4380303614786714,53.70244059030366],[-1.4383600593642554,53.70239322530252],[-1.4387280724120364,53.70236259280315],[-1.4390993731606807,53.70235351074179],[-1.4394703863486455,53.70236606657133],[-1.4398375394815195,53.70240013939273],[-1.4401972972153727,53.70245540111871],[-1.4405461953832464,53.70253131963124],[-1.4408808743378925,53.702627163903124],[-1.4411981112903833,53.70274201103379],[-1.4414948513337882,53.70287475513244],[-1.4417682368536686,53.70302411796244],[-1.4419978625170728,53.70317684088852],[-1.4420761498078536,53.70316559154182],[-1.4424441669808494,53.70313494764146],[-1.4428154738111907,53.70312585407925],[-1.4431864949787854,53.70313839841877],[-1.443553657912408,53.70317245987167],[-1.443913427173791,53.703227710460055],[-1.4442623384850186,53.70330361817321],[-1.4445970320723363,53.70339945208785],[-1.4449142850059686,53.70351428940323],[-1.4452110422251598,53.703647024322976],[-1.4454844459501377,53.70379637869894],[-1.4457318631981673,53.703960914334104],[-1.4459509111388877,53.70413904682683],[-1.4461394800448513,53.70432906082319],[-1.4462957536161054,53.70452912653052],[-1.446418226482844,53.70473731733372],[-1.4465057187171624,53.704951628344865],[-1.4465573872135755,53.705169995707266],[-1.4465727338280927,53.70539031646868],[-1.4465516101966787,53.705610468832134],[-1.44649421918589,53.70582833258959],[-1.446401112960905,53.706041809541404],[-1.4462731876886794,53.70624884370523],[-1.44611167492647,53.70644744111936],[-1.4459181297779138,53.70663568904992],[-1.4456944159300797,53.70681177441656],[-1.4454426877150823,53.70697400125932],[-1.445165369368631,53.707120807077665],[-1.4448651316850334,53.70725077788478],[-1.444544866293412,53.70736266183141],[-1.4442076578029661,53.70745538126795],[-1.443856754085809,53.70752804312844],[-1.4436193096798033,53.70756216220124],[-1.4436232568250082,53.70757183175034],[-1.4436749135016567,53.70779020023065],[-1.44369024591154,53.70801052122925],[-1.4436691058273234,53.70823067294687],[-1.443611696273935,53.708448535181624],[-1.443518569595059,53.70866200974859],[-1.4433906221545827,53.70886904068827],[-1.4432290857232264,53.70906763407004],[-1.4430355156325634,53.70925587719879],[-1.4428117758098804,53.70943195704047],[-1.4425600208374754,53.70959417768822],[-1.442282675208799,53.70974097670118],[-1.4419824099809695,53.709870940158055],[-1.4417863419665633,53.709939425542075],[-1.4416452395592214,53.71003034266166],[-1.4413678878818754,53.71017713953112],[-1.441067616735995,53.710307100671045],[-1.4407473180730699,53.71041897432523],[-1.4404100768228398,53.71051168294325],[-1.440059141173037,53.710584333563304],[-1.4396978912733325,53.71063622641694],[-1.439329806665451,53.71066686167214],[-1.4389584327537623,53.71067594424985],[-1.4385873466400263,53.710663386667505],[-1.43822012265211,53.71062930988202],[-1.4380318719643626,53.710600395421835],[-1.4377473034333061,53.71060735205473],[-1.4374323774254094,53.71059669179899],[-1.4372583633947165,53.710765879860496],[-1.4370345914707605,53.7109419487875],[-1.4367828053057272,53.71110415717544],[-1.4365054296935813,53.71125094270153],[-1.4362051359803198,53.711380891574365],[-1.4358848163348745,53.71149275215591],[-1.4355475558891628,53.71158544702156],[-1.4351966030158787,53.711658083342066],[-1.4348353380306549,53.711709961486676],[-1.434530743616234,53.71173529933586],[-1.4344966891465754,53.71177714995565],[-1.4343030676519664,53.711965378759096],[-1.434079277026824,53.71214144208351],[-1.4338274723428488,53.71230364418105],[-1.433569826382277,53.71243997359769],[-1.4335587136089083,53.71248210181564],[-1.4334655270387637,53.712695568270874],[-1.43333751793747,53.71290258817686],[-1.4331759186696031,53.71310116770915],[-1.432982285171961,53.713289394305924],[-1.432758481982591,53.71346545509233],[-1.4325928433232424,53.71357214544268],[-1.4325733831647218,53.71364590962254],[-1.4324801889969054,53.71385937525055],[-1.432352171490712,53.71406639404212],[-1.4321905630916407,53.71426497218348],[-1.4319969198244202,53.71445319712629],[-1.4317731063211863,53.714629256011506],[-1.4315212778739899,53.7147914531341],[-1.431243859684092,53.71493822627967],[-1.43094352350766,53.715068161776095],[-1.4306231619227092,53.71518000811412],[-1.4302858604652122,53.715272688006344],[-1.4299348679029926,53.71534530876768],[-1.4295735649340768,53.71539717091726],[-1.4292054316115128,53.715427774918794],[-1.4288340138090345,53.71543682599431],[-1.4284628890512703,53.715424236964694],[-1.4280956320383908,53.71539012908976],[-1.4277357801980355,53.71533483089971],[-1.4273867995971292,53.71525887502908],[-1.4270520515426572,53.71516299308412],[-1.4267347601937965,53.71504810859271],[-1.4264379814979615,53.71491532810527],[-1.4261645737504294,53.71476593053223],[-1.4260021295223324,53.714657871010616],[-1.4259883538630336,53.71465740340851],[-1.4256211055827066,53.71462328796708],[-1.4252612635799802,53.71456798236366],[-1.424912293826991,53.71449201930422],[-1.4246243176794389,53.71440952549908],[-1.4245712399161996,53.71444370514049],[-1.4242937999490601,53.71459046214604],[-1.4239934449687188,53.71472038017978],[-1.4238244141017706,53.714779380610096],[-1.4236407713312738,53.714897634056605],[-1.4233633251427684,53.715044388880344],[-1.423062964068591,53.71517430455588],[-1.422742580926688,53.71528612976491],[-1.42240526146078,53.715378787423575],[-1.4220542546122465,53.715451385060895],[-1.4218848342063748,53.71547569229824],[-1.4218922692502984,53.715583314237016],[-1.421871011296119,53.71580346151833],[-1.4218134785933008,53.71602131270705],[-1.421720224671412,53.71623476972442],[-1.4215921471197532,53.71644177677986],[-1.4214304789621746,53.71664034017255],[-1.4213414167888412,53.71672687612701],[-1.4215507794340305,53.71673399039944],[-1.4219180427011646,53.71676811834371],[-1.4222778990007612,53.71682343400462],[-1.422626883216871,53.716899404744886],[-1.4229616348736944,53.71699529903443],[-1.4232789304821578,53.717110193491216],[-1.423575714570343,53.717242981768756],[-1.4236943092800158,53.7173077863484],[-1.4243529441099891,53.72016233458215]],[[-1.4211713620969177,53.69670730684753],[-1.4204393060106022,53.696204741048064],[-1.4192059524012892,53.696149283664056],[-1.4186096643473034,53.69627816988857],[-1.4183634603307989,53.696460046161846],[-1.4184306237269793,53.696785660200206],[-1.4210212349128497,53.696798203075105],[-1.4211192963528574,53.69679037225481],[-1.4211713620969177,53.69670730684753]],[[-1.4275795310890915,53.70459726696464],[-1.4276858016244431,53.70411269687096],[-1.425708474371277,53.70328383164509],[-1.4252759600405482,53.70337155850708],[-1.4244390020996345,53.70306038001531],[-1.4228820039783727,53.703082931914736],[-1.4209179363164124,53.70332439874644],[-1.4208631233883635,53.70349753837021],[-1.4208409012618288,53.70394426951183],[-1.4207677150349158,53.70441053494807],[-1.4206417026907452,53.70456534587242],[-1.4204480528747185,53.70475355243654],[-1.4202242430940535,53.70492959004233],[-1.419972428605269,53.70509176318964],[-1.419892157676429,53.70513422819075],[-1.4198607853464142,53.705172768517215],[-1.4196671292461895,53.70536097378354],[-1.419443312974987,53.70553700989559],[-1.4191914918518425,53.70569918136768],[-1.4189140910077573,53.705845926232556],[-1.4186846500062318,53.705945175823175],[-1.4185514441179867,53.70607462535695],[-1.4183769764072465,53.70621184113293],[-1.4184826146962786,53.70618999118148],[-1.4188438520919437,53.70613816222483],[-1.4192119115569741,53.706107589818004],[-1.4195441092566734,53.706099519282446],[-1.419559478167475,53.706096340247186],[-1.4199207134609748,53.70604450803728],[-1.420288771352185,53.70601393231758],[-1.4203488302109246,53.706012472749244],[-1.4206053622479355,53.70594199596724],[-1.420956292293263,53.70586940225886],[-1.4213175239556335,53.70581756582586],[-1.4216855788843652,53.7057869858061],[-1.4220569130575726,53.70577795665724],[-1.4224279508919606,53.70579056532265],[-1.4224493120381896,53.705792550683604],[-1.4235471496608223,53.70601839995914],[-1.4253201005646055,53.70535254694761],[-1.4274258827267907,53.70497713598633],[-1.4274337441504041,53.70497512188072],[-1.4275795310890915,53.70459726696464]],[[-1.4346852552116418,53.70451099902578],[-1.434676430973104,53.70516968440132],[-1.435898897464468,53.705137777177306],[-1.435613229357692,53.70432106210197],[-1.4348637751879838,53.704414981651645],[-1.4346852552116418,53.70451099902578]],[[-1.420358725126649,53.698531940637224],[-1.4209038684288748,53.69886733705641],[-1.4218271109019198,53.69849998614347],[-1.4218771833203625,53.69843092002183],[-1.4210856755951886,53.69813084859234],[-1.4203818940113488,53.69830582913372],[-1.420358725126649,53.698531940637224]],[[-1.4015605233723272,53.70475697374358],[-1.4024930103579658,53.70529219947398],[-1.4026670531418688,53.70528783069497],[-1.4027687021151738,53.705206054299055],[-1.4031854997135853,53.70449747282913],[-1.4031881559626038,53.704454374669815],[-1.4021031662854606,53.704230436308954],[-1.4015605233723272,53.70475697374358]],[[-1.3967575171334572,53.70689214527564],[-1.3986060146578227,53.70644693007265],[-1.398834962425255,53.70625127334882],[-1.398732627042947,53.70534193595856],[-1.3963180151061705,53.70552129121249],[-1.3967575171334572,53.70689214527564]],[[-1.3923509317804699,53.701837815341776],[-1.3971353378908555,53.70137267764618],[-1.3973108348218575,53.701549809196386],[-1.3974668660994791,53.70174993800895],[-1.3975890896055039,53.70195817812507],[-1.3976763278129634,53.702172524181655],[-1.397727740062426,53.7023909119841],[-1.3977363142255173,53.70251609697521],[-1.3978654140527118,53.70251298356823],[-1.3982364153561266,53.7025256670625],[-1.3985371063697345,53.702553678033524],[-1.3985499786270033,53.70254539261521],[-1.3988274281549569,53.70239869495629],[-1.3991277721281925,53.70226883971559],[-1.3992206207598639,53.70223644681987],[-1.3992782060393154,53.70201877517017],[-1.3993715414239576,53.70180533533902],[-1.3994996828578359,53.70159835170844],[-1.3996613958366282,53.70139981753416],[-1.3996871989395987,53.70137475429306],[-1.401470930409906,53.701016827139014],[-1.4024701745638748,53.69892254970359],[-1.4009928139299428,53.69823235058973],[-1.4006189738527484,53.69820283832944],[-1.397807330899267,53.70032551557656],[-1.3975401818366222,53.70028437648757],[-1.3971913806153033,53.70020833296955],[-1.39709301231762,53.7001801168664],[-1.3969040254317207,53.700050874734586],[-1.3909073229447744,53.699689237011725],[-1.3912435959088718,53.70165762229139],[-1.3923509317804699,53.701837815341776]],[[-1.3898441474705845,53.70468716703641],[-1.3898335399330533,53.704681363419574],[-1.3898243930740466,53.70469258817548],[-1.3898441474705845,53.70468716703641]]]}}]}