{
  "type": "FeatureCollection",
  "features": [
    {
      "type": "Feature",
      "properties": { "CATCHMENT_NAME": "Ysgol Glan Ceubal", "URN": "6812325" },
      "geometry": {
        "type": "Polygon",
        "coordinates": [
          [
            [-3.205127866734874, 51.5095026950945],
            [-3.203913583404404, 51.509241724288344],
            [-3.20175901373653, 51.50849636625711],
            [-3.199688558449701, 51.50731364174402],
            [-3.198465198334071, 51.504798169553794],
            [-3.2039136779681194, 51.502041549003444],
            [-3.203358738307694, 51.50185158145982],
            [-3.2023228987106465, 51.50145963949602],
            [-3.2015708392254836, 51.501136626133594],
            [-3.2008170206043873, 51.50076273180177],
            [-3.199241136836861, 51.49993281122923],
            [-3.197395292461007, 51.49892003373924],
            [-3.19141587704055, 51.49567246080621],
            [-3.1912899618524526, 51.49531846996096],
            [-3.1911819643308514, 51.495082540513856],
            [-3.190986003428581, 51.49484858350862],
            [-3.190768899855192, 51.4945826498662],
            [-3.19029095974748, 51.49412459930091],
            [-3.189754184033009, 51.49366372688635],
            [-3.1893341148426084, 51.493319732015884],
            [-3.1889581071321063, 51.49296377921294],
            [-3.18869714045231, 51.49248382949071],
            [-3.188523079417951, 51.491988880969366],
            [-3.1881292680929434, 51.49088111252751],
            [-3.1879871325844373, 51.49063302723944],
            [-3.1869112861063122, 51.48940124093126],
            [-3.1863223995573424, 51.48903232804256],
            [-3.1857683629212477, 51.48866836498884],
            [-3.185442430286526, 51.48845234810978],
            [-3.1851774330801064, 51.488164408515374],
            [-3.184772476087292, 51.487494467538625],
            [-3.1844764119355133, 51.487174469392656],
            [-3.1837615281073774, 51.48647663344778],
            [-3.1823336712332253, 51.48523576998729],
            [-3.1815056242363124, 51.48449787846663],
            [-3.180948789449664, 51.48406099647603],
            [-3.1803978137532924, 51.483844984223865],
            [-3.1800668709031887, 51.483678008832655],
            [-3.1797068497330723, 51.48347796510067],
            [-3.1795928813252283, 51.483275085254846],
            [-3.179478000360835, 51.48302006136359],
            [-3.178310051113582, 51.48167420594941],
            [-3.179607907628083, 51.48145227249576],
            [-3.180531693938801, 51.481261247480845],
            [-3.182225532368004, 51.481055259036786],
            [-3.183574453070495, 51.48103823199757],
            [-3.1852912272584706, 51.481062250779615],
            [-3.188676948686752, 51.48470881576492],
            [-3.1890512421885258, 51.48658478101997],
            [-3.189729839001285, 51.48764487787983],
            [-3.1945961767648194, 51.49013561339501],
            [-3.195622247581321, 51.49328779092452],
            [-3.1962776397726977, 51.49530041953917],
            [-3.197157648765208, 51.49674560951722],
            [-3.2000095940456847, 51.497580039675114],
            [-3.2045548113905697, 51.49704265630045],
            [-3.2094998108917343, 51.49689095259983],
            [-3.2164102185315775, 51.49819639968229],
            [-3.219225272482023, 51.49897050077201],
            [-3.221890199984061, 51.498254249013186],
            [-3.2238808008897704, 51.49843994316002],
            [-3.22983579658554, 51.501108753751126],
            [-3.231247986485441, 51.50302180275515],
            [-3.233209689141777, 51.50486008876375],
            [-3.2337114904760593, 51.505407813669194],
            [-3.2328524820198186, 51.505184856523286],
            [-3.231955685644507, 51.504938821198685],
            [-3.2310687244562626, 51.50470985035982],
            [-3.230163790976539, 51.504481960574836],
            [-3.229748863002837, 51.504434968892674],
            [-3.229383897120275, 51.504557938770866],
            [-3.229262818364255, 51.504598952404784],
            [-3.229480864139734, 51.50484691156411],
            [-3.2288909417656173, 51.5050488494791],
            [-3.22871703403259, 51.50510786049346],
            [-3.2284829746255785, 51.505201850568206],
            [-3.2281569689616374, 51.50528978951885],
            [-3.2280810070076056, 51.50530479232194],
            [-3.22800304932778, 51.505368821933054],
            [-3.2278229568425365, 51.50546584227383],
            [-3.227642047760561, 51.50553787334994],
            [-3.22752513101046, 51.505583787149135],
            [-3.2274120791107657, 51.50562876118452],
            [-3.2273860127613245, 51.50560781309762],
            [-3.2272851982503, 51.505657784313506],
            [-3.2272082249123204, 51.505688802745716],
            [-3.227142199241286, 51.505735802093454],
            [-3.2270861484485147, 51.505751854745036],
            [-3.22695726349377, 51.50580283876659],
            [-3.226816261130391, 51.505713855348176],
            [-3.2266862389214332, 51.50577078563488],
            [-3.226579293634885, 51.50581785303962],
            [-3.226520112969074, 51.50585686754632],
            [-3.226336287934943, 51.50592775814003],
            [-3.226173294460174, 51.506001757625576],
            [-3.2260982744557225, 51.50603581214861],
            [-3.2260133595568727, 51.50604479271157],
            [-3.2258013836655692, 51.50586681078139],
            [-3.225687406884839, 51.50592573028116],
            [-3.2255653717901933, 51.50599579394648],
            [-3.2254943846671127, 51.50602980593203],
            [-3.225417359811884, 51.50608582124408],
            [-3.2253184118816622, 51.50615177685658],
            [-3.2252043447462753, 51.50622886049227],
            [-3.2251214879765207, 51.50628772403293],
            [-3.2250874150679065, 51.50632278880198],
            [-3.225095420059358, 51.50636874377645],
            [-3.2253993541971937, 51.50648875729861],
            [-3.225418300077679, 51.50649674195568],
            [-3.225247434867716, 51.50670174467461],
            [-3.2251443494991454, 51.5068337440108],
            [-3.2250965170572816, 51.5069897139427],
            [-3.2251534497877534, 51.507140722804536],
            [-3.225341345974242, 51.50789255166466],
            [-3.2253423744810763, 51.508129567741236],
            [-3.225320535462089, 51.508126558854414],
            [-3.2242075497367626, 51.50791158717112],
            [-3.2234576428055957, 51.50774865717318],
            [-3.221360833104689, 51.507189727597584],
            [-3.217284287607378, 51.50597693535683],
            [-3.215607427349987, 51.5054909634886],
            [-3.2141915997885495, 51.50508310241986],
            [-3.2130988364695527, 51.50476216135682],
            [-3.212964666210924, 51.504978096232605],
            [-3.2128448070504225, 51.505619020303456],
            [-3.21280887729292, 51.505617054023205],
            [-3.212746812977391, 51.50561302012664],
            [-3.2127377356340894, 51.50561302408649],
            [-3.212682758273158, 51.505609995890865],
            [-3.2126247559339824, 51.50560699895117],
            [-3.2116759666959136, 51.50554801856594],
            [-3.2099821127538273, 51.50544016180973],
            [-3.209978077069413, 51.50544011353318],
            [-3.2098661612169304, 51.5054361429037],
            [-3.209837028098354, 51.50543509469819],
            [-3.209754243000833, 51.50543208227279],
            [-3.2096851470935657, 51.50542910840942],
            [-3.2096421569457254, 51.505427124076036],
            [-3.2095592540165887, 51.50542510183814],
            [-3.20953113161715, 51.50542413305018],
            [-3.209431200262031, 51.50542111741679],
            [-3.2094271669602024, 51.50542115901576],
            [-3.2093132583465676, 51.50541810760244],
            [-3.209306171503718, 51.50541710165947],
            [-3.2091952902626626, 51.50541410882986],
            [-3.209179152296059, 51.50541409540345],
            [-3.209071180557481, 51.505412151483014],
            [-3.2090551866378054, 51.505412136554284],
            [-3.2089251686559215, 51.50541015005214],
            [-3.2087732484787628, 51.5054081194248],
            [-3.208703222850582, 51.50540812189544],
            [-3.208298276709147, 51.50547101238589],
            [-3.208244297561933, 51.50546212708773],
            [-3.208190368377688, 51.5054551295498],
            [-3.208146406965675, 51.505449108318736],
            [-3.208100258707162, 51.50544212049191],
            [-3.2080963694481297, 51.50544216056107],
            [-3.2080333629945694, 51.50543516655036],
            [-3.2079664649239574, 51.505428122675966],
            [-3.2078903740462916, 51.50542216256604],
            [-3.207819377121842, 51.505418128157295],
            [-3.207815343817881, 51.505418169700846],
            [-3.2077514075643356, 51.505414152444075],
            [-3.207690496299043, 51.505410103998074],
            [-3.2075974032389536, 51.505404138965254],
            [-3.207506470899809, 51.5053981516087],
            [-3.207419453982624, 51.50539311297506],
            [-3.2073324133184262, 51.505387175331094],
            [-3.20692445885252, 51.50535810487748],
            [-3.2066835313872106, 51.50558106583426],
            [-3.2057947277385748, 51.506402087414614],
            [-3.2056806301448644, 51.50652294279676],
            [-3.2054326949867225, 51.50672106558374],
            [-3.2052137913481134, 51.50691097658395],
            [-3.2050187111964594, 51.507080950093254],
            [-3.204683713410109, 51.5073709639011],
            [-3.204469913616405, 51.50755794362863],
            [-3.204175903479467, 51.50782883178369],
            [-3.2040808513770958, 51.50787989269048],
            [-3.205213735084202, 51.50791887909097],
            [-3.2051887995690604, 51.50822980543529],
            [-3.20511583195748, 51.50897571383188],
            [-3.2051137804957066, 51.50900172149473],
            [-3.2051118730899373, 51.50902772767696],
            [-3.2051058154137446, 51.50906573573218],
            [-3.205100792233163, 51.50910472226426],
            [-3.205098755653062, 51.50913675434368],
            [-3.2050998910000756, 51.50919069405253],
            [-3.2051037658401134, 51.50924469552704],
            [-3.205127866734874, 51.5095026950945]
          ]
        ]
      }
    },
    {
      "type": "Feature",
      "properties": {
        "CATCHMENT_NAME": "YSGOL GYMRAEG MELIN GRUFFYDD",
        "URN": "6812166"
      },
      "geometry": {
        "type": "Polygon",
        "coordinates": [
          [
            [-3.2416078167832674, 51.50915368257117],
            [-3.241607677615306, 51.50915386388316],
            [-3.241445655015899, 51.50951219893752],
            [-3.241215682560593, 51.50973520519361],
            [-3.240331839043764, 51.51044313934732],
            [-3.239720934236303, 51.511062038949134],
            [-3.239482368297242, 51.51185557983555],
            [-3.2384341330241795, 51.51286484724988],
            [-3.237822204808207, 51.513458749776106],
            [-3.2375321968847235, 51.51365873346374],
            [-3.237286249985264, 51.51397973229805],
            [-3.2371552870094122, 51.514225694008495],
            [-3.237206253558683, 51.51465461005852],
            [-3.2372691916698875, 51.51481265329325],
            [-3.2373907478325843, 51.51495335304069],
            [-3.23741053600319, 51.514976253456936],
            [-3.237573161621157, 51.515164626383324],
            [-3.2381962620054803, 51.515672476380004],
            [-3.238553116683991, 51.515816535071735],
            [-3.239230126463497, 51.516127516806584],
            [-3.23983284080607, 51.51623381496388],
            [-3.240430995712804, 51.51626237821943],
            [-3.2422197420586034, 51.51632841797931],
            [-3.2424976135789696, 51.51630749044393],
            [-3.2435335854509018, 51.5162293401846],
            [-3.2445535527614386, 51.51619334285374],
            [-3.2458323855030304, 51.51629036483423],
            [-3.246740196223888, 51.516464332224984],
            [-3.2499209601352983, 51.517154233508776],
            [-3.2513068051446945, 51.51753114270494],
            [-3.2517807233444738, 51.51764810539036],
            [-3.252677511173632, 51.518117079579376],
            [-3.2535754891064728, 51.51863396115301],
            [-3.2544565389326667, 51.519236889786],
            [-3.2546593348472532, 51.51946779089521],
            [-3.254840500398117, 51.51962482969185],
            [-3.255233282387623, 51.52034375634738],
            [-3.255464405991979, 51.5209177541732],
            [-3.2554954054266636, 51.52132160896831],
            [-3.2553684792448876, 51.521690557215294],
            [-3.2550665091640085, 51.52214653211634],
            [-3.2545526503619286, 51.522728501724124],
            [-3.2538835593263182, 51.523421470384335],
            [-3.2534917059906374, 51.52414833910445],
            [-3.2532977565049315, 51.52495923417594],
            [-3.253193721883193, 51.52547513265588],
            [-3.2532078231910826, 51.525705174829476],
            [-3.2517429495121988, 51.525799138057955],
            [-3.25079512821319, 51.525861133597424],
            [-3.2506230882383114, 51.52586917267305],
            [-3.2499411969338214, 51.52590917251808],
            [-3.2481463637878694, 51.526014249996244],
            [-3.2470945641017814, 51.526080199520486],
            [-3.246065693288303, 51.526157135870655],
            [-3.245468712160986, 51.52620816674557],
            [-3.2452897905507276, 51.52622823029614],
            [-3.244263890482535, 51.52635619326374],
            [-3.2424020041797914, 51.52665216263617],
            [-3.2414611216771982, 51.52684313275897],
            [-3.241075371482541, 51.52692814244342],
            [-3.2407982293560167, 51.526994197923884],
            [-3.240462388581394, 51.52707517071179],
            [-3.2401284469478857, 51.527157111559724],
            [-3.2397204588595856, 51.52726213407061],
            [-3.2393164062672954, 51.52737412724549],
            [-3.2388945666465516, 51.5275000645076],
            [-3.238477558373454, 51.527634131846895],
            [-3.2381046130291407, 51.527761168466604],
            [-3.2378137028887224, 51.527862070898124],
            [-3.235121998182708, 51.52894303897126],
            [-3.2348930757443775, 51.5290550606527],
            [-3.2346510488031885, 51.52917297464071],
            [-3.2344100878162245, 51.52929303495638],
            [-3.234159192706763, 51.5294189541125],
            [-3.2339371590161288, 51.52953000222381],
            [-3.2332903454148534, 51.52988892773977],
            [-3.2325754136797644, 51.53033093118297],
            [-3.2324174042905374, 51.53042682657657],
            [-3.231887436107359, 51.53071986471895],
            [-3.231566542820386, 51.53089686797809],
            [-3.2314515585468033, 51.53095787133928],
            [-3.2313665309023016, 51.53100174525976],
            [-3.2311505200355812, 51.531106790135716],
            [-3.231056531724437, 51.531149858698896],
            [-3.2307315873915807, 51.53129983659045],
            [-3.230533566153772, 51.53138778680275],
            [-3.230333681297004, 51.53147081069063],
            [-3.2300056799592847, 51.531603823956544],
            [-3.229701741247226, 51.53172570383623],
            [-3.229332783023271, 51.53186373046518],
            [-3.2292637427851054, 51.53188576483728],
            [-3.2292037583889477, 51.5319068050732],
            [-3.228891898325116, 51.53200772484991],
            [-3.228500869182667, 51.532134740235115],
            [-3.228114902073967, 51.53225172031557],
            [-3.2280408779579917, 51.53227074890876],
            [-3.227714022617861, 51.53235572706904],
            [-3.227108014309984, 51.53250369098259],
            [-3.2268110203273794, 51.532578732877965],
            [-3.2262631859933104, 51.532112747923684],
            [-3.2260931367689047, 51.53200275664788],
            [-3.226003103365527, 51.5319518146605],
            [-3.225993138315826, 51.53194580434715],
            [-3.2253592807712366, 51.53162584325974],
            [-3.225249219226867, 51.531569894649444],
            [-3.2251422998017145, 51.53151283408957],
            [-3.225134264141827, 51.531508871681844],
            [-3.225104252056454, 51.531491830847],
            [-3.2250743575709078, 51.53147379966957],
            [-3.224989282197737, 51.53142487325277],
            [-3.2249043221744103, 51.5313748665445],
            [-3.224821211861808, 51.53132394127082],
            [-3.224740261230357, 51.53127290346784],
            [-3.2246622578250848, 51.531218867515776],
            [-3.224589248380145, 51.53116289107598],
            [-3.224573328012874, 51.53114983923791],
            [-3.2243703802876933, 51.53095791327344],
            [-3.224135331316458, 51.53084293281159],
            [-3.2236124011376814, 51.53051892711537],
            [-3.2229645112964884, 51.530142001117184],
            [-3.2227574315773917, 51.53001602592824],
            [-3.22282137844053, 51.52997606472682],
            [-3.2232594388029017, 51.52964608058545],
            [-3.2237332612734755, 51.52919307238726],
            [-3.22435320841852, 51.52834622106978],
            [-3.225106100604576, 51.52719540073833],
            [-3.225563985449568, 51.526193506722564],
            [-3.225984863151256, 51.52542452775426],
            [-3.226099873104626, 51.52451163788374],
            [-3.2257139408914113, 51.523414794892616],
            [-3.22542287222956, 51.52265082826696],
            [-3.2247689824676677, 51.52190701571262],
            [-3.2246349647411807, 51.521473027801555],
            [-3.2246330739852085, 51.521467022977184],
            [-3.224631903711137, 51.52146101062938],
            [-3.2246309420359704, 51.521452028778796],
            [-3.2246309715312473, 51.5214370120102],
            [-3.2246309274964644, 51.52142999879381],
            [-3.224632965310107, 51.521419996513835],
            [-3.224635894230969, 51.52141097403688],
            [-3.224642960312786, 51.52139498460127],
            [-3.2246449890960283, 51.521390017875206],
            [-3.2246459537314776, 51.521382994125936],
            [-3.2246479559822743, 51.52137703856868],
            [-3.224648920617024, 51.52137001481935],
            [-3.224649949752559, 51.521360023071914],
            [-3.224648988076308, 51.52135104122131],
            [-3.224645845044777, 51.52133596766202],
            [-3.2246429721537666, 51.52133096220162],
            [-3.2246389464965866, 51.521325968778605],
            [-3.2246338856381955, 51.521319997057006],
            [-3.224628995408088, 51.52131501266168],
            [-3.224597886927312, 51.52128908117012],
            [-3.2244830468553114, 51.5211991024683],
            [-3.224384959629884, 51.52112108780986],
            [-3.224297949923441, 51.52105302834816],
            [-3.2242381164061094, 51.521004017707114],
            [-3.2242620223699285, 51.52098713315214],
            [-3.2241409706159354, 51.520918080152015],
            [-3.2240120585792953, 51.52084614174035],
            [-3.2238889902582595, 51.52077710952822],
            [-3.223945008046627, 51.52071609939816],
            [-3.222564131044508, 51.51993319148559],
            [-3.222210186226094, 51.51973024700152],
            [-3.221711244711556, 51.51944635637458],
            [-3.2211393317026724, 51.51912833493318],
            [-3.2205622828793743, 51.518817377845544],
            [-3.2198174350123123, 51.51844548989421],
            [-3.2195165306080518, 51.51830645749193],
            [-3.2167338178651645, 51.516995659350094],
            [-3.215797897704613, 51.51655774954057],
            [-3.213660047133843, 51.51556183163263],
            [-3.2121251247460805, 51.51479397330731],
            [-3.2119172655665515, 51.514699998235926],
            [-3.2110503070473055, 51.51429397860441],
            [-3.210057346201383, 51.513793129485386],
            [-3.2079605774125217, 51.51275523165129],
            [-3.206766657402276, 51.512156344893086],
            [-3.205936856668055, 51.5117404637749],
            [-3.20564778943561, 51.51159345128685],
            [-3.205342854376298, 51.51141845656377],
            [-3.2050748738788424, 51.51122941362575],
            [-3.204836008483787, 51.511040520540874],
            [-3.20461085601545, 51.51084150510671],
            [-3.2043178664298435, 51.51053447394641],
            [-3.203942090284978, 51.5101316291679],
            [-3.203758947696066, 51.509951603280534],
            [-3.2045799619253983, 51.50964859811166],
            [-3.204879942061571, 51.509521697885056],
            [-3.204884750587645, 51.50952371661458],
            [-3.2048897926761555, 51.50952366480815],
            [-3.204894863229469, 51.509524691736495],
            [-3.204899789723332, 51.50952572014481],
            [-3.2049048579050035, 51.50952665717813],
            [-3.2049088939481387, 51.509526705626875],
            [-3.2049139360369345, 51.50952665381943],
            [-3.2049188625314247, 51.50952768222694],
            [-3.2049247713505293, 51.50952771143224],
            [-3.2049288050216314, 51.50952766998576],
            [-3.2049348579004158, 51.509527697710325],
            [-3.2049397583017467, 51.50952773727658],
            [-3.2049448003906, 51.509527685467795],
            [-3.2049498448516136, 51.50952772355337],
            [-3.204954886940444, 51.50952767174415],
            [-3.2049587789240137, 51.50952772167146],
            [-3.2049678309617464, 51.50952672946822],
            [-3.2049759006758687, 51.509526736466704],
            [-3.204983797863386, 51.509525666209996],
            [-3.2049928499001377, 51.50952467400485],
            [-3.205000867423778, 51.50952270332089],
            [-3.205008766982278, 51.50952172295708],
            [-3.2050167821323927, 51.50951966237751],
            [-3.2050258341671967, 51.50951867016979],
            [-3.2050338516883268, 51.50951669948362],
            [-3.2050417512450458, 51.50951571911761],
            [-3.2050497663925834, 51.50951365853575],
            [-3.2050577839117786, 51.50951168784796],
            [-3.2050668359440606, 51.509510695637104],
            [-3.2050748534619817, 51.50950872494815],
            [-3.2050827791132024, 51.5095087334197],
            [-3.2050867866855017, 51.509507703127454],
            [-3.2051158155515687, 51.50950470724013],
            [-3.205127866734874, 51.5095026950945],
            [-3.2051037658401134, 51.50924469552704],
            [-3.2050998910000756, 51.50919069405253],
            [-3.205098755653062, 51.50913675434368],
            [-3.205100792233163, 51.50910472226426],
            [-3.2051058154137446, 51.50906573573218],
            [-3.2051118730899373, 51.50902772767696],
            [-3.2051137804957066, 51.50900172149473],
            [-3.20511583195748, 51.50897571383188],
            [-3.2051887995690604, 51.50822980543529],
            [-3.205213735084202, 51.50791887909097],
            [-3.2040808513770958, 51.50787989269048],
            [-3.204175903479467, 51.50782883178369],
            [-3.204469913616405, 51.50755794362863],
            [-3.204683713410109, 51.5073709639011],
            [-3.2050187111964594, 51.507080950093254],
            [-3.2052137913481134, 51.50691097658395],
            [-3.2054326949867225, 51.50672106558374],
            [-3.2056806301448644, 51.50652294279676],
            [-3.2057947277385748, 51.506402087414614],
            [-3.2066835313872106, 51.50558106583426],
            [-3.20692445885252, 51.50535810487748],
            [-3.2073324133184262, 51.505387175331094],
            [-3.207419453982624, 51.50539311297506],
            [-3.207506470899809, 51.5053981516087],
            [-3.2075974032389536, 51.505404138965254],
            [-3.207690496299043, 51.505410103998074],
            [-3.2077514075643356, 51.505414152444075],
            [-3.207815343817881, 51.505418169700846],
            [-3.207819377121842, 51.505418128157295],
            [-3.2078903740462916, 51.50542216256604],
            [-3.2079664649239574, 51.505428122675966],
            [-3.2080333629945694, 51.50543516655036],
            [-3.2080963694481297, 51.50544216056107],
            [-3.208100258707162, 51.50544212049191],
            [-3.208146406965675, 51.505449108318736],
            [-3.208190368377688, 51.5054551295498],
            [-3.208244297561933, 51.50546212708773],
            [-3.208298276709147, 51.50547101238589],
            [-3.208703222850582, 51.50540812189544],
            [-3.2087732484787628, 51.5054081194248],
            [-3.2089251686559215, 51.50541015005214],
            [-3.2090551866378054, 51.505412136554284],
            [-3.209071180557481, 51.505412151483014],
            [-3.209179152296059, 51.50541409540345],
            [-3.2091952902626626, 51.50541410882986],
            [-3.209306171503718, 51.50541710165947],
            [-3.2093132583465676, 51.50541810760244],
            [-3.2094271669602024, 51.50542115901576],
            [-3.209431200262031, 51.50542111741679],
            [-3.20953113161715, 51.50542413305018],
            [-3.2095592540165887, 51.50542510183814],
            [-3.2096421569457254, 51.505427124076036],
            [-3.2096851470935657, 51.50542910840942],
            [-3.209754243000833, 51.50543208227279],
            [-3.209837028098354, 51.50543509469819],
            [-3.2098661612169304, 51.5054361429037],
            [-3.209978077069413, 51.50544011353318],
            [-3.2099821127538273, 51.50544016180973],
            [-3.2116759666959136, 51.50554801856594],
            [-3.2126247559339824, 51.50560699895117],
            [-3.212682758273158, 51.505609995890865],
            [-3.2127377356340894, 51.50561302408649],
            [-3.212746812977391, 51.50561302012664],
            [-3.21280887729292, 51.505617054023205],
            [-3.2128448070504225, 51.505619020303456],
            [-3.212964666210924, 51.504978096232605],
            [-3.2130988364695527, 51.50476216135682],
            [-3.2141915997885495, 51.50508310241986],
            [-3.215607427349987, 51.5054909634886],
            [-3.217284287607378, 51.50597693535683],
            [-3.221360833104689, 51.507189727597584],
            [-3.2234576428055957, 51.50774865717318],
            [-3.2242075497367626, 51.50791158717112],
            [-3.225320535462089, 51.508126558854414],
            [-3.2253423744810763, 51.508129567741236],
            [-3.225341345974242, 51.50789255166466],
            [-3.2251534497877534, 51.507140722804536],
            [-3.2250965170572816, 51.5069897139427],
            [-3.2251443494991454, 51.5068337440108],
            [-3.225247434867716, 51.50670174467461],
            [-3.225418300077679, 51.50649674195568],
            [-3.2253993541971937, 51.50648875729861],
            [-3.225095420059358, 51.50636874377645],
            [-3.2250874150679065, 51.50632278880198],
            [-3.2251214879765207, 51.50628772403293],
            [-3.2252043447462753, 51.50622886049227],
            [-3.2253184118816622, 51.50615177685658],
            [-3.225417359811884, 51.50608582124408],
            [-3.2254943846671127, 51.50602980593203],
            [-3.2255653717901933, 51.50599579394648],
            [-3.225687406884839, 51.50592573028116],
            [-3.2258013836655692, 51.50586681078139],
            [-3.2260133595568727, 51.50604479271157],
            [-3.2260982744557225, 51.50603581214861],
            [-3.226173294460174, 51.506001757625576],
            [-3.226336287934943, 51.50592775814003],
            [-3.226520112969074, 51.50585686754632],
            [-3.226579293634885, 51.50581785303962],
            [-3.2266862389214332, 51.50577078563488],
            [-3.226816261130391, 51.505713855348176],
            [-3.22695726349377, 51.50580283876659],
            [-3.2270861484485147, 51.505751854745036],
            [-3.227142199241286, 51.505735802093454],
            [-3.2272082249123204, 51.505688802745716],
            [-3.2272851982503, 51.505657784313506],
            [-3.2273860127613245, 51.50560781309762],
            [-3.2274120791107657, 51.50562876118452],
            [-3.22752513101046, 51.505583787149135],
            [-3.227642047760561, 51.50553787334994],
            [-3.2278229568425365, 51.50546584227383],
            [-3.22800304932778, 51.505368821933054],
            [-3.2280810070076056, 51.50530479232194],
            [-3.2281569689616374, 51.50528978951885],
            [-3.2284829746255785, 51.505201850568206],
            [-3.22871703403259, 51.50510786049346],
            [-3.2288909417656173, 51.5050488494791],
            [-3.229480864139734, 51.50484691156411],
            [-3.229262818364255, 51.504598952404784],
            [-3.229383897120275, 51.504557938770866],
            [-3.229748863002837, 51.504434968892674],
            [-3.230163790976539, 51.504481960574836],
            [-3.2310687244562626, 51.50470985035982],
            [-3.231955685644507, 51.504938821198685],
            [-3.2328524820198186, 51.505184856523286],
            [-3.2337114904760593, 51.505407813669194],
            [-3.2340223811026774, 51.505512715221954],
            [-3.234052270172696, 51.50554171434654],
            [-3.2340814123318493, 51.505569732212564],
            [-3.234097350644282, 51.50558368179415],
            [-3.23411331811722, 51.50559871009746],
            [-3.2341443516628394, 51.50563273263062],
            [-3.2341733394596033, 51.50566569765609],
            [-3.23418731706592, 51.505681736003936],
            [-3.2342024203268798, 51.50569677339095],
            [-3.234210380309915, 51.505708738787625],
            [-3.234219439218186, 51.505718714394185],
            [-3.234228409962018, 51.505730759070296],
            [-3.2342372633887755, 51.50574379409206],
            [-3.2342462851618925, 51.50575772653352],
            [-3.2342574433393, 51.505770737295066],
            [-3.234270295362332, 51.505787776591966],
            [-3.2342833181667925, 51.50580580320133],
            [-3.234298272595226, 51.50582066230408],
            [-3.2343123943399776, 51.50583669911979],
            [-3.2343244168348373, 51.505849700777084],
            [-3.234335257807941, 51.505861635839416],
            [-3.234350387904683, 51.50587766203636],
            [-3.234365347238216, 51.50589270091739],
            [-3.234383385017403, 51.50590968561384],
            [-3.2344002971641226, 51.50592767126832],
            [-3.2344254144480824, 51.50595069594108],
            [-3.2344522870493853, 51.50597469124131],
            [-3.2344863273303965, 51.50600265744293],
            [-3.2345193082923887, 51.50602874648323],
            [-3.234552257700443, 51.50605366689653],
            [-3.2345863643826553, 51.506078754954856],
            [-3.234617243735612, 51.50610171892127],
            [-3.2346503129940105, 51.506125738853],
            [-3.23467025826902, 51.50613865705634],
            [-3.2346893417010834, 51.50615167425007],
            [-3.2347053175119043, 51.50616166690839],
            [-3.2347223016622304, 51.506171648947216],
            [-3.234743257740972, 51.50618464641412],
            [-3.234766321072935, 51.50619564346517],
            [-3.2348092787219507, 51.50621767092434],
            [-3.2348532155774055, 51.50623860902549],
            [-3.2348953357609713, 51.50626163438383],
            [-3.2349392751288697, 51.506282662345654],
            [-3.2349792960717694, 51.506302652528134],
            [-3.2350212188460508, 51.506323701697575],
            [-3.2350612131178647, 51.50634270302162],
            [-3.235101351470936, 51.506361702814566],
            [-3.2351663087067264, 51.506392670186735],
            [-3.235233258391072, 51.50642271734266],
            [-3.235330210403562, 51.50646458749498],
            [-3.2353712132656316, 51.50648357808866],
            [-3.2354111810716653, 51.5065015904613],
            [-3.2354532293833347, 51.50651661356625],
            [-3.2354931413138037, 51.506532558357556],
            [-3.2355132437701215, 51.506540619123875],
            [-3.2355321914122244, 51.506548602135176],
            [-3.235549239674695, 51.506555616044814],
            [-3.2355661706475636, 51.50656362029932],
            [-3.2356021398328205, 51.506577628374124],
            [-3.235639117381462, 51.50659162581249],
            [-3.2356781919051283, 51.50660856847662],
            [-3.235717151598465, 51.506626591368615],
            [-3.2357352350181228, 51.50663458345441],
            [-3.235753230343701, 51.506644644608],
            [-3.235777275733856, 51.50665464200049],
            [-3.235801203844554, 51.50666562973561],
            [-3.2358631101925153, 51.50669563976453],
            [-3.2359251874325916, 51.5067266370713],
            [-3.235966124581488, 51.50674850556591],
            [-3.2360072106849525, 51.50677055231472],
            [-3.236045162299878, 51.506788585723875],
            [-3.236085157402051, 51.50680758669173],
            [-3.2361082481355448, 51.50681957230287],
            [-3.2361322299445585, 51.506832537627716],
            [-3.236170117912183, 51.50685353900208],
            [-3.236209158311709, 51.506874528215185],
            [-3.2362890875289434, 51.506915587922755],
            [-3.2363700495766645, 51.50695753587875],
            [-3.2364901376166992, 51.507023619169644],
            [-3.2365300693843144, 51.507045587988884],
            [-3.2365721351675565, 51.507066545179434],
            [-3.236654132872249, 51.50710947113057],
            [-3.2369020705740548, 51.507235530553345],
            [-3.2371519995681783, 51.50736057933464],
            [-3.237317015720605, 51.50744147404514],
            [-3.2375239498679234, 51.507548452331044],
            [-3.2375549858049166, 51.50756646831787],
            [-3.2375989544446053, 51.50758848409078],
            [-3.2376460922679486, 51.507610466398674],
            [-3.237672040489561, 51.507621522352245],
            [-3.2377000030144787, 51.507632467120324],
            [-3.237737064896465, 51.507649520264145],
            [-3.2377750154844698, 51.50766746320793],
            [-3.2378369780888345, 51.50769944982934],
            [-3.2379010479524575, 51.50772943594992],
            [-3.2379469239841328, 51.50774738509234],
            [-3.2379949096587795, 51.507763423640974],
            [-3.238041020248649, 51.50777939204742],
            [-3.2380870160649673, 51.507796440678376],
            [-3.23815685832561, 51.50782142015671],
            [-3.2382278555204307, 51.5078464773176],
            [-3.2383148643492046, 51.50787747986122],
            [-3.238344880712897, 51.50788444634161],
            [-3.2384269358251, 51.50791343297268],
            [-3.238629861866462, 51.50798933959301],
            [-3.238705840291902, 51.50801740110435],
            [-3.2388938274892123, 51.50808438323095],
            [-3.23893193285519, 51.50809737860928],
            [-3.239145742884007, 51.50816543629454],
            [-3.239206894398121, 51.50818340336657],
            [-3.239378805511481, 51.50823140180743],
            [-3.239476749389132, 51.50825644316908],
            [-3.239596843429562, 51.508285296669264],
            [-3.2399318194961864, 51.508347306308934],
            [-3.2399797601429556, 51.508356330824746],
            [-3.2401337758471436, 51.508387342816924],
            [-3.240572655710349, 51.50846030092979],
            [-3.2406046382676554, 51.50846535772909],
            [-3.24085978365699, 51.50851130445037],
            [-3.241069569429278, 51.50855836012301],
            [-3.2412487207084255, 51.5086022328407],
            [-3.2412726608025926, 51.50860827377977],
            [-3.2413206192072725, 51.50862323223105],
            [-3.241343631580263, 51.50863225031111],
            [-3.2413656086963907, 51.508640290234226],
            [-3.2414086865348204, 51.50866123498503],
            [-3.241427575114257, 51.50867227492779],
            [-3.241435608116186, 51.508676236252015],
            [-3.241453515206195, 51.50868827569288],
            [-3.241471593244516, 51.50870130243289],
            [-3.241487508021877, 51.50871426215333],
            [-3.2415025878056385, 51.50872830974271],
            [-3.241516656767975, 51.508742278112734],
            [-3.2415305816836812, 51.50875624800616],
            [-3.24154251916288, 51.508771317970734],
            [-3.2415545982612484, 51.50878629651547],
            [-3.2415715974009913, 51.50880733747539],
            [-3.241706576366899, 51.50900723745714],
            [-3.241612577667958, 51.50914329145079],
            [-3.2416078167832674, 51.50915368257117]
          ]
        ]
      }
    },
    {
      "type": "Feature",
      "properties": { "CATCHMENT_NAME": "Ysgol Y Wern", "URN": "6812169" },
      "geometry": {
        "type": "Polygon",
        "coordinates": [
          [
            [-3.2479670580773927, 51.54475696497933],
            [-3.2464981877456762, 51.54618889331926],
            [-3.246358249272668, 51.546735827262644],
            [-3.245689457516542, 51.54800071426209],
            [-3.245661493675756, 51.5482546718524],
            [-3.245651430744535, 51.5485145538058],
            [-3.2455344730161277, 51.548662632940626],
            [-3.2454974672012846, 51.54868064992595],
            [-3.245159536004014, 51.548764534879574],
            [-3.244652532131379, 51.54891558379767],
            [-3.2443836248481195, 51.548981559636125],
            [-3.2443686855496763, 51.54899961192967],
            [-3.2443586474234984, 51.549054568803115],
            [-3.244342585969038, 51.549068496738],
            [-3.2442445729965197, 51.54908653103124],
            [-3.2440555795104977, 51.54914248673314],
            [-3.24395875466547, 51.5491935083357],
            [-3.2435147470132617, 51.54944953865177],
            [-3.2433538285665198, 51.5495725446632],
            [-3.2432586425277212, 51.5496625730026],
            [-3.243158827919456, 51.549757416002656],
            [-3.2427948041900407, 51.550154397560405],
            [-3.2425448315412884, 51.55037042256925],
            [-3.2422768386513314, 51.55059742810174],
            [-3.2420379867856153, 51.55074535574375],
            [-3.2417698845413274, 51.5509314482706],
            [-3.24174299475028, 51.55093443047459],
            [-3.241510974893552, 51.55079841161776],
            [-3.240887131055839, 51.5513582816661],
            [-3.240627114772398, 51.551444296506396],
            [-3.2404191476870374, 51.55152436528335],
            [-3.2400782517739377, 51.55169126165721],
            [-3.240061198186711, 51.55169530843349],
            [-3.2398011144685745, 51.55171532188871],
            [-3.2397862481567965, 51.55172024469375],
            [-3.2396961607841486, 51.55179133327458],
            [-3.2396821889145255, 51.55179732563688],
            [-3.2394872178185734, 51.55183031789925],
            [-3.239244357517628, 51.55190032270091],
            [-3.2392282861370223, 51.551919285464855],
            [-3.2391733204251603, 51.55215230565393],
            [-3.2390962490825275, 51.552336194005356],
            [-3.2391342734765898, 51.552456283251885],
            [-3.2391243215516865, 51.552472214045],
            [-3.2387832720862635, 51.55248525752343],
            [-3.2376085828301364, 51.55262722918339],
            [-3.237563483984411, 51.552464233019585],
            [-3.2364025398759604, 51.55273022510711],
            [-3.2358406981573986, 51.552755208208374],
            [-3.2357777753045336, 51.55275919807226],
            [-3.23573574115811, 51.55276224851128],
            [-3.235673737053731, 51.552768206849116],
            [-3.235611644772552, 51.55277623420948],
            [-3.235591704045173, 51.552780220824076],
            [-3.2355346609811426, 51.55278828487906],
            [-3.2354787320082514, 51.55280020367018],
            [-3.2354257453623343, 51.552814249492535],
            [-3.2354168564429444, 51.552816231395234],
            [-3.235388766739658, 51.55282821662714],
            [-3.2353598410821722, 51.552841289678135],
            [-3.235332814298689, 51.55285524191092],
            [-3.235327847857534, 51.55285826152286],
            [-3.2352857507296937, 51.552880285276146],
            [-3.2352787363256232, 51.552882247429075],
            [-3.2352749044453715, 51.5528792305491],
            [-3.235229711589332, 51.552840232189546],
            [-3.235140767146319, 51.552746214742214],
            [-3.235124873184734, 51.55272920764771],
            [-3.2350658424536114, 51.552669224064346],
            [-3.2350007557261633, 51.55260930420829],
            [-3.2349727479790795, 51.552608340207684],
            [-3.234938852624248, 51.55260833736696],
            [-3.2349068853600507, 51.55261029242728],
            [-3.2348667690964428, 51.55262024609351],
            [-3.2348548788950233, 51.55262324865143],
            [-3.2348248318546253, 51.55263219712222],
            [-3.2347538514588914, 51.55265821137832],
            [-3.234670863335509, 51.55268821847114],
            [-3.2345807803620494, 51.552717221150694],
            [-3.234218932974447, 51.5528252443664],
            [-3.2340529468336117, 51.55287428777204],
            [-3.234033924622808, 51.55288024266623],
            [-3.2340229901332, 51.552881256877754],
            [-3.2340029050215127, 51.55288524474033],
            [-3.2339829105734506, 51.55288725343801],
            [-3.2339800266726333, 51.55288728377426],
            [-3.2339598612641263, 51.5528883051625],
            [-3.233938945683436, 51.55288825541577],
            [-3.2338659804810215, 51.552830306097945],
            [-3.2338019104175477, 51.55278125503266],
            [-3.2337829884189455, 51.55274827410709],
            [-3.2337528586946713, 51.55267422836424],
            [-3.2337309985474216, 51.55260728912468],
            [-3.233698914210938, 51.55253029661205],
            [-3.233677928143039, 51.55249032373031],
            [-3.2336249557493004, 51.5524302757147],
            [-3.2335890403588623, 51.55236627172847],
            [-3.2335629270838653, 51.55230737993099],
            [-3.2335229376340204, 51.55226338068112],
            [-3.233454956469405, 51.55219234051047],
            [-3.233353919480823, 51.55215231007249],
            [-3.2331910252815534, 51.55208631395056],
            [-3.2331050352708064, 51.552069324100046],
            [-3.2330800907174297, 51.55206428111504],
            [-3.2329770009944534, 51.552044323765486],
            [-3.2328180673199123, 51.55197540810699],
            [-3.232715058062664, 51.55194241149456],
            [-3.2326159688713387, 51.55191036270549],
            [-3.2324620108039963, 51.55184939703492],
            [-3.2323620673925606, 51.551812411487504],
            [-3.2322691815024815, 51.55176438165712],
            [-3.2321170827327355, 51.551697461381345],
            [-3.232013110737556, 51.551655482413715],
            [-3.2319471886053757, 51.551596468833836],
            [-3.2319051537541688, 51.55153540599431],
            [-3.231830163767626, 51.551498427698554],
            [-3.2317680736282863, 51.55144243100893],
            [-3.231712231489443, 51.5513934722475],
            [-3.2314301755026964, 51.551203468301914],
            [-3.231130248740582, 51.55099252038014],
            [-3.2310271003584146, 51.55091150725327],
            [-3.2308872741982273, 51.550807500080104],
            [-3.230774193635096, 51.55073252557316],
            [-3.230664268958637, 51.5506675887257],
            [-3.2306491898234726, 51.55063258877158],
            [-3.2305402724554977, 51.5505675513223],
            [-3.230520313874594, 51.5505655127233],
            [-3.2305032681653656, 51.550564522588225],
            [-3.2304812025666783, 51.55056457421102],
            [-3.2304613240456157, 51.55056550207404],
            [-3.230441215369548, 51.55056859039284],
            [-3.2304252857143068, 51.550571544955694],
            [-3.230405254659658, 51.55057750984741],
            [-3.2303862086574395, 51.55058256521833],
            [-3.230369288016023, 51.550591554709925],
            [-3.2303532058129254, 51.550599546301186],
            [-3.230342263433367, 51.550605595692765],
            [-3.230274337389453, 51.550648569818016],
            [-3.2302512058253705, 51.55066256995039],
            [-3.230180315805616, 51.550702607793255],
            [-3.2301324106958034, 51.55072855710798],
            [-3.2300563005790135, 51.55076757059291],
            [-3.2300453023414466, 51.55077155241573],
            [-3.229991421184981, 51.55080053164709],
            [-3.229829390642718, 51.55087848139517],
            [-3.2298122638429505, 51.550890530196554],
            [-3.229803366638656, 51.55089754719965],
            [-3.22978932113644, 51.55091154190174],
            [-3.2297824425711585, 51.55091853774057],
            [-3.2297583354873054, 51.55094450716545],
            [-3.229744380805754, 51.55095652270219],
            [-3.2297303727770834, 51.550966560588805],
            [-3.2297134518635837, 51.55097554998702],
            [-3.229696360084971, 51.5509835520701],
            [-3.2296774205084597, 51.55099256262429],
            [-3.2296762936629344, 51.55099356354042],
            [-3.229642342691331, 51.551007497128865],
            [-3.229623323091276, 51.55101354120162],
            [-3.2296034359256076, 51.55101950444654],
            [-3.2295423840866273, 51.55098049030591],
            [-3.2294543192540095, 51.55093456577084],
            [-3.229224462158802, 51.550818551919164],
            [-3.2278764792720502, 51.55001468060196],
            [-3.227730551257705, 51.54968368926712],
            [-3.2271376559897673, 51.550032662525375],
            [-3.227048658042691, 51.55018771385198],
            [-3.2270246025280365, 51.550199564966555],
            [-3.226992645746971, 51.55021257774445],
            [-3.226746691208627, 51.55029661630369],
            [-3.2267326914616006, 51.55030161830814],
            [-3.2266965796966196, 51.550315663559324],
            [-3.226692566636994, 51.55031660471014],
            [-3.226658708639936, 51.55032864817394],
            [-3.226621767067567, 51.55033865574594],
            [-3.2266157353809475, 51.55033961800217],
            [-3.2265957949030377, 51.55034360308763],
            [-3.2265767219643333, 51.550347669016986],
            [-3.2265586825164845, 51.55035262332208],
            [-3.2265237241566838, 51.55036665645944],
            [-3.2264957777654018, 51.550378638065034],
            [-3.2264616844914875, 51.55039266213874],
            [-3.226449703309406, 51.55039764300442],
            [-3.2264266704574123, 51.55040462770314],
            [-3.226405802830603, 51.55041167967884],
            [-3.2263827433678904, 51.55041767554344],
            [-3.2263597748941057, 51.55042169224497],
            [-3.226333722865805, 51.5504236730523],
            [-3.226306779113944, 51.550424674072275],
            [-3.2262788526416197, 51.550426674462756],
            [-3.226264626414548, 51.55042862154908],
            [-3.226247807225394, 51.55043068565758],
            [-3.226231733149121, 51.550433641159906],
            [-3.2262197519308344, 51.55043862200232],
            [-3.2262057786745992, 51.550444612770086],
            [-3.2261637614877587, 51.550469689643826],
            [-3.2261467224490548, 51.55047966886464],
            [-3.226138780887089, 51.55048469739225],
            [-3.2261167194344553, 51.55049562829048],
            [-3.226091750039147, 51.55050569039359],
            [-3.2259947045086124, 51.55053862575473],
            [-3.225968785336064, 51.55054555061007],
            [-3.225941768242571, 51.55055455505948],
            [-3.225889796990185, 51.5505795560245],
            [-3.225887778355623, 51.550579577120004],
            [-3.2258337352390942, 51.55060262150447],
            [-3.2258277566702214, 51.55060556137196],
            [-3.2257908058369775, 51.55062060421331],
            [-3.225753825979202, 51.550634568324114],
            [-3.2257137915595253, 51.55064757523639],
            [-3.22567387472363, 51.55065959180277],
            [-3.2256449033102497, 51.55066564929235],
            [-3.2255819267771018, 51.55066756613164],
            [-3.22556880320927, 51.55066761332422],
            [-3.225566811149915, 51.55066862324005],
            [-3.2255597966563876, 51.55067058481319],
            [-3.2255549474059557, 51.550672613683005],
            [-3.225515922214953, 51.55068560998338],
            [-3.2255039142735105, 51.55068960192757],
            [-3.225486859730172, 51.5506936465922],
            [-3.225463888619816, 51.55069757322637],
            [-3.225447907848201, 51.55069863935735],
            [-3.2254238476828387, 51.55069961005001],
            [-3.2252508906711768, 51.55069862922782],
            [-3.2252059183228914, 51.5506996384632],
            [-3.2251519393858463, 51.55070361913922],
            [-3.225145881048535, 51.55070359249436],
            [-3.2251079763501513, 51.55070461779566],
            [-3.2250719195333386, 51.55070463468309],
            [-3.2250529994248707, 51.55070366333142],
            [-3.2250419831231403, 51.55070162033286],
            [-3.2249238800212736, 51.55073459487093],
            [-3.2248748792954487, 51.55073061060824],
            [-3.22486882095447, 51.55073058394912],
            [-3.224860943703312, 51.55073264440741],
            [-3.2248599609463406, 51.5507336437724],
            [-3.224850954333378, 51.55073661520735],
            [-3.2248439687765513, 51.55073965545731],
            [-3.2248138827145523, 51.550768653595796],
            [-3.224812926518878, 51.5507706417865],
            [-3.2248098871794575, 51.55077561903802],
            [-3.224803884373106, 51.55077765992103],
            [-3.224798888473536, 51.55077960037207],
            [-3.2247928856661603, 51.55078164125452],
            [-3.224687928560107, 51.55080467717905],
            [-3.2246830502812234, 51.55080562729371],
            [-3.2246639745596335, 51.55080960302094],
            [-3.224654049665422, 51.55081060582051],
            [-3.2246348852831983, 51.55081665059392],
            [-3.224560989024662, 51.55084161009745],
            [-3.2245339690590082, 51.550850524331956],
            [-3.2245289489970803, 51.5508515658387],
            [-3.224481990537654, 51.55086455468775],
            [-3.2244749783805395, 51.550866606089755],
            [-3.224451050879262, 51.5508725207147],
            [-3.2244259722721287, 51.55087853726832],
            [-3.2244159586914027, 51.55088160909864],
            [-3.22439297838618, 51.55089057105366],
            [-3.2243030099112806, 51.55091857553928],
            [-3.224283042420551, 51.55092157140804],
            [-3.2242788874810424, 51.55092260387502],
            [-3.2242490481600448, 51.55092858015777],
            [-3.224218973553079, 51.550936537095104],
            [-3.2242129175982073, 51.55093660029557],
            [-3.224192046966742, 51.55094356198746],
            [-3.224171899689679, 51.55095060604538],
            [-3.224167047933392, 51.55095254496504],
            [-3.224152985569038, 51.550960604541245],
            [-3.2241369552303594, 51.55097057294061],
            [-3.2241219987560785, 51.55097756282157],
            [-3.2241199801025697, 51.55097758388677],
            [-3.2241060064023084, 51.55098357440684],
            [-3.224092097244898, 51.55098659694164],
            [-3.2240770345690057, 51.550989631511634],
            [-3.224068984086479, 51.550990614702194],
            [-3.2240570380714666, 51.55099154862257],
            [-3.2240440585955197, 51.55099159414063],
            [-3.2240330712273204, 51.55099062976724],
            [-3.224021045573083, 51.550988597204906],
            [-3.2240089668281477, 51.550984586988655],
            [-3.2239990509286107, 51.55098055420353],
            [-3.223923052843571, 51.55093261134137],
            [-3.2239199693651965, 51.550930575387916],
            [-3.2239160207507407, 51.55092854846078],
            [-3.2239111183113875, 51.550928599610415],
            [-3.2237620354411476, 51.55094661005264],
            [-3.2237470879922987, 51.550948564356375],
            [-3.223733034631541, 51.55095158835292],
            [-3.2237270317530333, 51.55095362918125],
            [-3.2237170156951294, 51.550956611059],
            [-3.223709044828277, 51.55096056070425],
            [-3.223693060800368, 51.55097763211969],
            [-3.2236920780124474, 51.550978631475076],
            [-3.2236890119977892, 51.55098261987179],
            [-3.2236851073839237, 51.55098760611965],
            [-3.223681032040832, 51.55099160504501],
            [-3.2236750556933558, 51.550994634697204],
            [-3.2236740439534537, 51.55099455533266],
            [-3.223666022411938, 51.550996617215404],
            [-3.223658116108465, 51.55099759887372],
            [-3.223652031193511, 51.5509965833255],
            [-3.223635023493743, 51.55099163538268],
            [-3.223633002426723, 51.55099156654619],
            [-3.223613173104236, 51.550983590804435],
            [-3.22359201713336, 51.55097454987552],
            [-3.22358213022132, 51.55097159577471],
            [-3.2235700515187453, 51.550967585512964],
            [-3.2235591528705605, 51.55096455204475],
            [-3.2235471031200293, 51.55096162050045],
            [-3.2235339770492937, 51.55096157757266],
            [-3.22352719772965, 51.55096155836413],
            [-3.223508097716386, 51.55096463497119],
            [-3.2234910404764325, 51.55096858945403],
            [-3.2234840547923005, 51.55097162962373],
            [-3.22347310899003, 51.55097758848755],
            [-3.2234580728084925, 51.55098161180491],
            [-3.2234440459514637, 51.55098562459358],
            [-3.223434986128045, 51.55098661826748],
            [-3.223427053287806, 51.550986611083694],
            [-3.2234211125688645, 51.55098559401962],
            [-3.223411143654431, 51.55097958353132],
            [-3.223399156088748, 51.550973594094934],
            [-3.2233971109022703, 51.55097262632111],
            [-3.223377099378211, 51.550968608853005],
            [-3.2233571143893482, 51.55096558020806],
            [-3.2232931660666004, 51.550963549537975],
            [-3.2232591301002573, 51.55096363471201],
            [-3.2232560997081654, 51.5509635763942],
            [-3.223233086749062, 51.55096057930349],
            [-3.2232101268499687, 51.55095955986156],
            [-3.223204044361362, 51.550958634183324],
            [-3.223184138971768, 51.55095857198879],
            [-3.223163109005054, 51.55095960053872],
            [-3.2231421055643827, 51.55096161791157],
            [-3.223123173828736, 51.55096559188604],
            [-3.2231160149926024, 51.5509675548174],
            [-3.2230621788005522, 51.55098762844908],
            [-3.2230461863011146, 51.5509936398908],
            [-3.223002101899388, 51.55101163361446],
            [-3.222996123092354, 51.55101457333902],
            [-3.222931043357069, 51.55104564426667],
            [-3.2229011299801704, 51.55105962372188],
            [-3.222745212720414, 51.55111861702165],
            [-3.222739209774982, 51.551120657799814],
            [-3.2227292466510797, 51.55112561724741],
            [-3.2227011661974907, 51.55113265382324],
            [-3.2226692432250292, 51.55114161873043],
            [-3.2226532241025923, 51.55114664129231],
            [-3.2226182639167456, 51.551160673276065],
            [-3.222499225635346, 51.551196532497215],
            [-3.2224832008020057, 51.55119058504171],
            [-3.222467173562582, 51.55118454769063],
            [-3.2224601969939433, 51.551182552269495],
            [-3.222442233043233, 51.55117959232568],
            [-3.2224251342363543, 51.55117662336365],
            [-3.222406213981043, 51.55117565158615],
            [-3.2223731847721324, 51.55117563609298],
            [-3.222361241081094, 51.55117665973458],
            [-3.222350189041179, 51.551178663186995],
            [-3.222340196941971, 51.55118254388159],
            [-3.222329135667587, 51.551189582862534],
            [-3.22231718032849, 51.55119555213687],
            [-3.222302314670334, 51.55120056263161],
            [-3.2222702208715517, 51.551208540106416],
            [-3.222224229359057, 51.551214594249856],
            [-3.222198320873593, 51.55121657264053],
            [-3.222122236917697, 51.55122455880141],
            [-3.221999252486955, 51.55123159479659],
            [-3.221969277737171, 51.55123253647385],
            [-3.2219252253224777, 51.551235602990985],
            [-3.2218871469923873, 51.55123555003656],
            [-3.22180827033063, 51.55124158687658],
            [-3.2217993281109583, 51.55124159009576],
            [-3.2217793338096814, 51.55124359671314],
            [-3.2217593660039396, 51.55124659215426],
            [-3.22175621790107, 51.55124752412672],
            [-3.221717255818085, 51.55125755118951],
            [-3.2216892546108937, 51.551267554006046],
            [-3.221653231706926, 51.55127961856193],
            [-3.2216102828147535, 51.55129157539604],
            [-3.221593371882956, 51.551295617996495],
            [-3.2215712652662543, 51.55129953486297],
            [-3.221550252276127, 51.55130658748317],
            [-3.2215433816988224, 51.55130854731624],
            [-3.2215143087803253, 51.55132161847842],
            [-3.221503297919173, 51.55133054514346],
            [-3.22147641976, 51.55135555259754],
            [-3.2214623450558073, 51.55136855749221],
            [-3.2214312588227, 51.55139261964935],
            [-3.2214132090581518, 51.55140260869979],
            [-3.2214103782175014, 51.55140461638102],
            [-3.221390427470267, 51.551413636118085],
            [-3.2213672756139893, 51.55142161015943],
            [-3.22134424145215, 51.551428593867726],
            [-3.2213383561049618, 51.55142964424626],
            [-3.2213123562402814, 51.55143360159807],
            [-3.2212882597511157, 51.55143861814941],
            [-3.22128742109154, 51.551439615983796],
            [-3.221262368231738, 51.55144662069273],
            [-3.22123936052719, 51.55145459320789],
            [-3.2212183185200547, 51.55146056704857],
            [-3.22114032364215, 51.55147261879425],
            [-3.2211393672715656, 51.551474606955935],
            [-3.2211353828841345, 51.55147662663863],
            [-3.221129377410783, 51.55147857744171],
            [-3.2211283680718146, 51.551478587948644],
            [-3.2211204086599965, 51.551477591782096],
            [-3.2211133143961757, 51.55147658660922],
            [-3.221107429037296, 51.55147763697623],
            [-3.221090388506818, 51.551487615470805],
            [-3.221057366804468, 51.55149865949826],
            [-3.220980328693274, 51.551519513186584],
            [-3.2209704300390563, 51.55152150450338],
            [-3.22093735532308, 51.55153057084257],
            [-3.2209043694199373, 51.55153756812358],
            [-3.2209033865586476, 51.551538567455985],
            [-3.220868353077834, 51.55154450701611],
            [-3.220824444472618, 51.55154757162159],
            [-3.2207874529190184, 51.551566569711035],
            [-3.2207394832944187, 51.55157956757652],
            [-3.220738329761448, 51.55157957958065],
            [-3.2207314591075153, 51.551581539366595],
            [-3.2207254560096326, 51.55158358004257],
            [-3.2207223343372067, 51.55158550081499],
            [-3.22071831403706, 51.55159156718744],
            [-3.220715483153943, 51.55159357485213],
            [-3.2207083770633522, 51.55159751529262],
            [-3.220707394196471, 51.55159851462343],
            [-3.220698334188311, 51.55159950808712],
            [-3.220691439461872, 51.55160056893667],
            [-3.22068249717029, 51.551600572071195],
            [-3.2205504131596334, 51.551612556827585],
            [-3.2205413266737724, 51.55161256145165],
            [-3.22053546534843, 51.55161451072427],
            [-3.220533355414529, 51.55161651088329],
            [-3.2205284145873607, 51.5516205187025],
            [-3.220527460593475, 51.55162259675275],
            [-3.220517541599203, 51.551661544725604],
            [-3.2205154846039266, 51.55166552253936],
            [-3.2205144658289155, 51.55167056857235],
            [-3.22051250008346, 51.55167256723075],
            [-3.2205044664374185, 51.55167957453673],
            [-3.2205004701641498, 51.55168653983597],
            [-3.2204995572688873, 51.55169554117894],
            [-3.220495445678263, 51.551703586699176],
            [-3.2204924705863403, 51.55170559585878],
            [-3.220485472746028, 51.55171358148948],
            [-3.2204825505932453, 51.5517175683039],
            [-3.2204825293166497, 51.55172754947303],
            [-3.2204815105367177, 51.5517325955057],
            [-3.220480345158064, 51.55173755314514],
            [-3.2204755220354246, 51.55174057063442],
            [-3.2204715375951727, 51.55174259029483],
            [-3.220464496243159, 51.551743562737975],
            [-3.2204584666422744, 51.551744614572925],
            [-3.2204584931118942, 51.55174560340047],
            [-3.220455570954737, 51.551749590214214],
            [-3.2204534874806736, 51.551752579199345],
            [-3.2204535139501944, 51.55175356802687],
            [-3.2204484936930604, 51.55175460936013],
            [-3.220443497498699, 51.551756549627335],
            [-3.220438477241003, 51.55175759096016],
            [-3.2204344109839957, 51.5517565542433],
            [-3.2204313564788074, 51.55175559691873],
            [-3.220427434414327, 51.551754558701454],
            [-3.2204254805091, 51.55175161172057],
            [-3.22038150269314, 51.55170360320112],
            [-3.2203784193185925, 51.55170156715414],
            [-3.2203695417958564, 51.55169860228216],
            [-3.2203544327383233, 51.551694533297095],
            [-3.220334529429287, 51.55169456051461],
            [-3.220331474930326, 51.55169360318738],
            [-3.220310415679543, 51.55169355250753],
            [-3.220288520148584, 51.55169458954468],
            [-3.2202685255781933, 51.551696595906186],
            [-3.220246421055581, 51.55170060241823],
            [-3.2202395503618737, 51.55170256217559],
            [-3.2202235043057312, 51.55170659558068],
            [-3.2202095033998077, 51.55171159681315],
            [-3.2202014143662168, 51.55171653654998],
            [-3.2201675322445804, 51.55173855932538],
            [-3.220161411371439, 51.55174159030019],
            [-3.220151447828968, 51.5517465495311],
            [-3.220144514726172, 51.55175156715913],
            [-3.2201414483488473, 51.551755555465014],
            [-3.2201385261632156, 51.551759542271036],
            [-3.2201375073445124, 51.55176458830094],
            [-3.2201335758122074, 51.551768585605295],
            [-3.2201295648916735, 51.55176961642655],
            [-3.220121396452128, 51.55177158967497],
            [-3.2201075491836773, 51.55177155386419],
            [-3.2200924954536956, 51.55176955239422],
            [-3.2200774970533503, 51.551769618471084],
            [-3.220064541400097, 51.55177056248464],
            [-3.2200524797662493, 51.55177257621985],
            [-3.220045611458741, 51.551774625859366],
            [-3.220016535404306, 51.551787606760705],
            [-3.2200074369899063, 51.55179255698174],
            [-3.2199985380907017, 51.55179957325129],
            [-3.21998857692313, 51.551804622361956],
            [-3.219975441115391, 51.55180961456918],
            [-3.219949467369899, 51.551814560448626],
            [-3.2199344954125615, 51.55181561533501],
            [-3.2199165194664525, 51.5518176006435],
            [-3.2198995528657095, 51.55181957545284],
            [-3.219876518274237, 51.55182655887531],
            [-3.2198454498996387, 51.55184054955483],
            [-3.2198366133847647, 51.551844507936195],
            [-3.2198165179382072, 51.5518535289077],
            [-3.2198115217057337, 51.55185546914817],
            [-3.21974851468444, 51.55187248946327],
            [-3.219746522442335, 51.551873499281264],
            [-3.2197306204741696, 51.55187753112024],
            [-3.219715610112592, 51.551882542789265],
            [-3.2196996168524366, 51.55188855377889],
            [-3.2196925106274903, 51.55189249415857],
            [-3.2196815929625324, 51.55189953139368],
            [-3.2195466201827965, 51.55198150159518],
            [-3.2195345753800044, 51.55198953963706],
            [-3.2195236576674433, 51.55199657685768],
            [-3.219465574757694, 51.55203054041261],
            [-3.2194435926907556, 51.552044526445655],
            [-3.2194265515823726, 51.55205450470141],
            [-3.2193045816378474, 51.55212653834243],
            [-3.2192875140237565, 51.552135527750345],
            [-3.219281563676454, 51.55213954600896],
            [-3.2192666325112684, 51.55214752410491],
            [-3.2192526866556275, 51.552154592773675],
            [-3.2192407018100884, 51.552159483016474],
            [-3.2192225454864007, 51.5521655164221],
            [-3.2191346644310883, 51.55218549248045],
            [-3.219118707013376, 51.55218745668797],
            [-3.2190916731245616, 51.55219052510652],
            [-3.2190886690947664, 51.552191455509536],
            [-3.2190785995761066, 51.55219245933853],
            [-3.2190686478107278, 51.552192472840204],
            [-3.2190596140866576, 51.55219445500622],
            [-3.2190516185605675, 51.55219750540381],
            [-3.2190486433725543, 51.55219951452724],
            [-3.2190416812363725, 51.552203453369536],
            [-3.218951668572278, 51.552332522495334],
            [-3.2189486284893394, 51.55233749959859],
            [-3.2189426396409884, 51.552345474650544],
            [-3.218922651946857, 51.55235854067623],
            [-3.2189136085761723, 51.55236555836295],
            [-3.218903671197526, 51.552371506317186],
            [-3.2188936184616335, 51.552378534490316],
            [-3.218881635921793, 51.552383514590346],
            [-3.2188706627392767, 51.55238848420156],
            [-3.2188605931720655, 51.55238948801211],
            [-3.2188387237047906, 51.55239151360902],
            [-3.2188146360487018, 51.55239149412485],
            [-3.218783715989848, 51.552389477498416],
            [-3.218752743067101, 51.55238548320769],
            [-3.218750724347239, 51.55238550418094],
            [-3.2187306765367927, 51.55238553262646],
            [-3.2187116116538608, 51.55238456175421],
            [-3.2186917584989123, 51.552386476457734],
            [-3.2186727753137063, 51.552388561956874],
            [-3.2186547341830463, 51.55239351505593],
            [-3.2186358014517684, 51.552397488311854],
            [-3.2184517031522324, 51.552465580610814],
            [-3.2184457238588946, 51.552468520105954],
            [-3.218425808142065, 51.5524734926404],
            [-3.21839671441606, 51.55248044878462],
            [-3.2183826602193086, 51.552483472144964],
            [-3.2183507739329884, 51.55248847907655],
            [-3.2183196878846085, 51.55249644499633],
            [-3.2183146674957075, 51.55249748623902],
            [-3.2182627908366026, 51.552515469173386],
            [-3.218204802710886, 51.55253144742689],
            [-3.21820165684745, 51.552532469198304],
            [-3.2181717531235567, 51.55254150182156],
            [-3.218151810923958, 51.55254548548162],
            [-3.2181057525553456, 51.552554506003844],
            [-3.2180886678222826, 51.55255747087896],
            [-3.2180656975159785, 51.55256148596723],
            [-3.2175308468693853, 51.5526684663461],
            [-3.217496823834098, 51.55267448432428],
            [-3.2174618442338065, 51.552682490425184],
            [-3.2173038148770887, 51.55271146560008],
            [-3.2173028055093993, 51.55271147607429],
            [-3.217280844421742, 51.55271548053556],
            [-3.217269935974146, 51.552717482016526],
            [-3.217246939111769, 51.55272050811684],
            [-3.217185826456321, 51.5527275264446],
            [-3.217152786299228, 51.55273254502178],
            [-3.217102896862089, 51.55273854767265],
            [-3.2170768958696523, 51.552742504092315],
            [-3.2170428463206444, 51.552747533110924],
            [-3.2170338123963305, 51.55274951512208],
            [-3.217017792078382, 51.55275453692096],
            [-3.217002896526029, 51.55275846802794],
            [-3.2169868234108456, 51.552761512165354],
            [-3.216984804673014, 51.55276153310832],
            [-3.216976897912768, 51.55276251431908],
            [-3.216966946019357, 51.55276252764332],
            [-3.2169568235356967, 51.552761553633935],
            [-3.2169518656979985, 51.55275953694332],
            [-3.216938895523243, 51.552754546146026],
            [-3.2169289006692354, 51.55274754627703],
            [-3.2169238900464188, 51.55274355192785],
            [-3.216919888792936, 51.55273954710755],
            [-3.216912857035628, 51.55273548380618],
            [-3.2169039795313816, 51.552732518672336],
            [-3.216890970746872, 51.55273148468018],
            [-3.2168748160555087, 51.55273147242268],
            [-3.216861862456381, 51.55273250597819],
            [-3.2168489352489402, 51.552734528360965],
            [-3.216727932637012, 51.552756554625304],
            [-3.216720891045174, 51.55275752684517],
            [-3.216680953414948, 51.552763516013805],
            [-3.216600950451716, 51.552781520167564],
            [-3.216578006283454, 51.552786523794815],
            [-3.2165518610205557, 51.55279048159401],
            [-3.216534896303319, 51.55279254581332],
            [-3.2164869175181168, 51.5527944820592],
            [-3.2164759826313194, 51.55279549463785],
            [-3.216459883082809, 51.55279754987454],
            [-3.216447965208362, 51.55279956174638],
            [-3.216437921877144, 51.552801554178735],
            [-3.2164340525777066, 51.55280249348584],
            [-3.216424955967558, 51.55280753332563],
            [-3.216418019893207, 51.55281246084277],
            [-3.2163159526759735, 51.552868459321374],
            [-3.2162990020056204, 51.55287645797516],
            [-3.2162899944028798, 51.552879428758246],
            [-3.2162789944353274, 51.55288340930041],
            [-3.216265949342099, 51.55288642194327],
            [-3.2162540314356027, 51.55288843379561],
            [-3.2162399242086908, 51.55288947924305],
            [-3.2161619552525518, 51.55288642110187],
            [-3.216135009783888, 51.552887419796505],
            [-3.2161200373782775, 51.55288847419886],
            [-3.2160829307201686, 51.552892455609815],
            [-3.216066018693653, 51.552896497419596],
            [-3.2160490128205415, 51.55290242848611],
            [-3.216027015227339, 51.55291047941809],
            [-3.2160089636697613, 51.55292046764627],
            [-3.216003969554067, 51.552922497619626],
            [-3.2159920392995365, 51.55292945508507],
            [-3.215979993616451, 51.55293749276654],
            [-3.2159689549049064, 51.55294543009046],
            [-3.215961119674777, 51.55295450314673],
            [-3.2159579350275607, 51.55295948166904],
            [-3.2159510317586326, 51.55297645788315],
            [-3.215946988436187, 51.55299250526833],
            [-3.215947953280544, 51.55301245715107],
            [-3.2159450570207917, 51.55301743268372],
            [-3.215941963818164, 51.55302043205298],
            [-3.215935030056667, 51.553025449435495],
            [-3.2159259333466506, 51.55303048923707],
            [-3.2159239409686418, 51.55303149899084],
            [-3.2158929719415346, 51.55303847394852],
            [-3.2158841084764926, 51.55304144320615],
            [-3.215855069130702, 51.55305046627591],
            [-3.21583910131647, 51.55305746557317],
            [-3.21580200096547, 51.55307250679155],
            [-3.2157809475345402, 51.55308351519816],
            [-3.2157369900562487, 51.55310645036289],
            [-3.2157280375048103, 51.5531114886549],
            [-3.2156839745031727, 51.55313046848381],
            [-3.2156671654236186, 51.55313837565943],
            [-3.2156300385833427, 51.553152427994966],
            [-3.2155940365330102, 51.55316538964246],
            [-3.2155820006913367, 51.55316839175042],
            [-3.2155640140363584, 51.553175411929544],
            [-3.2152300682575174, 51.55317941135503],
            [-3.215048055636994, 51.552806516890634],
            [-3.2150480767922027, 51.55263953821638],
            [-3.215054039864148, 51.552603509094375],
            [-3.2150671297248006, 51.55255346880186],
            [-3.2150721323743414, 51.55253552322387],
            [-3.215078062927404, 51.55251451080887],
            [-3.215086158793167, 51.552493565883324],
            [-3.215095172528186, 51.55247458965438],
            [-3.2151051304866667, 51.55245857095123],
            [-3.215119191019546, 51.552439542444006],
            [-3.215140079880659, 51.55241154128201],
            [-3.215418051821165, 51.55239652257288],
            [-3.2154679894914913, 51.55228954177303],
            [-3.2154720492991413, 51.55227951876505],
            [-3.2154900212366915, 51.552239498696345],
            [-3.215499044739289, 51.55221548690293],
            [-3.2155210971719304, 51.552144582535334],
            [-3.215522063783985, 51.552137558883864],
            [-3.215540076332139, 51.552066606453785],
            [-3.215550019625605, 51.55201758780761],
            [-3.216019860827691, 51.55159855410669],
            [-3.216027030002486, 51.551591556071614],
            [-3.216033910791313, 51.55158456102557],
            [-3.2158530451717278, 51.551346623370144],
            [-3.214829097058692, 51.551528706277466],
            [-3.2134872955562304, 51.551728635472536],
            [-3.2128164385690283, 51.55156472832456],
            [-3.2125403073366097, 51.5518006513425],
            [-3.2109196598877614, 51.55207563749029],
            [-3.2104066732327072, 51.552278572309085],
            [-3.2074098852393536, 51.55272361947298],
            [-3.207397093498897, 51.55295951700375],
            [-3.2073080390996718, 51.552973561641025],
            [-3.2070771132205285, 51.55301154570706],
            [-3.207067069419941, 51.553013537340156],
            [-3.2069949538909146, 51.55302453005512],
            [-3.206923100542969, 51.55303453092656],
            [-3.206895055906629, 51.553037606927994],
            [-3.2068461479165613, 51.55304260601125],
            [-3.2067970671642607, 51.55304652783145],
            [-3.206655113067417, 51.55304556028986],
            [-3.2066411235783674, 51.5530456142693],
            [-3.2066111210836423, 51.55304556320005],
            [-3.2065800830398223, 51.55304453367277],
            [-3.20655010909394, 51.55304556131418],
            [-3.2065201613152317, 51.55304757778034],
            [-3.2064040444220727, 51.55307457854875],
            [-3.2063421318472582, 51.55308960217601],
            [-3.2062651522561607, 51.55310756817141],
            [-3.2062621241144376, 51.55310759930933],
            [-3.2061601016980386, 51.55312762111049],
            [-3.2061040859209653, 51.55313655945318],
            [-3.206013182354144, 51.55315161121796],
            [-3.2059861968990617, 51.55315656439711],
            [-3.205946285983562, 51.55316362864929],
            [-3.2059071459758868, 51.5531725732477],
            [-3.2058712068296265, 51.55318256394959],
            [-3.205817161433584, 51.55320056365014],
            [-3.205794296673534, 51.55320862156914],
            [-3.205758202217433, 51.553223649258236],
            [-3.2057211878710032, 51.55323661826967],
            [-3.2056832536384285, 51.553247528602576],
            [-3.2056422674625518, 51.55325757110652],
            [-3.205618165858222, 51.5532624945616],
            [-3.2055351428354366, 51.55327557667825],
            [-3.2054142884271806, 51.55329255429618],
            [-3.205306243775354, 51.55330850099077],
            [-3.2052132289047277, 51.553325552028696],
            [-3.205111323586162, 51.553344582609014],
            [-3.2049933281304996, 51.553371511353895],
            [-3.204978289493268, 51.55337553231703],
            [-3.204889219977954, 51.55339452077338],
            [-3.204710337382066, 51.55344257596844],
            [-3.204704330934544, 51.55344452593638],
            [-3.204675381015416, 51.55345156710766],
            [-3.2046473485346354, 51.55346057705322],
            [-3.204617360704128, 51.5534665498488],
            [-3.204555379806579, 51.55347357050049],
            [-3.2044803528255428, 51.55348360245794],
            [-3.2044043686673156, 51.55349562239721],
            [-3.2043483520812335, 51.55350455990629],
            [-3.2042893880386814, 51.553516584869335],
            [-3.2042003986841037, 51.553538629199394],
            [-3.204186340818435, 51.55354156097299],
            [-3.2041244007447633, 51.553555594604475],
            [-3.203897373803221, 51.55358849694081],
            [-3.2037983649574766, 51.553602551143754],
            [-3.2037003891767575, 51.55361749384558],
            [-3.20361337720302, 51.55363250381143],
            [-3.203525578289401, 51.553650489089726],
            [-3.2034825985807225, 51.55366154038905],
            [-3.2034195306305495, 51.55367657431885],
            [-3.2034125147018018, 51.55367853457606],
            [-3.2033884411015365, 51.55368453630318],
            [-3.2033625190057697, 51.553691546088515],
            [-3.2033395069872252, 51.55369951511813],
            [-3.2033195255181335, 51.55370754297505],
            [-3.203295466659586, 51.55371956905716],
            [-3.2032895146851956, 51.55372358651411],
            [-3.20327353097491, 51.55373552976098],
            [-3.203259568420572, 51.55374754219254],
            [-3.203245487757773, 51.55376054493502],
            [-3.2032305418900298, 51.553773556550105],
            [-3.2032114777615273, 51.55378355318156],
            [-3.2031805209797866, 51.55379654917281],
            [-3.20311345362094, 51.553818547664655],
            [-3.203096618357099, 51.553825554114624],
            [-3.2030274661995275, 51.55385054124157],
            [-3.202997492624853, 51.553862537999876],
            [-3.2029174694163935, 51.553896448534786],
            [-3.2027925571905125, 51.553956535907595],
            [-3.202663550111633, 51.55401450708766],
            [-3.2024726022591326, 51.55409748091469],
            [-3.202335507694911, 51.554160570053114],
            [-3.2023015458960695, 51.55417449579166],
            [-3.202206615207814, 51.55421746053062],
            [-3.2021596614123973, 51.55423646487616],
            [-3.2021067032807107, 51.5542575089332],
            [-3.2020546478457597, 51.55427449739398],
            [-3.2020446556869064, 51.554278466267625],
            [-3.2019717008853275, 51.55430151352843],
            [-3.201991609276511, 51.554323519355236],
            [-3.202117694094871, 51.5544664562881],
            [-3.202142574630764, 51.554496503781905],
            [-3.2021786515998922, 51.55453542835793],
            [-3.202211662052811, 51.554567460642374],
            [-3.202242691244209, 51.55459546690029],
            [-3.202261601923218, 51.5546124474831],
            [-3.2022705855443876, 51.55461945895643],
            [-3.2022905977051037, 51.55463445004394],
            [-3.2023116192951693, 51.5546494307824],
            [-3.2023306220660857, 51.554664432208334],
            [-3.202346648758464, 51.55468144233599],
            [-3.202372643302741, 51.55471543476694],
            [-3.202406575487014, 51.55477146572681],
            [-3.2024757112313376, 51.55490437562226],
            [-3.2025285188964543, 51.55500337383088],
            [-3.202534633239853, 51.55501643922023],
            [-3.202543617874725, 51.5550344206906],
            [-3.2025516191762735, 51.555053401341354],
            [-3.2025616417068137, 51.55507245118992],
            [-3.2025756734928557, 51.55509038091867],
            [-3.2025917004284588, 51.55510739101007],
            [-3.20263457199584, 51.55514139020482],
            [-3.2026496009430927, 51.55515337509664],
            [-3.202693600141343, 51.55518637360868],
            [-3.2026967370056285, 51.55521232782696],
            [-3.202696654365905, 51.55526933685299],
            [-3.2026976784901255, 51.555275350876975],
            [-3.2026936563931465, 51.55529238666413],
            [-3.2026935548278863, 51.55532134138579],
            [-3.2026917209520978, 51.555328373811484],
            [-3.2026886528053393, 51.55533236167027],
            [-3.2026825563643495, 51.55533638057547],
            [-3.2026757388999103, 51.55534040687232],
            [-3.2026746113515254, 51.5553414075329],
            [-3.202661616808074, 51.555346396339196],
            [-3.2026476389170275, 51.555352384326035],
            [-3.2026187396378734, 51.55536140266439],
            [-3.202608603087751, 51.55536537306487],
            [-3.202530678827767, 51.55540240893824],
            [-3.2025087274033535, 51.55541234512855],
            [-3.202346739687314, 51.55549430249903],
            [-3.2006808918649905, 51.55642628243646],
            [-3.200088931931481, 51.556597249663405],
            [-3.1999620606441432, 51.55675320681848],
            [-3.199504044721187, 51.55624229980958],
            [-3.196605295399963, 51.556688314767335],
            [-3.196576446509126, 51.556688339273954],
            [-3.1965474250936508, 51.556687286514865],
            [-3.1965403305345528, 51.556686279858795],
            [-3.196514380259429, 51.55668132928446],
            [-3.196488283421328, 51.55667629028105],
            [-3.1964653355925963, 51.55667031997313],
            [-3.1964404847400587, 51.556663290050984],
            [-3.196417312496794, 51.556654264803825],
            [-3.1962813780817543, 51.556608264178585],
            [-3.1962744017995934, 51.55660626720024],
            [-3.1962614327491847, 51.556601274112936],
            [-3.196248425648808, 51.55660032773101],
            [-3.196205373267804, 51.55660328444525],
            [-3.196160511895071, 51.55661426230825],
            [-3.1960675005829096, 51.55663733052984],
            [-3.195974420438189, 51.55666327676116],
            [-3.1959573869222098, 51.55666830599617],
            [-3.195935355612479, 51.556675274460815],
            [-3.1959144284427783, 51.556680343383334],
            [-3.19589142574135, 51.55668327542377],
            [-3.1958035400123963, 51.556698288464915],
            [-3.1957904665020593, 51.55670031000939],
            [-3.1957574210191235, 51.55670532259191],
            [-3.1957264722712972, 51.55671328109395],
            [-3.1957074197799833, 51.55671833087128],
            [-3.1956775087738953, 51.55672735780136],
            [-3.195648488947792, 51.55673736474086],
            [-3.1955434763091586, 51.55677035594453],
            [-3.195467483432209, 51.55679334016698],
            [-3.195462487966223, 51.556795369273274],
            [-3.195437477625418, 51.55680425628334],
            [-3.195411552512511, 51.55681126432769],
            [-3.195384617924826, 51.5568182826526],
            [-3.195355610177502, 51.55682325397762],
            [-3.1953524634974166, 51.55682427514086],
            [-3.1953285954281747, 51.556827215888106],
            [-3.19530355010739, 51.55682926944381],
            [-3.1952794859657385, 51.55683023397881],
            [-3.1952545306375972, 51.55683021848885],
            [-3.1952285399149885, 51.55682922444266],
            [-3.195214495017991, 51.5568272095013],
            [-3.1951936463460795, 51.55682427477641],
            [-3.1951746181917375, 51.55681925338221],
            [-3.1951565995082705, 51.55681422170055],
            [-3.195145559450337, 51.55681127695624],
            [-3.1951286425989283, 51.556804255845094],
            [-3.1951265977407894, 51.55680328757728],
            [-3.1951155958406297, 51.55679629612313],
            [-3.1951026268606073, 51.55679130290748],
            [-3.1950876648753925, 51.55678731909366],
            [-3.1950815797975958, 51.5567863020656],
            [-3.19506563427354, 51.55678331736855],
            [-3.1950516153210553, 51.556782291243486],
            [-3.1950324453467904, 51.55677736118918],
            [-3.1950265044809316, 51.5567763426892],
            [-3.1950094952962997, 51.55677130070155],
            [-3.1949915690147734, 51.55676428985338],
            [-3.1949756381045322, 51.556756359495175],
            [-3.194971468277468, 51.55675136655199],
            [-3.1949656197825225, 51.55674836890798],
            [-3.194958471047927, 51.55674529459002],
            [-3.1949565963267075, 51.55674531368622],
            [-3.194936664805937, 51.55674434777362],
            [-3.194914581459554, 51.55674933837578],
            [-3.1948996850123326, 51.55675335658885],
            [-3.194879594668911, 51.556757337784305],
            [-3.1948605939017996, 51.556764365096825],
            [-3.194817580843087, 51.55677433451847],
            [-3.1947445900685176, 51.55679629859492],
            [-3.1945656955274275, 51.55683930290741],
            [-3.194509582807576, 51.55685030478792],
            [-3.1943676678498876, 51.55688430010736],
            [-3.1943286924428986, 51.55689422824086],
            [-3.1942726337651273, 51.55690729757533],
            [-3.1941116385537103, 51.556934293370695],
            [-3.1939997133986, 51.55695125819436],
            [-3.193900668180361, 51.55696431526756],
            [-3.193588734389336, 51.557011279592466],
            [-3.1931698596708267, 51.55707830355159],
            [-3.193130728538743, 51.55708229827018],
            [-3.1930877554783756, 51.557088310248474],
            [-3.193044808286664, 51.55709531104773],
            [-3.193001912840145, 51.55710428950457],
            [-3.192961811487266, 51.55711530765],
            [-3.1929358858087147, 51.557122315150565],
            [-3.192896845652469, 51.55713530068198],
            [-3.192866787242804, 51.55714423847242],
            [-3.1928268300322618, 51.557155255105684],
            [-3.192802727299597, 51.55716026584139],
            [-3.192759805868919, 51.55716825537365],
            [-3.192565800332083, 51.55721824403979],
            [-3.1923379752943513, 51.55727127366674],
            [-3.19224101288365, 51.557292310880285],
            [-3.192129805577613, 51.55732023663241],
            [-3.192059858316352, 51.55733731251988],
            [-3.1919878230529912, 51.557357286962024],
            [-3.191916969624378, 51.557378328369836],
            [-3.191847004903291, 51.55740025988714],
            [-3.1917789712723357, 51.557424329780055],
            [-3.1917450061344845, 51.55743834238586],
            [-3.1916990282456155, 51.55745634349217],
            [-3.191656993389897, 51.55747619280824],
            [-3.191636915675249, 51.557486197833306],
            [-3.1915909509276013, 51.557510223279124],
            [-3.1915489855980477, 51.55753825440111],
            [-3.1915080015045403, 51.5575651965239],
            [-3.1914709157910117, 51.55759227887507],
            [-3.191434075279327, 51.557623225204146],
            [-3.191429066906447, 51.55763028968457],
            [-3.1914190064012495, 51.55763722563765],
            [-3.191409066609647, 51.557643261182434],
            [-3.1913971054926757, 51.557649227336285],
            [-3.1913840831963607, 51.557653226066684],
            [-3.19138093636859, 51.55765424712422],
            [-3.1913690160797654, 51.557656256462224],
            [-3.191353920767588, 51.55765820812443],
            [-3.1913399556589956, 51.557659249125756],
            [-3.191212002713575, 51.55768122962193],
            [-3.1912089742514693, 51.55768126037335],
            [-3.1911891199117166, 51.557683260337924],
            [-3.1911689771451757, 51.55768526322778],
            [-3.191139983386074, 51.55768528786613],
            [-3.1911199974971307, 51.5576822537388],
            [-3.1910990279620135, 51.55768021869476],
            [-3.1909100617229407, 51.55765821892702],
            [-3.1906891085144258, 51.55766522740409],
            [-3.1905720573009386, 51.557668303660606],
            [-3.1905490946471753, 51.55766727784541],
            [-3.1905220940452157, 51.55766629300402],
            [-3.190494004132928, 51.55766226199411],
            [-3.190480077565918, 51.55765925618573],
            [-3.190454127371219, 51.55765430427127],
            [-3.190423047580375, 51.55764625726859],
            [-3.190412149483273, 51.55764322072096],
            [-3.190393123847062, 51.557638288445155],
            [-3.190374147513038, 51.55763524394684],
            [-3.190355055139025, 51.55763327964058],
            [-3.190329234081495, 51.557633271885706],
            [-3.190295098000829, 51.55763523677332],
            [-3.1902670470053205, 51.557638218928936],
            [-3.19023313493694, 51.557643238742244],
            [-3.1902271038352543, 51.55764428903198],
            [-3.19020314476286, 51.557649297773644],
            [-3.1901851909705394, 51.5576522673856],
            [-3.1901650739890326, 51.557655258940855],
            [-3.190145219611879, 51.55765725872903],
            [-3.19012418571576, 51.557658281380455],
            [-3.190103097837705, 51.557657236458674],
            [-3.1900951638052195, 51.55765722702863],
            [-3.1900761640129605, 51.55765328353884],
            [-3.190056152389953, 51.55764926039214],
            [-3.19000209936537, 51.55763425287267],
            [-3.189999174163815, 51.557638238943305],
            [-3.1899112350982644, 51.55764029988368],
            [-3.189766291877137, 51.55761929042967],
            [-3.1897102802381903, 51.55763424537795],
            [-3.1895572072770273, 51.5576112499953],
            [-3.189398299168468, 51.557591280872614],
            [-3.1893832318553117, 51.55758325108478],
            [-3.1893572430808605, 51.557571285705215],
            [-3.1893522343170972, 51.557567290169864],
            [-3.189341310508279, 51.5575632646843],
            [-3.1893322896055265, 51.55756029892338],
            [-3.189319254217095, 51.55755827304207],
            [-3.1893043182718377, 51.557555277327594],
            [-3.189285316243126, 51.55755124381459],
            [-3.1892391589210094, 51.55754029213388],
            [-3.189232182797128, 51.55753829473607],
            [-3.189206323074578, 51.55753127351211],
            [-3.189181184420372, 51.557524244973116],
            [-3.1891563341979863, 51.557517213505044],
            [-3.1891331652812682, 51.55750827670857],
            [-3.1891112919366997, 51.557499236857154],
            [-3.1890802171662394, 51.557480309355306],
            [-3.189063290431009, 51.55746735287653],
            [-3.1890572440820093, 51.55746228882791],
            [-3.1890332896715, 51.55744535725988],
            [-3.189027297260494, 51.557442360779994],
            [-3.1890173056131257, 51.557435358518156],
            [-3.1890071955500225, 51.55742934655508],
            [-3.1889953807409346, 51.557424340968666],
            [-3.1889831848840413, 51.55742131744187],
            [-3.188970242177735, 51.55741731238377],
            [-3.1889562512918688, 51.55741736426329],
            [-3.1889463886191254, 51.55741530618542],
            [-3.1889232045389995, 51.55741131499845],
            [-3.188921303995172, 51.55741034516036],
            [-3.1888982102056143, 51.55740428493645],
            [-3.1888762466702354, 51.55739731407242],
            [-3.1888532478701155, 51.55738936459633],
            [-3.1888212774773574, 51.55738033709669],
            [-3.1888092258551777, 51.55737731209023],
            [-3.188776299918309, 51.55737036237852],
            [-3.188743253222652, 51.55736431306258],
            [-3.1887162657666606, 51.55735829225793],
            [-3.1887062612498753, 51.55735632551535],
            [-3.188682330376324, 51.557351352748626],
            [-3.1886572176860306, 51.55734531293415],
            [-3.1886342447345903, 51.557338352252785],
            [-3.1886243305238873, 51.557334316471305],
            [-3.188603350759773, 51.557326346489276],
            [-3.18854532765283, 51.55729735129768],
            [-3.1885394126412603, 51.55729732130704],
            [-3.1885293542364073, 51.55729328697846],
            [-3.1885203334391496, 51.55729032115428],
            [-3.1885132519120605, 51.55728427846601],
            [-3.188507352203471, 51.55727930282169],
            [-3.1885023177641894, 51.55727431841096],
            [-3.188499250720849, 51.557267335869426],
            [-3.1884903639378717, 51.55723631422925],
            [-3.188490312374665, 51.55723433655282],
            [-3.188488252470489, 51.5572272538895],
            [-3.1884853296437465, 51.55722026988651],
            [-3.188479404165233, 51.55721430540244],
            [-3.188473306352192, 51.55720726364641],
            [-3.1884644040057286, 51.55720330751856],
            [-3.188454345628283, 51.55719927318331],
            [-3.188435307569887, 51.55718831620234],
            [-3.1884313341865576, 51.55718529923834],
            [-3.1884173974289376, 51.55717635869264],
            [-3.1884092548966865, 51.557168348547634],
            [-3.1883973113227695, 51.55715839870857],
            [-3.188388342281712, 51.55714635061902],
            [-3.188380305220046, 51.55714238571938],
            [-3.1883663919208827, 51.557134344111326],
            [-3.188357345387014, 51.55713038943599],
            [-3.188340429445656, 51.55712336734061],
            [-3.188332366614115, 51.557118413599305],
            [-3.188326320392594, 51.5571133495119],
            [-3.188317353722694, 51.557101391311036],
            [-3.1883133030218636, 51.55709540782797],
            [-3.1883073366636614, 51.55708234021709],
            [-3.1883024079045965, 51.557070341113224],
            [-3.1882993023322093, 51.557056345342545],
            [-3.1882903099037287, 51.55704339830106],
            [-3.188288262834681, 51.55704234001885],
            [-3.1882793219658248, 51.55703137065311],
            [-3.188269250850223, 51.55702131191638],
            [-3.1882573331220136, 51.55701235090074],
            [-3.188237376031244, 51.55699933507969],
            [-3.188221327763017, 51.5569923940968],
            [-3.1882133657259386, 51.55699130580603],
            [-3.188202377612907, 51.55699033808266],
            [-3.1881972763537934, 51.55698832163394],
            [-3.188187364600949, 51.55698437570894],
            [-3.1881783826558245, 51.55697736314929],
            [-3.188171419658959, 51.556970330140466],
            [-3.1881654427056567, 51.55696238796306],
            [-3.188164405115687, 51.55696131945446],
            [-3.1881613123715864, 51.556953348064866],
            [-3.188157354366707, 51.556945385438695],
            [-3.1881572900410267, 51.55693738337661],
            [-3.188150396948081, 51.55689429248811],
            [-3.1881523127943883, 51.55689031668642],
            [-3.1881513316612913, 51.55688034571091],
            [-3.1881443608168505, 51.556856408171235],
            [-3.188141412293673, 51.55684843532032],
            [-3.1881283284095825, 51.55682240165743],
            [-3.1881242777588423, 51.55681641816726],
            [-3.188112360343756, 51.55679639720346],
            [-3.1881073390039742, 51.556786377227695],
            [-3.188099317610612, 51.55676640672264],
            [-3.1880984395828613, 51.55676039110016],
            [-3.1880954653015876, 51.556751429409445],
            [-3.1880893160656947, 51.55674240995526],
            [-3.1880833625865352, 51.55673536671712],
            [-3.188075248307672, 51.556728435280306],
            [-3.188068336909219, 51.55672337994165],
            [-3.188058425225328, 51.55671943400516],
            [-3.188046466494486, 51.556714429781195],
            [-3.1880354503374657, 51.55671238330881],
            [-3.1880302845635993, 51.55671342472275],
            [-3.188020331759256, 51.55671343559732],
            [-3.188011360308484, 51.55671235751534],
            [-3.188008450346119, 51.5567113978849],
            [-3.187998301791703, 51.55670943254102],
            [-3.187990380937699, 51.55670438742038],
            [-3.187987298653772, 51.55670235051685],
            [-3.187979457455031, 51.55670036180534],
            [-3.187961387787711, 51.5567044112693],
            [-3.1878923696856827, 51.55671841804578],
            [-3.1878234030740047, 51.55673440245901],
            [-3.1877794047601826, 51.556745368370024],
            [-3.187717416348684, 51.55676344010142],
            [-3.1877075150612977, 51.55676542862668],
            [-3.187564348793179, 51.55680140656627],
            [-3.1875284953776357, 51.556809412550386],
            [-3.18749042493934, 51.55681537284838],
            [-3.1874825191521157, 51.55681644197381],
            [-3.1874444229431673, 51.55682141341828],
            [-3.1874053841927634, 51.55682342709239],
            [-3.18736747336163, 51.55682444023792],
            [-3.187329508675046, 51.55682338579938],
            [-3.1872903926516383, 51.55682243291913],
            [-3.1872603618576987, 51.556821388078795],
            [-3.187199385848536, 51.55681741934844],
            [-3.1871404030368247, 51.556812441316865],
            [-3.1870794916661827, 51.55680541465393],
            [-3.1870274052085468, 51.55679937768191],
            [-3.18690351446224, 51.55678345684981],
            [-3.1867815889093163, 51.55676544788957],
            [-3.1867314699858533, 51.556757412683226],
            [-3.1865825320169527, 51.55673239340405],
            [-3.1865406097175164, 51.556723376027975],
            [-3.18649746910095, 51.55671742817522],
            [-3.1864536308443077, 51.556712386543545],
            [-3.1864105417210156, 51.55670841633677],
            [-3.18640650151102, 51.55670836727843],
            [-3.186361563404911, 51.55670540485225],
            [-3.1863186029657804, 51.55670637880701],
            [-3.1862734793796634, 51.55670737462007],
            [-3.1862485521622395, 51.556708435947805],
            [-3.1861975650992265, 51.55671137930302],
            [-3.1860046375265476, 51.556725378956294],
            [-3.185970597013482, 51.5567254533411],
            [-3.185939634017501, 51.556727384885015],
            [-3.1859086990825682, 51.55673039515451],
            [-3.1858776713826287, 51.55673538455213],
            [-3.185871614572326, 51.55673544577878],
            [-3.185841647780669, 51.556742402640985],
            [-3.185811564831467, 51.556750439687015],
            [-3.185789531900367, 51.5567574062567],
            [-3.185447701644005, 51.5568364821122],
            [-3.1852236998682284, 51.55688145655679],
            [-3.185138735697019, 51.55689247567963],
            [-3.1850807848727465, 51.55689944529591],
            [-3.1850377157401066, 51.55690734357313],
            [-3.184981719068182, 51.55691735061593],
            [-3.184930653566602, 51.55692838684119],
            [-3.1848547868343604, 51.5569453383803],
            [-3.1848286386603415, 51.55694937903484],
            [-3.184801741391182, 51.55695234823184],
            [-3.184789795283357, 51.55695336806277],
            [-3.184762702397622, 51.5569543610281],
            [-3.184734718547555, 51.55695437388585],
            [-3.184707692772385, 51.55695239886325],
            [-3.1846816484380325, 51.556949334906065],
            [-3.184655724955605, 51.55694537054165],
            [-3.184652815047551, 51.556944410827654],
            [-3.1846266936286116, 51.556938380339275],
            [-3.1846176988482493, 51.55693640305248],
            [-3.1844608087109783, 51.556888442348715],
            [-3.184042873928447, 51.55671444367287],
            [-3.1796313044379425, 51.55740944439754],
            [-3.179810380870257, 51.55767937594461],
            [-3.177685590224707, 51.5581324221288],
            [-3.1775466358355122, 51.55816438911418],
            [-3.1775307278583145, 51.55816841526677],
            [-3.177514647796853, 51.558171364128036],
            [-3.1775046015309467, 51.558173353244136],
            [-3.1774876074118596, 51.558174422997595],
            [-3.177470585426299, 51.55817441401189],
            [-3.177457745668673, 51.55817436304735],
            [-3.1774416565577615, 51.558171377399205],
            [-3.1774265769521057, 51.55816838161685],
            [-3.1774127441965114, 51.558163395121866],
            [-3.177402567895689, 51.558160350124446],
            [-3.1773866650559914, 51.558153406205825],
            [-3.1773715996458924, 51.55814537486407],
            [-3.1773676013629077, 51.55814136867977],
            [-3.177365701031164, 51.55814039865331],
            [-3.1773586463786994, 51.55813534412622],
            [-3.177349575044967, 51.55813039975604],
            [-3.177337642639724, 51.558126383278776],
            [-3.1773296574334045, 51.55812439530198],
            [-3.177317631897136, 51.558122357954076],
            [-3.177305634223604, 51.55812139934173],
            [-3.1772916407640115, 51.55812135993712],
            [-3.1772756561610036, 51.55812241952899],
            [-3.177261713778911, 51.55812435780495],
            [-3.1772585665963593, 51.55812537848584],
            [-3.177222752344811, 51.55812942452162],
            [-3.17712373928729, 51.55813842076671],
            [-3.17702965502288, 51.55814835657491],
            [-3.176933698245807, 51.5581584010113],
            [-3.1768356269422133, 51.55817035485966],
            [-3.176776612600317, 51.55817535283384],
            [-3.176667818266709, 51.55818543590777],
            [-3.176622650831759, 51.5581903848354],
            [-3.176563729606044, 51.55819340357177],
            [-3.176505817876181, 51.55819641215457],
            [-3.176446699056344, 51.55819736469913],
            [-3.1762758480997615, 51.55820636126868],
            [-3.1761777166027154, 51.55821040238341],
            [-3.1759687324854124, 51.558217442951396],
            [-3.1758718056707753, 51.558223449930566],
            [-3.1757628533321336, 51.55822741932238],
            [-3.175606951789197, 51.55823437680841],
            [-3.1754967547816, 51.55824042654023],
            [-3.1754918658628726, 51.55823544011872],
            [-3.175473885345351, 51.558237418644204],
            [-3.1754038913709284, 51.558247381514654],
            [-3.175306803463699, 51.55825833513147],
            [-3.1752128650654425, 51.55826835793675],
            [-3.175199934371046, 51.55827037575036],
            [-3.1751119342393626, 51.55828132808544],
            [-3.1750398956106505, 51.55829032212095],
            [-3.1749029548848084, 51.55830536120983],
            [-3.174717919692202, 51.558329334034894],
            [-3.174568047992067, 51.558346390493604],
            [-3.174525017909117, 51.558350328114344],
            [-3.174383080233966, 51.5583673948197],
            [-3.1742950542343804, 51.55837735770132],
            [-3.1741700597274827, 51.558391377171766],
            [-3.1739540759591844, 51.55841233157725],
            [-3.1738750358168595, 51.55841833774726],
            [-3.173734096309457, 51.55842936917145],
            [-3.17363399597312, 51.55843540605016],
            [-3.173611084180236, 51.55843635460701],
            [-3.1735451189830313, 51.55844034147334],
            [-3.173470093634197, 51.558445408028135],
            [-3.1733241441546616, 51.55845235284497],
            [-3.1732121624758416, 51.55845635016318],
            [-3.1730781620148023, 51.55846236591327],
            [-3.1730061142133192, 51.55846542420104],
            [-3.1729381298927275, 51.55846943091466],
            [-3.1728791802753658, 51.55847136906609],
            [-3.1727810987452605, 51.55847738503263],
            [-3.1727620830546823, 51.55847838439227],
            [-3.1726931909399148, 51.55848635643057],
            [-3.172610097729633, 51.55849743767014],
            [-3.1725251782298516, 51.55851042538191],
            [-3.1724202080154518, 51.558523433582295],
            [-3.1722851659185674, 51.5585394397324],
            [-3.1722292045339313, 51.55854539400567],
            [-3.1721812706961727, 51.558549379764656],
            [-3.172125235312831, 51.558552457351965],
            [-3.172070181696924, 51.558554446087875],
            [-3.1719313259591533, 51.55856239731258],
            [-3.171909281670522, 51.55856342678855],
            [-3.1717933631998387, 51.558571418469],
            [-3.1717292322160175, 51.55857943230113],
            [-3.171634282809755, 51.55858946233306],
            [-3.171322335494727, 51.55862036204924],
            [-3.171161352205404, 51.5586373452543],
            [-3.171065443840325, 51.55864936259383],
            [-3.1672098510313798, 51.55932035977171],
            [-3.1647952355646516, 51.55980329997461],
            [-3.164734192716072, 51.55981937192158],
            [-3.1647091516598977, 51.5598273534739],
            [-3.164649168826988, 51.5598453930466],
            [-3.164640062738898, 51.559850339014716],
            [-3.164621250704341, 51.559859337724575],
            [-3.164617263055975, 51.55986135550522],
            [-3.1646002321936186, 51.559872314723606],
            [-3.1645860880364602, 51.55988333520114],
            [-3.164568125704992, 51.55989736087058],
            [-3.1645412290328876, 51.55991740980756],
            [-3.1645251824137945, 51.55992737014758],
            [-3.164495201942615, 51.559945291655055],
            [-3.164477186735505, 51.55995724972307],
            [-3.164444164267504, 51.559980326733275],
            [-3.164419140071168, 51.56000026713792],
            [-3.164389196712546, 51.56002529176441],
            [-3.1643851406023193, 51.56003027750761],
            [-3.1643551466838837, 51.56005332443292],
            [-3.164325269400104, 51.56007529117786],
            [-3.164320178468207, 51.560079298092035],
            [-3.1642872724984814, 51.560101294885904],
            [-3.164253136948315, 51.560120336581846],
            [-3.1641193518533512, 51.560242334038406],
            [-3.1640902555585653, 51.560272295665825],
            [-3.1640572376765204, 51.56030121718271],
            [-3.1640022211441776, 51.56034429423734],
            [-3.1639322237379908, 51.56038823924057],
            [-3.1638591998177765, 51.56043230414447],
            [-3.163836331181937, 51.560446288455175],
            [-3.1638123592492997, 51.56046226190029],
            [-3.1638102992015864, 51.560466328642214],
            [-3.1638062586703315, 51.560466278807645],
            [-3.1633063085234245, 51.56009529065655],
            [-3.162885381378742, 51.5597793561114],
            [-3.1628784218247437, 51.55977232158334],
            [-3.162869326486581, 51.55976638724043],
            [-3.1628653797820014, 51.559764358249744],
            [-3.1628563349031467, 51.55976040159957],
            [-3.162847431952932, 51.55975635362395],
            [-3.1628364184453437, 51.55975439467952],
            [-3.1628344222923577, 51.55975531364461],
            [-3.1628232897923434, 51.55975434497534],
            [-3.1628133867380512, 51.559756331409744],
            [-3.1628023299187134, 51.5597583292792],
            [-3.1627394092501153, 51.559774328880714],
            [-3.1625864070739684, 51.5598273681829],
            [-3.162298505985049, 51.55970433585473],
            [-3.161170510284386, 51.559062432364264],
            [-3.15986972262735, 51.55865259624415],
            [-3.1577339204547523, 51.55782963400398],
            [-3.15704392270322, 51.55734477034028],
            [-3.156476978335106, 51.556677774802985],
            [-3.156696864172326, 51.55646385026248],
            [-3.157909855671891, 51.55518700838983],
            [-3.1582426749812065, 51.55464403534326],
            [-3.1586457842389692, 51.554245045047196],
            [-3.158624679914751, 51.554107049589454],
            [-3.1583726785761184, 51.55374312256558],
            [-3.1583226170494476, 51.553629151323506],
            [-3.1583197078979888, 51.553628190951166],
            [-3.158300812951216, 51.55362819768402],
            [-3.1582847080770526, 51.55363015506045],
            [-3.158273771611922, 51.553631162223866],
            [-3.158224713133162, 51.55363614250001],
            [-3.158202815075116, 51.553637167965135],
            [-3.158182672554005, 51.5536391651915],
            [-3.158159737679214, 51.55363912186943],
            [-3.1581477415583263, 51.55363816128763],
            [-3.158146707028123, 51.553637182403556],
            [-3.1581336992145603, 51.553636141890394],
            [-3.1581247062043953, 51.553634162560435],
            [-3.1581037924350954, 51.553634189192174],
            [-3.158092711763333, 51.55363519776235],
            [-3.158088816042026, 51.55363514630345],
            [-3.1580786945417034, 51.5536341672081],
            [-3.158068717243196, 51.55363318668833],
            [-3.1580176748624376, 51.553628205569154],
            [-3.1580076952830702, 51.55362713514876],
            [-3.1579987273971515, 51.55362614465872],
            [-3.157988699868149, 51.553623186432866],
            [-3.15798083307744, 51.55362011695915],
            [-3.157977754615582, 51.55361816915209],
            [-3.157966809365414, 51.55361315187028],
            [-3.1579597347202784, 51.553607197201075],
            [-3.1579566539768997, 51.55360515949801],
            [-3.1579448347466785, 51.55359412633788],
            [-3.1579347733360734, 51.553584154840976],
            [-3.1579226843381614, 51.55356817885357],
            [-3.157921819130993, 51.55356818739378],
            [-3.157919672454129, 51.55356317317716],
            [-3.157917720209575, 51.55356013523645],
            [-3.157913724033799, 51.55355612837309],
            [-3.157907709042699, 51.55355214143643],
            [-3.157904655703611, 51.55355118247704],
            [-3.157894719885461, 51.55354615522488],
            [-3.1578826963965043, 51.553544115870665],
            [-3.1578696406696403, 51.55354118752407],
            [-3.1578567268624473, 51.55353816785728],
            [-3.1578438632843664, 51.553537125888475],
            [-3.157842709675561, 51.553537137274645],
            [-3.1578008232398314, 51.553529188317036],
            [-3.1577597057646125, 51.55352312003256],
            [-3.157746700274643, 51.55352216937164],
            [-3.1577007301984406, 51.55351812715288],
            [-3.157683829000041, 51.55351712501301],
            [-3.1576597428598707, 51.553517182872845],
            [-3.15763974456745, 51.55351917858281],
            [-3.157621790196969, 51.55352214321721],
            [-3.1576037190141233, 51.553526188017074],
            [-3.157536808900186, 51.553538177928985],
            [-3.157523784742919, 51.55354217291526],
            [-3.157516741711597, 51.55354314159036],
            [-3.157503811539579, 51.55354515745195],
            [-3.15748679123986, 51.5535451455564],
            [-3.1574747426630294, 51.55354211731046],
            [-3.1574647402913603, 51.55354014788927],
            [-3.157426866442893, 51.55353117010937],
            [-3.157403806099946, 51.553526182389994],
            [-3.157394785756187, 51.553523124258426],
            [-3.157388729310848, 51.5535231840124],
            [-3.1573787771541735, 51.55352319228358],
            [-3.1573718532201753, 51.553523170677416],
            [-3.1573477734919773, 51.55352916299512],
            [-3.15732071573858, 51.55353716288281],
            [-3.157285724630155, 51.55354515111131],
            [-3.1572758477727394, 51.5535481259234],
            [-3.1572248951674506, 51.55339325033986],
            [-3.1572227987757895, 51.55339021380966],
            [-3.1572177695095878, 51.55336823352225],
            [-3.157216776524362, 51.55336320791207],
            [-3.1572148845553283, 51.553351177569304],
            [-3.1572147754750244, 51.55334119775193],
            [-3.157220920834849, 51.55331622985505],
            [-3.157226859488132, 51.55330016587483],
            [-3.157230815397373, 51.55329122497252],
            [-3.157232819118308, 51.553279246117484],
            [-3.1572337522709675, 51.553259185206976],
            [-3.1572328235043354, 51.55319418368355],
            [-3.1572308475560753, 51.553173162373035],
            [-3.15722980437387, 51.553166159062854],
            [-3.1572308087078538, 51.553143220075015],
            [-3.1572327248240035, 51.55313915486453],
            [-3.1572378356497786, 51.55311320807373],
            [-3.1572417075567523, 51.55309527620312],
            [-3.157252799829456, 51.553032224203776],
            [-3.157252774729014, 51.553031235353785],
            [-3.1572537101514238, 51.553011264337826],
            [-3.1572597527642507, 51.552982251142495],
            [-3.157265829156869, 51.552960251214735],
            [-3.157266735867409, 51.55295619596147],
            [-3.1572707583551614, 51.552944197189554],
            [-3.1572708774536604, 51.552943206917014],
            [-3.1572718215542057, 51.55292926031865],
            [-3.157244742083942, 51.55286820340756],
            [-3.1572268055795307, 51.551951306945554],
            [-3.159172545251211, 51.551255373413966],
            [-3.1622631569590864, 51.549616518635155],
            [-3.162617031755879, 51.5493655574132],
            [-3.1629470481483706, 51.5491236436016],
            [-3.1634189309420253, 51.548755605538645],
            [-3.164555865126058, 51.548039635938196],
            [-3.1646828329419634, 51.547866721732554],
            [-3.1653596468656353, 51.546703922727225],
            [-3.1656765671876315, 51.54620487536111],
            [-3.1660084818410716, 51.545705947780014],
            [-3.166014547460284, 51.545695007391544],
            [-3.166365465351199, 51.54494699639974],
            [-3.1672733662371066, 51.54419020585113],
            [-3.167402319808804, 51.54396610531596],
            [-3.164932467378867, 51.54291532874956],
            [-3.164218650477293, 51.541022534560845],
            [-3.164917410092068, 51.54014653757731],
            [-3.1651615093171688, 51.539716641877554],
            [-3.1649624681023867, 51.539488698011084],
            [-3.165021436603118, 51.53924569280314],
            [-3.166104299665079, 51.539656648875095],
            [-3.1663513181280316, 51.53971362880642],
            [-3.166531290877378, 51.53931970567215],
            [-3.166534267568994, 51.53931769786701],
            [-3.166510203798943, 51.53925067834679],
            [-3.166489208884083, 51.53922472093496],
            [-3.1664581847949926, 51.53917872157177],
            [-3.1664103207267185, 51.53904369077237],
            [-3.1664112870990673, 51.53903073293645],
            [-3.166462326640879, 51.53887268862157],
            [-3.166461368415526, 51.53885777172307],
            [-3.1664783146725295, 51.53878180211986],
            [-3.166487228695664, 51.538718770701905],
            [-3.1664912257858426, 51.538677728232614],
            [-3.166681126089749, 51.53841282865718],
            [-3.1669151745744397, 51.53826177564819],
            [-3.1673030972992295, 51.53798780126907],
            [-3.167447139047425, 51.53797081182575],
            [-3.1676890469527335, 51.53792982888969],
            [-3.1679310756289616, 51.53784289601696],
            [-3.1681511072943076, 51.53775285473893],
            [-3.168236063068107, 51.53777089145329],
            [-3.1686079261891233, 51.537545898267375],
            [-3.1687899976412437, 51.53738690698018],
            [-3.169272929774642, 51.53698393556004],
            [-3.170002838059984, 51.53644595917255],
            [-3.170037810477677, 51.5364209726997],
            [-3.170168713257478, 51.536291083646255],
            [-3.170404696226977, 51.53613200151076],
            [-3.171205523434613, 51.53581900475717],
            [-3.171658522336876, 51.53590808548064],
            [-3.172503538836631, 51.53545805243292],
            [-3.172362450042582, 51.5351070727862],
            [-3.174180225276247, 51.53417019358933],
            [-3.174423173389928, 51.5338401885913],
            [-3.1746310966694824, 51.533740275281744],
            [-3.1745472191266435, 51.533310316322826],
            [-3.17396012943893, 51.533147237395525],
            [-3.1740782527704403, 51.53305937370926],
            [-3.1741051562253615, 51.53301234684132],
            [-3.1742021604317774, 51.53281535367908],
            [-3.174115207184591, 51.532635398279304],
            [-3.174000224262416, 51.53239143173043],
            [-3.173872221629645, 51.5320784481271],
            [-3.173877160549663, 51.53194540939074],
            [-3.174176126690643, 51.53159650072299],
            [-3.1743840850903755, 51.53145351651075],
            [-3.1745791276936246, 51.53131848416968],
            [-3.174733974664421, 51.53121253807152],
            [-3.1749189602716092, 51.53108452959958],
            [-3.1750260299957285, 51.53101556858037],
            [-3.1751639869553134, 51.53092561675284],
            [-3.1753800016826466, 51.530776615399326],
            [-3.1756658261561044, 51.53057862770118],
            [-3.175949969598507, 51.53038263435103],
            [-3.176196865797099, 51.53021264058895],
            [-3.1775846780982167, 51.529277770001215],
            [-3.1776177263155447, 51.52918976768057],
            [-3.1774587426842227, 51.528324819585485],
            [-3.17713760181481, 51.52649910117934],
            [-3.1778365563610915, 51.52538617607797],
            [-3.177893525607019, 51.52530917318988],
            [-3.178304459460438, 51.525196243925805],
            [-3.1790653311401695, 51.52503114977762],
            [-3.1793213364300543, 51.52496419412652],
            [-3.1787613073098497, 51.52360737837796],
            [-3.178271377456297, 51.52237951810316],
            [-3.178696283660002, 51.522317520682996],
            [-3.1786852492037347, 51.52228651975677],
            [-3.1784512564353338, 51.521692621142236],
            [-3.178276214399875, 51.521712633365254],
            [-3.1776783888672266, 51.52141866973243],
            [-3.177822332325878, 51.52131067067859],
            [-3.1778842976323984, 51.521343677893476],
            [-3.1779844608884456, 51.52127064707289],
            [-3.1781143251839383, 51.52117564742736],
            [-3.1788502235008496, 51.52063773293457],
            [-3.1786362512402873, 51.5205286542467],
            [-3.1789321574522162, 51.52039475852712],
            [-3.178819285083847, 51.5201987915491],
            [-3.1787892452162207, 51.5199787929086],
            [-3.1788930754719167, 51.51993072179431],
            [-3.178894230544596, 51.519930800101825],
            [-3.178949270307575, 51.519907767162174],
            [-3.1790022950247665, 51.51988484437266],
            [-3.179007143127431, 51.51988281742422],
            [-3.1790570884122764, 51.51985785743978],
            [-3.179243226793888, 51.51974880293252],
            [-3.1796210600389125, 51.51953387419665],
            [-3.1801110582384156, 51.51924785890275],
            [-3.1807170169802803, 51.51890393544489],
            [-3.1807198732128765, 51.518902917583596],
            [-3.180755965281422, 51.51888295194295],
            [-3.1807888850042243, 51.518862928313204],
            [-3.1808159737345973, 51.518845930700046],
            [-3.1808469690694214, 51.51882394821975],
            [-3.1811028971088327, 51.5186329015229],
            [-3.1811099224881842, 51.518625907033005],
            [-3.181121890982, 51.518614996257114],
            [-3.18113484018428, 51.518602996579034],
            [-3.181148849180423, 51.51859296443586],
            [-3.1811539596420206, 51.518589945649914],
            [-3.181184912902484, 51.51857191992232],
            [-3.181219902967897, 51.5185539434456],
            [-3.1812368216327687, 51.51854496100865],
            [-3.181270854210991, 51.51852897237088],
            [-3.181305802481557, 51.51851495270964],
            [-3.1813268997030373, 51.51850592816906],
            [-3.181679832799421, 51.51844896081953],
            [-3.181856889867475, 51.51843494769716],
            [-3.1819678723910236, 51.518412878155054],
            [-3.1820397997461543, 51.51839093240342],
            [-3.182981734350065, 51.518020950732016],
            [-3.184186424119211, 51.51752997553288],
            [-3.185517300528006, 51.5169931125975],
            [-3.1860241807172134, 51.5167990682559],
            [-3.187021054948427, 51.516416089383924],
            [-3.1876551007442333, 51.51616913735432],
            [-3.1879789726202956, 51.516043117895244],
            [-3.1889748590716414, 51.5156622003833],
            [-3.190849657494694, 51.51493722537493],
            [-3.1935243108208033, 51.51391229577793],
            [-3.194029200101037, 51.5137163484532],
            [-3.1960149884618794, 51.512943402104014],
            [-3.1971318549827865, 51.51251541200882],
            [-3.199720568476578, 51.511515584932305],
            [-3.2001604641863675, 51.511343474913375],
            [-3.201360399325092, 51.51087161272021],
            [-3.203204034356033, 51.51014361025831],
            [-3.203758947696066, 51.509951603280534],
            [-3.203758947696066, 51.509951603280534],
            [-3.203942090284978, 51.5101316291679],
            [-3.2043178664298435, 51.51053447394641],
            [-3.20461085601545, 51.51084150510671],
            [-3.204836008483787, 51.511040520540874],
            [-3.2050748738788424, 51.51122941362575],
            [-3.205342854376298, 51.51141845656377],
            [-3.20564778943561, 51.51159345128685],
            [-3.205936856668055, 51.5117404637749],
            [-3.206766657402276, 51.512156344893086],
            [-3.2079605774125217, 51.51275523165129],
            [-3.210057346201383, 51.513793129485386],
            [-3.2110503070473055, 51.51429397860441],
            [-3.2119172655665515, 51.514699998235926],
            [-3.2121251247460805, 51.51479397330731],
            [-3.213660047133843, 51.51556183163263],
            [-3.215797897704613, 51.51655774954057],
            [-3.2167338178651645, 51.516995659350094],
            [-3.2195165306080518, 51.51830645749193],
            [-3.2198174350123123, 51.51844548989421],
            [-3.2205622828793743, 51.518817377845544],
            [-3.2211393317026724, 51.51912833493318],
            [-3.221711244711556, 51.51944635637458],
            [-3.222210186226094, 51.51973024700152],
            [-3.222564131044508, 51.51993319148559],
            [-3.223945008046627, 51.52071609939816],
            [-3.2238889902582595, 51.52077710952822],
            [-3.2240120585792953, 51.52084614174035],
            [-3.2241409706159354, 51.520918080152015],
            [-3.2242620223699285, 51.52098713315214],
            [-3.2242381164061094, 51.521004017707114],
            [-3.224297949923441, 51.52105302834816],
            [-3.224384959629884, 51.52112108780986],
            [-3.2244830468553114, 51.5211991024683],
            [-3.224597886927312, 51.52128908117012],
            [-3.224628995408088, 51.52131501266168],
            [-3.2246338856381955, 51.521319997057006],
            [-3.2246389464965866, 51.521325968778605],
            [-3.2246429721537666, 51.52133096220162],
            [-3.224645845044777, 51.52133596766202],
            [-3.224648988076308, 51.52135104122131],
            [-3.224649949752559, 51.521360023071914],
            [-3.224648920617024, 51.52137001481935],
            [-3.2246479559822743, 51.52137703856868],
            [-3.2246459537314776, 51.521382994125936],
            [-3.2246449890960283, 51.521390017875206],
            [-3.224642960312786, 51.52139498460127],
            [-3.224635894230969, 51.52141097403688],
            [-3.224632965310107, 51.521419996513835],
            [-3.2246309274964644, 51.52142999879381],
            [-3.2246309715312473, 51.5214370120102],
            [-3.2246309420359704, 51.521452028778796],
            [-3.224631903711137, 51.52146101062938],
            [-3.2246330739852085, 51.521467022977184],
            [-3.2246349647411807, 51.521473027801555],
            [-3.2247689824676677, 51.52190701571262],
            [-3.22542287222956, 51.52265082826696],
            [-3.2257139408914113, 51.523414794892616],
            [-3.226099873104626, 51.52451163788374],
            [-3.225984863151256, 51.52542452775426],
            [-3.225563985449568, 51.526193506722564],
            [-3.225106100604576, 51.52719540073833],
            [-3.22435320841852, 51.52834622106978],
            [-3.2237332612734755, 51.52919307238726],
            [-3.2232594388029017, 51.52964608058545],
            [-3.22282137844053, 51.52997606472682],
            [-3.2227574315773917, 51.53001602592824],
            [-3.2229645112964884, 51.530142001117184],
            [-3.2236124011376814, 51.53051892711537],
            [-3.224135331316458, 51.53084293281159],
            [-3.2243703802876933, 51.53095791327344],
            [-3.224573328012874, 51.53114983923791],
            [-3.224589248380145, 51.53116289107598],
            [-3.2246622578250848, 51.531218867515776],
            [-3.224740261230357, 51.53127290346784],
            [-3.224821211861808, 51.53132394127082],
            [-3.2249043221744103, 51.5313748665445],
            [-3.224989282197737, 51.53142487325277],
            [-3.2250743575709078, 51.53147379966957],
            [-3.225104252056454, 51.531491830847],
            [-3.225134264141827, 51.531508871681844],
            [-3.2251422998017145, 51.53151283408957],
            [-3.225249219226867, 51.531569894649444],
            [-3.2253592807712366, 51.53162584325974],
            [-3.225993138315826, 51.53194580434715],
            [-3.226003103365527, 51.5319518146605],
            [-3.2260931367689047, 51.53200275664788],
            [-3.2262631859933104, 51.532112747923684],
            [-3.2268110203273794, 51.532578732877965],
            [-3.227108014309984, 51.53250369098259],
            [-3.227714022617861, 51.53235572706904],
            [-3.2280408779579917, 51.53227074890876],
            [-3.228114902073967, 51.53225172031557],
            [-3.228500869182667, 51.532134740235115],
            [-3.228224881498269, 51.53221873742351],
            [-3.2305637046020688, 51.53394844809143],
            [-3.234290261730673, 51.53635310414884],
            [-3.2362741454324944, 51.53726502799618],
            [-3.2380229727312666, 51.53786486378916],
            [-3.2400179150170767, 51.539602691756656],
            [-3.242733531766091, 51.541005458454116],
            [-3.245378335184889, 51.54322025152918],
            [-3.2479670580773927, 51.54475696497933]
          ],
          [
            [-3.201970663035447, 51.55430044514316],
            [-3.2019717008853275, 51.55430151352843],
            [-3.2019706891066293, 51.55430143397702],
            [-3.201970663035447, 51.55430044514316]
          ]
        ]
      }
    },
    {
      "type": "Feature",
      "properties": { "CATCHMENT_NAME": "Ysgol Glan Morfa", "URN": "6812313" },
      "geometry": {
        "type": "Polygon",
        "coordinates": [
          [
            [-3.1650346198283965, 51.4848790522419],
            [-3.1611772180709266, 51.48636591441087],
            [-3.160671142425051, 51.48671864210893],
            [-3.1596576400472, 51.48737177133894],
            [-3.158763705191243, 51.4881745939609],
            [-3.15788642571265, 51.489226680136206],
            [-3.156546352601584, 51.490690028486185],
            [-3.156176023035637, 51.49100857675898],
            [-3.1555024699032157, 51.491389279130665],
            [-3.1535426103072037, 51.491205180912495],
            [-3.1521207325726093, 51.4910944438491],
            [-3.15098633013926, 51.49112527753782],
            [-3.150085696259138, 51.49125883265471],
            [-3.1489470462954143, 51.491539123056164],
            [-3.147128058398954, 51.492363954716964],
            [-3.1462140836797525, 51.492822666849605],
            [-3.145498877522329, 51.49320677566962],
            [-3.1446822918849904, 51.49375929855397],
            [-3.143972811754231, 51.49439619350389],
            [-3.1431164256982767, 51.49546100081181],
            [-3.142305664472621, 51.49666976648402],
            [-3.141273364823648, 51.49831957564793],
            [-3.140162636790733, 51.500102857535374],
            [-3.1398310556478313, 51.50056151903385],
            [-3.1391001641737977, 51.50047960210865],
            [-3.137882247179456, 51.5003715657083],
            [-3.137252367301968, 51.500278586132474],
            [-3.1367133542351544, 51.5001896678632],
            [-3.1360983491079217, 51.50002262481576],
            [-3.135869572946636, 51.499941666481206],
            [-3.1353455463496465, 51.49973669169651],
            [-3.1346836089299894, 51.49941975177502],
            [-3.1343087016409132, 51.49915677047119],
            [-3.133799719953344, 51.498738895857365],
            [-3.133479633734082, 51.4983798882513],
            [-3.13297793112148, 51.49739518269423],
            [-3.132898577935937, 51.49673972332161],
            [-3.133024737588236, 51.496105207392105],
            [-3.133417586353786, 51.493829435955185],
            [-3.1339405389219936, 51.49336741291668],
            [-3.1338854410545482, 51.492859545503215],
            [-3.1337065662415675, 51.49247759213609],
            [-3.133634513713886, 51.49237766977807],
            [-3.1335554742035385, 51.49228060240406],
            [-3.133471419258904, 51.49218457256702],
            [-3.1333815093845994, 51.49209057747688],
            [-3.1333444891703413, 51.492055687192355],
            [-3.1332595604271956, 51.49197666028326],
            [-3.1331696162307177, 51.491898670890684],
            [-3.133075542938721, 51.49182260962465],
            [-3.1329775157745847, 51.49174973364395],
            [-3.1328755013026566, 51.49167869448131],
            [-3.132767512405255, 51.491610680267435],
            [-3.132655540667945, 51.491544682641084],
            [-3.1325606483588886, 51.491493626274035],
            [-3.1324406181231153, 51.4914337308364],
            [-3.1292788683695516, 51.490096922042135],
            [-3.12866898836718, 51.48984499763131],
            [-3.1282150195762934, 51.48964794893391],
            [-3.1275670938925555, 51.48934800864406],
            [-3.126947180920557, 51.48903304887508],
            [-3.126434200932569, 51.48876111870829],
            [-3.125943150044721, 51.48850210384897],
            [-3.1253453952065087, 51.488191149034186],
            [-3.1250933757855304, 51.48804628084917],
            [-3.1248802898867116, 51.487903196644304],
            [-3.1090299022600747, 51.47925241917119],
            [-3.1102356949631274, 51.478626501943175],
            [-3.1105056821553028, 51.4785014755276],
            [-3.1106785816902787, 51.478428532077544],
            [-3.1108115694630833, 51.47836055239382],
            [-3.111760577486072, 51.47792453259134],
            [-3.1119475332476836, 51.47784947573883],
            [-3.1126294484690717, 51.47753350561743],
            [-3.112893441626388, 51.47738164480829],
            [-3.11299242082911, 51.477330620421576],
            [-3.113366363900909, 51.47715262731926],
            [-3.114265247857085, 51.47667668945615],
            [-3.114392197887815, 51.47660363766949],
            [-3.1144971258263974, 51.4765486889394],
            [-3.115135089098769, 51.47624463147833],
            [-3.1156800533158107, 51.47594172533358],
            [-3.1157529956631085, 51.47590380475424],
            [-3.115906052429921, 51.47583275080591],
            [-3.1161079546606745, 51.47572175727866],
            [-3.116208917931958, 51.47566972214161],
            [-3.1162938660351265, 51.475598686702625],
            [-3.1164369252198276, 51.475489781501636],
            [-3.116567904838391, 51.47536975131753],
            [-3.1167348523353917, 51.475230855089016],
            [-3.1167859552437336, 51.475088836040335],
            [-3.116840865879376, 51.47498481635892],
            [-3.116939830097849, 51.474862842764104],
            [-3.117012924983518, 51.47480181078883],
            [-3.117051742594572, 51.47477581405407],
            [-3.1182776382737685, 51.4739449659836],
            [-3.118687586140881, 51.47368100942411],
            [-3.11911355836921, 51.47341896656784],
            [-3.1194364596416637, 51.47320502389011],
            [-3.1195135390998003, 51.47315995783122],
            [-3.1210342840874943, 51.4723141252841],
            [-3.1216792098630703, 51.4719811010921],
            [-3.1218131812557535, 51.47189008008047],
            [-3.1218181730255945, 51.47188814401546],
            [-3.1224950353986207, 51.47148413337693],
            [-3.1225071007093117, 51.47147709409191],
            [-3.1226040698606767, 51.471427249651995],
            [-3.122986972096063, 51.471207147455814],
            [-3.1233029952206715, 51.47098417800796],
            [-3.12352994187101, 51.47079829876834],
            [-3.123644854676111, 51.47071123487293],
            [-3.1237668507631273, 51.47063120655879],
            [-3.1249347611833516, 51.46992825851609],
            [-3.1256326702381414, 51.469539313693026],
            [-3.1265065661494225, 51.46906540864393],
            [-3.126890494653052, 51.4688183978354],
            [-3.1269743729926938, 51.468769394913465],
            [-3.1276833833906923, 51.468312442107774],
            [-3.12768439092736, 51.468312432415644],
            [-3.128146281622806, 51.46808651774517],
            [-3.1285532079991665, 51.46791454228988],
            [-3.1286943110562357, 51.46783351553774],
            [-3.128709255312073, 51.467826537803134],
            [-3.1290961787760807, 51.46760259999703],
            [-3.1292020540370205, 51.467552574313196],
            [-3.1292931751922817, 51.46750556807523],
            [-3.129484130776995, 51.46738548482918],
            [-3.1295791103889545, 51.46733151742287],
            [-3.1296970788149703, 51.467246576087824],
            [-3.129741066516318, 51.46722061516686],
            [-3.129874103023733, 51.4671395747908],
            [-3.130134063882169, 51.46698654440763],
            [-3.1302160615966583, 51.4669316226007],
            [-3.1307718984524358, 51.46659365167917],
            [-3.1318728515929397, 51.46602067272254],
            [-3.131874842088514, 51.466019664393386],
            [-3.1318788230793992, 51.46601764773494],
            [-3.1320607434650136, 51.46592273487946],
            [-3.1321787457688948, 51.46592672064018],
            [-3.132314764179376, 51.46602458761596],
            [-3.1323176999953604, 51.466160606820814],
            [-3.132198820548987, 51.46642359939694],
            [-3.1320048779780256, 51.466707548506506],
            [-3.1318768389480454, 51.466949588110964],
            [-3.131790885040681, 51.46716451528707],
            [-3.1318198681221814, 51.46735252596167],
            [-3.1320277930964817, 51.46762746894865],
            [-3.1321127808121614, 51.467658479557464],
            [-3.1324829033566437, 51.4677334937791],
            [-3.1325997589104255, 51.46773749020974],
            [-3.132748816368039, 51.46765242525694],
            [-3.13300263559303, 51.46741447433535],
            [-3.1332097543710904, 51.46735447453683],
            [-3.133485757338645, 51.4673205142972],
            [-3.1338797428584177, 51.467353481006135],
            [-3.1340996998993678, 51.467445498516405],
            [-3.134110594582269, 51.467565524990896],
            [-3.134079617776826, 51.467628408342776],
            [-3.1338886539558497, 51.467724490798034],
            [-3.1338566714461282, 51.46778747373475],
            [-3.1339866523739675, 51.46794339496359],
            [-3.134104655483525, 51.46799944193193],
            [-3.1343245855123323, 51.46805540174082],
            [-3.134511613493284, 51.46818945955376],
            [-3.134556517019232, 51.468293331083565],
            [-3.134559584653252, 51.46843438439681],
            [-3.1345366165953004, 51.46851832132756],
            [-3.1345065758179467, 51.46866535995793],
            [-3.134501615563808, 51.46879039544537],
            [-3.1345076063070088, 51.469020260479155],
            [-3.1346536645443592, 51.46919724625825],
            [-3.134807514856358, 51.46930527843568],
            [-3.1351354759936183, 51.46938626743436],
            [-3.1354574548417116, 51.469545183357674],
            [-3.135654495686631, 51.469705218887555],
            [-3.135818496183712, 51.46989713580113],
            [-3.1360945158228883, 51.470234175295595],
            [-3.1364515015507655, 51.47043411199372],
            [-3.1367713579626804, 51.47053612614561],
            [-3.137283453761543, 51.47092302642869],
            [-3.1413218313253766, 51.47168387907856],
            [-3.1421628260460177, 51.471868924441935],
            [-3.142583763463486, 51.47195878796693],
            [-3.1430926946754942, 51.47221072534963],
            [-3.1438166830138004, 51.473018690025086],
            [-3.144050655195164, 51.473346679633366],
            [-3.144154638666084, 51.47349160344606],
            [-3.144417541114554, 51.473640640811944],
            [-3.144890610299991, 51.473787535374434],
            [-3.1454185551047034, 51.473808544728016],
            [-3.1463653671782823, 51.47384155204543],
            [-3.1469863723527336, 51.47385858706167],
            [-3.147088244449607, 51.47386154675401],
            [-3.1476942819999736, 51.47388456921496],
            [-3.148625151198682, 51.47390755351611],
            [-3.148996047658675, 51.47391857575677],
            [-3.1490821826005146, 51.47392555447651],
            [-3.1491681064905035, 51.473935592450516],
            [-3.149230100746386, 51.473944516159975],
            [-3.149299058883741, 51.47395552962383],
            [-3.1493670591181924, 51.473968530658375],
            [-3.14943508425128, 51.47398252051937],
            [-3.1494421898104097, 51.47398451898983],
            [-3.149512044106068, 51.47400253723026],
            [-3.149581107083018, 51.47402344059942],
            [-3.149638028529698, 51.474042484774394],
            [-3.1497200170047646, 51.47407351208297],
            [-3.149801072539685, 51.47410751581421],
            [-3.1498200167650268, 51.474116501756725],
            [-3.14988105119729, 51.474144497381886],
            [-3.1499389436506275, 51.474173512905075],
            [-3.1501140120666116, 51.47428149680244],
            [-3.1502699224166593, 51.47442347799013],
            [-3.150573907723481, 51.4747564326211],
            [-3.1508379419567154, 51.47488638170736],
            [-3.150926952028449, 51.47492741018373],
            [-3.151020898788933, 51.47496434376521],
            [-3.1510319184749718, 51.47496738273901],
            [-3.151046874702012, 51.47497236128093],
            [-3.151078948733595, 51.47498238705433],
            [-3.1511120032936266, 51.47499132416235],
            [-3.151144916176265, 51.47500035257131],
            [-3.1511788118485877, 51.47500838221066],
            [-3.151212799422988, 51.475014342799064],
            [-3.1512599162247494, 51.47502134339445],
            [-3.1512869170702316, 51.47502431532383],
            [-3.151313776229194, 51.475027378557535],
            [-3.151340896132635, 51.47502936019544],
            [-3.151367872084559, 51.475031343240815],
            [-3.151394823134877, 51.475032337414724],
            [-3.1514217990907007, 51.4750343204477],
            [-3.151482876245196, 51.475035339099755],
            [-3.1515178660691614, 51.47503535509653],
            [-3.151552855892986, 51.475035371082875],
            [-3.1515868108679106, 51.47503431819517],
            [-3.1516218699181286, 51.475031366151285],
            [-3.1516617984813524, 51.47502737715076],
            [-3.1516877839069117, 51.475024334384734],
            [-3.151713890636519, 51.47502039123043],
            [-3.1517398262318777, 51.4750153707226],
            [-3.151765905775141, 51.475010348794804],
            [-3.151790833683271, 51.47500533817572],
            [-3.1518157366729413, 51.47499933868623],
            [-3.15184078360963, 51.474993337777114],
            [-3.1521887934513106, 51.47490143762308],
            [-3.152346690418504, 51.47485339751343],
            [-3.152552755736114, 51.47480839048801],
            [-3.1525617522551506, 51.47480542462964],
            [-3.1526668291326096, 51.47475835296168],
            [-3.152788755057776, 51.47471138527535],
            [-3.152938689134583, 51.474667379103536],
            [-3.1531157177136264, 51.47462436510531],
            [-3.153260570946751, 51.474584454853954],
            [-3.153704576339353, 51.47444538737537],
            [-3.15372969984939, 51.4744424425561],
            [-3.153754702090088, 51.47444039811594],
            [-3.153778527759369, 51.47443737613987],
            [-3.1538024996458622, 51.474434442638945],
            [-3.1538274519668708, 51.47443042045426],
            [-3.15385154057298, 51.47442640676528],
            [-3.15387548522306, 51.47442239448824],
            [-3.153898541201165, 51.474417401843134],
            [-3.1539105854981004, 51.47441539499201],
            [-3.153934505178851, 51.47441039383847],
            [-3.1539565285239513, 51.47440442223605],
            [-3.1539795595247564, 51.474398440710644],
            [-3.15400155562941, 51.4743913903386],
            [-3.154024561657517, 51.47438441993997],
            [-3.1540465577483867, 51.474377369559555],
            [-3.154069563762475, 51.47437039915216],
            [-3.154091559839561, 51.47436334876335],
            [-3.1541135581790933, 51.47435638826724],
            [-3.154136564172253, 51.474349417846796],
            [-3.154139443201891, 51.474349389503246],
            [-3.1543174439724817, 51.47429935041817],
            [-3.1543494961394147, 51.47429139169232],
            [-3.154380590571711, 51.4742854206088],
            [-3.154411513806263, 51.4742783721735],
            [-3.1544434741986325, 51.47427248246508],
            [-3.154474449623986, 51.47426750163868],
            [-3.154506430430755, 51.474262420984],
            [-3.1545384135003918, 51.47425743021737],
            [-3.154570590457703, 51.474254415752945],
            [-3.1546034644640866, 51.47425049522346],
            [-3.154628491530986, 51.474249439462085],
            [-3.1546524882354237, 51.474247494652545],
            [-3.154678522957296, 51.47424642895587],
            [-3.154702400681399, 51.47424547441821],
            [-3.154727454988602, 51.47424549739676],
            [-3.1547524820494806, 51.47424444160895],
            [-3.154777417381135, 51.47424545485897],
            [-3.154801464030259, 51.4742454877474],
            [-3.1548263993634005, 51.474246500986986],
            [-3.1548515013558553, 51.474248411770674],
            [-3.1548764366915294, 51.47424942499959],
            [-3.1549005333003812, 51.47425143559606],
            [-3.1549084778627354, 51.47425243636057],
            [-3.1549324305233357, 51.4742544483686],
            [-3.154956408166128, 51.47425744923586],
            [-3.1549793781538775, 51.47426046002564],
            [-3.1550034997539225, 51.47426345946501],
            [-3.155027502387586, 51.4742674491818],
            [-3.1550513610741757, 51.47427144031194],
            [-3.1550743787692177, 51.47427633891451],
            [-3.1550975177083154, 51.47428033712681],
            [-3.155120393732669, 51.474285327035396],
            [-3.1551424333099862, 51.47429140421074],
            [-3.155165478280635, 51.47429738155611],
            [-3.155169389949619, 51.47429833212231],
            [-3.1551873966321753, 51.47430435910869],
            [-3.1552033630156275, 51.474309417087014],
            [-3.1552203597762785, 51.474315364100924],
            [-3.1552363761397095, 51.4743223998028],
            [-3.1552523652499143, 51.47432835674166],
            [-3.155268381622781, 51.47433539243908],
            [-3.1552843707416556, 51.47434134937352],
            [-3.1552995234154393, 51.474348393578126],
            [-3.1553154208390977, 51.474356419551604],
            [-3.15532941963924, 51.474363385204505],
            [-3.155344453364393, 51.47437141968582],
            [-3.1553584771624936, 51.474379374199174],
            [-3.1553735108979932, 51.47438740867667],
            [-3.1553873907544774, 51.47439536460518],
            [-3.155401416839185, 51.474403409009994],
            [-3.1554134003442327, 51.474410394514834],
            [-3.155431388103955, 51.474421367201714],
            [-3.1554504107969485, 51.474433408714916],
            [-3.1554674159039835, 51.47444538019159],
            [-3.1554844210199318, 51.47445735166571],
            [-3.1555003017945946, 51.47447041324876],
            [-3.15551730692849, 51.47448238471797],
            [-3.155533331673152, 51.474495444877476],
            [-3.155549354154884, 51.47450841513802],
            [-3.1555653766457277, 51.4745213853963],
            [-3.155573329551531, 51.47452841061435],
            [-3.1556084748189286, 51.47455737781145],
            [-3.1557824076443106, 51.47472237320251],
            [-3.15591440211042, 51.474914307990346],
            [-3.155931252952194, 51.47493725105241],
            [-3.1559563720346393, 51.47496829522415],
            [-3.1559823548720463, 51.47499933087342],
            [-3.1560082854647242, 51.475028298892525],
            [-3.156036402672001, 51.47505832437309],
            [-3.156079391128085, 51.47510133138754],
            [-3.1560973626678503, 51.47511733960262],
            [-3.1561153842322507, 51.475135325542],
            [-3.1561333808044854, 51.47515232261489],
            [-3.1561522411139205, 51.475169311166894],
            [-3.156170381667357, 51.475186306814166],
            [-3.156189360951062, 51.47520230507667],
            [-3.1562093456534073, 51.475218203501164],
            [-3.15622933491669, 51.47523428171545],
            [-3.1562503295999935, 51.47525026009102],
            [-3.1562712992885045, 51.4752652495992],
            [-3.1562944032953157, 51.475279228942355],
            [-3.156328341833896, 51.475300294944425],
            [-3.156357375291661, 51.47531529481961],
            [-3.1563863837563995, 51.47532930582401],
            [-3.1564163999203316, 51.475343306881115],
            [-3.156447254816433, 51.475356310546765],
            [-3.1564782263965228, 51.47536823402397],
            [-3.1565113618599137, 51.47538031598459],
            [-3.1565433161398166, 51.47539124064017],
            [-3.1565762803917905, 51.47540224524226],
            [-3.156610371280211, 51.47541224960972],
            [-3.1566443182286914, 51.47542225538745],
            [-3.156678240173465, 51.47543127229188],
            [-3.156718210506927, 51.47544031942786],
            [-3.156828173441206, 51.475461264581455],
            [-3.1569733644764018, 51.47548024343018],
            [-3.157040261305508, 51.475489294475445],
            [-3.1571501971965255, 51.475509160565366],
            [-3.1572601627637673, 51.475530195208016],
            [-3.1574212358923353, 51.475562234833774],
            [-3.157683134265579, 51.47560119151822],
            [-3.1580431339851707, 51.47565320599353],
            [-3.1580970456788653, 51.47566121575558],
            [-3.158152109034529, 51.47566921411567],
            [-3.1582061897725744, 51.47567821126793],
            [-3.158259143940511, 51.475688208635965],
            [-3.1583121231852602, 51.47569919484266],
            [-3.158365102455123, 51.47571018102524],
            [-3.1584171013951647, 51.475722255900216],
            [-3.1585130560641796, 51.47574720441768],
            [-3.158561047106347, 51.4757602180263],
            [-3.1586090632360655, 51.4757742204777],
            [-3.15865710445649, 51.47578921177182],
            [-3.1587039940615433, 51.47580421442852],
            [-3.158750931545839, 51.475821104894756],
            [-3.15879698254301, 51.475837104913545],
            [-3.1588430859821486, 51.47585517253564],
            [-3.1588870278382073, 51.475873171588304],
            [-3.1589299620360687, 51.475891180585876],
            [-3.158973954097638, 51.47591115733036],
            [-3.1590510390552433, 51.475947172166045],
            [-3.1590951087159667, 51.47597020534811],
            [-3.159138049562636, 51.47599414886581],
            [-3.1591801039216643, 51.476017201942035],
            [-3.1592210545391537, 51.476042154218554],
            [-3.159261024859311, 51.4760681952038],
            [-3.159299985248422, 51.47609415624329],
            [-3.159337963060825, 51.476121116096905],
            [-3.159374933219929, 51.47614808590332],
            [-3.1594120496595104, 51.47617514417054],
            [-3.15943004786445, 51.47619214072423],
            [-3.1594480460828276, 51.476209137275006],
            [-3.1594648926576934, 51.476226145212905],
            [-3.159478062796788, 51.47624013225928],
            [-3.1594940707311308, 51.4762581375976],
            [-3.1595080359159096, 51.47627508410813],
            [-3.1595220284718772, 51.47629310937567],
            [-3.1595369098642965, 51.47631211496058],
            [-3.159543017326679, 51.47632014727362],
            [-3.159551021319241, 51.47632914993833],
            [-3.1596479049678545, 51.47645308928881],
            [-3.159652952316233, 51.476459063942706],
            [-3.1596849086147607, 51.476504067069854],
            [-3.1597149935211766, 51.47654908870041],
            [-3.159743951907093, 51.47659511057745],
            [-3.159746958782109, 51.47660011630232],
            [-3.159761949553565, 51.47662910179788],
            [-3.1597769152577544, 51.47665709842919],
            [-3.1597890018095813, 51.47668512354156],
            [-3.159801952128287, 51.47671314010742],
            [-3.159809005270613, 51.476730065042915],
            [-3.1598250192518407, 51.47677099964925],
            [-3.159887939493552, 51.47694104362461],
            [-3.1599890392290964, 51.47721402685507],
            [-3.159998931938106, 51.47725205467189],
            [-3.1601029776765586, 51.477328985000305],
            [-3.1601539485116823, 51.47744798309843],
            [-3.160179002491404, 51.477498989053004],
            [-3.1602049453919343, 51.47755097531509],
            [-3.160233022676271, 51.47760195133804],
            [-3.160260958344078, 51.47765301867474],
            [-3.160315027453559, 51.477740874027695],
            [-3.160329843273177, 51.47776293740869],
            [-3.1603448509870757, 51.477786887189595],
            [-3.1603599798605817, 51.47780993657837],
            [-3.1603699835696126, 51.47782395486361],
            [-3.1603749625055007, 51.47783289749341],
            [-3.160390930082042, 51.477854949466725],
            [-3.1604069204934446, 51.477877900402845],
            [-3.1604249035741354, 51.47789993242203],
            [-3.1604438944091324, 51.477921954463326],
            [-3.1604649258397646, 51.47794494541277],
            [-3.1604809096652873, 51.477961961743425],
            [-3.160497876137547, 51.47797797923483],
            [-3.1605158731817142, 51.47799488571316],
            [-3.1605349991187777, 51.47801088182276],
            [-3.160546799128385, 51.47802191498081],
            [-3.160552973367409, 51.478026889330074],
            [-3.1605719302631696, 51.478041897996974],
            [-3.1606068370236033, 51.478066909620885],
            [-3.1606279282910075, 51.47808090803899],
            [-3.160649883348979, 51.47809489790175],
            [-3.160672821054061, 51.478107888921876],
            [-3.1606959027351853, 51.4781208785121],
            [-3.1607348590107147, 51.47814090445555],
            [-3.1608548431614083, 51.47818188851263],
            [-3.160885854605408, 51.478183919335514],
            [-3.1609218110266286, 51.478187879403386],
            [-3.160944952443345, 51.478191876443496],
            [-3.160975854051248, 51.47820092201991],
            [-3.160999934601871, 51.47820787707934],
            [-3.161012852358545, 51.47821188543195],
            [-3.161029878718206, 51.47821891034383],
            [-3.16107183333731, 51.478237917372184],
            [-3.1610978972143937, 51.478254923708356],
            [-3.1611208190314923, 51.478272950268085],
            [-3.1611339126383715, 51.478283880636326],
            [-3.161152851456485, 51.478303834939155],
            [-3.161169852438261, 51.47832686568153],
            [-3.1611779575803567, 51.47833982367309],
            [-3.161187833472778, 51.47836580239454],
            [-3.161192823944197, 51.47838085937391],
            [-3.161194797926599, 51.478401880890885],
            [-3.1611938401110127, 51.47842086330711],
            [-3.1611928069384985, 51.47843687913948],
            [-3.1611858779873514, 51.478458888027696],
            [-3.1612167874664236, 51.47842288399591],
            [-3.161233752666839, 51.47840482205612],
            [-3.1612508389814273, 51.47838585972316],
            [-3.161268839305188, 51.47836886655416],
            [-3.1613057288158246, 51.478335860512935],
            [-3.1613269214206623, 51.478319824823174],
            [-3.1613478009615554, 51.47830280312062],
            [-3.1613698870075915, 51.47828792752073],
            [-3.1613977978882555, 51.47826993696399],
            [-3.161417820376999, 51.4782588583996],
            [-3.1614388802915867, 51.478248938502496],
            [-3.1614597688252797, 51.47823794127017],
            [-3.1614798164097198, 51.478227851556525],
            [-3.161501740076213, 51.478217923090654],
            [-3.161523805412251, 51.47820790329793],
            [-3.161569807576643, 51.4781878451573],
            [-3.161602743269276, 51.47817493015432],
            [-3.1616368283636533, 51.47816191383408],
            [-3.1616707946042912, 51.47814988779164],
            [-3.161704785956511, 51.478138850600615],
            [-3.161739762187396, 51.47812690444906],
            [-3.1617757941180082, 51.478116836126574],
            [-3.162209654492159, 51.47799186446392],
            [-3.162215675778229, 51.477990815662224],
            [-3.1622338127457708, 51.47798488103807],
            [-3.1625716755095206, 51.47787893340885],
            [-3.163053573087264, 51.47773486897407],
            [-3.163063577216596, 51.47773189231478],
            [-3.1631355918129542, 51.47770986702651],
            [-3.163207581177745, 51.47768685283368],
            [-3.163279595632722, 51.47766482745768],
            [-3.1633516145931773, 51.47764298183066],
            [-3.1634166754689406, 51.47762498181252],
            [-3.163425525571878, 51.477621926655225],
            [-3.1636164487215397, 51.477575971447294],
            [-3.163836431007377, 51.477528918179395],
            [-3.1638384464613263, 51.47752889817135],
            [-3.1638725398131076, 51.477521905695355],
            [-3.163905600251093, 51.47751393435362],
            [-3.1639394056593244, 51.47750694471674],
            [-3.16397347380084, 51.47749896335111],
            [-3.1640065570940132, 51.47749189094513],
            [-3.164041539336372, 51.47748587870459],
            [-3.1648274138639945, 51.4771669528609],
            [-3.165029417918026, 51.477459880397745],
            [-3.165671289067123, 51.47826475050692],
            [-3.165734316093544, 51.47833075389471],
            [-3.165750276788457, 51.47834678063309],
            [-3.165890317572406, 51.478490787278446],
            [-3.1659273811140207, 51.47852683593234],
            [-3.1660052720809677, 51.478599705042704],
            [-3.166084294374664, 51.47867175357657],
            [-3.166123320977038, 51.478705714503256],
            [-3.166185248747821, 51.47875680200733],
            [-3.166247293100416, 51.478806809289544],
            [-3.166312335625305, 51.47885579760189],
            [-3.1663221624810336, 51.478862803451825],
            [-3.166401282732793, 51.47892172260549],
            [-3.1664562790211637, 51.47896073984637],
            [-3.16656335529703, 51.47903169965858],
            [-3.1666612433314705, 51.47910373991879],
            [-3.1667132397209694, 51.47914368608356],
            [-3.1672171306314603, 51.479488725582335],
            [-3.167572244429766, 51.479708638562784],
            [-3.16662540794515, 51.48050953228082],
            [-3.1665952544877367, 51.48053554919313],
            [-3.1665803217165656, 51.480548556213826],
            [-3.1665603476785207, 51.480561523475664],
            [-3.1665472107953923, 51.48057154529202],
            [-3.166535225670269, 51.48058155564682],
            [-3.1665232657758726, 51.480592554859406],
            [-3.166511305875746, 51.480603554070804],
            [-3.1664993459698874, 51.480614553280994],
            [-3.16648928291148, 51.48062652272702],
            [-3.1664783307889044, 51.48063751190788],
            [-3.1664692525740445, 51.480648572362306],
            [-3.166459333471095, 51.48066054037337],
            [-3.166450278187547, 51.48067249978912],
            [-3.166441369164124, 51.48068454766804],
            [-3.166436388088735, 51.480692510106785],
            [-3.1664283176489785, 51.480703560531296],
            [-3.1664222627978664, 51.48071459090194],
            [-3.166415341824322, 51.48072553997024],
            [-3.1664102947639874, 51.48073656031366],
            [-3.1664033760782795, 51.480747599277514],
            [-3.1663993322220385, 51.48075842980138],
            [-3.1663952677184506, 51.48076845125861],
            [-3.166391372417486, 51.48077946014239],
            [-3.1663873331435535, 51.480790470458366],
            [-3.166383293867717, 51.480801480774204],
            [-3.1663814141580318, 51.480812469604935],
            [-3.166378357444542, 51.480822481035204],
            [-3.166376333761618, 51.48083347129813],
            [-3.166374310077763, 51.48084446156104],
            [-3.166373294192354, 51.48085544179762],
            [-3.166372280600404, 51.48086651193046],
            [-3.16637229774692, 51.480878470999755],
            [-3.166395376787317, 51.480998463223486],
            [-3.1663863392264004, 51.48100547690678],
            [-3.1663992582401006, 51.481009484656134],
            [-3.166907326609523, 51.481754354081716],
            [-3.1672613919554182, 51.482468293859455],
            [-3.168145323015513, 51.48364516296107],
            [-3.16669346866935, 51.48429309933833],
            [-3.1650346198283965, 51.4848790522419]
          ]
        ]
      }
    },
    {
      "type": "Feature",
      "properties": {
        "CATCHMENT_NAME": "Ysgol Y Berllan Deg",
        "URN": "6812308"
      },
      "geometry": {
        "type": "Polygon",
        "coordinates": [
          [
            [-3.181679832799421, 51.51844896081953],
            [-3.1813268997030373, 51.51850592816906],
            [-3.181305802481557, 51.51851495270964],
            [-3.181270854210991, 51.51852897237088],
            [-3.1812368216327687, 51.51854496100865],
            [-3.181219902967897, 51.5185539434456],
            [-3.181184912902484, 51.51857191992232],
            [-3.1811539596420206, 51.518589945649914],
            [-3.181148849180423, 51.51859296443586],
            [-3.18113484018428, 51.518602996579034],
            [-3.181121890982, 51.518614996257114],
            [-3.1811099224881842, 51.518625907033005],
            [-3.1811028971088327, 51.5186329015229],
            [-3.1808469690694214, 51.51882394821975],
            [-3.1808159737345973, 51.518845930700046],
            [-3.1807888850042243, 51.518862928313204],
            [-3.180755965281422, 51.51888295194295],
            [-3.1807198732128765, 51.518902917583596],
            [-3.1807170169802803, 51.51890393544489],
            [-3.1801110582384156, 51.51924785890275],
            [-3.1796210600389125, 51.51953387419665],
            [-3.179243226793888, 51.51974880293252],
            [-3.1790570884122764, 51.51985785743978],
            [-3.179007143127431, 51.51988281742422],
            [-3.1790022950247665, 51.51988484437266],
            [-3.178949270307575, 51.519907767162174],
            [-3.178894230544596, 51.519930800101825],
            [-3.1788930754719167, 51.51993072179431],
            [-3.1787892452162207, 51.5199787929086],
            [-3.178819285083847, 51.5201987915491],
            [-3.1789321574522162, 51.52039475852712],
            [-3.1786362512402873, 51.5205286542467],
            [-3.1788502235008496, 51.52063773293457],
            [-3.1781143251839383, 51.52117564742736],
            [-3.1779844608884456, 51.52127064707289],
            [-3.1778842976323984, 51.521343677893476],
            [-3.177822332325878, 51.52131067067859],
            [-3.1776783888672266, 51.52141866973243],
            [-3.178276214399875, 51.521712633365254],
            [-3.1784512564353338, 51.521692621142236],
            [-3.1786852492037347, 51.52228651975677],
            [-3.178696283660002, 51.522317520682996],
            [-3.178271377456297, 51.52237951810316],
            [-3.1787613073098497, 51.52360737837796],
            [-3.1793213364300543, 51.52496419412652],
            [-3.1790653311401695, 51.52503114977762],
            [-3.178304459460438, 51.525196243925805],
            [-3.177893525607019, 51.52530917318988],
            [-3.1778365563610915, 51.52538617607797],
            [-3.17713760181481, 51.52649910117934],
            [-3.1774587426842227, 51.528324819585485],
            [-3.1776177263155447, 51.52918976768057],
            [-3.1775846780982167, 51.529277770001215],
            [-3.176196865797099, 51.53021264058895],
            [-3.175949969598507, 51.53038263435103],
            [-3.1756658261561044, 51.53057862770118],
            [-3.1753800016826466, 51.530776615399326],
            [-3.1751639869553134, 51.53092561675284],
            [-3.1750260299957285, 51.53101556858037],
            [-3.1749189602716092, 51.53108452959958],
            [-3.174733974664421, 51.53121253807152],
            [-3.1745791276936246, 51.53131848416968],
            [-3.1743840850903755, 51.53145351651075],
            [-3.174176126690643, 51.53159650072299],
            [-3.173877160549663, 51.53194540939074],
            [-3.173872221629645, 51.5320784481271],
            [-3.174000224262416, 51.53239143173043],
            [-3.174115207184591, 51.532635398279304],
            [-3.1742021604317774, 51.53281535367908],
            [-3.1741051562253615, 51.53301234684132],
            [-3.1740782527704403, 51.53305937370926],
            [-3.17396012943893, 51.533147237395525],
            [-3.1745472191266435, 51.533310316322826],
            [-3.1746310966694824, 51.533740275281744],
            [-3.174423173389928, 51.5338401885913],
            [-3.174180225276247, 51.53417019358933],
            [-3.172362450042582, 51.5351070727862],
            [-3.172503538836631, 51.53545805243292],
            [-3.171658522336876, 51.53590808548064],
            [-3.171205523434613, 51.53581900475717],
            [-3.170404696226977, 51.53613200151076],
            [-3.170168713257478, 51.536291083646255],
            [-3.170037810477677, 51.5364209726997],
            [-3.170002838059984, 51.53644595917255],
            [-3.169272929774642, 51.53698393556004],
            [-3.1687899976412437, 51.53738690698018],
            [-3.1686079261891233, 51.537545898267375],
            [-3.168236063068107, 51.53777089145329],
            [-3.1681511072943076, 51.53775285473893],
            [-3.1679310756289616, 51.53784289601696],
            [-3.1676890469527335, 51.53792982888969],
            [-3.167447139047425, 51.53797081182575],
            [-3.1673030972992295, 51.53798780126907],
            [-3.1669151745744397, 51.53826177564819],
            [-3.166681126089749, 51.53841282865718],
            [-3.1664912257858426, 51.538677728232614],
            [-3.166487228695664, 51.538718770701905],
            [-3.1664783146725295, 51.53878180211986],
            [-3.166461368415526, 51.53885777172307],
            [-3.166462326640879, 51.53887268862157],
            [-3.1664112870990673, 51.53903073293645],
            [-3.1664103207267185, 51.53904369077237],
            [-3.1664581847949926, 51.53917872157177],
            [-3.166489208884083, 51.53922472093496],
            [-3.166510203798943, 51.53925067834679],
            [-3.166534267568994, 51.53931769786701],
            [-3.166531290877378, 51.53931970567215],
            [-3.1663513181280316, 51.53971362880642],
            [-3.166104299665079, 51.539656648875095],
            [-3.165021436603118, 51.53924569280314],
            [-3.1649624681023867, 51.539488698011084],
            [-3.1651615093171688, 51.539716641877554],
            [-3.164917410092068, 51.54014653757731],
            [-3.164218650477293, 51.541022534560845],
            [-3.164932467378867, 51.54291532874956],
            [-3.167402319808804, 51.54396610531596],
            [-3.1672733662371066, 51.54419020585113],
            [-3.166365465351199, 51.54494699639974],
            [-3.1660084818410716, 51.545705947780014],
            [-3.1656765671876315, 51.54620487536111],
            [-3.1653596468656353, 51.546703922727225],
            [-3.1646828329419634, 51.547866721732554],
            [-3.164555865126058, 51.548039635938196],
            [-3.1634189309420253, 51.548755605538645],
            [-3.1629470481483706, 51.5491236436016],
            [-3.162617031755879, 51.5493655574132],
            [-3.1622631569590864, 51.549616518635155],
            [-3.159172545251211, 51.551255373413966],
            [-3.1596475394563344, 51.54998121621542],
            [-3.1588308752550307, 51.54610869343926],
            [-3.154734672468283, 51.53950369157294],
            [-3.1553428779643458, 51.53314462209417],
            [-3.1565547015578845, 51.532771297455305],
            [-3.157369164419136, 51.53252839691749],
            [-3.1580787677512756, 51.53234074680876],
            [-3.1585728271058042, 51.53201665764438],
            [-3.1589516850828225, 51.53152214064387],
            [-3.1590940136957006, 51.53142137445319],
            [-3.158943440453246, 51.531180532583456],
            [-3.1586876771253505, 51.5309813728154],
            [-3.158373082753209, 51.530838452972674],
            [-3.1582495324091195, 51.530616945507504],
            [-3.1584791591392385, 51.53053635879366],
            [-3.1581653465471704, 51.530009479498965],
            [-3.1579210456075066, 51.52984122668635],
            [-3.1574505136632802, 51.53010888217023],
            [-3.157152804722088, 51.53002882516426],
            [-3.155993805693725, 51.52965036844104],
            [-3.155257547836455, 51.529512764458595],
            [-3.1546520692766924, 51.52939877581453],
            [-3.154148558050083, 51.529212385563746],
            [-3.1534902057768623, 51.52904810739841],
            [-3.152677019939286, 51.52890620839682],
            [-3.1520885179260425, 51.52872747838418],
            [-3.154155810376195, 51.52603379158248],
            [-3.1544180573272076, 51.525664883222916],
            [-3.1548643577377815, 51.52590470763903],
            [-3.1559372526233074, 51.525118861956756],
            [-3.156502178330618, 51.52559714337919],
            [-3.1568820963492654, 51.52571424672878],
            [-3.1569545561189845, 51.52578061105718],
            [-3.1571728857094654, 51.525778367178546],
            [-3.15762355604509, 51.52562726288058],
            [-3.1581333981508948, 51.5254165860868],
            [-3.1582865081322455, 51.524838247624075],
            [-3.158537772684541, 51.52487299204479],
            [-3.1587397301267393, 51.52484492054555],
            [-3.1591935689958155, 51.52487019872671],
            [-3.159286637559716, 51.52390922003159],
            [-3.1593753375556934, 51.52350838612073],
            [-3.159630334166832, 51.5233271971679],
            [-3.159698884803104, 51.523200004118856],
            [-3.1597302280870476, 51.523021026273284],
            [-3.160241960970947, 51.52285222337457],
            [-3.1601707769019587, 51.52262624320559],
            [-3.1598343382524083, 51.52251213743008],
            [-3.159154143467514, 51.52225099525521],
            [-3.158777951208989, 51.52222863649593],
            [-3.157890642450526, 51.52239934330877],
            [-3.15740718876613, 51.52238181566363],
            [-3.156932068760314, 51.522215388837964],
            [-3.1567099531932064, 51.52202776197452],
            [-3.156552323411303, 51.52179678752646],
            [-3.1561147330151065, 51.52199631493248],
            [-3.1557840934535824, 51.52199678639073],
            [-3.155283307102122, 51.522028875945644],
            [-3.155322499505851, 51.52222765913668],
            [-3.1546703017984643, 51.522262945978795],
            [-3.1546207255339205, 51.522001142092286],
            [-3.1538951694960424, 51.522019522826554],
            [-3.153867905057153, 51.52172216116913],
            [-3.153848113245296, 51.52116162470673],
            [-3.1537386332421633, 51.52049694583692],
            [-3.1524423982162233, 51.52055779700609],
            [-3.1509097382923144, 51.52055405495956],
            [-3.149867337348012, 51.52069583062012],
            [-3.148819326249867, 51.521370867917334],
            [-3.1480937981005876, 51.522083382273124],
            [-3.1463188038344683, 51.52156932761721],
            [-3.1448281131031455, 51.52133805193122],
            [-3.1429770314589347, 51.52152991908503],
            [-3.141132899923205, 51.52187931613745],
            [-3.139841644141577, 51.52134525970805],
            [-3.139854814653342, 51.521330115343524],
            [-3.1407155482729867, 51.52019228242233],
            [-3.141452580171696, 51.51918135273812],
            [-3.1422354185922448, 51.51764655712503],
            [-3.1426662540309005, 51.51679065306588],
            [-3.1430602452254726, 51.51578773009318],
            [-3.143856051293359, 51.513405944050156],
            [-3.14435587322151, 51.51195320051797],
            [-3.145125723015883, 51.50958739290813],
            [-3.1456085982297575, 51.508128603936775],
            [-3.1459235360449616, 51.50729971476501],
            [-3.144591777550866, 51.50700376116392],
            [-3.1440058482485274, 51.506690807479615],
            [-3.143506885003689, 51.50616785228756],
            [-3.1433658109096854, 51.50589686457957],
            [-3.143283846557045, 51.50560992433062],
            [-3.14325671248709, 51.50523396958269],
            [-3.1433357720763753, 51.5046739951299],
            [-3.143546723233217, 51.503725095359954],
            [-3.1435457412869083, 51.50337514174729],
            [-3.143528709948935, 51.50304018120009],
            [-3.1432097141051694, 51.502343365169075],
            [-3.142641788645092, 51.50171641317157],
            [-3.1421118633966603, 51.50132944077607],
            [-3.1417377827927844, 51.50111341256841],
            [-3.1412388427345443, 51.5008934730949],
            [-3.1405379130397857, 51.50069051278867],
            [-3.1398310556478313, 51.50056151903385],
            [-3.140162636790733, 51.500102857535374],
            [-3.141273364823648, 51.49831957564793],
            [-3.142305664472621, 51.49666976648402],
            [-3.1431164256982767, 51.49546100081181],
            [-3.143972811754231, 51.49439619350389],
            [-3.1446822918849904, 51.49375929855397],
            [-3.145498877522329, 51.49320677566962],
            [-3.1462140836797525, 51.492822666849605],
            [-3.147128058398954, 51.492363954716964],
            [-3.1489470462954143, 51.491539123056164],
            [-3.150085696259138, 51.49125883265471],
            [-3.15098633013926, 51.49112527753782],
            [-3.1521207325726093, 51.4910944438491],
            [-3.1535426103072037, 51.491205180912495],
            [-3.1555024699032157, 51.491389279130665],
            [-3.156176023035637, 51.49100857675898],
            [-3.156546352601584, 51.490690028486185],
            [-3.15788642571265, 51.489226680136206],
            [-3.158763705191243, 51.4881745939609],
            [-3.1596576400472, 51.48737177133894],
            [-3.160671142425051, 51.48671864210893],
            [-3.1611772180709266, 51.48636591441087],
            [-3.1650346198283965, 51.4848790522419],
            [-3.165591626508937, 51.48550897375133],
            [-3.1656255842987404, 51.485535971533686],
            [-3.1656585594471007, 51.485563968185104],
            [-3.165688680132607, 51.48559298231688],
            [-3.165788610821863, 51.48572201162443],
            [-3.165888453628079, 51.48585886467477],
            [-3.166413464252192, 51.48667882954819],
            [-3.166608515423153, 51.48705275037287],
            [-3.166648530207103, 51.48713076158595],
            [-3.166749447185066, 51.48732074533509],
            [-3.1668335311942455, 51.48744372702347],
            [-3.166910419800575, 51.48753872553609],
            [-3.166951501910767, 51.48760773412005],
            [-3.1670114845708435, 51.48768365816406],
            [-3.1670904482581945, 51.48776964400323],
            [-3.1671724229861837, 51.48786072519742],
            [-3.1675024134028686, 51.48819967141577],
            [-3.1680264303265084, 51.48897854587113],
            [-3.168893229742607, 51.48960941137324],
            [-3.168900272760821, 51.48961446654016],
            [-3.168925310490344, 51.48963040234091],
            [-3.168945376385369, 51.48964342037861],
            [-3.168982355444956, 51.48966445241396],
            [-3.1690562179651187, 51.48970840570174],
            [-3.169196253048349, 51.48978847595235],
            [-3.1693262698349516, 51.48986540886715],
            [-3.169443253868616, 51.48992835434872],
            [-3.169532304926173, 51.48998042839124],
            [-3.1695753426910556, 51.49000742437739],
            [-3.1696841526096073, 51.49007737491996],
            [-3.1697672979151568, 51.490129417782384],
            [-3.169852270381487, 51.49018530887176],
            [-3.1699502961955988, 51.490250331304104],
            [-3.169971186237575, 51.49026738729754],
            [-3.170039215435423, 51.49032533561938],
            [-3.170078267578823, 51.490365409447364],
            [-3.1700812488878483, 51.490369336130605],
            [-3.170088249441311, 51.49037834808547],
            [-3.1705711305746083, 51.49101626901875],
            [-3.170681198270549, 51.49116326664407],
            [-3.170937159339699, 51.49150617940271],
            [-3.171293094797012, 51.491984140321364],
            [-3.1713451850936694, 51.49205510552103],
            [-3.1715441607647894, 51.492321165991015],
            [-3.1716902039418593, 51.49251707878581],
            [-3.17171720441576, 51.492570130909755],
            [-3.1742078242565284, 51.49364393486505],
            [-3.1746778943719485, 51.49505176332525],
            [-3.1759787833706055, 51.49906223563612],
            [-3.175990912205533, 51.49920319674163],
            [-3.1767587459143423, 51.50151692927429],
            [-3.177415713786234, 51.5035007781917],
            [-3.1774018413516494, 51.50350478399427],
            [-3.1785198151506098, 51.506963340795814],
            [-3.178896798609427, 51.508137127959905],
            [-3.1796766787432915, 51.51058181952087],
            [-3.179608763832641, 51.51059688970573],
            [-3.180453792919838, 51.51297752735911],
            [-3.181396731710833, 51.51591925375498],
            [-3.1815628709742163, 51.51673107427817],
            [-3.181615803775208, 51.517462029342454],
            [-3.181679832799421, 51.51844896081953]
          ]
        ]
      }
    },
    {
      "type": "Feature",
      "properties": {
        "CATCHMENT_NAME": "Ysgol Gynradd Gymraeg Pen-Y-Groes",
        "URN": "6812323"
      },
      "geometry": {
        "type": "Polygon",
        "coordinates": [
          [
            [-3.159172545251211, 51.551255373413966],
            [-3.1572268055795307, 51.551951306945554],
            [-3.157244742083942, 51.55286820340756],
            [-3.1572718215542057, 51.55292926031865],
            [-3.1572708774536604, 51.552943206917014],
            [-3.1572707583551614, 51.552944197189554],
            [-3.157266735867409, 51.55295619596147],
            [-3.157265829156869, 51.552960251214735],
            [-3.1572597527642507, 51.552982251142495],
            [-3.1572537101514238, 51.553011264337826],
            [-3.157252774729014, 51.553031235353785],
            [-3.157252799829456, 51.553032224203776],
            [-3.1572417075567523, 51.55309527620312],
            [-3.1572378356497786, 51.55311320807373],
            [-3.1572327248240035, 51.55313915486453],
            [-3.1572308087078538, 51.553143220075015],
            [-3.15722980437387, 51.553166159062854],
            [-3.1572308475560753, 51.553173162373035],
            [-3.1572328235043354, 51.55319418368355],
            [-3.1572337522709675, 51.553259185206976],
            [-3.157232819118308, 51.553279246117484],
            [-3.157230815397373, 51.55329122497252],
            [-3.157226859488132, 51.55330016587483],
            [-3.157220920834849, 51.55331622985505],
            [-3.1572147754750244, 51.55334119775193],
            [-3.1572148845553283, 51.553351177569304],
            [-3.157216776524362, 51.55336320791207],
            [-3.1572177695095878, 51.55336823352225],
            [-3.1572227987757895, 51.55339021380966],
            [-3.1572248951674506, 51.55339325033986],
            [-3.1572758477727394, 51.5535481259234],
            [-3.157285724630155, 51.55354515111131],
            [-3.15732071573858, 51.55353716288281],
            [-3.1573477734919773, 51.55352916299512],
            [-3.1573718532201753, 51.553523170677416],
            [-3.1573787771541735, 51.55352319228358],
            [-3.157388729310848, 51.5535231840124],
            [-3.157394785756187, 51.553523124258426],
            [-3.157403806099946, 51.553526182389994],
            [-3.157426866442893, 51.55353117010937],
            [-3.1574647402913603, 51.55354014788927],
            [-3.1574747426630294, 51.55354211731046],
            [-3.15748679123986, 51.5535451455564],
            [-3.157503811539579, 51.55354515745195],
            [-3.157516741711597, 51.55354314159036],
            [-3.157523784742919, 51.55354217291526],
            [-3.157536808900186, 51.553538177928985],
            [-3.1576037190141233, 51.553526188017074],
            [-3.157621790196969, 51.55352214321721],
            [-3.15763974456745, 51.55351917858281],
            [-3.1576597428598707, 51.553517182872845],
            [-3.157683829000041, 51.55351712501301],
            [-3.1577007301984406, 51.55351812715288],
            [-3.157746700274643, 51.55352216937164],
            [-3.1577597057646125, 51.55352312003256],
            [-3.1578008232398314, 51.553529188317036],
            [-3.157842709675561, 51.553537137274645],
            [-3.1578438632843664, 51.553537125888475],
            [-3.1578567268624473, 51.55353816785728],
            [-3.1578696406696403, 51.55354118752407],
            [-3.1578826963965043, 51.553544115870665],
            [-3.157894719885461, 51.55354615522488],
            [-3.157904655703611, 51.55355118247704],
            [-3.157907709042699, 51.55355214143643],
            [-3.157913724033799, 51.55355612837309],
            [-3.157917720209575, 51.55356013523645],
            [-3.157919672454129, 51.55356317317716],
            [-3.157921819130993, 51.55356818739378],
            [-3.1579226843381614, 51.55356817885357],
            [-3.1579347733360734, 51.553584154840976],
            [-3.1579448347466785, 51.55359412633788],
            [-3.1579566539768997, 51.55360515949801],
            [-3.1579597347202784, 51.553607197201075],
            [-3.157966809365414, 51.55361315187028],
            [-3.157977754615582, 51.55361816915209],
            [-3.15798083307744, 51.55362011695915],
            [-3.157988699868149, 51.553623186432866],
            [-3.1579987273971515, 51.55362614465872],
            [-3.1580076952830702, 51.55362713514876],
            [-3.1580176748624376, 51.553628205569154],
            [-3.158068717243196, 51.55363318668833],
            [-3.1580786945417034, 51.5536341672081],
            [-3.158088816042026, 51.55363514630345],
            [-3.158092711763333, 51.55363519776235],
            [-3.1581037924350954, 51.553634189192174],
            [-3.1581247062043953, 51.553634162560435],
            [-3.1581336992145603, 51.553636141890394],
            [-3.158146707028123, 51.553637182403556],
            [-3.1581477415583263, 51.55363816128763],
            [-3.158159737679214, 51.55363912186943],
            [-3.158182672554005, 51.5536391651915],
            [-3.158202815075116, 51.553637167965135],
            [-3.158224713133162, 51.55363614250001],
            [-3.158273771611922, 51.553631162223866],
            [-3.1582847080770526, 51.55363015506045],
            [-3.158300812951216, 51.55362819768402],
            [-3.1583197078979888, 51.553628190951166],
            [-3.1583226170494476, 51.553629151323506],
            [-3.1583726785761184, 51.55374312256558],
            [-3.158624679914751, 51.554107049589454],
            [-3.1586457842389692, 51.554245045047196],
            [-3.1582426749812065, 51.55464403534326],
            [-3.157909855671891, 51.55518700838983],
            [-3.156696864172326, 51.55646385026248],
            [-3.1565190688540707, 51.556636806886665],
            [-3.156106004160754, 51.55622392902695],
            [-3.155977015581046, 51.55612593076821],
            [-3.155727056247068, 51.55601284906712],
            [-3.155719038772157, 51.55600384634453],
            [-3.1556160294955884, 51.55578690010505],
            [-3.1554260405506755, 51.55543899082643],
            [-3.1552950150338104, 51.55508402647287],
            [-3.1552501212313784, 51.55465007510436],
            [-3.1551521581830952, 51.55455806465235],
            [-3.154993109111178, 51.5542411414032],
            [-3.1549651874672686, 51.554232154760555],
            [-3.1547531620996434, 51.55423810852249],
            [-3.154679211523841, 51.554217076302805],
            [-3.15455816517917, 51.55411908822557],
            [-3.154306295398615, 51.554038212933435],
            [-3.1542502144683926, 51.554005135442324],
            [-3.1541881987395004, 51.553954132730574],
            [-3.1541511452775377, 51.553909178651885],
            [-3.154134179871302, 51.553877154946775],
            [-3.1540802120256095, 51.55368822881238],
            [-3.1540421722342162, 51.553644183581234],
            [-3.153894200703728, 51.55352514914699],
            [-3.1538321553702953, 51.55345013844993],
            [-3.1538302938662595, 51.55343927668946],
            [-3.1538992251983893, 51.55329625858179],
            [-3.15387712759089, 51.5532552036086],
            [-3.153826133089045, 51.55321218491065],
            [-3.1538231407462374, 51.55320223345175],
            [-3.153824193405566, 51.553084250763966],
            [-3.1537782372057763, 51.55299523442212],
            [-3.1537701037539136, 51.55298731172114],
            [-3.153607203098882, 51.55292228460054],
            [-3.1535362442366326, 51.55288827406179],
            [-3.153415173367357, 51.552823284930426],
            [-3.1531602082861703, 51.5526652880358],
            [-3.1530901845158104, 51.55262830074432],
            [-3.153033223507606, 51.55261735113724],
            [-3.1529883030887924, 51.552586321377035],
            [-3.152883352551954, 51.55249141041769],
            [-3.1528782312927293, 51.552471409047705],
            [-3.1529392936660514, 51.55241640856898],
            [-3.1529403228814914, 51.552394368557685],
            [-3.1527502825183347, 51.552094381647045],
            [-3.1527472222452597, 51.55203039014204],
            [-3.152741344014953, 51.55202037709555],
            [-3.152667237890659, 51.551947372571725],
            [-3.152668262759872, 51.55182246647164],
            [-3.152636329388081, 51.55175740989729],
            [-3.1526203563606066, 51.55169039813513],
            [-3.1525663036455214, 51.55164039533785],
            [-3.152420250497603, 51.55162537526318],
            [-3.1516543314825656, 51.551423478219526],
            [-3.150015628989537, 51.55101352344339],
            [-3.1499986345607462, 51.55101449930857],
            [-3.149957551219435, 51.551032525972644],
            [-3.149903539393763, 51.55107549670648],
            [-3.149872505530515, 51.551114555545176],
            [-3.149849566826146, 51.551211532096296],
            [-3.149813529523821, 51.551269522728724],
            [-3.149755596830056, 51.55131145280735],
            [-3.1497046017390953, 51.55134252471049],
            [-3.149493661896602, 51.55144251253413],
            [-3.149089598005858, 51.55166847863065],
            [-3.1488316506851293, 51.551843467660014],
            [-3.148392907427111, 51.552124441030486],
            [-3.147646922726738, 51.55253646202859],
            [-3.147463974245389, 51.552591393184734],
            [-3.1474468598574306, 51.55259335894799],
            [-3.1470719751026044, 51.5525524259986],
            [-3.1468499620421797, 51.55253949048894],
            [-3.1467119746376153, 51.552558463334584],
            [-3.1466870360778687, 51.55257048635601],
            [-3.1465720384923634, 51.5527924487459],
            [-3.14646006227602, 51.5529453245454],
            [-3.146262172227629, 51.553140401982695],
            [-3.146149102926985, 51.553284296362605],
            [-3.1460112094342216, 51.553697287590374],
            [-3.145961111257173, 51.55389622573956],
            [-3.1459101509434295, 51.5539862817428],
            [-3.145773075941489, 51.554139312088715],
            [-3.145697182804741, 51.55425316999191],
            [-3.14566617186971, 51.554385202521814],
            [-3.145631107217415, 51.55448220666299],
            [-3.1455861517470076, 51.5545931547304],
            [-3.1455112401899683, 51.554677240104674],
            [-3.1454831834129235, 51.554789102128],
            [-3.1453972387150517, 51.555008171934524],
            [-3.1453452119561742, 51.555050132030956],
            [-3.145292240482006, 51.55508319945989],
            [-3.1446973864387564, 51.5553531840773],
            [-3.1445803112307, 51.555378154644636],
            [-3.1444963986761048, 51.55539111224222],
            [-3.1444862901340316, 51.55537916187146],
            [-3.1445282923032343, 51.55520215345313],
            [-3.1445943458214374, 51.55498921296356],
            [-3.144610403209302, 51.554853190426236],
            [-3.1445883822052036, 51.55474019871586],
            [-3.144517331068438, 51.55461617587982],
            [-3.1444462742311874, 51.554509147529025],
            [-3.144471360903071, 51.554497213466576],
            [-3.144465364776581, 51.55448819026144],
            [-3.1444613649514594, 51.55447824840182],
            [-3.144444363458165, 51.5544502699776],
            [-3.1444293808500707, 51.554422271855444],
            [-3.144424326696508, 51.55441629666559],
            [-3.1444182809434023, 51.55440529574939],
            [-3.1444123793977434, 51.55439429342607],
            [-3.144406358473621, 51.55438428136339],
            [-3.1443993281211755, 51.554374279147744],
            [-3.1443914054660764, 51.554363206622114],
            [-3.144384350297614, 51.55435221555125],
            [-3.144376310524733, 51.55434222318132],
            [-3.1443674055296196, 51.55433223925115],
            [-3.1443613171422715, 51.554325285051235],
            [-3.1443512810851586, 51.554316211331916],
            [-3.144342376100665, 51.55430622739975],
            [-3.1443323423080427, 51.554297243574574],
            [-3.143882340672959, 51.553838375603746],
            [-3.143744327426381, 51.55374728573228],
            [-3.1436723661317107, 51.55375931696991],
            [-3.143653396672513, 51.553756354780596],
            [-3.14203266926686, 51.553995320215066],
            [-3.1411686196388513, 51.554102368601626],
            [-3.1411336615809384, 51.55410028088118],
            [-3.14059280890884, 51.5539232773565],
            [-3.1399157705180185, 51.553664330858034],
            [-3.139170814919744, 51.55336539716387],
            [-3.138843919751588, 51.55325347632218],
            [-3.138682013545151, 51.553227443236494],
            [-3.138472948767765, 51.55320744251328],
            [-3.138169057700225, 51.553196454097524],
            [-3.1379770196158954, 51.55318249162162],
            [-3.1375040901255384, 51.5531254847085],
            [-3.137203178173319, 51.55306042429571],
            [-3.1364052625172403, 51.552915566133606],
            [-3.1362602041940146, 51.55288253274717],
            [-3.1358343552108154, 51.55280456182135],
            [-3.1354183343050366, 51.55272154874933],
            [-3.1353182481701327, 51.552710468446094],
            [-3.1351883786242336, 51.55269652915106],
            [-3.1351483749055604, 51.55269448847806],
            [-3.1350492535276686, 51.552681600253884],
            [-3.1350344118570743, 51.552670594049125],
            [-3.1353513394687242, 51.552417555610546],
            [-3.1353583408198324, 51.5523975260931],
            [-3.1349204022647514, 51.55186261659759],
            [-3.1349053999483183, 51.55180458490886],
            [-3.1349252886194847, 51.55178658876261],
            [-3.134901277135581, 51.551789608518924],
            [-3.1348924243893075, 51.551752648021925],
            [-3.134873327519, 51.55173871567508],
            [-3.134420351299801, 51.55174669376776],
            [-3.1338885541211914, 51.55178663350015],
            [-3.13354441789058, 51.55178663244325],
            [-3.133528597630488, 51.55178264909434],
            [-3.1334144680662734, 51.5517287221585],
            [-3.1328776221961663, 51.55150165018532],
            [-3.132488629062606, 51.55137376651233],
            [-3.1320606022548936, 51.55128276488384],
            [-3.131544696264832, 51.5511957565395],
            [-3.1312098415033462, 51.55112786109396],
            [-3.131029747219327, 51.55106584591177],
            [-3.1310297226891763, 51.5510648570524],
            [-3.131030775895537, 51.55106080059643],
            [-3.131030797439307, 51.55105585490931],
            [-3.131029712256629, 51.55105280816682],
            [-3.131026872208983, 51.551048789248185],
            [-3.131021749578671, 51.5510457814331],
            [-3.131015737251814, 51.55104179309994],
            [-3.131014727889881, 51.551041802831726],
            [-3.1310077307319677, 51.5510388130893],
            [-3.130998788439724, 51.551038809387926],
            [-3.130988692591041, 51.55103881680765],
            [-3.130956743089275, 51.5510357978791],
            [-3.130947776269216, 51.55103480531443],
            [-3.130928833268472, 51.55103282991406],
            [-3.130847732804419, 51.55100780534799],
            [-3.1308447976333342, 51.551005765533745],
            [-3.130832773022003, 51.55099778884867],
            [-3.1308187296931798, 51.550989831622545],
            [-3.13080369930419, 51.55098278308779],
            [-3.130799757005582, 51.55098084289864],
            [-3.1307839105058046, 51.55097578042017],
            [-3.1307678023747028, 51.55097179947522],
            [-3.1307488348835366, 51.55096883518606],
            [-3.1307456603785107, 51.550968775868114],
            [-3.130729770018165, 51.55096776010641],
            [-3.1307097470688974, 51.5509687623681],
            [-3.1306978012316478, 51.55096977669062],
            [-3.130587830941474, 51.550943771363855],
            [-3.1305719079909564, 51.55092980773087],
            [-3.130557772498231, 51.55092976412882],
            [-3.130548854746476, 51.55093074925256],
            [-3.1305138282313347, 51.55092578166686],
            [-3.13046783559334, 51.55091480533955],
            [-3.130292816678972, 51.55085381913331],
            [-3.130131923486424, 51.5507808274302],
            [-3.1296808985779236, 51.55051793603079],
            [-3.129085927935043, 51.5501729847664],
            [-3.128305044612877, 51.5497050129317],
            [-3.1254564477381623, 51.55024203164626],
            [-3.125136462849131, 51.5499110566536],
            [-3.12535135548655, 51.54964796397988],
            [-3.125498324368198, 51.549502056074154],
            [-3.125684287094527, 51.54929409018294],
            [-3.1258024054123297, 51.54918307708557],
            [-3.1259962592338586, 51.548915149689186],
            [-3.126019208681322, 51.5488691612349],
            [-3.126030325692956, 51.54881708202957],
            [-3.126086335734419, 51.548749106009474],
            [-3.125865329625893, 51.548326185909715],
            [-3.1263402350057383, 51.54816220259558],
            [-3.12658624452083, 51.54808511847093],
            [-3.127149034572342, 51.547900236104],
            [-3.1273240380283585, 51.54782122506493],
            [-3.12733208069773, 51.54780819960464],
            [-3.1273141609925044, 51.54778921932077],
            [-3.1270760742402803, 51.54767326520268],
            [-3.1269769914834433, 51.54763222554242],
            [-3.12686615913821, 51.54759426595938],
            [-3.1266240433156596, 51.54752528673958],
            [-3.1264981190525587, 51.54749520469077],
            [-3.1264521552566107, 51.54748521561768],
            [-3.1264281384641324, 51.547476274627726],
            [-3.1257402132402636, 51.547207280416494],
            [-3.125629189604631, 51.547132275360255],
            [-3.1255442458399947, 51.54709136857095],
            [-3.125444202998071, 51.54704638044925],
            [-3.1251363252518156, 51.546971375176106],
            [-3.1251202922166788, 51.54697036002779],
            [-3.124905310028463, 51.54700137539195],
            [-3.12483529518447, 51.54700438465984],
            [-3.124744307576352, 51.54698736347241],
            [-3.1244224214748906, 51.547034329295634],
            [-3.1241363774114115, 51.54712537015915],
            [-3.1239954481191186, 51.54715927087649],
            [-3.123868478093312, 51.547180269352346],
            [-3.1236514431827915, 51.547116348866886],
            [-3.1235145543804634, 51.547109387614086],
            [-3.123470500757611, 51.54711835173893],
            [-3.123367555005453, 51.547160340180604],
            [-3.1231835724506585, 51.54718530076517],
            [-3.1229484606974154, 51.54720130916446],
            [-3.1228396473425106, 51.54723930700939],
            [-3.122825539549046, 51.54724034122823],
            [-3.122699478442213, 51.54721628091494],
            [-3.122570617234464, 51.54720735345445],
            [-3.122554657197088, 51.54720930454444],
            [-3.1223676052706093, 51.547285366531995],
            [-3.1223515721807305, 51.547284351005665],
            [-3.12233366065169, 51.54727732895696],
            [-3.1222826497371092, 51.54722629410771],
            [-3.122269691346668, 51.54722129277009],
            [-3.1221686416275873, 51.54721731401749],
            [-3.121752738464053, 51.54724736814205],
            [-3.12153782950479, 51.54728736840036],
            [-3.121460726406893, 51.54729538890131],
            [-3.1212927618220467, 51.547297354255576],
            [-3.121208654892465, 51.547290335350105],
            [-3.1211277183276973, 51.54727735150918],
            [-3.1210448283974546, 51.54725530458331],
            [-3.1209298166432196, 51.54721135485966],
            [-3.120806850261904, 51.54712539950126],
            [-3.1206957785777245, 51.54703636308737],
            [-3.120247913674188, 51.546804427030764],
            [-3.1200819354433604, 51.546693434937445],
            [-3.119990923060303, 51.54662245962982],
            [-3.119950871714091, 51.54656538455703],
            [-3.1197398489225496, 51.54621150447457],
            [-3.119424893494915, 51.545847556001746],
            [-3.119333911766563, 51.545783593480216],
            [-3.119242980275096, 51.54572754317578],
            [-3.1190659826717395, 51.54567851823884],
            [-3.1190189452832358, 51.545677528285005],
            [-3.118871980329744, 51.545700510464016],
            [-3.118900878558937, 51.545520579045125],
            [-3.118869856714858, 51.54519663133581],
            [-3.118852940644581, 51.54505966802658],
            [-3.1188479843304635, 51.5450516226983],
            [-3.11883694835694, 51.54504264626292],
            [-3.118613090526743, 51.545005577079706],
            [-3.1183010657108134, 51.54494273238206],
            [-3.118079066531282, 51.544869677339264],
            [-3.1179260292747997, 51.54480369759292],
            [-3.117917011998595, 51.5447947018324],
            [-3.1179030914541945, 51.54473863586847],
            [-3.117895039316109, 51.544686650194976],
            [-3.117904047629275, 51.544571739298725],
            [-3.1179421038679975, 51.54444171511966],
            [-3.117931016268204, 51.5444247364058],
            [-3.1177310821638184, 51.54439867726799],
            [-3.1174730903695456, 51.54438674848665],
            [-3.117342173587302, 51.54438772585222],
            [-3.1171672045183305, 51.544397664825574],
            [-3.1169942351388977, 51.544412709810665],
            [-3.1168611392216863, 51.54443070185551],
            [-3.116726244885371, 51.544457702650874],
            [-3.1166171158105938, 51.54448274958779],
            [-3.116515198630898, 51.54451375226984],
            [-3.1162952942521165, 51.54459677122838],
            [-3.11589921161715, 51.544734697250625],
            [-3.1157354194067928, 51.544800726375776],
            [-3.1152203798220617, 51.54509866624672],
            [-3.114788419104261, 51.54532073295088],
            [-3.114708498462381, 51.54537859025019],
            [-3.1146954749972986, 51.5453826703931],
            [-3.1145734481141307, 51.54538167190542],
            [-3.1144555713680426, 51.54536166121039],
            [-3.1143205226489568, 51.5453766117055],
            [-3.113991535064804, 51.54551065678675],
            [-3.1138714905215834, 51.54553769308613],
            [-3.113832581389449, 51.54542665443551],
            [-3.113760526907988, 51.54549369792014],
            [-3.113751486885642, 51.54548964753617],
            [-3.1137255795024785, 51.545497626446604],
            [-3.1133505403229447, 51.54583064537081],
            [-3.1132716611265407, 51.545907644275175],
            [-3.1131216187153927, 51.54607056047513],
            [-3.11304863162577, 51.54615856319503],
            [-3.112868747045078, 51.546410600957486],
            [-3.1128286325899293, 51.54648057786213],
            [-3.1126927807497133, 51.546805570472436],
            [-3.1126667737269145, 51.54680950379078],
            [-3.112336850588307, 51.5467225352154],
            [-3.112120728840005, 51.54667755744086],
            [-3.1119898958475907, 51.54666450084766],
            [-3.111589811362925, 51.5466395191615],
            [-3.1113898994698777, 51.54661461792458],
            [-3.111016981624814, 51.546532638801004],
            [-3.1109078740086002, 51.546505617818184],
            [-3.1108819360090463, 51.54649462374338],
            [-3.110867986249593, 51.54647254616957],
            [-3.1108878768380817, 51.546365535530555],
            [-3.110939906433151, 51.54625768100311],
            [-3.111167914327977, 51.54598567822753],
            [-3.11120390532462, 51.54579965714282],
            [-3.111234898800025, 51.54569263116828],
            [-3.1112297780687057, 51.545689622475],
            [-3.1109878401554245, 51.545768614008225],
            [-3.1107248947019106, 51.54584366774372],
            [-3.1085471295886804, 51.5451727114026],
            [-3.1085461180663647, 51.54516076190265],
            [-3.1086760856055564, 51.54501980141105],
            [-3.1087861871886027, 51.54492182940056],
            [-3.1087900055553823, 51.54491280153293],
            [-3.108775079995843, 51.54482680141672],
            [-3.1087841034403523, 51.544776811773986],
            [-3.1087961350448263, 51.54473785357806],
            [-3.1088451163353192, 51.54464684339491],
            [-3.1088530662689973, 51.54454084513469],
            [-3.1088831148917206, 51.5444777984879],
            [-3.108943081326257, 51.544381918770284],
            [-3.1090450451708245, 51.54424589830371],
            [-3.109035062155992, 51.54412595248485],
            [-3.1089940204978808, 51.54399191346468],
            [-3.1090070826930485, 51.543947910102595],
            [-3.109054044316236, 51.54385691891079],
            [-3.1091291235491747, 51.543753972525714],
            [-3.1092429625142444, 51.54363195666943],
            [-3.109276085593162, 51.543564924453165],
            [-3.109269079322356, 51.54343694780713],
            [-3.1092130900853165, 51.54322194437243],
            [-3.1092030635568375, 51.54311800432206],
            [-3.109187051492048, 51.54309999234388],
            [-3.109109057063743, 51.543083016036626],
            [-3.1091029492014233, 51.543069046616004],
            [-3.1088930758325697, 51.54303704193565],
            [-3.1087781149374676, 51.54301205251505],
            [-3.1084331151057567, 51.54295003284534],
            [-3.108345099231543, 51.54294196267183],
            [-3.108290085222635, 51.54293304111467],
            [-3.108279220039825, 51.5429309857466],
            [-3.1082690538630047, 51.54292802459539],
            [-3.108257155462663, 51.54292498989187],
            [-3.108245139107508, 51.542923035314836],
            [-3.1082341297590332, 51.54292098130466],
            [-3.1082221134058874, 51.54291902672526],
            [-3.108211104059385, 51.54291697271289],
            [-3.108199111736412, 51.542916006999576],
            [-3.10818709320167, 51.54291396251943],
            [-3.108177143287559, 51.54291396660355],
            [-3.1081641417760815, 51.54291301042094],
            [-3.108141164140212, 51.54291097955233],
            [-3.108094177828168, 51.542911962936735],
            [-3.108081080200071, 51.54291298584382],
            [-3.1080691359313852, 51.542913997854214],
            [-3.10793123074959, 51.542917998033715],
            [-3.107736234755488, 51.542869126060104],
            [-3.107478257217855, 51.54278605024578],
            [-3.1071222538222845, 51.54262701943295],
            [-3.106916285297722, 51.54251216010647],
            [-3.106818214883339, 51.54246408034829],
            [-3.1067163262940616, 51.54241909373728],
            [-3.1064383079007176, 51.54231813125884],
            [-3.1062872849453056, 51.54222118567745],
            [-3.1061503340734262, 51.542080137411304],
            [-3.106111365269082, 51.54203114003554],
            [-3.106050320280841, 51.54191617133562],
            [-3.105937329758398, 51.541758172179186],
            [-3.1058842941492415, 51.54167019312365],
            [-3.105858359802655, 51.541665132481626],
            [-3.1058183709719267, 51.54166919610995],
            [-3.1057872896486143, 51.54163621954782],
            [-3.1057103410300044, 51.541656277252834],
            [-3.105649407197063, 51.541611263321585],
            [-3.105622391833839, 51.541603245530766],
            [-3.105589469004756, 51.54161326696907],
            [-3.105575431113667, 51.541599282192315],
            [-3.105328458243649, 51.54169017875005],
            [-3.1053173792269884, 51.54169118232784],
            [-3.1051874052074666, 51.541683145494396],
            [-3.1051434719311617, 51.5416791534581],
            [-3.1051334743608314, 51.54167717954311],
            [-3.1043444825841475, 51.541227288710374],
            [-3.1038705544803067, 51.540949318041086],
            [-3.10383763069757, 51.540947379934764],
            [-3.103555522099188, 51.54087935904735],
            [-3.1035424712312367, 51.54087633471021],
            [-3.103527640987147, 51.54086532443057],
            [-3.1032835733588233, 51.54077230752786],
            [-3.102858631689885, 51.540629378091886],
            [-3.102268711044316, 51.54050939802065],
            [-3.101663771433493, 51.54036446899622],
            [-3.1016567035405487, 51.540346461908165],
            [-3.1017687603258493, 51.54009049254159],
            [-3.101759721949361, 51.540074482158666],
            [-3.101698799862529, 51.5400655230991],
            [-3.1017138403181796, 51.540037507323134],
            [-3.101543857733564, 51.54003244986132],
            [-3.1015047097183723, 51.5400294905418],
            [-3.101479787196713, 51.54003044392383],
            [-3.1012647193035794, 51.539997485330545],
            [-3.1012018721472296, 51.53998045148853],
            [-3.1011428479369583, 51.53996050435577],
            [-3.1010578168530945, 51.53992047990779],
            [-3.100794868002496, 51.539785553569715],
            [-3.100381908394486, 51.53963054368466],
            [-3.1000320087897437, 51.53942359792909],
            [-3.0998579566095095, 51.539291522394706],
            [-3.0995039987425925, 51.5390535914934],
            [-3.09917809029111, 51.53881269914486],
            [-3.0990260592466505, 51.538714674686034],
            [-3.0989400711452846, 51.538664676803705],
            [-3.098799048090841, 51.53860458413362],
            [-3.098688095026797, 51.538565699982804],
            [-3.0984171049729925, 51.53838363682715],
            [-3.0982671232948085, 51.538316703745515],
            [-3.097254337573525, 51.537920833131636],
            [-3.0969892942884782, 51.53784175682455],
            [-3.09685022666495, 51.537790815145264],
            [-3.0968292472846106, 51.53777581522481],
            [-3.096821194918016, 51.53776474071982],
            [-3.0968422699133082, 51.53753786094412],
            [-3.0969572018038414, 51.53707083221167],
            [-3.0970061763113845, 51.537008870416734],
            [-3.097002211483868, 51.53699389122891],
            [-3.09697721917108, 51.5369918770261],
            [-3.0969841393313224, 51.536961869684156],
            [-3.096430376194201, 51.536957875833274],
            [-3.096387194877085, 51.53695495251698],
            [-3.0959502919417865, 51.53695391030149],
            [-3.096427251539073, 51.53655192625866],
            [-3.0972930325538233, 51.53592699385541],
            [-3.098934855306129, 51.53484510751158],
            [-3.1005497091896954, 51.533993190894215],
            [-3.1018675581114468, 51.533358226653014],
            [-3.1035122566721167, 51.532731322526445],
            [-3.1052579997995324, 51.5321293393342],
            [-3.10641005361142, 51.531796391403105],
            [-3.107939723668422, 51.53142434801428],
            [-3.1095235942629835, 51.53110644196677],
            [-3.1116383757133907, 51.53079337468723],
            [-3.1131281351805544, 51.53068537103007],
            [-3.114600953250869, 51.530651332098984],
            [-3.116139715745245, 51.530761325209305],
            [-3.117777525702539, 51.53087125343126],
            [-3.1203382996794287, 51.53104023432681],
            [-3.1211431872249653, 51.5310582597754],
            [-3.1221731255430387, 51.53100623857439],
            [-3.123310020426032, 51.53085418422602],
            [-3.124318852490388, 51.53063626763823],
            [-3.126457620106401, 51.5300033137432],
            [-3.1278294556091355, 51.529530288986614],
            [-3.1288592692210324, 51.52915441498296],
            [-3.1302451206289565, 51.52859742312506],
            [-3.1309659187854533, 51.52826038526589],
            [-3.1322259245251267, 51.52764748515836],
            [-3.1330607256950183, 51.52719459806776],
            [-3.134134657675411, 51.52656764903545],
            [-3.1352974609805346, 51.525782652724835],
            [-3.1369311357984198, 51.524406814022875],
            [-3.1376451371625835, 51.523772800363126],
            [-3.1385930328852045, 51.522791045705034],
            [-3.1398417112215884, 51.52134528745267],
            [-3.141132899923205, 51.52187931613745],
            [-3.1429770314589347, 51.52152991908503],
            [-3.1448281131031455, 51.52133805193122],
            [-3.1463188038344683, 51.52156932761721],
            [-3.1480937981005876, 51.522083382273124],
            [-3.148819326249867, 51.521370867917334],
            [-3.149867337348012, 51.52069583062012],
            [-3.1509097382923144, 51.52055405495956],
            [-3.1524423982162233, 51.52055779700609],
            [-3.1537386332421633, 51.52049694583692],
            [-3.153848113245296, 51.52116162470673],
            [-3.153867905057153, 51.52172216116913],
            [-3.1538951694960424, 51.522019522826554],
            [-3.1546207255339205, 51.522001142092286],
            [-3.1546703017984643, 51.522262945978795],
            [-3.155322499505851, 51.52222765913668],
            [-3.155283307102122, 51.522028875945644],
            [-3.1557840934535824, 51.52199678639073],
            [-3.1561147330151065, 51.52199631493248],
            [-3.156552323411303, 51.52179678752646],
            [-3.1567099531932064, 51.52202776197452],
            [-3.156932068760314, 51.522215388837964],
            [-3.15740718876613, 51.52238181566363],
            [-3.157890642450526, 51.52239934330877],
            [-3.158777951208989, 51.52222863649593],
            [-3.159154143467514, 51.52225099525521],
            [-3.1598343382524083, 51.52251213743008],
            [-3.1601707769019587, 51.52262624320559],
            [-3.160241960970947, 51.52285222337457],
            [-3.1597302280870476, 51.523021026273284],
            [-3.159698884803104, 51.523200004118856],
            [-3.159630334166832, 51.5233271971679],
            [-3.1593753375556934, 51.52350838612073],
            [-3.159286637559716, 51.52390922003159],
            [-3.1591935689958155, 51.52487019872671],
            [-3.1587397301267393, 51.52484492054555],
            [-3.158537772684541, 51.52487299204479],
            [-3.1582865081322455, 51.524838247624075],
            [-3.1581333981508948, 51.5254165860868],
            [-3.15762355604509, 51.52562726288058],
            [-3.1571728857094654, 51.525778367178546],
            [-3.1569545561189845, 51.52578061105718],
            [-3.1568820963492654, 51.52571424672878],
            [-3.156502178330618, 51.52559714337919],
            [-3.1559372526233074, 51.525118861956756],
            [-3.1548643577377815, 51.52590470763903],
            [-3.1544180573272076, 51.525664883222916],
            [-3.154155810376195, 51.52603379158248],
            [-3.1520885179260425, 51.52872747838418],
            [-3.152677019939286, 51.52890620839682],
            [-3.1534902057768623, 51.52904810739841],
            [-3.154148558050083, 51.529212385563746],
            [-3.1546520692766924, 51.52939877581453],
            [-3.155257547836455, 51.529512764458595],
            [-3.155993805693725, 51.52965036844104],
            [-3.157152804722088, 51.53002882516426],
            [-3.1574505136632802, 51.53010888217023],
            [-3.1579210456075066, 51.52984122668635],
            [-3.1581653465471704, 51.530009479498965],
            [-3.1584791591392385, 51.53053635879366],
            [-3.1582495324091195, 51.530616945507504],
            [-3.158373082753209, 51.530838452972674],
            [-3.1586876771253505, 51.5309813728154],
            [-3.158943440453246, 51.531180532583456],
            [-3.1590940136957006, 51.53142137445319],
            [-3.1589516850828225, 51.53152214064387],
            [-3.1585728271058042, 51.53201665764438],
            [-3.1580787677512756, 51.53234074680876],
            [-3.157369164419136, 51.53252839691749],
            [-3.1565547015578845, 51.532771297455305],
            [-3.1553428779643458, 51.53314462209417],
            [-3.154734672468283, 51.53950369157294],
            [-3.1588308752550307, 51.54610869343926],
            [-3.1596475394563344, 51.54998121621542],
            [-3.159172545251211, 51.551255373413966]
          ]
        ]
      }
    },
    {
      "type": "Feature",
      "properties": { "CATCHMENT_NAME": "YSGOL BRO EIRWG", "URN": "6812171" },
      "geometry": {
        "type": "Polygon",
        "coordinates": [
          [
            [-3.1459235360449616, 51.50729971476501],
            [-3.1456085982297575, 51.508128603936775],
            [-3.145125723015883, 51.50958739290813],
            [-3.14435587322151, 51.51195320051797],
            [-3.143856051293359, 51.513405944050156],
            [-3.1430602452254726, 51.51578773009318],
            [-3.1426662540309005, 51.51679065306588],
            [-3.1422354185922448, 51.51764655712503],
            [-3.141452580171696, 51.51918135273812],
            [-3.1407155482729867, 51.52019228242233],
            [-3.139854814653342, 51.521330115343524],
            [-3.1385930328852045, 51.522791045705034],
            [-3.1376451371625835, 51.523772800363126],
            [-3.1369311357984198, 51.524406814022875],
            [-3.1352974609805346, 51.525782652724835],
            [-3.134134657675411, 51.52656764903545],
            [-3.1330607256950183, 51.52719459806776],
            [-3.1322259245251267, 51.52764748515836],
            [-3.1309659187854533, 51.52826038526589],
            [-3.1302451206289565, 51.52859742312506],
            [-3.1288592692210324, 51.52915441498296],
            [-3.1278294556091355, 51.529530288986614],
            [-3.126457620106401, 51.5300033137432],
            [-3.124318852490388, 51.53063626763823],
            [-3.123310020426032, 51.53085418422602],
            [-3.1221731255430387, 51.53100623857439],
            [-3.1211431872249653, 51.5310582597754],
            [-3.1203382996794287, 51.53104023432681],
            [-3.117777525702539, 51.53087125343126],
            [-3.116139715745245, 51.530761325209305],
            [-3.114600953250869, 51.530651332098984],
            [-3.1131281351805544, 51.53068537103007],
            [-3.1116383757133907, 51.53079337468723],
            [-3.1095235942629835, 51.53110644196677],
            [-3.107939723668422, 51.53142434801428],
            [-3.10641005361142, 51.531796391403105],
            [-3.1052579997995324, 51.5321293393342],
            [-3.1035122566721167, 51.532731322526445],
            [-3.1018675581114468, 51.533358226653014],
            [-3.1005497091896954, 51.533993190894215],
            [-3.098934855306129, 51.53484510751158],
            [-3.0972930325538233, 51.53592699385541],
            [-3.096427251539073, 51.53655192625866],
            [-3.0959502919417865, 51.53695391030149],
            [-3.0942955222777777, 51.53574108349822],
            [-3.094577948475484, 51.53485077978532],
            [-3.0952243870597766, 51.53391769273687],
            [-3.0963944655615756, 51.532956059798884],
            [-3.098094431127885, 51.532238887224885],
            [-3.0989702586424475, 51.53178397219437],
            [-3.0998074891190814, 51.53121179986625],
            [-3.1005773988560517, 51.53082593362915],
            [-3.101419183814851, 51.53038426764554],
            [-3.1027516970854885, 51.52976435110891],
            [-3.1044207927350027, 51.528918343699004],
            [-3.105736769954333, 51.52830358392999],
            [-3.1067943873709685, 51.527837454245024],
            [-3.107935926369181, 51.5274266309992],
            [-3.1088975698642343, 51.526987285114245],
            [-3.1100143626910177, 51.52669266966381],
            [-3.1106881809286633, 51.526333542014406],
            [-3.1113063446587823, 51.52594472533876],
            [-3.1119774578937647, 51.52546953158781],
            [-3.112698219234841, 51.52477868895138],
            [-3.1131621195161845, 51.524283873622736],
            [-3.113550968523134, 51.52383274984977],
            [-3.113866214051248, 51.523472691487555],
            [-3.1143407343447507, 51.52285305401842],
            [-3.114591758855, 51.52240764206718],
            [-3.1148873083502804, 51.521802561263854],
            [-3.1151154048474576, 51.521262772153904],
            [-3.1154264178964746, 51.52073073616745],
            [-3.1157646300378103, 51.52018549230224],
            [-3.116216342875822, 51.51948432806795],
            [-3.116568013587992, 51.51911294529354],
            [-3.1161466159776, 51.51891976603726],
            [-3.1151966075406214, 51.51897610064835],
            [-3.1146545178724168, 51.518792066390624],
            [-3.1144894771349567, 51.51851398939619],
            [-3.114062727997336, 51.51854385061108],
            [-3.1137944770066466, 51.5184657419669],
            [-3.1131640633729063, 51.51840635696812],
            [-3.1123550083698417, 51.518332208110856],
            [-3.1124321048011816, 51.51779358634391],
            [-3.112548630389877, 51.517465448555505],
            [-3.112727482180256, 51.51712233236717],
            [-3.1136034506268055, 51.51600559603834],
            [-3.114278540707999, 51.5154227178766],
            [-3.1146656641260897, 51.51489850232141],
            [-3.114228781366481, 51.5147952017818],
            [-3.112360609071972, 51.51338080927953],
            [-3.111561521349791, 51.512842222884274],
            [-3.1105907439306777, 51.51231820538812],
            [-3.109490744169916, 51.511593266332945],
            [-3.108866469378451, 51.511147601578024],
            [-3.106990123261802, 51.50986439179145],
            [-3.1049794954562606, 51.508363016917144],
            [-3.1026621663152647, 51.50827306154354],
            [-3.099869001731519, 51.50563249735397],
            [-3.0810448183930186, 51.4995074301547],
            [-3.078314049563795, 51.495631921123284],
            [-3.0773699638506518, 51.4943081006233],
            [-3.078434945123723, 51.49401012208438],
            [-3.079737660606884, 51.49346518717878],
            [-3.0802905925051807, 51.49311525730935],
            [-3.081474502539898, 51.49254927751296],
            [-3.0823114017900988, 51.49216030148761],
            [-3.084210089335227, 51.49133736089024],
            [-3.0854470342702953, 51.490855373356574],
            [-3.0862659688565257, 51.49043443421872],
            [-3.0873006993375536, 51.48991248811857],
            [-3.0895615598638475, 51.48884053346688],
            [-3.0905063035102907, 51.48841353952616],
            [-3.090614336847915, 51.48836568714309],
            [-3.091218130103774, 51.488046703304654],
            [-3.0931219903424974, 51.4871346391825],
            [-3.094023990598663, 51.486675734307],
            [-3.0946217568461827, 51.486455789222674],
            [-3.0950436867254507, 51.48624881321167],
            [-3.0960206620342725, 51.48575286541369],
            [-3.096443513047626, 51.48556080216484],
            [-3.0969665781862803, 51.48540385712017],
            [-3.0982313173378446, 51.48504187414816],
            [-3.098678158315262, 51.484823951252054],
            [-3.0995042527824026, 51.484344943791214],
            [-3.1009189816690768, 51.483647027700755],
            [-3.102721651699683, 51.48265707711052],
            [-3.1049523697254338, 51.481428197393065],
            [-3.1065662583155604, 51.48062429910962],
            [-3.1074920350919264, 51.480123342534206],
            [-3.10902786270044, 51.47925144935877],
            [-3.1248802898867116, 51.487903196644304],
            [-3.1250933757855304, 51.48804628084917],
            [-3.1253453952065087, 51.488191149034186],
            [-3.125943150044721, 51.48850210384897],
            [-3.126434200932569, 51.48876111870829],
            [-3.126947180920557, 51.48903304887508],
            [-3.1275670938925555, 51.48934800864406],
            [-3.1282150195762934, 51.48964794893391],
            [-3.12866898836718, 51.48984499763131],
            [-3.1292788683695516, 51.490096922042135],
            [-3.1324406181231153, 51.4914337308364],
            [-3.1325606483588886, 51.491493626274035],
            [-3.132655540667945, 51.491544682641084],
            [-3.132767512405255, 51.491610680267435],
            [-3.1328755013026566, 51.49167869448131],
            [-3.1329775157745847, 51.49174973364395],
            [-3.133075542938721, 51.49182260962465],
            [-3.1331696162307177, 51.491898670890684],
            [-3.1332595604271956, 51.49197666028326],
            [-3.1333444891703413, 51.492055687192355],
            [-3.1333815093845994, 51.49209057747688],
            [-3.133471419258904, 51.49218457256702],
            [-3.1335554742035385, 51.49228060240406],
            [-3.133634513713886, 51.49237766977807],
            [-3.1337065662415675, 51.49247759213609],
            [-3.1338854410545482, 51.492859545503215],
            [-3.1339405389219936, 51.49336741291668],
            [-3.133417586353786, 51.493829435955185],
            [-3.133024737588236, 51.496105207392105],
            [-3.132898577935937, 51.49673972332161],
            [-3.13297793112148, 51.49739518269423],
            [-3.133479633734082, 51.4983798882513],
            [-3.133799719953344, 51.498738895857365],
            [-3.1343087016409132, 51.49915677047119],
            [-3.1346836089299894, 51.49941975177502],
            [-3.1353455463496465, 51.49973669169651],
            [-3.135869572946636, 51.499941666481206],
            [-3.1360983491079217, 51.50002262481576],
            [-3.1367133542351544, 51.5001896678632],
            [-3.137252367301968, 51.500278586132474],
            [-3.137882247179456, 51.5003715657083],
            [-3.1391001641737977, 51.50047960210865],
            [-3.1398310556478313, 51.50056151903385],
            [-3.1405379130397857, 51.50069051278867],
            [-3.1412388427345443, 51.5008934730949],
            [-3.1417377827927844, 51.50111341256841],
            [-3.1421118633966603, 51.50132944077607],
            [-3.142641788645092, 51.50171641317157],
            [-3.1432097141051694, 51.502343365169075],
            [-3.143528709948935, 51.50304018120009],
            [-3.1435457412869083, 51.50337514174729],
            [-3.143546723233217, 51.503725095359954],
            [-3.1433357720763753, 51.5046739951299],
            [-3.14325671248709, 51.50523396958269],
            [-3.143283846557045, 51.50560992433062],
            [-3.1433658109096854, 51.50589686457957],
            [-3.143506885003689, 51.50616785228756],
            [-3.1440058482485274, 51.506690807479615],
            [-3.144591777550866, 51.50700376116392],
            [-3.1459235360449616, 51.50729971476501]
          ]
        ]
      }
    },
    {
      "type": "Feature",
      "properties": { "CATCHMENT_NAME": "Ysgol Pen Y Pil", "URN": "6812314" },
      "geometry": {
        "type": "Polygon",
        "coordinates": [
          [
            [-3.116568013587992, 51.51911294529354],
            [-3.116216342875822, 51.51948432806795],
            [-3.1157646300378103, 51.52018549230224],
            [-3.1154264178964746, 51.52073073616745],
            [-3.1151154048474576, 51.521262772153904],
            [-3.1148873083502804, 51.521802561263854],
            [-3.114591758855, 51.52240764206718],
            [-3.1143407343447507, 51.52285305401842],
            [-3.113866214051248, 51.523472691487555],
            [-3.113550968523134, 51.52383274984977],
            [-3.1131621195161845, 51.524283873622736],
            [-3.112698219234841, 51.52477868895138],
            [-3.1119774578937647, 51.52546953158781],
            [-3.1113063446587823, 51.52594472533876],
            [-3.1106881809286633, 51.526333542014406],
            [-3.1100143626910177, 51.52669266966381],
            [-3.1088975698642343, 51.526987285114245],
            [-3.107935926369181, 51.5274266309992],
            [-3.1067943873709685, 51.527837454245024],
            [-3.105736769954333, 51.52830358392999],
            [-3.1044207927350027, 51.528918343699004],
            [-3.1027516970854885, 51.52976435110891],
            [-3.101419183814851, 51.53038426764554],
            [-3.1005773988560517, 51.53082593362915],
            [-3.0998074891190814, 51.53121179986625],
            [-3.0989702586424475, 51.53178397219437],
            [-3.098094431127885, 51.532238887224885],
            [-3.0963944655615756, 51.532956059798884],
            [-3.0952243870597766, 51.53391769273687],
            [-3.094577948475484, 51.53485077978532],
            [-3.0942955222777777, 51.53574108349822],
            [-3.0941095075799674, 51.53571611322579],
            [-3.094001561937668, 51.53575407631015],
            [-3.0937865088407808, 51.53587099686833],
            [-3.0936774863497565, 51.535846027250166],
            [-3.0932915370935303, 51.535865001297445],
            [-3.0930745681627103, 51.53587799345455],
            [-3.092796640276424, 51.535838052099805],
            [-3.0924417987978003, 51.535711066732915],
            [-3.092101670606731, 51.53553610704889],
            [-3.091869706758708, 51.535314101629325],
            [-3.0915948372434574, 51.53502820386005],
            [-3.091480862278088, 51.53482020570815],
            [-3.0914507740124693, 51.53461718160172],
            [-3.091417793394975, 51.5342932449772],
            [-3.091198835933141, 51.53389730610683],
            [-3.0908437700220706, 51.53340435261112],
            [-3.0888070216536465, 51.533083388327206],
            [-3.0868972167260025, 51.53278243306005],
            [-3.0853913801581148, 51.532571493373645],
            [-3.0844674609857528, 51.53250154147319],
            [-3.084131575907361, 51.53247857047706],
            [-3.0839196668360778, 51.5324066166173],
            [-3.0836585519594193, 51.53232064025126],
            [-3.083113662478731, 51.53199567517198],
            [-3.0817627833969317, 51.53123466968528],
            [-3.081264915562968, 51.53143276356429],
            [-3.080840960301313, 51.53159870299411],
            [-3.079295038739304, 51.53004989857133],
            [-3.080008999024684, 51.5297239384531],
            [-3.0793749656295444, 51.52918100693997],
            [-3.0791010584841034, 51.52894308723385],
            [-3.0789400735563865, 51.52883504843067],
            [-3.0782531839605114, 51.5281711181584],
            [-3.080171791781367, 51.527411282230524],
            [-3.0792747867339276, 51.52634736011084],
            [-3.079273880251249, 51.52632731677844],
            [-3.07964781106528, 51.52618737989563],
            [-3.0784948484431367, 51.524922593371215],
            [-3.078014008004902, 51.524429588609024],
            [-3.077403014369419, 51.52377160942131],
            [-3.0772900110713, 51.523594700057316],
            [-3.0765851353585156, 51.52320877116326],
            [-3.075978114911436, 51.52304178946212],
            [-3.0754862505418035, 51.52280073538026],
            [-3.0748232315188004, 51.522409916200665],
            [-3.074677329027678, 51.52227988327743],
            [-3.0743903440031533, 51.52219385369215],
            [-3.0735164379989075, 51.52210798204512],
            [-3.0730194365757475, 51.52199689596753],
            [-3.0727474632601237, 51.52183798149083],
            [-3.0726545054776646, 51.52177094376627],
            [-3.072400424820322, 51.5216679735717],
            [-3.0708296828973016, 51.521160083199945],
            [-3.0697218249377833, 51.52074614096323],
            [-3.0694428699728777, 51.520639075212436],
            [-3.0689149658540433, 51.52027819208141],
            [-3.0695877899920463, 51.51967626204796],
            [-3.0716675242195035, 51.517967449190444],
            [-3.0723423409135817, 51.51777847762278],
            [-3.072832316944517, 51.5175804030752],
            [-3.07308631504781, 51.51733745887995],
            [-3.073215209757932, 51.51714340546179],
            [-3.073964172175558, 51.51760744920206],
            [-3.0750300066875185, 51.51694847632981],
            [-3.0758649033447636, 51.51646560367534],
            [-3.076327934651911, 51.516189532952005],
            [-3.076942832901113, 51.51670649097302],
            [-3.0776058703621154, 51.51707643718866],
            [-3.079505493272357, 51.51589857517295],
            [-3.080058380716237, 51.51555359451789],
            [-3.0809862589480748, 51.51510561601038],
            [-3.0821541538665587, 51.514849728323824],
            [-3.0821612025985914, 51.51481270697691],
            [-3.0815362432961457, 51.51461462818524],
            [-3.080286283833198, 51.51419777988114],
            [-3.078871512127165, 51.51389186487534],
            [-3.0780176404886332, 51.51321993712797],
            [-3.079588441696742, 51.51267200324696],
            [-3.0809422660656978, 51.51215194475585],
            [-3.082001139097307, 51.51160402013979],
            [-3.082550014855794, 51.51142100670608],
            [-3.0826129544485483, 51.511607994752076],
            [-3.082837057313955, 51.51185194146231],
            [-3.083941902627084, 51.511445015818914],
            [-3.085221724924617, 51.51100409002206],
            [-3.0856795881495414, 51.51088502657073],
            [-3.085914622166533, 51.51086702478147],
            [-3.086387481422974, 51.51070609768812],
            [-3.0869894527573307, 51.51064207262024],
            [-3.0876514787535374, 51.51063107866247],
            [-3.087843448988708, 51.51061410183263],
            [-3.0880773340519276, 51.51055402468143],
            [-3.088486320923709, 51.51013210989158],
            [-3.08864323877624, 51.5100411847254],
            [-3.088784267746827, 51.510009123407215],
            [-3.0890033191580004, 51.51002813023061],
            [-3.0896021623467087, 51.510226052269886],
            [-3.0899380822471922, 51.51023911581868],
            [-3.090301033473072, 51.50998415087377],
            [-3.090333172817404, 51.50994213003483],
            [-3.08913427233065, 51.50921117673064],
            [-3.088756307709166, 51.50880627833631],
            [-3.088437308597562, 51.508783253305005],
            [-3.0878892617092366, 51.5079463453527],
            [-3.086761442365362, 51.50634151312962],
            [-3.0871912884346218, 51.50607056161165],
            [-3.0870022892956483, 51.505878629987215],
            [-3.0861534287439705, 51.5050707579418],
            [-3.0851034668386346, 51.50423884440949],
            [-3.084436592197726, 51.50369588318805],
            [-3.0832946036729134, 51.502875055194586],
            [-3.0831297032522653, 51.502647017330474],
            [-3.0826516559523847, 51.50189315187222],
            [-3.0824497774451656, 51.501539209282086],
            [-3.0810448183930186, 51.4995074301547],
            [-3.099869001731519, 51.50563249735397],
            [-3.1026621663152647, 51.50827306154354],
            [-3.1049794954562606, 51.508363016917144],
            [-3.106990123261802, 51.50986439179145],
            [-3.108866469378451, 51.511147601578024],
            [-3.109490744169916, 51.511593266332945],
            [-3.1105907439306777, 51.51231820538812],
            [-3.111561521349791, 51.512842222884274],
            [-3.112360609071972, 51.51338080927953],
            [-3.114228781366481, 51.5147952017818],
            [-3.1146656641260897, 51.51489850232141],
            [-3.114278540707999, 51.5154227178766],
            [-3.1136034506268055, 51.51600559603834],
            [-3.112727482180256, 51.51712233236717],
            [-3.112548630389877, 51.517465448555505],
            [-3.1124321048011816, 51.51779358634391],
            [-3.1123550083698417, 51.518332208110856],
            [-3.1131640633729063, 51.51840635696812],
            [-3.1137944770066466, 51.5184657419669],
            [-3.114062727997336, 51.51854385061108],
            [-3.1144894771349567, 51.51851398939619],
            [-3.1146545178724168, 51.518792066390624],
            [-3.1151966075406214, 51.51897610064835],
            [-3.1161466159776, 51.51891976603726],
            [-3.116568013587992, 51.51911294529354]
          ]
        ]
      }
    },
    {
      "type": "Feature",
      "properties": {
        "CATCHMENT_NAME": "Y G G Gwaelod y Garth",
        "URN": "6812111"
      },
      "geometry": {
        "type": "Polygon",
        "coordinates": [
          [
            [-3.2906962883968927, 51.54957183926412],
            [-3.290664303236946, 51.549725862804756],
            [-3.2906462677927744, 51.549740897880945],
            [-3.29031832423758, 51.5497418979888],
            [-3.2899803613004455, 51.54970991716367],
            [-3.2895164714428438, 51.549707913986666],
            [-3.288447597484708, 51.5496769476427],
            [-3.2882055450682866, 51.5496448973169],
            [-3.2876946157276303, 51.54972891647371],
            [-3.2873336564875837, 51.54980697156232],
            [-3.287316665812136, 51.54980796729296],
            [-3.285937829539828, 51.54966896962195],
            [-3.285527837605865, 51.5496449590916],
            [-3.2848899605739335, 51.54963090676376],
            [-3.284391016568101, 51.54968492712642],
            [-3.2841190949580055, 51.549723961651125],
            [-3.284100999112453, 51.54973692823712],
            [-3.2842360547609366, 51.55011796503206],
            [-3.2842381095804516, 51.55014995368798],
            [-3.2841110800715523, 51.550852802126336],
            [-3.2840810865434116, 51.55105787590881],
            [-3.2840141950450588, 51.551217764655526],
            [-3.283995059005739, 51.551234788958006],
            [-3.283867221250298, 51.5512637932806],
            [-3.283835201578793, 51.55126378404366],
            [-3.2836411170370856, 51.5511887575573],
            [-3.2835950580129056, 51.55117676282501],
            [-3.282793293286349, 51.551074843027806],
            [-3.2814193735255106, 51.55088583340265],
            [-3.280933417639375, 51.55090480855147],
            [-3.2796846130420554, 51.55105691353417],
            [-3.2796585548535586, 51.55106888725861],
            [-3.2795836233705806, 51.55123578487823],
            [-3.279357664447574, 51.55139183094196],
            [-3.2793436425038873, 51.551395850379805],
            [-3.278935763534311, 51.55142187855358],
            [-3.2786656517034993, 51.55144883150099],
            [-3.278642795410455, 51.55146184912237],
            [-3.27855274345609, 51.551593752578576],
            [-3.278519782766823, 51.55161677138437],
            [-3.278384830180692, 51.551664820143706],
            [-3.2780288376892983, 51.551766800667075],
            [-3.2779097982102727, 51.551790846997605],
            [-3.277789788831356, 51.551800876424764],
            [-3.2776569285405066, 51.55185672449244],
            [-3.277626905009668, 51.55185075717136],
            [-3.277454934846783, 51.55173078994237],
            [-3.2773579178195757, 51.551634823928225],
            [-3.2773429411348403, 51.55160477426294],
            [-3.2773218690749313, 51.551485861184304],
            [-3.277338857081889, 51.55135088778451],
            [-3.2773609217741217, 51.5512169381249],
            [-3.2774158080667766, 51.55112192560524],
            [-3.277409789363941, 51.55110787387967],
            [-3.277275891277919, 51.55110087952114],
            [-3.276542920953304, 51.55112189637382],
            [-3.27587506837165, 51.55119696100975],
            [-3.2753221094891187, 51.551233906051934],
            [-3.2750761172712664, 51.5512259697376],
            [-3.274412198558192, 51.55118390889689],
            [-3.2743882377490805, 51.55117292934605],
            [-3.2721027279951116, 51.55068618804783],
            [-3.2731020211826034, 51.54856054481933],
            [-3.273876663913343, 51.54757013053708],
            [-3.274393811944918, 51.546934541260114],
            [-3.274345477405224, 51.54626804767619],
            [-3.2734882584822613, 51.5453694456969],
            [-3.2693877339669264, 51.543246036439065],
            [-3.2681717322715165, 51.54225866144327],
            [-3.266647360490359, 51.54086700164646],
            [-3.265536497962533, 51.540452776436524],
            [-3.2639093994535386, 51.539636591863726],
            [-3.262545652535854, 51.538669274067445],
            [-3.2615696800855614, 51.5376808655724],
            [-3.250515090270395, 51.541989732862824],
            [-3.2479670580773927, 51.54475696497933],
            [-3.245378335184889, 51.54322025152918],
            [-3.242733531766091, 51.541005458454116],
            [-3.2400179150170767, 51.539602691756656],
            [-3.2380229727312666, 51.53786486378916],
            [-3.2362741454324944, 51.53726502799618],
            [-3.234290261730673, 51.53635310414884],
            [-3.2305637046020688, 51.53394844809143],
            [-3.228224881498269, 51.53221873742351],
            [-3.228500869182667, 51.532134740235115],
            [-3.228891898325116, 51.53200772484991],
            [-3.2292037583889477, 51.5319068050732],
            [-3.2292637427851054, 51.53188576483728],
            [-3.229332783023271, 51.53186373046518],
            [-3.229701741247226, 51.53172570383623],
            [-3.2300056799592847, 51.531603823956544],
            [-3.230333681297004, 51.53147081069063],
            [-3.230533566153772, 51.53138778680275],
            [-3.2307315873915807, 51.53129983659045],
            [-3.231056531724437, 51.531149858698896],
            [-3.2311505200355812, 51.531106790135716],
            [-3.2313665309023016, 51.53100174525976],
            [-3.2314515585468033, 51.53095787133928],
            [-3.231566542820386, 51.53089686797809],
            [-3.231887436107359, 51.53071986471895],
            [-3.2324174042905374, 51.53042682657657],
            [-3.2325754136797644, 51.53033093118297],
            [-3.2332903454148534, 51.52988892773977],
            [-3.2339371590161288, 51.52953000222381],
            [-3.234159192706763, 51.5294189541125],
            [-3.2344100878162245, 51.52929303495638],
            [-3.2346510488031885, 51.52917297464071],
            [-3.2348930757443775, 51.5290550606527],
            [-3.235121998182708, 51.52894303897126],
            [-3.2378137028887224, 51.527862070898124],
            [-3.2381046130291407, 51.527761168466604],
            [-3.238477558373454, 51.527634131846895],
            [-3.2388945666465516, 51.5275000645076],
            [-3.2393164062672954, 51.52737412724549],
            [-3.2397204588595856, 51.52726213407061],
            [-3.2401284469478857, 51.527157111559724],
            [-3.240462388581394, 51.52707517071179],
            [-3.2407982293560167, 51.526994197923884],
            [-3.241075371482541, 51.52692814244342],
            [-3.2414611216771982, 51.52684313275897],
            [-3.2424020041797914, 51.52665216263617],
            [-3.244263890482535, 51.52635619326374],
            [-3.2452897905507276, 51.52622823029614],
            [-3.245468712160986, 51.52620816674557],
            [-3.246065693288303, 51.526157135870655],
            [-3.2470945641017814, 51.526080199520486],
            [-3.2481463637878694, 51.526014249996244],
            [-3.2499411969338214, 51.52590917251808],
            [-3.2506230882383114, 51.52586917267305],
            [-3.25079512821319, 51.525861133597424],
            [-3.2517429495121988, 51.525799138057955],
            [-3.2532078231910826, 51.525705174829476],
            [-3.253193721883193, 51.52547513265588],
            [-3.2601874332172955, 51.52497919223787],
            [-3.263887816635383, 51.524144757216504],
            [-3.266510487097539, 51.523321938019045],
            [-3.2683505910806576, 51.52254816916476],
            [-3.270474237580252, 51.52140460899524],
            [-3.272782526289199, 51.51985158155626],
            [-3.275226171634715, 51.518480291545046],
            [-3.277322022840263, 51.51752025305515],
            [-3.279934413285699, 51.51664580834427],
            [-3.279561527473726, 51.517348731190815],
            [-3.278260667209466, 51.518563611217736],
            [-3.276746844840263, 51.51992754333218],
            [-3.274676197358286, 51.52172732296283],
            [-3.2732193874343527, 51.523029173458944],
            [-3.272145530216835, 51.523960071327814],
            [-3.2725475122433894, 51.52427402445446],
            [-3.2727864916708937, 51.52438203184208],
            [-3.273173472122227, 51.52419412643617],
            [-3.2733504271538765, 51.52419211538336],
            [-3.273959248891925, 51.52418514392001],
            [-3.2744703439981127, 51.524204138961665],
            [-3.274501285529556, 51.52530693221304],
            [-3.274754293782365, 51.525916802330485],
            [-3.2749763708465136, 51.52614682957296],
            [-3.2750053661997987, 51.52647777684721],
            [-3.2752833532286076, 51.526572766414844],
            [-3.275130338198644, 51.526745726294735],
            [-3.275295291414615, 51.52702573963949],
            [-3.2744894041152364, 51.52699772288824],
            [-3.2739244076053016, 51.527150699342435],
            [-3.2734295413463728, 51.527719597247945],
            [-3.273043544670205, 51.5279696267667],
            [-3.2725806782509728, 51.52828064502588],
            [-3.272312773369588, 51.528552589824265],
            [-3.2722582748848055, 51.52883157081754],
            [-3.271938823097477, 51.53005236143559],
            [-3.271804865565816, 51.531432274704486],
            [-3.2720448564140634, 51.53178728053071],
            [-3.2723057703231797, 51.531910157439064],
            [-3.2727117390152056, 51.532049173907645],
            [-3.273762629826654, 51.53242208017076],
            [-3.274061693354686, 51.53312604594882],
            [-3.274331591158172, 51.53353395435764],
            [-3.274507628024683, 51.533693896037164],
            [-3.2748276211433973, 51.533814956426184],
            [-3.275143568233001, 51.533847939184795],
            [-3.2906962883968927, 51.54957183926412]
          ]
        ]
      }
    },
    {
      "type": "Feature",
      "properties": {
        "CATCHMENT_NAME": "YSGOL GYMRAEG COED Y GOF / Ysgol Gynradd Groes Wen",
        "URN": "6812170,6812333"
      },
      "geometry": {
        "type": "Polygon",
        "coordinates": [
          [
            [-3.3112194398882844, 51.50638769992085],
            [-3.3092856073146932, 51.506764671043975],
            [-3.306245087748757, 51.50753367440808],
            [-3.3035384402378227, 51.508336563853774],
            [-3.301048796374788, 51.50914750349316],
            [-3.299805916981611, 51.50962743024228],
            [-3.298334088991827, 51.510342410997694],
            [-3.296534394633916, 51.51128130155212],
            [-3.295297415044105, 51.51199319721599],
            [-3.2941176749795407, 51.512631163470736],
            [-3.2930918231853297, 51.513132091912595],
            [-3.2919858801649844, 51.51363506261483],
            [-3.291015014896536, 51.514012986305715],
            [-3.2902961200909444, 51.514266019035496],
            [-3.288368282038898, 51.51486296944464],
            [-3.2866706575817637, 51.5152489288904],
            [-3.2858897521520496, 51.51540487224712],
            [-3.2843849401783713, 51.515678892371334],
            [-3.2827441400570843, 51.51596598025773],
            [-3.2816893042537303, 51.516185946810765],
            [-3.2804813722055686, 51.51651790670714],
            [-3.279934413285699, 51.51664580834427],
            [-3.277322022840263, 51.51752025305515],
            [-3.275226171634715, 51.518480291545046],
            [-3.272782526289199, 51.51985158155626],
            [-3.270474237580252, 51.52140460899524],
            [-3.2683505910806576, 51.52254816916476],
            [-3.266510487097539, 51.523321938019045],
            [-3.263887816635383, 51.524144757216504],
            [-3.2601874332172955, 51.52497919223787],
            [-3.253193721883193, 51.52547513265588],
            [-3.2534917059906374, 51.52414833910445],
            [-3.2538835593263182, 51.523421470384335],
            [-3.2545526503619286, 51.522728501724124],
            [-3.2550665091640085, 51.52214653211634],
            [-3.2553684792448876, 51.521690557215294],
            [-3.2554954054266636, 51.52132160896831],
            [-3.255464405991979, 51.5209177541732],
            [-3.255233282387623, 51.52034375634738],
            [-3.254840500398117, 51.51962482969185],
            [-3.2546593348472532, 51.51946779089521],
            [-3.2544565389326667, 51.519236889786],
            [-3.2535754891064728, 51.51863396115301],
            [-3.252677511173632, 51.518117079579376],
            [-3.2517807233444738, 51.51764810539036],
            [-3.2499209601352983, 51.517154233508776],
            [-3.246740196223888, 51.516464332224984],
            [-3.2458323855030304, 51.51629036483423],
            [-3.2445535527614386, 51.51619334285374],
            [-3.2435335854509018, 51.5162293401846],
            [-3.2424976135789696, 51.51630749044393],
            [-3.2422197420586034, 51.51632841797931],
            [-3.240430995712804, 51.51626237821943],
            [-3.23983284080607, 51.51623381496388],
            [-3.239230126463497, 51.516127516806584],
            [-3.238553116683991, 51.515816535071735],
            [-3.2381962620054803, 51.515672476380004],
            [-3.237573161621157, 51.515164626383324],
            [-3.23741053600319, 51.514976253456936],
            [-3.2373907478325843, 51.51495335304069],
            [-3.237306233243482, 51.51485533373826],
            [-3.2372691916698875, 51.51481265329325],
            [-3.237206253558683, 51.51465461005852],
            [-3.2371552870094122, 51.514225694008495],
            [-3.237286249985264, 51.51397973229805],
            [-3.2375321968847235, 51.51365873346374],
            [-3.237822204808207, 51.513458749776106],
            [-3.2384341330241795, 51.51286484724988],
            [-3.239482368297242, 51.51185557983555],
            [-3.239720934236303, 51.511062038949134],
            [-3.240331839043764, 51.51044313934732],
            [-3.241215682560593, 51.50973520519361],
            [-3.241445655015899, 51.50951219893752],
            [-3.241607677615306, 51.50915386388316],
            [-3.2416078167832674, 51.50915368257117],
            [-3.241706576366899, 51.50900723745714],
            [-3.2448171493811433, 51.50784739050737],
            [-3.249481675584257, 51.50610648890328],
            [-3.2491423883419865, 51.50015519260311],
            [-3.245308791882467, 51.49996325795917],
            [-3.2440900952988567, 51.49988330788406],
            [-3.2432471102467617, 51.499834250893485],
            [-3.2427982221053497, 51.49979827601675],
            [-3.2422573175106817, 51.49973737753318],
            [-3.24176224853602, 51.499661334304854],
            [-3.241027307940976, 51.49951634210605],
            [-3.240291432232188, 51.499331431006546],
            [-3.2395704512670047, 51.4991165046178],
            [-3.239385578403536, 51.49905146892441],
            [-3.2391635988049865, 51.498643512940966],
            [-3.2389935472302684, 51.498301548170176],
            [-3.23883748184193, 51.49771557401467],
            [-3.238730615994617, 51.49746160174981],
            [-3.2384095286295844, 51.49705864772024],
            [-3.2381665628276437, 51.497140702352745],
            [-3.237963659057854, 51.49711164274966],
            [-3.2374986636788843, 51.49689472010889],
            [-3.237257678262311, 51.496746738174025],
            [-3.237202753440913, 51.49671872336148],
            [-3.2370347177722087, 51.49670574948986],
            [-3.236912699596425, 51.496721693585364],
            [-3.236672811368519, 51.49647577667191],
            [-3.236994691376817, 51.49637670713399],
            [-3.2369176927183037, 51.49620379516575],
            [-3.236857724695358, 51.49612781643898],
            [-3.2368007130805068, 51.4961397476613],
            [-3.2366646925764746, 51.495893814097535],
            [-3.2366156172442366, 51.49578382074924],
            [-3.2364947746925283, 51.495278938875515],
            [-3.2358749047098545, 51.49519888174738],
            [-3.234336959537066, 51.494958002536954],
            [-3.233430166743007, 51.49482007723453],
            [-3.2328001445472188, 51.49475305907646],
            [-3.232093144850192, 51.49474808154608],
            [-3.2317393250437245, 51.494715021956914],
            [-3.2314243667070772, 51.49467004349065],
            [-3.2309302916336504, 51.49456400115819],
            [-3.230256457701996, 51.49431408370479],
            [-3.2297424361296065, 51.4941731771196],
            [-3.2284026597411803, 51.49400315622584],
            [-3.2284995568475905, 51.493953134975904],
            [-3.2286916032522694, 51.49380419441418],
            [-3.2294724743244094, 51.49364818150201],
            [-3.229881433132994, 51.49350919329318],
            [-3.230716283215243, 51.493170249322304],
            [-3.2300353684482905, 51.492485285021196],
            [-3.229719396702079, 51.49210230565436],
            [-3.229592371019939, 51.49191040105553],
            [-3.229291340855688, 51.49146144283254],
            [-3.2288593446432414, 51.49074859427837],
            [-3.2284814549257983, 51.489947595689664],
            [-3.2284564514530034, 51.48991764474094],
            [-3.2283155316130485, 51.48995859576506],
            [-3.227884553257269, 51.48944868103083],
            [-3.2277554942866686, 51.48934671513289],
            [-3.227347585021224, 51.48911072117255],
            [-3.2278744051584884, 51.488695802026314],
            [-3.2280515365231466, 51.48844280187943],
            [-3.227283578276701, 51.48847584067596],
            [-3.2260147878588823, 51.488464836752264],
            [-3.225273846744915, 51.48846880564984],
            [-3.2249407419484153, 51.48853487018485],
            [-3.2252557951646312, 51.48830588047257],
            [-3.2255968091568086, 51.48805683624824],
            [-3.2257227238303487, 51.48795597915858],
            [-3.2263677051073003, 51.487569954362],
            [-3.2278085601890885, 51.48692597770399],
            [-3.228388389045647, 51.48665706958726],
            [-3.228553320842119, 51.486631063195425],
            [-3.228836433011378, 51.48662404986233],
            [-3.228954308215823, 51.48635854102143],
            [-3.228900836700768, 51.4856447811507],
            [-3.2288054134910302, 51.485143670881186],
            [-3.2290349695684237, 51.48510026142143],
            [-3.2311998472833214, 51.484493879823944],
            [-3.231661381812228, 51.48427826081726],
            [-3.232410235153536, 51.4836462599945],
            [-3.2369003654726973, 51.48117528218469],
            [-3.2383180082107352, 51.480309227834496],
            [-3.23936462509422, 51.479649667852215],
            [-3.2402574234010153, 51.47906465054991],
            [-3.2415255553357123, 51.47843518828484],
            [-3.2428129418021485, 51.47795378558063],
            [-3.2448264628180716, 51.477143737100654],
            [-3.247141204420525, 51.47634097025887],
            [-3.2492142279188796, 51.47572722687602],
            [-3.250823326779811, 51.47523178621884],
            [-3.253511474197002, 51.47432761460667],
            [-3.256222751899272, 51.47332583964708],
            [-3.2574988563890845, 51.47253399153062],
            [-3.2595406737924137, 51.47126380338911],
            [-3.2607329134000946, 51.470698069865755],
            [-3.2616149894895816, 51.470236282892294],
            [-3.263669127286007, 51.46941971512328],
            [-3.2647285316096117, 51.4687760628059],
            [-3.2662283646549612, 51.46810327590109],
            [-3.267909707182203, 51.46742050361017],
            [-3.269832438032276, 51.46655660099617],
            [-3.2696893466522674, 51.46607986603016],
            [-3.2701126815663164, 51.46543495902042],
            [-3.2718686724794352, 51.46606505302106],
            [-3.271871691045505, 51.46617876919777],
            [-3.2722917090338686, 51.466455841048436],
            [-3.2725756364406346, 51.46680875278129],
            [-3.272973500042083, 51.466987780037336],
            [-3.273072490450749, 51.467047760781725],
            [-3.2732584847177266, 51.46738869596836],
            [-3.274177477739247, 51.46797964660727],
            [-3.2747034963545905, 51.46852558767499],
            [-3.2761873254913794, 51.46967336899637],
            [-3.277374095752602, 51.470750274733675],
            [-3.2779261309687895, 51.47081817251889],
            [-3.2788800536429212, 51.47198410424988],
            [-3.2792750732751172, 51.472763987148085],
            [-3.279807057531463, 51.473554872400946],
            [-3.2800699362425694, 51.47382086323367],
            [-3.2801479483606095, 51.47381983154006],
            [-3.2803270107832843, 51.47461474753852],
            [-3.2804240153199333, 51.47525068163614],
            [-3.2812909975501805, 51.476797455142446],
            [-3.2808869690266693, 51.47709644816493],
            [-3.2810750619152365, 51.47749840353962],
            [-3.2813109243733103, 51.47750841473582],
            [-3.2815289623811097, 51.4775914555105],
            [-3.281841983379279, 51.478237345734385],
            [-3.281906903844603, 51.478457299562955],
            [-3.2818170146289467, 51.47876428016016],
            [-3.2819870349739357, 51.4792041980139],
            [-3.2822239371756083, 51.47998508006073],
            [-3.28231594636319, 51.48046208831131],
            [-3.2821789078851866, 51.48046412664217],
            [-3.2822049502786563, 51.48068405583062],
            [-3.2825409674126464, 51.480778033493436],
            [-3.2825530514046686, 51.48121895873263],
            [-3.2831069709307674, 51.482082783416324],
            [-3.2839398367780053, 51.48307870061333],
            [-3.2864987203619838, 51.48613832048376],
            [-3.2877546552434125, 51.48750911944622],
            [-3.2885405808121018, 51.48824807874701],
            [-3.2895493457359395, 51.48924193282568],
            [-3.290030364785205, 51.48959182488627],
            [-3.290271317814741, 51.48978492911894],
            [-3.290194465972594, 51.489822911748085],
            [-3.2909963110811717, 51.490413851141334],
            [-3.2929331775584307, 51.491593658548894],
            [-3.2935910785942824, 51.491941585410025],
            [-3.293339016088266, 51.49207951571207],
            [-3.2941430396355367, 51.492744503647174],
            [-3.293989016475445, 51.49281948828625],
            [-3.2941479758460894, 51.49290351743907],
            [-3.294226060178221, 51.49287846710401],
            [-3.2946300649338, 51.4932783766334],
            [-3.2948109733043363, 51.493435357320855],
            [-3.2953259824895627, 51.49498618186903],
            [-3.2955279333021332, 51.49520416440262],
            [-3.295860861308171, 51.4951641577436],
            [-3.2958648973423226, 51.4959971306989],
            [-3.2958998286122143, 51.49654804322299],
            [-3.2960909161725502, 51.49704795361088],
            [-3.2962279155494305, 51.4977078894739],
            [-3.296537929400008, 51.49825576036764],
            [-3.296959825436121, 51.4986186867531],
            [-3.2974068500157148, 51.49914076142544],
            [-3.298071793784908, 51.49974665523949],
            [-3.29856880050867, 51.499973594844704],
            [-3.298787687792586, 51.50008159207932],
            [-3.299108650631994, 51.50029851988921],
            [-3.2998436782805345, 51.500596461126364],
            [-3.301932429069665, 51.500879464811256],
            [-3.3018003371156532, 51.50107740620443],
            [-3.3025283180811638, 51.501142336735974],
            [-3.303463156417508, 51.50154935641951],
            [-3.3034662029048523, 51.50167125384355],
            [-3.3038241347380293, 51.501814293362955],
            [-3.303820136521184, 51.501679278234235],
            [-3.304714117969035, 51.502037196461835],
            [-3.3056439877919037, 51.502284196827496],
            [-3.307041941195844, 51.503139136607864],
            [-3.307422780564082, 51.50339206165681],
            [-3.307966711689774, 51.50387596884194],
            [-3.3088067347468777, 51.50442985370464],
            [-3.30966463109795, 51.50489783936169],
            [-3.309959630462395, 51.50491990158911],
            [-3.3100596161659483, 51.50497984014022],
            [-3.3107134808860614, 51.50518078756559],
            [-3.3112194398882844, 51.50638769992085]
          ]
        ]
      }
    },
    {
      "type": "Feature",
      "properties": { "CATCHMENT_NAME": "YSGOL PENCAE", "URN": "6812177" },
      "geometry": {
        "type": "Polygon",
        "coordinates": [
          [
            [-3.2337114904760593, 51.505407813669194],
            [-3.233209689141777, 51.50486008876375],
            [-3.231247986485441, 51.50302180275515],
            [-3.22983579658554, 51.501108753751126],
            [-3.2238808008897704, 51.49843994316002],
            [-3.221890199984061, 51.498254249013186],
            [-3.219225272482023, 51.49897050077201],
            [-3.2164102185315775, 51.49819639968229],
            [-3.2094998108917343, 51.49689095259983],
            [-3.2045548113905697, 51.49704265630045],
            [-3.2000095940456847, 51.497580039675114],
            [-3.197157648765208, 51.49674560951722],
            [-3.1962776397726977, 51.49530041953917],
            [-3.1960174099650964, 51.494527432068466],
            [-3.195922367619854, 51.49420945841193],
            [-3.195662903315842, 51.49328359974226],
            [-3.1952428603464367, 51.49218781172766],
            [-3.195005268034647, 51.49139229102802],
            [-3.1945961767648194, 51.49013561339501],
            [-3.193887889568687, 51.48976966322046],
            [-3.189729839001285, 51.48764487787983],
            [-3.1890512421885258, 51.48658478101997],
            [-3.188676948686752, 51.48470881576492],
            [-3.188157667175256, 51.48416251502375],
            [-3.1852912272584706, 51.481062250779615],
            [-3.1866497361570993, 51.48107620347461],
            [-3.1881609358277503, 51.48155707236466],
            [-3.1887058637734937, 51.48160109405132],
            [-3.1909336274602245, 51.48330592407729],
            [-3.19175359090799, 51.483971806502545],
            [-3.1921797030306807, 51.4842685239372],
            [-3.193407361718461, 51.48501468263802],
            [-3.1983359242550895, 51.487794260165806],
            [-3.199972663836825, 51.48866016723481],
            [-3.202036521205264, 51.489093118408604],
            [-3.202112483051919, 51.48890908420521],
            [-3.2024254920329236, 51.48889904068879],
            [-3.202637379664269, 51.488905050128814],
            [-3.203133329814225, 51.488819124551206],
            [-3.203001374087442, 51.488572121589435],
            [-3.2035403190761125, 51.488478199896804],
            [-3.2035622985800316, 51.48872210504471],
            [-3.2038123534373777, 51.48872808023413],
            [-3.204022235112369, 51.48880010849744],
            [-3.204294240547399, 51.488748129082936],
            [-3.204198279367312, 51.4885500334727],
            [-3.2047651769922925, 51.48845114324153],
            [-3.204772197598892, 51.488253068878684],
            [-3.204924176302329, 51.48838512713872],
            [-3.205113055484374, 51.48838714234493],
            [-3.205361121143152, 51.488274081558075],
            [-3.2056649731732745, 51.488321132331215],
            [-3.2062740800179457, 51.48804816659512],
            [-3.20643300618096, 51.48827411708603],
            [-3.2070800466395504, 51.48815604741394],
            [-3.207270941258202, 51.48808718199301],
            [-3.2073888751218522, 51.488026171250205],
            [-3.207510765200746, 51.4879241164451],
            [-3.207737775645384, 51.487892104881105],
            [-3.2079957604421385, 51.487833157635805],
            [-3.208229773087192, 51.487641106535875],
            [-3.2083767582299108, 51.487622147396245],
            [-3.2085356784913563, 51.48778218429949],
            [-3.2086155860206107, 51.48787910288695],
            [-3.2087267561235655, 51.48804709505079],
            [-3.208785667584132, 51.48815609932244],
            [-3.2091406601024928, 51.488176177563986],
            [-3.2093186317666174, 51.48819601258248],
            [-3.2096145497820694, 51.48823702045573],
            [-3.210088570508682, 51.488319081039805],
            [-3.210170628731666, 51.48818704182454],
            [-3.2105784542290032, 51.488293072756626],
            [-3.2106614555726174, 51.48821299681588],
            [-3.2111574898687474, 51.488218034680315],
            [-3.2113573248517215, 51.48825301695948],
            [-3.2114113810902603, 51.48834705357015],
            [-3.2116914631134215, 51.488399100068406],
            [-3.211897450893356, 51.488389058185014],
            [-3.212055265530139, 51.48840909740508],
            [-3.2123322675535224, 51.488459016152696],
            [-3.21260730913491, 51.48851102266783],
            [-3.2127872706466376, 51.48854602821636],
            [-3.212970230039858, 51.4885800133624],
            [-3.2131592660591357, 51.488615014380336],
            [-3.213346175826907, 51.48863502057111],
            [-3.2135252265533385, 51.48865196063124],
            [-3.213766241549723, 51.48860495575647],
            [-3.213939155516535, 51.488624026858574],
            [-3.2141850418499542, 51.48865196340602],
            [-3.2143589903914003, 51.48867201228889],
            [-3.2146090554267723, 51.488699994587925],
            [-3.215028051604074, 51.48874888550903],
            [-3.2152279975665348, 51.48871201450767],
            [-3.2154199531204215, 51.48878088121886],
            [-3.2154898760427506, 51.48890793172936],
            [-3.2154849234889284, 51.488997902408116],
            [-3.2154539530567967, 51.489116916992856],
            [-3.216126866287086, 51.48917585008818],
            [-3.2161628657453187, 51.488904909389696],
            [-3.2164858863502035, 51.48888690149475],
            [-3.216721713757442, 51.48886692016721],
            [-3.2169917953471616, 51.488910875152705],
            [-3.217220708533774, 51.48889087466974],
            [-3.2173977109586507, 51.48888490065505],
            [-3.2176526412037463, 51.48886292071559],
            [-3.217873658139027, 51.48884390015479],
            [-3.2181466019965757, 51.488870917913665],
            [-3.2183636396523916, 51.4888539159977],
            [-3.2185296083008033, 51.488806871862764],
            [-3.218745440803708, 51.48878790353722],
            [-3.2189224883915277, 51.48877284489304],
            [-3.219015552894552, 51.48869796361554],
            [-3.2192764113663324, 51.48867690761477],
            [-3.2195424581385903, 51.48865597690513],
            [-3.219798420345121, 51.48863497066964],
            [-3.220063401060782, 51.488611891801916],
            [-3.22032639440643, 51.488589912051815],
            [-3.220491417169803, 51.48856688344573],
            [-3.22064842403017, 51.4885349461224],
            [-3.2208542965548306, 51.48848289734643],
            [-3.220926298344587, 51.4886279069062],
            [-3.2210913856503494, 51.488601909443474],
            [-3.2214262414652337, 51.48861190942743],
            [-3.2216471509779234, 51.48868594942632],
            [-3.2227101484168563, 51.48851490209937],
            [-3.2231980119989765, 51.48844588066451],
            [-3.223485009377095, 51.48843290508743],
            [-3.2245548576027776, 51.48850185432104],
            [-3.2249407419484153, 51.48853487018485],
            [-3.225273846744915, 51.48846880564984],
            [-3.2260147878588823, 51.488464836752264],
            [-3.227283578276701, 51.48847584067596],
            [-3.2280515365231466, 51.48844280187943],
            [-3.2278744051584884, 51.488695802026314],
            [-3.227347585021224, 51.48911072117255],
            [-3.2277554942866686, 51.48934671513289],
            [-3.227884553257269, 51.48944868103083],
            [-3.2283155316130485, 51.48995859576506],
            [-3.2284564514530034, 51.48991764474094],
            [-3.2288593446432414, 51.49074859427837],
            [-3.229291340855688, 51.49146144283254],
            [-3.229592371019939, 51.49191040105553],
            [-3.229719396702079, 51.49210230565436],
            [-3.2300353684482905, 51.492485285021196],
            [-3.230716283215243, 51.493170249322304],
            [-3.229881433132994, 51.49350919329318],
            [-3.2294724743244094, 51.49364818150201],
            [-3.2286916032522694, 51.49380419441418],
            [-3.2284995568475905, 51.493953134975904],
            [-3.2297424361296065, 51.4941731771196],
            [-3.230256457701996, 51.49431408370479],
            [-3.2309302916336504, 51.49456400115819],
            [-3.2314243667070772, 51.49467004349065],
            [-3.2317393250437245, 51.494715021956914],
            [-3.232093144850192, 51.49474808154608],
            [-3.2328001445472188, 51.49475305907646],
            [-3.233430166743007, 51.49482007723453],
            [-3.234336959537066, 51.494958002536954],
            [-3.2358749047098545, 51.49519888174738],
            [-3.2364947746925283, 51.495278938875515],
            [-3.2366156172442366, 51.49578382074924],
            [-3.2366646925764746, 51.495893814097535],
            [-3.2368007130805068, 51.4961397476613],
            [-3.2369176927183037, 51.49620379516575],
            [-3.236994691376817, 51.49637670713399],
            [-3.236672811368519, 51.49647577667191],
            [-3.236912699596425, 51.496721693585364],
            [-3.237202753440913, 51.49671872336148],
            [-3.2374986636788843, 51.49689472010889],
            [-3.237963659057854, 51.49711164274966],
            [-3.2381665628276437, 51.497140702352745],
            [-3.2384095286295844, 51.49705864772024],
            [-3.238730615994617, 51.49746160174981],
            [-3.23883748184193, 51.49771557401467],
            [-3.2389935472302684, 51.498301548170176],
            [-3.2391635988049865, 51.498643512940966],
            [-3.239385578403536, 51.49905146892441],
            [-3.2395704512670047, 51.4991165046178],
            [-3.240291432232188, 51.499331431006546],
            [-3.241027307940976, 51.49951634210605],
            [-3.24176224853602, 51.499661334304854],
            [-3.2422573175106817, 51.49973737753318],
            [-3.2427982221053497, 51.49979827601675],
            [-3.2432471102467617, 51.499834250893485],
            [-3.2440900952988567, 51.49988330788406],
            [-3.245308791882467, 51.49996325795917],
            [-3.2491423883419865, 51.50015519260311],
            [-3.249481675584257, 51.50610648890328],
            [-3.2448171493811433, 51.50784739050737],
            [-3.241706576366899, 51.50900723745714],
            [-3.2415715974009913, 51.50880733747539],
            [-3.2415025878056385, 51.50872830974271],
            [-3.2413656086963907, 51.508640290234226],
            [-3.241069569429278, 51.50855836012301],
            [-3.24085978365699, 51.50851130445037],
            [-3.2406046382676554, 51.50846535772909],
            [-3.2401337758471436, 51.508387342816924],
            [-3.2399797601429556, 51.508356330824746],
            [-3.239596843429562, 51.508285296669264],
            [-3.239378805511481, 51.50823140180743],
            [-3.239206894398121, 51.50818340336657],
            [-3.23893193285519, 51.50809737860928],
            [-3.238705840291902, 51.50801740110435],
            [-3.2384269358251, 51.50791343297268],
            [-3.2382278555204307, 51.5078464773176],
            [-3.2380870160649673, 51.507796440678376],
            [-3.2379469239841328, 51.50774738509234],
            [-3.2377750154844698, 51.50766746320793],
            [-3.2376460922679486, 51.507610466398674],
            [-3.2375239498679234, 51.507548452331044],
            [-3.237317015720605, 51.50744147404514],
            [-3.2371519995681783, 51.50736057933464],
            [-3.2369020705740548, 51.507235530553345],
            [-3.236654132872249, 51.50710947113057],
            [-3.2365300693843144, 51.507045587988884],
            [-3.2363700495766645, 51.50695753587875],
            [-3.236209158311709, 51.506874528215185],
            [-3.236085157402051, 51.50680758669173],
            [-3.235966124581488, 51.50674850556591],
            [-3.235801203844554, 51.50666562973561],
            [-3.2356781919051283, 51.50660856847662],
            [-3.235549239674695, 51.506555616044814],
            [-3.2354111810716653, 51.5065015904613],
            [-3.235233258391072, 51.50642271734266],
            [-3.235101351470936, 51.506361702814566],
            [-3.2349792960717694, 51.506302652528134],
            [-3.2348532155774055, 51.50623860902549],
            [-3.2347223016622304, 51.506171648947216],
            [-3.234617243735612, 51.50610171892127],
            [-3.2345193082923887, 51.50602874648323],
            [-3.2344254144480824, 51.50595069594108],
            [-3.234335257807941, 51.505861635839416],
            [-3.2342574433393, 51.505770737295066],
            [-3.23418731706592, 51.505681736003936],
            [-3.23411331811722, 51.50559871009746],
            [-3.2340223811026774, 51.505512715221954],
            [-3.2337114904760593, 51.505407813669194]
          ]
        ]
      }
    },
    {
      "type": "Feature",
      "properties": {
        "CATCHMENT_NAME": "YSGOL MYNYDD BYCHAN",
        "URN": "6812180"
      },
      "geometry": {
        "type": "Polygon",
        "coordinates": [
          [
            [-3.205127866734874, 51.5095026950945],
            [-3.2051158155515687, 51.50950470724013],
            [-3.2050867866855017, 51.509507703127454],
            [-3.2050827791132024, 51.5095087334197],
            [-3.2050748534619817, 51.50950872494815],
            [-3.2050668359440606, 51.509510695637104],
            [-3.2050577839117786, 51.50951168784796],
            [-3.2050497663925834, 51.50951365853575],
            [-3.2050417512450458, 51.50951571911761],
            [-3.2050338516883268, 51.50951669948362],
            [-3.2050258341671967, 51.50951867016979],
            [-3.2050167821323927, 51.50951966237751],
            [-3.205008766982278, 51.50952172295708],
            [-3.205000867423778, 51.50952270332089],
            [-3.2049928499001377, 51.50952467400485],
            [-3.204983797863386, 51.509525666209996],
            [-3.2049759006758687, 51.509526736466704],
            [-3.2049678309617464, 51.50952672946822],
            [-3.2049587789240137, 51.50952772167146],
            [-3.204954886940444, 51.50952767174415],
            [-3.2049498448516136, 51.50952772355337],
            [-3.2049448003906, 51.509527685467795],
            [-3.2049397583017467, 51.50952773727658],
            [-3.2049348579004158, 51.509527697710325],
            [-3.2049288050216314, 51.50952766998576],
            [-3.2049247713505293, 51.50952771143224],
            [-3.2049188625314247, 51.50952768222694],
            [-3.2049139360369345, 51.50952665381943],
            [-3.2049088939481387, 51.509526705626875],
            [-3.2049048579050035, 51.50952665717813],
            [-3.204899789723332, 51.50952572014481],
            [-3.204894863229469, 51.509524691736495],
            [-3.2048897926761555, 51.50952366480815],
            [-3.204884750587645, 51.50952371661458],
            [-3.204879942061571, 51.509521697885056],
            [-3.2045799619253983, 51.50964859811166],
            [-3.203758947696066, 51.509951603280534],
            [-3.203204034356033, 51.51014361025831],
            [-3.201360399325092, 51.51087161272021],
            [-3.2001604641863675, 51.511343474913375],
            [-3.199720568476578, 51.511515584932305],
            [-3.1971318549827865, 51.51251541200882],
            [-3.1960149884618794, 51.512943402104014],
            [-3.194029200101037, 51.5137163484532],
            [-3.1935243108208033, 51.51391229577793],
            [-3.190849657494694, 51.51493722537493],
            [-3.1889748590716414, 51.5156622003833],
            [-3.1879789726202956, 51.516043117895244],
            [-3.1876551007442333, 51.51616913735432],
            [-3.187021054948427, 51.516416089383924],
            [-3.1860241807172134, 51.5167990682559],
            [-3.185517300528006, 51.5169931125975],
            [-3.184186424119211, 51.51752997553288],
            [-3.182981734350065, 51.518020950732016],
            [-3.1820397997461543, 51.51839093240342],
            [-3.1819678723910236, 51.518412878155054],
            [-3.181856889867475, 51.51843494769716],
            [-3.181679832799421, 51.51844896081953],
            [-3.181615803775208, 51.517462029342454],
            [-3.1815628709742163, 51.51673107427817],
            [-3.181396731710833, 51.51591925375498],
            [-3.180453792919838, 51.51297752735911],
            [-3.179608763832641, 51.51059688970573],
            [-3.1796766787432915, 51.51058181952087],
            [-3.178896798609427, 51.508137127959905],
            [-3.1785198151506098, 51.506963340795814],
            [-3.1774018413516494, 51.50350478399427],
            [-3.177415713786234, 51.5035007781917],
            [-3.1767587459143423, 51.50151692927429],
            [-3.175990912205533, 51.49920319674163],
            [-3.1759787833706055, 51.49906223563612],
            [-3.1746778943719485, 51.49505176332525],
            [-3.1742078242565284, 51.49364393486505],
            [-3.17171720441576, 51.492570130909755],
            [-3.1716902039418593, 51.49251707878581],
            [-3.1715441607647894, 51.492321165991015],
            [-3.1713451850936694, 51.49205510552103],
            [-3.171293094797012, 51.491984140321364],
            [-3.170937159339699, 51.49150617940271],
            [-3.170681198270549, 51.49116326664407],
            [-3.1705711305746083, 51.49101626901875],
            [-3.170088249441311, 51.49037834808547],
            [-3.1700812488878483, 51.490369336130605],
            [-3.170078267578823, 51.490365409447364],
            [-3.170039215435423, 51.49032533561938],
            [-3.169971186237575, 51.49026738729754],
            [-3.1699502961955988, 51.490250331304104],
            [-3.169852270381487, 51.49018530887176],
            [-3.1697672979151568, 51.490129417782384],
            [-3.1696841526096073, 51.49007737491996],
            [-3.1695753426910556, 51.49000742437739],
            [-3.169532304926173, 51.48998042839124],
            [-3.169443253868616, 51.48992835434872],
            [-3.1693262698349516, 51.48986540886715],
            [-3.169196253048349, 51.48978847595235],
            [-3.1690562179651187, 51.48970840570174],
            [-3.168982355444956, 51.48966445241396],
            [-3.168945376385369, 51.48964342037861],
            [-3.168925310490344, 51.48963040234091],
            [-3.168900272760821, 51.48961446654016],
            [-3.168893229742607, 51.48960941137324],
            [-3.1680264303265084, 51.48897854587113],
            [-3.1675024134028686, 51.48819967141577],
            [-3.1671724229861837, 51.48786072519742],
            [-3.1670904482581945, 51.48776964400323],
            [-3.1670114845708435, 51.48768365816406],
            [-3.166951501910767, 51.48760773412005],
            [-3.166910419800575, 51.48753872553609],
            [-3.1668335311942455, 51.48744372702347],
            [-3.166749447185066, 51.48732074533509],
            [-3.166648530207103, 51.48713076158595],
            [-3.166608515423153, 51.48705275037287],
            [-3.166413464252192, 51.48667882954819],
            [-3.165888453628079, 51.48585886467477],
            [-3.165788610821863, 51.48572201162443],
            [-3.165688680132607, 51.48559298231688],
            [-3.1656585594471007, 51.485563968185104],
            [-3.1656255842987404, 51.485535971533686],
            [-3.165591626508937, 51.48550897375133],
            [-3.1650346198283965, 51.4848790522419],
            [-3.16669346866935, 51.48429309933833],
            [-3.168145323015513, 51.48364516296107],
            [-3.1672613919554182, 51.482468293859455],
            [-3.166907326609523, 51.481754354081716],
            [-3.1663992582401006, 51.481009484656134],
            [-3.1663863392264004, 51.48100547690678],
            [-3.166395376787317, 51.480998463223486],
            [-3.16637229774692, 51.480878470999755],
            [-3.166372280600404, 51.48086651193046],
            [-3.166373294192354, 51.48085544179762],
            [-3.166374310077763, 51.48084446156104],
            [-3.166376333761618, 51.48083347129813],
            [-3.166378357444542, 51.480822481035204],
            [-3.1663814141580318, 51.480812469604935],
            [-3.166383293867717, 51.480801480774204],
            [-3.1663873331435535, 51.480790470458366],
            [-3.166391372417486, 51.48077946014239],
            [-3.1663952677184506, 51.48076845125861],
            [-3.1663993322220385, 51.48075842980138],
            [-3.1664033760782795, 51.480747599277514],
            [-3.1664102947639874, 51.48073656031366],
            [-3.166415341824322, 51.48072553997024],
            [-3.1664222627978664, 51.48071459090194],
            [-3.1664283176489785, 51.480703560531296],
            [-3.166436388088735, 51.480692510106785],
            [-3.166441369164124, 51.48068454766804],
            [-3.166450278187547, 51.48067249978912],
            [-3.166459333471095, 51.48066054037337],
            [-3.1664692525740445, 51.480648572362306],
            [-3.1664783307889044, 51.48063751190788],
            [-3.16648928291148, 51.48062652272702],
            [-3.1664993459698874, 51.480614553280994],
            [-3.166511305875746, 51.480603554070804],
            [-3.1665232657758726, 51.480592554859406],
            [-3.166535225670269, 51.48058155564682],
            [-3.1665472107953923, 51.48057154529202],
            [-3.1665603476785207, 51.480561523475664],
            [-3.1665803217165656, 51.480548556213826],
            [-3.1665952544877367, 51.48053554919313],
            [-3.16662540794515, 51.48050953228082],
            [-3.167572244429766, 51.479708638562784],
            [-3.1672171306314603, 51.479488725582335],
            [-3.1667132397209694, 51.47914368608356],
            [-3.1666612433314705, 51.47910373991879],
            [-3.16656335529703, 51.47903169965858],
            [-3.1664562790211637, 51.47896073984637],
            [-3.166401282732793, 51.47892172260549],
            [-3.1663221624810336, 51.478862803451825],
            [-3.166312335625305, 51.47885579760189],
            [-3.166247293100416, 51.478806809289544],
            [-3.166185248747821, 51.47875680200733],
            [-3.166123320977038, 51.478705714503256],
            [-3.166084294374664, 51.47867175357657],
            [-3.1660052720809677, 51.478599705042704],
            [-3.165977240161469, 51.47857336777493],
            [-3.171835331258065, 51.47712957505814],
            [-3.1724039944454345, 51.47686654082541],
            [-3.173685090534999, 51.476489549496556],
            [-3.174202307232612, 51.47713385677052],
            [-3.175207304967688, 51.47807675042345],
            [-3.1755702087410924, 51.47841372595908],
            [-3.176331265041377, 51.47939358476057],
            [-3.178310051113582, 51.48167420594941],
            [-3.179478000360835, 51.48302006136359],
            [-3.1795928813252283, 51.483275085254846],
            [-3.1797068497330723, 51.48347796510067],
            [-3.1800668709031887, 51.483678008832655],
            [-3.1803978137532924, 51.483844984223865],
            [-3.180948789449664, 51.48406099647603],
            [-3.1815056242363124, 51.48449787846663],
            [-3.1823336712332253, 51.48523576998729],
            [-3.1837615281073774, 51.48647663344778],
            [-3.1844764119355133, 51.487174469392656],
            [-3.184772476087292, 51.487494467538625],
            [-3.1851774330801064, 51.488164408515374],
            [-3.185442430286526, 51.48845234810978],
            [-3.1857683629212477, 51.48866836498884],
            [-3.1863223995573424, 51.48903232804256],
            [-3.1869112861063122, 51.48940124093126],
            [-3.1879871325844373, 51.49063302723944],
            [-3.1881292680929434, 51.49088111252751],
            [-3.188523079417951, 51.491988880969366],
            [-3.18869714045231, 51.49248382949071],
            [-3.1889581071321063, 51.49296377921294],
            [-3.1893341148426084, 51.493319732015884],
            [-3.189754184033009, 51.49366372688635],
            [-3.19029095974748, 51.49412459930091],
            [-3.190768899855192, 51.4945826498662],
            [-3.190986003428581, 51.49484858350862],
            [-3.1911819643308514, 51.495082540513856],
            [-3.1912899618524526, 51.49531846996096],
            [-3.19141587704055, 51.49567246080621],
            [-3.197395292461007, 51.49892003373924],
            [-3.199241136836861, 51.49993281122923],
            [-3.2008170206043873, 51.50076273180177],
            [-3.2015708392254836, 51.501136626133594],
            [-3.2023228987106465, 51.50145963949602],
            [-3.203358738307694, 51.50185158145982],
            [-3.2039136779681194, 51.502041549003444],
            [-3.198465198334071, 51.504798169553794],
            [-3.199688558449701, 51.50731364174402],
            [-3.20175901373653, 51.50849636625711],
            [-3.203913583404404, 51.509241724288344],
            [-3.205127866734874, 51.5095026950945]
          ]
        ]
      }
    },
    {
      "type": "Feature",
      "properties": { "CATCHMENT_NAME": "YSGOL TREGANNA", "URN": "6812173" },
      "geometry": {
        "type": "Polygon",
        "coordinates": [
          [
            [-3.2411257243795406, 51.47863364830501],
            [-3.2402574234010153, 51.47906465054991],
            [-3.23936462509422, 51.479649667852215],
            [-3.23901943587646, 51.47986714540351],
            [-3.2383180082107352, 51.480309227834496],
            [-3.2369003654726973, 51.48117528218469],
            [-3.232410235153536, 51.4836462599945],
            [-3.232140856726026, 51.48387353048637],
            [-3.231661381812228, 51.48427826081726],
            [-3.2311998472833214, 51.484493879823944],
            [-3.2290349695684237, 51.48510026142143],
            [-3.2288054134910302, 51.485143670881186],
            [-3.228900836700768, 51.4856447811507],
            [-3.228954308215823, 51.48635854102143],
            [-3.228836433011378, 51.48662404986233],
            [-3.228553320842119, 51.486631063195425],
            [-3.228388389045647, 51.48665706958726],
            [-3.2278085601890885, 51.48692597770399],
            [-3.2263677051073003, 51.487569954362],
            [-3.2257227238303487, 51.48795597915858],
            [-3.2255968091568086, 51.48805683624824],
            [-3.2252557951646312, 51.48830588047257],
            [-3.2249407419484153, 51.48853487018485],
            [-3.2245548576027776, 51.48850185432104],
            [-3.223485009377095, 51.48843290508743],
            [-3.2231980119989765, 51.48844588066451],
            [-3.2227101484168563, 51.48851490209937],
            [-3.2216471509779234, 51.48868594942632],
            [-3.221516255864559, 51.48860090068554],
            [-3.2214262414652337, 51.48861190942743],
            [-3.2211523291213933, 51.48863490456484],
            [-3.2210913856503494, 51.488601909443474],
            [-3.220926298344587, 51.4886279069062],
            [-3.2208542965548306, 51.48848289734643],
            [-3.220727358154038, 51.48851892793759],
            [-3.22064842403017, 51.4885349461224],
            [-3.220491417169803, 51.48856688344573],
            [-3.22038329794495, 51.48858491372257],
            [-3.22032639440643, 51.488589912051815],
            [-3.2201954737380944, 51.48860089600617],
            [-3.220063401060782, 51.488611891801916],
            [-3.2199355065141524, 51.488622933895016],
            [-3.219798420345121, 51.48863497066964],
            [-3.219672512775934, 51.488644912770866],
            [-3.2195424581385903, 51.48865597690513],
            [-3.219409492387704, 51.488665902219886],
            [-3.219298540745059, 51.48867496901508],
            [-3.2192764113663324, 51.48867690761477],
            [-3.2191535298150638, 51.488686907608674],
            [-3.219118467412838, 51.48868996977141],
            [-3.219015552894552, 51.48869796361554],
            [-3.219027536619119, 51.48876383983391],
            [-3.2189224883915277, 51.48877284489304],
            [-3.218745440803708, 51.48878790353722],
            [-3.2185296083008033, 51.488806871862764],
            [-3.2183636396523916, 51.4888539159977],
            [-3.2181466019965757, 51.488870917913665],
            [-3.217922676423012, 51.48888889017072],
            [-3.2178847315024814, 51.48889189198688],
            [-3.217873658139027, 51.48884390015479],
            [-3.2176526412037463, 51.48886292071559],
            [-3.2173977109586507, 51.48888490065505],
            [-3.217220708533774, 51.48889087466974],
            [-3.2169917953471616, 51.488910875152705],
            [-3.2167358038745437, 51.48893088644031],
            [-3.216721713757442, 51.48886692016721],
            [-3.2164858863502035, 51.48888690149475],
            [-3.2162508700550854, 51.48890489570753],
            [-3.2161628657453187, 51.488904909389696],
            [-3.2162129078271238, 51.48917783502049],
            [-3.216126866287086, 51.48917585008818],
            [-3.2154539530567967, 51.489116916992856],
            [-3.2154849234889284, 51.488997902408116],
            [-3.2154898760427506, 51.48890793172936],
            [-3.2155078256861396, 51.48877592389559],
            [-3.2154199531204215, 51.48878088121886],
            [-3.2153189872113814, 51.48878093871332],
            [-3.215233889300133, 51.48878191068546],
            [-3.2152279975665348, 51.48871201450767],
            [-3.2151180080221775, 51.4887139637437],
            [-3.215120082554307, 51.48872698054744],
            [-3.2150429981822253, 51.48872598102418],
            [-3.215028051604074, 51.48874888550903],
            [-3.2147080637639496, 51.488712996288605],
            [-3.2146090554267723, 51.488699994587925],
            [-3.2143589903914003, 51.48867201228889],
            [-3.2141850418499542, 51.48865196340602],
            [-3.213939155516535, 51.488624026858574],
            [-3.213766241549723, 51.48860495575647],
            [-3.2135971429839056, 51.48865903923924],
            [-3.2135252265533385, 51.48865196063124],
            [-3.213440180485851, 51.48864402875251],
            [-3.213346175826907, 51.48863502057111],
            [-3.213251136996238, 51.48862503390343],
            [-3.2131592660591357, 51.488615014380336],
            [-3.2130672352746865, 51.48859897184457],
            [-3.212970230039858, 51.4885800133624],
            [-3.2128812256328385, 51.488564029290984],
            [-3.2127872706466376, 51.48854602821636],
            [-3.21260730913491, 51.48851102266783],
            [-3.2123322675535224, 51.488459016152696],
            [-3.2121473194347145, 51.48842603968704],
            [-3.212055265530139, 51.48840909740508],
            [-3.211959331985087, 51.48838706975344],
            [-3.2117392911211424, 51.488394019889924],
            [-3.2116914631134215, 51.488399100068406],
            [-3.2114923186078776, 51.488363032189795],
            [-3.2114113810902603, 51.48834705357015],
            [-3.211420318798535, 51.488331045504715],
            [-3.2114233923158193, 51.48832202181667],
            [-3.211427316493624, 51.48830705466442],
            [-3.2114274185955725, 51.488300039902875],
            [-3.2114273767050996, 51.488293026629094],
            [-3.2114253189212323, 51.48828603418425],
            [-3.2114223056197075, 51.48828102983698],
            [-3.2114184283647136, 51.48827603441629],
            [-3.2114144333321835, 51.48827202932485],
            [-3.211409404140197, 51.48826704580595],
            [-3.2114063254906826, 51.488265009470894],
            [-3.2114003669951168, 51.488263002890754],
            [-3.2113934005538995, 51.48826100672451],
            [-3.211385282174847, 51.48825902245966],
            [-3.211376443835, 51.48825704563283],
            [-3.2113573248517215, 51.48825301695948],
            [-3.2111574898687474, 51.488218034680315],
            [-3.2106614555726174, 51.48821299681588],
            [-3.2105784542290032, 51.488293072756626],
            [-3.2102595913898684, 51.48824502069597],
            [-3.21028050445327, 51.48820802782404],
            [-3.210170628731666, 51.48818704182454],
            [-3.210088570508682, 51.488319081039805],
            [-3.2096145497820694, 51.48823702045573],
            [-3.2093186317666174, 51.48819601258248],
            [-3.2091406601024928, 51.488176177563986],
            [-3.208785667584132, 51.48815609932244],
            [-3.2087676136056977, 51.48811609152843],
            [-3.2087397528909243, 51.48807016024103],
            [-3.2087267561235655, 51.48804709505079],
            [-3.208674710791711, 51.48795807197048],
            [-3.208653674635923, 51.48792510860673],
            [-3.208645776799233, 51.48791511906152],
            [-3.2086427638259774, 51.48791011464039],
            [-3.208638742914039, 51.487905120609646],
            [-3.208627622591208, 51.48789309613859],
            [-3.2086216751118384, 51.48788605382337],
            [-3.2086155860206107, 51.48787910288695],
            [-3.2085836436213606, 51.48784220556753],
            [-3.208544636520395, 51.48779414114854],
            [-3.208540759620513, 51.487789145629954],
            [-3.2085356784913563, 51.48778218429949],
            [-3.2083767582299108, 51.487622147396245],
            [-3.2082756858155794, 51.487607183409374],
            [-3.208259726262686, 51.48761912730861],
            [-3.208243764713251, 51.48762010107137],
            [-3.2082277813798323, 51.48763114601824],
            [-3.208229773087192, 51.487641106535875],
            [-3.2080637116133657, 51.48776115150315],
            [-3.2080697221817456, 51.48776513594024],
            [-3.208005812194877, 51.48781021456941],
            [-3.2080188151333267, 51.48781718422105],
            [-3.2079957604421385, 51.487833157635805],
            [-3.207737775645384, 51.487892104881105],
            [-3.2075318522940677, 51.487899081542885],
            [-3.207510765200746, 51.4879241164451],
            [-3.2074777523458837, 51.487961143510255],
            [-3.2074537678346777, 51.487980093729576],
            [-3.2074308853573776, 51.48799714428971],
            [-3.2073888751218522, 51.488026171250205],
            [-3.207344780956955, 51.488058097071985],
            [-3.207270941258202, 51.48808718199301],
            [-3.2071599564785056, 51.4881331944665],
            [-3.2070929109551702, 51.48815231819994],
            [-3.2070800466395504, 51.48815604741394],
            [-3.2066885774969003, 51.487589089579956],
            [-3.206242762659383, 51.48687809932773],
            [-3.2057329039403584, 51.48629392277538],
            [-3.2052956234190852, 51.48590547158256],
            [-3.2049427416049774, 51.48562603279693],
            [-3.2053765472257383, 51.48559900390844],
            [-3.204927665330783, 51.483999906941115],
            [-3.2046607007358956, 51.48352625768529],
            [-3.2040007824667676, 51.48261199274219],
            [-3.203635098024336, 51.48183416859764],
            [-3.204559920262724, 51.481871698145646],
            [-3.2057309906174867, 51.48195785229092],
            [-3.207060993787455, 51.482112585578385],
            [-3.2085717971813095, 51.48230752243766],
            [-3.210443001163338, 51.482526684417124],
            [-3.2110729508092946, 51.48253339699166],
            [-3.2111303046417494, 51.481442351882734],
            [-3.2111881552233354, 51.480462531743186],
            [-3.211191490301701, 51.480463396482776],
            [-3.211536555665872, 51.479953584679166],
            [-3.212217649232924, 51.47894699965589],
            [-3.212211142294471, 51.47894598790323],
            [-3.211701560275469, 51.47886610206488],
            [-3.2112912121241703, 51.47875416656288],
            [-3.211475708104914, 51.4783912335757],
            [-3.2113269710978054, 51.47834835025753],
            [-3.2113507423556555, 51.47821835085786],
            [-3.2136947829664795, 51.47742673458581],
            [-3.2130312985272567, 51.47632723203461],
            [-3.2147686625494982, 51.47585856592666],
            [-3.217049922974124, 51.478156717532585],
            [-3.2205556816602656, 51.477161908735],
            [-3.2201050802628077, 51.4765563151795],
            [-3.2195570450912374, 51.47588735109342],
            [-3.2189350104317156, 51.47534243358774],
            [-3.218308156531829, 51.47467554201996],
            [-3.2196699862122924, 51.47495550862511],
            [-3.2198029467968663, 51.47480656723073],
            [-3.220099873679254, 51.47487748115908],
            [-3.2211418025885914, 51.47496446518823],
            [-3.222260729589471, 51.47500145120569],
            [-3.2237475528188093, 51.47483937135329],
            [-3.2245683882726635, 51.474708509436674],
            [-3.2246884213015417, 51.474792499351324],
            [-3.22474745732615, 51.47479251204652],
            [-3.22480245021905, 51.47466847788409],
            [-3.2263042246920848, 51.474334462821176],
            [-3.226428466391092, 51.47430151142045],
            [-3.23198917943464, 51.47918680801825],
            [-3.2334577489268344, 51.478744697723165],
            [-3.2345021591109524, 51.479468527895726],
            [-3.237832195879315, 51.477679352743344],
            [-3.239635054187248, 51.47697286736863],
            [-3.2411257243795406, 51.47863364830501]
          ]
        ]
      }
    },
    {
      "type": "Feature",
      "properties": {
        "CATCHMENT_NAME": "Ysgol Gymraeg Nant Caerau",
        "URN": "6812315"
      },
      "geometry": {
        "type": "Polygon",
        "coordinates": [
          [
            [-3.2701126815663164, 51.46543495902042],
            [-3.2696893466522674, 51.46607986603016],
            [-3.269832438032276, 51.46655660099617],
            [-3.267909707182203, 51.46742050361017],
            [-3.2662283646549612, 51.46810327590109],
            [-3.2647285316096117, 51.4687760628059],
            [-3.264483294912127, 51.46892509810844],
            [-3.263669127286007, 51.46941971512328],
            [-3.2616149894895816, 51.470236282892294],
            [-3.2607329134000946, 51.470698069865755],
            [-3.2595406737924137, 51.47126380338911],
            [-3.2574988563890845, 51.47253399153062],
            [-3.256222751899272, 51.47332583964708],
            [-3.253511474197002, 51.47432761460667],
            [-3.250823326779811, 51.47523178621884],
            [-3.2492142279188796, 51.47572722687602],
            [-3.247141204420525, 51.47634097025887],
            [-3.2448264628180716, 51.477143737100654],
            [-3.2428129418021485, 51.47795378558063],
            [-3.2415255553357123, 51.47843518828484],
            [-3.2411257243795406, 51.47863364830501],
            [-3.239635054187248, 51.47697286736863],
            [-3.237832195879315, 51.477679352743344],
            [-3.2345021591109524, 51.479468527895726],
            [-3.2334577489268344, 51.478744697723165],
            [-3.23198917943464, 51.47918680801825],
            [-3.226428466391092, 51.47430151142045],
            [-3.228174960869217, 51.473837585649825],
            [-3.229031830840514, 51.47360749311395],
            [-3.2295767003487317, 51.47344253182231],
            [-3.23011878570856, 51.473179584744884],
            [-3.2302476121650714, 51.47283563890028],
            [-3.2305545677367236, 51.47259961516758],
            [-3.230848643583736, 51.47259661784662],
            [-3.2309686824275214, 51.47268060132188],
            [-3.2312245916984375, 51.47271460113244],
            [-3.231868571995074, 51.47257358580971],
            [-3.2324925089192105, 51.47243160870055],
            [-3.233119436034464, 51.47240064764481],
            [-3.234119201989957, 51.47237762824807],
            [-3.234530242688479, 51.47231260457153],
            [-3.2354841430701247, 51.472057614005756],
            [-3.2374878675387184, 51.47141171725584],
            [-3.2395335702477888, 51.470887722943154],
            [-3.240429533407536, 51.47063267500925],
            [-3.2408804361036987, 51.47065272088332],
            [-3.241694244330221, 51.470251693773655],
            [-3.2424272635955713, 51.46980278065031],
            [-3.242845083176631, 51.469283920359096],
            [-3.243220986200997, 51.46867989935063],
            [-3.243214116131519, 51.46842190225373],
            [-3.243163037670975, 51.46799406577631],
            [-3.243354062848189, 51.46780797388902],
            [-3.2434101132121556, 51.46770909697448],
            [-3.243575067002563, 51.46727905889254],
            [-3.2438199029543493, 51.46689610026534],
            [-3.243908874397213, 51.46658915885725],
            [-3.244056946709806, 51.46623213422631],
            [-3.2444788570636214, 51.46589720030274],
            [-3.244844758496465, 51.465636234250596],
            [-3.245583664213967, 51.465407272157094],
            [-3.2461685132195766, 51.46527822566947],
            [-3.246753611078819, 51.46513730417196],
            [-3.2471974913943282, 51.46487532144253],
            [-3.247664445202056, 51.46473637165295],
            [-3.2478993665685016, 51.46470932288883],
            [-3.2480773655551034, 51.4647803529339],
            [-3.248233425649364, 51.46475432295153],
            [-3.2481144223199037, 51.46468230533056],
            [-3.248111392646113, 51.46457128646245],
            [-3.2489503204140795, 51.464416321123736],
            [-3.2501061446155153, 51.464342315603936],
            [-3.2509521028119788, 51.46445531233489],
            [-3.2518000443222057, 51.464593279546996],
            [-3.252303906170079, 51.46440437115838],
            [-3.2526357749955834, 51.46432727075412],
            [-3.253146773914526, 51.46438331439916],
            [-3.253520669970763, 51.46441627385354],
            [-3.2544466579330904, 51.46456525677368],
            [-3.256223372453437, 51.46496318905107],
            [-3.2575663832884008, 51.4653041528363],
            [-3.258179338313572, 51.465481102225986],
            [-3.2587502165953297, 51.46553611912167],
            [-3.2608488872039674, 51.46552606366534],
            [-3.2620048790596408, 51.46548907604191],
            [-3.2638046208818787, 51.46530998858493],
            [-3.26503649767509, 51.465175039214806],
            [-3.265878379887873, 51.46509203657431],
            [-3.267426228232813, 51.46501398585032],
            [-3.2683099973124907, 51.46506602239877],
            [-3.2688819531305704, 51.46516998477548],
            [-3.2695319559504554, 51.465284968597864],
            [-3.2701126815663164, 51.46543495902042]
          ]
        ]
      }
    },
    {
      "type": "Feature",
      "properties": {
        "CATCHMENT_NAME": "YSGOL GYMRAEG PWLL COCH / Ysgol Gynradd Gymraeg Hamadryad",
        "URN": "6812306,6812332"
      },
      "geometry": {
        "type": "Polygon",
        "coordinates": [
          [
            [-3.2205556816602656, 51.477161908735],
            [-3.217134388323498, 51.478132731338796],
            [-3.217049922974124, 51.478156717532585],
            [-3.2147686625494982, 51.47585856592666],
            [-3.2130312985272567, 51.47632723203461],
            [-3.2136947829664795, 51.47742673458581],
            [-3.2113507423556555, 51.47821835085786],
            [-3.2113269710978054, 51.47834835025753],
            [-3.211475708104914, 51.4783912335757],
            [-3.2112912121241703, 51.47875416656288],
            [-3.211701560275469, 51.47886610206488],
            [-3.212211142294471, 51.47894598790323],
            [-3.212217649232924, 51.47894699965589],
            [-3.211536555665872, 51.479953584679166],
            [-3.211191490301701, 51.480463396482776],
            [-3.2111881552233354, 51.480462531743186],
            [-3.2111303046417494, 51.481442351882734],
            [-3.2110729508092946, 51.48253339699166],
            [-3.210443001163338, 51.482526684417124],
            [-3.2085717971813095, 51.48230752243766],
            [-3.207060993787455, 51.482112585578385],
            [-3.2057309906174867, 51.48195785229092],
            [-3.204559920262724, 51.481871698145646],
            [-3.203641151970332, 51.4818343762031],
            [-3.2036350956570914, 51.48183407870258],
            [-3.203635098024336, 51.48183416859764],
            [-3.2040007824667676, 51.48261199274219],
            [-3.2046607007358956, 51.48352625768529],
            [-3.204927665330783, 51.483999906941115],
            [-3.2053765472257383, 51.48559900390844],
            [-3.2049427416049774, 51.48562603279693],
            [-3.2052956234190852, 51.48590547158256],
            [-3.2057329039403584, 51.48629392277538],
            [-3.206242762659383, 51.48687809932773],
            [-3.2066885774969003, 51.487589089579956],
            [-3.2070800466395504, 51.48815604741394],
            [-3.206963967847399, 51.48818916376739],
            [-3.2069578899963305, 51.488177177150405],
            [-3.20643300618096, 51.48827411708603],
            [-3.2062740800179457, 51.48804816659512],
            [-3.2056649731732745, 51.488321132331215],
            [-3.205361121143152, 51.488274081558075],
            [-3.205178103519711, 51.48837415479129],
            [-3.205113055484374, 51.48838714234493],
            [-3.205015119362944, 51.4883491239781],
            [-3.204924176302329, 51.48838512713872],
            [-3.204854045273649, 51.48823811049129],
            [-3.204772197598892, 51.488253068878684],
            [-3.204855915281468, 51.488418289484144],
            [-3.2047581018451523, 51.4884231611318],
            [-3.2047651769922925, 51.48845114324153],
            [-3.204198279367312, 51.4885500334727],
            [-3.204294240547399, 51.488748129082936],
            [-3.204022235112369, 51.48880010849744],
            [-3.2038123534373777, 51.48872808023413],
            [-3.2035622985800316, 51.48872210504471],
            [-3.2035403190761125, 51.488478199896804],
            [-3.203001374087442, 51.488572121589435],
            [-3.203133329814225, 51.488819124551206],
            [-3.202637379664269, 51.488905050128814],
            [-3.2024254920329236, 51.48889904068879],
            [-3.202112483051919, 51.48890908420521],
            [-3.202036521205264, 51.489093118408604],
            [-3.199972663836825, 51.48866016723481],
            [-3.1983359242550895, 51.487794260165806],
            [-3.194907292810239, 51.48585552639565],
            [-3.193407361718461, 51.48501468263802],
            [-3.192525799123751, 51.484484496992046],
            [-3.1921797030306807, 51.4842685239372],
            [-3.19175359090799, 51.483971806502545],
            [-3.1909336274602245, 51.48330592407729],
            [-3.1887058637734937, 51.48160109405132],
            [-3.1881609358277503, 51.48155707236466],
            [-3.1866497361570993, 51.48107620347461],
            [-3.184761369794132, 51.48101590289886],
            [-3.183574453070495, 51.48103823199757],
            [-3.182225532368004, 51.481055259036786],
            [-3.180531693938801, 51.481261247480845],
            [-3.179607907628083, 51.48145227249576],
            [-3.178310051113582, 51.48167420594941],
            [-3.176331265041377, 51.47939358476057],
            [-3.1755702087410924, 51.47841372595908],
            [-3.175207304967688, 51.47807675042345],
            [-3.174202307232612, 51.47713385677052],
            [-3.1737227274078754, 51.47648045052904],
            [-3.1767457770419663, 51.47571541549681],
            [-3.177847536220498, 51.4755172293614],
            [-3.182225524973474, 51.47538665966428],
            [-3.1823205224935016, 51.475524447105556],
            [-3.1823238427286777, 51.47552477329763],
            [-3.1823248922516267, 51.47552638126025],
            [-3.187505243909636, 51.47598557306718],
            [-3.1876675719945227, 51.47597080045898],
            [-3.1876367184651784, 51.475764208658404],
            [-3.188783457339617, 51.47575258604595],
            [-3.1901528223479216, 51.47547603792955],
            [-3.190494240438536, 51.47537707701937],
            [-3.1910481603176297, 51.47511679909969],
            [-3.191625206519232, 51.47476069917248],
            [-3.1921478224375606, 51.474277824027126],
            [-3.1925750358082077, 51.47354926812501],
            [-3.1925311396978118, 51.473334717387324],
            [-3.19278482889291, 51.47279891441921],
            [-3.192697809080751, 51.472393903567735],
            [-3.192529792726357, 51.47181464349002],
            [-3.1922462573913504, 51.47143213278495],
            [-3.191957876684305, 51.47117286026759],
            [-3.1919046514790725, 51.47112493486399],
            [-3.190740545237972, 51.46984039648746],
            [-3.1901623231939156, 51.46869440028845],
            [-3.1900050595417047, 51.46838271745503],
            [-3.1898342301611198, 51.46790922715231],
            [-3.1897886380122036, 51.46793864396277],
            [-3.189785204581081, 51.46780667704604],
            [-3.189431475816563, 51.467336121354855],
            [-3.189262070923123, 51.466662365058966],
            [-3.1893331933968057, 51.46574914061838],
            [-3.1895025419132286, 51.46496512273602],
            [-3.1899882412009055, 51.463940955559224],
            [-3.190910123617462, 51.462912445465626],
            [-3.1917202888965894, 51.461967879529674],
            [-3.1916959753015157, 51.46192973105815],
            [-3.193029610370344, 51.460520523617106],
            [-3.193873188343274, 51.45939792088638],
            [-3.1945358345468504, 51.45806179817048],
            [-3.194781284133506, 51.45810182857775],
            [-3.195165382803287, 51.45814880739368],
            [-3.1957751884155727, 51.45816875475271],
            [-3.196168135539771, 51.45815773176874],
            [-3.1962400664253985, 51.45815079325729],
            [-3.196425183235417, 51.458123816352135],
            [-3.196568152654578, 51.45803180790032],
            [-3.196709144451262, 51.45791374276081],
            [-3.1968301064590063, 51.457783832726115],
            [-3.1968960818990033, 51.45754379293647],
            [-3.1968130253578932, 51.45713092061738],
            [-3.1966480830918584, 51.45674595003194],
            [-3.1965700755937685, 51.456558994100824],
            [-3.1964240254760807, 51.45648899878797],
            [-3.1962871206392975, 51.456399936907495],
            [-3.196201053449588, 51.45627897410664],
            [-3.196157013923701, 51.45616900216545],
            [-3.1961511445347477, 51.455950017723616],
            [-3.1962590580458143, 51.455723038200674],
            [-3.196360034442811, 51.45563811255694],
            [-3.1965449952862866, 51.45557804655993],
            [-3.1969679491535206, 51.45555403581339],
            [-3.197257901527721, 51.45559009968168],
            [-3.197570918358941, 51.4556770015764],
            [-3.1978418855959982, 51.4557520133603],
            [-3.198072775865061, 51.45588498276513],
            [-3.198416784808573, 51.45602299969759],
            [-3.1989597470874735, 51.45621194346359],
            [-3.1994607377155555, 51.456380902455045],
            [-3.1996585957438115, 51.456455938799515],
            [-3.199858664088483, 51.456576811232296],
            [-3.200085632051606, 51.45698784854114],
            [-3.2003016046981068, 51.45730880854184],
            [-3.2005687037895543, 51.45764174333458],
            [-3.2008106564004444, 51.45780067077538],
            [-3.201229529997247, 51.45800975836207],
            [-3.2016065392656565, 51.4581866327756],
            [-3.201898573877366, 51.45830664886847],
            [-3.2023983541668692, 51.458455645611856],
            [-3.2026894292953765, 51.45851164676625],
            [-3.202888416638736, 51.45861265289034],
            [-3.2029634184853224, 51.45868966372914],
            [-3.2030293592350767, 51.458843558930155],
            [-3.2030004238521754, 51.45901856984676],
            [-3.2028614313091697, 51.45913554302777],
            [-3.2026374778947617, 51.459267595061625],
            [-3.201745491784703, 51.45954749140207],
            [-3.2014175261530653, 51.45965453067842],
            [-3.2012136367333417, 51.45977252668315],
            [-3.2011345721949453, 51.459902551430424],
            [-3.201158594592495, 51.460044468250715],
            [-3.2012886856596814, 51.460262449159494],
            [-3.201468629122541, 51.46041643568247],
            [-3.201847606214228, 51.46068932334776],
            [-3.202289603634448, 51.46098835948479],
            [-3.202721514098284, 51.46128129300253],
            [-3.202985448453452, 51.46149232365254],
            [-3.2033494356944634, 51.46196624080339],
            [-3.2036084446426973, 51.46238917129027],
            [-3.2036875111999077, 51.46265317275693],
            [-3.203728485705116, 51.46303410117186],
            [-3.204005324035044, 51.46334103117546],
            [-3.2042653951350175, 51.463770962988356],
            [-3.204585298684204, 51.46415495989944],
            [-3.2053382850399075, 51.464857854545976],
            [-3.2060993160835154, 51.4654827912073],
            [-3.2069631699975627, 51.46611367803757],
            [-3.2077111738464787, 51.46664162522086],
            [-3.208451107868547, 51.46722854818151],
            [-3.2094218995173542, 51.46798644995284],
            [-3.2102248475306756, 51.468624415394075],
            [-3.2111088214775254, 51.46922233333922],
            [-3.2116687366303576, 51.46966821350594],
            [-3.2127227392451814, 51.47040014037766],
            [-3.2133046535302814, 51.47089802845766],
            [-3.2146654782830897, 51.47193689461911],
            [-3.2161962897281446, 51.47309573277106],
            [-3.2170093570549962, 51.47373363684239],
            [-3.218308156531829, 51.47467554201996],
            [-3.2189350104317156, 51.47534243358774],
            [-3.2195570450912374, 51.47588735109342],
            [-3.2201050802628077, 51.4765563151795],
            [-3.2205556816602656, 51.477161908735]
          ]
        ]
      }
    }
  ]
}
