{
  "type": "FeatureCollection",
  "features": [
    {
      "type": "Feature",
      "properties": {
        "CATCHMENT_NAME": "LLANEDEYRN PRIMARY SCHOOL",
        "URN": "6812094"
      },
      "geometry": {
        "type": "Polygon",
        "coordinates": [
          [
            [-3.1619508598169044, 51.51333883067191],
            [-3.161927901610829, 51.51332575019633],
            [-3.161916940498086, 51.51331974433611],
            [-3.161884830164143, 51.51330378721804],
            [-3.16185000532737, 51.513288756170915],
            [-3.1617969654155798, 51.51326581289924],
            [-3.1617419314003214, 51.51324378854424],
            [-3.1616809629731013, 51.513220743927086],
            [-3.161616969063382, 51.51319772924726],
            [-3.161515015285293, 51.51316672808837],
            [-3.1596071819413822, 51.51202197259205],
            [-3.158961266064198, 51.51182199476118],
            [-3.1582822713571246, 51.51173797541466],
            [-3.157440458593237, 51.51175698742516],
            [-3.1560735571118443, 51.51202197297579],
            [-3.1538388276272595, 51.512343950586526],
            [-3.153723873764329, 51.51264792722501],
            [-3.1536588981521017, 51.51295087256159],
            [-3.1536558272631097, 51.51302895205668],
            [-3.1536488751637943, 51.51313593358004],
            [-3.1535908130869323, 51.51324485657912],
            [-3.153476945725886, 51.51342086817118],
            [-3.153232966100908, 51.51353494651544],
            [-3.1530790324230336, 51.51398479390962],
            [-3.1530110895191643, 51.51412483563736],
            [-3.1529080195032164, 51.51433481958924],
            [-3.152909028045996, 51.51433480967412],
            [-3.152890988230829, 51.5143737419003],
            [-3.152872111159685, 51.51441376137633],
            [-3.152851047916675, 51.51445281323683],
            [-3.1528301014760465, 51.51449078492292],
            [-3.1528060352207903, 51.514530765480536],
            [-3.1525469683364316, 51.514806754036336],
            [-3.1517322781287946, 51.515874627138636],
            [-3.151418196691458, 51.516295562429626],
            [-3.151360212280755, 51.516716500533754],
            [-3.1513313260867366, 51.51716547722205],
            [-3.1514172762663986, 51.517430432320765],
            [-3.1514863004648737, 51.51780138755115],
            [-3.1516092977446064, 51.518289336132575],
            [-3.15169531498561, 51.51828831159804],
            [-3.1516823059633174, 51.518675268461735],
            [-3.151800276516199, 51.518975246720096],
            [-3.1516643841848393, 51.51933023044864],
            [-3.1512522889020387, 51.519746192815646],
            [-3.150497497562591, 51.520313072158295],
            [-3.149926539729522, 51.5207001057377],
            [-3.1498855950018454, 51.520711117571274],
            [-3.1498435223824237, 51.520723129551136],
            [-3.149798615338326, 51.520737057590985],
            [-3.1497546022922944, 51.52075214578803],
            [-3.149717573029595, 51.52076410827865],
            [-3.1496825882916037, 51.520777129735436],
            [-3.149650604686221, 51.5207891326599],
            [-3.149620544151804, 51.52080309492903],
            [-3.149589619009977, 51.52081706566552],
            [-3.149558574655865, 51.520832026664536],
            [-3.1495346627451024, 51.52084404035606],
            [-3.1495116403153722, 51.52085703442652],
            [-3.1493966471669586, 51.520921014441385],
            [-3.149360735798203, 51.52094303672094],
            [-3.149325688986643, 51.5209650505166],
            [-3.1492936184156366, 51.520985056930755],
            [-3.149261572715154, 51.52100605219445],
            [-3.1492376432901303, 51.52102310142542],
            [-3.1492127028916497, 51.521040070639614],
            [-3.1491906965110847, 51.5210590792211],
            [-3.1491686901122526, 51.521078087798465],
            [-3.149141670401547, 51.5211040692096],
            [-3.1491147698638358, 51.52112906034446],
            [-3.149026704636896, 51.52121498597933],
            [-3.1489086201658636, 51.52132800130725],
            [-3.148761766111717, 51.52147196048374],
            [-3.148661795651589, 51.52150297240652],
            [-3.148618696343333, 51.521542958610084],
            [-3.148500786461511, 51.52166298543721],
            [-3.1483778951633434, 51.52181992744763],
            [-3.148234771877013, 51.52199199385609],
            [-3.148258886287773, 51.52205101395617],
            [-3.148136857746387, 51.52220794725015],
            [-3.147516870467064, 51.52203399862496],
            [-3.146712856634377, 51.5218039388156],
            [-3.146076117430416, 51.521634012885166],
            [-3.145945039922109, 51.52160301305083],
            [-3.1458480409984704, 51.521585977133476],
            [-3.145775960616068, 51.521574002874],
            [-3.145660087193739, 51.52156299589131],
            [-3.1451231225468765, 51.52150898393995],
            [-3.1447461968692987, 51.52147408872928],
            [-3.144359311684858, 51.521473098786714],
            [-3.143661309448242, 51.52152100025157],
            [-3.1434343825844295, 51.52155900045017],
            [-3.1432253283567326, 51.52159700582415],
            [-3.1430234427705686, 51.52164501180956],
            [-3.1427094390384243, 51.52171110449313],
            [-3.14220650963692, 51.521819050134795],
            [-3.14179249381538, 51.521909043524765],
            [-3.1415755299516537, 51.521919068437384],
            [-3.14149860700154, 51.521967024284905],
            [-3.1414466286059923, 51.52197499341041],
            [-3.1413946277109326, 51.52198206354867],
            [-3.1413476186748297, 51.521987016962356],
            [-3.1412995784330717, 51.52199108120924],
            [-3.141282594594434, 51.52199205575138],
            [-3.141235630734736, 51.52199305227483],
            [-3.1411896261393966, 51.52199206124245],
            [-3.141018646920482, 51.52198500276945],
            [-3.140930699584492, 51.52198406002105],
            [-3.140921618893645, 51.52198405844277],
            [-3.1408926723119097, 51.52198505938666],
            [-3.1408636063441273, 51.52198705058613],
            [-3.140837618203142, 51.52199107995969],
            [-3.1406027586913496, 51.522029061906764],
            [-3.140616641312114, 51.52200204131622],
            [-3.14062766658384, 51.52197603761527],
            [-3.140633672979268, 51.5219510718274],
            [-3.14063665097738, 51.52192604557463],
            [-3.1406376115439847, 51.521901038943014],
            [-3.1406366740717395, 51.52187506167],
            [-3.1406347256411173, 51.521849004311015],
            [-3.140633613904702, 51.52183912410973],
            [-3.1406286781739317, 51.52180311487231],
            [-3.140620689358834, 51.52176605630835],
            [-3.140608717385703, 51.52173110460367],
            [-3.140592564244544, 51.521696103643386],
            [-3.140577669195419, 51.52167107137777],
            [-3.1405597233262035, 51.52164507967876],
            [-3.140506775157748, 51.52156808501691],
            [-3.140497714207765, 51.521540028701075],
            [-3.1404866975246475, 51.52149715488179],
            [-3.1404716740234924, 51.5214381347294],
            [-3.1404586560510275, 51.52139015502463],
            [-3.1404575709769014, 51.521387108353665],
            [-3.140452648229136, 51.521363148034595],
            [-3.1404507515923856, 51.521339158288356],
            [-3.140450728260339, 51.52131515032538],
            [-3.1404537621339994, 51.5212981262615],
            [-3.1404586651573125, 51.52127514941235],
            [-3.1404646940212695, 51.5212510825949],
            [-3.14039070546041, 51.52062615040367],
            [-3.1410086545170692, 51.51976330809994],
            [-3.14199335935786, 51.51812746009207],
            [-3.142514172973581, 51.51711754944859],
            [-3.1429931444547106, 51.51596273590961],
            [-3.143520019222307, 51.51444292367596],
            [-3.144114981051591, 51.512628141173074],
            [-3.1447798332076857, 51.510631307067044],
            [-3.1452197422425034, 51.50942345247763],
            [-3.145637659944671, 51.50808659781283],
            [-3.145988448628255, 51.50705567086365],
            [-3.1461535019774596, 51.50671974049405],
            [-3.1464644989966235, 51.506015874957114],
            [-3.147029424859533, 51.505216908738205],
            [-3.147317277908537, 51.50495197995768],
            [-3.1477983127293205, 51.5044680062276],
            [-3.14838319642686, 51.50400603263344],
            [-3.149052081691697, 51.50357902055222],
            [-3.150073994337423, 51.50310816919678],
            [-3.1506589150687123, 51.502895168412884],
            [-3.1507219108900575, 51.503108107039566],
            [-3.151419873949828, 51.50373302406644],
            [-3.1521886301564446, 51.503451041160254],
            [-3.152443515268293, 51.50339431546237],
            [-3.1526188190107596, 51.5033755978109],
            [-3.1527923714811434, 51.50336741759768],
            [-3.1531286362998108, 51.503401067862605],
            [-3.1536304648008424, 51.50369205421009],
            [-3.1534636245515384, 51.50385195234153],
            [-3.1536755976266284, 51.504223928674],
            [-3.154006477516909, 51.50416393417412],
            [-3.154555412277188, 51.5040949581534],
            [-3.154654448886902, 51.50407995568495],
            [-3.1552484325775003, 51.50404901800624],
            [-3.1564122970512676, 51.50397990806447],
            [-3.158055039091411, 51.50396594406075],
            [-3.1587850614225377, 51.50395891203204],
            [-3.1592848362351647, 51.50391189019842],
            [-3.160099761978388, 51.503741977046246],
            [-3.1605497320195552, 51.50362890267889],
            [-3.1603747378875515, 51.503534960976594],
            [-3.160260732347524, 51.50342000401663],
            [-3.160560708291345, 51.503561894517475],
            [-3.160808745259697, 51.50373496071166],
            [-3.160947762691589, 51.5039439043282],
            [-3.1611427769178553, 51.5040657914964],
            [-3.1615226791681112, 51.50456278634699],
            [-3.1618845516440452, 51.505041705106656],
            [-3.162042651510272, 51.50543964728723],
            [-3.1622166690322286, 51.50556272984887],
            [-3.1623925593709257, 51.50577067684188],
            [-3.1629805966501543, 51.50613360292595],
            [-3.163098682142525, 51.50620454652859],
            [-3.1631656399432337, 51.506242457497876],
            [-3.163325575152935, 51.50633852265802],
            [-3.1633466300561635, 51.50635054272162],
            [-3.1634575298722916, 51.506416521804695],
            [-3.1635125225499094, 51.50644852673813],
            [-3.1635856618052633, 51.50649150150067],
            [-3.1636625992459284, 51.506536506656744],
            [-3.1637346367610903, 51.506581470471204],
            [-3.163095392721163, 51.50698057747468],
            [-3.1631616911297593, 51.507026497748896],
            [-3.1633635342090947, 51.5071555069897],
            [-3.1630265884472375, 51.507362425196796],
            [-3.163661537665951, 51.50776147948713],
            [-3.163875523238391, 51.50807838730856],
            [-3.163830572422419, 51.50834436328871],
            [-3.163719648774136, 51.5090353201338],
            [-3.1636046961453546, 51.509800139973],
            [-3.1635146467237427, 51.510400071478585],
            [-3.163713727570622, 51.51086108711552],
            [-3.163667601119754, 51.511098030846945],
            [-3.163605351755073, 51.5114204673072],
            [-3.163171638820799, 51.511851973415204],
            [-3.1624508206175173, 51.51276882739907],
            [-3.1619479269861186, 51.51281589321953],
            [-3.1619508598169044, 51.51333883067191]
          ]
        ]
      }
    },
    {
      "type": "Feature",
      "properties": {
        "CATCHMENT_NAME": "LAKESIDE PRIMARY SCHOOL",
        "URN": "6812074"
      },
      "geometry": {
        "type": "Polygon",
        "coordinates": [
          [
            [-3.161459192816285, 51.51822322100429],
            [-3.1614861852617953, 51.518100214909005],
            [-3.1615151033287794, 51.5179792578585],
            [-3.161541146365452, 51.51786426389553],
            [-3.161545064135908, 51.517848309514925],
            [-3.1618270810793825, 51.51782429517121],
            [-3.163261993427422, 51.51789819101736],
            [-3.163221945921641, 51.51738425425386],
            [-3.163161805797061, 51.51664733890057],
            [-3.1631139702693805, 51.516110460097764],
            [-3.162956977018823, 51.51576349273996],
            [-3.1625349389109534, 51.515472474589295],
            [-3.1624098927521938, 51.51493663055911],
            [-3.1624218976849265, 51.51433270837338],
            [-3.162422976537255, 51.514199618189295],
            [-3.162428894509946, 51.514171684770105],
            [-3.1624349198065893, 51.514136646719074],
            [-3.1624389028481503, 51.514100639806884],
            [-3.162438854039095, 51.51406476277836],
            [-3.162435919131014, 51.51402873452064],
            [-3.1624339613304855, 51.51401976206932],
            [-3.1624258625841395, 51.51398468418275],
            [-3.1624128675608896, 51.51394974474707],
            [-3.1623998702691356, 51.51391471541373],
            [-3.162383847409665, 51.513879716068175],
            [-3.1623668412225694, 51.51384571557129],
            [-3.1623459609342333, 51.5138067180301],
            [-3.1623129346605414, 51.513754802674804],
            [-3.1622789228226855, 51.513703796263876],
            [-3.1621130110678872, 51.51345879384069],
            [-3.1620558998393973, 51.51341179285039],
            [-3.1619939405471924, 51.51336681807925],
            [-3.1619508598169044, 51.51333883067191],
            [-3.1619479269861186, 51.51281589321953],
            [-3.1624508206175173, 51.51276882739907],
            [-3.163171638820799, 51.511851973415204],
            [-3.163605351755073, 51.5114204673072],
            [-3.163667601119754, 51.511098030846945],
            [-3.163713727570622, 51.51086108711552],
            [-3.1635146467237427, 51.510400071478585],
            [-3.1636046961453546, 51.509800139973],
            [-3.163719648774136, 51.5090353201338],
            [-3.163830572422419, 51.50834436328871],
            [-3.163875523238391, 51.50807838730856],
            [-3.163661537665951, 51.50776147948713],
            [-3.1630265884472375, 51.507362425196796],
            [-3.1633635342090947, 51.5071555069897],
            [-3.1631616911297593, 51.507026497748896],
            [-3.163095392721163, 51.50698057747468],
            [-3.1637346367610903, 51.506581470471204],
            [-3.1636625992459284, 51.506536506656744],
            [-3.1635856618052633, 51.50649150150067],
            [-3.1635125225499094, 51.50644852673813],
            [-3.1634575298722916, 51.506416521804695],
            [-3.1633466300561635, 51.50635054272162],
            [-3.163325575152935, 51.50633852265802],
            [-3.1631656399432337, 51.506242457497876],
            [-3.163098682142525, 51.50620454652859],
            [-3.1629805966501543, 51.50613360292595],
            [-3.1623925593709257, 51.50577067684188],
            [-3.1622166690322286, 51.50556272984887],
            [-3.162042651510272, 51.50543964728723],
            [-3.1618845516440452, 51.505041705106656],
            [-3.1615226791681112, 51.50456278634699],
            [-3.1611427769178553, 51.5040657914964],
            [-3.160947762691589, 51.5039439043282],
            [-3.160808745259697, 51.50373496071166],
            [-3.160560708291345, 51.503561894517475],
            [-3.160260732347524, 51.50342000401663],
            [-3.160235747409268, 51.50339498407243],
            [-3.160147817704865, 51.50331393810601],
            [-3.1597789076780676, 51.50289703757352],
            [-3.1594658498653585, 51.50254603356206],
            [-3.1593468909331617, 51.502230066412736],
            [-3.1593357964970195, 51.5020711098665],
            [-3.1593719278763785, 51.50201311472426],
            [-3.1603216858602874, 51.50195714248242],
            [-3.1621875561982264, 51.501865110659466],
            [-3.1647932549837052, 51.50175113552698],
            [-3.1651270741112976, 51.50175114605461],
            [-3.1659960649756718, 51.501726143021294],
            [-3.1677977736894363, 51.50174004467448],
            [-3.170097502707534, 51.50183095605189],
            [-3.171616447034112, 51.50203204384648],
            [-3.1729063504769432, 51.502351938047816],
            [-3.1742941175369936, 51.502610862239095],
            [-3.174148179770468, 51.502801872528856],
            [-3.173978207500465, 51.50303880201854],
            [-3.1739311778166557, 51.50368668835039],
            [-3.1738771723585164, 51.50469665751536],
            [-3.173869250666264, 51.505167641545384],
            [-3.1738742028180758, 51.505769508330694],
            [-3.1738393304325605, 51.50625146239798],
            [-3.1738043541419056, 51.50654440820147],
            [-3.1736872968167575, 51.50692341854022],
            [-3.1735563751678346, 51.50722838450795],
            [-3.173492301201046, 51.507370378015196],
            [-3.173394425778985, 51.50767735095277],
            [-3.1733614683856866, 51.5079312516032],
            [-3.1733964474423115, 51.508911195696406],
            [-3.1734154263467054, 51.50917311888664],
            [-3.173497550299621, 51.509610021449625],
            [-3.1736364749019037, 51.50997496000659],
            [-3.1737265862181188, 51.51021791767738],
            [-3.1738565414078574, 51.51082797420774],
            [-3.173905531280571, 51.511393881720885],
            [-3.1738695335062475, 51.51170886758884],
            [-3.1737215275685298, 51.512145735346664],
            [-3.173575488486371, 51.51252467556271],
            [-3.173498503715206, 51.512904722943524],
            [-3.1734935819157655, 51.51320662917678],
            [-3.173553560906801, 51.513650676773615],
            [-3.1736815835027214, 51.514067517326914],
            [-3.173844581470767, 51.51437044037414],
            [-3.1740975872594372, 51.51473243782338],
            [-3.174572552730711, 51.51530235170486],
            [-3.175146525460644, 51.515681363403175],
            [-3.175584414774941, 51.51595230554254],
            [-3.175790434432734, 51.51607828429509],
            [-3.175738470530907, 51.516142287841525],
            [-3.175739372733432, 51.51623327646192],
            [-3.175758422944781, 51.51631823842208],
            [-3.1758024436936068, 51.51635430403757],
            [-3.175963343257637, 51.51641824140601],
            [-3.17608434330455, 51.516410284110236],
            [-3.1761214200879206, 51.516557199009185],
            [-3.176470294960945, 51.517014173007084],
            [-3.176769353580551, 51.51737219583667],
            [-3.1759664438527873, 51.517663133759484],
            [-3.175183511585876, 51.51794109750292],
            [-3.1744566460782564, 51.51814107458389],
            [-3.1720999253947677, 51.51822606683953],
            [-3.171825006711875, 51.518431041073555],
            [-3.1711910239491496, 51.51840410430914],
            [-3.171180122569285, 51.51818705981218],
            [-3.170742086945576, 51.518208068428606],
            [-3.1705890435739, 51.51836614438041],
            [-3.170306112417766, 51.51831510691264],
            [-3.1700741319337506, 51.51842999970209],
            [-3.169764237055067, 51.5184740940338],
            [-3.1695013512825922, 51.518491012952325],
            [-3.16923113709399, 51.51852005343235],
            [-3.1690182408532857, 51.518536113186784],
            [-3.168504269895737, 51.51855805017607],
            [-3.167821459122801, 51.51856611042252],
            [-3.167455436423647, 51.51857407077888],
            [-3.1669405182860886, 51.51860410300856],
            [-3.166759504771365, 51.5186101302043],
            [-3.16641659148744, 51.51860311076071],
            [-3.16622759031106, 51.51860112391163],
            [-3.165998618716282, 51.51855214709837],
            [-3.1659396347498534, 51.518545090450836],
            [-3.165787639191072, 51.51853608100975],
            [-3.1656307714620633, 51.51854510350467],
            [-3.1654646683856638, 51.51853110850648],
            [-3.1653137543843783, 51.51849106580967],
            [-3.165152671798337, 51.51847612129866],
            [-3.164866783919553, 51.51848408666074],
            [-3.164562795937322, 51.518466154691176],
            [-3.1640737969690633, 51.51841615921686],
            [-3.163295901570424, 51.51831822377234],
            [-3.1625499532171895, 51.51828614651912],
            [-3.1620790430916292, 51.51826716514866],
            [-3.1618450006918866, 51.51827919524303],
            [-3.161459192816285, 51.51822322100429]
          ]
        ]
      }
    },
    {
      "type": "Feature",
      "properties": {
        "CATCHMENT_NAME": "TON-YR-YWEN PRIMARY SCHOOL",
        "URN": "6812052"
      },
      "geometry": {
        "type": "Polygon",
        "coordinates": [
          [
            [-3.2071719773315666, 51.523849985597685],
            [-3.206439137411901, 51.52409491198602],
            [-3.205479284515185, 51.524449889998856],
            [-3.203147602297961, 51.525259902614216],
            [-3.2025946310534827, 51.52533580054829],
            [-3.2025676282440876, 51.52516990766371],
            [-3.2023907120298976, 51.524538963619776],
            [-3.201612526368185, 51.52103732108801],
            [-3.200555714431325, 51.52129434185198],
            [-3.1996848354319503, 51.52149136369417],
            [-3.197197148919228, 51.52158341467555],
            [-3.1948585017117055, 51.521670387666255],
            [-3.193599553647642, 51.52171234104474],
            [-3.1922117283908666, 51.52165434266064],
            [-3.1903328760191827, 51.521288485601715],
            [-3.1892979697392714, 51.52110548004551],
            [-3.1886991859051297, 51.520926588020075],
            [-3.187334178375086, 51.52040369102627],
            [-3.185550476609047, 51.519424807844146],
            [-3.1845475229626192, 51.51853791388268],
            [-3.1838365289615536, 51.518831843802715],
            [-3.183758660756178, 51.51878587211353],
            [-3.1827967564211925, 51.51913088412998],
            [-3.1816958696658095, 51.51947486087652],
            [-3.181635871964243, 51.51727407696303],
            [-3.181425806583086, 51.51627422957538],
            [-3.1813746772490537, 51.515891241460416],
            [-3.1810487746999674, 51.51479742609689],
            [-3.180838790939099, 51.51416750209722],
            [-3.179804895061746, 51.510931842194836],
            [-3.1797127638716063, 51.51063990369903],
            [-3.1836463560173214, 51.510863817683365],
            [-3.1836063838714885, 51.51110070751756],
            [-3.183604294445614, 51.51112572602566],
            [-3.183599331927265, 51.51116776818022],
            [-3.1835913416818773, 51.511209750974494],
            [-3.183587448058498, 51.51122076036315],
            [-3.183572370583207, 51.511261735661634],
            [-3.183556428683021, 51.51130271968224],
            [-3.183538353719096, 51.51134480425364],
            [-3.1834994850647895, 51.511429720175066],
            [-3.183334393331403, 51.511798704357254],
            [-3.183181418116631, 51.512112625666475],
            [-3.1831614714041927, 51.512182603870755],
            [-3.1831535381110334, 51.51221568409476],
            [-3.1831405346043686, 51.51228667126729],
            [-3.183132429430622, 51.51235760901808],
            [-3.1831265132367763, 51.51242960370786],
            [-3.1831214182577408, 51.51251660654247],
            [-3.183122477435361, 51.512618653636586],
            [-3.183128432702459, 51.51272056141386],
            [-3.1831344589552866, 51.51276959625062],
            [-3.1831485005467717, 51.51286656682907],
            [-3.183271500531539, 51.51324757037801],
            [-3.183306493851947, 51.513246587854],
            [-3.183341589689012, 51.513249560709625],
            [-3.1833754913987184, 51.51325650202937],
            [-3.1834054872408584, 51.51326842828536],
            [-3.1834323927252557, 51.51328344295732],
            [-3.183452459633699, 51.51330149395448],
            [-3.1834673888729452, 51.51332148509027],
            [-3.183475453894333, 51.513343523709445],
            [-3.1834764546904633, 51.51336545378208],
            [-3.183469531473706, 51.5133874638226],
            [-3.1834553510032206, 51.51340747896986],
            [-3.183435523707168, 51.51342647207565],
            [-3.1834104049054948, 51.51344147223312],
            [-3.183380452449648, 51.51345346392478],
            [-3.183823450259959, 51.51435941995753],
            [-3.1843972928885647, 51.51542527710273],
            [-3.1846773780449094, 51.51593318632779],
            [-3.184693342925672, 51.5159541559479],
            [-3.184710318721674, 51.515975205272056],
            [-3.184730294575357, 51.51599523518033],
            [-3.1847443228950434, 51.51600822159206],
            [-3.1847674172396254, 51.5160262417779],
            [-3.1847913224301228, 51.51604218563698],
            [-3.1848173911904896, 51.516058197551196],
            [-3.1848454234459207, 51.51607212149149],
            [-3.1848504015405443, 51.51607512843218],
            [-3.184879419054151, 51.51608814322285],
            [-3.1849083829187044, 51.51609909041812],
            [-3.1849403491749864, 51.516109108082624],
            [-3.1849724081916526, 51.51611714658952],
            [-3.1849773606318696, 51.51611916467826],
            [-3.185029333250958, 51.51612817089517],
            [-3.1850823791993714, 51.516134109006565],
            [-3.185110417368793, 51.516137152660065],
            [-3.185147388599769, 51.51614010603058],
            [-3.1851833279259445, 51.51614217063102],
            [-3.1852203919010718, 51.516143144829584],
            [-3.1852392712564535, 51.51614313386083],
            [-3.1852893206194133, 51.51613912118728],
            [-3.185338310051424, 51.51613314099394],
            [-3.185377327500254, 51.51612609263266],
            [-3.185410344867918, 51.51612108311988],
            [-3.185442327980076, 51.51611509494665],
            [-3.185474259726942, 51.516107129072175],
            [-3.1855042903904556, 51.51609810338235],
            [-3.185508298991317, 51.51609707375368],
            [-3.185537269712154, 51.516086080558566],
            [-3.1855643416810833, 51.51607411744573],
            [-3.185575309876811, 51.51606915095204],
            [-3.1859863475982455, 51.515914201130364],
            [-3.1868571290195846, 51.51558222370671],
            [-3.187762002731127, 51.51523721591854],
            [-3.1905925976008276, 51.514176245210926],
            [-3.1922724288731708, 51.51351032465143],
            [-3.192301514556135, 51.51349833949288],
            [-3.192329419469037, 51.51348528730671],
            [-3.1923555203653824, 51.51346937605466],
            [-3.1923563589770794, 51.51346837842116],
            [-3.192380440488487, 51.513452397776916],
            [-3.1924013242105804, 51.513435370617096],
            [-3.1924213176551453, 51.51341736339909],
            [-3.192434406488508, 51.513405361026834],
            [-3.192456406032355, 51.513381398762945],
            [-3.192477368870894, 51.51335636801097],
            [-3.1924954502399348, 51.513331366556166],
            [-3.192499303469767, 51.5133244036253],
            [-3.1925154578708255, 51.513297353629646],
            [-3.1933273424320125, 51.51342837902818],
            [-3.193364320257387, 51.513492294689954],
            [-3.193725237655645, 51.5133514052592],
            [-3.193773319655182, 51.5133163869839],
            [-3.19382919587397, 51.51329837391731],
            [-3.194080321238207, 51.51368732367104],
            [-3.196034993967754, 51.512931418701484],
            [-3.1967809375451615, 51.51372435585159],
            [-3.1967709597523264, 51.514531209383335],
            [-3.200230576433599, 51.514279237904915],
            [-3.2005005728341427, 51.51568496298891],
            [-3.201033464167109, 51.51563895324589],
            [-3.201119516779037, 51.51602292451828],
            [-3.2024653235903107, 51.51589790327806],
            [-3.20365024589515, 51.51549801747],
            [-3.2038611698432526, 51.516309887778874],
            [-3.203953260061041, 51.51644094325868],
            [-3.204412087960827, 51.516449899585304],
            [-3.204432158011434, 51.516516862840206],
            [-3.2044430667534685, 51.516569802923065],
            [-3.204445222672529, 51.516607816452826],
            [-3.204454234666416, 51.51665987682593],
            [-3.2044621497975854, 51.516746836974974],
            [-3.204539071170051, 51.51725876415467],
            [-3.2042122591551174, 51.517457693904376],
            [-3.205093121435145, 51.517538744251034],
            [-3.205113186979641, 51.51797671253625],
            [-3.205685992271867, 51.51790770196206],
            [-3.2058150014642037, 51.51792471900321],
            [-3.2060749749385122, 51.518163657582896],
            [-3.2063789563283533, 51.51849161213528],
            [-3.206306990150978, 51.518522565139456],
            [-3.205093137964317, 51.51864762307889],
            [-3.2051611504161364, 51.519045534299444],
            [-3.2050302433172373, 51.5191205229792],
            [-3.2048072590374264, 51.51973147438163],
            [-3.205058137478646, 51.52047738085817],
            [-3.2054161876646656, 51.520920327872126],
            [-3.2057800703280317, 51.52139828214731],
            [-3.2059400674753613, 51.52192221232626],
            [-3.2060662289187176, 51.52224012663393],
            [-3.206197112006243, 51.52243120676582],
            [-3.2063700694958768, 51.522687134993696],
            [-3.206911010036356, 51.52340595505875],
            [-3.2071719773315666, 51.523849985597685]
          ]
        ]
      }
    },
    {
      "type": "Feature",
      "properties": {
        "CATCHMENT_NAME": "FAIRWATER PRIMARY SCHOOL",
        "URN": "6812017"
      },
      "geometry": {
        "type": "Polygon",
        "coordinates": [
          [
            [-3.2561772418220603, 51.48831739064978],
            [-3.2558653167244382, 51.48843448058042],
            [-3.2552973048395977, 51.48867237624788],
            [-3.2549634109200034, 51.48877639085527],
            [-3.254748302261852, 51.48882644043818],
            [-3.2545724026519656, 51.48885143210128],
            [-3.253756540255542, 51.488912492486705],
            [-3.2530216417681, 51.48895847464459],
            [-3.2527127016127126, 51.48894846780809],
            [-3.252198672069571, 51.488928511560744],
            [-3.251437868570811, 51.48889644047031],
            [-3.251135864068855, 51.48891351117428],
            [-3.2500360396989, 51.48903539376541],
            [-3.2488031018024772, 51.48913548464223],
            [-3.2482042078737243, 51.489230522696644],
            [-3.2482961528855627, 51.48931146055213],
            [-3.248511211697218, 51.4894964731579],
            [-3.248650134217796, 51.48975737907261],
            [-3.248762129185916, 51.48993944239388],
            [-3.2490602069436845, 51.49050033275284],
            [-3.2491690747643287, 51.49047831157471],
            [-3.2495100469851077, 51.49110627335685],
            [-3.24933402501563, 51.491127212030186],
            [-3.249597100829761, 51.49179817578174],
            [-3.2493832395561593, 51.492358135868145],
            [-3.2499381145801673, 51.49276405344384],
            [-3.2494701708633995, 51.492955983721444],
            [-3.249283091624754, 51.493125946858314],
            [-3.249162186005139, 51.49329799220998],
            [-3.2491501963437184, 51.49335998457869],
            [-3.24916324860768, 51.493573943909794],
            [-3.2492102793249593, 51.493760925047354],
            [-3.2492682962103587, 51.49384393206468],
            [-3.2492902082144886, 51.49394989354925],
            [-3.249216283246885, 51.494027922049206],
            [-3.248620326769945, 51.49419585533297],
            [-3.2481933612528793, 51.49419590537888],
            [-3.248061370278542, 51.49403095932287],
            [-3.247999352715354, 51.49396489916854],
            [-3.2478044385537297, 51.49385889039107],
            [-3.247505442217366, 51.49369194427306],
            [-3.2470294784197375, 51.49344298478293],
            [-3.246752530101037, 51.49329198777045],
            [-3.2456024913261814, 51.49269113960029],
            [-3.2453186287809204, 51.49261907207966],
            [-3.244908682284505, 51.492540070054794],
            [-3.2444607073167298, 51.492482151718335],
            [-3.2440717863844313, 51.492445185778806],
            [-3.2439237897021336, 51.49244819470951],
            [-3.2436989128184655, 51.4925690941521],
            [-3.2434918717326093, 51.49268908464446],
            [-3.243108834946124, 51.492487230677035],
            [-3.242837946344014, 51.49234119571213],
            [-3.2426598521888472, 51.492429226235785],
            [-3.24211607847279, 51.49262516782161],
            [-3.241431111913391, 51.49283617972234],
            [-3.2408912091500452, 51.49242718630424],
            [-3.2406220900865055, 51.49226116539592],
            [-3.240079241819473, 51.49198725847639],
            [-3.239156317674163, 51.49166728139205],
            [-3.238932412316484, 51.49167027697954],
            [-3.238400409024135, 51.49168425979397],
            [-3.237475456648565, 51.49169825184133],
            [-3.2366275319369926, 51.49171627985317],
            [-3.2361677493781715, 51.4917642896239],
            [-3.2359077700660275, 51.49178627308402],
            [-3.235197778456537, 51.4919193723266],
            [-3.2345008574530723, 51.492035244941036],
            [-3.23422280972537, 51.49210830929104],
            [-3.2337929996709547, 51.49227432817672],
            [-3.2332939516515373, 51.492490259693525],
            [-3.2325432170116972, 51.49269426814087],
            [-3.2320130876331667, 51.49277824943521],
            [-3.2314311355674925, 51.492890287944086],
            [-3.231247265938056, 51.4929573205509],
            [-3.230983273186512, 51.493055227164724],
            [-3.2306163646796504, 51.49320420856781],
            [-3.2303743091854513, 51.493325172669216],
            [-3.230187412081737, 51.493392235365455],
            [-3.2297914825542695, 51.49352821057411],
            [-3.229430438410437, 51.493649161791964],
            [-3.2287346543235516, 51.493814173913755],
            [-3.2285685678037837, 51.493873192936285],
            [-3.2284925415917107, 51.493917240734035],
            [-3.228431622176991, 51.49401418263154],
            [-3.2281506812565275, 51.49399113899534],
            [-3.227867642758561, 51.493981154959485],
            [-3.2275306705811984, 51.49400113852575],
            [-3.226380761700801, 51.494083218717144],
            [-3.225309979184696, 51.494140182528746],
            [-3.22516400902191, 51.494149171171394],
            [-3.2248909585469474, 51.49417324492874],
            [-3.224612121981833, 51.49420717968759],
            [-3.2242022158486963, 51.49426325369248],
            [-3.223947167898309, 51.494314113080684],
            [-3.2226514010890144, 51.49458219352544],
            [-3.22225227809928, 51.494686165153205],
            [-3.221686311822683, 51.4948321577699],
            [-3.221327397273081, 51.494926175832745],
            [-3.2208395907861243, 51.4944232119316],
            [-3.2201644831369687, 51.49377823448554],
            [-3.2198176802625977, 51.49357035275916],
            [-3.2195585858604754, 51.49341029402469],
            [-3.2194405333524125, 51.49335343399514],
            [-3.21977758955206, 51.492883426668],
            [-3.2201194805010633, 51.49253538851372],
            [-3.220331560225565, 51.49236449274437],
            [-3.220955471509116, 51.49189752054702],
            [-3.221700366850448, 51.491290538835386],
            [-3.2219902332293513, 51.491055616138105],
            [-3.222256304394852, 51.49084665769646],
            [-3.2225721372431413, 51.49060265073295],
            [-3.2227761284534355, 51.490404679109965],
            [-3.2235720975975948, 51.489689698847286],
            [-3.22390994793171, 51.48934870513705],
            [-3.224629881569639, 51.48879681565837],
            [-3.224932822899709, 51.48856183882406],
            [-3.2254746746005387, 51.48856184147871],
            [-3.2257156946046717, 51.48856381802223],
            [-3.227104669072503, 51.488560888761],
            [-3.227941478522389, 51.488511843766176],
            [-3.2281434091959222, 51.48839382257501],
            [-3.228326524364407, 51.48806882375402],
            [-3.2286233511243663, 51.487226945001076],
            [-3.2288363601700696, 51.48663205345864],
            [-3.2288982600113396, 51.48649697506002],
            [-3.2289593629710933, 51.486375123140114],
            [-3.228934285355813, 51.48620310028686],
            [-3.2289303111233028, 51.485932124633926],
            [-3.2288812753816565, 51.48565110070863],
            [-3.2288203747958684, 51.48547513715019],
            [-3.228817292778893, 51.48544621537774],
            [-3.2288503044278247, 51.485415206834645],
            [-3.2288602199853793, 51.48529119385099],
            [-3.2288603013056028, 51.485203161817225],
            [-3.2288963457188, 51.48518318156921],
            [-3.228903303081666, 51.485174116695255],
            [-3.2293461634246, 51.4850131938463],
            [-3.2308330970001204, 51.4853841571515],
            [-3.2317969289357373, 51.48564712029657],
            [-3.2328707514766473, 51.48589201412953],
            [-3.2340237842687363, 51.48605100061442],
            [-3.2351225553620315, 51.48622700270036],
            [-3.2360834427976375, 51.48633691871647],
            [-3.237562296874345, 51.48638992667112],
            [-3.2388751754180043, 51.48639287624718],
            [-3.23980499609946, 51.4863658728329],
            [-3.241005845550397, 51.486284829326124],
            [-3.2420167802874897, 51.48620596535041],
            [-3.2436536144801855, 51.48605184647877],
            [-3.245210451976661, 51.485932813729164],
            [-3.2461123210828435, 51.485905877264706],
            [-3.2470432588778877, 51.48593086797549],
            [-3.2479471583657427, 51.485988869842615],
            [-3.249206931825304, 51.48611482938615],
            [-3.2501344772588032, 51.48619459277922],
            [-3.2506658288546717, 51.486369754324436],
            [-3.2527575248693936, 51.48684270050786],
            [-3.253937455357152, 51.48694968012039],
            [-3.2544573279366387, 51.48697864803515],
            [-3.2549822666962487, 51.48716060268454],
            [-3.2553463336847503, 51.48744759526036],
            [-3.2557112996644806, 51.48781955115855],
            [-3.2561772418220603, 51.48831739064978]
          ]
        ]
      }
    },
    {
      "type": "Feature",
      "properties": {
        "CATCHMENT_NAME": "ALBANY PRIMARY SCHOOL",
        "URN": "6812005"
      },
      "geometry": {
        "type": "Polygon",
        "coordinates": [
          [
            [-3.1743408902400088, 51.49376588110623],
            [-3.1740567798643857, 51.493808920067686],
            [-3.1725850249140923, 51.49412289799511],
            [-3.171671140400386, 51.49432383089678],
            [-3.1707613100926624, 51.49452588510465],
            [-3.1674797152671084, 51.495231738724264],
            [-3.16721578559815, 51.49529281363781],
            [-3.166433717179773, 51.49391602514259],
            [-3.1663347163203506, 51.49393706188935],
            [-3.1658268522553605, 51.49398994950999],
            [-3.165525939958603, 51.49367399874305],
            [-3.1652449780271574, 51.49377300450297],
            [-3.1626401332427028, 51.4909533789182],
            [-3.16260200598816, 51.490649381427666],
            [-3.1608762577988627, 51.490444470944176],
            [-3.160009408955177, 51.49025046310871],
            [-3.1585145691427003, 51.48980656663288],
            [-3.158849477680038, 51.48939862183808],
            [-3.158046615251111, 51.48911962317125],
            [-3.1579556388729815, 51.48908761138481],
            [-3.158746502199011, 51.488160736625964],
            [-3.1591623132938045, 51.487768716106864],
            [-3.1596712574396615, 51.48737487373272],
            [-3.1591674108720333, 51.48690787160158],
            [-3.1591673857894826, 51.48690688274104],
            [-3.159571393332188, 51.48682789532423],
            [-3.160052159244678, 51.48670894239704],
            [-3.1603722118925712, 51.486658927487326],
            [-3.160537130402377, 51.486664938283035],
            [-3.160636109761742, 51.486705950661005],
            [-3.1607661480013913, 51.4866428889733],
            [-3.1608571056973283, 51.48656088150923],
            [-3.1609850968475115, 51.486422937336265],
            [-3.161433049290242, 51.486191904905866],
            [-3.1616340849804403, 51.48610601884082],
            [-3.162208950923288, 51.48598396658819],
            [-3.1631398516771774, 51.48563601024363],
            [-3.1640918158202145, 51.48530699005374],
            [-3.165120708041734, 51.484968025867104],
            [-3.1666434061728816, 51.48442505915281],
            [-3.1681641593012, 51.48379612923573],
            [-3.1688551135209435, 51.48347920176664],
            [-3.169316991044773, 51.483294128514565],
            [-3.169782965384504, 51.48317923935504],
            [-3.1702880205401063, 51.48314524509832],
            [-3.1707768190747476, 51.48312319040509],
            [-3.170786898428047, 51.48315123442849],
            [-3.1711519233992496, 51.48408211778087],
            [-3.1718048752170755, 51.486035829327605],
            [-3.172280919339252, 51.48746366084162],
            [-3.173074882038236, 51.48996338157875],
            [-3.173757868799473, 51.49190212367019],
            [-3.174314895547699, 51.49368485471203],
            [-3.1743408902400088, 51.49376588110623]
          ]
        ]
      }
    },
    {
      "type": "Feature",
      "properties": {
        "CATCHMENT_NAME": "Herbert Thompson Primary",
        "URN": "6812312"
      },
      "geometry": {
        "type": "Polygon",
        "coordinates": [
          [
            [-3.2599095703189853, 51.48270708565719],
            [-3.259804573486479, 51.48278509534593],
            [-3.258956707913197, 51.4831440807788],
            [-3.2579959194316737, 51.48357108208991],
            [-3.2578718302841563, 51.48357304293904],
            [-3.257563903908497, 51.4837870281919],
            [-3.2572969114549752, 51.483949948843204],
            [-3.2570918681688066, 51.48400897681489],
            [-3.256474042169448, 51.48404095703265],
            [-3.255987119958834, 51.484014972214595],
            [-3.2550522154022885, 51.483881022502054],
            [-3.2543403235488215, 51.48378100715768],
            [-3.254076399395691, 51.48377798575123],
            [-3.251904523284682, 51.48428496510449],
            [-3.250610708179641, 51.484623922809526],
            [-3.2501128559183217, 51.48480394619722],
            [-3.249207975575852, 51.48611086180134],
            [-3.249206931825304, 51.48611482938615],
            [-3.2479471583657427, 51.485988869842615],
            [-3.2470432588778877, 51.48593086797549],
            [-3.2461123210828435, 51.485905877264706],
            [-3.245210451976661, 51.485932813729164],
            [-3.2436536144801855, 51.48605184647877],
            [-3.2420167802874897, 51.48620596535041],
            [-3.241005845550397, 51.486284829326124],
            [-3.23980499609946, 51.4863658728329],
            [-3.2388751754180043, 51.48639287624718],
            [-3.237562296874345, 51.48638992667112],
            [-3.2360834427976375, 51.48633691871647],
            [-3.2351225553620315, 51.48622700270036],
            [-3.2340237842687363, 51.48605100061442],
            [-3.2328707514766473, 51.48589201412953],
            [-3.2317969289357373, 51.48564712029657],
            [-3.2308330970001204, 51.4853841571515],
            [-3.2293461634246, 51.4850131938463],
            [-3.2296582755984575, 51.48492818395651],
            [-3.2302209829694197, 51.48476824872775],
            [-3.231028046689106, 51.484537226652286],
            [-3.2313249606105723, 51.48444427911652],
            [-3.231504925325264, 51.48436721619302],
            [-3.231643936489374, 51.48428824531259],
            [-3.2317770056193464, 51.48418119188106],
            [-3.2320259630399137, 51.4839762570504],
            [-3.2320368390908345, 51.48395231408325],
            [-3.232300807468389, 51.48374335436755],
            [-3.232843692216845, 51.48343138098683],
            [-3.233624689765297, 51.48302032622611],
            [-3.234389537342281, 51.48258237042972],
            [-3.2360943112362315, 51.48162142219365],
            [-3.2367153359433836, 51.48126661423903],
            [-3.2386569853408265, 51.48012266045954],
            [-3.238950937972008, 51.47993270136434],
            [-3.239371879823631, 51.47963574353277],
            [-3.239738792193116, 51.47940166983236],
            [-3.240402764266254, 51.47900781229129],
            [-3.240577785360056, 51.47891972741635],
            [-3.2410830855992767, 51.4786861631883],
            [-3.2415835856698383, 51.478429807988924],
            [-3.2419584676203566, 51.478277829412],
            [-3.2427243284506173, 51.47798889442167],
            [-3.2453940919691515, 51.47694788795247],
            [-3.2465468392957746, 51.47657496844499],
            [-3.2471129082096724, 51.4763699556749],
            [-3.2483447236506358, 51.47729587748876],
            [-3.2487216607600975, 51.477657836580676],
            [-3.249315722387487, 51.4783347177677],
            [-3.2494527712371126, 51.4785387238613],
            [-3.2494806269595404, 51.47859372762743],
            [-3.2496397019118644, 51.479155649075786],
            [-3.2496896886346223, 51.479319579451],
            [-3.2499595814202853, 51.48032650079058],
            [-3.2503126554980755, 51.481678365518746],
            [-3.2505276571553416, 51.481683355905986],
            [-3.2506815958102178, 51.48170931917529],
            [-3.2508506020219814, 51.4817543643029],
            [-3.250943628216297, 51.48179626345176],
            [-3.251011514789432, 51.48189831731004],
            [-3.2525214709098442, 51.48176125347202],
            [-3.2562500077130028, 51.48142327651654],
            [-3.2562570275307303, 51.481364303856765],
            [-3.256348907724457, 51.48127528784851],
            [-3.256596955374805, 51.48116229792283],
            [-3.256880978969463, 51.481111236180695],
            [-3.257047908208166, 51.48111726948238],
            [-3.257217885423546, 51.48117128701694],
            [-3.2574149091739026, 51.48122429487029],
            [-3.257489746567433, 51.4813063083024],
            [-3.2581418059383727, 51.4812532736541],
            [-3.2586577869087434, 51.481237304601315],
            [-3.258744619521863, 51.481467196411494],
            [-3.2587647737286787, 51.48151922341126],
            [-3.258847696220484, 51.481565271186675],
            [-3.2589777467260874, 51.4817851672656],
            [-3.2590196043040276, 51.481825181666196],
            [-3.2591847595527077, 51.48182421724438],
            [-3.2599095703189853, 51.48270708565719]
          ]
        ]
      }
    },
    {
      "type": "Feature",
      "properties": {
        "CATCHMENT_NAME": "TRELAI PRIMARY SCHOOL",
        "URN": "6812015"
      },
      "geometry": {
        "type": "Polygon",
        "coordinates": [
          [
            [-3.2472072682261133, 51.47633460250636],
            [-3.2472068731539965, 51.47633595550581],
            [-3.2471129082096724, 51.4763699556749],
            [-3.2465468392957746, 51.47657496844499],
            [-3.2453940919691515, 51.47694788795247],
            [-3.2427243284506173, 51.47798889442167],
            [-3.2419584676203566, 51.478277829412],
            [-3.2415835856698383, 51.478429807988924],
            [-3.2410830855992767, 51.4786861631883],
            [-3.24094942398597, 51.47859496080416],
            [-3.2407045261965055, 51.478267817326845],
            [-3.2405520546318445, 51.47811485889253],
            [-3.2404010680440885, 51.47791045048823],
            [-3.2401234897253937, 51.47759390240375],
            [-3.23952665599178, 51.476883734142454],
            [-3.239317407070586, 51.476941336880934],
            [-3.238906483016154, 51.47712884654006],
            [-3.2386182422985956, 51.47727918067232],
            [-3.2387669946459057, 51.477459966087274],
            [-3.2384293842819374, 51.4776484078147],
            [-3.2381421646783792, 51.47782067035792],
            [-3.237918547839623, 51.47768824220806],
            [-3.2377992115183685, 51.47765776060478],
            [-3.2377118151175925, 51.477796440254934],
            [-3.2367503370304758, 51.47835545666434],
            [-3.236222537060117, 51.47867358404014],
            [-3.235908807963442, 51.47887786218927],
            [-3.2353263224754794, 51.47921373658656],
            [-3.2348795383950675, 51.4794451308674],
            [-3.234624407732388, 51.4795267673486],
            [-3.2338185350114137, 51.47912575728112],
            [-3.2319897046919146, 51.47946276575572],
            [-3.229163891808334, 51.47627024777983],
            [-3.2275280672752453, 51.47411250139943],
            [-3.2290179283824654, 51.47377057329129],
            [-3.2296788221147765, 51.4736044850406],
            [-3.2302268183093705, 51.47347554571095],
            [-3.2307036351903835, 51.473355533762614],
            [-3.2319825003064055, 51.47305058153878],
            [-3.2330633341741577, 51.47276559241355],
            [-3.2333724320183594, 51.47267359008647],
            [-3.2338503383333386, 51.47256254576983],
            [-3.2351991076604882, 51.47225655272939],
            [-3.236223966738652, 51.47196358166961],
            [-3.236996891313315, 51.47177864619128],
            [-3.2373617950755036, 51.47169566581707],
            [-3.2376568654332063, 51.47161261231207],
            [-3.238077765113963, 51.47150269201447],
            [-3.239202664640455, 51.471252608926605],
            [-3.240465392521893, 51.470903673499976],
            [-3.240981490819192, 51.47060965861865],
            [-3.241785209318722, 51.47018176173485],
            [-3.2423321287335876, 51.46987284730876],
            [-3.242408228546609, 51.46982285466983],
            [-3.242711123252104, 51.46942984169051],
            [-3.2428291128265174, 51.469310795865404],
            [-3.2429570546423143, 51.46912888034983],
            [-3.243062063694276, 51.46893488884576],
            [-3.2430701230250687, 51.46891888757395],
            [-3.2431010412364403, 51.46886991308189],
            [-3.2431310958059587, 51.4688209477395],
            [-3.2431550466324244, 51.46876988904097],
            [-3.2431769721093358, 51.468707881594725],
            [-3.2431939865812347, 51.468639991515296],
            [-3.2431951814829745, 51.468630986858926],
            [-3.243206146012809, 51.468562981096674],
            [-3.2431700789223394, 51.46826896600916],
            [-3.243160032663839, 51.4680529951472],
            [-3.2432130734498728, 51.467853979531455],
            [-3.2433349326300744, 51.46785097864316],
            [-3.243410916880539, 51.467638051761],
            [-3.243459976690017, 51.467515060524065],
            [-3.243500960320439, 51.467365089054276],
            [-3.2436240456443053, 51.46724311086992],
            [-3.2436809403013935, 51.467170031857314],
            [-3.2437519284629874, 51.46703817552954],
            [-3.2437750436747326, 51.466951157599894],
            [-3.2438090084517133, 51.46681312989696],
            [-3.2438248606396347, 51.46671315063493],
            [-3.243840950976199, 51.46671720614036],
            [-3.245279797047196, 51.46604821250916],
            [-3.2478865214755426, 51.46728809312586],
            [-3.24630672770746, 51.46950478929886],
            [-3.2464307498727694, 51.46974472565867],
            [-3.246785654083297, 51.46994569909306],
            [-3.246933607061163, 51.47001767987715],
            [-3.2475546409330396, 51.47061659269791],
            [-3.247883676927976, 51.47090856723777],
            [-3.248187556378596, 51.47110162712231],
            [-3.248261666358072, 51.47122151045152],
            [-3.2486734877898233, 51.471154540424855],
            [-3.248790532319448, 51.47118053937455],
            [-3.2489084780822566, 51.47123952919111],
            [-3.2489584985637556, 51.47131551807598],
            [-3.2491715098655396, 51.47144444152559],
            [-3.24946745751314, 51.47157346977806],
            [-3.249972321010181, 51.47178146751412],
            [-3.2506613736167242, 51.47202751255457],
            [-3.2512202249565756, 51.47222440834148],
            [-3.251669212706624, 51.47238938403594],
            [-3.2518502014619006, 51.47246837934712],
            [-3.2519771417168277, 51.4725453439343],
            [-3.2514972866394753, 51.47284135832671],
            [-3.2512673436523367, 51.47296232720947],
            [-3.250405488235392, 51.47357425570044],
            [-3.2502894549186885, 51.47365920862494],
            [-3.2500024531397345, 51.47386323998091],
            [-3.249709493599251, 51.47408118177949],
            [-3.249623528501288, 51.47414423273801],
            [-3.2486187063466763, 51.47489012350392],
            [-3.2482787281685037, 51.47515316262761],
            [-3.2480206893753314, 51.475348068475896],
            [-3.2478727736653443, 51.47546806738711],
            [-3.2477588295769144, 51.475556052777534],
            [-3.2476638440362953, 51.47563700238555],
            [-3.2473719308299587, 51.475873000929944],
            [-3.2470899838240945, 51.47612606738525],
            [-3.2471937312537746, 51.47631343553661],
            [-3.2472072682261133, 51.47633460250636]
          ]
        ]
      }
    },
    {
      "type": "Feature",
      "properties": {
        "CATCHMENT_NAME": "Windsor Clive Primary",
        "URN": "6812318"
      },
      "geometry": {
        "type": "Polygon",
        "coordinates": [
          [
            [-3.258744619521863, 51.481467196411494],
            [-3.2586577869087434, 51.481237304601315],
            [-3.2581418059383727, 51.4812532736541],
            [-3.257489746567433, 51.4813063083024],
            [-3.2574149091739026, 51.48122429487029],
            [-3.257217885423546, 51.48117128701694],
            [-3.257047908208166, 51.48111726948238],
            [-3.256880978969463, 51.481111236180695],
            [-3.256596955374805, 51.48116229792283],
            [-3.256348907724457, 51.48127528784851],
            [-3.2562570275307303, 51.481364303856765],
            [-3.2562500077130028, 51.48142327651654],
            [-3.2525214709098442, 51.48176125347202],
            [-3.251011514789432, 51.48189831731004],
            [-3.250943628216297, 51.48179626345176],
            [-3.2508506020219814, 51.4817543643029],
            [-3.2506815958102178, 51.48170931917529],
            [-3.2505276571553416, 51.481683355905986],
            [-3.2503126554980755, 51.481678365518746],
            [-3.2499595814202853, 51.48032650079058],
            [-3.2496896886346223, 51.479319579451],
            [-3.2496397019118644, 51.479155649075786],
            [-3.2494806269595404, 51.47859372762743],
            [-3.2494527712371126, 51.4785387238613],
            [-3.249315722387487, 51.4783347177677],
            [-3.2487216607600975, 51.477657836580676],
            [-3.2483447236506358, 51.47729587748876],
            [-3.2471129082096724, 51.4763699556749],
            [-3.2472068731539965, 51.47633595550581],
            [-3.2472072682261133, 51.47633460250636],
            [-3.2479747830836545, 51.476076997273466],
            [-3.2487437627945215, 51.47584697674056],
            [-3.249506687891373, 51.47563805688744],
            [-3.249992614996093, 51.47549413049464],
            [-3.2510753516292503, 51.47514906832986],
            [-3.251728278881232, 51.47491505113646],
            [-3.2525711596007127, 51.474635119992385],
            [-3.2538240728379697, 51.47597097354294],
            [-3.2551698988412254, 51.47714279435535],
            [-3.2573736661289283, 51.47627492178579],
            [-3.2590344876921233, 51.47575687299732],
            [-3.259624405151045, 51.47563588823956],
            [-3.2607671620770953, 51.47544385438363],
            [-3.2613911667162414, 51.47532699009885],
            [-3.2617081742891276, 51.47532996308009],
            [-3.262440072150715, 51.475313901114184],
            [-3.263048962921477, 51.47530689301025],
            [-3.2636619380253746, 51.475280954538285],
            [-3.2642628312868736, 51.475213869914036],
            [-3.264108936393637, 51.47553789230473],
            [-3.2639458674820365, 51.475696830524846],
            [-3.263866965938516, 51.47591582684074],
            [-3.263894962287352, 51.47633473155355],
            [-3.2638618536153383, 51.47682470226792],
            [-3.2641139986408225, 51.477194701620775],
            [-3.2629241251288974, 51.47711571750379],
            [-3.2613632299846684, 51.477085673774205],
            [-3.260952324544785, 51.477907555457165],
            [-3.260795393830183, 51.47840461164473],
            [-3.2603694556195912, 51.478645500865355],
            [-3.25949149909265, 51.47899654159745],
            [-3.2583536107781845, 51.47938453545204],
            [-3.259036574565263, 51.480517296053215],
            [-3.2591827106614217, 51.48107026191386],
            [-3.2590865884413716, 51.48139716354323],
            [-3.258744619521863, 51.481467196411494]
          ]
        ]
      }
    },
    {
      "type": "Feature",
      "properties": {
        "CATCHMENT_NAME": "Kitchener Primary School",
        "URN": "6812031"
      },
      "geometry": {
        "type": "Polygon",
        "coordinates": [
          [
            [-3.203651102642503, 51.48183490347969],
            [-3.2020301471095554, 51.48170487548342],
            [-3.201923316505048, 51.48168394050401],
            [-3.2015602446685842, 51.481611950014035],
            [-3.200877365092368, 51.481514010825265],
            [-3.2007703490506345, 51.48149694322919],
            [-3.1999995228433358, 51.48141698433105],
            [-3.198683677825674, 51.481448968604184],
            [-3.197345761137743, 51.48155103082326],
            [-3.1966158108693894, 51.481536003568294],
            [-3.19623894870469, 51.48148697688805],
            [-3.196010942241228, 51.48143598095538],
            [-3.195035020976002, 51.481305119071045],
            [-3.194269158711464, 51.481172109482635],
            [-3.1934462219516457, 51.48105918839982],
            [-3.1931082989895034, 51.48103412341528],
            [-3.1928302065765353, 51.481039201132795],
            [-3.192592371701201, 51.48101419532166],
            [-3.192375282594978, 51.480879096671956],
            [-3.1918194431286007, 51.48059314026806],
            [-3.190377619448304, 51.47985129772059],
            [-3.1892226830619976, 51.479258401445946],
            [-3.18918364185108, 51.47920241807001],
            [-3.188925746885065, 51.479125455146274],
            [-3.1888726773957714, 51.47910036632563],
            [-3.1887907687393806, 51.478957505892446],
            [-3.188753684213285, 51.47893243476739],
            [-3.1885738179394743, 51.478544458310175],
            [-3.188207763927727, 51.477818563727624],
            [-3.1876757524654233, 51.476745732179424],
            [-3.187530816714912, 51.47611084140071],
            [-3.19764166485702, 51.4771305407355],
            [-3.1993063697166484, 51.477425453143],
            [-3.1995435085630497, 51.47790742272597],
            [-3.199947298085204, 51.47797936231021],
            [-3.2000344437664365, 51.47798035862264],
            [-3.2004492593793694, 51.47787441299075],
            [-3.20078324743405, 51.477739440543886],
            [-3.2011262914933822, 51.47762038000591],
            [-3.201343201759993, 51.47757841310117],
            [-3.201587239110839, 51.47759335650122],
            [-3.2018580099599396, 51.47721750535773],
            [-3.202010172929864, 51.4770844831576],
            [-3.2022370950707715, 51.476930552179354],
            [-3.2024410916670725, 51.4767864772722],
            [-3.20256500356925, 51.47666345538723],
            [-3.202846979378133, 51.47639655917978],
            [-3.203140831101836, 51.47619257391445],
            [-3.2033008379881567, 51.47612259293366],
            [-3.203428991836976, 51.476040529830485],
            [-3.205119775893023, 51.47488855773867],
            [-3.2055686065092193, 51.47494373949028],
            [-3.2055157067471853, 51.47521467130968],
            [-3.20588963067152, 51.475317649967685],
            [-3.205972576345272, 51.47549258929593],
            [-3.2060106420362233, 51.475554601819375],
            [-3.2060556359959826, 51.47570457420853],
            [-3.2056296567492506, 51.47599750727222],
            [-3.205339710496231, 51.47615254249436],
            [-3.205150722576665, 51.476204570544816],
            [-3.2048457603976215, 51.47662043534835],
            [-3.2046478181993954, 51.47690652496925],
            [-3.205113784870662, 51.477048394607955],
            [-3.205261678998905, 51.477092463397994],
            [-3.2055826310286775, 51.47722835863196],
            [-3.205468689854165, 51.47743436675182],
            [-3.205781628929449, 51.477539321633],
            [-3.2058037666975934, 51.477947328151494],
            [-3.206442583409747, 51.47819423888541],
            [-3.2073049709312658, 51.47864026355021],
            [-3.2072828509904205, 51.47873508657609],
            [-3.2070726968445866, 51.478678443212004],
            [-3.206300661289467, 51.478420317999245],
            [-3.2056207595904866, 51.47823731211572],
            [-3.2054457847030373, 51.478515253901286],
            [-3.205581757818649, 51.47863129048188],
            [-3.205487811401015, 51.478749241680916],
            [-3.2052268822873073, 51.47874931673094],
            [-3.2050337269802682, 51.47886217289131],
            [-3.2049168888311423, 51.47907324565848],
            [-3.2041719261918646, 51.47892426012762],
            [-3.2041648488646635, 51.47895625420736],
            [-3.204155989501384, 51.47898619844384],
            [-3.2041279868331736, 51.47906021996576],
            [-3.2037949812910522, 51.48094403385235],
            [-3.203651102642503, 51.48183490347969]
          ]
        ]
      }
    },
    {
      "type": "Feature",
      "properties": { "CATCHMENT_NAME": "ADAMSDOWN PRIMARY", "URN": "6812003" },
      "geometry": {
        "type": "Polygon",
        "coordinates": [
          [
            [-3.180531693938801, 51.481261247480845],
            [-3.1800147822861136, 51.48135924793862],
            [-3.179671855139862, 51.48143022830376],
            [-3.1795208310654437, 51.48149325254082],
            [-3.179293923668707, 51.48162924500379],
            [-3.179175923672052, 51.481772234426764],
            [-3.179279971477236, 51.48202619866705],
            [-3.179432885483807, 51.48263907813874],
            [-3.1794498543148135, 51.482705087937255],
            [-3.1793010062275657, 51.48284703899432],
            [-3.1791009520925186, 51.48299705805855],
            [-3.1789099081521393, 51.48323402791176],
            [-3.1786490175280435, 51.48333709067448],
            [-3.1783290331895158, 51.48332106440056],
            [-3.177165185222188, 51.48333005824676],
            [-3.1767071262853634, 51.4826441674291],
            [-3.1762863211167645, 51.482784168060036],
            [-3.175685353367336, 51.482885060759074],
            [-3.174702443263534, 51.48307511112631],
            [-3.174479393758622, 51.482751209101195],
            [-3.174304541524014, 51.48249821969206],
            [-3.1728115875280514, 51.48286420812619],
            [-3.1722288067490783, 51.48299511396166],
            [-3.171476858693609, 51.48315621168476],
            [-3.1712929291833807, 51.48309915235756],
            [-3.1707768190747476, 51.48312319040509],
            [-3.1702880205401063, 51.48314524509832],
            [-3.169782965384504, 51.48317923935504],
            [-3.169316991044773, 51.483294128514565],
            [-3.1688551135209435, 51.48347920176664],
            [-3.1681641593012, 51.48379612923573],
            [-3.1666434061728816, 51.48442505915281],
            [-3.165120708041734, 51.484968025867104],
            [-3.1640918158202145, 51.48530699005374],
            [-3.1631398516771774, 51.48563601024363],
            [-3.162208950923288, 51.48598396658819],
            [-3.1616340849804403, 51.48610601884082],
            [-3.161433049290242, 51.486191904905866],
            [-3.1609850968475115, 51.486422937336265],
            [-3.1608571056973283, 51.48656088150923],
            [-3.1607661480013913, 51.4866428889733],
            [-3.160636109761742, 51.486705950661005],
            [-3.160537130402377, 51.486664938283035],
            [-3.1603722118925712, 51.486658927487326],
            [-3.160052159244678, 51.48670894239704],
            [-3.159571393332188, 51.48682789532423],
            [-3.1591673857894826, 51.48690688274104],
            [-3.1587114487384436, 51.486392017680295],
            [-3.1582584646671017, 51.48589096918802],
            [-3.1578115111787763, 51.48538311546399],
            [-3.157273551271785, 51.484898188512624],
            [-3.1567325603329186, 51.48441823454375],
            [-3.1562607183352975, 51.48400125878119],
            [-3.1555547860570003, 51.483376358010936],
            [-3.156314557938581, 51.48283339949536],
            [-3.157091499531568, 51.48240050719481],
            [-3.157465408685954, 51.48216941116644],
            [-3.1580242707496815, 51.48184351095218],
            [-3.158647271935338, 51.48156553045399],
            [-3.1596641652566926, 51.48108457035484],
            [-3.1610229295808496, 51.48046264008472],
            [-3.1619658897680365, 51.48006062149796],
            [-3.1623258845816173, 51.47992963764828],
            [-3.1630166608254213, 51.47966867575903],
            [-3.1645875615074, 51.4791357770694],
            [-3.165915321714613, 51.47875975648208],
            [-3.166564289826333, 51.47857175401497],
            [-3.169510929163854, 51.47784381454154],
            [-3.171287582906555, 51.47744482042561],
            [-3.1738833474495842, 51.47665688238092],
            [-3.175832186199469, 51.476119957056774],
            [-3.1762810474947663, 51.47607094421107],
            [-3.176688012715646, 51.47606695010764],
            [-3.1770789296803894, 51.47599891338181],
            [-3.177102847575018, 51.475993907514415],
            [-3.1770709835745268, 51.476092958774636],
            [-3.1768869514323117, 51.476349907257394],
            [-3.176709073027024, 51.47662783476759],
            [-3.176927043708104, 51.476922829819685],
            [-3.1776968686265565, 51.47770072332743],
            [-3.178623904081367, 51.47903462044717],
            [-3.178605812060391, 51.4791595202763],
            [-3.179123808626317, 51.47974642962748],
            [-3.1799248119240984, 51.48038435035861],
            [-3.1802496716831437, 51.48079632729035],
            [-3.180531693938801, 51.481261247480845]
          ]
        ]
      }
    },
    {
      "type": "Feature",
      "properties": {
        "CATCHMENT_NAME": "STACEY PRIMARY SCHOOL",
        "URN": "6812050"
      },
      "geometry": {
        "type": "Polygon",
        "coordinates": [
          [
            [-3.158046615251111, 51.48911962317125],
            [-3.1579996162386865, 51.489157673476555],
            [-3.1570076749594156, 51.490216550065405],
            [-3.1565598524595035, 51.49068845661996],
            [-3.1559158870338946, 51.491196464431454],
            [-3.155675905809053, 51.49139539271606],
            [-3.1548550243976097, 51.491401412787766],
            [-3.154154156990549, 51.49123746811251],
            [-3.1532832704237737, 51.49120251682058],
            [-3.1528841857380354, 51.49114745484684],
            [-3.1521583346355917, 51.49110045859276],
            [-3.151340405376907, 51.49112054232489],
            [-3.150623486607814, 51.49117649584708],
            [-3.1499754798968893, 51.491286439758696],
            [-3.1491556419461024, 51.491488522644595],
            [-3.148419837475519, 51.491750471912106],
            [-3.148030799093582, 51.49191748439493],
            [-3.1474758258535345, 51.492176488014614],
            [-3.1468129378208456, 51.49138449462769],
            [-3.146515996792422, 51.49078458295804],
            [-3.1529771352785025, 51.485509165880764],
            [-3.1531179057931675, 51.485403115814634],
            [-3.1535010136722694, 51.485118170704226],
            [-3.155341740553127, 51.48352835257381],
            [-3.1555547860570003, 51.483376358010936],
            [-3.1562607183352975, 51.48400125878119],
            [-3.1567325603329186, 51.48441823454375],
            [-3.157273551271785, 51.484898188512624],
            [-3.1578115111787763, 51.48538311546399],
            [-3.1582584646671017, 51.48589096918802],
            [-3.1587114487384436, 51.486392017680295],
            [-3.1591673857894826, 51.48690688274104],
            [-3.1591674108720333, 51.48690787160158],
            [-3.1596712574396615, 51.48737487373272],
            [-3.1591623132938045, 51.487768716106864],
            [-3.158746502199011, 51.488160736625964],
            [-3.1579556388729815, 51.48908761138481],
            [-3.158046615251111, 51.48911962317125]
          ]
        ]
      }
    },
    {
      "type": "Feature",
      "properties": {
        "CATCHMENT_NAME": "ROATH PARK PRIMARY SCHOOL",
        "URN": "6812043"
      },
      "geometry": {
        "type": "Polygon",
        "coordinates": [
          [
            [-3.1774117116408984, 51.50345172268952],
            [-3.1758359438517165, 51.50310579088166],
            [-3.175533050291519, 51.502941848499034],
            [-3.1742941175369936, 51.502610862239095],
            [-3.1729063504769432, 51.502351938047816],
            [-3.171616447034112, 51.50203204384648],
            [-3.170097502707534, 51.50183095605189],
            [-3.1677977736894363, 51.50174004467448],
            [-3.1659960649756718, 51.501726143021294],
            [-3.1651270741112976, 51.50175114605461],
            [-3.1656060914568385, 51.50119113688638],
            [-3.165739153072775, 51.50091214487972],
            [-3.1659980827352863, 51.50058613248572],
            [-3.166783879115866, 51.50017026443038],
            [-3.1662289899454956, 51.49997526564991],
            [-3.166737810489387, 51.49943833404813],
            [-3.1662149491201688, 51.49925038986416],
            [-3.1652260943821235, 51.498793452077365],
            [-3.16414020394908, 51.49838341793785],
            [-3.162498326966243, 51.49763656634123],
            [-3.1635471639372934, 51.49663273990548],
            [-3.1640111909275377, 51.49616981793445],
            [-3.1642970921569615, 51.49623567736914],
            [-3.164689006635296, 51.496193659519264],
            [-3.164939037713946, 51.495852721080304],
            [-3.16478298253976, 51.4954668110224],
            [-3.1650510433291648, 51.49516085145982],
            [-3.1649479479887104, 51.49509488623131],
            [-3.1651469307289797, 51.49481991537865],
            [-3.1653939483026754, 51.49446291031725],
            [-3.1660687640339678, 51.49427987028407],
            [-3.1663347163203506, 51.49393706188935],
            [-3.166433717179773, 51.49391602514259],
            [-3.16721578559815, 51.49529281363781],
            [-3.1674797152671084, 51.495231738724264],
            [-3.1707613100926624, 51.49452588510465],
            [-3.171671140400386, 51.49432383089678],
            [-3.1725850249140923, 51.49412289799511],
            [-3.1740567798643857, 51.493808920067686],
            [-3.1743408902400088, 51.49376588110623],
            [-3.1743558089884756, 51.493785873533135],
            [-3.1745038550916287, 51.49431680081744],
            [-3.174806883875434, 51.49532868021022],
            [-3.1767327987819454, 51.501426911123495],
            [-3.176806867994334, 51.5013660120665],
            [-3.176789869873348, 51.50144998704322],
            [-3.1774117116408984, 51.50345172268952]
          ]
        ]
      }
    },
    {
      "type": "Feature",
      "properties": {
        "CATCHMENT_NAME": "BRYN HAFOD PRIMARY SCHOOL",
        "URN": "6812065"
      },
      "geometry": {
        "type": "Polygon",
        "coordinates": [
          [
            [-3.145988448628255, 51.50705567086365],
            [-3.145637659944671, 51.50808659781283],
            [-3.1452197422425034, 51.50942345247763],
            [-3.1447798332076857, 51.510631307067044],
            [-3.144114981051591, 51.512628141173074],
            [-3.143520019222307, 51.51444292367596],
            [-3.1429931444547106, 51.51596273590961],
            [-3.142514172973581, 51.51711754944859],
            [-3.14199335935786, 51.51812746009207],
            [-3.1410086545170692, 51.51976330809994],
            [-3.14039070546041, 51.52062615040367],
            [-3.137511981539038, 51.52008429511846],
            [-3.136964080729718, 51.520047256611186],
            [-3.1362340883886843, 51.520054331400836],
            [-3.134985249509555, 51.52026532336767],
            [-3.1344872635133716, 51.520398275286176],
            [-3.1339924113765347, 51.52066328472765],
            [-3.1336874728241453, 51.520781238353756],
            [-3.133483489488556, 51.520826280876655],
            [-3.1332145255447954, 51.52084326701888],
            [-3.1324596153422015, 51.520677286538366],
            [-3.132370608258071, 51.52070323317548],
            [-3.132116681048406, 51.52065236315981],
            [-3.132117968199778, 51.52059965863054],
            [-3.1317476436635667, 51.520516371870876],
            [-3.1305007897153527, 51.520308367640816],
            [-3.1279111207214405, 51.521910288259754],
            [-3.1274812027548804, 51.52208122043581],
            [-3.127172265347043, 51.522149200921525],
            [-3.126931282570864, 51.52238917058815],
            [-3.126461350274171, 51.52276711548853],
            [-3.126237445512278, 51.52289919765374],
            [-3.1260273264056315, 51.523181130561824],
            [-3.125266530272947, 51.52330307833024],
            [-3.124936455290666, 51.52335605950741],
            [-3.124030564305979, 51.52358000930546],
            [-3.123101858481452, 51.523826110579186],
            [-3.1231257400779673, 51.52337907854681],
            [-3.123154821860908, 51.523278091699616],
            [-3.123187762215858, 51.5231991877585],
            [-3.1234087979765817, 51.52286815002756],
            [-3.123553655465677, 51.522616250326465],
            [-3.123647700085876, 51.52236717515096],
            [-3.1236596585298058, 51.52231427860398],
            [-3.1236707501096452, 51.522261300442594],
            [-3.123676651712964, 51.52220828208794],
            [-3.1236776319112685, 51.52220125907806],
            [-3.1236765997934355, 51.52212420908271],
            [-3.1236696594442397, 51.5220472156944],
            [-3.123663632922737, 51.522013194442735],
            [-3.123652712813486, 51.52194433181966],
            [-3.1236376336758225, 51.521876318306006],
            [-3.123631584821467, 51.52184724276629],
            [-3.1236255625323404, 51.5218192459899],
            [-3.1236216899691187, 51.52180831307305],
            [-3.123594703031607, 51.521754261039696],
            [-3.1235566446282763, 51.52170130416788],
            [-3.1235217161989515, 51.52165838813603],
            [-3.1234835401438157, 51.52161235606808],
            [-3.123442626231387, 51.52156635021438],
            [-3.1233987106054157, 51.521521362199714],
            [-3.1233696499487706, 51.52149430543529],
            [-3.123318575853119, 51.52145127424105],
            [-3.1232636354537444, 51.521409269155384],
            [-3.1232067286202487, 51.52136935099561],
            [-3.123146673783425, 51.521330362138066],
            [-3.1231086566968456, 51.5213083365832],
            [-3.12303558206807, 51.521267404233356],
            [-3.1229566436728655, 51.52122832634875],
            [-3.1228956575913385, 51.521198338099346],
            [-3.122833711538347, 51.52117033720954],
            [-3.1227936570665746, 51.521153366478],
            [-3.122718737671383, 51.521125309894636],
            [-3.122642716420232, 51.52109933192959],
            [-3.122585724955641, 51.5210793761188],
            [-3.122526716136692, 51.521059439589614],
            [-3.122256749771064, 51.5209713857297],
            [-3.122172752705379, 51.52094341566485],
            [-3.1220908686193907, 51.52091344712329],
            [-3.1220258504828324, 51.52088943160212],
            [-3.121962825502722, 51.52086440787695],
            [-3.121900904776431, 51.52083739535433],
            [-3.1218777410460192, 51.520827366267035],
            [-3.121803801479373, 51.52078635150886],
            [-3.1217318838545656, 51.520745497201254],
            [-3.1217087202077063, 51.52073546807992],
            [-3.1215798712022713, 51.52065946066753],
            [-3.1215388980905363, 51.52058746836059],
            [-3.1215217660777075, 51.52053547964277],
            [-3.1215208749793666, 51.52053440914599],
            [-3.121504828481173, 51.5204914018641],
            [-3.1214908038089932, 51.520448555082],
            [-3.1213638467068807, 51.51982762505284],
            [-3.1213958388668184, 51.51982156438401],
            [-3.1214268002571353, 51.51981461438083],
            [-3.1214568705555386, 51.51980659387205],
            [-3.121484730805996, 51.51979661628913],
            [-3.1215128284348164, 51.51978456831078],
            [-3.121522820197578, 51.519780606276555],
            [-3.1215488761615093, 51.51976758871375],
            [-3.1215737550429905, 51.519753593301836],
            [-3.121595749777094, 51.519739535549455],
            [-3.1216158005607952, 51.519722619001946],
            [-3.1216318122222733, 51.51970556124472],
            [-3.121639782704133, 51.51969559401202],
            [-3.1216489020405236, 51.51967959127102],
            [-3.1216538403799974, 51.519663538598955],
            [-3.1216587809251415, 51.51964757582375],
            [-3.1216606932457505, 51.51963155209279],
            [-3.1216618364869015, 51.51961355751685],
            [-3.1216608425914063, 51.519596572481255],
            [-3.1216607375702896, 51.51958056804449],
            [-3.1216577467264703, 51.519558566688374],
            [-3.121653722917646, 51.51953558611127],
            [-3.1216468172042586, 51.51951263309694],
            [-3.121635754822344, 51.519490619018875],
            [-3.121620826176774, 51.519469631016726],
            [-3.121614743761516, 51.51946258564966],
            [-3.1215988346693666, 51.519448620641995],
            [-3.121581770616516, 51.51943457675952],
            [-3.121562740045658, 51.519422619800096],
            [-3.1215428427052205, 51.51941058120855],
            [-3.121520834750656, 51.51940063091643],
            [-3.121497696132378, 51.51939159061473],
            [-3.12147282838277, 51.51938256684359],
            [-3.1214527930804112, 51.519376643994406],
            [-3.1214258368059267, 51.51937060748581],
            [-3.1213987629458058, 51.519365651113894],
            [-3.121369813648347, 51.519360622750064],
            [-3.121340793139749, 51.51935856236095],
            [-3.1213288310489373, 51.51935858681816],
            [-3.121299717239946, 51.51935859542981],
            [-3.121271804772654, 51.51936057074887],
            [-3.1212428858461636, 51.51936264560195],
            [-3.12121591081315, 51.51936757924608],
            [-3.121187785222167, 51.51937261380178],
            [-3.1211608609624624, 51.51937961506658],
            [-3.121150844966599, 51.51938258820179],
            [-3.121121807844686, 51.51939158785694],
            [-3.1210929148063546, 51.51940058612746],
            [-3.121066810345402, 51.51941162585308],
            [-3.121041907205462, 51.51942463228997],
            [-3.1210187574797272, 51.51943861106125],
            [-3.1209998129959535, 51.5194536286501],
            [-3.120699845676514, 51.51929958827311],
            [-3.1206799523966517, 51.51929357401692],
            [-3.120659915027214, 51.51928756113426],
            [-3.1206099425481297, 51.519271583615875],
            [-3.1205978811662045, 51.51926756262807],
            [-3.120585797717222, 51.519262642667826],
            [-3.1205679460695386, 51.51925759798494],
            [-3.120548941668383, 51.51925256431371],
            [-3.1205278956713474, 51.51924656104582],
            [-3.1205048323548787, 51.519240577048485],
            [-3.1204848193052794, 51.51923555300394],
            [-3.12037684762785, 51.51924063086198],
            [-3.120308883330319, 51.51922563436],
            [-3.120245893304072, 51.51921364752251],
            [-3.120209859324914, 51.51920769744698],
            [-3.1201718300925187, 51.5192026656003],
            [-3.120094957822027, 51.51919467776134],
            [-3.120018998672106, 51.519188659351975],
            [-3.119961971060588, 51.51918470805777],
            [-3.1198669642697543, 51.51918363711436],
            [-3.1197709995427987, 51.519184643359196],
            [-3.119705999692427, 51.51918472446148],
            [-3.119639988974688, 51.51918472526037],
            [-3.1195749155857886, 51.5191876843745],
            [-3.1195670124364296, 51.51918865900362],
            [-3.1195019897464507, 51.51919368571185],
            [-3.119438048457027, 51.51920166936226],
            [-3.1193740137542463, 51.51921172198789],
            [-3.1193120448446012, 51.51922373306239],
            [-3.119281057070862, 51.51922960374168],
            [-3.1189280887704514, 51.519282606779015],
            [-3.1185651264100103, 51.51933363595488],
            [-3.1182341381972773, 51.51938966430664],
            [-3.117505320695238, 51.519479695751905],
            [-3.1173332045970756, 51.51947863814449],
            [-3.1171092910663303, 51.51945766226301],
            [-3.11696138531178, 51.51944468413009],
            [-3.116937410472269, 51.51944266451411],
            [-3.11684228875199, 51.51944869574961],
            [-3.116529342331462, 51.51951767551598],
            [-3.1164313910975268, 51.51953767067271],
            [-3.116333360807516, 51.51954265016492],
            [-3.1161783501057685, 51.51953971959218],
            [-3.1163214777064856, 51.51933963812154],
            [-3.116482281656285, 51.51912572062208],
            [-3.1166153668711196, 51.5189806743847],
            [-3.116724280673706, 51.518872724614],
            [-3.1167692788278645, 51.5188327321214],
            [-3.1168163184051925, 51.51879370927061],
            [-3.116888284999359, 51.51873673512444],
            [-3.1169643344138103, 51.51868170024731],
            [-3.117034335043369, 51.51863274745264],
            [-3.1171053441721104, 51.518583785008815],
            [-3.11718021944649, 51.51853379659161],
            [-3.1172562714995995, 51.51848478601485],
            [-3.1173612605043695, 51.51841679670451],
            [-3.118067191145933, 51.51801676647104],
            [-3.1187421023547937, 51.51766882072684],
            [-3.119699014865584, 51.51715488741155],
            [-3.120655810267689, 51.51664292549022],
            [-3.121577675498809, 51.51615898453958],
            [-3.1216576373584495, 51.51611694729077],
            [-3.1217296479112595, 51.516073907022886],
            [-3.121796692689236, 51.51603406135038],
            [-3.1218517287705936, 51.5160040416891],
            [-3.1219016710176506, 51.515972002612216],
            [-3.1219965406112937, 51.51591498599784],
            [-3.122070638868971, 51.51586895824019],
            [-3.122137557095301, 51.515823988238935],
            [-3.122218520693662, 51.51576998188643],
            [-3.1222885863656606, 51.51572408249562],
            [-3.122394590418342, 51.515651043462896],
            [-3.1230474255400247, 51.51517002495828],
            [-3.1236383585914447, 51.51469813810219],
            [-3.1237024790227235, 51.5146391667407],
            [-3.1237554338400564, 51.51458911433125],
            [-3.1238263480788966, 51.514525132291524],
            [-3.123877285517201, 51.51447509915795],
            [-3.123932401369692, 51.514419181265886],
            [-3.124281268533052, 51.51404924025848],
            [-3.124568285678881, 51.5137662128819],
            [-3.124924288558952, 51.51341724234547],
            [-3.1249462083489705, 51.51340030726828],
            [-3.1249792132983636, 51.51337121679165],
            [-3.125011262839058, 51.51334429351076],
            [-3.1250402579540433, 51.513316230585495],
            [-3.125067167218109, 51.513291244887135],
            [-3.1250921325003187, 51.51326924513778],
            [-3.125096093510704, 51.51326623983097],
            [-3.1251121769603514, 51.51325223810225],
            [-3.1251391305299707, 51.51322320563704],
            [-3.1251611920790907, 51.51320033454877],
            [-3.1251652484143935, 51.513195350121734],
            [-3.1251760985131067, 51.513185355002356],
            [-3.1251861772744456, 51.51317329916125],
            [-3.125187161430871, 51.513172300616844],
            [-3.1251950812736218, 51.51316035540768],
            [-3.125202134445644, 51.51314832859526],
            [-3.1252121600842306, 51.51312827053018],
            [-3.125216238627738, 51.51311834038006],
            [-3.125222187929689, 51.51310830236129],
            [-3.125230156494975, 51.513098334885335],
            [-3.1252312581369814, 51.513096256193265],
            [-3.125239226698217, 51.51308628871668],
            [-3.1252470511810446, 51.51307632262202],
            [-3.125258189383708, 51.51306632473025],
            [-3.1252591735362794, 51.51306532618521],
            [-3.1252861269034504, 51.51303629368655],
            [-3.1253101787475606, 51.51301232445071],
            [-3.125566169282421, 51.512792355262135],
            [-3.125868065713648, 51.51255234258072],
            [-3.126013924777452, 51.512436386173],
            [-3.1272227879150734, 51.51157045817881],
            [-3.127542828599376, 51.511371449283125],
            [-3.1277818403835824, 51.511182480382175],
            [-3.1278617026313356, 51.51111948879413],
            [-3.128815637742596, 51.510535551822365],
            [-3.129761554222469, 51.509954651508785],
            [-3.1309853539720454, 51.50930164666512],
            [-3.1321922501677344, 51.508758672398336],
            [-3.1327260609386673, 51.50849473199368],
            [-3.1327401266530286, 51.508486683301655],
            [-3.132811133077987, 51.50844472481705],
            [-3.132880073469131, 51.5084008080423],
            [-3.132884021679046, 51.508292777836495],
            [-3.13315899954249, 51.508079801722054],
            [-3.133257044975585, 51.507977785897516],
            [-3.133372968126952, 51.507858782447286],
            [-3.1335300214983524, 51.50775979279611],
            [-3.133676033564849, 51.50745985197376],
            [-3.134357824905512, 51.506465953700584],
            [-3.1345007754716665, 51.50628095720752],
            [-3.134675791588485, 51.506075958107544],
            [-3.1348078678658786, 51.50592892213175],
            [-3.1348408086339994, 51.50589191659543],
            [-3.134915714949763, 51.505809995239034],
            [-3.134994847638425, 51.50573001113268],
            [-3.1350867824544206, 51.50562598472559],
            [-3.1351367717392153, 51.50555608373664],
            [-3.1352796419337157, 51.50539707347377],
            [-3.1354097616477614, 51.505270017643085],
            [-3.1354597706217664, 51.5052241245629],
            [-3.1355316109561624, 51.50515805814372],
            [-3.135625727037554, 51.50507810833695],
            [-3.1356897671620088, 51.50501706287716],
            [-3.13574073600432, 51.50497502687343],
            [-3.1360396281125644, 51.50482115837515],
            [-3.136416608978158, 51.50455719141467],
            [-3.1367215167211646, 51.50437314014005],
            [-3.1372055130461627, 51.504131152298406],
            [-3.1376844647103885, 51.503837238451375],
            [-3.137787455828361, 51.50375522255379],
            [-3.137864417045559, 51.50367516760476],
            [-3.137945404438681, 51.50350227757767],
            [-3.1380824698661267, 51.503342241097606],
            [-3.1381853253432657, 51.50319125861328],
            [-3.1382332762960132, 51.503109237028234],
            [-3.138411327592132, 51.50291733079287],
            [-3.1385402764899086, 51.502628339390704],
            [-3.1386522347602535, 51.50235138206899],
            [-3.1387853477132612, 51.502050390751776],
            [-3.138791193998773, 51.50203639659325],
            [-3.1388192830907773, 51.501978396062306],
            [-3.1388661987327864, 51.50189539514388],
            [-3.138886198397829, 51.50186543784427],
            [-3.1389732041288965, 51.50182439915422],
            [-3.1391271642784337, 51.50155647479404],
            [-3.139114092040676, 51.50149446803373],
            [-3.1395281959551995, 51.50089545306667],
            [-3.1398169911084017, 51.5008234987588],
            [-3.1402430569044677, 51.50082547085092],
            [-3.1404999426079785, 51.50088348779219],
            [-3.14085503465973, 51.50101446182857],
            [-3.141252954190424, 51.50115841584552],
            [-3.141650884969749, 51.5013084828743],
            [-3.1420497704824286, 51.50152543871248],
            [-3.1425047428049115, 51.50183032665634],
            [-3.142832718541573, 51.50215533355068],
            [-3.1431947100601505, 51.50256129432932],
            [-3.1433407755657163, 51.502888252976206],
            [-3.1434466957046547, 51.50326325976827],
            [-3.1434577532139, 51.503699167232654],
            [-3.1433918501284, 51.504042129946036],
            [-3.143185810075489, 51.504985946052805],
            [-3.1431727457277114, 51.505149005872454],
            [-3.1446076698176766, 51.5067927470251],
            [-3.145988448628255, 51.50705567086365]
          ]
        ]
      }
    },
    {
      "type": "Feature",
      "properties": {
        "CATCHMENT_NAME": "GLAN YR AFON PRIMARY SCHOOL",
        "URN": "6812310"
      },
      "geometry": {
        "type": "Polygon",
        "coordinates": [
          [
            [-3.1328467519099235, 51.52728550419764],
            [-3.13152696769448, 51.52793441557001],
            [-3.131431908530982, 51.527978493348996],
            [-3.131311026123733, 51.528033430482274],
            [-3.1311889926767695, 51.52808846850917],
            [-3.131070010011992, 51.52814446608606],
            [-3.1309509074404227, 51.52820145379656],
            [-3.13084200985462, 51.52825141929288],
            [-3.1307330875259045, 51.528300395825816],
            [-3.130620009900252, 51.52835040141289],
            [-3.1305060672876373, 51.52840041522722],
            [-3.130381005294628, 51.52845548159527],
            [-3.1302562045253253, 51.5285094662934],
            [-3.130144083511698, 51.52855739408043],
            [-3.1300330685000515, 51.528603422822016],
            [-3.129876152894327, 51.5286703949877],
            [-3.129718154510788, 51.52873441007243],
            [-3.129597096668216, 51.52878242341209],
            [-3.1294771915654858, 51.52883042552445],
            [-3.1293682859064464, 51.52887436519972],
            [-3.1292592381367994, 51.52891839605922],
            [-3.1291142772948395, 51.52897338289766],
            [-3.1289692671694542, 51.529026391830975],
            [-3.12885221880104, 51.52907337670016],
            [-3.1287342565157203, 51.52911839204813],
            [-3.128607285238246, 51.52916637134744],
            [-3.1284802892366996, 51.5292133616466],
            [-3.128374334978138, 51.52925430469454],
            [-3.127385464442355, 51.52956629868466],
            [-3.126144584732374, 51.530024303438495],
            [-3.1249768502443684, 51.53038025571427],
            [-3.124809845501956, 51.53043032329094],
            [-3.124641924647586, 51.530478331297005],
            [-3.1244718126849906, 51.53052519113312],
            [-3.124299902138461, 51.530569280502],
            [-3.124152806207109, 51.53060827620568],
            [-3.1240049406495682, 51.53064530090202],
            [-3.1238569041479467, 51.530681248032174],
            [-3.1237079561330257, 51.53071531542831],
            [-3.123565970686962, 51.53074526962322],
            [-3.1234239629179847, 51.53077432467872],
            [-3.1232780103136517, 51.530801259308625],
            [-3.123079032572684, 51.53087617823955],
            [-3.122598164633288, 51.53090820678882],
            [-3.121766228602993, 51.53098027815646],
            [-3.121605248538468, 51.53098829179938],
            [-3.1214522911790956, 51.530994250314876],
            [-3.121300176474505, 51.53099930139438],
            [-3.121139312217779, 51.53100029968333],
            [-3.120977244098535, 51.53099924114278],
            [-3.120817268909831, 51.531001219591104],
            [-3.1202013129515698, 51.53093921603673],
            [-3.1184185519246816, 51.53086226515867],
            [-3.1170297907530577, 51.530761393821614],
            [-3.1173907072391196, 51.530187426113535],
            [-3.1176096195380643, 51.52982548838751],
            [-3.11759150792535, 51.5288505897854],
            [-3.1177915720585045, 51.52822564107321],
            [-3.1178585114529804, 51.52808059468532],
            [-3.11801251738161, 51.52787069666674],
            [-3.1182963979059304, 51.527501664034325],
            [-3.11849844789195, 51.5272877105128],
            [-3.1185834109549124, 51.52720768239295],
            [-3.1192212772848475, 51.52664878068699],
            [-3.1194692551568615, 51.526432858532196],
            [-3.1201752222617403, 51.52668777958888],
            [-3.121411010169766, 51.52606488658081],
            [-3.121748085537134, 51.52572689796615],
            [-3.122170912112609, 51.52515394109186],
            [-3.122700913772407, 51.52490087453354],
            [-3.123596770929285, 51.52459592512822],
            [-3.123339686119195, 51.52434697667076],
            [-3.1231808076908747, 51.524088005448554],
            [-3.123137782867164, 51.52396801707602],
            [-3.123101858481452, 51.523826110579186],
            [-3.124030564305979, 51.52358000930546],
            [-3.124936455290666, 51.52335605950741],
            [-3.125266530272947, 51.52330307833024],
            [-3.1260273264056315, 51.523181130561824],
            [-3.126237445512278, 51.52289919765374],
            [-3.126461350274171, 51.52276711548853],
            [-3.126931282570864, 51.52238917058815],
            [-3.127172265347043, 51.522149200921525],
            [-3.1274812027548804, 51.52208122043581],
            [-3.1279111207214405, 51.521910288259754],
            [-3.1305007897153527, 51.520308367640816],
            [-3.1317476436635667, 51.520516371870876],
            [-3.132117968199778, 51.52059965863054],
            [-3.132116681048406, 51.52065236315981],
            [-3.132370608258071, 51.52070323317548],
            [-3.1324596153422015, 51.520677286538366],
            [-3.1332145255447954, 51.52084326701888],
            [-3.133207565457407, 51.52106219533834],
            [-3.1332755403135626, 51.521257290571036],
            [-3.133390621279279, 51.52133521662398],
            [-3.1335074914966747, 51.521514193399256],
            [-3.1336674492179704, 51.52191907781923],
            [-3.1337274110779307, 51.52230208946328],
            [-3.1336915005044976, 51.52236510962429],
            [-3.1335344836984382, 51.522601044214504],
            [-3.1329006350309068, 51.52335897519071],
            [-3.132708666169997, 51.523696943747],
            [-3.1327107169885333, 51.52376795933708],
            [-3.132565650565224, 51.52402697602224],
            [-3.1322436509815192, 51.52469583953247],
            [-3.132347773387594, 51.52481982058652],
            [-3.1326696277805315, 51.525184747865495],
            [-3.1327206870241624, 51.52519180786954],
            [-3.1329646841536225, 51.525439693420914],
            [-3.1330817148737893, 51.525595739839375],
            [-3.1331906679393664, 51.52595471963761],
            [-3.1340237111054163, 51.526540667367534],
            [-3.1339305887900433, 51.526598665792406],
            [-3.1338257233852715, 51.526665589650456],
            [-3.1337186467745113, 51.52673055658744],
            [-3.1336026378228756, 51.52680154436106],
            [-3.1334886483964084, 51.526872602418266],
            [-3.1329666675568926, 51.527226618400576],
            [-3.1328467519099235, 51.52728550419764]
          ]
        ]
      }
    },
    {
      "type": "Feature",
      "properties": {
        "CATCHMENT_NAME": "Danescourt Primary",
        "URN": "6812321"
      },
      "geometry": {
        "type": "Polygon",
        "coordinates": [
          [
            [-3.2494336727801563, 51.50590558105763],
            [-3.248868628373686, 51.50705141768634],
            [-3.2477328939991437, 51.508074290784236],
            [-3.2463989713675585, 51.50868527084883],
            [-3.244971128022717, 51.508881176276034],
            [-3.2431643408181956, 51.508888205372656],
            [-3.2418335055495513, 51.50868326311533],
            [-3.240565698537409, 51.50867627061704],
            [-3.2392118319233782, 51.50836534771047],
            [-3.2377729514056814, 51.50786242987858],
            [-3.2366111616754583, 51.50729452846478],
            [-3.234958280409117, 51.5064846006117],
            [-3.2338253333314384, 51.50558969142891],
            [-3.2320825285724455, 51.504240974156296],
            [-3.2317415977459114, 51.503385017875544],
            [-3.230386567618651, 51.5011883091992],
            [-3.229818709234665, 51.500661404771805],
            [-3.228527865339686, 51.50008947192887],
            [-3.228762726816269, 51.49984953419849],
            [-3.2299426557000337, 51.500224355926576],
            [-3.2336172351554935, 51.501150229081475],
            [-3.233841244638449, 51.50074934984328],
            [-3.234044141321741, 51.50024438593619],
            [-3.2344610260816937, 51.49942146224003],
            [-3.23455918594408, 51.49923141835956],
            [-3.235343898406758, 51.49948643750985],
            [-3.235951979871125, 51.49968243796852],
            [-3.2360228987643778, 51.499742385970336],
            [-3.2360699215623634, 51.49977641930879],
            [-3.2361568945234382, 51.49980139921247],
            [-3.2362279486591263, 51.49980244850282],
            [-3.236881794501209, 51.499815425410944],
            [-3.2371748303549945, 51.49986331822347],
            [-3.237696744266629, 51.499941345423295],
            [-3.238253674334182, 51.49999831908525],
            [-3.2385236536585165, 51.500104360072804],
            [-3.2390017252760215, 51.50031331752708],
            [-3.239479521651223, 51.50058629852566],
            [-3.239934535575774, 51.500821212860075],
            [-3.2405535010061843, 51.501183155497586],
            [-3.240984391245969, 51.50132516455605],
            [-3.2413983416168968, 51.50144810863936],
            [-3.2420113293915653, 51.50154709281212],
            [-3.242613243268805, 51.50158315767488],
            [-3.2429021963027207, 51.50165508796209],
            [-3.2432880409989657, 51.50177202895184],
            [-3.24340117869882, 51.5018210942233],
            [-3.24386613195269, 51.501933058140594],
            [-3.2440100725490204, 51.501928114212134],
            [-3.2440910897201958, 51.50195099337551],
            [-3.2441610401646606, 51.50199602014926],
            [-3.2441979684408144, 51.502077005340844],
            [-3.2441860224841417, 51.50212505911345],
            [-3.244402034166186, 51.50222707335996],
            [-3.2445479713908023, 51.502342959204256],
            [-3.2446599772122044, 51.50239796995833],
            [-3.244965933026431, 51.50262293729055],
            [-3.2451429984325952, 51.50277598827105],
            [-3.2452839323986233, 51.50296188358937],
            [-3.245463919074128, 51.50323782281787],
            [-3.245586953125092, 51.50365482077586],
            [-3.245718875433261, 51.50385879515624],
            [-3.2459619824461123, 51.50411383117636],
            [-3.2461639337264008, 51.50425978231456],
            [-3.2464458604039623, 51.5044007467322],
            [-3.2467859134924186, 51.504559705761636],
            [-3.2471138285420467, 51.504706743710855],
            [-3.247519818718748, 51.50494268965369],
            [-3.24786970011804, 51.50512357123386],
            [-3.2485646539956705, 51.5055515631183],
            [-3.249056661553126, 51.50576051124511],
            [-3.2494336727801563, 51.50590558105763]
          ]
        ]
      }
    },
    {
      "type": "Feature",
      "properties": {
        "CATCHMENT_NAME": "SPRINGWOOD PRIMARY SCHOOL",
        "URN": "6812096"
      },
      "geometry": {
        "type": "Polygon",
        "coordinates": [
          [
            [-3.161459192816285, 51.51822322100429],
            [-3.1611681505008056, 51.51823815212724],
            [-3.161127194801038, 51.51823720885494],
            [-3.161117250343416, 51.51823721739507],
            [-3.160952123895742, 51.51823318729889],
            [-3.1609482334811148, 51.51823322581161],
            [-3.160791297296415, 51.51822821522532],
            [-3.160789280044491, 51.51822823519211],
            [-3.16077714681546, 51.51822718634584],
            [-3.1605822376378976, 51.51820816436669],
            [-3.160340253697183, 51.518140242582746],
            [-3.160258264396118, 51.518152293584826],
            [-3.1601943571829305, 51.518161288253616],
            [-3.1601702461498387, 51.51816530335739],
            [-3.1598974071363126, 51.51817627466791],
            [-3.159350430866443, 51.51868621586648],
            [-3.1593434021235822, 51.51869320907389],
            [-3.1593354149711326, 51.518702189962],
            [-3.1593274278155605, 51.518711170849556],
            [-3.159320307486296, 51.51872023308608],
            [-3.159315440099734, 51.51872720492573],
            [-3.159321389944769, 51.51880825258302],
            [-3.1593133834849767, 51.51883917377051],
            [-3.1593203072305123, 51.51887911905199],
            [-3.1593144060719394, 51.5188851120073],
            [-3.1592444175258123, 51.518961155538804],
            [-3.1591464665817544, 51.51902012114207],
            [-3.1591414735831815, 51.51902214869903],
            [-3.159082416118454, 51.519029206532835],
            [-3.1589035254492597, 51.51918707292092],
            [-3.1583865821494643, 51.519558058396164],
            [-3.1580226455504428, 51.51980200463721],
            [-3.157675611633175, 51.5199680933289],
            [-3.1574967475879037, 51.52011597630481],
            [-3.1574946363069594, 51.52011797534864],
            [-3.1574926691213916, 51.52011997297024],
            [-3.1574896681906504, 51.520120991691634],
            [-3.157486692335742, 51.52012299926842],
            [-3.1574796818044124, 51.520125046666],
            [-3.1574716603237554, 51.52012701412236],
            [-3.1574397896400015, 51.52013200442753],
            [-3.1574076809064606, 51.5201389752793],
            [-3.157338716872842, 51.520158988333776],
            [-3.1572446920205044, 51.520174033370985],
            [-3.1571786951350735, 51.520186014310056],
            [-3.1571746604530873, 51.52018605412047],
            [-3.1569647356673567, 51.52018902445216],
            [-3.1566028352291284, 51.52021804104982],
            [-3.15635572252504, 51.52023801194983],
            [-3.1563068710812923, 51.520244068560615],
            [-3.1562917614955257, 51.52024502680053],
            [-3.156283858987363, 51.52024600389948],
            [-3.156274831037765, 51.520248071115326],
            [-3.1562698104493014, 51.5202490197994],
            [-3.1556978960158033, 51.52015799476701],
            [-3.1537110243774786, 51.52022008886455],
            [-3.153848113245296, 51.52116162470673],
            [-3.153867905057153, 51.52172216116913],
            [-3.1532131880556533, 51.52162897132802],
            [-3.153016227946396, 51.522019894877516],
            [-3.151170471534785, 51.52177690379142],
            [-3.150488491306098, 51.521676952729344],
            [-3.149590633130511, 51.522041923857365],
            [-3.1491856262718296, 51.521830898307535],
            [-3.148136857746387, 51.52220794725015],
            [-3.148258886287773, 51.52205101395617],
            [-3.148234771877013, 51.52199199385609],
            [-3.1483778951633434, 51.52181992744763],
            [-3.148500786461511, 51.52166298543721],
            [-3.148618696343333, 51.521542958610084],
            [-3.148661795651589, 51.52150297240652],
            [-3.148761766111717, 51.52147196048374],
            [-3.1489086201658636, 51.52132800130725],
            [-3.149026704636896, 51.52121498597933],
            [-3.1491147698638358, 51.52112906034446],
            [-3.149141670401547, 51.5211040692096],
            [-3.1491686901122526, 51.521078087798465],
            [-3.1491906965110847, 51.5210590792211],
            [-3.1492127028916497, 51.521040070639614],
            [-3.1492376432901303, 51.52102310142542],
            [-3.149261572715154, 51.52100605219445],
            [-3.1492936184156366, 51.520985056930755],
            [-3.149325688986643, 51.5209650505166],
            [-3.149360735798203, 51.52094303672094],
            [-3.1493966471669586, 51.520921014441385],
            [-3.1495116403153722, 51.52085703442652],
            [-3.1495346627451024, 51.52084404035606],
            [-3.149558574655865, 51.520832026664536],
            [-3.149589619009977, 51.52081706566552],
            [-3.149620544151804, 51.52080309492903],
            [-3.149650604686221, 51.5207891326599],
            [-3.1496825882916037, 51.520777129735436],
            [-3.149717573029595, 51.52076410827865],
            [-3.1497546022922944, 51.52075214578803],
            [-3.149798615338326, 51.520737057590985],
            [-3.1498435223824237, 51.520723129551136],
            [-3.1498855950018454, 51.520711117571274],
            [-3.149926539729522, 51.5207001057377],
            [-3.150497497562591, 51.520313072158295],
            [-3.1512522889020387, 51.519746192815646],
            [-3.1516643841848393, 51.51933023044864],
            [-3.151800276516199, 51.518975246720096],
            [-3.1516823059633174, 51.518675268461735],
            [-3.15169531498561, 51.51828831159804],
            [-3.1516092977446064, 51.518289336132575],
            [-3.1514863004648737, 51.51780138755115],
            [-3.1514172762663986, 51.517430432320765],
            [-3.1513313260867366, 51.51716547722205],
            [-3.151360212280755, 51.516716500533754],
            [-3.151418196691458, 51.516295562429626],
            [-3.1517322781287946, 51.515874627138636],
            [-3.1525469683364316, 51.514806754036336],
            [-3.1528060352207903, 51.514530765480536],
            [-3.1528301014760465, 51.51449078492292],
            [-3.152851047916675, 51.51445281323683],
            [-3.152872111159685, 51.51441376137633],
            [-3.152890988230829, 51.5143737419003],
            [-3.152909028045996, 51.51433480967412],
            [-3.1529080195032164, 51.51433481958924],
            [-3.1530110895191643, 51.51412483563736],
            [-3.1530790324230336, 51.51398479390962],
            [-3.153232966100908, 51.51353494651544],
            [-3.153476945725886, 51.51342086817118],
            [-3.1535908130869323, 51.51324485657912],
            [-3.1536488751637943, 51.51313593358004],
            [-3.1536558272631097, 51.51302895205668],
            [-3.1536588981521017, 51.51295087256159],
            [-3.153723873764329, 51.51264792722501],
            [-3.1538388276272595, 51.512343950586526],
            [-3.1560735571118443, 51.51202197297579],
            [-3.157440458593237, 51.51175698742516],
            [-3.1582822713571246, 51.51173797541466],
            [-3.158961266064198, 51.51182199476118],
            [-3.1596071819413822, 51.51202197259205],
            [-3.161515015285293, 51.51316672808837],
            [-3.161616969063382, 51.51319772924726],
            [-3.1616809629731013, 51.513220743927086],
            [-3.1617419314003214, 51.51324378854424],
            [-3.1617969654155798, 51.51326581289924],
            [-3.16185000532737, 51.513288756170915],
            [-3.161884830164143, 51.51330378721804],
            [-3.161916940498086, 51.51331974433611],
            [-3.161927901610829, 51.51332575019633],
            [-3.1619508598169044, 51.51333883067191],
            [-3.1619939405471924, 51.51336681807925],
            [-3.1620558998393973, 51.51341179285039],
            [-3.1621130110678872, 51.51345879384069],
            [-3.1622789228226855, 51.513703796263876],
            [-3.1623129346605414, 51.513754802674804],
            [-3.1623459609342333, 51.5138067180301],
            [-3.1623668412225694, 51.51384571557129],
            [-3.162383847409665, 51.513879716068175],
            [-3.1623998702691356, 51.51391471541373],
            [-3.1624128675608896, 51.51394974474707],
            [-3.1624258625841395, 51.51398468418275],
            [-3.1624339613304855, 51.51401976206932],
            [-3.162435919131014, 51.51402873452064],
            [-3.162438854039095, 51.51406476277836],
            [-3.1624389028481503, 51.514100639806884],
            [-3.1624349198065893, 51.514136646719074],
            [-3.162428894509946, 51.514171684770105],
            [-3.162422976537255, 51.514199618189295],
            [-3.1624218976849265, 51.51433270837338],
            [-3.1624098927521938, 51.51493663055911],
            [-3.1625349389109534, 51.515472474589295],
            [-3.162956977018823, 51.51576349273996],
            [-3.1631139702693805, 51.516110460097764],
            [-3.163161805797061, 51.51664733890057],
            [-3.163221945921641, 51.51738425425386],
            [-3.163261993427422, 51.51789819101736],
            [-3.1618270810793825, 51.51782429517121],
            [-3.161545064135908, 51.517848309514925],
            [-3.161541146365452, 51.51786426389553],
            [-3.1615151033287794, 51.5179792578585],
            [-3.1614861852617953, 51.518100214909005],
            [-3.161459192816285, 51.51822322100429]
          ]
        ]
      }
    },
    {
      "type": "Feature",
      "properties": {
        "CATCHMENT_NAME": "BIRCHGROVE PRIMARY SCHOOL",
        "URN": "6812011"
      },
      "geometry": {
        "type": "Polygon",
        "coordinates": [
          [
            [-3.2092144959173163, 51.513322105955794],
            [-3.20917850966501, 51.513416172542016],
            [-3.2089864229908973, 51.51375409010347],
            [-3.208589580471192, 51.51449605524143],
            [-3.208368739081913, 51.51487500130009],
            [-3.2078696003297353, 51.5147690036225],
            [-3.2078607185273897, 51.51467297179961],
            [-3.206729718521172, 51.51472804615043],
            [-3.206392925910927, 51.515109979874055],
            [-3.206207963247601, 51.51512402151839],
            [-3.2056960152536322, 51.515155002884455],
            [-3.2056630654953437, 51.51502603829775],
            [-3.2054250344320607, 51.51481501782423],
            [-3.2053779718982804, 51.51473007863152],
            [-3.2052509087501155, 51.51477004970456],
            [-3.2051500618464046, 51.51480408633883],
            [-3.2051110476598077, 51.51482202144627],
            [-3.205008992028733, 51.51484303214226],
            [-3.2048540136112265, 51.51489012345328],
            [-3.204854029773263, 51.51490711795446],
            [-3.204837065144095, 51.51493597636954],
            [-3.2048071111286363, 51.51497503914487],
            [-3.204766070882629, 51.51501997061259],
            [-3.2045589676090445, 51.515036035488215],
            [-3.203589245082643, 51.51501002446763],
            [-3.20365024589515, 51.51549801747],
            [-3.2024653235903107, 51.51589790327806],
            [-3.201119516779037, 51.51602292451828],
            [-3.201033464167109, 51.51563895324589],
            [-3.2005005728341427, 51.51568496298891],
            [-3.200230576433599, 51.514279237904915],
            [-3.1967709597523264, 51.514531209383335],
            [-3.1967809375451615, 51.51372435585159],
            [-3.196034993967754, 51.512931418701484],
            [-3.194080321238207, 51.51368732367104],
            [-3.19382919587397, 51.51329837391731],
            [-3.193773319655182, 51.5133163869839],
            [-3.193725237655645, 51.5133514052592],
            [-3.193364320257387, 51.513492294689954],
            [-3.1933273424320125, 51.51342837902818],
            [-3.1925154578708255, 51.513297353629646],
            [-3.192528416837388, 51.51326934701936],
            [-3.1925304229481495, 51.51326339197774],
            [-3.192534486158614, 51.513242399576285],
            [-3.192537394441558, 51.51322132900045],
            [-3.192537423631667, 51.513200377621295],
            [-3.19253634955622, 51.513181325756314],
            [-3.1925324113232016, 51.51315744740162],
            [-3.19252633315115, 51.51313440007722],
            [-3.1924622861973706, 51.512944423480356],
            [-3.1923123416384582, 51.51255543069597],
            [-3.1921393331598544, 51.51200050218825],
            [-3.1921163159934536, 51.511880604626725],
            [-3.1920983389650033, 51.511760565904325],
            [-3.1920903295838503, 51.51166353499043],
            [-3.192086502871077, 51.51156664139358],
            [-3.192087389023272, 51.5114625962991],
            [-3.1920933198370203, 51.511358589840064],
            [-3.1921283925819357, 51.511062670091654],
            [-3.192206424235531, 51.51043073645337],
            [-3.1922772426214214, 51.50986478655038],
            [-3.1922782918329324, 51.509860819453145],
            [-3.192286246292926, 51.50982881738408],
            [-3.192515193102585, 51.50802901114986],
            [-3.1925082127811235, 51.50754100241024],
            [-3.192882164962553, 51.50583224654989],
            [-3.1931650326891567, 51.505855265324115],
            [-3.193262068313785, 51.5058632698261],
            [-3.1933710623673623, 51.50587124246789],
            [-3.193481067148094, 51.50587929464041],
            [-3.193590992082351, 51.50588429027919],
            [-3.193671063691891, 51.50588824092516],
            [-3.1937809369679173, 51.505891258695534],
            [-3.193892080844807, 51.505893274318424],
            [-3.1940020182818256, 51.50589323398498],
            [-3.1944538615314966, 51.50590922376169],
            [-3.194586933813085, 51.505912274224],
            [-3.194719782101942, 51.505912269573756],
            [-3.1947399795096794, 51.50591323273917],
            [-3.194872894229879, 51.50591025991386],
            [-3.1950058988761105, 51.505905217885925],
            [-3.1955807703929686, 51.50583227853275],
            [-3.195640879600308, 51.50582222417114],
            [-3.1958988340127936, 51.505774184654356],
            [-3.1960276883707768, 51.50574823267798],
            [-3.1966996545757675, 51.505592201459116],
            [-3.197325626030458, 51.50536919679471],
            [-3.197767455139886, 51.50526721244192],
            [-3.197805428996707, 51.50527024147509],
            [-3.1978345853616754, 51.5052721916205],
            [-3.1978724814163586, 51.50527225410088],
            [-3.197908474211214, 51.50527116706552],
            [-3.198009505133759, 51.50527220306339],
            [-3.1984024126972956, 51.50525523993565],
            [-3.1986315328836334, 51.505201284649246],
            [-3.1986615018485707, 51.50519027795086],
            [-3.198666347516187, 51.50518825020067],
            [-3.198694535999591, 51.50517528347664],
            [-3.198723390428398, 51.50516024180165],
            [-3.198929411795313, 51.50502226797677],
            [-3.199028332015274, 51.50478926557414],
            [-3.1990334118928803, 51.5047522569301],
            [-3.19903532277675, 51.50471528068949],
            [-3.1990343785713558, 51.50469029286735],
            [-3.1990323717718163, 51.50466324777382],
            [-3.1990254816983636, 51.50463130706873],
            [-3.1990603215987177, 51.5046302314663],
            [-3.1994762951858062, 51.50486633063133],
            [-3.201041106616461, 51.504967208364796],
            [-3.202214987704896, 51.5047492646411],
            [-3.2031438909997463, 51.50472723872614],
            [-3.2033698703692415, 51.50483327229586],
            [-3.2042417469492968, 51.50483421273303],
            [-3.206103581926213, 51.50480626542966],
            [-3.2074124287825456, 51.50482219942242],
            [-3.2078834272178915, 51.50457115038344],
            [-3.208077240540227, 51.504806180410654],
            [-3.2076104427455245, 51.50490009838883],
            [-3.207299339668398, 51.50500814744188],
            [-3.2072243304700714, 51.50514119059651],
            [-3.20692445885252, 51.50535810487748],
            [-3.2064396288201746, 51.50580603510637],
            [-3.2060855714557435, 51.50613203690546],
            [-3.2052877764872685, 51.506847992211185],
            [-3.2047058340679913, 51.50735194358049],
            [-3.204175903479467, 51.50782883178369],
            [-3.2041468019296997, 51.507850891011614],
            [-3.2038079601565226, 51.50801190799345],
            [-3.2034940751703216, 51.50839278947187],
            [-3.203294911286645, 51.50856684828861],
            [-3.203059037687792, 51.50884073373684],
            [-3.2030181108858145, 51.508900769871964],
            [-3.202694140738307, 51.50878980602128],
            [-3.2032090619594906, 51.509333658796855],
            [-3.203828964592004, 51.5099346091986],
            [-3.204466935267459, 51.5106135103025],
            [-3.205013914819231, 51.511125554243435],
            [-3.205400780191042, 51.511396460452524],
            [-3.2060886941302553, 51.51176039287136],
            [-3.20802461164136, 51.51269720375718],
            [-3.2092144959173163, 51.513322105955794]
          ]
        ]
      }
    },
    {
      "type": "Feature",
      "properties": { "CATCHMENT_NAME": "GABALFA PRIMARY", "URN": "6812019" },
      "geometry": {
        "type": "Polygon",
        "coordinates": [
          [
            [-3.225610188499509, 51.50202827072064],
            [-3.2251612460513446, 51.50227520464432],
            [-3.224960175535167, 51.50239024384758],
            [-3.2250552950501965, 51.50243429965811],
            [-3.225136309162043, 51.50244127621458],
            [-3.2251273123377775, 51.50248722901046],
            [-3.225203268121229, 51.50253121516521],
            [-3.2250452937154073, 51.5026361828469],
            [-3.2247343986021577, 51.50278213222236],
            [-3.2245932226927163, 51.502917226598015],
            [-3.2241563616122058, 51.50278223351428],
            [-3.2239183253567596, 51.50286213872688],
            [-3.2237053846215713, 51.50291615459227],
            [-3.223367534386293, 51.50298118458309],
            [-3.2229875361738363, 51.5030272306511],
            [-3.2230395507080773, 51.503124160538704],
            [-3.2233016395216083, 51.50331816979549],
            [-3.223462529418526, 51.5034401300993],
            [-3.2235653841476113, 51.50356314536696],
            [-3.223941466528828, 51.503704170219066],
            [-3.2239953987902403, 51.503894056098],
            [-3.223589491344544, 51.50406500250315],
            [-3.223460578681463, 51.5039750796436],
            [-3.223331553282805, 51.50394009843449],
            [-3.22325957920472, 51.50392106706881],
            [-3.223068565157752, 51.50387405361454],
            [-3.222867500689537, 51.503839103912554],
            [-3.222909592756519, 51.50371610511005],
            [-3.222918641321804, 51.50368813579831],
            [-3.2228735120217094, 51.5036331263156],
            [-3.22270759639969, 51.50351715228122],
            [-3.2226515803267732, 51.503459109061026],
            [-3.222507633383943, 51.503367183857016],
            [-3.2223826964511164, 51.50333413720683],
            [-3.2223246910158014, 51.503320174965395],
            [-3.221781715562957, 51.503263160040305],
            [-3.221423697769106, 51.50322615644347],
            [-3.2211298024131274, 51.50358817470132],
            [-3.220979891887507, 51.503731178585866],
            [-3.220873856398813, 51.50382310098492],
            [-3.220848834555302, 51.50384107557398],
            [-3.2202909214977686, 51.50425511584201],
            [-3.219966950384903, 51.50449506409802],
            [-3.219626960597578, 51.50474497923204],
            [-3.219442933074878, 51.50465202845467],
            [-3.219209509335286, 51.504532974926995],
            [-3.219535237274014, 51.50428311940461],
            [-3.219124184108939, 51.50404074550558],
            [-3.2192065069383378, 51.503977935304114],
            [-3.2190420896161474, 51.503896199735514],
            [-3.218695772005177, 51.503871205251656],
            [-3.218544164669694, 51.503842927660216],
            [-3.2185120229962645, 51.50370748376249],
            [-3.218181955956188, 51.50364886897845],
            [-3.218232376115335, 51.50353513697092],
            [-3.218097786263213, 51.50350200621294],
            [-3.218114054492821, 51.50346371150201],
            [-3.2157145126096958, 51.503343214428995],
            [-3.215713783868114, 51.50338620332615],
            [-3.2154250196648464, 51.50336887505387],
            [-3.215399653958629, 51.503346927948],
            [-3.215206334635816, 51.50319121339632],
            [-3.215098705770451, 51.50331569777655],
            [-3.214966507825376, 51.503301961178586],
            [-3.214790534488432, 51.50328373239193],
            [-3.2146825080627117, 51.50345291030266],
            [-3.214460200033838, 51.50342607915314],
            [-3.2142701560786913, 51.50338803326948],
            [-3.2141720443151542, 51.50342079065539],
            [-3.213686549862348, 51.50341196915679],
            [-3.21368050605544, 51.503330924675055],
            [-3.213471215837996, 51.50328426463046],
            [-3.213441945283775, 51.50333222466176],
            [-3.2133516377763613, 51.50331166848702],
            [-3.2129726002992625, 51.50349201124931],
            [-3.2127042838109827, 51.50345252449983],
            [-3.21187552482413, 51.50440227566981],
            [-3.2108409984506374, 51.50407028115604],
            [-3.2099320167759906, 51.50385927215578],
            [-3.208745122517173, 51.50348531047342],
            [-3.2072484660157006, 51.50305634874959],
            [-3.205156602587245, 51.502401495678065],
            [-3.204209625655351, 51.50206953217501],
            [-3.2044766373148437, 51.50192354869154],
            [-3.2051504878342345, 51.50163463880555],
            [-3.20557553789213, 51.501417520961226],
            [-3.205960363867218, 51.50118858625508],
            [-3.206354371598138, 51.50091468617452],
            [-3.2068143424049276, 51.500465662813326],
            [-3.2070183294145393, 51.50021970259053],
            [-3.207269305015468, 51.499854744822436],
            [-3.207589194184418, 51.4990558464371],
            [-3.2078270565763005, 51.498565854975446],
            [-3.2081249927298052, 51.498086933514884],
            [-3.2086720141801535, 51.49754304001487],
            [-3.209132907286962, 51.49716908009471],
            [-3.2098148596888807, 51.49716807037289],
            [-3.2107498405683064, 51.4972780121503],
            [-3.2111327450498757, 51.49734293581226],
            [-3.211696643640409, 51.497437010111824],
            [-3.213027516671653, 51.49769894170407],
            [-3.2142163998846733, 51.497929867846395],
            [-3.2156972927603107, 51.49820882890022],
            [-3.216670059213124, 51.49856776769641],
            [-3.21744704293537, 51.49878566994278],
            [-3.218060920124409, 51.49887272061854],
            [-3.218675924781808, 51.49898574302232],
            [-3.219499708055479, 51.4990456967589],
            [-3.2201097290399323, 51.49898270165791],
            [-3.220629617214992, 51.49892172071989],
            [-3.2213385570668014, 51.49881371892416],
            [-3.2220665611147146, 51.49868069642697],
            [-3.222880457690676, 51.49947456038287],
            [-3.223576429412948, 51.499979479934744],
            [-3.224292260602993, 51.50054749115948],
            [-3.224781331974111, 51.501147450220074],
            [-3.2251932129834895, 51.50161926962725],
            [-3.225530176781842, 51.50195123694546],
            [-3.225610188499509, 51.50202827072064]
          ]
        ]
      }
    },
    {
      "type": "Feature",
      "properties": { "CATCHMENT_NAME": "Hawthorn Primary", "URN": "6812320" },
      "geometry": {
        "type": "Polygon",
        "coordinates": [
          [
            [-3.2418335055495513, 51.50868326311533],
            [-3.2415626199053604, 51.50899122745045],
            [-3.2411606296320192, 51.50970314721555],
            [-3.2398258291787765, 51.51075907123959],
            [-3.2391399542970065, 51.510846079075925],
            [-3.238859037287819, 51.51088105836428],
            [-3.2386289275406077, 51.511120965678906],
            [-3.2379821353986284, 51.51169302751464],
            [-3.23801201516724, 51.511647033135674],
            [-3.2379730896960446, 51.51157200188471],
            [-3.2376181418055756, 51.51136407872734],
            [-3.237474126451544, 51.511494992230894],
            [-3.237188169652612, 51.51137607905947],
            [-3.236980289262489, 51.51115500273873],
            [-3.2366392690555403, 51.511014099339654],
            [-3.2362853026967286, 51.51084203956755],
            [-3.2358372622790634, 51.51069210118825],
            [-3.2354604009791137, 51.51056308174233],
            [-3.2347034103671803, 51.51028520150685],
            [-3.23416844065151, 51.509904270498055],
            [-3.2339035307608284, 51.50953434328453],
            [-3.2337935457635067, 51.50933030497274],
            [-3.2337334579722627, 51.50920235274236],
            [-3.2337964289558316, 51.50907436466477],
            [-3.233235586306583, 51.50897245107269],
            [-3.231514741992253, 51.5086933530496],
            [-3.2297499402097554, 51.508509465618836],
            [-3.2277211148666574, 51.50839854305383],
            [-3.227455151423722, 51.50831950087247],
            [-3.2264112794861197, 51.5082265662135],
            [-3.225934349498129, 51.508184525495494],
            [-3.225089488724299, 51.508043639624006],
            [-3.223878679817045, 51.50780765658412],
            [-3.2227977562764627, 51.50760564495896],
            [-3.2212838808434188, 51.50712479819729],
            [-3.219579161424836, 51.50666174273492],
            [-3.2178013192036943, 51.506129914541695],
            [-3.217923282179305, 51.50607289802344],
            [-3.2180182874656977, 51.505982981242106],
            [-3.2179611498167455, 51.505817943730875],
            [-3.217985233462932, 51.50578091666659],
            [-3.2180123117400368, 51.505785940633686],
            [-3.2181762102644997, 51.50565898077904],
            [-3.2187230123650807, 51.505269973880445],
            [-3.219110125947603, 51.50499304536841],
            [-3.2190131391662007, 51.504932998562296],
            [-3.219442933074878, 51.50465202845467],
            [-3.219626960597578, 51.50474497923204],
            [-3.219966950384903, 51.50449506409802],
            [-3.2202909214977686, 51.50425511584201],
            [-3.220848834555302, 51.50384107557398],
            [-3.220873856398813, 51.50382310098492],
            [-3.220979891887507, 51.503731178585866],
            [-3.2211298024131274, 51.50358817470132],
            [-3.221423697769106, 51.50322615644347],
            [-3.221781715562957, 51.503263160040305],
            [-3.2223246910158014, 51.503320174965395],
            [-3.2223826964511164, 51.50333413720683],
            [-3.222507633383943, 51.503367183857016],
            [-3.2226515803267732, 51.503459109061026],
            [-3.22270759639969, 51.50351715228122],
            [-3.2228735120217094, 51.5036331263156],
            [-3.222918641321804, 51.50368813579831],
            [-3.222909592756519, 51.50371610511005],
            [-3.222867500689537, 51.503839103912554],
            [-3.223068565157752, 51.50387405361454],
            [-3.22325957920472, 51.50392106706881],
            [-3.223331553282805, 51.50394009843449],
            [-3.223460578681463, 51.5039750796436],
            [-3.223589491344544, 51.50406500250315],
            [-3.2239953987902403, 51.503894056098],
            [-3.223941466528828, 51.503704170219066],
            [-3.2235653841476113, 51.50356314536696],
            [-3.223462529418526, 51.5034401300993],
            [-3.2233016395216083, 51.50331816979549],
            [-3.2230395507080773, 51.503124160538704],
            [-3.2229875361738363, 51.5030272306511],
            [-3.223367534386293, 51.50298118458309],
            [-3.2237053846215713, 51.50291615459227],
            [-3.2239183253567596, 51.50286213872688],
            [-3.2241563616122058, 51.50278223351428],
            [-3.2245932226927163, 51.502917226598015],
            [-3.2247343986021577, 51.50278213222236],
            [-3.2250452937154073, 51.5026361828469],
            [-3.225203268121229, 51.50253121516521],
            [-3.2251273123377775, 51.50248722901046],
            [-3.225136309162043, 51.50244127621458],
            [-3.2250552950501965, 51.50243429965811],
            [-3.224960175535167, 51.50239024384758],
            [-3.2251612460513446, 51.50227520464432],
            [-3.225610188499509, 51.50202827072064],
            [-3.225907158993732, 51.50230319658562],
            [-3.2260922170593456, 51.50235925961327],
            [-3.2272609494592768, 51.50165627369096],
            [-3.2282858731581747, 51.50132336141219],
            [-3.228527865339686, 51.50008947192887],
            [-3.229818709234665, 51.500661404771805],
            [-3.230386567618651, 51.5011883091992],
            [-3.2317415977459114, 51.503385017875544],
            [-3.2320825285724455, 51.504240974156296],
            [-3.2338253333314384, 51.50558969142891],
            [-3.234958280409117, 51.5064846006117],
            [-3.2366111616754583, 51.50729452846478],
            [-3.2377729514056814, 51.50786242987858],
            [-3.2392118319233782, 51.50836534771047],
            [-3.240565698537409, 51.50867627061704],
            [-3.2418335055495513, 51.50868326311533]
          ]
        ]
      }
    },
    {
      "type": "Feature",
      "properties": {
        "CATCHMENT_NAME": "Tongwynlais Primary School",
        "URN": "6812137"
      },
      "geometry": {
        "type": "Polygon",
        "coordinates": [
          [
            [-3.2615262212096496, 51.537798677250386],
            [-3.2598004692474074, 51.5384006197499],
            [-3.2514595099549206, 51.5416023611049],
            [-3.2508955854954866, 51.541793249466885],
            [-3.248900828528288, 51.539896626658255],
            [-3.248490848313, 51.53901565028349],
            [-3.246178087376923, 51.53924570923071],
            [-3.246177989755518, 51.53642900233408],
            [-3.246539982140604, 51.53627400212789],
            [-3.244846105632202, 51.53373227113703],
            [-3.2442970496830803, 51.53292747835365],
            [-3.2421442997592336, 51.531594589566616],
            [-3.2393794824637085, 51.52913389366778],
            [-3.237608732061076, 51.52775120588871],
            [-3.237548686909979, 51.52771119612954],
            [-3.2375056078838926, 51.527680179055594],
            [-3.2374457322802326, 51.52762515099341],
            [-3.237384703902598, 51.52757013506292],
            [-3.2373276036359337, 51.52751112122661],
            [-3.2373106822008135, 51.52749313612044],
            [-3.2372726509221437, 51.52744623997638],
            [-3.2372386524864747, 51.52739921135799],
            [-3.237235660522462, 51.527395196568605],
            [-3.2372116913447515, 51.52735120930462],
            [-3.237184720190431, 51.52730815289191],
            [-3.2371356147230275, 51.52717711947831],
            [-3.237144705787408, 51.527023262199876],
            [-3.237171747194815, 51.526872182891545],
            [-3.2372866664788935, 51.52665525504932],
            [-3.2374586378974204, 51.52621922208183],
            [-3.241005166256299, 51.52691216039942],
            [-3.24537466996188, 51.526132194706925],
            [-3.2520869720778816, 51.52568117866874],
            [-3.251945850247682, 51.52615413086413],
            [-3.252526916769238, 51.526678988730126],
            [-3.252987118316451, 51.52693330972639],
            [-3.253170929889052, 51.528996786360345],
            [-3.2539348649096973, 51.532234427999214],
            [-3.2553278084786186, 51.533045253764406],
            [-3.2569484954702377, 51.532685305093075],
            [-3.2573915675253087, 51.53257130436047],
            [-3.2591513470342437, 51.53237330665429],
            [-3.259692332213205, 51.53265721674179],
            [-3.2604081759041534, 51.53299220771575],
            [-3.260571220379989, 51.53331515310194],
            [-3.2607281550100136, 51.5335421304106],
            [-3.260833174268642, 51.53397207331254],
            [-3.2608772402828987, 51.534903969844216],
            [-3.2604422691554036, 51.53543691911878],
            [-3.2604512351732837, 51.53577186093081],
            [-3.260454347134218, 51.535894926583936],
            [-3.260536280130966, 51.5362928367734],
            [-3.260689249543249, 51.53668377897664],
            [-3.2610483043906626, 51.537211789945125],
            [-3.2615262212096496, 51.537798677250386]
          ]
        ]
      }
    },
    {
      "type": "Feature",
      "properties": { "CATCHMENT_NAME": "BRYN DERI PRIMARY", "URN": "6812153" },
      "geometry": {
        "type": "Polygon",
        "coordinates": [
          [
            [-3.271811707218604, 51.52839859767271],
            [-3.266534321774929, 51.53043941216194],
            [-3.2664203630037534, 51.53050448528348],
            [-3.2640926972537625, 51.53116136718704],
            [-3.2616129764496713, 51.531436423385884],
            [-3.258328403793807, 51.53132738830294],
            [-3.257199455906611, 51.530606564896864],
            [-3.257349469337666, 51.529123720248684],
            [-3.2587431817334025, 51.52869379414413],
            [-3.2599721543627593, 51.52950857278553],
            [-3.264542554709165, 51.528260672894916],
            [-3.264719476980223, 51.52819968833173],
            [-3.264890531187549, 51.52812464948132],
            [-3.2650314602072044, 51.528023768845806],
            [-3.2651095161261914, 51.52793777347555],
            [-3.264280648310392, 51.527824691084135],
            [-3.2640666119292208, 51.527794807088654],
            [-3.2639427195953985, 51.52777177423546],
            [-3.2636016746008907, 51.52769479166288],
            [-3.263350659307098, 51.52750075275474],
            [-3.263189649423096, 51.527365809929215],
            [-3.2630027262929557, 51.5271279187749],
            [-3.2629567580312155, 51.52708687115138],
            [-3.2629138453761124, 51.52709893281639],
            [-3.262694790475962, 51.52694483212526],
            [-3.262485786748329, 51.52685698315449],
            [-3.2622817953808263, 51.52676791091769],
            [-3.2621088108059935, 51.52666888331136],
            [-3.2619057250561077, 51.52654994752518],
            [-3.2616918641877723, 51.52640100439505],
            [-3.261552871493381, 51.52613400101776],
            [-3.2615488183571393, 51.52597695587681],
            [-3.2606909571808558, 51.52499014604868],
            [-3.259536046644769, 51.525173131504744],
            [-3.2578722952323824, 51.52536713909657],
            [-3.257740169556715, 51.52520715128224],
            [-3.257919135631115, 51.5248961798431],
            [-3.257799196275171, 51.524472238643796],
            [-3.2577241817865836, 51.52436028453493],
            [-3.2574512965094833, 51.52419227439218],
            [-3.2572223950988213, 51.523988274066085],
            [-3.2574683065958165, 51.52392026645693],
            [-3.2579552638988036, 51.52380129658951],
            [-3.2585150357937467, 51.52366230064516],
            [-3.258819095967272, 51.52359132828446],
            [-3.2590720040598886, 51.52352629944357],
            [-3.2593350291787613, 51.52344137920278],
            [-3.2596000496185233, 51.523324335794875],
            [-3.2595309988896983, 51.52318831034101],
            [-3.259546980624419, 51.5230884183449],
            [-3.2586761439613996, 51.52236447688019],
            [-3.258721060648239, 51.52201753622449],
            [-3.2590479046728076, 51.52174355091195],
            [-3.259118079232256, 51.521690554476464],
            [-3.259295041098737, 51.521302541437514],
            [-3.259474903153721, 51.52122867462617],
            [-3.2596568117770346, 51.520962628224744],
            [-3.2595658452971845, 51.520883667080575],
            [-3.259499963332634, 51.52075264301152],
            [-3.2600147848991887, 51.52065764330965],
            [-3.261285734581296, 51.520416665594986],
            [-3.2617035557157372, 51.52033762821975],
            [-3.262016577087227, 51.520273744553485],
            [-3.2620246489030875, 51.520294608872234],
            [-3.262729438517732, 51.52004370096297],
            [-3.2641853331373274, 51.51957572221745],
            [-3.2651772540415016, 51.51933168498989],
            [-3.265515233585144, 51.51983572252297],
            [-3.26586515991866, 51.5204896154394],
            [-3.266453056928907, 51.520379591372674],
            [-3.267223997291837, 51.520165618164576],
            [-3.2674649876308597, 51.5206535235153],
            [-3.2676200141886125, 51.52095748354561],
            [-3.2676788887434887, 51.52114154133203],
            [-3.2679729476441417, 51.52112154749603],
            [-3.2680128463984093, 51.52117246001158],
            [-3.2682309263959906, 51.52133852068066],
            [-3.2686407782090283, 51.52135144225715],
            [-3.269009902019017, 51.52127848061346],
            [-3.269311845706302, 51.521469438630426],
            [-3.2690218274075074, 51.521624450829904],
            [-3.2697697717216614, 51.52203942532187],
            [-3.2731644829328546, 51.52307616785534],
            [-3.274432262270683, 51.52423413622599],
            [-3.275284238658203, 51.52658381685358],
            [-3.271811707218604, 51.52839859767271]
          ]
        ]
      }
    },
    {
      "type": "Feature",
      "properties": {
        "CATCHMENT_NAME": "RHYDYPENAU PRIMARY SCHOOL",
        "URN": "6812041"
      },
      "geometry": {
        "type": "Polygon",
        "coordinates": [
          [
            [-3.1816958696658095, 51.51947486087652],
            [-3.181693058295803, 51.52545114860691],
            [-3.1813210715137763, 51.525420097557515],
            [-3.180906086952938, 51.52528715097803],
            [-3.1803363086696814, 51.52536113485059],
            [-3.1802062545634233, 51.52515922775692],
            [-3.180065242661937, 51.52518015900111],
            [-3.180178165643109, 51.5253941078831],
            [-3.17973122310914, 51.52551918526148],
            [-3.179566310689017, 51.525279142971804],
            [-3.1794212697714888, 51.525317108563755],
            [-3.1792653417173096, 51.525034174278204],
            [-3.177904490966836, 51.52538216681964],
            [-3.1779345178378837, 51.52573011966988],
            [-3.1778845756624743, 51.526905946072254],
            [-3.177881592370397, 51.52738793916897],
            [-3.1786575553077387, 51.52812376952394],
            [-3.179052466702569, 51.529074734452784],
            [-3.1772685959302964, 51.52985570190896],
            [-3.1764918847060364, 51.53031560556667],
            [-3.176040004397996, 51.531431529229515],
            [-3.1757759792494253, 51.53240844227417],
            [-3.175813012644452, 51.53274337673565],
            [-3.1760529851948234, 51.533294238667246],
            [-3.1763999323205003, 51.53363226938741],
            [-3.1766939661309253, 51.533886216736406],
            [-3.1762429243207833, 51.53411310903864],
            [-3.1759940094607857, 51.534239152865304],
            [-3.175281052541111, 51.534597160533416],
            [-3.174484105035136, 51.53490214377397],
            [-3.174102250037728, 51.535101089652905],
            [-3.173926248461695, 51.53515311568082],
            [-3.172666441371042, 51.53596203464061],
            [-3.171679497071211, 51.5353381534489],
            [-3.1710515415973943, 51.53488116548884],
            [-3.168055032782348, 51.53423728690506],
            [-3.16661506102794, 51.533980334717754],
            [-3.1617376204215417, 51.53288255792291],
            [-3.1603228868811044, 51.53279855127041],
            [-3.1597547713646197, 51.53227365229824],
            [-3.1594048302711886, 51.531982719536316],
            [-3.158942883900471, 51.5316637590038],
            [-3.158944820199139, 51.5315526907791],
            [-3.1589458431205792, 51.53140566425933],
            [-3.1589588194876086, 51.53140571587276],
            [-3.1590238571373366, 51.53140075711745],
            [-3.1590867992913525, 51.53139276181252],
            [-3.159157815044668, 51.531384776600625],
            [-3.159227913454852, 51.53137473229147],
            [-3.1592898628399726, 51.5313617112647],
            [-3.1593567585492, 51.53134477482515],
            [-3.159420835769748, 51.53132471906832],
            [-3.1594467269912934, 51.531316730149506],
            [-3.1595088396449977, 51.53121369917202],
            [-3.159977721390366, 51.53111365952544],
            [-3.1601367144616708, 51.531044738154584],
            [-3.160354677173141, 51.53094771817396],
            [-3.159194661514684, 51.524839435837414],
            [-3.159216693205409, 51.52456047104561],
            [-3.159286637559716, 51.52390922003159],
            [-3.1593753375556934, 51.52350838612073],
            [-3.159630334166832, 51.5233271971679],
            [-3.159698884803104, 51.523200004118856],
            [-3.1597302280870476, 51.523021026273284],
            [-3.160241960970947, 51.52285222337457],
            [-3.1601707769019587, 51.52262624320559],
            [-3.1598343382524083, 51.52251213743008],
            [-3.159154143467514, 51.52225099525521],
            [-3.158777951208989, 51.52222863649593],
            [-3.157890642450526, 51.52239934330877],
            [-3.15740718876613, 51.52238181566363],
            [-3.156932068760314, 51.522215388837964],
            [-3.1567099531932064, 51.52202776197452],
            [-3.156552323411303, 51.52179678752646],
            [-3.1561147330151065, 51.52199631493248],
            [-3.1557840934535824, 51.52199678639073],
            [-3.155283307102122, 51.522028875945644],
            [-3.155322499505851, 51.52222765913668],
            [-3.1546703017984643, 51.522262945978795],
            [-3.1546207255339205, 51.522001142092286],
            [-3.1538951694960424, 51.522019522826554],
            [-3.153867905057153, 51.52172216116913],
            [-3.153848113245296, 51.52116162470673],
            [-3.1537110243774786, 51.52022008886455],
            [-3.1556978960158033, 51.52015799476701],
            [-3.1562698104493014, 51.5202490197994],
            [-3.156274831037765, 51.520248071115326],
            [-3.156283858987363, 51.52024600389948],
            [-3.1562917614955257, 51.52024502680053],
            [-3.1563068710812923, 51.520244068560615],
            [-3.15635572252504, 51.52023801194983],
            [-3.1566028352291284, 51.52021804104982],
            [-3.1569647356673567, 51.52018902445216],
            [-3.1571746604530873, 51.52018605412047],
            [-3.1571786951350735, 51.520186014310056],
            [-3.1572446920205044, 51.520174033370985],
            [-3.157338716872842, 51.520158988333776],
            [-3.1574076809064606, 51.5201389752793],
            [-3.1574397896400015, 51.52013200442753],
            [-3.1574716603237554, 51.52012701412236],
            [-3.1574796818044124, 51.520125046666],
            [-3.157486692335742, 51.52012299926842],
            [-3.1574896681906504, 51.520120991691634],
            [-3.1574926691213916, 51.52011997297024],
            [-3.1574946363069594, 51.52011797534864],
            [-3.1574967475879037, 51.52011597630481],
            [-3.157675611633175, 51.5199680933289],
            [-3.1580226455504428, 51.51980200463721],
            [-3.1583865821494643, 51.519558058396164],
            [-3.1589035254492597, 51.51918707292092],
            [-3.159082416118454, 51.519029206532835],
            [-3.1591414735831815, 51.51902214869903],
            [-3.1591464665817544, 51.51902012114207],
            [-3.1592444175258123, 51.518961155538804],
            [-3.1593144060719394, 51.5188851120073],
            [-3.1593203072305123, 51.51887911905199],
            [-3.1593133834849767, 51.51883917377051],
            [-3.159321389944769, 51.51880825258302],
            [-3.159315440099734, 51.51872720492573],
            [-3.159320307486296, 51.51872023308608],
            [-3.1593274278155605, 51.518711170849556],
            [-3.1593354149711326, 51.518702189962],
            [-3.1593434021235822, 51.51869320907389],
            [-3.159350430866443, 51.51868621586648],
            [-3.1598974071363126, 51.51817627466791],
            [-3.1601702461498387, 51.51816530335739],
            [-3.1601943571829305, 51.518161288253616],
            [-3.160258264396118, 51.518152293584826],
            [-3.160340253697183, 51.518140242582746],
            [-3.1605822376378976, 51.51820816436669],
            [-3.16077714681546, 51.51822718634584],
            [-3.160789280044491, 51.51822823519211],
            [-3.160791297296415, 51.51822821522532],
            [-3.1609482334811148, 51.51823322581161],
            [-3.160952123895742, 51.51823318729889],
            [-3.161117250343416, 51.51823721739507],
            [-3.161127194801038, 51.51823720885494],
            [-3.1611681505008056, 51.51823815212724],
            [-3.161459192816285, 51.51822322100429],
            [-3.1618450006918866, 51.51827919524303],
            [-3.1620790430916292, 51.51826716514866],
            [-3.1625499532171895, 51.51828614651912],
            [-3.163295901570424, 51.51831822377234],
            [-3.1640737969690633, 51.51841615921686],
            [-3.164562795937322, 51.518466154691176],
            [-3.164866783919553, 51.51848408666074],
            [-3.165152671798337, 51.51847612129866],
            [-3.1653137543843783, 51.51849106580967],
            [-3.1654646683856638, 51.51853110850648],
            [-3.1656307714620633, 51.51854510350467],
            [-3.165787639191072, 51.51853608100975],
            [-3.1659396347498534, 51.518545090450836],
            [-3.165998618716282, 51.51855214709837],
            [-3.16622759031106, 51.51860112391163],
            [-3.16641659148744, 51.51860311076071],
            [-3.166759504771365, 51.5186101302043],
            [-3.1669405182860886, 51.51860410300856],
            [-3.167455436423647, 51.51857407077888],
            [-3.167821459122801, 51.51856611042252],
            [-3.168504269895737, 51.51855805017607],
            [-3.1690182408532857, 51.518536113186784],
            [-3.16923113709399, 51.51852005343235],
            [-3.1695013512825922, 51.518491012952325],
            [-3.169764237055067, 51.5184740940338],
            [-3.1700741319337506, 51.51842999970209],
            [-3.170306112417766, 51.51831510691264],
            [-3.1705890435739, 51.51836614438041],
            [-3.170742086945576, 51.518208068428606],
            [-3.171180122569285, 51.51818705981218],
            [-3.1711910239491496, 51.51840410430914],
            [-3.171825006711875, 51.518431041073555],
            [-3.1720999253947677, 51.51822606683953],
            [-3.1744566460782564, 51.51814107458389],
            [-3.175183511585876, 51.51794109750292],
            [-3.1759664438527873, 51.517663133759484],
            [-3.176769353580551, 51.51737219583667],
            [-3.176470294960945, 51.517014173007084],
            [-3.1761214200879206, 51.516557199009185],
            [-3.17608434330455, 51.516410284110236],
            [-3.175963343257637, 51.51641824140601],
            [-3.1758024436936068, 51.51635430403757],
            [-3.175758422944781, 51.51631823842208],
            [-3.175739372733432, 51.51623327646192],
            [-3.175738470530907, 51.516142287841525],
            [-3.175790434432734, 51.51607828429509],
            [-3.175584414774941, 51.51595230554254],
            [-3.175146525460644, 51.515681363403175],
            [-3.174572552730711, 51.51530235170486],
            [-3.1740975872594372, 51.51473243782338],
            [-3.173844581470767, 51.51437044037414],
            [-3.1736815835027214, 51.514067517326914],
            [-3.173553560906801, 51.513650676773615],
            [-3.1734935819157655, 51.51320662917678],
            [-3.173498503715206, 51.512904722943524],
            [-3.173575488486371, 51.51252467556271],
            [-3.1737215275685298, 51.512145735346664],
            [-3.1738695335062475, 51.51170886758884],
            [-3.173905531280571, 51.511393881720885],
            [-3.1738565414078574, 51.51082797420774],
            [-3.1737265862181188, 51.51021791767738],
            [-3.1736364749019037, 51.50997496000659],
            [-3.173497550299621, 51.509610021449625],
            [-3.1734154263467054, 51.50917311888664],
            [-3.1733964474423115, 51.508911195696406],
            [-3.1733614683856866, 51.5079312516032],
            [-3.173394425778985, 51.50767735095277],
            [-3.173492301201046, 51.507370378015196],
            [-3.1735563751678346, 51.50722838450795],
            [-3.1736872968167575, 51.50692341854022],
            [-3.1738043541419056, 51.50654440820147],
            [-3.1738393304325605, 51.50625146239798],
            [-3.1738742028180758, 51.505769508330694],
            [-3.173869250666264, 51.505167641545384],
            [-3.1738771723585164, 51.50469665751536],
            [-3.1739311778166557, 51.50368668835039],
            [-3.173978207500465, 51.50303880201854],
            [-3.174148179770468, 51.502801872528856],
            [-3.1742941175369936, 51.502610862239095],
            [-3.175533050291519, 51.502941848499034],
            [-3.1758359438517165, 51.50310579088166],
            [-3.1774117116408984, 51.50345172268952],
            [-3.1774057839861762, 51.503467697843874],
            [-3.1777937742655453, 51.504813573051116],
            [-3.17808782029068, 51.50559444161299],
            [-3.178435824025438, 51.50659533796856],
            [-3.178840718999693, 51.50790722988314],
            [-3.1793828018639245, 51.509569952358184],
            [-3.1797127638716063, 51.51063990369903],
            [-3.179804895061746, 51.510931842194836],
            [-3.180838790939099, 51.51416750209722],
            [-3.1810487746999674, 51.51479742609689],
            [-3.1813746772490537, 51.515891241460416],
            [-3.181425806583086, 51.51627422957538],
            [-3.181635871964243, 51.51727407696303],
            [-3.1816958696658095, 51.51947486087652]
          ]
        ]
      }
    },
    {
      "type": "Feature",
      "properties": {
        "CATCHMENT_NAME": "OAKFIELD PRIMARY SCHOOL",
        "URN": "6812164"
      },
      "geometry": {
        "type": "Polygon",
        "coordinates": [
          [
            [-3.1123101329734832, 51.525173064238736],
            [-3.111985052529455, 51.525444012771466],
            [-3.1117732097845665, 51.525677020599105],
            [-3.1105112413815648, 51.52647297195107],
            [-3.110094293242698, 51.52667186142325],
            [-3.1095064365091636, 51.52681391961019],
            [-3.1083066478075296, 51.52724679914937],
            [-3.1080885489259904, 51.527359818747925],
            [-3.107752703907817, 51.52748590920537],
            [-3.1073807214694598, 51.527625827601064],
            [-3.106655754750047, 51.52789280312572],
            [-3.1058550147822652, 51.52822774724816],
            [-3.1050779826511077, 51.52858970761077],
            [-3.1049500419979608, 51.52858075228792],
            [-3.10452602716643, 51.52885872620355],
            [-3.104139042468066, 51.52905272626465],
            [-3.099686694461204, 51.53121248290783],
            [-3.0994487301824836, 51.53129249278512],
            [-3.0994147547843496, 51.531288495205494],
            [-3.0993806612515495, 51.53128557773793],
            [-3.099346877650671, 51.53128355653428],
            [-3.0993117003670574, 51.53128352657702],
            [-3.0992857996213656, 51.53128556769384],
            [-3.0992517027448003, 51.5312884948825],
            [-3.099185772772775, 51.53129855415497],
            [-3.099087669159782, 51.53132554969752],
            [-3.0990277457605835, 51.531351557976414],
            [-3.0987177259143825, 51.53112148533835],
            [-3.098367852862927, 51.530918580634236],
            [-3.09788494262991, 51.530716650528134],
            [-3.0969779030113638, 51.53047858269268],
            [-3.0959520611464386, 51.530233615349545],
            [-3.095259124135773, 51.530091723768614],
            [-3.0945102280208, 51.52998469895232],
            [-3.094663222853587, 51.52963178214861],
            [-3.0947192164688375, 51.52929775412091],
            [-3.0946913327570074, 51.52901279485407],
            [-3.0943303299455285, 51.52862088471694],
            [-3.0938641675510645, 51.52827392413831],
            [-3.0936472016443717, 51.52803892392513],
            [-3.0935702880108336, 51.52777699093168],
            [-3.0936082143643997, 51.52756101417831],
            [-3.0937093254461034, 51.527389047482885],
            [-3.094041203453521, 51.527162056560215],
            [-3.094445202124073, 51.526961097318456],
            [-3.0952520903316416, 51.52718609270265],
            [-3.0958099700133426, 51.52665809881855],
            [-3.096069922295902, 51.52667805928772],
            [-3.0966829495748276, 51.52638207354707],
            [-3.0976287691889914, 51.52624617155904],
            [-3.0977817512411874, 51.52594216582906],
            [-3.09748080778451, 51.525614174173626],
            [-3.097188760410557, 51.52532026734293],
            [-3.096780818654839, 51.52488222614427],
            [-3.096743775262098, 51.52476235224308],
            [-3.096587855051102, 51.52459026854293],
            [-3.096414857765392, 51.52452930305032],
            [-3.095842949283756, 51.523865388792856],
            [-3.0961679449863184, 51.52375543918671],
            [-3.0964847928714683, 51.52370239301009],
            [-3.0967808861845674, 51.523691441846694],
            [-3.09712276429982, 51.523594369805],
            [-3.097460751468575, 51.52352736577732],
            [-3.0976126542099696, 51.52353241832946],
            [-3.0978837616915804, 51.52357340105679],
            [-3.098089694282008, 51.523637382985335],
            [-3.0983656171969343, 51.52331541050068],
            [-3.098155621002066, 51.52306452759449],
            [-3.0978226837832135, 51.523161518983656],
            [-3.0976206903215724, 51.52299751091518],
            [-3.0977446485594156, 51.52296146254236],
            [-3.0976576824974793, 51.52280357125472],
            [-3.097472607340454, 51.522833537538915],
            [-3.097353615601352, 51.522614531718574],
            [-3.097709542192331, 51.522550596128895],
            [-3.0980975580090457, 51.52243654442967],
            [-3.0987225038909507, 51.522153564014815],
            [-3.0990483926638306, 51.52204557616017],
            [-3.0988455262702126, 51.52170758698403],
            [-3.098803446215853, 51.52137861152668],
            [-3.0994553881885905, 51.521313605223106],
            [-3.0998543764887643, 51.52093175877353],
            [-3.09929933955482, 51.52050175940011],
            [-3.098398485759909, 51.52102767837446],
            [-3.0976665805881156, 51.52026078631383],
            [-3.098043478036017, 51.520038847180814],
            [-3.099089357538055, 51.519526857802774],
            [-3.1002483031760857, 51.51925792583287],
            [-3.101264164073994, 51.51899095548529],
            [-3.102673989786811, 51.51878690203185],
            [-3.104669765695448, 51.517854012418],
            [-3.1052186427420256, 51.51788597716893],
            [-3.1056035344128547, 51.51804402203391],
            [-3.1057596859708836, 51.5182549364215],
            [-3.106041427603212, 51.5183729497254],
            [-3.1059815403151347, 51.51847692035318],
            [-3.106336485308994, 51.51864189917661],
            [-3.1062326388575063, 51.51874583502546],
            [-3.106104491026743, 51.51887589640038],
            [-3.1057976329068744, 51.51917884690777],
            [-3.1055536223372786, 51.519422757376105],
            [-3.1055256697059863, 51.51945880828395],
            [-3.105514671095793, 51.51948076206207],
            [-3.105505571852709, 51.519503776951915],
            [-3.1055055958024247, 51.51950476582524],
            [-3.1054996431173065, 51.51952082735978],
            [-3.1054967382228407, 51.51953775934518],
            [-3.1054966202533136, 51.51953883947441],
            [-3.105496649138646, 51.51956383643356],
            [-3.1055006887757073, 51.519587806486435],
            [-3.1055036940123406, 51.519604772678214],
            [-3.1055077101045794, 51.519621819259115],
            [-3.1055147522290927, 51.519638837314815],
            [-3.105515664708955, 51.519640806911404],
            [-3.1055306361175035, 51.51966386465045],
            [-3.105547716736732, 51.519684744470005],
            [-3.105558697793121, 51.519697768994924],
            [-3.1055676593225034, 51.51971072263883],
            [-3.1055776778262985, 51.51971970992157],
            [-3.105591637031528, 51.519730728169925],
            [-3.1056075896486526, 51.51974073852497],
            [-3.1056146042885744, 51.51974471870962],
            [-3.1056396390008927, 51.519760757869875],
            [-3.105802549985452, 51.519857772127224],
            [-3.105938601379636, 51.51994074247521],
            [-3.106055528445628, 51.520007707774724],
            [-3.106187522036478, 51.52008972700566],
            [-3.106594625234109, 51.520336667961814],
            [-3.1068314417168645, 51.52047965091124],
            [-3.1069735052015868, 51.52056669955479],
            [-3.1072365344728103, 51.52072660862141],
            [-3.1073865271925687, 51.520813671823106],
            [-3.1074664340857314, 51.520857606572115],
            [-3.1075475661814274, 51.52089262780514],
            [-3.1075825691349204, 51.52090956151264],
            [-3.107618508828357, 51.52092351906571],
            [-3.1076555074246195, 51.52093953472288],
            [-3.107693466754799, 51.52095356309625],
            [-3.1077213827996917, 51.52096355008719],
            [-3.1077493949583217, 51.52097155796563],
            [-3.107774477111492, 51.52097761531545],
            [-3.1078105109290073, 51.520983569210564],
            [-3.1078465469377314, 51.52098961299199],
            [-3.1078814279674463, 51.520995577755016],
            [-3.1079174378093857, 51.52100054274479],
            [-3.1079554192445706, 51.52100360081742],
            [-3.107992389796632, 51.52100657851006],
            [-3.108027342941708, 51.521009575251334],
            [-3.1082594019436063, 51.52102158961326],
            [-3.1085192791290934, 51.52094459141733],
            [-3.108732334077109, 51.5209515692196],
            [-3.108914245540196, 51.520916579607366],
            [-3.109298265295771, 51.52082365921746],
            [-3.1127669440931296, 51.520940512270116],
            [-3.1154184485538066, 51.520758506753445],
            [-3.1151915429218353, 51.52112851974617],
            [-3.11495356273869, 51.52162946843397],
            [-3.1147317162561983, 51.52212432863387],
            [-3.1144416910375217, 51.52267837293441],
            [-3.1143957129018056, 51.522749305630725],
            [-3.1143448138212575, 51.52282532047888],
            [-3.1142927595260383, 51.52290125636122],
            [-3.114248655775406, 51.52296632650984],
            [-3.1142028445637546, 51.52303231204334],
            [-3.114168819269068, 51.52307921287081],
            [-3.114134822433814, 51.523127282352796],
            [-3.114096761993397, 51.52317422149113],
            [-3.114059856529777, 51.5232212395633],
            [-3.1140208617878153, 51.523271244766256],
            [-3.1139808582062147, 51.523321259537994],
            [-3.1139438303397586, 51.52336917791529],
            [-3.1139047870762586, 51.52341720534023],
            [-3.113870856335483, 51.52345619238554],
            [-3.1138337792859945, 51.523496198400835],
            [-3.11370874807934, 51.523653213840014],
            [-3.113312950698225, 51.524091186160945],
            [-3.1131319369679638, 51.52430520092483],
            [-3.112485953667109, 51.52499407818601],
            [-3.1123101329734832, 51.525173064238736]
          ]
        ]
      }
    },
    {
      "type": "Feature",
      "properties": {
        "CATCHMENT_NAME": "Meadowlane Primary School",
        "URN": "6812179"
      },
      "geometry": {
        "type": "Polygon",
        "coordinates": [
          [
            [-3.104669765695448, 51.517854012418],
            [-3.102673989786811, 51.51878690203185],
            [-3.101264164073994, 51.51899095548529],
            [-3.1002483031760857, 51.51925792583287],
            [-3.099089357538055, 51.519526857802774],
            [-3.098043478036017, 51.520038847180814],
            [-3.0976665805881156, 51.52026078631383],
            [-3.096385733760784, 51.520652851019655],
            [-3.0950649276360234, 51.5213087345093],
            [-3.0939961685008663, 51.5217416832353],
            [-3.092901130777787, 51.520722871385104],
            [-3.0909943339903374, 51.5196769852787],
            [-3.0893605784935176, 51.518467129535175],
            [-3.087425572555676, 51.51679229130993],
            [-3.089062361721141, 51.515989420705765],
            [-3.089655435871195, 51.51579139705051],
            [-3.0908352325714494, 51.51518445197617],
            [-3.0915241928942883, 51.51505557301173],
            [-3.092543013084343, 51.515040510870186],
            [-3.093752807897701, 51.51506250349503],
            [-3.0941217677186796, 51.5150214760029],
            [-3.0947297217419445, 51.51488047562018],
            [-3.095422653707823, 51.51464147686194],
            [-3.0963795471315123, 51.5141965217824],
            [-3.0969305367413207, 51.514030595634175],
            [-3.097280438800918, 51.51397058385998],
            [-3.0978933149864023, 51.51381351548881],
            [-3.098087358546174, 51.51367861984727],
            [-3.098277291928097, 51.513594566119316],
            [-3.0983702165927673, 51.51352158146537],
            [-3.098458288586285, 51.51345655498685],
            [-3.0985543356427763, 51.5133875872527],
            [-3.0986582599164825, 51.51332259195652],
            [-3.098890232485145, 51.51339262274237],
            [-3.0989962021327124, 51.51341860514302],
            [-3.099085214374275, 51.513434585627536],
            [-3.099264176543954, 51.51349351304874],
            [-3.0995121927688634, 51.51353551759279],
            [-3.0999850545347685, 51.51367459252269],
            [-3.100750948547386, 51.51389948478058],
            [-3.101107877011711, 51.51401752347257],
            [-3.101472995048092, 51.514140429660124],
            [-3.101810967982042, 51.514183472683406],
            [-3.1020808593259264, 51.51431950050923],
            [-3.102112865000641, 51.51443942029517],
            [-3.102077841807777, 51.51480940294591],
            [-3.1027829258417476, 51.515200392753165],
            [-3.1021289664656893, 51.51571529733071],
            [-3.103269741906919, 51.516333188461246],
            [-3.102949830675118, 51.516585091024375],
            [-3.104299672886935, 51.51724704380566],
            [-3.104542753029439, 51.51749499675623],
            [-3.104669765695448, 51.517854012418]
          ]
        ]
      }
    },
    {
      "type": "Feature",
      "properties": { "CATCHMENT_NAME": "CORYTON PRIMARY", "URN": "6812104" },
      "geometry": {
        "type": "Polygon",
        "coordinates": [
          [
            [-3.2520869720778816, 51.52568117866874],
            [-3.24537466996188, 51.526132194706925],
            [-3.241005166256299, 51.52691216039942],
            [-3.2374586378974204, 51.52621922208183],
            [-3.2371587646857867, 51.52615935251518],
            [-3.236732745362662, 51.52608831372273],
            [-3.2360458478429104, 51.525949346807714],
            [-3.23538489360702, 51.5258154078301],
            [-3.2351848735898825, 51.52578037804384],
            [-3.2344809646790824, 51.52563034128468],
            [-3.2341490505568213, 51.52551541123317],
            [-3.233704998568891, 51.525411461064095],
            [-3.2331550347395472, 51.52525548078898],
            [-3.231915271792284, 51.52483051464472],
            [-3.2308634413755457, 51.52436067191491],
            [-3.2293084387725233, 51.52360772504557],
            [-3.2289456319267353, 51.523409749299276],
            [-3.2279087460224583, 51.522801877884156],
            [-3.2226381867432385, 51.51986219276979],
            [-3.2224531492017925, 51.51968023747517],
            [-3.222120238587174, 51.51938535614828],
            [-3.22165426716815, 51.51896534409774],
            [-3.221203168243574, 51.51857835542045],
            [-3.220780361471284, 51.51820347932056],
            [-3.2199922736764672, 51.51753459070331],
            [-3.2204013450262554, 51.51740157050861],
            [-3.2216611807610094, 51.51683257429138],
            [-3.222377058235527, 51.51648360236711],
            [-3.2227699389968927, 51.516268646549015],
            [-3.222935031214842, 51.5161476924805],
            [-3.2230900392700974, 51.51599465234693],
            [-3.223554916965641, 51.51606263738053],
            [-3.2237197968869036, 51.51611666677861],
            [-3.2239938288598835, 51.51587165510835],
            [-3.2240978378789173, 51.515880730346886],
            [-3.224125879096669, 51.51586766914839],
            [-3.2243028470819355, 51.5158296743253],
            [-3.2243357661021603, 51.51575667609406],
            [-3.224416794878399, 51.51572570724788],
            [-3.22454786021389, 51.51572263028418],
            [-3.224617768901301, 51.51576065537446],
            [-3.224643898380388, 51.51581064723983],
            [-3.2291782922770036, 51.51580466071069],
            [-3.2295311688587325, 51.51578063982881],
            [-3.231087051442709, 51.51526670487855],
            [-3.233260705133501, 51.514522715194445],
            [-3.2337776980287094, 51.514380690070894],
            [-3.2337887673902936, 51.514379674421235],
            [-3.233834605344781, 51.51437469620272],
            [-3.2338806408120915, 51.51437169410829],
            [-3.234130670313131, 51.514360700644424],
            [-3.2344916409934434, 51.51434871867603],
            [-3.2346915181188813, 51.514337712436735],
            [-3.2350894598406224, 51.51429665517314],
            [-3.2351215176161348, 51.51429370988345],
            [-3.2351534823869246, 51.514292653865866],
            [-3.2351865116058924, 51.51429365476751],
            [-3.235218414995147, 51.514295656628526],
            [-3.235221442962346, 51.51429571465385],
            [-3.235250489214597, 51.51429864579168],
            [-3.2352784388279425, 51.51430365661342],
            [-3.235305524008519, 51.51430867653429],
            [-3.2353325186342783, 51.51431567562328],
            [-3.2353585047560003, 51.514322685329915],
            [-3.235380510350727, 51.51433171518395],
            [-3.2354034339090876, 51.514342713583936],
            [-3.2354254930388446, 51.514353721086074],
            [-3.235445444597137, 51.514366729007804],
            [-3.2354604417221497, 51.514377720982196],
            [-3.2356694686173126, 51.51453971097256],
            [-3.2356944818574984, 51.51455869009808],
            [-3.235725396768233, 51.51458273241975],
            [-3.2357534788953948, 51.51460860296625],
            [-3.2357783938568248, 51.51463459680018],
            [-3.2358024736015683, 51.514661678459646],
            [-3.2358073910852836, 51.51466765121945],
            [-3.235826479364791, 51.51469667377548],
            [-3.2359924533161917, 51.51541355808393],
            [-3.2365994760807038, 51.51586044095171],
            [-3.2371613429213095, 51.51631049464254],
            [-3.2373182413913306, 51.51637250206533],
            [-3.237549280417188, 51.51643147893847],
            [-3.2378833346266145, 51.51644144113698],
            [-3.238325300227448, 51.516439472665844],
            [-3.238259119549327, 51.516066467670946],
            [-3.238269142482011, 51.514039674722135],
            [-3.2381681777881184, 51.51248486974324],
            [-3.237806172542969, 51.512319913108676],
            [-3.237565111100124, 51.51238486123119],
            [-3.237378142806147, 51.51228693401969],
            [-3.237456077713187, 51.51216894698837],
            [-3.2377120790419025, 51.51211292323703],
            [-3.2379821353986284, 51.51169302751464],
            [-3.2386289275406077, 51.511120965678906],
            [-3.238859037287819, 51.51088105836428],
            [-3.2391399542970065, 51.510846079075925],
            [-3.240589737893775, 51.51149696187969],
            [-3.242089657312027, 51.51223586623729],
            [-3.2431445456347925, 51.51285583113583],
            [-3.2451523168549654, 51.514204538916076],
            [-3.247088210598237, 51.51578237158668],
            [-3.248148130928398, 51.51643326030543],
            [-3.2478701860826487, 51.51698922109049],
            [-3.248170174301709, 51.517039170846175],
            [-3.249365963012614, 51.51743413118833],
            [-3.2494378936031207, 51.517466185356696],
            [-3.249472894104985, 51.51748118863317],
            [-3.249608010093969, 51.51753118275071],
            [-3.24968697398392, 51.51756217271268],
            [-3.2498139564844744, 51.51761513067915],
            [-3.249855929807302, 51.51763212767164],
            [-3.249876037215459, 51.51764009601812],
            [-3.2499210092496744, 51.51765607191691],
            [-3.2499449823040316, 51.5176630998592],
            [-3.250131875696694, 51.517709124574075],
            [-3.250171901117155, 51.517718139411954],
            [-3.2502099069277897, 51.51772708584731],
            [-3.250248860961484, 51.51773907941343],
            [-3.2502738426910747, 51.517746096535305],
            [-3.250279833812315, 51.51774908991491],
            [-3.250285941934192, 51.517751092935846],
            [-3.250293868970967, 51.517751098342615],
            [-3.250301913007241, 51.51775011339052],
            [-3.2503059202522864, 51.51774908155672],
            [-3.2503118929558568, 51.51774614046541],
            [-3.250316971613597, 51.51774212987559],
            [-3.2503189346095733, 51.51774013072517],
            [-3.2503208976053815, 51.51773813157474],
            [-3.250325859262494, 51.51773511134286],
            [-3.2503268407601613, 51.51773411176758],
            [-3.2503328676290693, 51.51773314831958],
            [-3.2503389191199474, 51.51773308380051],
            [-3.2503499014458987, 51.517734135658955],
            [-3.2504388793989833, 51.51775710546109],
            [-3.250446773163146, 51.51776115757523],
            [-3.2505088064377197, 51.517779109390986],
            [-3.250583812183447, 51.51779710267744],
            [-3.2506228291845805, 51.5178061281155],
            [-3.250664926134628, 51.51781709891652],
            [-3.250699735194888, 51.51782509017434],
            [-3.2507448062086333, 51.5178341409263],
            [-3.2508099011544895, 51.517848103486344],
            [-3.2508478554672258, 51.517855161962196],
            [-3.2509448508474508, 51.517876157564714],
            [-3.2509608404533332, 51.517881112397895],
            [-3.2509898234824997, 51.51789213304899],
            [-3.251008748968946, 51.517899034779816],
            [-3.251047760018958, 51.51791309561453],
            [-3.2511226973014766, 51.51793909209492],
            [-3.2511758852987453, 51.51795506978252],
            [-3.251196803372804, 51.51796105103278],
            [-3.2513248747100003, 51.51800104739228],
            [-3.25147380412729, 51.518050082705955],
            [-3.251613831346687, 51.518095076558495],
            [-3.2517026876081623, 51.5181240712895],
            [-3.2517446620935573, 51.518141067596765],
            [-3.2517677084350685, 51.518151072392364],
            [-3.2518087581936763, 51.51817113579935],
            [-3.251838714585369, 51.51818610229574],
            [-3.2518776795627633, 51.51820897542722],
            [-3.251911693930045, 51.518230013091284],
            [-3.2519686980635, 51.51825898796462],
            [-3.25200481953906, 51.51827802488524],
            [-3.2521187136201766, 51.518337054763656],
            [-3.2522335810103304, 51.51840003058318],
            [-3.252240608067033, 51.518404001912586],
            [-3.2523375855956544, 51.51846105415065],
            [-3.2523766916362975, 51.51848905100413],
            [-3.252413633976465, 51.51851698103237],
            [-3.2524257252222184, 51.51852692285359],
            [-3.252562680829014, 51.518627968031645],
            [-3.252709608589709, 51.51872998556014],
            [-3.252785723013798, 51.518783034082446],
            [-3.252917700796705, 51.51887594937787],
            [-3.2530045077364087, 51.518929962554004],
            [-3.2530206361180554, 51.51893995109914],
            [-3.253049557658382, 51.518953939233725],
            [-3.2530594962201644, 51.51895895843581],
            [-3.253067676129493, 51.5189629173979],
            [-3.2531165646400244, 51.518984964734386],
            [-3.25312166444164, 51.518986978382564],
            [-3.253128664519813, 51.51898996083632],
            [-3.25315070298292, 51.51899997613118],
            [-3.253171607554961, 51.519015938204234],
            [-3.2531776829411427, 51.5190219877882],
            [-3.25318467467794, 51.51902991588261],
            [-3.2544355082987595, 51.5199558387517],
            [-3.254896481742565, 51.52048673543046],
            [-3.2549424412479664, 51.52054370198967],
            [-3.2549874218851618, 51.52060175803583],
            [-3.2550103824665797, 51.52063478242303],
            [-3.2550404656665464, 51.520685714416736],
            [-3.255067378903163, 51.520736680326806],
            [-3.2550924189983492, 51.52078766627685],
            [-3.2550994000052857, 51.52080566531883],
            [-3.255126418952092, 51.52086571191947],
            [-3.2551464021375813, 51.52092673300516],
            [-3.2551593689903515, 51.52097371187077],
            [-3.255166485621074, 51.52101760617653],
            [-3.2550134136094377, 51.52132164248438],
            [-3.254744456686681, 51.52198758418388],
            [-3.253993624148836, 51.52272153205356],
            [-3.2538867146462738, 51.52281753980961],
            [-3.2537716476881395, 51.52293143865973],
            [-3.253716676041409, 51.522992451974936],
            [-3.253691705379651, 51.523017446669186],
            [-3.253581644320092, 51.52309847133341],
            [-3.25350767190079, 51.52313945584047],
            [-3.2534776775389957, 51.5231494876891],
            [-3.253460708953573, 51.523161448452925],
            [-3.2534507435737017, 51.523176481534996],
            [-3.2534347494978135, 51.52321342939488],
            [-3.2534246659799373, 51.5232504040022],
            [-3.253413623385617, 51.523273451395106],
            [-3.2533967362059157, 51.52328837861003],
            [-3.253313676646124, 51.52333440565961],
            [-3.2532857479666073, 51.523351429074175],
            [-3.2532807173995675, 51.52336245296462],
            [-3.2532767498425104, 51.523375443715764],
            [-3.253279791383753, 51.52338647126427],
            [-3.2532898312278578, 51.523400391357214],
            [-3.253325711742337, 51.52343147960959],
            [-3.25333869040861, 51.52344743643171],
            [-3.2533458093951877, 51.523470469565034],
            [-3.253339767653804, 51.523481414344936],
            [-3.253300720584821, 51.5235134831547],
            [-3.253246725490897, 51.5235523657009],
            [-3.253197655970214, 51.5235974000079],
            [-3.2531268253379104, 51.52367935380953],
            [-3.2530937913099893, 51.52372044012888],
            [-3.253067788603071, 51.52376037228356],
            [-3.253029790984716, 51.52382543009966],
            [-3.253019754304145, 51.52384837678559],
            [-3.2530078308827433, 51.523944357942426],
            [-3.253004749070589, 51.52396336379949],
            [-3.2529907258735, 51.52399336676384],
            [-3.252931906747364, 51.52410333678901],
            [-3.2529307549962043, 51.52412439016342],
            [-3.252925795935155, 51.524164277304386],
            [-3.2529147184244858, 51.52421232252813],
            [-3.252899911911982, 51.52424530117841],
            [-3.2527878147572387, 51.524336327835705],
            [-3.252760838716424, 51.524330321654155],
            [-3.252233912246177, 51.52514719899483],
            [-3.2520869720778816, 51.52568117866874]
          ]
        ]
      }
    },
    {
      "type": "Feature",
      "properties": {
        "CATCHMENT_NAME": "CREIGIAU PRIMARY SCHOOL",
        "URN": "6812305"
      },
      "geometry": {
        "type": "Polygon",
        "coordinates": [
          [
            [-3.3230025163093444, 51.537593800997946],
            [-3.323005141038838, 51.537584869365396],
            [-3.319260097542163, 51.53706541529163],
            [-3.314114720357408, 51.52315274323739],
            [-3.313255674916231, 51.52226272018149],
            [-3.313013790155588, 51.522121826912304],
            [-3.312605820954062, 51.52203476566992],
            [-3.3122229655362947, 51.52193878973418],
            [-3.3119908799429467, 51.521551944523544],
            [-3.3119548032027435, 51.521339868079444],
            [-3.311729842565936, 51.52126595279665],
            [-3.31159885433087, 51.52122695399467],
            [-3.3122738471183517, 51.520510027177465],
            [-3.3129446724785057, 51.51972912017653],
            [-3.313091782739259, 51.519557075396],
            [-3.3132496815520383, 51.51928914518451],
            [-3.3133556074540387, 51.51898322126551],
            [-3.3133996363870883, 51.51820420374766],
            [-3.3134975709097105, 51.51743033721813],
            [-3.3138155199319224, 51.516624422268706],
            [-3.3140344516044564, 51.51640445359325],
            [-3.3147173185751724, 51.51579955335135],
            [-3.31492943743473, 51.51562354014138],
            [-3.3148853106053573, 51.51554256765166],
            [-3.3146354006585796, 51.514826641135805],
            [-3.310899654424828, 51.50754548600636],
            [-3.3110014735248625, 51.50752348632063],
            [-3.311140560781044, 51.50745952690008],
            [-3.3113154741735316, 51.50734355271557],
            [-3.311556476923223, 51.507140605989406],
            [-3.3117634381486005, 51.50697661516615],
            [-3.312979329960596, 51.50677264697085],
            [-3.314830047491575, 51.50641758802968],
            [-3.3160428566177385, 51.50628762654479],
            [-3.3178946984263735, 51.50626260229065],
            [-3.3188245725328316, 51.506364547705935],
            [-3.3195705326711535, 51.506404622479835],
            [-3.320484331173052, 51.50651347965041],
            [-3.3214213733775284, 51.50666855637515],
            [-3.324206056712319, 51.50720939326179],
            [-3.3258958472249867, 51.50754233541203],
            [-3.326028771395719, 51.50758938912064],
            [-3.3277056506566804, 51.50792335048346],
            [-3.328602597517178, 51.50808520829123],
            [-3.3293944766499837, 51.508231255568845],
            [-3.329961435279461, 51.508323199127695],
            [-3.330515332157075, 51.5083821976156],
            [-3.332105143662552, 51.508446155302394],
            [-3.333537053942401, 51.50849615123166],
            [-3.334482960309696, 51.508493033671684],
            [-3.3352038469736867, 51.50847718444461],
            [-3.335817760711016, 51.508494021417626],
            [-3.336111692763935, 51.508754138284196],
            [-3.3361436829823403, 51.50875907906157],
            [-3.336250569404413, 51.50874805983692],
            [-3.3362696497532154, 51.508750090410366],
            [-3.3363676252236427, 51.50879402381753],
            [-3.336497589887301, 51.508833006636955],
            [-3.33651462923762, 51.50884899803143],
            [-3.336544696946487, 51.50893102204466],
            [-3.3365746778777483, 51.50895100224487],
            [-3.336613681396794, 51.50896908119585],
            [-3.336635614589996, 51.508975035672165],
            [-3.336837649947891, 51.508995032759564],
            [-3.3368435949433914, 51.509011060663966],
            [-3.336756588338651, 51.50914495427583],
            [-3.3367546111949102, 51.509166018091896],
            [-3.3368385636485725, 51.50929202807261],
            [-3.336891676291013, 51.50941793998986],
            [-3.336987676747663, 51.509482936676],
            [-3.336992725255674, 51.509492950154176],
            [-3.336985614864289, 51.50957000273123],
            [-3.336992619579702, 51.509577925746086],
            [-3.3372106006642044, 51.5096699461442],
            [-3.3372195123423523, 51.5096790163597],
            [-3.3372825729175584, 51.509814885696],
            [-3.3373855856193027, 51.50989293040844],
            [-3.3374535963175878, 51.51000590352048],
            [-3.3376334709975963, 51.510144846380626],
            [-3.33767255944314, 51.51016085585356],
            [-3.3378896283060944, 51.51020684637236],
            [-3.3379094620220875, 51.51021489272505],
            [-3.3379226094716707, 51.510225892800015],
            [-3.3379244864364916, 51.51023585250327],
            [-3.337903548080051, 51.51026387666948],
            [-3.3378285340011153, 51.51033981567941],
            [-3.3378035704637807, 51.51038784798386],
            [-3.3377826267620683, 51.51046487857707],
            [-3.337779420738161, 51.51051284250047],
            [-3.3379026320173444, 51.510699819183856],
            [-3.338025560314206, 51.510832846979916],
            [-3.338028589779997, 51.510842793530486],
            [-3.338019523610852, 51.51086780481006],
            [-3.3380016093970992, 51.51089084888549],
            [-3.337950495288842, 51.51092182503531],
            [-3.3379474453896796, 51.51093085183054],
            [-3.33798152254345, 51.51101678619714],
            [-3.338009542357587, 51.51102878553038],
            [-3.3383824767107173, 51.51106778126059],
            [-3.338556391422902, 51.51114573506919],
            [-3.3387615108852837, 51.51120175158511],
            [-3.3388225030334455, 51.511276677958215],
            [-3.33892044761995, 51.5114077420561],
            [-3.339091449445527, 51.51165163068648],
            [-3.3390944818369634, 51.51166166709596],
            [-3.339061474898397, 51.511818684594026],
            [-3.339065434879124, 51.51189965726776],
            [-3.339051452007272, 51.51194864347925],
            [-3.3390254652767006, 51.511971600045776],
            [-3.3388545307965654, 51.5120396429261],
            [-3.338839465216582, 51.51205662996414],
            [-3.3388895105639613, 51.51219066877238],
            [-3.3389463848585397, 51.51221357843204],
            [-3.3390954968697515, 51.51224658489885],
            [-3.3391055058035635, 51.512263555397986],
            [-3.339003509767818, 51.51249563453177],
            [-3.3388294827928306, 51.513131557176195],
            [-3.3388595984149947, 51.513475426903895],
            [-3.3389335483972813, 51.51374146498155],
            [-3.3389456546498257, 51.51403140847891],
            [-3.3390214554181354, 51.51431136294095],
            [-3.339014474797654, 51.5146433371124],
            [-3.3389905876922086, 51.51465440025014],
            [-3.3385316728278114, 51.514677353484764],
            [-3.338283518297692, 51.51470734150474],
            [-3.3382615328561727, 51.51471937191029],
            [-3.3382467102501243, 51.514769266778266],
            [-3.3382215842399137, 51.51478232213427],
            [-3.337848696455539, 51.514844305324644],
            [-3.3376726883664896, 51.51487733551287],
            [-3.337523747380408, 51.5149143728806],
            [-3.337450717873789, 51.514935347856344],
            [-3.337265732050182, 51.51500139050688],
            [-3.3370647798216515, 51.51508326096957],
            [-3.3369448931202927, 51.51512329336437],
            [-3.3367079359389185, 51.515191276415344],
            [-3.336656898350646, 51.51521029173691],
            [-3.3366448839845972, 51.51521834162828],
            [-3.3365718759362317, 51.5154222128804],
            [-3.3365588529845267, 51.515622253233985],
            [-3.3366198182049334, 51.51588322527186],
            [-3.3367188876333533, 51.51620023263349],
            [-3.3367147505107932, 51.516231212231425],
            [-3.3366697921698107, 51.51631022473951],
            [-3.3364538641526837, 51.516560145220666],
            [-3.3363779158113296, 51.5166390611747],
            [-3.336028884364521, 51.5169061436152],
            [-3.3360189193121075, 51.51692514031513],
            [-3.3360718942698604, 51.51704610845109],
            [-3.3362139370629396, 51.51716210527166],
            [-3.3365469610523224, 51.517564118648245],
            [-3.3368488776739285, 51.51789293124125],
            [-3.3369688623734524, 51.51804298846714],
            [-3.3371419853870243, 51.518407977605385],
            [-3.3371977921315397, 51.51860084882037],
            [-3.3371899015272, 51.5186168546062],
            [-3.3371688969116104, 51.51863291999998],
            [-3.337115864894408, 51.518652857434624],
            [-3.3369728177874745, 51.518684881234435],
            [-3.336577921603351, 51.51871995531356],
            [-3.3363449354990817, 51.51875192431385],
            [-3.3361319449147, 51.51876289355297],
            [-3.335810099232979, 51.51875289217149],
            [-3.3354850656670108, 51.518766934807275],
            [-3.335228113042597, 51.51876797232327],
            [-3.3352141387371086, 51.51878296820089],
            [-3.3352331119637455, 51.51886988450198],
            [-3.335337013657457, 51.519036851564735],
            [-3.3355520824321587, 51.51942690256408],
            [-3.3357691307484765, 51.51986476795983],
            [-3.335857062462612, 51.520081821952445],
            [-3.3360550245027483, 51.52050263959839],
            [-3.3361441076471943, 51.520709699146906],
            [-3.3362929935023513, 51.52095564193881],
            [-3.336407952266594, 51.521204578830826],
            [-3.3364199788097975, 51.52121658095743],
            [-3.336460059368128, 51.521236625929454],
            [-3.33654407473156, 51.52126066618119],
            [-3.336735997544571, 51.52130262939305],
            [-3.3368610684005233, 51.52134553421295],
            [-3.336943021254896, 51.52139756275303],
            [-3.3371760275662545, 51.52156755230398],
            [-3.3371980384100217, 51.52159562607694],
            [-3.3372659542855394, 51.52177855784774],
            [-3.337314033805288, 51.52183052277222],
            [-3.3374819145817693, 51.52198650748179],
            [-3.3375899405827965, 51.52212644955024],
            [-3.337639068785276, 51.5221944980264],
            [-3.337847966120958, 51.52256950862266],
            [-3.3378729354657106, 51.522580463756285],
            [-3.3379219755000498, 51.522586468454435],
            [-3.338103944364674, 51.522598419868636],
            [-3.3383098565621028, 51.52264040074888],
            [-3.3383699330468457, 51.52263935549226],
            [-3.3384648599314333, 51.52262739185169],
            [-3.3389558286684147, 51.52255443755198],
            [-3.339260729421954, 51.522521462403226],
            [-3.339459734628269, 51.52252944053232],
            [-3.339481649354231, 51.52253944109469],
            [-3.339374865893426, 51.523036388598435],
            [-3.3393198764079153, 51.523402360765445],
            [-3.3391768261924244, 51.5239112318972],
            [-3.3390918268328287, 51.52439426244921],
            [-3.3390889244380935, 51.52453115350255],
            [-3.339119836103471, 51.52465614872949],
            [-3.3392538131554677, 51.52494811704432],
            [-3.3393877887677212, 51.52528909149406],
            [-3.339799747377794, 51.52617701961272],
            [-3.3398568296682347, 51.526280044989214],
            [-3.3399877587377618, 51.526462974576745],
            [-3.3400658780496273, 51.52655092273018],
            [-3.3400797792807255, 51.52655795747364],
            [-3.340299831804034, 51.526638978361355],
            [-3.340817728515574, 51.52681388730275],
            [-3.3408837959265094, 51.526839928059914],
            [-3.3409288170691527, 51.52687088524068],
            [-3.3409647304824808, 51.5269009574225],
            [-3.3409677617188103, 51.526910903858116],
            [-3.3409576950752204, 51.52700984077859],
            [-3.34096967478496, 51.52708883319796],
            [-3.341098684170147, 51.52727978635759],
            [-3.3413726807801014, 51.52755288643883],
            [-3.3417296199556588, 51.52786684972192],
            [-3.3420165810804776, 51.52807074161374],
            [-3.3422356381035994, 51.5282106677266],
            [-3.3423735775804917, 51.52832265765851],
            [-3.342424602328693, 51.52835669274443],
            [-3.342537656029978, 51.52841168844054],
            [-3.342585584473779, 51.52842867414645],
            [-3.342762643964726, 51.52847871068054],
            [-3.3428015490674032, 51.528497687920634],
            [-3.342837515148626, 51.52851966615042],
            [-3.343129606361888, 51.52874570677799],
            [-3.343209517756758, 51.52882562946544],
            [-3.343250547388439, 51.528877582776396],
            [-3.343318533239162, 51.52906167912849],
            [-3.3434804984983364, 51.52941662550902],
            [-3.343605418011294, 51.52972757570264],
            [-3.343675508918446, 51.52987046447531],
            [-3.3436945514412098, 51.52993453892913],
            [-3.3437174590834435, 51.53005153182568],
            [-3.3437184724201843, 51.530110417647],
            [-3.3436865113707874, 51.53031750929936],
            [-3.34364456322619, 51.530469414712606],
            [-3.3435386021384486, 51.53075342614062],
            [-3.3435235862956514, 51.53081141653739],
            [-3.3435174557918472, 51.530877397924804],
            [-3.3435265934607785, 51.53106531540141],
            [-3.343508593878869, 51.53114438118771],
            [-3.343388557060575, 51.531332339574725],
            [-3.343348601181026, 51.53143935208994],
            [-3.343326646090092, 51.53156036573479],
            [-3.343345498013341, 51.53198520030338],
            [-3.343341504896992, 51.532148270472824],
            [-3.3433176717857225, 51.532264270106836],
            [-3.3433005946579053, 51.532301242854814],
            [-3.343249600193434, 51.532371244902926],
            [-3.3430086656955122, 51.53267415596593],
            [-3.342904637521384, 51.53282821059018],
            [-3.3427676748673343, 51.5331712037623],
            [-3.3425787887284995, 51.53353808031736],
            [-3.3423367344211585, 51.53386698950253],
            [-3.3420808270173876, 51.534176004585504],
            [-3.341932858689199, 51.534400068962604],
            [-3.3416729067424593, 51.53475804567282],
            [-3.341579866756802, 51.53493796011633],
            [-3.3415818542489686, 51.53513791868903],
            [-3.341348898707767, 51.53505596866373],
            [-3.3413239279940132, 51.53505994093772],
            [-3.3413150019744586, 51.53508000517773],
            [-3.341296987005365, 51.535202861594634],
            [-3.34127606644788, 51.53527593574942],
            [-3.341244913136384, 51.5353099219494],
            [-3.3412050420438772, 51.53532692309625],
            [-3.341077903097282, 51.535327927261164],
            [-3.3410359722635516, 51.53532391070455],
            [-3.3408460624071084, 51.53528390958145],
            [-3.340762055562323, 51.53527093236717],
            [-3.340626099027089, 51.53528588446301],
            [-3.3405660864807536, 51.535328922544515],
            [-3.3405510035543924, 51.535379899530376],
            [-3.3405700112946386, 51.53543795020728],
            [-3.3406479567013503, 51.535494877626874],
            [-3.3406529810932466, 51.53550884766034],
            [-3.340610115640132, 51.535531907444685],
            [-3.3403459787425325, 51.53559589171571],
            [-3.3403020626531865, 51.53559792219831],
            [-3.3401910577822194, 51.535573923210634],
            [-3.3400130527781586, 51.53547290911878],
            [-3.3398551783474115, 51.535423998025216],
            [-3.339822071370368, 51.53542095927098],
            [-3.339719109641613, 51.53544497496279],
            [-3.3397082093145043, 51.535451843441415],
            [-3.3396651881783312, 51.53550889427706],
            [-3.3395931246662527, 51.5355638489689],
            [-3.339574213478553, 51.53557287707969],
            [-3.3395241877328226, 51.53558288997674],
            [-3.3394781386309074, 51.535585933626926],
            [-3.339316182922768, 51.535569889081984],
            [-3.339100204005847, 51.53558485394296],
            [-3.3384543435607834, 51.53568088670416],
            [-3.3379533994514947, 51.53574792733155],
            [-3.3377844018645884, 51.535776920804814],
            [-3.3376684079464733, 51.53581385191295],
            [-3.337556512883587, 51.535852894233386],
            [-3.337497415200836, 51.535887917447596],
            [-3.3374394141554284, 51.53593084105195],
            [-3.3373744219967207, 51.53605989740157],
            [-3.3373184724601974, 51.53623183217807],
            [-3.3372954870843254, 51.53628388793841],
            [-3.3372334571569566, 51.53634187394339],
            [-3.337174448967138, 51.53638489881214],
            [-3.3370934888813335, 51.536421789608994],
            [-3.336789428403484, 51.53653585654768],
            [-3.336600478447793, 51.53658278985465],
            [-3.3365596244984412, 51.536600789722584],
            [-3.336534666612485, 51.53662984838928],
            [-3.336524557538725, 51.53665882776948],
            [-3.3365594750681256, 51.536708874768806],
            [-3.3366635766914685, 51.53677773581722],
            [-3.3367076606466566, 51.53682075450237],
            [-3.3367044937009456, 51.53683077166841],
            [-3.336677569063414, 51.536851760015665],
            [-3.3366235963821724, 51.53687476506516],
            [-3.3365766270609494, 51.5368858208988],
            [-3.3364955914426235, 51.53688080960933],
            [-3.3364396647503436, 51.536856808897156],
            [-3.336345617343624, 51.5367767729914],
            [-3.336332609966941, 51.536770806657415],
            [-3.3362935609574778, 51.536766755568905],
            [-3.336167574207098, 51.53677277676311],
            [-3.3359465626410416, 51.53683275290666],
            [-3.3359165817823033, 51.536852786772684],
            [-3.335893649137919, 51.53690178437881],
            [-3.3359027001373227, 51.53695482376198],
            [-3.3358896183094804, 51.53698077967682],
            [-3.335684700400867, 51.537112777436874],
            [-3.3355006354744337, 51.537188787264164],
            [-3.3352066559107287, 51.53710077591481],
            [-3.3351917464030176, 51.53709878756911],
            [-3.335070836133695, 51.53711571997929],
            [-3.335055749807352, 51.537102763441666],
            [-3.3350507050568456, 51.53703385255387],
            [-3.3350307122174425, 51.5370158264451],
            [-3.334811825771944, 51.53692677952513],
            [-3.3346647715619624, 51.53689284480804],
            [-3.3346297616104508, 51.536893782700865],
            [-3.3345347917611527, 51.53693982308564],
            [-3.334490848770686, 51.53695084364798],
            [-3.334354823616106, 51.536953829919206],
            [-3.3340519353263027, 51.536930838961126],
            [-3.3340408309236134, 51.53692583984525],
            [-3.3340279004475186, 51.5368978420895],
            [-3.3339538205564754, 51.536834841734674],
            [-3.333935784852857, 51.536804833880446],
            [-3.333918798516764, 51.536726886961766],
            [-3.333903883068783, 51.53671482752936],
            [-3.333764879112495, 51.53668988201183],
            [-3.333723924230451, 51.53667488155473],
            [-3.3330248547424257, 51.536228914694064],
            [-3.332989960171583, 51.536223916096965],
            [-3.332873922801247, 51.53623485618003],
            [-3.332840930597044, 51.53622587945966],
            [-3.3328219158028904, 51.53619687167639],
            [-3.3328119267832323, 51.53608692363969],
            [-3.3328020043925224, 51.53607795451481],
            [-3.332722085402245, 51.53604694118269],
            [-3.3327120189016735, 51.53603797368774],
            [-3.332709925850444, 51.53592191131158],
            [-3.3327298891499946, 51.53586494523068],
            [-3.332722013610493, 51.53585694195649],
            [-3.3325090225598792, 51.53585090945584],
            [-3.332493046859206, 51.53584695465121],
            [-3.332369951886884, 51.53578900611257],
            [-3.3322099852753038, 51.535687955179036],
            [-3.3321679939793047, 51.535671976838714],
            [-3.3317351064793113, 51.53561098169025],
            [-3.33165519781359, 51.53560496515625],
            [-3.3316411595454674, 51.53561798303656],
            [-3.33164601728495, 51.53573500315259],
            [-3.331623092336776, 51.53581897853672],
            [-3.3315440744972866, 51.53589289029841],
            [-3.3315301197292486, 51.535898893490966],
            [-3.3314280746428486, 51.53591497855265],
            [-3.3314121021072856, 51.53592595021137],
            [-3.331477215001777, 51.53600793705996],
            [-3.3314841219127898, 51.53605191923427],
            [-3.3314771774619176, 51.53606099002301],
            [-3.331012175143775, 51.536292954971856],
            [-3.330906179898321, 51.536321942895185],
            [-3.330886249420006, 51.53631092910294],
            [-3.330710275178408, 51.53593292573009],
            [-3.33065526262258, 51.53577699992225],
            [-3.3305471713582375, 51.53556601602393],
            [-3.3304402702697615, 51.535549064920154],
            [-3.3303351880428, 51.53554009592937],
            [-3.330312147446621, 51.535541076616305],
            [-3.3302682335815423, 51.535553084385164],
            [-3.3302311831807856, 51.53557301713647],
            [-3.330206247974418, 51.535598027809904],
            [-3.3301721564491333, 51.5356699904039],
            [-3.33016125985746, 51.5356770377855],
            [-3.3300712959409173, 51.53570197661159],
            [-3.330044216828589, 51.53569302197252],
            [-3.329947289809731, 51.535582980503094],
            [-3.3298263685776797, 51.535540111144904],
            [-3.3296852396814276, 51.53553110066395],
            [-3.329544362612318, 51.53550104598511],
            [-3.329401302444931, 51.53549502440015],
            [-3.329138353044275, 51.535526059354225],
            [-3.329029439393536, 51.53553403748648],
            [-3.328984367297058, 51.53552609575927],
            [-3.32894546169947, 51.53551205953666],
            [-3.328898383382579, 51.53545504443848],
            [-3.328844336130482, 51.53543101882884],
            [-3.3287773718174862, 51.53540902784294],
            [-3.3285225041990074, 51.53536605599718],
            [-3.3284943611932833, 51.53537006146606],
            [-3.3284574304027843, 51.535399074173654],
            [-3.3284303828593234, 51.53540108898974],
            [-3.3282125373766944, 51.53535203222064],
            [-3.327977464747819, 51.53535505367089],
            [-3.3276525296025765, 51.5353320260962],
            [-3.3274555855861876, 51.535362040357796],
            [-3.3271975022516194, 51.53547610152957],
            [-3.327127637495971, 51.5354981130734],
            [-3.326931618978623, 51.53554511076802],
            [-3.326805671340991, 51.535582143708695],
            [-3.3266376430324547, 51.53559510445491],
            [-3.3265557182472776, 51.53560897946717],
            [-3.3264056916766327, 51.53564601454853],
            [-3.3263366910842245, 51.53566801584533],
            [-3.3261887762709232, 51.53573802722929],
            [-3.3261447457124387, 51.53575102388266],
            [-3.3259597364320714, 51.53577505590951],
            [-3.3258138510060555, 51.53576609454286],
            [-3.3257698147449477, 51.5357540934952],
            [-3.325664749672404, 51.53570600514093],
            [-3.3256107102174703, 51.53569708443773],
            [-3.325555802880529, 51.53569302917161],
            [-3.3255408963648594, 51.535696075061104],
            [-3.325242795139873, 51.53587712458196],
            [-3.3250959093746566, 51.5359330055865],
            [-3.3250278659234795, 51.53598799575173],
            [-3.324999839703328, 51.53599604543709],
            [-3.3247497831702453, 51.53593502714853],
            [-3.3243489329949747, 51.535825086389345],
            [-3.324319895800799, 51.53582811183557],
            [-3.3242329699688753, 51.53592305915335],
            [-3.324104001567832, 51.5360299907291],
            [-3.3237039922644893, 51.536271983159345],
            [-3.3236220594455395, 51.53638503739506],
            [-3.3235390934447655, 51.53653703836412],
            [-3.32337810132196, 51.53692191190011],
            [-3.323003095483279, 51.53759388438458],
            [-3.3230025163093444, 51.537593800997946]
          ]
        ]
      }
    },
    {
      "type": "Feature",
      "properties": { "CATCHMENT_NAME": "Glyncoed Primary", "URN": "6812328" },
      "geometry": {
        "type": "Polygon",
        "coordinates": [
          [
            [-3.1589458431205792, 51.53140566425933],
            [-3.1589188609183676, 51.53140476193567],
            [-3.1588778911495123, 51.53140372805799],
            [-3.1588439883730706, 51.53140280417839],
            [-3.158808902867929, 51.53140072303658],
            [-3.15879299365134, 51.53139872218046],
            [-3.1587468286212976, 51.53139180497828],
            [-3.158697920548959, 51.53138473502021],
            [-3.1585889812503036, 51.53136971581898],
            [-3.158255042389069, 51.53131672520371],
            [-3.1575250758500433, 51.531189773517745],
            [-3.1574449954047865, 51.531175727297224],
            [-3.157365111585224, 51.53116374720258],
            [-3.157283090932299, 51.53115277723911],
            [-3.1571969634960158, 51.531144725122594],
            [-3.157173989767832, 51.53114270382972],
            [-3.157152171364426, 51.531140761052264],
            [-3.157130062422258, 51.53113873121885],
            [-3.1571070886998487, 51.53113670991284],
            [-3.157084982041257, 51.53113476996673],
            [-3.157062033399349, 51.53113373750561],
            [-3.1570400936708443, 51.53113269508707],
            [-3.1569970146532222, 51.531133749481725],
            [-3.1566541397139782, 51.53102383427779],
            [-3.1566331103766117, 51.531001831844875],
            [-3.156494109313628, 51.53098378017778],
            [-3.156436126832038, 51.531016812391975],
            [-3.156264119878531, 51.531021835206865],
            [-3.156168223286645, 51.53102080235182],
            [-3.1560973015653544, 51.53102680662522],
            [-3.1560071512353685, 51.53099082870461],
            [-3.1558982511571223, 51.53094883113914],
            [-3.1557751969649512, 51.530905804014154],
            [-3.155225214874521, 51.530763846319566],
            [-3.1545164152643457, 51.5306238091599],
            [-3.15344242065548, 51.530436915613826],
            [-3.1531404557590035, 51.53038791210353],
            [-3.153034558391607, 51.53036188781966],
            [-3.1528596079113775, 51.53033591278504],
            [-3.1526755640979456, 51.53032090696871],
            [-3.15259355178461, 51.530315868257645],
            [-3.152448591887558, 51.5303128867162],
            [-3.1523665206636595, 51.530316930170144],
            [-3.1523576074306923, 51.53031791692693],
            [-3.152194633688523, 51.53028094311849],
            [-3.151971722293192, 51.530273871152524],
            [-3.151957631823267, 51.53026393870077],
            [-3.1519416903930586, 51.530254923609405],
            [-3.151924645875799, 51.53024789755155],
            [-3.1519045996442383, 51.530241890072865],
            [-3.151894721792933, 51.5302389298647],
            [-3.1518746063318073, 51.53023589036351],
            [-3.151853678302073, 51.53023492695905],
            [-3.1518306110497347, 51.53023488374205],
            [-3.1518116315686435, 51.530236868496694],
            [-3.1517896775947163, 51.53024095057876],
            [-3.151769739136979, 51.53024492294583],
            [-3.1517517265282478, 51.530250944517704],
            [-3.151742624880917, 51.530255889481495],
            [-3.1517346286027497, 51.53025893530654],
            [-3.151718708654435, 51.53026790362633],
            [-3.1517056735272617, 51.53027693353445],
            [-3.151692713273645, 51.530288930008524],
            [-3.1513207373082883, 51.53028188175452],
            [-3.1510247120843817, 51.53023389352128],
            [-3.15080988288594, 51.53021001523596],
            [-3.1499739011118466, 51.530188002338924],
            [-3.1495430207075574, 51.530229002818345],
            [-3.1432013223950093, 51.530380635732875],
            [-3.1432546761408444, 51.52970797709835],
            [-3.143450435499219, 51.52913221070583],
            [-3.1436941220869157, 51.52871459232113],
            [-3.1447794819599384, 51.52727763038474],
            [-3.146060138189577, 51.52554957236701],
            [-3.1463411571921722, 51.525265561533274],
            [-3.1464941697244444, 51.52506759436587],
            [-3.1466590504761895, 51.52484864990589],
            [-3.1469369571152326, 51.52449273336266],
            [-3.1470970311471227, 51.52427770174559],
            [-3.1472200307214866, 51.52410169743725],
            [-3.1474608991982502, 51.52371772768156],
            [-3.147639922299381, 51.523178803873556],
            [-3.147741987982812, 51.522869834750644],
            [-3.14775888578733, 51.52275079733068],
            [-3.1479598020895616, 51.52239491226325],
            [-3.1479797598526758, 51.522282948397574],
            [-3.148136857746387, 51.52220794725015],
            [-3.1491856262718296, 51.521830898307535],
            [-3.149590633130511, 51.522041923857365],
            [-3.150488491306098, 51.521676952729344],
            [-3.151170471534785, 51.52177690379142],
            [-3.153016227946396, 51.522019894877516],
            [-3.1532131880556533, 51.52162897132802],
            [-3.153867905057153, 51.52172216116913],
            [-3.1538951694960424, 51.522019522826554],
            [-3.1546207255339205, 51.522001142092286],
            [-3.1546703017984643, 51.522262945978795],
            [-3.155322499505851, 51.52222765913668],
            [-3.155283307102122, 51.522028875945644],
            [-3.1557840934535824, 51.52199678639073],
            [-3.1561147330151065, 51.52199631493248],
            [-3.156552323411303, 51.52179678752646],
            [-3.1567099531932064, 51.52202776197452],
            [-3.156932068760314, 51.522215388837964],
            [-3.15740718876613, 51.52238181566363],
            [-3.157890642450526, 51.52239934330877],
            [-3.158777951208989, 51.52222863649593],
            [-3.159154143467514, 51.52225099525521],
            [-3.1598343382524083, 51.52251213743008],
            [-3.1601707769019587, 51.52262624320559],
            [-3.160241960970947, 51.52285222337457],
            [-3.1597302280870476, 51.523021026273284],
            [-3.159698884803104, 51.523200004118856],
            [-3.159630334166832, 51.5233271971679],
            [-3.1593753375556934, 51.52350838612073],
            [-3.159286637559716, 51.52390922003159],
            [-3.159216693205409, 51.52456047104561],
            [-3.159194661514684, 51.524839435837414],
            [-3.160354677173141, 51.53094771817396],
            [-3.1601367144616708, 51.531044738154584],
            [-3.159977721390366, 51.53111365952544],
            [-3.1595088396449977, 51.53121369917202],
            [-3.1594467269912934, 51.531316730149506],
            [-3.159420835769748, 51.53132471906832],
            [-3.1593567585492, 51.53134477482515],
            [-3.1592898628399726, 51.5313617112647],
            [-3.159227913454852, 51.53137473229147],
            [-3.159157815044668, 51.531384776600625],
            [-3.1590867992913525, 51.53139276181252],
            [-3.1590238571373366, 51.53140075711745],
            [-3.1589588194876086, 51.53140571587276],
            [-3.1589458431205792, 51.53140566425933]
          ]
        ]
      }
    },
    {
      "type": "Feature",
      "properties": {
        "CATCHMENT_NAME": "Pen-Y-Bryn Primary School",
        "URN": "6812069"
      },
      "geometry": {
        "type": "Polygon",
        "coordinates": [
          [
            [-3.123101858481452, 51.523826110579186],
            [-3.123137782867164, 51.52396801707602],
            [-3.1231808076908747, 51.524088005448554],
            [-3.123339686119195, 51.52434697667076],
            [-3.123596770929285, 51.52459592512822],
            [-3.122700913772407, 51.52490087453354],
            [-3.122170912112609, 51.52515394109186],
            [-3.121748085537134, 51.52572689796615],
            [-3.121411010169766, 51.52606488658081],
            [-3.1201752222617403, 51.52668777958888],
            [-3.1194692551568615, 51.526432858532196],
            [-3.1192212772848475, 51.52664878068699],
            [-3.1185834109549124, 51.52720768239295],
            [-3.11849844789195, 51.5272877105128],
            [-3.1182963979059304, 51.527501664034325],
            [-3.11801251738161, 51.52787069666674],
            [-3.1178585114529804, 51.52808059468532],
            [-3.1177915720585045, 51.52822564107321],
            [-3.11759150792535, 51.5288505897854],
            [-3.1176096195380643, 51.52982548838751],
            [-3.1173907072391196, 51.530187426113535],
            [-3.1170297907530577, 51.530761393821614],
            [-3.112048342946402, 51.53068536331692],
            [-3.112247248870888, 51.52993850673143],
            [-3.108829587322906, 51.529546544319935],
            [-3.1072978003941296, 51.529513629166146],
            [-3.1074016863770573, 51.529392607848905],
            [-3.1073666914069853, 51.52903173778573],
            [-3.1074557567648884, 51.52873371792723],
            [-3.10747273153812, 51.52848871099019],
            [-3.1079396773534653, 51.5284776469566],
            [-3.107752703907817, 51.52748590920537],
            [-3.1080885489259904, 51.527359818747925],
            [-3.1083066478075296, 51.52724679914937],
            [-3.1095064365091636, 51.52681391961019],
            [-3.110094293242698, 51.52667186142325],
            [-3.1115441936967176, 51.52666091650485],
            [-3.112085142351954, 51.527066893707044],
            [-3.1124240781995542, 51.52702681302729],
            [-3.1122291938901157, 51.52663688844045],
            [-3.1120700656063742, 51.52611696266372],
            [-3.1121301338388494, 51.52557104010699],
            [-3.1123101329734832, 51.525173064238736],
            [-3.112485953667109, 51.52499407818601],
            [-3.1131319369679638, 51.52430520092483],
            [-3.113312950698225, 51.524091186160945],
            [-3.11370874807934, 51.523653213840014],
            [-3.1138337792859945, 51.523496198400835],
            [-3.113870856335483, 51.52345619238554],
            [-3.1139047870762586, 51.52341720534023],
            [-3.1139438303397586, 51.52336917791529],
            [-3.1139808582062147, 51.523321259537994],
            [-3.1140208617878153, 51.523271244766256],
            [-3.114059856529777, 51.5232212395633],
            [-3.114096761993397, 51.52317422149113],
            [-3.114134822433814, 51.523127282352796],
            [-3.114168819269068, 51.52307921287081],
            [-3.1142028445637546, 51.52303231204334],
            [-3.114248655775406, 51.52296632650984],
            [-3.1142927595260383, 51.52290125636122],
            [-3.1143448138212575, 51.52282532047888],
            [-3.1143957129018056, 51.522749305630725],
            [-3.1144416910375217, 51.52267837293441],
            [-3.1147317162561983, 51.52212432863387],
            [-3.11495356273869, 51.52162946843397],
            [-3.1151915429218353, 51.52112851974617],
            [-3.1154184485538066, 51.520758506753445],
            [-3.1156895992862235, 51.52032953565914],
            [-3.1158734070274257, 51.520024582864274],
            [-3.1161783501057685, 51.51953971959218],
            [-3.116333360807516, 51.51954265016492],
            [-3.1164313910975268, 51.51953767067271],
            [-3.116529342331462, 51.51951767551598],
            [-3.11684228875199, 51.51944869574961],
            [-3.116937410472269, 51.51944266451411],
            [-3.11696138531178, 51.51944468413009],
            [-3.1171092910663303, 51.51945766226301],
            [-3.1173332045970756, 51.51947863814449],
            [-3.117505320695238, 51.519479695751905],
            [-3.1182341381972773, 51.51938966430664],
            [-3.1185651264100103, 51.51933363595488],
            [-3.1189280887704514, 51.519282606779015],
            [-3.119281057070862, 51.51922960374168],
            [-3.1193120448446012, 51.51922373306239],
            [-3.1193740137542463, 51.51921172198789],
            [-3.119438048457027, 51.51920166936226],
            [-3.1195019897464507, 51.51919368571185],
            [-3.1195670124364296, 51.51918865900362],
            [-3.1195749155857886, 51.5191876843745],
            [-3.119639988974688, 51.51918472526037],
            [-3.119705999692427, 51.51918472446148],
            [-3.1197709995427987, 51.519184643359196],
            [-3.1198669642697543, 51.51918363711436],
            [-3.119961971060588, 51.51918470805777],
            [-3.120018998672106, 51.519188659351975],
            [-3.120094957822027, 51.51919467776134],
            [-3.1201718300925187, 51.5192026656003],
            [-3.120209859324914, 51.51920769744698],
            [-3.120245893304072, 51.51921364752251],
            [-3.120308883330319, 51.51922563436],
            [-3.12037684762785, 51.51924063086198],
            [-3.1204848193052794, 51.51923555300394],
            [-3.1205048323548787, 51.519240577048485],
            [-3.1205278956713474, 51.51924656104582],
            [-3.120548941668383, 51.51925256431371],
            [-3.1205679460695386, 51.51925759798494],
            [-3.120585797717222, 51.519262642667826],
            [-3.1205978811662045, 51.51926756262807],
            [-3.1206099425481297, 51.519271583615875],
            [-3.120659915027214, 51.51928756113426],
            [-3.1206799523966517, 51.51929357401692],
            [-3.120699845676514, 51.51929958827311],
            [-3.1209998129959535, 51.5194536286501],
            [-3.1210187574797272, 51.51943861106125],
            [-3.121041907205462, 51.51942463228997],
            [-3.121066810345402, 51.51941162585308],
            [-3.1210929148063546, 51.51940058612746],
            [-3.121121807844686, 51.51939158785694],
            [-3.121150844966599, 51.51938258820179],
            [-3.1211608609624624, 51.51937961506658],
            [-3.121187785222167, 51.51937261380178],
            [-3.12121591081315, 51.51936757924608],
            [-3.1212428858461636, 51.51936264560195],
            [-3.121271804772654, 51.51936057074887],
            [-3.121299717239946, 51.51935859542981],
            [-3.1213288310489373, 51.51935858681816],
            [-3.121340793139749, 51.51935856236095],
            [-3.121369813648347, 51.519360622750064],
            [-3.1213987629458058, 51.519365651113894],
            [-3.1214258368059267, 51.51937060748581],
            [-3.1214527930804112, 51.519376643994406],
            [-3.12147282838277, 51.51938256684359],
            [-3.121497696132378, 51.51939159061473],
            [-3.121520834750656, 51.51940063091643],
            [-3.1215428427052205, 51.51941058120855],
            [-3.121562740045658, 51.519422619800096],
            [-3.121581770616516, 51.51943457675952],
            [-3.1215988346693666, 51.519448620641995],
            [-3.121614743761516, 51.51946258564966],
            [-3.121620826176774, 51.519469631016726],
            [-3.121635754822344, 51.519490619018875],
            [-3.1216468172042586, 51.51951263309694],
            [-3.121653722917646, 51.51953558611127],
            [-3.1216577467264703, 51.519558566688374],
            [-3.1216607375702896, 51.51958056804449],
            [-3.1216608425914063, 51.519596572481255],
            [-3.1216618364869015, 51.51961355751685],
            [-3.1216606932457505, 51.51963155209279],
            [-3.1216587809251415, 51.51964757582375],
            [-3.1216538403799974, 51.519663538598955],
            [-3.1216489020405236, 51.51967959127102],
            [-3.121639782704133, 51.51969559401202],
            [-3.1216318122222733, 51.51970556124472],
            [-3.1216158005607952, 51.519722619001946],
            [-3.121595749777094, 51.519739535549455],
            [-3.1215737550429905, 51.519753593301836],
            [-3.1215488761615093, 51.51976758871375],
            [-3.121522820197578, 51.519780606276555],
            [-3.1215128284348164, 51.51978456831078],
            [-3.121484730805996, 51.51979661628913],
            [-3.1214568705555386, 51.51980659387205],
            [-3.1214268002571353, 51.51981461438083],
            [-3.1213958388668184, 51.51982156438401],
            [-3.1213638467068807, 51.51982762505284],
            [-3.1214908038089932, 51.520448555082],
            [-3.121504828481173, 51.5204914018641],
            [-3.1215208749793666, 51.52053440914599],
            [-3.1215217660777075, 51.52053547964277],
            [-3.1215388980905363, 51.52058746836059],
            [-3.1215798712022713, 51.52065946066753],
            [-3.1217087202077063, 51.52073546807992],
            [-3.1217318838545656, 51.520745497201254],
            [-3.121803801479373, 51.52078635150886],
            [-3.1218777410460192, 51.520827366267035],
            [-3.121900904776431, 51.52083739535433],
            [-3.121962825502722, 51.52086440787695],
            [-3.1220258504828324, 51.52088943160212],
            [-3.1220908686193907, 51.52091344712329],
            [-3.122172752705379, 51.52094341566485],
            [-3.122256749771064, 51.5209713857297],
            [-3.122526716136692, 51.521059439589614],
            [-3.122585724955641, 51.5210793761188],
            [-3.122642716420232, 51.52109933192959],
            [-3.122718737671383, 51.521125309894636],
            [-3.1227936570665746, 51.521153366478],
            [-3.122833711538347, 51.52117033720954],
            [-3.1228956575913385, 51.521198338099346],
            [-3.1229566436728655, 51.52122832634875],
            [-3.12303558206807, 51.521267404233356],
            [-3.1231086566968456, 51.5213083365832],
            [-3.123146673783425, 51.521330362138066],
            [-3.1232067286202487, 51.52136935099561],
            [-3.1232636354537444, 51.521409269155384],
            [-3.123318575853119, 51.52145127424105],
            [-3.1233696499487706, 51.52149430543529],
            [-3.1233987106054157, 51.521521362199714],
            [-3.123442626231387, 51.52156635021438],
            [-3.1234835401438157, 51.52161235606808],
            [-3.1235217161989515, 51.52165838813603],
            [-3.1235566446282763, 51.52170130416788],
            [-3.123594703031607, 51.521754261039696],
            [-3.1236216899691187, 51.52180831307305],
            [-3.1236255625323404, 51.5218192459899],
            [-3.123631584821467, 51.52184724276629],
            [-3.1236376336758225, 51.521876318306006],
            [-3.123652712813486, 51.52194433181966],
            [-3.123663632922737, 51.522013194442735],
            [-3.1236696594442397, 51.5220472156944],
            [-3.1236765997934355, 51.52212420908271],
            [-3.1236776319112685, 51.52220125907806],
            [-3.123676651712964, 51.52220828208794],
            [-3.1236707501096452, 51.522261300442594],
            [-3.1236596585298058, 51.52231427860398],
            [-3.123647700085876, 51.52236717515096],
            [-3.123553655465677, 51.522616250326465],
            [-3.1234087979765817, 51.52286815002756],
            [-3.123187762215858, 51.5231991877585],
            [-3.123154821860908, 51.523278091699616],
            [-3.1231257400779673, 51.52337907854681],
            [-3.123101858481452, 51.523826110579186]
          ]
        ]
      }
    },
    {
      "type": "Feature",
      "properties": { "CATCHMENT_NAME": "Pencaerau Primary", "URN": "6812327" },
      "geometry": {
        "type": "Polygon",
        "coordinates": [
          [
            [-3.268734122151926, 51.467095784594065],
            [-3.2677602165377713, 51.467475712753995],
            [-3.266884255238845, 51.467826699060474],
            [-3.2649005752810396, 51.46864067533307],
            [-3.264711536537964, 51.46874459431755],
            [-3.2644255425138677, 51.46892958760789],
            [-3.263903707844057, 51.46924957532975],
            [-3.2634877643019786, 51.46947858936212],
            [-3.263258723530947, 51.46958356654131],
            [-3.2624498832324407, 51.469896569107014],
            [-3.2618949422019354, 51.47013948317265],
            [-3.2614069475011958, 51.47033554529977],
            [-3.261156094112306, 51.470443450626306],
            [-3.260444054414666, 51.47076447967795],
            [-3.259941245127673, 51.4709824555433],
            [-3.2596303809104636, 51.471133444736786],
            [-3.2591413202455226, 51.47144838291604],
            [-3.25883634966265, 51.47162538344375],
            [-3.2565866492256874, 51.47312321671068],
            [-3.2560487764372663, 51.473387230754454],
            [-3.255475829119788, 51.47362212421065],
            [-3.254673002488014, 51.47391216837837],
            [-3.253300168679952, 51.47439317737639],
            [-3.2525711596007127, 51.474635119992385],
            [-3.251728278881232, 51.47491505113646],
            [-3.2510753516292503, 51.47514906832986],
            [-3.249992614996093, 51.47549413049464],
            [-3.249506687891373, 51.47563805688744],
            [-3.2487437627945215, 51.47584697674056],
            [-3.2479747830836545, 51.476076997273466],
            [-3.2472072682261133, 51.47633460250636],
            [-3.2471937312537746, 51.47631343553661],
            [-3.2470899838240945, 51.47612606738525],
            [-3.2473719308299587, 51.475873000929944],
            [-3.2476638440362953, 51.47563700238555],
            [-3.2477588295769144, 51.475556052777534],
            [-3.2478727736653443, 51.47546806738711],
            [-3.2480206893753314, 51.475348068475896],
            [-3.2482787281685037, 51.47515316262761],
            [-3.2486187063466763, 51.47489012350392],
            [-3.249623528501288, 51.47414423273801],
            [-3.249709493599251, 51.47408118177949],
            [-3.2500024531397345, 51.47386323998091],
            [-3.2502894549186885, 51.47365920862494],
            [-3.250405488235392, 51.47357425570044],
            [-3.2512673436523367, 51.47296232720947],
            [-3.2514972866394753, 51.47284135832671],
            [-3.2519771417168277, 51.4725453439343],
            [-3.2518502014619006, 51.47246837934712],
            [-3.251669212706624, 51.47238938403594],
            [-3.2512202249565756, 51.47222440834148],
            [-3.2506613736167242, 51.47202751255457],
            [-3.249972321010181, 51.47178146751412],
            [-3.24946745751314, 51.47157346977806],
            [-3.2491715098655396, 51.47144444152559],
            [-3.2489584985637556, 51.47131551807598],
            [-3.2489084780822566, 51.47123952919111],
            [-3.248790532319448, 51.47118053937455],
            [-3.2486734877898233, 51.471154540424855],
            [-3.248261666358072, 51.47122151045152],
            [-3.248187556378596, 51.47110162712231],
            [-3.247883676927976, 51.47090856723777],
            [-3.2475546409330396, 51.47061659269791],
            [-3.246933607061163, 51.47001767987715],
            [-3.246785654083297, 51.46994569909306],
            [-3.2464307498727694, 51.46974472565867],
            [-3.24630672770746, 51.46950478929886],
            [-3.2478865214755426, 51.46728809312586],
            [-3.245279797047196, 51.46604821250916],
            [-3.2455657642207365, 51.46584420333918],
            [-3.246053690311062, 51.46553922488865],
            [-3.2463266051654207, 51.465395329145295],
            [-3.2466216052084915, 51.46526423628065],
            [-3.2471414510685164, 51.465090286777645],
            [-3.247531427867719, 51.46496330653811],
            [-3.2479144069304002, 51.46485429355283],
            [-3.248132381721176, 51.464802337067155],
            [-3.2484143889523245, 51.46474933857253],
            [-3.248733400703574, 51.46469135928996],
            [-3.249075263278085, 51.46463727196726],
            [-3.2493002712096777, 51.464616260739355],
            [-3.2495542580491628, 51.46458630786225],
            [-3.2497871347726957, 51.46457932925176],
            [-3.250064061893049, 51.464572330033526],
            [-3.250319106370605, 51.464565293806764],
            [-3.250771062614699, 51.46457324093011],
            [-3.251354899604259, 51.464613318705794],
            [-3.251860001010234, 51.464685256833974],
            [-3.2524018423163663, 51.46477928026346],
            [-3.25345784738293, 51.46501824053344],
            [-3.2541318001868125, 51.46514717093196],
            [-3.2545056432545683, 51.465225177744806],
            [-3.254980664178586, 51.46530219013592],
            [-3.25541257291682, 51.46536617432965],
            [-3.2560413918891102, 51.465450077623274],
            [-3.2568233644277345, 51.465533144884496],
            [-3.257627369684743, 51.46561111488512],
            [-3.258153249375702, 51.46564215920528],
            [-3.258423162559646, 51.465652120501375],
            [-3.2585912086846136, 51.46566416405107],
            [-3.2589341086198886, 51.46567405987616],
            [-3.2588941855594786, 51.46555210749465],
            [-3.2591111565945403, 51.46555813975112],
            [-3.259366181163576, 51.46557113623426],
            [-3.259873060707043, 51.46557612031944],
            [-3.2604460690672505, 51.46556204749918],
            [-3.260766999367409, 51.46555311114245],
            [-3.2612138158571913, 51.46553607555891],
            [-3.261660843029534, 51.46551103312063],
            [-3.2618348226143903, 51.46549810031196],
            [-3.2622787548386656, 51.46546005042408],
            [-3.2627205944728317, 51.46541401850939],
            [-3.263160773044987, 51.465359999940546],
            [-3.2644064396291737, 51.465229044933025],
            [-3.2654924137726917, 51.46510204873932],
            [-3.2664271971007324, 51.46505202897775],
            [-3.2665813100683883, 51.46503399845524],
            [-3.266759233808485, 51.46501804834557],
            [-3.266939281813708, 51.46500603148991],
            [-3.2671171640430754, 51.464998983372595],
            [-3.2672971756187352, 51.4649960482886],
            [-3.267436121849655, 51.464996973903716],
            [-3.267690055695193, 51.465006996706244],
            [-3.267943149205546, 51.46502305269441],
            [-3.2681000813389574, 51.46503403386721],
            [-3.268257095806237, 51.46504798130236],
            [-3.2683900988006447, 51.46506299762207],
            [-3.2684150586282965, 51.46506497554891],
            [-3.2684431254655926, 51.46506997713333],
            [-3.2685980893332385, 51.46509302823073],
            [-3.2687520117489637, 51.46512004687985],
            [-3.269119020193835, 51.46523099191288],
            [-3.269582868343053, 51.46530392986528],
            [-3.2698348359787417, 51.465294906264035],
            [-3.26984092960237, 51.46530697946721],
            [-3.26996877547368, 51.46535397150004],
            [-3.2699798996117937, 51.465370935802],
            [-3.269765821109228, 51.46554689059982],
            [-3.269745004654765, 51.46557490139032],
            [-3.269669868639157, 51.46578792663884],
            [-3.269641836511128, 51.46619385976217],
            [-3.269620884107984, 51.46621180094944],
            [-3.269432974479528, 51.466277859088244],
            [-3.269412024451081, 51.46629589013184],
            [-3.2694169025162063, 51.46661685198283],
            [-3.269402966137633, 51.46664379908012],
            [-3.2692849817982004, 51.466718811109196],
            [-3.269206917005358, 51.46675382597923],
            [-3.2690699664788307, 51.46679388438859],
            [-3.2689240302065534, 51.46683179190336],
            [-3.2688690810225864, 51.4668438065473],
            [-3.2687760227668647, 51.46684175651182],
            [-3.2687071918086303, 51.466830811870345],
            [-3.268734122151926, 51.467095784594065]
          ]
        ]
      }
    },
    {
      "type": "Feature",
      "properties": {
        "CATCHMENT_NAME": "Marlborough Primary / Howardian Primary School",
        "URN": "6812326,6812331"
      },
      "geometry": {
        "type": "Polygon",
        "coordinates": [
          [
            [-3.1651270741112976, 51.50175114605461],
            [-3.1647932549837052, 51.50175113552698],
            [-3.1621875561982264, 51.501865110659466],
            [-3.1603216858602874, 51.50195714248242],
            [-3.1593719278763785, 51.50201311472426],
            [-3.1593357964970195, 51.5020711098665],
            [-3.1593468909331617, 51.502230066412736],
            [-3.1594658498653585, 51.50254603356206],
            [-3.1597789076780676, 51.50289703757352],
            [-3.160147817704865, 51.50331393810601],
            [-3.160235747409268, 51.50339498407243],
            [-3.160260732347524, 51.50342000401663],
            [-3.1603747378875515, 51.503534960976594],
            [-3.1605497320195552, 51.50362890267889],
            [-3.160099761978388, 51.503741977046246],
            [-3.1592848362351647, 51.50391189019842],
            [-3.1587850614225377, 51.50395891203204],
            [-3.158055039091411, 51.50396594406075],
            [-3.1564122970512676, 51.50397990806447],
            [-3.1552484325775003, 51.50404901800624],
            [-3.154654448886902, 51.50407995568495],
            [-3.154555412277188, 51.5040949581534],
            [-3.154006477516909, 51.50416393417412],
            [-3.1536755976266284, 51.504223928674],
            [-3.1534636245515384, 51.50385195234153],
            [-3.1536304648008424, 51.50369205421009],
            [-3.1531286362998108, 51.503401067862605],
            [-3.1527923714811434, 51.50336741759768],
            [-3.1526188190107596, 51.5033755978109],
            [-3.152443515268293, 51.50339431546237],
            [-3.1521886301564446, 51.503451041160254],
            [-3.151419873949828, 51.50373302406644],
            [-3.1507219108900575, 51.503108107039566],
            [-3.1506589150687123, 51.502895168412884],
            [-3.150073994337423, 51.50310816919678],
            [-3.149052081691697, 51.50357902055222],
            [-3.14838319642686, 51.50400603263344],
            [-3.1477983127293205, 51.5044680062276],
            [-3.147317277908537, 51.50495197995768],
            [-3.147029424859533, 51.505216908738205],
            [-3.1464644989966235, 51.506015874957114],
            [-3.1461535019774596, 51.50671974049405],
            [-3.145988448628255, 51.50705567086365],
            [-3.1446076698176766, 51.5067927470251],
            [-3.1431727457277114, 51.505149005872454],
            [-3.143185810075489, 51.504985946052805],
            [-3.1433918501284, 51.504042129946036],
            [-3.1434577532139, 51.503699167232654],
            [-3.1434466957046547, 51.50326325976827],
            [-3.1433407755657163, 51.502888252976206],
            [-3.1431947100601505, 51.50256129432932],
            [-3.142832718541573, 51.50215533355068],
            [-3.1425047428049115, 51.50183032665634],
            [-3.1420497704824286, 51.50152543871248],
            [-3.141650884969749, 51.5013084828743],
            [-3.141252954190424, 51.50115841584552],
            [-3.14085503465973, 51.50101446182857],
            [-3.1404999426079785, 51.50088348779219],
            [-3.1402430569044677, 51.50082547085092],
            [-3.1398169911084017, 51.5008234987588],
            [-3.1395281959551995, 51.50089545306667],
            [-3.1397070874317903, 51.500743550362245],
            [-3.1397371373773413, 51.50065450861102],
            [-3.139790089206923, 51.50055948944671],
            [-3.139764005804249, 51.50047261184304],
            [-3.139968042444076, 51.5002315347858],
            [-3.1402459604027904, 51.50019151633647],
            [-3.140338921853713, 51.500204549704264],
            [-3.1403280897786128, 51.500047657122664],
            [-3.1403828491339825, 51.499886619820956],
            [-3.1406119675793325, 51.499588648922334],
            [-3.141795825768321, 51.4976488213644],
            [-3.141897837511165, 51.49761491772579],
            [-3.1419477777333746, 51.497566864389164],
            [-3.141951797742486, 51.4974798738771],
            [-3.1418927248935775, 51.49742191211534],
            [-3.142127691442282, 51.49708791362879],
            [-3.1427895830411994, 51.49607203726331],
            [-3.143182626261807, 51.495539034271864],
            [-3.1435135191228625, 51.49509017052026],
            [-3.144156295883482, 51.494383253270314],
            [-3.1447102008181336, 51.49383833442567],
            [-3.1455940379535567, 51.49316439339711],
            [-3.14671808444414, 51.492575317738144],
            [-3.146649000211895, 51.492537418208585],
            [-3.147361962962461, 51.49217949058149],
            [-3.1474758258535345, 51.492176488014614],
            [-3.148030799093582, 51.49191748439493],
            [-3.148419837475519, 51.491750471912106],
            [-3.1491556419461024, 51.491488522644595],
            [-3.1499754798968893, 51.491286439758696],
            [-3.150623486607814, 51.49117649584708],
            [-3.151340405376907, 51.49112054232489],
            [-3.1521583346355917, 51.49110045859276],
            [-3.1528841857380354, 51.49114745484684],
            [-3.1532832704237737, 51.49120251682058],
            [-3.154154156990549, 51.49123746811251],
            [-3.1548550243976097, 51.491401412787766],
            [-3.155675905809053, 51.49139539271606],
            [-3.1559158870338946, 51.491196464431454],
            [-3.1565598524595035, 51.49068845661996],
            [-3.1570076749594156, 51.490216550065405],
            [-3.1579996162386865, 51.489157673476555],
            [-3.158046615251111, 51.48911962317125],
            [-3.158849477680038, 51.48939862183808],
            [-3.1585145691427003, 51.48980656663288],
            [-3.160009408955177, 51.49025046310871],
            [-3.1608762577988627, 51.490444470944176],
            [-3.16260200598816, 51.490649381427666],
            [-3.1626401332427028, 51.4909533789182],
            [-3.1652449780271574, 51.49377300450297],
            [-3.165525939958603, 51.49367399874305],
            [-3.1658268522553605, 51.49398994950999],
            [-3.1663347163203506, 51.49393706188935],
            [-3.1660687640339678, 51.49427987028407],
            [-3.1653939483026754, 51.49446291031725],
            [-3.1651469307289797, 51.49481991537865],
            [-3.1649479479887104, 51.49509488623131],
            [-3.1650510433291648, 51.49516085145982],
            [-3.16478298253976, 51.4954668110224],
            [-3.164939037713946, 51.495852721080304],
            [-3.164689006635296, 51.496193659519264],
            [-3.1642970921569615, 51.49623567736914],
            [-3.1640111909275377, 51.49616981793445],
            [-3.1635471639372934, 51.49663273990548],
            [-3.162498326966243, 51.49763656634123],
            [-3.16414020394908, 51.49838341793785],
            [-3.1652260943821235, 51.498793452077365],
            [-3.1662149491201688, 51.49925038986416],
            [-3.166737810489387, 51.49943833404813],
            [-3.1662289899454956, 51.49997526564991],
            [-3.166783879115866, 51.50017026443038],
            [-3.1659980827352863, 51.50058613248572],
            [-3.165739153072775, 51.50091214487972],
            [-3.1656060914568385, 51.50119113688638],
            [-3.1651270741112976, 51.50175114605461]
          ]
        ]
      }
    },
    {
      "type": "Feature",
      "properties": {
        "CATCHMENT_NAME": "RHIWBEINA PRIMARY SCHOOL",
        "URN": "6812092"
      },
      "geometry": {
        "type": "Polygon",
        "coordinates": [
          [
            [-3.2508955854954866, 51.541793249466885],
            [-3.2508015522314224, 51.54182428512041],
            [-3.2507846242054232, 51.54184325866641],
            [-3.25072766676994, 51.542127290141664],
            [-3.2507135946900902, 51.542145244116234],
            [-3.250478744697854, 51.54226823924675],
            [-3.250260664127129, 51.54246119183144],
            [-3.2500027445969994, 51.54272119839018],
            [-3.249701720280363, 51.54305018173366],
            [-3.2491158322089437, 51.54361418861265],
            [-3.248711032011907, 51.54401405135089],
            [-3.2483799834570117, 51.544253072336325],
            [-3.2477930456622093, 51.54482202907635],
            [-3.247173120870401, 51.545471990615304],
            [-3.2466462291395906, 51.54596486112769],
            [-3.2464562584210057, 51.546258846048765],
            [-3.2464822876906787, 51.546403878117516],
            [-3.2464754018923436, 51.54656877230865],
            [-3.2461583968233674, 51.54716974023709],
            [-3.2459794334155867, 51.54737072133629],
            [-3.2458903087949484, 51.547539726038735],
            [-3.245689457516542, 51.54800071426209],
            [-3.245639430984822, 51.54817559785119],
            [-3.2456985135547916, 51.548490585044185],
            [-3.245689423200118, 51.548511542714024],
            [-3.2455344730161277, 51.548662632940626],
            [-3.2454974672012846, 51.54868064992595],
            [-3.245159536004014, 51.548764534879574],
            [-3.244652532131379, 51.54891558379767],
            [-3.2443836248481195, 51.548981559636125],
            [-3.2443686855496763, 51.54899961192967],
            [-3.2443586474234984, 51.549054568803115],
            [-3.244342585969038, 51.549068496738],
            [-3.2442445729965197, 51.54908653103124],
            [-3.2440555795104977, 51.54914248673314],
            [-3.24395875466547, 51.5491935083357],
            [-3.2435147470132617, 51.54944953865177],
            [-3.2433538285665198, 51.5495725446632],
            [-3.2432586425277212, 51.5496625730026],
            [-3.243158827919456, 51.549757416002656],
            [-3.2427948041900407, 51.550154397560405],
            [-3.2425448315412884, 51.55037042256925],
            [-3.2422768386513314, 51.55059742810174],
            [-3.2420379867856153, 51.55074535574375],
            [-3.2417698845413274, 51.5509314482706],
            [-3.24174299475028, 51.55093443047459],
            [-3.2415459518538725, 51.550806403864144],
            [-3.241518944858142, 51.55081037636236],
            [-3.24134705239494, 51.55091740026515],
            [-3.241207960746986, 51.55102137929356],
            [-3.241112086587679, 51.551139377811516],
            [-3.2409590898793113, 51.55122534009302],
            [-3.2409490946516497, 51.551234347772684],
            [-3.2409110440684943, 51.55134130384619],
            [-3.240887131055839, 51.5513582816661],
            [-3.240627114772398, 51.551444296506396],
            [-3.2404191476870374, 51.55152436528335],
            [-3.2400782517739377, 51.55169126165721],
            [-3.240061198186711, 51.55169530843349],
            [-3.2398011144685745, 51.55171532188871],
            [-3.2397862481567965, 51.55172024469375],
            [-3.2396961607841486, 51.55179133327458],
            [-3.2396821889145255, 51.55179732563688],
            [-3.2394872178185734, 51.55183031789925],
            [-3.239244357517628, 51.55190032270091],
            [-3.2392282861370223, 51.551919285464855],
            [-3.2391733204251603, 51.55215230565393],
            [-3.2390962490825275, 51.552336194005356],
            [-3.2391342734765898, 51.552456283251885],
            [-3.2391243215516865, 51.552472214045],
            [-3.2387832720862635, 51.55248525752343],
            [-3.2383303616884027, 51.552527265737396],
            [-3.2375135128396475, 51.55262121849642],
            [-3.2374695176595085, 51.55248824345595],
            [-3.23744948743095, 51.55247829395402],
            [-3.23715561492059, 51.552550271200275],
            [-3.2368975710995715, 51.552603166871144],
            [-3.236769602954057, 51.55263922466867],
            [-3.2364077513704856, 51.55275220022458],
            [-3.2363236016200383, 51.55277125066958],
            [-3.2362196898240234, 51.55279023955749],
            [-3.2357747238130834, 51.55280625761928],
            [-3.2355888120855303, 51.552817207807756],
            [-3.235379827209535, 51.552876237355015],
            [-3.235253666837993, 51.552899236263016],
            [-3.2352196908960447, 51.55289626703924],
            [-3.23510978929805, 51.55282728775837],
            [-3.2350647944036215, 51.55279026545935],
            [-3.234933901932259, 51.55264921250393],
            [-3.2349088497298926, 51.552640214623544],
            [-3.234707824666549, 51.55270023820363],
            [-3.2344149861664437, 51.55280528769814],
            [-3.2342438683153554, 51.552851238226644],
            [-3.2340749793724672, 51.55289428766272],
            [-3.233923045133721, 51.552908294665386],
            [-3.2338910320397023, 51.5529032362843],
            [-3.23378186421808, 51.55284530802854],
            [-3.2337559441045998, 51.55282022361353],
            [-3.233654970368747, 51.552617350302214],
            [-3.233596966302491, 51.55251527331497],
            [-3.233467893310243, 51.55231332475443],
            [-3.233389041161909, 51.55220831972623],
            [-3.233376998477129, 51.55220035367603],
            [-3.233152992161446, 51.55212528882089],
            [-3.2329250667692624, 51.55206528112624],
            [-3.2327450947544585, 51.55198642569057],
            [-3.2324290345153175, 51.55188337302214],
            [-3.2318511650256796, 51.55162445278941],
            [-3.2318170812119367, 51.55160143188332],
            [-3.2316462259377396, 51.55141142964355],
            [-3.2313441224247503, 51.55123746164038],
            [-3.2312541263911627, 51.55114147409512],
            [-3.230726151649524, 51.550785452129546],
            [-3.230453184642469, 51.550584560263026],
            [-3.230437265746152, 51.55058256919493],
            [-3.2303862803652765, 51.5505905672163],
            [-3.230331300292076, 51.55060553084036],
            [-3.2301303746122825, 51.55070654841806],
            [-3.229540414502247, 51.55104651114924],
            [-3.229510335825968, 51.551043589347174],
            [-3.2286244471605023, 51.55055553183589],
            [-3.22973999121471, 51.54950501371982],
            [-3.2316104066194233, 51.547485061930445],
            [-3.2316017742400116, 51.5418843005465],
            [-3.2313058279211218, 51.541487359361625],
            [-3.23135798985667, 51.54077555497579],
            [-3.2307010490508814, 51.54020463209445],
            [-3.2299679741209024, 51.53945664473094],
            [-3.2290422153263862, 51.536843779507635],
            [-3.2260693314366677, 51.534963490728686],
            [-3.224395882398395, 51.53369180689718],
            [-3.2243851491737283, 51.533291870439314],
            [-3.2238995149813103, 51.533112425721384],
            [-3.223892483808734, 51.53311366803462],
            [-3.223890924314872, 51.53310927828904],
            [-3.223724482729278, 51.53304771216482],
            [-3.2238643955334134, 51.53302862823594],
            [-3.2238234800075976, 51.53290074111092],
            [-3.223765502760101, 51.53278175410868],
            [-3.2237385313121574, 51.53278671129546],
            [-3.2236694164791695, 51.532800740364934],
            [-3.2236664052906705, 51.532763725255016],
            [-3.223666496380377, 51.53276174609213],
            [-3.2236544328423116, 51.53266673791],
            [-3.2236534595579855, 51.53266270172025],
            [-3.2236514508313463, 51.532657687226816],
            [-3.2236513977898977, 51.53265570956762],
            [-3.2236504245060917, 51.53265167337784],
            [-3.2236475509904317, 51.53264666790655],
            [-3.2236445068232245, 51.532640675109235],
            [-3.223593449578491, 51.53258078236508],
            [-3.2235774874903305, 51.5325608070853],
            [-3.2237164637056126, 51.532291848870436],
            [-3.223637530489491, 51.53206877467534],
            [-3.223455503454297, 51.53188283328777],
            [-3.2232554207416726, 51.53185686557366],
            [-3.2232365539546914, 51.53171777818035],
            [-3.2231664898518093, 51.53143283696724],
            [-3.2230485724611966, 51.53127194310786],
            [-3.222064553354326, 51.53056401896349],
            [-3.2218556028704057, 51.530395080512335],
            [-3.2215757059299017, 51.53012311437858],
            [-3.221458561992919, 51.530023085875996],
            [-3.2213116767948, 51.52998604034634],
            [-3.221163695317329, 51.529978049811746],
            [-3.2209296069230264, 51.52989308582625],
            [-3.2207777065296437, 51.529911032207664],
            [-3.220701661200646, 51.52987603603525],
            [-3.220683596699204, 51.529842054914525],
            [-3.220682679054045, 51.529840086252186],
            [-3.2206747036872665, 51.529822185503235],
            [-3.2208027218108755, 51.52977913074783],
            [-3.2207386309418142, 51.52972215990508],
            [-3.2205077158031226, 51.529567115328646],
            [-3.220286717754982, 51.52962111818675],
            [-3.2201296430775357, 51.52959110094347],
            [-3.219769789727212, 51.529644119457586],
            [-3.219553922834989, 51.529588096913784],
            [-3.219189836384472, 51.529666155078765],
            [-3.2188718829285885, 51.529674135566644],
            [-3.2187978786030143, 51.52965611160059],
            [-3.218651852810956, 51.52954316238566],
            [-3.2182078918490262, 51.52954534670499],
            [-3.217698057202811, 51.52955324873563],
            [-3.217185113595463, 51.52946622661336],
            [-3.216790232562681, 51.52944919310883],
            [-3.216563243246388, 51.52944624260897],
            [-3.2163871847557313, 51.52939618555798],
            [-3.216037192564001, 51.5292242934769],
            [-3.2158232257577106, 51.52909325215315],
            [-3.2150682977565936, 51.52874832437473],
            [-3.214890294789188, 51.52870628800061],
            [-3.214389417283357, 51.52856832461912],
            [-3.2141593706907488, 51.52851531639995],
            [-3.2140353917160014, 51.52837434834546],
            [-3.2138443243457098, 51.528090384360986],
            [-3.2137494555096477, 51.5280194311806],
            [-3.213617495246481, 51.527838441517666],
            [-3.2132414924253605, 51.52769045891356],
            [-3.2128755755502176, 51.527455419377944],
            [-3.2127375760403742, 51.527399568162366],
            [-3.212559491251438, 51.52729449607319],
            [-3.212503578735317, 51.52705651967955],
            [-3.2123915254546116, 51.52678351578417],
            [-3.2121166060892845, 51.526348632888904],
            [-3.2120115620181635, 51.526127709055636],
            [-3.2116206860493257, 51.52577171305202],
            [-3.211634583796642, 51.52556763371482],
            [-3.2114815727716843, 51.52535871453337],
            [-3.211262742222733, 51.5250378067219],
            [-3.210996637683999, 51.52461380020943],
            [-3.210919645632556, 51.5243958227887],
            [-3.2110415767044747, 51.52410187815263],
            [-3.210966661542811, 51.5240219046376],
            [-3.2107906239765986, 51.52382491173197],
            [-3.2107626940836775, 51.523684926766315],
            [-3.2110595249929967, 51.52347999430755],
            [-3.210990633018829, 51.523263012280715],
            [-3.2111026853715736, 51.52311294967987],
            [-3.2113335974378874, 51.52286301843912],
            [-3.2116905916872325, 51.522503072303685],
            [-3.2118874681708665, 51.52237209448523],
            [-3.2120145338645654, 51.522261080436884],
            [-3.211857379835844, 51.522053193590764],
            [-3.2098026984199444, 51.522929085157465],
            [-3.209145793924989, 51.52316101630896],
            [-3.207896093074321, 51.52359705175444],
            [-3.2071719773315666, 51.523849985597685],
            [-3.206911010036356, 51.52340595505875],
            [-3.2063700694958768, 51.522687134993696],
            [-3.206197112006243, 51.52243120676582],
            [-3.2060662289187176, 51.52224012663393],
            [-3.2059400674753613, 51.52192221232626],
            [-3.2057800703280317, 51.52139828214731],
            [-3.2054161876646656, 51.520920327872126],
            [-3.205058137478646, 51.52047738085817],
            [-3.2048072590374264, 51.51973147438163],
            [-3.2050302433172373, 51.5191205229792],
            [-3.2051611504161364, 51.519045534299444],
            [-3.205093137964317, 51.51864762307889],
            [-3.206306990150978, 51.518522565139456],
            [-3.2063789563283533, 51.51849161213528],
            [-3.2060749749385122, 51.518163657582896],
            [-3.2058150014642037, 51.51792471900321],
            [-3.205685992271867, 51.51790770196206],
            [-3.205113186979641, 51.51797671253625],
            [-3.205093121435145, 51.517538744251034],
            [-3.2042122591551174, 51.517457693904376],
            [-3.204539071170051, 51.51725876415467],
            [-3.2044621497975854, 51.516746836974974],
            [-3.204454234666416, 51.51665987682593],
            [-3.204445222672529, 51.516607816452826],
            [-3.2044430667534685, 51.516569802923065],
            [-3.204432158011434, 51.516516862840206],
            [-3.204412087960827, 51.516449899585304],
            [-3.203953260061041, 51.51644094325868],
            [-3.2038611698432526, 51.516309887778874],
            [-3.20365024589515, 51.51549801747],
            [-3.203589245082643, 51.51501002446763],
            [-3.2045589676090445, 51.515036035488215],
            [-3.204766070882629, 51.51501997061259],
            [-3.2048071111286363, 51.51497503914487],
            [-3.204837065144095, 51.51493597636954],
            [-3.204854029773263, 51.51490711795446],
            [-3.2048540136112265, 51.51489012345328],
            [-3.205008992028733, 51.51484303214226],
            [-3.2051110476598077, 51.51482202144627],
            [-3.2051500618464046, 51.51480408633883],
            [-3.2052509087501155, 51.51477004970456],
            [-3.2053779718982804, 51.51473007863152],
            [-3.2054250344320607, 51.51481501782423],
            [-3.2056630654953437, 51.51502603829775],
            [-3.2056960152536322, 51.515155002884455],
            [-3.206207963247601, 51.51512402151839],
            [-3.206392925910927, 51.515109979874055],
            [-3.206729718521172, 51.51472804615043],
            [-3.2078607185273897, 51.51467297179961],
            [-3.2078696003297353, 51.5147690036225],
            [-3.208368739081913, 51.51487500130009],
            [-3.208589580471192, 51.51449605524143],
            [-3.2089864229908973, 51.51375409010347],
            [-3.20917850966501, 51.513416172542016],
            [-3.2092144959173163, 51.513322105955794],
            [-3.2124571465869334, 51.51489089056246],
            [-3.2146160422592645, 51.51591080051523],
            [-3.2160206972264755, 51.51656272294506],
            [-3.217144712529735, 51.517087608779626],
            [-3.219266505165879, 51.518086507832585],
            [-3.2205814324085207, 51.518730406769926],
            [-3.2226381867432385, 51.51986219276979],
            [-3.2279087460224583, 51.522801877884156],
            [-3.2289456319267353, 51.523409749299276],
            [-3.2293084387725233, 51.52360772504557],
            [-3.2308634413755457, 51.52436067191491],
            [-3.231915271792284, 51.52483051464472],
            [-3.2331550347395472, 51.52525548078898],
            [-3.233704998568891, 51.525411461064095],
            [-3.2341490505568213, 51.52551541123317],
            [-3.2344809646790824, 51.52563034128468],
            [-3.2351848735898825, 51.52578037804384],
            [-3.23538489360702, 51.5258154078301],
            [-3.2360458478429104, 51.525949346807714],
            [-3.236732745362662, 51.52608831372273],
            [-3.2371587646857867, 51.52615935251518],
            [-3.2374586378974204, 51.52621922208183],
            [-3.2372866664788935, 51.52665525504932],
            [-3.237171747194815, 51.526872182891545],
            [-3.237144705787408, 51.527023262199876],
            [-3.2371356147230275, 51.52717711947831],
            [-3.237184720190431, 51.52730815289191],
            [-3.2372116913447515, 51.52735120930462],
            [-3.237235660522462, 51.527395196568605],
            [-3.2372386524864747, 51.52739921135799],
            [-3.2372726509221437, 51.52744623997638],
            [-3.2373106822008135, 51.52749313612044],
            [-3.2373276036359337, 51.52751112122661],
            [-3.237384703902598, 51.52757013506292],
            [-3.2374457322802326, 51.52762515099341],
            [-3.2375056078838926, 51.527680179055594],
            [-3.237548686909979, 51.52771119612954],
            [-3.237608732061076, 51.52775120588871],
            [-3.2393794824637085, 51.52913389366778],
            [-3.2421442997592336, 51.531594589566616],
            [-3.2442970496830803, 51.53292747835365],
            [-3.244846105632202, 51.53373227113703],
            [-3.246539982140604, 51.53627400212789],
            [-3.246177989755518, 51.53642900233408],
            [-3.246178087376923, 51.53924570923071],
            [-3.248490848313, 51.53901565028349],
            [-3.248900828528288, 51.539896626658255],
            [-3.2508955854954866, 51.541793249466885]
          ]
        ]
      }
    },
    {
      "type": "Feature",
      "properties": { "CATCHMENT_NAME": "Rumney Primary", "URN": "6812317" },
      "geometry": {
        "type": "Polygon",
        "coordinates": [
          [
            [-3.108978860709984, 51.47927942801876],
            [-3.1090303407106785, 51.47925268477975],
            [-3.109259175516105, 51.47937793468437],
            [-3.109969124311982, 51.47976407017734],
            [-3.116859061537781, 51.48351541703219],
            [-3.124015803219688, 51.48745146344221],
            [-3.1251968857623735, 51.488096990775404],
            [-3.125662298372811, 51.48840310254124],
            [-3.126200469355607, 51.48864557052702],
            [-3.127621060954485, 51.489422032231836],
            [-3.1282150195762934, 51.48964794893391],
            [-3.12866898836718, 51.48984499763131],
            [-3.129182896498688, 51.49000190310688],
            [-3.129118931778927, 51.48998390594504],
            [-3.129374991539654, 51.49013394188048],
            [-3.1323176353606126, 51.49137674118846],
            [-3.1328755013026566, 51.49167869448131],
            [-3.1337065662415675, 51.49247759213609],
            [-3.1339235364934677, 51.49294352082228],
            [-3.1337064755883426, 51.493112508883186],
            [-3.1334006476689735, 51.49318146586572],
            [-3.1332895422516933, 51.493243504673224],
            [-3.1331436302050717, 51.49346449630561],
            [-3.1331505407780362, 51.49352242706595],
            [-3.1332644760742334, 51.49369639756744],
            [-3.1334255846251198, 51.49377441833],
            [-3.133427634580788, 51.49399640771491],
            [-3.1332466322650894, 51.494806346197514],
            [-3.133019673680502, 51.49537826410741],
            [-3.132975590714073, 51.496046156151245],
            [-3.132899805707714, 51.496946074702024],
            [-3.1331707810779403, 51.497886972314866],
            [-3.133563684399191, 51.4984868881358],
            [-3.134237717821468, 51.49917580052141],
            [-3.135269474438179, 51.49970173055578],
            [-3.136018538844549, 51.49994166205629],
            [-3.136803357974154, 51.50019967547023],
            [-3.1395281959551995, 51.50089545306667],
            [-3.139114092040676, 51.50149446803373],
            [-3.1391271642784337, 51.50155647479404],
            [-3.1389732041288965, 51.50182439915422],
            [-3.138886198397829, 51.50186543784427],
            [-3.1388661987327864, 51.50189539514388],
            [-3.1388192830907773, 51.501978396062306],
            [-3.138791193998773, 51.50203639659325],
            [-3.1387853477132612, 51.502050390751776],
            [-3.1386522347602535, 51.50235138206899],
            [-3.1385402764899086, 51.502628339390704],
            [-3.138411327592132, 51.50291733079287],
            [-3.1382332762960132, 51.503109237028234],
            [-3.1381853253432657, 51.50319125861328],
            [-3.1380824698661267, 51.503342241097606],
            [-3.137945404438681, 51.50350227757767],
            [-3.137864417045559, 51.50367516760476],
            [-3.137787455828361, 51.50375522255379],
            [-3.1376844647103885, 51.503837238451375],
            [-3.1372055130461627, 51.504131152298406],
            [-3.1367215167211646, 51.50437314014005],
            [-3.136416608978158, 51.50455719141467],
            [-3.1360396281125644, 51.50482115837515],
            [-3.13574073600432, 51.50497502687343],
            [-3.1356897671620088, 51.50501706287716],
            [-3.135625727037554, 51.50507810833695],
            [-3.1355316109561624, 51.50515805814372],
            [-3.1354597706217664, 51.5052241245629],
            [-3.1354097616477614, 51.505270017643085],
            [-3.1352796419337157, 51.50539707347377],
            [-3.1351367717392153, 51.50555608373664],
            [-3.1350867824544206, 51.50562598472559],
            [-3.134994847638425, 51.50573001113268],
            [-3.134915714949763, 51.505809995239034],
            [-3.1348408086339994, 51.50589191659543],
            [-3.1348078678658786, 51.50592892213175],
            [-3.134675791588485, 51.506075958107544],
            [-3.1345007754716665, 51.50628095720752],
            [-3.134357824905512, 51.506465953700584],
            [-3.133676033564849, 51.50745985197376],
            [-3.1335300214983524, 51.50775979279611],
            [-3.133372968126952, 51.507858782447286],
            [-3.133257044975585, 51.507977785897516],
            [-3.13315899954249, 51.508079801722054],
            [-3.132884021679046, 51.508292777836495],
            [-3.132880073469131, 51.5084008080423],
            [-3.132811133077987, 51.50844472481705],
            [-3.1327401266530286, 51.508486683301655],
            [-3.1327260609386673, 51.50849473199368],
            [-3.1321922501677344, 51.508758672398336],
            [-3.1309853539720454, 51.50930164666512],
            [-3.129761554222469, 51.509954651508785],
            [-3.128815637742596, 51.510535551822365],
            [-3.1278617026313356, 51.51111948879413],
            [-3.1277818403835824, 51.511182480382175],
            [-3.127383901120161, 51.51096951352976],
            [-3.1268718535577333, 51.51059956539104],
            [-3.1266429839200662, 51.51035862517021],
            [-3.1263159589740184, 51.510823497447724],
            [-3.1261299624278576, 51.51129249956163],
            [-3.1251160529596023, 51.511181471410126],
            [-3.1248402461674942, 51.511462504502475],
            [-3.1242812514407197, 51.5114384617482],
            [-3.12430023494649, 51.51117356012436],
            [-3.1244671257175676, 51.51112754028722],
            [-3.124498089747614, 51.510073580007656],
            [-3.1255919574147346, 51.50989269027016],
            [-3.1257779229936724, 51.50952763485388],
            [-3.125451013811432, 51.50918467690325],
            [-3.1251959659939703, 51.50895675350481],
            [-3.125142032349406, 51.5088907313886],
            [-3.1250841030628127, 51.50880874210895],
            [-3.1249730500702055, 51.50864678548415],
            [-3.1249530885018557, 51.508479908602204],
            [-3.1249479716901263, 51.50832484845255],
            [-3.1250279931484077, 51.50809290055668],
            [-3.125095969579189, 51.50792185300336],
            [-3.1252349168660927, 51.50779490378116],
            [-3.125120938567214, 51.507753915607076],
            [-3.1241760249266295, 51.5074630101529],
            [-3.1243480416302303, 51.50721606354189],
            [-3.12453202262892, 51.506945982813704],
            [-3.124791984537117, 51.50659011016746],
            [-3.1246849194921658, 51.50638504405485],
            [-3.1246609965478287, 51.5062561506385],
            [-3.1237531178837967, 51.50636808082648],
            [-3.1233671068193694, 51.50616307873585],
            [-3.1231280819213354, 51.50606412017591],
            [-3.122996238137119, 51.50609910228527],
            [-3.1224902261694467, 51.50519720975266],
            [-3.1215053051981796, 51.50535131246256],
            [-3.1208284549165515, 51.50519521143655],
            [-3.119238621747203, 51.505318298814714],
            [-3.1181897012279673, 51.50427140483933],
            [-3.118026768928064, 51.50406048121415],
            [-3.1162895195774243, 51.50439947948791],
            [-3.115623139265171, 51.50336123923065],
            [-3.116152769884409, 51.503178430408596],
            [-3.1159240946450053, 51.50255828147587],
            [-3.1155997997162883, 51.50240571844501],
            [-3.1158047277954237, 51.50204814122243],
            [-3.115476640903046, 51.50174014496924],
            [-3.1147635687134723, 51.50170250648846],
            [-3.1147904709319096, 51.501346713258464],
            [-3.113155837477032, 51.500028662214746],
            [-3.1133657915699913, 51.49987102005441],
            [-3.1143274712141413, 51.499884094769975],
            [-3.1143917212476833, 51.49959457617615],
            [-3.111136753969284, 51.497536300388],
            [-3.1104673521275354, 51.49636470994257],
            [-3.110105387633795, 51.496123649068885],
            [-3.106362846385825, 51.49302518326946],
            [-3.099711262566964, 51.48659771031151],
            [-3.099580289685772, 51.486517652345555],
            [-3.0993271873073445, 51.486461668656794],
            [-3.099202173294905, 51.486413745238174],
            [-3.099180232364303, 51.48638176009825],
            [-3.099173173246467, 51.48635772810684],
            [-3.099201278691441, 51.48626278038026],
            [-3.099205163270653, 51.48619674374435],
            [-3.0992013213102605, 51.48618670888612],
            [-3.0991251787498926, 51.486134730449294],
            [-3.0989102709196077, 51.486061842785624],
            [-3.0986412804526764, 51.486015807660856],
            [-3.09843631138468, 51.48600882621534],
            [-3.098373396602445, 51.48599781614089],
            [-3.0983583926913525, 51.48599076321641],
            [-3.0983213542353396, 51.48593581028352],
            [-3.0983093730227624, 51.48586875336364],
            [-3.098337408682605, 51.48577083918304],
            [-3.0983534633031096, 51.48564183549571],
            [-3.0983313512446653, 51.485506805134634],
            [-3.0982953470714603, 51.48545292152421],
            [-3.098161282617859, 51.48533386628449],
            [-3.0981533372508965, 51.485314877970204],
            [-3.0981533602130846, 51.48529185860425],
            [-3.098162433598618, 51.48527387982553],
            [-3.0981953888954576, 51.48524884354108],
            [-3.0981973089406125, 51.48523884459634],
            [-3.098141404450898, 51.485165904766504],
            [-3.0981393151185954, 51.48514488339279],
            [-3.09821238014174, 51.48506291263994],
            [-3.098437263183127, 51.48495784919964],
            [-3.0989212322545785, 51.4846669233066],
            [-3.099390290925607, 51.48441498002389],
            [-3.1001260322290913, 51.48405397923739],
            [-3.1005601070670945, 51.48382699716153],
            [-3.1011540309735723, 51.48354006514476],
            [-3.1030916198419525, 51.482454157229334],
            [-3.1033366374671387, 51.48231913175203],
            [-3.103491633604976, 51.48224322036829],
            [-3.103865523402266, 51.48200618192988],
            [-3.1043185226615853, 51.481789168357366],
            [-3.104872334065446, 51.481477238000046],
            [-3.1053093603748314, 51.48124922116001],
            [-3.1056943850391243, 51.48108625471714],
            [-3.1063582603096807, 51.480729219014876],
            [-3.107162092770838, 51.48032436991],
            [-3.108231996511789, 51.47968644883196],
            [-3.108978860709984, 51.47927942801876]
          ]
        ]
      }
    },
    {
      "type": "Feature",
      "properties": {
        "CATCHMENT_NAME": "MILLBANK PRIMARY SCHOOL",
        "URN": "6812001"
      },
      "geometry": {
        "type": "Polygon",
        "coordinates": [
          [
            [-3.2410830855992767, 51.4786861631883],
            [-3.240577785360056, 51.47891972741635],
            [-3.240402764266254, 51.47900781229129],
            [-3.239738792193116, 51.47940166983236],
            [-3.239371879823631, 51.47963574353277],
            [-3.238950937972008, 51.47993270136434],
            [-3.2386569853408265, 51.48012266045954],
            [-3.2367153359433836, 51.48126661423903],
            [-3.2360943112362315, 51.48162142219365],
            [-3.234389537342281, 51.48258237042972],
            [-3.233624689765297, 51.48302032622611],
            [-3.232843692216845, 51.48343138098683],
            [-3.232300807468389, 51.48374335436755],
            [-3.2320368390908345, 51.48395231408325],
            [-3.2320259630399137, 51.4839762570504],
            [-3.2317770056193464, 51.48418119188106],
            [-3.231643936489374, 51.48428824531259],
            [-3.231504925325264, 51.48436721619302],
            [-3.2313249606105723, 51.48444427911652],
            [-3.231028046689106, 51.484537226652286],
            [-3.2302209829694197, 51.48476824872775],
            [-3.2296582755984575, 51.48492818395651],
            [-3.2293461634246, 51.4850131938463],
            [-3.228903303081666, 51.485174116695255],
            [-3.2288282177513943, 51.48508120758183],
            [-3.22808834013059, 51.48416332867853],
            [-3.227894284917737, 51.48363034016833],
            [-3.227675242902352, 51.483271427374184],
            [-3.2274672662702475, 51.482911499117684],
            [-3.2271933949585145, 51.48266645803028],
            [-3.2268914197080347, 51.4824795286586],
            [-3.2256574626863985, 51.481650698666726],
            [-3.2250866033664027, 51.48110267105718],
            [-3.2246827233071986, 51.48092777101294],
            [-3.2240056638353076, 51.480494775521926],
            [-3.2230647317964176, 51.479757903657664],
            [-3.222292858781254, 51.47906296270238],
            [-3.221688904559834, 51.47847003410489],
            [-3.2205739585551916, 51.4770752158442],
            [-3.2201049172927343, 51.47636137128125],
            [-3.2195030001673164, 51.4757344206089],
            [-3.219015054282082, 51.47525545836276],
            [-3.2188930395245468, 51.474810546142415],
            [-3.219630959109896, 51.47494449486298],
            [-3.2196539912227857, 51.47493346489802],
            [-3.2197160298061607, 51.47483552647286],
            [-3.2197399279394605, 51.47482457739986],
            [-3.2201519858684273, 51.474882423885504],
            [-3.221635717357523, 51.47499249968372],
            [-3.222109699849619, 51.475007431788946],
            [-3.2227386076754105, 51.47495744281884],
            [-3.223511547537318, 51.474871418228865],
            [-3.2239634313356453, 51.47480852325086],
            [-3.224532397251226, 51.474719495893666],
            [-3.224561435045624, 51.47472845430176],
            [-3.2246545009161403, 51.47480553236541],
            [-3.224683368351382, 51.47481350340736],
            [-3.2247773265110404, 51.474789502407035],
            [-3.224787361469506, 51.47478247375726],
            [-3.224823335932011, 51.47467949962849],
            [-3.2248423186678417, 51.47466248633114],
            [-3.225254410269979, 51.47459244885222],
            [-3.226700238233409, 51.474223495145225],
            [-3.2272331023313043, 51.474109564962966],
            [-3.2274320549420086, 51.474054519409634],
            [-3.2275791497836264, 51.47410054671312],
            [-3.2275280672752453, 51.47411250139943],
            [-3.229163891808334, 51.47627024777983],
            [-3.2319897046919146, 51.47946276575572],
            [-3.2338185350114137, 51.47912575728112],
            [-3.234624407732388, 51.4795267673486],
            [-3.2348795383950675, 51.4794451308674],
            [-3.2353263224754794, 51.47921373658656],
            [-3.235908807963442, 51.47887786218927],
            [-3.236222537060117, 51.47867358404014],
            [-3.2367503370304758, 51.47835545666434],
            [-3.2377118151175925, 51.477796440254934],
            [-3.2377992115183685, 51.47765776060478],
            [-3.237918547839623, 51.47768824220806],
            [-3.2381421646783792, 51.47782067035792],
            [-3.2384293842819374, 51.4776484078147],
            [-3.2387669946459057, 51.477459966087274],
            [-3.2386182422985956, 51.47727918067232],
            [-3.238906483016154, 51.47712884654006],
            [-3.239317407070586, 51.476941336880934],
            [-3.23952665599178, 51.476883734142454],
            [-3.2401234897253937, 51.47759390240375],
            [-3.2404010680440885, 51.47791045048823],
            [-3.2405520546318445, 51.47811485889253],
            [-3.2407045261965055, 51.478267817326845],
            [-3.24094942398597, 51.47859496080416],
            [-3.2410830855992767, 51.4786861631883]
          ]
        ]
      }
    },
    {
      "type": "Feature",
      "properties": {
        "CATCHMENT_NAME": "Grangetown Primary School",
        "URN": "6812311"
      },
      "geometry": {
        "type": "Polygon",
        "coordinates": [
          [
            [-3.194288461597874, 51.45803077881075],
            [-3.1933045421517936, 51.46013421803912],
            [-3.190676480639649, 51.463050327659744],
            [-3.189577559819455, 51.4645727620522],
            [-3.1893252464811295, 51.465819987880685],
            [-3.189733203151774, 51.46799369777468],
            [-3.1894943364169706, 51.46813666589348],
            [-3.188890367603084, 51.468484666505404],
            [-3.186468623092547, 51.46994251770475],
            [-3.185924672210941, 51.47028045377072],
            [-3.1839010337811313, 51.471484336904105],
            [-3.183202073131981, 51.47190933874695],
            [-3.182978118764406, 51.47204036340082],
            [-3.182748075413164, 51.47216425550418],
            [-3.1825972105307, 51.47220426297073],
            [-3.1823712755563616, 51.47221427499679],
            [-3.1822651438528538, 51.47239734211635],
            [-3.182225225586171, 51.47249620635457],
            [-3.1822201887330626, 51.47276916232374],
            [-3.1822292788643196, 51.47279217992182],
            [-3.180568434852601, 51.47472698575152],
            [-3.179637554234126, 51.47485001423633],
            [-3.178989678059139, 51.47486408479448],
            [-3.178243855413118, 51.47472600369452],
            [-3.1779417659526343, 51.47407208920578],
            [-3.177701700156887, 51.473735145750794],
            [-3.1776837065935606, 51.47366824672469],
            [-3.1769538413881744, 51.47230331821023],
            [-3.1767328196757236, 51.47177141632304],
            [-3.176521951547237, 51.47140450394524],
            [-3.176139850353023, 51.47064950901558],
            [-3.175821912914757, 51.470233674365076],
            [-3.1756869604322584, 51.47010860131231],
            [-3.1754409424626795, 51.46993069020601],
            [-3.175083972587935, 51.469754700080166],
            [-3.1743260790498127, 51.468929821557346],
            [-3.17400105599422, 51.468107887287886],
            [-3.17390895937601, 51.46781792050757],
            [-3.1735430782524205, 51.46667106579308],
            [-3.1736039873991886, 51.464994179098106],
            [-3.1742969516932384, 51.46423533336499],
            [-3.1753297045529876, 51.46379336992406],
            [-3.175936718208451, 51.46346141417293],
            [-3.1770285459318144, 51.46311235916532],
            [-3.1781274429191764, 51.46306634131423],
            [-3.1787943220957873, 51.46274042296779],
            [-3.178971286226612, 51.462552420069045],
            [-3.179260239585121, 51.461610574448606],
            [-3.1794672340680368, 51.460175804688426],
            [-3.1793720693575405, 51.459521878475336],
            [-3.1792371837543145, 51.45829295672964],
            [-3.179225130299878, 51.4573451463031],
            [-3.1790380978941455, 51.45661112621589],
            [-3.1785571446398353, 51.45616114992024],
            [-3.1776653447635534, 51.45699395603469],
            [-3.176885390251568, 51.45660299648882],
            [-3.1764223880406175, 51.456072263371574],
            [-3.176409424389317, 51.45606627895097],
            [-3.17639732409826, 51.45606028586409],
            [-3.176385367703159, 51.45605429133181],
            [-3.176373385884533, 51.45604730793858],
            [-3.176362265114568, 51.456040225983195],
            [-3.1763512905522435, 51.45603323247899],
            [-3.176340315993273, 51.45602623897372],
            [-3.1763303486864527, 51.456019235359],
            [-3.176320355957218, 51.456011242883704],
            [-3.1763143269200387, 51.45600626789422],
            [-3.1763093051325817, 51.456001282796215],
            [-3.1763042833462247, 51.455996297698],
            [-3.176299403142204, 51.45599122125918],
            [-3.1762933741099575, 51.45598624626857],
            [-3.176288326902252, 51.45598027230989],
            [-3.1762834490130585, 51.45597528576672],
            [-3.176278427232399, 51.45597030066732],
            [-3.176273403141529, 51.45596522567138],
            [-3.17626737411556, 51.45596025067936],
            [-3.1762613450909067, 51.45595527568703],
            [-3.176255341491577, 51.455951289554136],
            [-3.1762483029109383, 51.4559462347725],
            [-3.176241435959249, 51.455942257302574],
            [-3.1762333901345112, 51.4559372126276],
            [-3.176225372046111, 51.4559332467082],
            [-3.176217353959095, 51.45592928078822],
            [-3.176209333562285, 51.45592522497135],
            [-3.176201459370442, 51.45592125760635],
            [-3.176192315571236, 51.45591829209557],
            [-3.1761814173313088, 51.45591426515437],
            [-3.176170400623076, 51.45591122851581],
            [-3.1761593862273756, 51.45590828177254],
            [-3.176148487992692, 51.45590425482821],
            [-3.1761374712890156, 51.45590121818651],
            [-3.1761264314766255, 51.45589728258029],
            [-3.1760944054151907, 51.45588321679649],
            [-3.176063456562707, 51.455866262770776],
            [-3.1751415418109676, 51.45564027955979],
            [-3.1751155074083566, 51.4556353252324],
            [-3.1750925201319453, 51.45563132946641],
            [-3.1750685256188547, 51.45562734379335],
            [-3.1750455360415453, 51.4556232581217],
            [-3.1750205850902304, 51.455621260256585],
            [-3.1748586355645267, 51.455603281148115],
            [-3.174703434426105, 51.455590269679334],
            [-3.17467558028869, 51.45558731172113],
            [-3.174647605344224, 51.455585254162266],
            [-3.1746205214469656, 51.45558426670185],
            [-3.1745935814421786, 51.45558327779324],
            [-3.174567504786869, 51.45558228022715],
            [-3.1745426046504748, 51.45558225998089],
            [-3.1743706168343886, 51.45557130459038],
            [-3.1741576489611347, 51.45558431837365],
            [-3.1741435683648236, 51.45558526869572],
            [-3.1740846351645673, 51.455588286842556],
            [-3.174024500073422, 51.455589338768284],
            [-3.1739635670924713, 51.45558734139054],
            [-3.173922614267264, 51.45558433460338],
            [-3.1738625847421837, 51.45557828174634],
            [-3.173804665168641, 51.455570319419316],
            [-3.1737446633523168, 51.45556534525882],
            [-3.1737215830729215, 51.455563328385296],
            [-3.1736476699332017, 51.45556029186468],
            [-3.173574673188226, 51.455559314271426],
            [-3.173501684739201, 51.45556427123811],
            [-3.173485591960285, 51.45556533154565],
            [-3.1734457584671403, 51.45557229445293],
            [-3.1734056648465128, 51.455580338984944],
            [-3.1733677549451285, 51.45558935075802],
            [-3.1733307590987425, 51.4556003315985],
            [-3.173328769977885, 51.455601340624455],
            [-3.173294704968443, 51.455614360264526],
            [-3.173261644875429, 51.455627279916406],
            [-3.173228640090926, 51.455642357073714],
            [-3.17315183990756, 51.45567828428862],
            [-3.1730736813594653, 51.45571737222997],
            [-3.1729977041065904, 51.45575733748496],
            [-3.1729937258363776, 51.45575935552567],
            [-3.1728917286059373, 51.45581738515881],
            [-3.1727928012510693, 51.455877272295965],
            [-3.172695799543908, 51.45593929815102],
            [-3.172592812941914, 51.45600929671253],
            [-3.1724868042705996, 51.45607932541093],
            [-3.1724499196439373, 51.45610028592305],
            [-3.172331810750155, 51.45616432098431],
            [-3.172219871739971, 51.456233239795345],
            [-3.172180942537683, 51.456264291652566],
            [-3.1721359099747106, 51.45630430655985],
            [-3.172092917182657, 51.45634529016725],
            [-3.172044809718505, 51.456383267637214],
            [-3.1720208037221833, 51.45640131173258],
            [-3.171966965702137, 51.45644033558301],
            [-3.171905945508663, 51.45647430580326],
            [-3.171876865085562, 51.45648529696143],
            [-3.171843899499183, 51.456496326953605],
            [-3.1718109315942122, 51.45650726704008],
            [-3.171808917071878, 51.456507287179306],
            [-3.171722960310351, 51.45653422311263],
            [-3.17163390568548, 51.45655822260389],
            [-3.1715449695381883, 51.45658123172848],
            [-3.1714539658300698, 51.45660219330005],
            [-3.1714499620973022, 51.45660322242761],
            [-3.171324071218182, 51.45663325474382],
            [-3.1711949109198314, 51.45665927321435],
            [-3.1710620645768506, 51.45667624649954],
            [-3.171019995376853, 51.45668026356935],
            [-3.1709589274204344, 51.456684290579425],
            [-3.1708999570013074, 51.45668029377047],
            [-3.17089198755474, 51.456678215311264],
            [-3.17087096402198, 51.456672220872605],
            [-3.1708500337739447, 51.45666424726966],
            [-3.170830974167794, 51.45665625497781],
            [-3.1708100186269728, 51.45664729250604],
            [-3.1707889928183914, 51.45664120815598],
            [-3.1707600527953987, 51.45663520285005],
            [-3.170726101763854, 51.45663023670025],
            [-3.170692988804376, 51.45662427305605],
            [-3.1706609741044542, 51.45661623028582],
            [-3.1706241096745216, 51.456604279483294],
            [-3.170587023162377, 51.45658927362455],
            [-3.1705509692388634, 51.45657524655677],
            [-3.170481978840401, 51.45654527294901],
            [-3.1704370186189554, 51.4565262992903],
            [-3.1703510514417874, 51.45648534510672],
            [-3.170267046049055, 51.45644230312598],
            [-3.170186014304991, 51.4563973430897],
            [-3.1701060809901453, 51.45635030388436],
            [-3.170028162354179, 51.45630324451458],
            [-3.1699501022835763, 51.45625627642441],
            [-3.169828147908323, 51.45618133180419],
            [-3.1696851506191206, 51.45608834338933],
            [-3.169552243915322, 51.455990308547435],
            [-3.1694920726534423, 51.45593929512308],
            [-3.169426153268025, 51.45587736883793],
            [-3.169363111909844, 51.45581541380397],
            [-3.169303208780608, 51.45575234839624],
            [-3.169250191956551, 51.45568840499001],
            [-3.1691781796551943, 51.45559641631418],
            [-3.169098185531986, 51.45550747454771],
            [-3.169064170183331, 51.4554774210226],
            [-3.1690122395155673, 51.45543342880257],
            [-3.1689572191415594, 51.45539243471578],
            [-3.1688972109146296, 51.45535337865292],
            [-3.168855147910953, 51.45532942992643],
            [-3.168810204838107, 51.45530541998417],
            [-3.1687822126488263, 51.45529140190641],
            [-3.1686612317689327, 51.455237487530816],
            [-3.168549306325473, 51.45517745814878],
            [-3.1685371567745144, 51.4551694865165],
            [-3.1684973183102825, 51.45514245822249],
            [-3.1684593527622735, 51.45511550116423],
            [-3.16842620146665, 51.455085438841294],
            [-3.1684011784836015, 51.45505241806196],
            [-3.1684002898898007, 51.45505143780506],
            [-3.16839116978721, 51.45503246578173],
            [-3.1683851900176796, 51.45501247334064],
            [-3.1683812499646513, 51.45499344968197],
            [-3.1683801647539616, 51.45497349837147],
            [-3.1683812378905136, 51.45495352554672],
            [-3.1683842068451447, 51.45493452293899],
            [-3.1683893088886714, 51.45491450995414],
            [-3.1683971723784823, 51.454895548476735],
            [-3.16840618468213, 51.454876485627736],
            [-3.168420278279065, 51.45485350558815],
            [-3.168434185099343, 51.45483448386648],
            [-3.1684512597687435, 51.45481552048387],
            [-3.168470230239032, 51.45479752731453],
            [-3.168490233173981, 51.45478051296404],
            [-3.168515299765654, 51.45476452716423],
            [-3.1687221553523925, 51.45464754770429],
            [-3.1688361808679404, 51.45460954372346],
            [-3.16884412989366, 51.454599573311675],
            [-3.168853111398811, 51.45459058171802],
            [-3.1688612020095057, 51.45458051997364],
            [-3.168872164992689, 51.454564584817305],
            [-3.168880220342674, 51.4545475097018],
            [-3.168880169815892, 51.454545531976564],
            [-3.168886213018987, 51.454528566845575],
            [-3.168890264747994, 51.45451252076884],
            [-3.1688942229994144, 51.454481548986145],
            [-3.1688971136256403, 51.45445948988098],
            [-3.1689022405422147, 51.454423560870566],
            [-3.1689061259712417, 51.4543784724506],
            [-3.168906123775454, 51.45428261827713],
            [-3.168907184719286, 51.45419457649742],
            [-3.168902063801108, 51.454095536264745],
            [-3.1688951351937207, 51.45400460681339],
            [-3.1688851546654333, 51.45395758851763],
            [-3.1688791219014396, 51.45391862360903],
            [-3.168876171273335, 51.45388763080102],
            [-3.168875227470702, 51.45386758816112],
            [-3.168875240347423, 51.45384555775162],
            [-3.1688761212377217, 51.45384060339389],
            [-3.1688801652230265, 51.453818622704674],
            [-3.168886248872591, 51.453797610789756],
            [-3.168894177771948, 51.45377559135827],
            [-3.1689041210670577, 51.4537535518377],
            [-3.168911027476785, 51.45373657809449],
            [-3.16893122407977, 51.45370463509229],
            [-3.168950125683676, 51.45367270500116],
            [-3.1689760829217692, 51.453629644439765],
            [-3.1690040568042166, 51.453586653679025],
            [-3.169029185903755, 51.453550615086755],
            [-3.1690551805721285, 51.453514657775294],
            [-3.169077060781331, 51.45348665441311],
            [-3.1691061274955894, 51.45345264467869],
            [-3.1691341441593424, 51.453422601869434],
            [-3.169190078598245, 51.453358650676805],
            [-3.1692210584538145, 51.453320665370036],
            [-3.1692731307438766, 51.45325765185672],
            [-3.1693271161825938, 51.45319066277412],
            [-3.1693560386415482, 51.45315665441385],
            [-3.1693770198709266, 51.453121646238],
            [-3.169404046486692, 51.453086667664316],
            [-3.1694330368854606, 51.453049691261675],
            [-3.1694950057959965, 51.45297974502108],
            [-3.1695530041154143, 51.45291775128403],
            [-3.1696080390714285, 51.4528637000062],
            [-3.1696450714206956, 51.45283167879546],
            [-3.1697070323242147, 51.45277270270138],
            [-3.169807014448599, 51.452669736142354],
            [-3.1699050401629925, 51.45257470194139],
            [-3.1700060892904123, 51.45247972739546],
            [-3.1700830147110404, 51.45240378676475],
            [-3.1701320155553656, 51.452355820077486],
            [-3.1701720253421937, 51.45231082055612],
            [-3.1702249837668335, 51.45224878686894],
            [-3.170254023561191, 51.45221378799074],
            [-3.1702789390483894, 51.452180718593965],
            [-3.170301935764555, 51.45214578003905],
            [-3.1703419951543887, 51.45208585331606],
            [-3.170349933244764, 51.45206985829446],
            [-3.170357896622734, 51.45205485213484],
            [-3.1703619072214613, 51.452042852788544],
            [-3.1703699284127502, 51.4520188540955],
            [-3.170375019102861, 51.451992816513574],
            [-3.1703768714874756, 51.45198083871668],
            [-3.1703798972598576, 51.451952843522704],
            [-3.170379899246894, 51.4519247886021],
            [-3.170376879753539, 51.4518967638514],
            [-3.170367968422734, 51.451857827745556],
            [-3.1703588783969936, 51.45182878457418],
            [-3.1703459312223106, 51.45180085895004],
            [-3.1703308488619384, 51.45177385383937],
            [-3.170328968253767, 51.451767848006575],
            [-3.170310957740128, 51.45173889389994],
            [-3.1702899234818926, 51.451709880061394],
            [-3.1702669002302994, 51.451681875192776],
            [-3.170236925783841, 51.45165780626145],
            [-3.17021493006046, 51.4516418403444],
            [-3.1701899358795, 51.45162680355423],
            [-3.170162954994303, 51.45161286562747],
            [-3.170134989960693, 51.451599836714976],
            [-3.1701050359231324, 51.45158781676697],
            [-3.1700749380221946, 51.45157579824747],
            [-3.170032989188868, 51.4515618298702],
            [-3.1699919542241024, 51.451549830586075],
            [-3.1699489302594754, 51.45153884025609],
            [-3.169903967859093, 51.451530836603595],
            [-3.169859868747475, 51.4515228243176],
            [-3.169814956939586, 51.45151679835635],
            [-3.169777988356394, 51.45151186205828],
            [-3.169724900754765, 51.451506906772586],
            [-3.169670881845631, 51.4515049281019],
            [-3.1696180392480113, 51.451503926783346],
            [-3.169564959445515, 51.45150490603805],
            [-3.1695119324866052, 51.45150795289121],
            [-3.1694580146763616, 51.45150992957407],
            [-3.1693499670953353, 51.45151685232517],
            [-3.16930305882999, 51.45152280538599],
            [-3.16924401188757, 51.45152681136877],
            [-3.1691860501857865, 51.45153386376116],
            [-3.1691580626989575, 51.451536840520696],
            [-3.1691320895140174, 51.45153979718172],
            [-3.169106025274632, 51.45154482289484],
            [-3.1690801301734464, 51.45155083603019],
            [-3.1690340698484567, 51.451561816020416],
            [-3.1689870023475213, 51.45157280603733],
            [-3.168834062108462, 51.45161389586352],
            [-3.168643040247644, 51.45166282850629],
            [-3.168455109864885, 51.451708852592205],
            [-3.1684061716360046, 51.45171986102348],
            [-3.1682621586575843, 51.45174989092417],
            [-3.1682111784796847, 51.45175984059151],
            [-3.168153148171697, 51.451769860499866],
            [-3.1680391447045158, 51.451785923270364],
            [-3.1679890958704404, 51.451792896214876],
            [-3.167933069930893, 51.45179687143164],
            [-3.1678812692702274, 51.45180287267086],
            [-3.1678341759996558, 51.45181287336439],
            [-3.167776188470655, 51.45181893619962],
            [-3.167726258202615, 51.451824918735454],
            [-3.1676222909915075, 51.4518338673883],
            [-3.167460328625376, 51.451842944014146],
            [-3.1673532595657745, 51.45184877613963],
            [-3.1672961758839007, 51.451850783356214],
            [-3.1672422346254328, 51.45185186005612],
            [-3.167189273006867, 51.45185184794154],
            [-3.1670791772469244, 51.45185186518669],
            [-3.166933321834695, 51.451854846016026],
            [-3.166600315574499, 51.45186679315955],
            [-3.1662203950189705, 51.45187884647131],
            [-3.165800380168115, 51.45189885058049],
            [-3.165398473244227, 51.4519178638674],
            [-3.1653225364685316, 51.4519198777322],
            [-3.165246572213514, 51.451920812786746],
            [-3.165170559882008, 51.45191985996012],
            [-3.165088527467319, 51.45191986611945],
            [-3.1650074770369816, 51.451918873346415],
            [-3.1649266617301026, 51.451915810031664],
            [-3.164838535996698, 51.45191389834606],
            [-3.1647494920671435, 51.45190983765016],
            [-3.164661576313425, 51.451904866481556],
            [-3.164593520640505, 51.451899877761385],
            [-3.1645246016998345, 51.45189489757856],
            [-3.1644566876479456, 51.45188981745251],
            [-3.164388581689933, 51.45188285088381],
            [-3.1642856908084243, 51.45187191366997],
            [-3.164234592505903, 51.45186594702388],
            [-3.1641846200987, 51.45185898005818],
            [-3.1641336382577787, 51.45185193317729],
            [-3.164082580960297, 51.45184191967985],
            [-3.1640326747260596, 51.45183189472898],
            [-3.16398271820312, 51.451819892027096],
            [-3.163932617826007, 51.45180789073248],
            [-3.1638836433622903, 51.45179488912186],
            [-3.1638216419841965, 51.451778959575755],
            [-3.1637617462610867, 51.45176094094179],
            [-3.1637007246946016, 51.451743922569534],
            [-3.1636406851843355, 51.4517259053015],
            [-3.163580645720957, 51.45170788800234],
            [-3.1635217847732973, 51.451690938007864],
            [-3.1634617705455788, 51.451673909512145],
            [-3.1634037455345427, 51.45165587212688],
            [-3.1633406093603833, 51.45163491809844],
            [-3.1632787407340346, 51.45161287242209],
            [-3.1632177377288646, 51.451590908042206],
            [-3.1631567096448476, 51.451567954765],
            [-3.163090737169268, 51.45154298237094],
            [-3.1630267288059484, 51.45151601222188],
            [-3.162898879030469, 51.45146296935801],
            [-3.1628236871224615, 51.45143197375715],
            [-3.162748757945496, 51.45139998638735],
            [-3.1626738288728586, 51.451367998968834],
            [-3.1626007429183094, 51.45133491418688],
            [-3.1625317153600476, 51.45130295806091],
            [-3.1624628043707554, 51.45126992170427],
            [-3.16224973681778, 51.45116503043763],
            [-3.16217885536186, 51.451128056995394],
            [-3.162169923543207, 51.45112203103009],
            [-3.16216384417167, 51.451114987667104],
            [-3.1621577670852044, 51.45110803420067],
            [-3.1621548553155376, 51.45110104934955],
            [-3.162150909003192, 51.451092995721815],
            [-3.162147803128003, 51.45108403456589],
            [-3.1621468805369126, 51.45107604087719],
            [-3.162146821213257, 51.451068038629174],
            [-3.1621488264088216, 51.45106199414057],
            [-3.1621497993443537, 51.451054970772226],
            [-3.162150815812462, 51.451026995726735],
            [-3.162151788885283, 51.45066299189629],
            [-3.162155871559632, 51.45042709252585],
            [-3.162161908909391, 51.45021716050649],
            [-3.1621697288480926, 51.45015108204115],
            [-3.162172801123047, 51.45005106106947],
            [-3.162177771819852, 51.44985013156471],
            [-3.1621797435297805, 51.44971811014827],
            [-3.162181727060358, 51.44952422397449],
            [-3.162186729513038, 51.44934721273276],
            [-3.1621937824182633, 51.4492112743822],
            [-3.162199792018223, 51.44901725835121],
            [-3.162199749037677, 51.44895323606538],
            [-3.1621997082326154, 51.44890629847003],
            [-3.1621998592441374, 51.44886124728269],
            [-3.162197674224932, 51.448792210740564],
            [-3.1621946631569733, 51.4486283172696],
            [-3.162187681272098, 51.44840439690958],
            [-3.162181729024608, 51.44823234991248],
            [-3.1621827025008398, 51.448140352559214],
            [-3.1621837351736977, 51.448073352253274],
            [-3.1621876889836034, 51.44795138213415],
            [-3.1621788432034057, 51.44781838890309],
            [-3.162177752695897, 51.447673449389335],
            [-3.162167712787997, 51.44752742965581],
            [-3.162160628027927, 51.44736744308434],
            [-3.16216274339638, 51.44726940978502],
            [-3.162154788167071, 51.4471714763385],
            [-3.1621426658244416, 51.44702844458534],
            [-3.162131712647105, 51.446897450457655],
            [-3.1621167587302668, 51.44676757502904],
            [-3.1621106787611404, 51.446641478152266],
            [-3.16209269299636, 51.44645453384605],
            [-3.162073581425836, 51.446285584609704],
            [-3.1620586582286987, 51.44609456354246],
            [-3.162050751946589, 51.4459475334939],
            [-3.162045676743803, 51.44584966138552],
            [-3.162044669898697, 51.44583267656644],
            [-3.1620436607719093, 51.445815601850335],
            [-3.1620446679866094, 51.44579859706261],
            [-3.162045650092808, 51.445780603408345],
            [-3.162042595390208, 51.44572263556137],
            [-3.162016660954121, 51.44557965078426],
            [-3.161992580616745, 51.445458677916456],
            [-3.161975711307035, 51.44536667757975],
            [-3.161941720487184, 51.445274757059266],
            [-3.161906711460136, 51.44517673208958],
            [-3.1618747163585743, 51.44510673214439],
            [-3.1618397756275773, 51.445039728736404],
            [-3.161802610848548, 51.44497580462992],
            [-3.161402616315466, 51.444568836368006],
            [-3.1616187589532907, 51.44466578576893],
            [-3.161959598777588, 51.44485672345614],
            [-3.162184642361374, 51.44498676390644],
            [-3.1626814876444764, 51.44522371994398],
            [-3.1633296158418576, 51.44550763907834],
            [-3.1636995340917546, 51.445630573646866],
            [-3.1640534512547127, 51.445746652243095],
            [-3.16469945623722, 51.44594651009552],
            [-3.165325326106511, 51.4461465645971],
            [-3.1659191780903577, 51.44636051213526],
            [-3.1663061726300623, 51.4465374901629],
            [-3.1666211108678803, 51.44672147852864],
            [-3.1669792478702505, 51.44700241887787],
            [-3.167232051336762, 51.44718738392007],
            [-3.1676620036216345, 51.447389376926665],
            [-3.1679951328082043, 51.44749629912982],
            [-3.1683580839252294, 51.44757630691725],
            [-3.168980875771697, 51.447654351761074],
            [-3.1696627995327633, 51.44764736870016],
            [-3.1704357771907046, 51.447588308177856],
            [-3.1709717523242054, 51.44751830248321],
            [-3.1713526600349855, 51.44745631836845],
            [-3.1717536227765404, 51.44736832558325],
            [-3.1723995233094073, 51.44717429418799],
            [-3.1730033995297844, 51.446935360291704],
            [-3.1733513866185925, 51.44679636821318],
            [-3.1737203844135506, 51.44670239427542],
            [-3.1741623017447096, 51.44660139431499],
            [-3.1746982593691775, 51.44653137168136],
            [-3.1751112582771484, 51.4465203977864],
            [-3.175568143163726, 51.4465933269226],
            [-3.176035095928617, 51.44666039840389],
            [-3.1768370041064555, 51.44691032896575],
            [-3.1777559859443616, 51.44726931922812],
            [-3.178182811198389, 51.44742625547579],
            [-3.17935767570196, 51.44767916323457],
            [-3.1801146371490283, 51.447775131615394],
            [-3.180352613205947, 51.44777911958784],
            [-3.180672686228725, 51.44776915183973],
            [-3.180960549501496, 51.4477211120525],
            [-3.181371415326471, 51.447627141748875],
            [-3.1821943373517376, 51.44746319335267],
            [-3.182924294421204, 51.44732715336177],
            [-3.1832223245605458, 51.4472662367873],
            [-3.183967136133765, 51.44726518965637],
            [-3.1848470828239512, 51.447320140573154],
            [-3.185448013534871, 51.44739211454454],
            [-3.1857179989033595, 51.44745412577268],
            [-3.185978943585963, 51.447528187185114],
            [-3.1864289269883623, 51.447750140903864],
            [-3.1899235798842707, 51.45004480449083],
            [-3.1901786166934665, 51.45029479955459],
            [-3.190596447937019, 51.450971697913204],
            [-3.1908655644834107, 51.45133655576798],
            [-3.191062433700405, 51.451673552708655],
            [-3.1911645968576443, 51.451993527861234],
            [-3.191407460131133, 51.45232250352631],
            [-3.1917193805849298, 51.45265041690626],
            [-3.1920584218269483, 51.453052417224704],
            [-3.1924944113338003, 51.45350729216489],
            [-3.1930144193280037, 51.45402128678995],
            [-3.1934493023675294, 51.45447715855355],
            [-3.193891276268529, 51.45476318812134],
            [-3.19411636799748, 51.454884175103665],
            [-3.1941721959933593, 51.45492218188752],
            [-3.1942212723053363, 51.45496619213261],
            [-3.194262169032364, 51.455022155094696],
            [-3.194293277587274, 51.455089098055346],
            [-3.1943173092401156, 51.45517715432008],
            [-3.1943313548210712, 51.4552741244586],
            [-3.194331191323723, 51.45536710306994],
            [-3.194316254959069, 51.455473090716865],
            [-3.19429017017401, 51.45558206937996],
            [-3.1942583287880804, 51.45568004656731],
            [-3.1942084047744155, 51.45579106648708],
            [-3.19413331677673, 51.4559140323009],
            [-3.194049344595876, 51.456021982060925],
            [-3.1938343501149937, 51.45624402554162],
            [-3.193744345669866, 51.45634700100975],
            [-3.193658437031999, 51.456458027465146],
            [-3.1935684417066224, 51.45658896771058],
            [-3.193484412697293, 51.456727939902194],
            [-3.1934213747050024, 51.456855008758765],
            [-3.1933794390176, 51.45696891430767],
            [-3.1933515063621165, 51.45707890065292],
            [-3.1933384402191947, 51.45718495901431],
            [-3.193338520126202, 51.45729286176985],
            [-3.1933534025807604, 51.45739989446618],
            [-3.193380453842348, 51.457498890341185],
            [-3.193424449021569, 51.4576018500014],
            [-3.1934804716181033, 51.457696864175524],
            [-3.1935385099856433, 51.45776982748669],
            [-3.193587406543684, 51.45781788619949],
            [-3.1936253890279307, 51.457844834997225],
            [-3.1937214419711344, 51.45789079489613],
            [-3.193807408229773, 51.457919772715336],
            [-3.1941734571901628, 51.458008751231596],
            [-3.194288461597874, 51.45803077881075]
          ]
        ]
      }
    },
    {
      "type": "Feature",
      "properties": { "CATCHMENT_NAME": "MOORLAND PRIMARY", "URN": "6812037" },
      "geometry": {
        "type": "Polygon",
        "coordinates": [
          [
            [-3.1619658897680365, 51.48006062149796],
            [-3.1610229295808496, 51.48046264008472],
            [-3.1596641652566926, 51.48108457035484],
            [-3.158647271935338, 51.48156553045399],
            [-3.1580242707496815, 51.48184351095218],
            [-3.157465408685954, 51.48216941116644],
            [-3.157091499531568, 51.48240050719481],
            [-3.156314557938581, 51.48283339949536],
            [-3.1555547860570003, 51.483376358010936],
            [-3.155341740553127, 51.48352835257381],
            [-3.1535010136722694, 51.485118170704226],
            [-3.1531179057931675, 51.485403115814634],
            [-3.1523031596472473, 51.485054148043936],
            [-3.15181623007617, 51.48487720656723],
            [-3.15205418967992, 51.48462732173237],
            [-3.1515301602757035, 51.48443527756355],
            [-3.151295147709901, 51.48468216507215],
            [-3.1505433174766773, 51.48439425167806],
            [-3.1507762897546567, 51.484146306672905],
            [-3.1497023546916756, 51.48373440367098],
            [-3.1494544693361712, 51.48397934559345],
            [-3.147854571815041, 51.483365497850464],
            [-3.147353579268798, 51.48386036995455],
            [-3.146881676629808, 51.4837644577882],
            [-3.146476817778447, 51.48409635175725],
            [-3.1460438813604683, 51.48412432310267],
            [-3.145923724175262, 51.48347340565111],
            [-3.1455667324627465, 51.48165864378132],
            [-3.1452457476898306, 51.480164809098405],
            [-3.145430657642354, 51.479009971734],
            [-3.144045651255812, 51.477916862490474],
            [-3.142219774237005, 51.47606776806353],
            [-3.1407916910697926, 51.47445917478754],
            [-3.1407950904653057, 51.47317006262386],
            [-3.1325367283268206, 51.46564577234863],
            [-3.132831744089163, 51.46554868655435],
            [-3.133183561823811, 51.46540267446172],
            [-3.133347555595218, 51.465310720364954],
            [-3.1336116352844616, 51.465173737843756],
            [-3.1337705911933704, 51.465116720475486],
            [-3.1337966777097552, 51.46509470774617],
            [-3.133942477529217, 51.46493674831465],
            [-3.134621512107646, 51.46450683866424],
            [-3.1349864513476158, 51.46425782660703],
            [-3.135130431325707, 51.46417181857261],
            [-3.1352243087057174, 51.46410877535882],
            [-3.135364329311654, 51.46399088408479],
            [-3.1358032681402626, 51.46364395010087],
            [-3.136122322777087, 51.46336795366671],
            [-3.1363782105376767, 51.46312799685314],
            [-3.136519232257739, 51.46295794134644],
            [-3.1369120862526976, 51.462553002435946],
            [-3.1369770756399884, 51.462492036340386],
            [-3.137262065487285, 51.462265013371244],
            [-3.1374110677914073, 51.462115111133386],
            [-3.1374589785180467, 51.46206204352537],
            [-3.1375040960804674, 51.46199506552974],
            [-3.137745021728066, 51.46172710611295],
            [-3.1379529552347827, 51.461458117676514],
            [-3.1382518893417, 51.46108618695612],
            [-3.1384339580028384, 51.46081924715582],
            [-3.1385557724020083, 51.46067617154292],
            [-3.139044918730992, 51.460278292680606],
            [-3.1390757783458363, 51.46023429207179],
            [-3.1390827399591963, 51.46021327324635],
            [-3.1390926941728616, 51.46013323833676],
            [-3.139133730141775, 51.46009327510461],
            [-3.139206839446969, 51.46005228080073],
            [-3.139241802039133, 51.46001120760433],
            [-3.1392497485040436, 51.45998928000398],
            [-3.1392596970142925, 51.459770319940475],
            [-3.1392676597181652, 51.45974326678455],
            [-3.139289744356216, 51.459705286066836],
            [-3.1393057309658534, 51.45968831579259],
            [-3.1394167088336484, 51.45960738882648],
            [-3.139491677974972, 51.45953130776249],
            [-3.1395506241863207, 51.45943029495392],
            [-3.139595710592119, 51.45928139999083],
            [-3.1397376975164826, 51.45911636651356],
            [-3.13979468789542, 51.459000445995706],
            [-3.139803628912747, 51.45896645950451],
            [-3.13981272039944, 51.45886341357652],
            [-3.1397906458907303, 51.45875734368617],
            [-3.1397747509820366, 51.45871442692723],
            [-3.13966467941447, 51.45852540789067],
            [-3.139652655493832, 51.45849342362533],
            [-3.1396516157601497, 51.458457466037956],
            [-3.139664598376828, 51.45841238019308],
            [-3.1397325475792894, 51.45829149750125],
            [-3.1397246105942007, 51.45824445699008],
            [-3.1396645931200866, 51.45816950836808],
            [-3.1396566970715063, 51.4581414404145],
            [-3.1396706930261558, 51.45812547854969],
            [-3.1397405914730996, 51.4580944062221],
            [-3.1397616122132406, 51.458071542179106],
            [-3.1397607017582305, 51.45804655348111],
            [-3.1397135985921194, 51.457981550265565],
            [-3.13969358186577, 51.45794649654265],
            [-3.139690706115493, 51.45792350517559],
            [-3.1397125756543494, 51.457888493789056],
            [-3.1398306079536393, 51.457790503059485],
            [-3.1400276961586733, 51.45760155434111],
            [-3.1400825970063564, 51.45754050471459],
            [-3.140093539897125, 51.45751755878929],
            [-3.1400926148029424, 51.45750354038285],
            [-3.140082621822561, 51.457489520254114],
            [-3.1400356953917448, 51.45746048314686],
            [-3.139951482332836, 51.457419579625636],
            [-3.1398535945570556, 51.45737862918376],
            [-3.139676548703331, 51.45732055439382],
            [-3.139505683153357, 51.45725054991472],
            [-3.1393357429779676, 51.45719456359722],
            [-3.139273650426212, 51.45715758086549],
            [-3.139257659447957, 51.457139662516155],
            [-3.1392467934676738, 51.45711369154012],
            [-3.1392386679099538, 51.45707060926954],
            [-3.139244694220626, 51.45702361284602],
            [-3.1392597243794804, 51.45698561075642],
            [-3.139343657398658, 51.45687662208652],
            [-3.1393807199270656, 51.45676970750594],
            [-3.1393756315251546, 51.45655961564356],
            [-3.1393516783998963, 51.45646471388775],
            [-3.139307607853496, 51.45638268628063],
            [-3.139212566507465, 51.456305650012744],
            [-3.1391956056661963, 51.456277670121395],
            [-3.1391957593728543, 51.45620870054714],
            [-3.139202609400106, 51.456194786405185],
            [-3.1392715372761004, 51.45615374273172],
            [-3.1393866294352932, 51.45612277084431],
            [-3.139493675849136, 51.456057707734466],
            [-3.1395196705911133, 51.45602076796311],
            [-3.1395256420588784, 51.45589068663643],
            [-3.1395075974739575, 51.45562272276563],
            [-3.1395166253917206, 51.45539576864806],
            [-3.1395754917095506, 51.455210861820284],
            [-3.1395744767827316, 51.45517589308426],
            [-3.1395635781069737, 51.455142818824214],
            [-3.1395466236222873, 51.455120863509634],
            [-3.139533514982903, 51.45510885184538],
            [-3.1394665613229833, 51.45507884025631],
            [-3.139371663900013, 51.45502482204858],
            [-3.1393645309985736, 51.455015809534686],
            [-3.139331688458602, 51.45490489860825],
            [-3.1393316009901486, 51.454860928924894],
            [-3.1393555919572904, 51.454760885313796],
            [-3.1393816231325014, 51.45471387424786],
            [-3.139445583430503, 51.45461793805106],
            [-3.139709587680561, 51.45430200259236],
            [-3.1398265509332144, 51.454097917390015],
            [-3.1398475557574885, 51.454010940998366],
            [-3.139894498313473, 51.453879022464385],
            [-3.1399196082815153, 51.453719980764305],
            [-3.139920550787816, 51.45359606278388],
            [-3.1399434406016113, 51.45342301524832],
            [-3.1400125331790294, 51.45322703851369],
            [-3.1402444800184957, 51.45265316520943],
            [-3.140334487023291, 51.45240716948173],
            [-3.1404454040176146, 51.45223218634042],
            [-3.140598348325436, 51.45195923163494],
            [-3.1406563229053512, 51.4518832251341],
            [-3.1407833100668303, 51.45178721428565],
            [-3.1408973108125267, 51.45173026478076],
            [-3.1412481503980803, 51.45160222107731],
            [-3.141279232737583, 51.45157323416078],
            [-3.1413912199714926, 51.45134329893193],
            [-3.1574979969571366, 51.46845336696582],
            [-3.15889625966128, 51.46914227095836],
            [-3.1598902108299582, 51.470026777249544],
            [-3.164067524831956, 51.475871122485295],
            [-3.164696342602539, 51.47686603684682],
            [-3.1644444997739005, 51.47696798912725],
            [-3.164332470267421, 51.477114950654055],
            [-3.164335391504694, 51.477223993555],
            [-3.1642364692287757, 51.47734285995366],
            [-3.1638024343934887, 51.47743789783422],
            [-3.1632537097306708, 51.47756994987669],
            [-3.1622736577462107, 51.47786992907635],
            [-3.1614078520278275, 51.47813289057185],
            [-3.1610178157294126, 51.47820886894855],
            [-3.1608138547373525, 51.47818391290898],
            [-3.160538823806666, 51.478240946928516],
            [-3.1604259125684506, 51.478387823444194],
            [-3.1605618378258113, 51.478585918501906],
            [-3.160737911972935, 51.478629764340795],
            [-3.1608838434505246, 51.478654755627126],
            [-3.161109911654133, 51.478988724353336],
            [-3.161174769137861, 51.479251724751464],
            [-3.1617278668908795, 51.47981768109056],
            [-3.1619658897680365, 51.48006062149796]
          ]
        ]
      }
    },
    {
      "type": "Feature",
      "properties": {
        "CATCHMENT_NAME": "BADEN POWELL PRIMARY SCHOOL",
        "URN": "6812009"
      },
      "geometry": {
        "type": "Polygon",
        "coordinates": [
          [
            [-3.1531179057931675, 51.485403115814634],
            [-3.1529771352785025, 51.485509165880764],
            [-3.146515996792422, 51.49078458295804],
            [-3.1468129378208456, 51.49138449462769],
            [-3.1474758258535345, 51.492176488014614],
            [-3.147361962962461, 51.49217949058149],
            [-3.146649000211895, 51.492537418208585],
            [-3.14671808444414, 51.492575317738144],
            [-3.1455940379535567, 51.49316439339711],
            [-3.1447102008181336, 51.49383833442567],
            [-3.144156295883482, 51.494383253270314],
            [-3.1435135191228625, 51.49509017052026],
            [-3.143182626261807, 51.495539034271864],
            [-3.1427895830411994, 51.49607203726331],
            [-3.142127691442282, 51.49708791362879],
            [-3.1418927248935775, 51.49742191211534],
            [-3.141951797742486, 51.4974798738771],
            [-3.1419477777333746, 51.497566864389164],
            [-3.141897837511165, 51.49761491772579],
            [-3.141795825768321, 51.4976488213644],
            [-3.1406119675793325, 51.499588648922334],
            [-3.1403828491339825, 51.499886619820956],
            [-3.1403280897786128, 51.500047657122664],
            [-3.140338921853713, 51.500204549704264],
            [-3.1402459604027904, 51.50019151633647],
            [-3.139968042444076, 51.5002315347858],
            [-3.139764005804249, 51.50047261184304],
            [-3.139790089206923, 51.50055948944671],
            [-3.1397371373773413, 51.50065450861102],
            [-3.1397070874317903, 51.500743550362245],
            [-3.1395281959551995, 51.50089545306667],
            [-3.136803357974154, 51.50019967547023],
            [-3.136018538844549, 51.49994166205629],
            [-3.135269474438179, 51.49970173055578],
            [-3.134237717821468, 51.49917580052141],
            [-3.133563684399191, 51.4984868881358],
            [-3.1331707810779403, 51.497886972314866],
            [-3.132899805707714, 51.496946074702024],
            [-3.132975590714073, 51.496046156151245],
            [-3.133019673680502, 51.49537826410741],
            [-3.1332466322650894, 51.494806346197514],
            [-3.133427634580788, 51.49399640771491],
            [-3.1334255846251198, 51.49377441833],
            [-3.1332644760742334, 51.49369639756744],
            [-3.1331505407780362, 51.49352242706595],
            [-3.1331436302050717, 51.49346449630561],
            [-3.1332895422516933, 51.493243504673224],
            [-3.1334006476689735, 51.49318146586572],
            [-3.1337064755883426, 51.493112508883186],
            [-3.1339235364934677, 51.49294352082228],
            [-3.1337065662415675, 51.49247759213609],
            [-3.1328755013026566, 51.49167869448131],
            [-3.1323176353606126, 51.49137674118846],
            [-3.129374991539654, 51.49013394188048],
            [-3.129118931778927, 51.48998390594504],
            [-3.129182896498688, 51.49000190310688],
            [-3.12866898836718, 51.48984499763131],
            [-3.1282150195762934, 51.48964794893391],
            [-3.127621060954485, 51.489422032231836],
            [-3.1268541470991402, 51.488940067932276],
            [-3.126200469355607, 51.48864557052702],
            [-3.125662298372811, 51.48840310254124],
            [-3.1251968857623735, 51.488096990775404],
            [-3.1246483272186, 51.48773628483168],
            [-3.1242914314938983, 51.48730926688037],
            [-3.124015803219688, 51.48745146344221],
            [-3.116859061537781, 51.48351541703219],
            [-3.109969124311982, 51.47976407017734],
            [-3.109259175516105, 51.47937793468437],
            [-3.1090303407106785, 51.47925268477975],
            [-3.1103367913057913, 51.47857348156685],
            [-3.1106785816902787, 51.478428532077544],
            [-3.1110795811914893, 51.47822547245764],
            [-3.1114455731851045, 51.47805151733823],
            [-3.1119475332476836, 51.47784947573883],
            [-3.1126294484690717, 51.47753350561743],
            [-3.1129233866914787, 51.47736364654415],
            [-3.113366363900909, 51.47715262731926],
            [-3.114265247857085, 51.47667668945615],
            [-3.1146250580412334, 51.47646870381173],
            [-3.115024041025872, 51.47629064711546],
            [-3.115182115328373, 51.476206777932326],
            [-3.115557104855889, 51.47599567767035],
            [-3.115906052429921, 51.47583275080591],
            [-3.1161968957347783, 51.47567271400883],
            [-3.1164369252198276, 51.475489781501636],
            [-3.1167018607397656, 51.47524780433655],
            [-3.116840865879376, 51.47498481635892],
            [-3.116956858905622, 51.47484083024297],
            [-3.11756982121333, 51.47441686592136],
            [-3.1184356585556565, 51.47383591556523],
            [-3.11911355836921, 51.47341896656784],
            [-3.1194364596416637, 51.47320502389011],
            [-3.1200533921605884, 51.47284503065302],
            [-3.1206152903808992, 51.47253105916455],
            [-3.1216792098630703, 51.4719811010921],
            [-3.1221661633341857, 51.47165318232415],
            [-3.1226040698606767, 51.471427249651995],
            [-3.122986972096063, 51.471207147455814],
            [-3.1233029952206715, 51.47098417800796],
            [-3.123600935259211, 51.47074025005744],
            [-3.1237668507631273, 51.47063120655879],
            [-3.125104709527664, 51.46982537879758],
            [-3.1265065661494225, 51.46906540864393],
            [-3.1273214784135988, 51.46854143981256],
            [-3.127493346809582, 51.46842343171332],
            [-3.127634355782797, 51.46833845072425],
            [-3.127768365036621, 51.4682673844306],
            [-3.128072325466197, 51.468117442236064],
            [-3.1285532079991665, 51.46791454228988],
            [-3.128810277159971, 51.467766488277874],
            [-3.128963242556495, 51.467664485755336],
            [-3.1292020540370205, 51.467552574313196],
            [-3.1292931751922817, 51.46750556807523],
            [-3.129484130776995, 51.46738548482918],
            [-3.1295791103889545, 51.46733151742287],
            [-3.1297181602332977, 51.467231626203706],
            [-3.130134063882169, 51.46698654440763],
            [-3.1302761122518747, 51.46689156915308],
            [-3.1306879303817885, 51.46663870179101],
            [-3.1309888767021845, 51.46646666090572],
            [-3.1313198434757625, 51.466268702583086],
            [-3.1315268331226243, 51.4661686929962],
            [-3.131874842088514, 51.466019664393386],
            [-3.1321378879857407, 51.46586965695339],
            [-3.132144700736077, 51.465865724636465],
            [-3.132301766098861, 51.465778694566865],
            [-3.1324218168651146, 51.46570263231176],
            [-3.1325367283268206, 51.46564577234863],
            [-3.1407950904653057, 51.47317006262386],
            [-3.1407916910697926, 51.47445917478754],
            [-3.142219774237005, 51.47606776806353],
            [-3.144045651255812, 51.477916862490474],
            [-3.145430657642354, 51.479009971734],
            [-3.1452457476898306, 51.480164809098405],
            [-3.1455667324627465, 51.48165864378132],
            [-3.145923724175262, 51.48347340565111],
            [-3.1460438813604683, 51.48412432310267],
            [-3.146476817778447, 51.48409635175725],
            [-3.146881676629808, 51.4837644577882],
            [-3.147353579268798, 51.48386036995455],
            [-3.147854571815041, 51.483365497850464],
            [-3.1494544693361712, 51.48397934559345],
            [-3.1497023546916756, 51.48373440367098],
            [-3.1507762897546567, 51.484146306672905],
            [-3.1505433174766773, 51.48439425167806],
            [-3.151295147709901, 51.48468216507215],
            [-3.1515301602757035, 51.48443527756355],
            [-3.15205418967992, 51.48462732173237],
            [-3.15181623007617, 51.48487720656723],
            [-3.1523031596472473, 51.485054148043936],
            [-3.1531179057931675, 51.485403115814634]
          ]
        ]
      }
    },
    {
      "type": "Feature",
      "properties": {
        "CATCHMENT_NAME": "MOUNT STUART PRIMARY SCHOOL",
        "URN": "6812084"
      },
      "geometry": {
        "type": "Polygon",
        "coordinates": [
          [
            [-3.17390895937601, 51.46781792050757],
            [-3.172171263631141, 51.4682048773745],
            [-3.170763368806671, 51.46869291137448],
            [-3.169277552076254, 51.4691357568097],
            [-3.1693986395812166, 51.469321850855366],
            [-3.169211612530225, 51.46937784778958],
            [-3.1689946370513393, 51.46941687856877],
            [-3.168418691970937, 51.469566761060484],
            [-3.16812282084284, 51.46968480631775],
            [-3.1674168199290604, 51.469900721598215],
            [-3.166733889054129, 51.46893891018322],
            [-3.166277901492406, 51.468248911106166],
            [-3.1658239193469337, 51.46763703014562],
            [-3.1656119730586334, 51.467280090046245],
            [-3.1654749871128103, 51.4674070693044],
            [-3.165336002166048, 51.46751212796288],
            [-3.1651461165764294, 51.46763100043302],
            [-3.1650060175358026, 51.46769803390825],
            [-3.165408993771559, 51.46824091747614],
            [-3.1655669840292173, 51.46850299003276],
            [-3.1656000638029926, 51.46872197422937],
            [-3.165534053869277, 51.468916856173124],
            [-3.1652771054459157, 51.46920085789183],
            [-3.1649021805924495, 51.469623787715726],
            [-3.164757160941967, 51.46977485432407],
            [-3.1646371971369422, 51.469931786333774],
            [-3.1624364340664175, 51.47054970424381],
            [-3.165253297551267, 51.474255274305904],
            [-3.1660661636935155, 51.4753471732673],
            [-3.165415295759088, 51.475521074811965],
            [-3.164067524831956, 51.475871122485295],
            [-3.1598902108299582, 51.470026777249544],
            [-3.15889625966128, 51.46914227095836],
            [-3.1574979969571366, 51.46845336696582],
            [-3.1413912199714926, 51.45134329893193],
            [-3.141459201344416, 51.451299295784516],
            [-3.1418961522517486, 51.45112734011228],
            [-3.1420161776960778, 51.4511043203286],
            [-3.142093139763067, 51.45109727608606],
            [-3.1421731813386007, 51.45109829452739],
            [-3.1422412153690242, 51.45110833194783],
            [-3.142299253949432, 51.45112727883977],
            [-3.1423280741471276, 51.451140306030396],
            [-3.142433174885107, 51.451211217174276],
            [-3.1425201448856583, 51.45128221503654],
            [-3.142553049769955, 51.45130320517999],
            [-3.1425852063188753, 51.45131727881784],
            [-3.1426480631329725, 51.451333211230036],
            [-3.142746132353761, 51.45134727168236],
            [-3.142803052399873, 51.451350223583546],
            [-3.1429401046432623, 51.4513462795883],
            [-3.1431810994612626, 51.45130922049243],
            [-3.143208061089583, 51.45131120551187],
            [-3.143483000330378, 51.45137128731514],
            [-3.143591047363997, 51.451364208586845],
            [-3.1436329209379195, 51.4513582250312],
            [-3.1437540118678915, 51.45132026645574],
            [-3.1438039426343036, 51.45131420421578],
            [-3.1438590192322815, 51.451318252626095],
            [-3.1439018682743995, 51.45132826510343],
            [-3.143944921808322, 51.45135221307267],
            [-3.144012016613099, 51.45140524009592],
            [-3.1440779378174466, 51.45150917290238],
            [-3.144150956758513, 51.45158615049441],
            [-3.1441950448046962, 51.45161116730624],
            [-3.144443967300393, 51.451701174224716],
            [-3.1444798026946055, 51.451724203362346],
            [-3.1445248197590225, 51.45179210252087],
            [-3.1445309624486364, 51.45193411514826],
            [-3.1445169096411125, 51.452005198751785],
            [-3.144501952858281, 51.45204014359289],
            [-3.1444309183120396, 51.452146132761236],
            [-3.14435199700722, 51.45232809082699],
            [-3.144330925122298, 51.452481069549755],
            [-3.1442909324127686, 51.45266012975682],
            [-3.144282917678794, 51.45280003260232],
            [-3.144310060161281, 51.452884022058555],
            [-3.144356971162007, 51.4529700664915],
            [-3.1443720004041933, 51.452984037097465],
            [-3.1444110022438414, 51.45300703533996],
            [-3.1444528503172484, 51.45302299206956],
            [-3.1444859820960445, 51.45302995203727],
            [-3.1445558584753877, 51.45303295642432],
            [-3.14461497259759, 51.45301997030201],
            [-3.144649954467453, 51.45300308352738],
            [-3.1447008398840883, 51.452966079331574],
            [-3.1448108946292472, 51.452855033107085],
            [-3.145127794197176, 51.45242904675645],
            [-3.14533470504537, 51.45224907468043],
            [-3.1455578441425005, 51.45208503919231],
            [-3.145761817665279, 51.45189709222341],
            [-3.1461465967327817, 51.45161916610997],
            [-3.147429579587638, 51.45091225586841],
            [-3.147630559055176, 51.45078332200892],
            [-3.147728408317434, 51.450708270312425],
            [-3.147871462235439, 51.450582241129155],
            [-3.148024335533605, 51.45046330914306],
            [-3.1481494805174566, 51.450346267122164],
            [-3.148290430911559, 51.45022826084596],
            [-3.148388461165193, 51.45016624512694],
            [-3.148628431809349, 51.449991338338165],
            [-3.148843203415491, 51.44985030790826],
            [-3.148891318414574, 51.449806405207724],
            [-3.148977373606444, 51.44969738858093],
            [-3.149050244739067, 51.449533290601785],
            [-3.1490692923688424, 51.44951242239773],
            [-3.149100281486434, 51.449491437118716],
            [-3.149174215895813, 51.44946139851733],
            [-3.1493742074674165, 51.44942535806772],
            [-3.149579209054385, 51.44936534956555],
            [-3.1496591878682763, 51.449335341291984],
            [-3.1498081462190397, 51.44926140504791],
            [-3.15009118784683, 51.449071415801235],
            [-3.1502351257764514, 51.44895238870117],
            [-3.1504041190947034, 51.44878249084786],
            [-3.150498117196268, 51.448703428206436],
            [-3.150631119656071, 51.4486074374084],
            [-3.1508060294438183, 51.448455464767584],
            [-3.1509061034604864, 51.44838344577152],
            [-3.1511530086917965, 51.44822752853013],
            [-3.151294958923786, 51.44815554750029],
            [-3.1514620197661753, 51.4480635373248],
            [-3.1517479256906586, 51.44793645948705],
            [-3.1519159847492024, 51.44785558886205],
            [-3.152027887798026, 51.44779055627333],
            [-3.152112982294072, 51.44772956371684],
            [-3.152172873545234, 51.447673494666006],
            [-3.1522568801768056, 51.44756359649382],
            [-3.152286920634441, 51.44749361355915],
            [-3.1523129015637235, 51.44739957210248],
            [-3.1523457995846837, 51.44719162455028],
            [-3.1528338642927074, 51.44812648372673],
            [-3.1529099101045275, 51.44810046835523],
            [-3.152935886000256, 51.44808052047409],
            [-3.152958880311887, 51.44805646562014],
            [-3.1529918656882856, 51.447943472023],
            [-3.153064678267733, 51.447880531443865],
            [-3.15318680453364, 51.447821511694585],
            [-3.153345785586451, 51.44777453805425],
            [-3.1534027414095824, 51.447750508595874],
            [-3.153554751637655, 51.44767249112121],
            [-3.1537536421086525, 51.44750759934106],
            [-3.1537966055893354, 51.44743658960445],
            [-3.1538116826648395, 51.44737250841673],
            [-3.153852672721276, 51.44731455641224],
            [-3.1539086737051627, 51.44727551954567],
            [-3.154072593086751, 51.44720763496184],
            [-3.1541236911610273, 51.447179616446945],
            [-3.154174657273698, 51.44712354432175],
            [-3.1541676553370364, 51.44698855416595],
            [-3.154126668239659, 51.446909648759615],
            [-3.1541246051036427, 51.446890606138325],
            [-3.154145672312967, 51.44685865710121],
            [-3.1542145776761346, 51.44684062409735],
            [-3.154355654536391, 51.4468256568859],
            [-3.154506638986972, 51.44677561322091],
            [-3.154681567156429, 51.44669359188606],
            [-3.1547755860373314, 51.446638623972575],
            [-3.154872501070693, 51.44657868187191],
            [-3.1552535345787103, 51.446321623499855],
            [-3.1553284967519826, 51.44627565508091],
            [-3.1554773837497296, 51.446199644080686],
            [-3.1560074628401065, 51.44597573277679],
            [-3.1563244428732005, 51.44586074604776],
            [-3.156439397501246, 51.44580871741403],
            [-3.156601385339732, 51.44572169543936],
            [-3.1568482004294043, 51.445614773057336],
            [-3.157085216849968, 51.44551873723173],
            [-3.1573192008166844, 51.445433701051115],
            [-3.158461065770824, 51.44458284134976],
            [-3.1598478228298283, 51.44357992084082],
            [-3.1598528762968328, 51.44357492525343],
            [-3.160279811683233, 51.443830836916874],
            [-3.160812815598351, 51.444183798840925],
            [-3.1613566973257408, 51.44452280294633],
            [-3.161402616315466, 51.444568836368006],
            [-3.161802610848548, 51.44497580462992],
            [-3.1618397756275773, 51.445039728736404],
            [-3.1618747163585743, 51.44510673214439],
            [-3.161906711460136, 51.44517673208958],
            [-3.161941720487184, 51.445274757059266],
            [-3.161975711307035, 51.44536667757975],
            [-3.161992580616745, 51.445458677916456],
            [-3.162016660954121, 51.44557965078426],
            [-3.162042595390208, 51.44572263556137],
            [-3.162045650092808, 51.445780603408345],
            [-3.1620446679866094, 51.44579859706261],
            [-3.1620436607719093, 51.445815601850335],
            [-3.162044669898697, 51.44583267656644],
            [-3.162045676743803, 51.44584966138552],
            [-3.162050751946589, 51.4459475334939],
            [-3.1620586582286987, 51.44609456354246],
            [-3.162073581425836, 51.446285584609704],
            [-3.16209269299636, 51.44645453384605],
            [-3.1621106787611404, 51.446641478152266],
            [-3.1621167587302668, 51.44676757502904],
            [-3.162131712647105, 51.446897450457655],
            [-3.1621426658244416, 51.44702844458534],
            [-3.162154788167071, 51.4471714763385],
            [-3.16216274339638, 51.44726940978502],
            [-3.162160628027927, 51.44736744308434],
            [-3.162167712787997, 51.44752742965581],
            [-3.162177752695897, 51.447673449389335],
            [-3.1621788432034057, 51.44781838890309],
            [-3.1621876889836034, 51.44795138213415],
            [-3.1621837351736977, 51.448073352253274],
            [-3.1621827025008398, 51.448140352559214],
            [-3.162181729024608, 51.44823234991248],
            [-3.162187681272098, 51.44840439690958],
            [-3.1621946631569733, 51.4486283172696],
            [-3.162197674224932, 51.448792210740564],
            [-3.1621998592441374, 51.44886124728269],
            [-3.1621997082326154, 51.44890629847003],
            [-3.162199749037677, 51.44895323606538],
            [-3.162199792018223, 51.44901725835121],
            [-3.1621937824182633, 51.4492112743822],
            [-3.162186729513038, 51.44934721273276],
            [-3.162181727060358, 51.44952422397449],
            [-3.1621797435297805, 51.44971811014827],
            [-3.162177771819852, 51.44985013156471],
            [-3.162172801123047, 51.45005106106947],
            [-3.1621697288480926, 51.45015108204115],
            [-3.162161908909391, 51.45021716050649],
            [-3.162155871559632, 51.45042709252585],
            [-3.162151788885283, 51.45066299189629],
            [-3.162150815812462, 51.451026995726735],
            [-3.1621497993443537, 51.451054970772226],
            [-3.1621488264088216, 51.45106199414057],
            [-3.162146821213257, 51.451068038629174],
            [-3.1621468805369126, 51.45107604087719],
            [-3.162147803128003, 51.45108403456589],
            [-3.162150909003192, 51.451092995721815],
            [-3.1621548553155376, 51.45110104934955],
            [-3.1621577670852044, 51.45110803420067],
            [-3.16216384417167, 51.451114987667104],
            [-3.162169923543207, 51.45112203103009],
            [-3.16217885536186, 51.451128056995394],
            [-3.16224973681778, 51.45116503043763],
            [-3.1624628043707554, 51.45126992170427],
            [-3.1625317153600476, 51.45130295806091],
            [-3.1626007429183094, 51.45133491418688],
            [-3.1626738288728586, 51.451367998968834],
            [-3.162748757945496, 51.45139998638735],
            [-3.1628236871224615, 51.45143197375715],
            [-3.162898879030469, 51.45146296935801],
            [-3.1630267288059484, 51.45151601222188],
            [-3.163090737169268, 51.45154298237094],
            [-3.1631567096448476, 51.451567954765],
            [-3.1632177377288646, 51.451590908042206],
            [-3.1632787407340346, 51.45161287242209],
            [-3.1633406093603833, 51.45163491809844],
            [-3.1634037455345427, 51.45165587212688],
            [-3.1634617705455788, 51.451673909512145],
            [-3.1635217847732973, 51.451690938007864],
            [-3.163580645720957, 51.45170788800234],
            [-3.1636406851843355, 51.4517259053015],
            [-3.1637007246946016, 51.451743922569534],
            [-3.1637617462610867, 51.45176094094179],
            [-3.1638216419841965, 51.451778959575755],
            [-3.1638836433622903, 51.45179488912186],
            [-3.163932617826007, 51.45180789073248],
            [-3.16398271820312, 51.451819892027096],
            [-3.1640326747260596, 51.45183189472898],
            [-3.164082580960297, 51.45184191967985],
            [-3.1641336382577787, 51.45185193317729],
            [-3.1641846200987, 51.45185898005818],
            [-3.164234592505903, 51.45186594702388],
            [-3.1642856908084243, 51.45187191366997],
            [-3.164388581689933, 51.45188285088381],
            [-3.1644566876479456, 51.45188981745251],
            [-3.1645246016998345, 51.45189489757856],
            [-3.164593520640505, 51.451899877761385],
            [-3.164661576313425, 51.451904866481556],
            [-3.1647494920671435, 51.45190983765016],
            [-3.164838535996698, 51.45191389834606],
            [-3.1649266617301026, 51.451915810031664],
            [-3.1650074770369816, 51.451918873346415],
            [-3.165088527467319, 51.45191986611945],
            [-3.165170559882008, 51.45191985996012],
            [-3.165246572213514, 51.451920812786746],
            [-3.1653225364685316, 51.4519198777322],
            [-3.165398473244227, 51.4519178638674],
            [-3.165800380168115, 51.45189885058049],
            [-3.1662203950189705, 51.45187884647131],
            [-3.166600315574499, 51.45186679315955],
            [-3.166933321834695, 51.451854846016026],
            [-3.1670791772469244, 51.45185186518669],
            [-3.167189273006867, 51.45185184794154],
            [-3.1672422346254328, 51.45185186005612],
            [-3.1672961758839007, 51.451850783356214],
            [-3.1673532595657745, 51.45184877613963],
            [-3.167460328625376, 51.451842944014146],
            [-3.1676222909915075, 51.4518338673883],
            [-3.167726258202615, 51.451824918735454],
            [-3.167776188470655, 51.45181893619962],
            [-3.1678341759996558, 51.45181287336439],
            [-3.1678812692702274, 51.45180287267086],
            [-3.167933069930893, 51.45179687143164],
            [-3.1679890958704404, 51.451792896214876],
            [-3.1680391447045158, 51.451785923270364],
            [-3.168153148171697, 51.451769860499866],
            [-3.1682111784796847, 51.45175984059151],
            [-3.1682621586575843, 51.45174989092417],
            [-3.1684061716360046, 51.45171986102348],
            [-3.168455109864885, 51.451708852592205],
            [-3.168643040247644, 51.45166282850629],
            [-3.168834062108462, 51.45161389586352],
            [-3.1689870023475213, 51.45157280603733],
            [-3.1690340698484567, 51.451561816020416],
            [-3.1690801301734464, 51.45155083603019],
            [-3.169106025274632, 51.45154482289484],
            [-3.1691320895140174, 51.45153979718172],
            [-3.1691580626989575, 51.451536840520696],
            [-3.1691860501857865, 51.45153386376116],
            [-3.16924401188757, 51.45152681136877],
            [-3.16930305882999, 51.45152280538599],
            [-3.1693499670953353, 51.45151685232517],
            [-3.1694580146763616, 51.45150992957407],
            [-3.1695119324866052, 51.45150795289121],
            [-3.169564959445515, 51.45150490603805],
            [-3.1696180392480113, 51.451503926783346],
            [-3.169670881845631, 51.4515049281019],
            [-3.169724900754765, 51.451506906772586],
            [-3.169777988356394, 51.45151186205828],
            [-3.169814956939586, 51.45151679835635],
            [-3.169859868747475, 51.4515228243176],
            [-3.169903967859093, 51.451530836603595],
            [-3.1699489302594754, 51.45153884025609],
            [-3.1699919542241024, 51.451549830586075],
            [-3.170032989188868, 51.4515618298702],
            [-3.1700749380221946, 51.45157579824747],
            [-3.1701050359231324, 51.45158781676697],
            [-3.170134989960693, 51.451599836714976],
            [-3.170162954994303, 51.45161286562747],
            [-3.1701899358795, 51.45162680355423],
            [-3.17021493006046, 51.4516418403444],
            [-3.170236925783841, 51.45165780626145],
            [-3.1702669002302994, 51.451681875192776],
            [-3.1702899234818926, 51.451709880061394],
            [-3.170310957740128, 51.45173889389994],
            [-3.170328968253767, 51.451767848006575],
            [-3.1703308488619384, 51.45177385383937],
            [-3.1703459312223106, 51.45180085895004],
            [-3.1703588783969936, 51.45182878457418],
            [-3.170367968422734, 51.451857827745556],
            [-3.170376879753539, 51.4518967638514],
            [-3.170379899246894, 51.4519247886021],
            [-3.1703798972598576, 51.451952843522704],
            [-3.1703768714874756, 51.45198083871668],
            [-3.170375019102861, 51.451992816513574],
            [-3.1703699284127502, 51.4520188540955],
            [-3.1703619072214613, 51.452042852788544],
            [-3.170357896622734, 51.45205485213484],
            [-3.170349933244764, 51.45206985829446],
            [-3.1703419951543887, 51.45208585331606],
            [-3.170301935764555, 51.45214578003905],
            [-3.1702789390483894, 51.452180718593965],
            [-3.170254023561191, 51.45221378799074],
            [-3.1702249837668335, 51.45224878686894],
            [-3.1701720253421937, 51.45231082055612],
            [-3.1701320155553656, 51.452355820077486],
            [-3.1700830147110404, 51.45240378676475],
            [-3.1700060892904123, 51.45247972739546],
            [-3.1699050401629925, 51.45257470194139],
            [-3.169807014448599, 51.452669736142354],
            [-3.1697070323242147, 51.45277270270138],
            [-3.1696450714206956, 51.45283167879546],
            [-3.1696080390714285, 51.4528637000062],
            [-3.1695530041154143, 51.45291775128403],
            [-3.1694950057959965, 51.45297974502108],
            [-3.1694330368854606, 51.453049691261675],
            [-3.169404046486692, 51.453086667664316],
            [-3.1693770198709266, 51.453121646238],
            [-3.1693560386415482, 51.45315665441385],
            [-3.1693271161825938, 51.45319066277412],
            [-3.1692731307438766, 51.45325765185672],
            [-3.1692210584538145, 51.453320665370036],
            [-3.169190078598245, 51.453358650676805],
            [-3.1691341441593424, 51.453422601869434],
            [-3.1691061274955894, 51.45345264467869],
            [-3.169077060781331, 51.45348665441311],
            [-3.1690551805721285, 51.453514657775294],
            [-3.169029185903755, 51.453550615086755],
            [-3.1690040568042166, 51.453586653679025],
            [-3.1689760829217692, 51.453629644439765],
            [-3.168950125683676, 51.45367270500116],
            [-3.16893122407977, 51.45370463509229],
            [-3.168911027476785, 51.45373657809449],
            [-3.1689041210670577, 51.4537535518377],
            [-3.168894177771948, 51.45377559135827],
            [-3.168886248872591, 51.453797610789756],
            [-3.1688801652230265, 51.453818622704674],
            [-3.1688761212377217, 51.45384060339389],
            [-3.168875240347423, 51.45384555775162],
            [-3.168875227470702, 51.45386758816112],
            [-3.168876171273335, 51.45388763080102],
            [-3.1688791219014396, 51.45391862360903],
            [-3.1688851546654333, 51.45395758851763],
            [-3.1688951351937207, 51.45400460681339],
            [-3.168902063801108, 51.454095536264745],
            [-3.168907184719286, 51.45419457649742],
            [-3.168906123775454, 51.45428261827713],
            [-3.1689061259712417, 51.4543784724506],
            [-3.1689022405422147, 51.454423560870566],
            [-3.1688971136256403, 51.45445948988098],
            [-3.1688942229994144, 51.454481548986145],
            [-3.168890264747994, 51.45451252076884],
            [-3.168886213018987, 51.454528566845575],
            [-3.168880169815892, 51.454545531976564],
            [-3.168880220342674, 51.4545475097018],
            [-3.168872164992689, 51.454564584817305],
            [-3.1688612020095057, 51.45458051997364],
            [-3.168853111398811, 51.45459058171802],
            [-3.16884412989366, 51.454599573311675],
            [-3.1688361808679404, 51.45460954372346],
            [-3.1687221553523925, 51.45464754770429],
            [-3.168515299765654, 51.45476452716423],
            [-3.168490233173981, 51.45478051296404],
            [-3.168470230239032, 51.45479752731453],
            [-3.1684512597687435, 51.45481552048387],
            [-3.168434185099343, 51.45483448386648],
            [-3.168420278279065, 51.45485350558815],
            [-3.16840618468213, 51.454876485627736],
            [-3.1683971723784823, 51.454895548476735],
            [-3.1683893088886714, 51.45491450995414],
            [-3.1683842068451447, 51.45493452293899],
            [-3.1683812378905136, 51.45495352554672],
            [-3.1683801647539616, 51.45497349837147],
            [-3.1683812499646513, 51.45499344968197],
            [-3.1683851900176796, 51.45501247334064],
            [-3.16839116978721, 51.45503246578173],
            [-3.1684002898898007, 51.45505143780506],
            [-3.1684011784836015, 51.45505241806196],
            [-3.16842620146665, 51.455085438841294],
            [-3.1684593527622735, 51.45511550116423],
            [-3.1684973183102825, 51.45514245822249],
            [-3.1685371567745144, 51.4551694865165],
            [-3.168549306325473, 51.45517745814878],
            [-3.1686612317689327, 51.455237487530816],
            [-3.1687822126488263, 51.45529140190641],
            [-3.168810204838107, 51.45530541998417],
            [-3.168855147910953, 51.45532942992643],
            [-3.1688972109146296, 51.45535337865292],
            [-3.1689572191415594, 51.45539243471578],
            [-3.1690122395155673, 51.45543342880257],
            [-3.169064170183331, 51.4554774210226],
            [-3.169098185531986, 51.45550747454771],
            [-3.1691781796551943, 51.45559641631418],
            [-3.169250191956551, 51.45568840499001],
            [-3.169303208780608, 51.45575234839624],
            [-3.169363111909844, 51.45581541380397],
            [-3.169426153268025, 51.45587736883793],
            [-3.1694920726534423, 51.45593929512308],
            [-3.169552243915322, 51.455990308547435],
            [-3.1696851506191206, 51.45608834338933],
            [-3.169828147908323, 51.45618133180419],
            [-3.1699501022835763, 51.45625627642441],
            [-3.170028162354179, 51.45630324451458],
            [-3.1701060809901453, 51.45635030388436],
            [-3.170186014304991, 51.4563973430897],
            [-3.170267046049055, 51.45644230312598],
            [-3.1703510514417874, 51.45648534510672],
            [-3.1704370186189554, 51.4565262992903],
            [-3.170481978840401, 51.45654527294901],
            [-3.1705509692388634, 51.45657524655677],
            [-3.170587023162377, 51.45658927362455],
            [-3.1706241096745216, 51.456604279483294],
            [-3.1706609741044542, 51.45661623028582],
            [-3.170692988804376, 51.45662427305605],
            [-3.170726101763854, 51.45663023670025],
            [-3.1707600527953987, 51.45663520285005],
            [-3.1707889928183914, 51.45664120815598],
            [-3.1708100186269728, 51.45664729250604],
            [-3.170830974167794, 51.45665625497781],
            [-3.1708500337739447, 51.45666424726966],
            [-3.17087096402198, 51.456672220872605],
            [-3.17089198755474, 51.456678215311264],
            [-3.1708999570013074, 51.45668029377047],
            [-3.1709589274204344, 51.456684290579425],
            [-3.171019995376853, 51.45668026356935],
            [-3.1710620645768506, 51.45667624649954],
            [-3.1711949109198314, 51.45665927321435],
            [-3.171324071218182, 51.45663325474382],
            [-3.1714499620973022, 51.45660322242761],
            [-3.1714539658300698, 51.45660219330005],
            [-3.1715449695381883, 51.45658123172848],
            [-3.17163390568548, 51.45655822260389],
            [-3.171722960310351, 51.45653422311263],
            [-3.171808917071878, 51.456507287179306],
            [-3.1718109315942122, 51.45650726704008],
            [-3.171843899499183, 51.456496326953605],
            [-3.171876865085562, 51.45648529696143],
            [-3.171905945508663, 51.45647430580326],
            [-3.171966965702137, 51.45644033558301],
            [-3.1720208037221833, 51.45640131173258],
            [-3.172044809718505, 51.456383267637214],
            [-3.172092917182657, 51.45634529016725],
            [-3.1721359099747106, 51.45630430655985],
            [-3.172180942537683, 51.456264291652566],
            [-3.172219871739971, 51.456233239795345],
            [-3.172331810750155, 51.45616432098431],
            [-3.1724499196439373, 51.45610028592305],
            [-3.1724868042705996, 51.45607932541093],
            [-3.172592812941914, 51.45600929671253],
            [-3.172695799543908, 51.45593929815102],
            [-3.1727928012510693, 51.455877272295965],
            [-3.1728917286059373, 51.45581738515881],
            [-3.1729937258363776, 51.45575935552567],
            [-3.1729977041065904, 51.45575733748496],
            [-3.1730736813594653, 51.45571737222997],
            [-3.17315183990756, 51.45567828428862],
            [-3.173228640090926, 51.455642357073714],
            [-3.173261644875429, 51.455627279916406],
            [-3.173294704968443, 51.455614360264526],
            [-3.173328769977885, 51.455601340624455],
            [-3.1733307590987425, 51.4556003315985],
            [-3.1733677549451285, 51.45558935075802],
            [-3.1734056648465128, 51.455580338984944],
            [-3.1734457584671403, 51.45557229445293],
            [-3.173485591960285, 51.45556533154565],
            [-3.173501684739201, 51.45556427123811],
            [-3.173574673188226, 51.455559314271426],
            [-3.1736476699332017, 51.45556029186468],
            [-3.1737215830729215, 51.455563328385296],
            [-3.1737446633523168, 51.45556534525882],
            [-3.173804665168641, 51.455570319419316],
            [-3.1738625847421837, 51.45557828174634],
            [-3.173922614267264, 51.45558433460338],
            [-3.1739635670924713, 51.45558734139054],
            [-3.174024500073422, 51.455589338768284],
            [-3.1740846351645673, 51.455588286842556],
            [-3.1741435683648236, 51.45558526869572],
            [-3.1741576489611347, 51.45558431837365],
            [-3.1743706168343886, 51.45557130459038],
            [-3.1745426046504748, 51.45558225998089],
            [-3.174567504786869, 51.45558228022715],
            [-3.1745935814421786, 51.45558327779324],
            [-3.1746205214469656, 51.45558426670185],
            [-3.174647605344224, 51.455585254162266],
            [-3.17467558028869, 51.45558731172113],
            [-3.174703434426105, 51.455590269679334],
            [-3.1748586355645267, 51.455603281148115],
            [-3.1750205850902304, 51.455621260256585],
            [-3.1750455360415453, 51.4556232581217],
            [-3.1750685256188547, 51.45562734379335],
            [-3.1750925201319453, 51.45563132946641],
            [-3.1751155074083566, 51.4556353252324],
            [-3.1751415418109676, 51.45564027955979],
            [-3.176063456562707, 51.455866262770776],
            [-3.1760944054151907, 51.45588321679649],
            [-3.1761264314766255, 51.45589728258029],
            [-3.1761374712890156, 51.45590121818651],
            [-3.176148487992692, 51.45590425482821],
            [-3.1761593862273756, 51.45590828177254],
            [-3.176170400623076, 51.45591122851581],
            [-3.1761814173313088, 51.45591426515437],
            [-3.176192315571236, 51.45591829209557],
            [-3.176201459370442, 51.45592125760635],
            [-3.176209333562285, 51.45592522497135],
            [-3.176217353959095, 51.45592928078822],
            [-3.176225372046111, 51.4559332467082],
            [-3.1762333901345112, 51.4559372126276],
            [-3.176241435959249, 51.455942257302574],
            [-3.1762483029109383, 51.4559462347725],
            [-3.176255341491577, 51.455951289554136],
            [-3.1762613450909067, 51.45595527568703],
            [-3.17626737411556, 51.45596025067936],
            [-3.176273403141529, 51.45596522567138],
            [-3.176278427232399, 51.45597030066732],
            [-3.1762834490130585, 51.45597528576672],
            [-3.176288326902252, 51.45598027230989],
            [-3.1762933741099575, 51.45598624626857],
            [-3.176299403142204, 51.45599122125918],
            [-3.1763042833462247, 51.455996297698],
            [-3.1763093051325817, 51.456001282796215],
            [-3.1763143269200387, 51.45600626789422],
            [-3.176320355957218, 51.456011242883704],
            [-3.1763303486864527, 51.456019235359],
            [-3.176340315993273, 51.45602623897372],
            [-3.1763512905522435, 51.45603323247899],
            [-3.176362265114568, 51.456040225983195],
            [-3.176373385884533, 51.45604730793858],
            [-3.176385367703159, 51.45605429133181],
            [-3.17639732409826, 51.45606028586409],
            [-3.176409424389317, 51.45606627895097],
            [-3.1764223880406175, 51.456072263371574],
            [-3.176885390251568, 51.45660299648882],
            [-3.1776653447635534, 51.45699395603469],
            [-3.1785571446398353, 51.45616114992024],
            [-3.1790380978941455, 51.45661112621589],
            [-3.179225130299878, 51.4573451463031],
            [-3.1792371837543145, 51.45829295672964],
            [-3.1793720693575405, 51.459521878475336],
            [-3.1794672340680368, 51.460175804688426],
            [-3.179260239585121, 51.461610574448606],
            [-3.178971286226612, 51.462552420069045],
            [-3.1787943220957873, 51.46274042296779],
            [-3.1781274429191764, 51.46306634131423],
            [-3.1770285459318144, 51.46311235916532],
            [-3.175936718208451, 51.46346141417293],
            [-3.1753297045529876, 51.46379336992406],
            [-3.1742969516932384, 51.46423533336499],
            [-3.1736039873991886, 51.464994179098106],
            [-3.1735430782524205, 51.46667106579308],
            [-3.17390895937601, 51.46781792050757]
          ]
        ]
      }
    },
    {
      "type": "Feature",
      "properties": {
        "CATCHMENT_NAME": "NINIAN PARK PRIMARY SCHOOL",
        "URN": "6812101"
      },
      "geometry": {
        "type": "Polygon",
        "coordinates": [
          [
            [-3.205119775893023, 51.47488855773867],
            [-3.203428991836976, 51.476040529830485],
            [-3.2033008379881567, 51.47612259293366],
            [-3.203140831101836, 51.47619257391445],
            [-3.202846979378133, 51.47639655917978],
            [-3.20256500356925, 51.47666345538723],
            [-3.2024410916670725, 51.4767864772722],
            [-3.2022370950707715, 51.476930552179354],
            [-3.202010172929864, 51.4770844831576],
            [-3.2018580099599396, 51.47721750535773],
            [-3.201587239110839, 51.47759335650122],
            [-3.201343201759993, 51.47757841310117],
            [-3.2011262914933822, 51.47762038000591],
            [-3.20078324743405, 51.477739440543886],
            [-3.2004492593793694, 51.47787441299075],
            [-3.2000344437664365, 51.47798035862264],
            [-3.199947298085204, 51.47797936231021],
            [-3.1995435085630497, 51.47790742272597],
            [-3.1993063697166484, 51.477425453143],
            [-3.19764166485702, 51.4771305407355],
            [-3.187530816714912, 51.47611084140071],
            [-3.1830553179271814, 51.47575289259715],
            [-3.1830401912608686, 51.47551889540305],
            [-3.182999175966239, 51.47527490864214],
            [-3.1829211447651184, 51.47498597603775],
            [-3.1828212473630733, 51.47463099346266],
            [-3.182583260834811, 51.47388607498642],
            [-3.1824202438898403, 51.473356206211285],
            [-3.182310187094423, 51.4729922437501],
            [-3.1822292788643196, 51.47279217992182],
            [-3.1822201887330626, 51.47276916232374],
            [-3.182225225586171, 51.47249620635457],
            [-3.1822651438528538, 51.47239734211635],
            [-3.1823712755563616, 51.47221427499679],
            [-3.1825972105307, 51.47220426297073],
            [-3.182748075413164, 51.47216425550418],
            [-3.182978118764406, 51.47204036340082],
            [-3.183202073131981, 51.47190933874695],
            [-3.1839010337811313, 51.471484336904105],
            [-3.185924672210941, 51.47028045377072],
            [-3.186468623092547, 51.46994251770475],
            [-3.188890367603084, 51.468484666505404],
            [-3.1894943364169706, 51.46813666589348],
            [-3.189733203151774, 51.46799369777468],
            [-3.1893252464811295, 51.465819987880685],
            [-3.189577559819455, 51.4645727620522],
            [-3.190676480639649, 51.463050327659744],
            [-3.1933045421517936, 51.46013421803912],
            [-3.194288461597874, 51.45803077881075],
            [-3.194953233909546, 51.458132806537066],
            [-3.1952022818589647, 51.45815076907012],
            [-3.195503252085482, 51.458161727314874],
            [-3.195746203737282, 51.45816671252132],
            [-3.196151124974314, 51.458156736399935],
            [-3.1962472378356335, 51.45814982087404],
            [-3.196304144499598, 51.45814078765893],
            [-3.196453066626937, 51.45809475745751],
            [-3.196506101106229, 51.458069757969774],
            [-3.1965810663131027, 51.45802475226202],
            [-3.1966750704740496, 51.457953745196626],
            [-3.196755020312107, 51.45787370974072],
            [-3.1968151242543947, 51.457788841360774],
            [-3.196857048006967, 51.45769678516836],
            [-3.196881085651571, 51.45760877813784],
            [-3.1968860346046384, 51.45748985381143],
            [-3.1968331225036195, 51.45717288774199],
            [-3.196696075638133, 51.45679788323899],
            [-3.1965800945303147, 51.456578853992106],
            [-3.1965579579885235, 51.45655794884422],
            [-3.1964270472315066, 51.4564889679448],
            [-3.196350097572669, 51.456435981383684],
            [-3.196290014107212, 51.45638399159466],
            [-3.196237060103672, 51.45632392616466],
            [-3.1961931390702927, 51.45625702455313],
            [-3.196163057671284, 51.45619097081109],
            [-3.1961470307679694, 51.45612297524638],
            [-3.196145122279835, 51.456049979943096],
            [-3.1961571083363727, 51.45596892991692],
            [-3.19621005361359, 51.45581399751581],
            [-3.196257160595307, 51.45573303865042],
            [-3.1962810395807364, 51.4557050097644],
            [-3.196336113726074, 51.455659038230394],
            [-3.1963969188853794, 51.45562307917913],
            [-3.1964721167145114, 51.45559812322458],
            [-3.1965569428788383, 51.455578104436036],
            [-3.196647014389481, 51.455566034888484],
            [-3.196894926293733, 51.45555208389087],
            [-3.1969980316020217, 51.45555408829396],
            [-3.197101004381818, 51.45556202865963],
            [-3.197208913763906, 51.455577112089095],
            [-3.1972968671697117, 51.45559410773664],
            [-3.1977598836396184, 51.455725965336065],
            [-3.198360833463084, 51.455996955504766],
            [-3.199247743354029, 51.45630494160455],
            [-3.1997007277773424, 51.45647088385471],
            [-3.1997226724850028, 51.456478931861156],
            [-3.1998025841042743, 51.45653494317433],
            [-3.199885607201035, 51.4565998246326],
            [-3.200151730817651, 51.457087881845105],
            [-3.2002846439857993, 51.45728776117205],
            [-3.2005707183408623, 51.457641722700934],
            [-3.200677499360404, 51.45771778006003],
            [-3.200778663956656, 51.457782744816214],
            [-3.201488414139111, 51.458133622057915],
            [-3.201951491109387, 51.45831563775207],
            [-3.2020355666161566, 51.45834363982855],
            [-3.2024344163402336, 51.45845860271489],
            [-3.2026653905155786, 51.45850065344798],
            [-3.2027553406606, 51.45852760561907],
            [-3.202817473725702, 51.45855861979405],
            [-3.202887328973043, 51.458609606782474],
            [-3.202903295604205, 51.45862562847617],
            [-3.2029493883955893, 51.458670654820125],
            [-3.2029963719060666, 51.458738601525404],
            [-3.203025429207248, 51.45880358500343],
            [-3.2030364937103295, 51.45885760309848],
            [-3.2030364211718916, 51.458909577422325],
            [-3.2030223619123963, 51.45896061625771],
            [-3.2029933842305267, 51.45901360659129],
            [-3.2029493181661173, 51.4590675610395],
            [-3.2028903994599953, 51.45912049893281],
            [-3.2028214474299057, 51.459169583285814],
            [-3.2027503834479742, 51.459209517460195],
            [-3.202611514173594, 51.45926552352993],
            [-3.202475455691128, 51.45930252754727],
            [-3.202016525539161, 51.459459558474514],
            [-3.201757555655269, 51.45953549832429],
            [-3.2014105787993876, 51.45965855834944],
            [-3.2012915934482318, 51.45971543807804],
            [-3.201249604953475, 51.45974446283326],
            [-3.201208623915898, 51.45978444744772],
            [-3.20116671591987, 51.459838469013],
            [-3.2011396346143357, 51.45989251847393],
            [-3.201130635547145, 51.45994449432964],
            [-3.201138593515382, 51.45999539723069],
            [-3.201161668509361, 51.460046414984284],
            [-3.2012196612085466, 51.46014446257275],
            [-3.2013016560777157, 51.460268520691244],
            [-3.201352679863716, 51.46033139112777],
            [-3.201644607759622, 51.460556435108465],
            [-3.202318642810163, 51.46100334797579],
            [-3.2026694498236883, 51.461228235077854],
            [-3.202931523731032, 51.46142327923953],
            [-3.203175409850775, 51.461720298542794],
            [-3.203403529259394, 51.462036182485825],
            [-3.2036174652951077, 51.46240922066671],
            [-3.2036964108899038, 51.46266315236954],
            [-3.2037244056929723, 51.46305410522675],
            [-3.203841364787269, 51.46317708315295],
            [-3.2039993275871925, 51.46332104068842],
            [-3.204185361395557, 51.463628992809284],
            [-3.204363355895446, 51.46389395572663],
            [-3.204591361288166, 51.464171982327805],
            [-3.204757355353946, 51.46433096280611],
            [-3.2052083092146413, 51.464743824067995],
            [-3.205598334382194, 51.46505678011048],
            [-3.2059952297521193, 51.46540077636535],
            [-3.2064862424106435, 51.4657487482308],
            [-3.2069311281792037, 51.466088740530026],
            [-3.207053240595985, 51.46618270807964],
            [-3.207764031239233, 51.466680645274],
            [-3.2084520236864913, 51.467230516971874],
            [-3.2090949869707, 51.46772653765343],
            [-3.209589982568442, 51.46811437978976],
            [-3.2099918105046563, 51.46844131685318],
            [-3.2101768377881, 51.46857833267414],
            [-3.2105878495534514, 51.4688603030145],
            [-3.2112727897606868, 51.469352191594304],
            [-3.2117137318233695, 51.46969823116923],
            [-3.2188930395245468, 51.474810546142415],
            [-3.219015054282082, 51.47525545836276],
            [-3.217718230180372, 51.474610544797265],
            [-3.2166693424788235, 51.474223630960196],
            [-3.215734482341692, 51.4737436275426],
            [-3.214966478627501, 51.47328373800947],
            [-3.2141005923853476, 51.47267783873899],
            [-3.2136316195639854, 51.47229190427982],
            [-3.2131846536384625, 51.47204592481695],
            [-3.21176979033437, 51.4715039562168],
            [-3.2114849179307208, 51.471365007437335],
            [-3.21122191449289, 51.47129605920026],
            [-3.21107981929249, 51.471291053038826],
            [-3.2108458649189724, 51.47128600642415],
            [-3.210639838595409, 51.471308006477365],
            [-3.2104959072457446, 51.471375044136806],
            [-3.210211904610374, 51.4714700539831],
            [-3.20988096303754, 51.471614014219476],
            [-3.209741059929862, 51.47168100936717],
            [-3.209344063315501, 51.47195693223019],
            [-3.208017303722121, 51.47285685835937],
            [-3.2063345132694936, 51.47403882403362],
            [-3.205119775893023, 51.47488855773867]
          ]
        ]
      }
    },
    {
      "type": "Feature",
      "properties": { "CATCHMENT_NAME": "Severn Primary", "URN": "6812319" },
      "geometry": {
        "type": "Polygon",
        "coordinates": [
          [
            [-3.2136053708042596, 51.49365442019883],
            [-3.2132164779268124, 51.49417664939819],
            [-3.209132907286962, 51.49716908009471],
            [-3.2057801708403924, 51.4972060335339],
            [-3.200200535386261, 51.497675557687266],
            [-3.1986548751354817, 51.49749885183375],
            [-3.196609197313775, 51.496722793461466],
            [-3.1952959415436655, 51.49533452957641],
            [-3.195804775746842, 51.494587418816025],
            [-3.1956525797713597, 51.49381935322238],
            [-3.1943332317930895, 51.49050741030227],
            [-3.1935670637860682, 51.48982813999773],
            [-3.189649589681261, 51.48816398621334],
            [-3.1885123235206083, 51.48674643490114],
            [-3.188423963151057, 51.48504336208651],
            [-3.187917036694723, 51.484168999743154],
            [-3.1856944926053767, 51.48163563435227],
            [-3.1851871760413983, 51.48094820607891],
            [-3.183565290863122, 51.480940222625385],
            [-3.1817825062306317, 51.481103246514785],
            [-3.180531693938801, 51.481261247480845],
            [-3.1802496716831437, 51.48079632729035],
            [-3.1799248119240984, 51.48038435035861],
            [-3.179123808626317, 51.47974642962748],
            [-3.178605812060391, 51.4791595202763],
            [-3.178623904081367, 51.47903462044717],
            [-3.1776968686265565, 51.47770072332743],
            [-3.176927043708104, 51.476922829819685],
            [-3.176709073027024, 51.47662783476759],
            [-3.1768869514323117, 51.476349907257394],
            [-3.1770709835745268, 51.476092958774636],
            [-3.177102847575018, 51.475993907514415],
            [-3.1774488989633802, 51.47493307190641],
            [-3.178150817104473, 51.47471399035727],
            [-3.178243855413118, 51.47472600369452],
            [-3.178989678059139, 51.47486408479448],
            [-3.179637554234126, 51.47485001423633],
            [-3.180568434852601, 51.47472698575152],
            [-3.1822292788643196, 51.47279217992182],
            [-3.182310187094423, 51.4729922437501],
            [-3.1824202438898403, 51.473356206211285],
            [-3.182583260834811, 51.47388607498642],
            [-3.1828212473630733, 51.47463099346266],
            [-3.1829211447651184, 51.47498597603775],
            [-3.182999175966239, 51.47527490864214],
            [-3.1830401912608686, 51.47551889540305],
            [-3.1830553179271814, 51.47575289259715],
            [-3.187530816714912, 51.47611084140071],
            [-3.1876757524654233, 51.476745732179424],
            [-3.188207763927727, 51.477818563727624],
            [-3.1885738179394743, 51.478544458310175],
            [-3.188753684213285, 51.47893243476739],
            [-3.1887907687393806, 51.478957505892446],
            [-3.1888726773957714, 51.47910036632563],
            [-3.188925746885065, 51.479125455146274],
            [-3.18918364185108, 51.47920241807001],
            [-3.1892226830619976, 51.479258401445946],
            [-3.190377619448304, 51.47985129772059],
            [-3.1918194431286007, 51.48059314026806],
            [-3.192375282594978, 51.480879096671956],
            [-3.192592371701201, 51.48101419532166],
            [-3.1928302065765353, 51.481039201132795],
            [-3.1931082989895034, 51.48103412341528],
            [-3.1934462219516457, 51.48105918839982],
            [-3.194269158711464, 51.481172109482635],
            [-3.195035020976002, 51.481305119071045],
            [-3.196010942241228, 51.48143598095538],
            [-3.19623894870469, 51.48148697688805],
            [-3.1966158108693894, 51.481536003568294],
            [-3.197345761137743, 51.48155103082326],
            [-3.198683677825674, 51.481448968604184],
            [-3.1999995228433358, 51.48141698433105],
            [-3.2007703490506345, 51.48149694322919],
            [-3.200877365092368, 51.481514010825265],
            [-3.2015602446685842, 51.481611950014035],
            [-3.201923316505048, 51.48168394050401],
            [-3.2020301471095554, 51.48170487548342],
            [-3.203651102642503, 51.48183490347969],
            [-3.203813097056454, 51.48222789627413],
            [-3.2039910234305076, 51.48261874699359],
            [-3.2042459496969595, 51.48298578719533],
            [-3.2049370180610643, 51.48398866082309],
            [-3.205160970514624, 51.48481352685335],
            [-3.2053709288239336, 51.485593486673714],
            [-3.2049440700647027, 51.48566549371955],
            [-3.2034501692432165, 51.48686534419705],
            [-3.2036032070830767, 51.48706528234985],
            [-3.204121233151087, 51.48753923303252],
            [-3.205420086732126, 51.48870212049147],
            [-3.2063869807611516, 51.48851116828451],
            [-3.2069530329700413, 51.4889530506829],
            [-3.2087736854299083, 51.488901024354156],
            [-3.2090937604196554, 51.48902199250435],
            [-3.2093836940709686, 51.48918499324166],
            [-3.2094725468409524, 51.489265993175216],
            [-3.209536651680331, 51.489347967701725],
            [-3.209517718898157, 51.49006383056674],
            [-3.2107675116008068, 51.49145466092887],
            [-3.2135021515914364, 51.491937580974465],
            [-3.213842164115718, 51.49202155289474],
            [-3.2135122497874526, 51.49218763188434],
            [-3.2130172826841847, 51.49324444934685],
            [-3.2136053708042596, 51.49365442019883]
          ]
        ]
      }
    },
    {
      "type": "Feature",
      "properties": {
        "CATCHMENT_NAME": "PETER LEA PRIMARY SCHOOL",
        "URN": "6812061"
      },
      "geometry": {
        "type": "Polygon",
        "coordinates": [
          [
            [-3.2612009504092594, 51.49642150726629],
            [-3.258246434048548, 51.49979915498281],
            [-3.256993490470802, 51.50038106426495],
            [-3.2549557659762196, 51.501514025665884],
            [-3.253425981901603, 51.502605824584464],
            [-3.2516182141651604, 51.504071667868764],
            [-3.2506064046833982, 51.50490063973945],
            [-3.2494336727801563, 51.50590558105763],
            [-3.249056661553126, 51.50576051124511],
            [-3.2485646539956705, 51.5055515631183],
            [-3.24786970011804, 51.50512357123386],
            [-3.247519818718748, 51.50494268965369],
            [-3.2471138285420467, 51.504706743710855],
            [-3.2467859134924186, 51.504559705761636],
            [-3.2464458604039623, 51.5044007467322],
            [-3.2461639337264008, 51.50425978231456],
            [-3.2459619824461123, 51.50411383117636],
            [-3.245718875433261, 51.50385879515624],
            [-3.245586953125092, 51.50365482077586],
            [-3.245463919074128, 51.50323782281787],
            [-3.2452839323986233, 51.50296188358937],
            [-3.2451429984325952, 51.50277598827105],
            [-3.244965933026431, 51.50262293729055],
            [-3.2446599772122044, 51.50239796995833],
            [-3.2445479713908023, 51.502342959204256],
            [-3.244402034166186, 51.50222707335996],
            [-3.2441860224841417, 51.50212505911345],
            [-3.2441979684408144, 51.502077005340844],
            [-3.2441610401646606, 51.50199602014926],
            [-3.2440910897201958, 51.50195099337551],
            [-3.2440100725490204, 51.501928114212134],
            [-3.24386613195269, 51.501933058140594],
            [-3.24340117869882, 51.5018210942233],
            [-3.2432880409989657, 51.50177202895184],
            [-3.2429021963027207, 51.50165508796209],
            [-3.242613243268805, 51.50158315767488],
            [-3.2420113293915653, 51.50154709281212],
            [-3.2413983416168968, 51.50144810863936],
            [-3.240984391245969, 51.50132516455605],
            [-3.2405535010061843, 51.501183155497586],
            [-3.239934535575774, 51.500821212860075],
            [-3.239479521651223, 51.50058629852566],
            [-3.2390017252760215, 51.50031331752708],
            [-3.2385236536585165, 51.500104360072804],
            [-3.238253674334182, 51.49999831908525],
            [-3.237696744266629, 51.499941345423295],
            [-3.2371748303549945, 51.49986331822347],
            [-3.236881794501209, 51.499815425410944],
            [-3.2362279486591263, 51.49980244850282],
            [-3.2361568945234382, 51.49980139921247],
            [-3.2360699215623634, 51.49977641930879],
            [-3.2360228987643778, 51.499742385970336],
            [-3.235951979871125, 51.49968243796852],
            [-3.235343898406758, 51.49948643750985],
            [-3.23455918594408, 51.49923141835956],
            [-3.2344610260816937, 51.49942146224003],
            [-3.234044141321741, 51.50024438593619],
            [-3.233841244638449, 51.50074934984328],
            [-3.2336172351554935, 51.501150229081475],
            [-3.2299426557000337, 51.500224355926576],
            [-3.228762726816269, 51.49984953419849],
            [-3.228527865339686, 51.50008947192887],
            [-3.2282858731581747, 51.50132336141219],
            [-3.2272609494592768, 51.50165627369096],
            [-3.2260922170593456, 51.50235925961327],
            [-3.225907158993732, 51.50230319658562],
            [-3.225610188499509, 51.50202827072064],
            [-3.225530176781842, 51.50195123694546],
            [-3.2251932129834895, 51.50161926962725],
            [-3.224781331974111, 51.501147450220074],
            [-3.224292260602993, 51.50054749115948],
            [-3.223576429412948, 51.499979479934744],
            [-3.222880457690676, 51.49947456038287],
            [-3.2220665611147146, 51.49868069642697],
            [-3.2213385570668014, 51.49881371892416],
            [-3.220629617214992, 51.49892172071989],
            [-3.2201097290399323, 51.49898270165791],
            [-3.219499708055479, 51.4990456967589],
            [-3.218675924781808, 51.49898574302232],
            [-3.218060920124409, 51.49887272061854],
            [-3.21744704293537, 51.49878566994278],
            [-3.216670059213124, 51.49856776769641],
            [-3.2156972927603107, 51.49820882890022],
            [-3.2142163998846733, 51.497929867846395],
            [-3.213027516671653, 51.49769894170407],
            [-3.211696643640409, 51.497437010111824],
            [-3.2111327450498757, 51.49734293581226],
            [-3.2107498405683064, 51.4972780121503],
            [-3.2098148596888807, 51.49716807037289],
            [-3.209132907286962, 51.49716908009471],
            [-3.2132164779268124, 51.49417664939819],
            [-3.2136053708042596, 51.49365442019883],
            [-3.2159750009757984, 51.49254049736219],
            [-3.2176548299617242, 51.49291241472246],
            [-3.219430604054281, 51.4933484118621],
            [-3.2194405333524125, 51.49335343399514],
            [-3.2195585858604754, 51.49341029402469],
            [-3.2198176802625977, 51.49357035275916],
            [-3.2201644831369687, 51.49377823448554],
            [-3.2208395907861243, 51.4944232119316],
            [-3.221327397273081, 51.494926175832745],
            [-3.221686311822683, 51.4948321577699],
            [-3.22225227809928, 51.494686165153205],
            [-3.2226514010890144, 51.49458219352544],
            [-3.223947167898309, 51.494314113080684],
            [-3.2242022158486963, 51.49426325369248],
            [-3.224612121981833, 51.49420717968759],
            [-3.2248909585469474, 51.49417324492874],
            [-3.22516400902191, 51.494149171171394],
            [-3.225309979184696, 51.494140182528746],
            [-3.226380761700801, 51.494083218717144],
            [-3.2275306705811984, 51.49400113852575],
            [-3.227867642758561, 51.493981154959485],
            [-3.2281506812565275, 51.49399113899534],
            [-3.228431622176991, 51.49401418263154],
            [-3.2284925415917107, 51.493917240734035],
            [-3.2285685678037837, 51.493873192936285],
            [-3.2287346543235516, 51.493814173913755],
            [-3.229430438410437, 51.493649161791964],
            [-3.2297914825542695, 51.49352821057411],
            [-3.230187412081737, 51.493392235365455],
            [-3.2303743091854513, 51.493325172669216],
            [-3.2306163646796504, 51.49320420856781],
            [-3.230983273186512, 51.493055227164724],
            [-3.231247265938056, 51.4929573205509],
            [-3.2314311355674925, 51.492890287944086],
            [-3.2320130876331667, 51.49277824943521],
            [-3.2325432170116972, 51.49269426814087],
            [-3.2332939516515373, 51.492490259693525],
            [-3.2337929996709547, 51.49227432817672],
            [-3.23422280972537, 51.49210830929104],
            [-3.2345008574530723, 51.492035244941036],
            [-3.235197778456537, 51.4919193723266],
            [-3.2359077700660275, 51.49178627308402],
            [-3.2361677493781715, 51.4917642896239],
            [-3.2366275319369926, 51.49171627985317],
            [-3.237475456648565, 51.49169825184133],
            [-3.238400409024135, 51.49168425979397],
            [-3.238932412316484, 51.49167027697954],
            [-3.239156317674163, 51.49166728139205],
            [-3.240079241819473, 51.49198725847639],
            [-3.2406220900865055, 51.49226116539592],
            [-3.2408912091500452, 51.49242718630424],
            [-3.241431111913391, 51.49283617972234],
            [-3.24211607847279, 51.49262516782161],
            [-3.2426598521888472, 51.492429226235785],
            [-3.242837946344014, 51.49234119571213],
            [-3.243108834946124, 51.492487230677035],
            [-3.2434918717326093, 51.49268908464446],
            [-3.2436989128184655, 51.4925690941521],
            [-3.2439237897021336, 51.49244819470951],
            [-3.2440717863844313, 51.492445185778806],
            [-3.2444607073167298, 51.492482151718335],
            [-3.244908682284505, 51.492540070054794],
            [-3.2453186287809204, 51.49261907207966],
            [-3.2456024913261814, 51.49269113960029],
            [-3.246752530101037, 51.49329198777045],
            [-3.2470294784197375, 51.49344298478293],
            [-3.247505442217366, 51.49369194427306],
            [-3.2478044385537297, 51.49385889039107],
            [-3.247999352715354, 51.49396489916854],
            [-3.248061370278542, 51.49403095932287],
            [-3.248090315650276, 51.49407282346357],
            [-3.248108339391878, 51.494120918381896],
            [-3.2481213346393236, 51.49419586283755],
            [-3.24809626816304, 51.494274899149566],
            [-3.2480644140393786, 51.49432694193482],
            [-3.247674542929494, 51.49471477770407],
            [-3.2473314683188295, 51.49509680906382],
            [-3.247031532120632, 51.49548674309706],
            [-3.246522599740379, 51.49543973165688],
            [-3.2459006869020945, 51.496056714956055],
            [-3.2464745827617585, 51.49639365823304],
            [-3.2477103997482577, 51.49644966230579],
            [-3.2485524133238464, 51.496607589839],
            [-3.249309322827734, 51.49668755875653],
            [-3.250077290001322, 51.49675562545639],
            [-3.25021614052017, 51.496770600311905],
            [-3.2503570972540654, 51.49678357431467],
            [-3.2504851799488774, 51.49679461729962],
            [-3.2506131162251877, 51.49680557178708],
            [-3.2507111253403194, 51.49681261914734],
            [-3.250807169931626, 51.49682157569165],
            [-3.250877202855995, 51.49682757255434],
            [-3.2509460836605935, 51.49683358166693],
            [-3.2529448265118286, 51.49686745119776],
            [-3.2547697100455237, 51.49689145778401],
            [-3.25764446342929, 51.49680940475094],
            [-3.258012339823878, 51.496739547363454],
            [-3.258587246277684, 51.49669651077424],
            [-3.2587572665685163, 51.49667148642688],
            [-3.2589662432026256, 51.496643435892146],
            [-3.259239140992229, 51.49660345857795],
            [-3.2595371369735417, 51.496559434402705],
            [-3.259774101702721, 51.49652244949413],
            [-3.260002072398172, 51.496488438181004],
            [-3.2602070498662314, 51.49645647194173],
            [-3.260313964617748, 51.496436439692935],
            [-3.260345926292336, 51.49643052113071],
            [-3.2603779673215163, 51.49642747913288],
            [-3.2603979383367134, 51.496425555987116],
            [-3.2604290258154447, 51.49642450245585],
            [-3.260462015255431, 51.49642450750525],
            [-3.260883980447709, 51.496409539987646],
            [-3.2612009504092594, 51.49642150726629]
          ]
        ]
      }
    },
    {
      "type": "Feature",
      "properties": {
        "CATCHMENT_NAME": "GREENWAY PRIMARY SCHOOL",
        "URN": "6812045"
      },
      "geometry": {
        "type": "Polygon",
        "coordinates": [
          [
            [-3.1277818403835824, 51.511182480382175],
            [-3.127542828599376, 51.511371449283125],
            [-3.1272227879150734, 51.51157045817881],
            [-3.126013924777452, 51.512436386173],
            [-3.125868065713648, 51.51255234258072],
            [-3.125566169282421, 51.512792355262135],
            [-3.1253101787475606, 51.51301232445071],
            [-3.1252861269034504, 51.51303629368655],
            [-3.1252591735362794, 51.51306532618521],
            [-3.125258189383708, 51.51306632473025],
            [-3.1252470511810446, 51.51307632262202],
            [-3.125239226698217, 51.51308628871668],
            [-3.1252312581369814, 51.513096256193265],
            [-3.125230156494975, 51.513098334885335],
            [-3.125222187929689, 51.51310830236129],
            [-3.125216238627738, 51.51311834038006],
            [-3.1252121600842306, 51.51312827053018],
            [-3.125202134445644, 51.51314832859526],
            [-3.1251950812736218, 51.51316035540768],
            [-3.125187161430871, 51.513172300616844],
            [-3.1251861772744456, 51.51317329916125],
            [-3.1251760985131067, 51.513185355002356],
            [-3.1251652484143935, 51.513195350121734],
            [-3.1251611920790907, 51.51320033454877],
            [-3.1251391305299707, 51.51322320563704],
            [-3.1251121769603514, 51.51325223810225],
            [-3.125096093510704, 51.51326623983097],
            [-3.1250921325003187, 51.51326924513778],
            [-3.125067167218109, 51.513291244887135],
            [-3.1250402579540433, 51.513316230585495],
            [-3.125011262839058, 51.51334429351076],
            [-3.1249792132983636, 51.51337121679165],
            [-3.1249462083489705, 51.51340030726828],
            [-3.124924288558952, 51.51341724234547],
            [-3.124568285678881, 51.5137662128819],
            [-3.124281268533052, 51.51404924025848],
            [-3.123932401369692, 51.514419181265886],
            [-3.123877285517201, 51.51447509915795],
            [-3.1238263480788966, 51.514525132291524],
            [-3.1237554338400564, 51.51458911433125],
            [-3.1237024790227235, 51.5146391667407],
            [-3.1236383585914447, 51.51469813810219],
            [-3.1230474255400247, 51.51517002495828],
            [-3.122394590418342, 51.515651043462896],
            [-3.1222885863656606, 51.51572408249562],
            [-3.122218520693662, 51.51576998188643],
            [-3.122137557095301, 51.515823988238935],
            [-3.122070638868971, 51.51586895824019],
            [-3.1219965406112937, 51.51591498599784],
            [-3.1219016710176506, 51.515972002612216],
            [-3.1218517287705936, 51.5160040416891],
            [-3.121796692689236, 51.51603406135038],
            [-3.1217296479112595, 51.516073907022886],
            [-3.1216576373584495, 51.51611694729077],
            [-3.121577675498809, 51.51615898453958],
            [-3.120655810267689, 51.51664292549022],
            [-3.119699014865584, 51.51715488741155],
            [-3.1187421023547937, 51.51766882072684],
            [-3.118067191145933, 51.51801676647104],
            [-3.1173612605043695, 51.51841679670451],
            [-3.1172562714995995, 51.51848478601485],
            [-3.11718021944649, 51.51853379659161],
            [-3.1171053441721104, 51.518583785008815],
            [-3.117034335043369, 51.51863274745264],
            [-3.1169643344138103, 51.51868170024731],
            [-3.116888284999359, 51.51873673512444],
            [-3.1168163184051925, 51.51879370927061],
            [-3.1167692788278645, 51.5188327321214],
            [-3.116724280673706, 51.518872724614],
            [-3.1166153668711196, 51.5189806743847],
            [-3.116482281656285, 51.51912572062208],
            [-3.1163214777064856, 51.51933963812154],
            [-3.1161783501057685, 51.51953971959218],
            [-3.1158734070274257, 51.520024582864274],
            [-3.1157957021223, 51.520153545488256],
            [-3.1156895992862235, 51.52032953565914],
            [-3.1154184485538066, 51.520758506753445],
            [-3.1127669440931296, 51.520940512270116],
            [-3.1125529024178262, 51.519893737852804],
            [-3.112498950271735, 51.51955471874929],
            [-3.112406920839064, 51.51906077213963],
            [-3.1123848454684, 51.51892376642786],
            [-3.1123788063824622, 51.51889478014552],
            [-3.1123737277656462, 51.5188638065532],
            [-3.1123718219024994, 51.51883882738314],
            [-3.112369769757252, 51.518813759682274],
            [-3.1123699053070872, 51.51878975024872],
            [-3.1123698967634366, 51.518765742181785],
            [-3.1123697056261217, 51.51869875496718],
            [-3.112371822171426, 51.518631835781356],
            [-3.1123729010898624, 51.518557822902125],
            [-3.112375853211076, 51.51848379225431],
            [-3.1123808038892427, 51.518420802582774],
            [-3.112387771846588, 51.5183577937759],
            [-3.112420799818986, 51.51807486769664],
            [-3.112439816252057, 51.51797991356334],
            [-3.1124727890323527, 51.51782485161517],
            [-3.1124967311277505, 51.51773686436032],
            [-3.1125237735147757, 51.51765190490612],
            [-3.112554730327365, 51.517567897408895],
            [-3.112601679399676, 51.51746593438254],
            [-3.1126448156010555, 51.51737902384584],
            [-3.11277567071343, 51.51709489967613],
            [-3.1129817167879574, 51.51675008633526],
            [-3.1130505943600393, 51.516655018532575],
            [-3.1131037011824834, 51.51658698591667],
            [-3.1131516235190917, 51.51652502700542],
            [-3.1132025984399005, 51.51647005271667],
            [-3.1132675449768032, 51.51639111745151],
            [-3.113672507151406, 51.51597113102333],
            [-3.114006436942702, 51.51567617481276],
            [-3.1142885818787835, 51.51539717561238],
            [-3.1146195084794135, 51.51500315624817],
            [-3.1145164701181156, 51.51495018460092],
            [-3.114435484514268, 51.514909142259015],
            [-3.114335450338357, 51.514855242722284],
            [-3.114285475387478, 51.514815254378455],
            [-3.114224472861974, 51.514766289048104],
            [-3.114071485721484, 51.51468025207545],
            [-3.113991554232833, 51.51462921849072],
            [-3.113897538441657, 51.51454432954044],
            [-3.113817505153121, 51.51447729135928],
            [-3.113722530349135, 51.51440032418166],
            [-3.1135884839088326, 51.51428128654584],
            [-3.113536564856109, 51.51423834904272],
            [-3.1128306203957954, 51.51367335001885],
            [-3.1112477324877994, 51.512685591888015],
            [-3.1101088537183594, 51.51204564008649],
            [-3.1097718598252566, 51.51178761720764],
            [-3.109560920671682, 51.51163468410362],
            [-3.1093829165995506, 51.51150868428207],
            [-3.109218988800046, 51.51138668728668],
            [-3.109089029908067, 51.51129269304759],
            [-3.1089670478298537, 51.51120671587325],
            [-3.1088439856799015, 51.51111778148303],
            [-3.108726062484386, 51.511032754780175],
            [-3.108637014624819, 51.51097371110738],
            [-3.1085450157545993, 51.510917752483834],
            [-3.108432022417355, 51.5108517415523],
            [-3.108375023813049, 51.510818830708246],
            [-3.1082480759629885, 51.51075376075663],
            [-3.1081241341969643, 51.51069378760234],
            [-3.108024090430972, 51.51064473837865],
            [-3.1080030981137714, 51.51063477596406],
            [-3.1079261401771903, 51.51059881642953],
            [-3.1079171076220136, 51.510594765527806],
            [-3.1078591251165277, 51.51056878743479],
            [-3.1077721284597883, 51.51053481092081],
            [-3.10771414816443, 51.51051485725814],
            [-3.107651075393124, 51.51049288354827],
            [-3.1075390527078803, 51.51046085168928],
            [-3.1074961078020955, 51.510448848558205],
            [-3.106727273817141, 51.51030378553674],
            [-3.106522141362857, 51.51027083304327],
            [-3.10636419453654, 51.510085922785244],
            [-3.1063383229278854, 51.51005892164108],
            [-3.1063302732555513, 51.510047847721665],
            [-3.1063082196004848, 51.510017843249074],
            [-3.106277252247593, 51.50997083839602],
            [-3.106223323143027, 51.50989797385184],
            [-3.1061112272596536, 51.50973789774003],
            [-3.1060291870183705, 51.50961692224022],
            [-3.1058772008263675, 51.509439957826125],
            [-3.105780244132895, 51.50929205742408],
            [-3.1056852097800456, 51.509164010749274],
            [-3.1055642783533153, 51.5089899901687],
            [-3.105441254345236, 51.50878901371048],
            [-3.1053813191640383, 51.50871197923397],
            [-3.1053683962274423, 51.508696005680065],
            [-3.1053372975129765, 51.5087089772921],
            [-3.1033551118026743, 51.508863420971814],
            [-3.101416225701677, 51.50791017126189],
            [-3.1009586473468715, 51.50738071348359],
            [-3.1003026296804874, 51.50713069369386],
            [-3.0989642917090263, 51.506961788789894],
            [-3.0979958071300167, 51.506527833965755],
            [-3.0957327912114616, 51.5056043208358],
            [-3.0934477374395475, 51.50447262914745],
            [-3.0921974745608507, 51.50440955892302],
            [-3.0897061436965965, 51.50466229835372],
            [-3.087535443632594, 51.50473055661961],
            [-3.0862063951310934, 51.50509868147036],
            [-3.0859224170557518, 51.50485673416563],
            [-3.0850744859206762, 51.504219780175774],
            [-3.0842924954590782, 51.50358589699049],
            [-3.0833486968016337, 51.502902070418216],
            [-3.083154784090273, 51.5026900363105],
            [-3.082771659243082, 51.50208114181452],
            [-3.082650719586193, 51.50181717963172],
            [-3.0818847798191635, 51.50072032313405],
            [-3.077380047237525, 51.49430809789007],
            [-3.0778250928682214, 51.49417704308612],
            [-3.078308988488734, 51.49403816608502],
            [-3.0787029173734384, 51.49390209299486],
            [-3.0790457835659515, 51.493763161525],
            [-3.0793258363133815, 51.49363613697767],
            [-3.0796457920907114, 51.49350316939964],
            [-3.079793707426491, 51.493429153310416],
            [-3.0799447710065158, 51.49334818432477],
            [-3.080036787872696, 51.49329212691838],
            [-3.0802836723721527, 51.49312719028626],
            [-3.080672562079182, 51.49294916508172],
            [-3.0810756233197845, 51.49274924767173],
            [-3.0816894221364493, 51.49245827582045],
            [-3.0826122758306216, 51.49202525389804],
            [-3.083482155702651, 51.491667256481456],
            [-3.0842561678403384, 51.49130033801214],
            [-3.0851810190679227, 51.49095341897263],
            [-3.0856349357499933, 51.49074941826586],
            [-3.0860818399316554, 51.49054143441088],
            [-3.086866842858979, 51.490117478342206],
            [-3.08754075740789, 51.48979543586912],
            [-3.088109681841204, 51.48950448654938],
            [-3.0891514436402217, 51.489037578645515],
            [-3.089893387596978, 51.488694658861725],
            [-3.0906232645237006, 51.488371628635434],
            [-3.091551172743018, 51.48785567356937],
            [-3.091835119831472, 51.48771374597617],
            [-3.0929320856861184, 51.487221742233075],
            [-3.093511914607931, 51.48690773548453],
            [-3.0942047958822543, 51.48659374982362],
            [-3.0946987400230475, 51.486428814258325],
            [-3.0957406766623183, 51.485884785292],
            [-3.0963146144574716, 51.4856148796335],
            [-3.0966684549766117, 51.48548793243652],
            [-3.096943463410124, 51.48541288540437],
            [-3.0969774772146375, 51.4854139159411],
            [-3.097184531053952, 51.48551385619785],
            [-3.097332488446837, 51.48553980673607],
            [-3.097502484004187, 51.485595853345245],
            [-3.0976204135680683, 51.48561282299294],
            [-3.0976684447471734, 51.48563979847971],
            [-3.0977973713868927, 51.48573084779552],
            [-3.097942401768306, 51.48576680593246],
            [-3.0980514290441192, 51.485808855871134],
            [-3.0980612923951867, 51.485817755350276],
            [-3.098120416619896, 51.48594074968808],
            [-3.0981494150479, 51.48597878338395],
            [-3.0981873913970714, 51.486024825649004],
            [-3.098282304176274, 51.48608481145136],
            [-3.098319271152762, 51.48610083033416],
            [-3.0983833387665505, 51.4861178541805],
            [-3.0986002860883888, 51.48611384333795],
            [-3.098796228252772, 51.48612873201143],
            [-3.0988672322778323, 51.48615270423375],
            [-3.0989062400110012, 51.48617571745221],
            [-3.0989733588696007, 51.48624774253098],
            [-3.0990013506591483, 51.48630376916268],
            [-3.0990012559357627, 51.4863177973442],
            [-3.0989722610711357, 51.48638775600112],
            [-3.0989693573732877, 51.486416736990634],
            [-3.0989903140084416, 51.48644972049968],
            [-3.099012302853073, 51.486471724266664],
            [-3.099098310856632, 51.48652666752379],
            [-3.099140296594015, 51.486541739915374],
            [-3.0993202809925937, 51.48656972558873],
            [-3.099617238403894, 51.48660470664583],
            [-3.099711262566964, 51.48659771031151],
            [-3.106362846385825, 51.49302518326946],
            [-3.110105387633795, 51.496123649068885],
            [-3.1104673521275354, 51.49636470994257],
            [-3.111136753969284, 51.497536300388],
            [-3.1143917212476833, 51.49959457617615],
            [-3.1143274712141413, 51.499884094769975],
            [-3.1133657915699913, 51.49987102005441],
            [-3.113155837477032, 51.500028662214746],
            [-3.1147904709319096, 51.501346713258464],
            [-3.1147635687134723, 51.50170250648846],
            [-3.115476640903046, 51.50174014496924],
            [-3.1158047277954237, 51.50204814122243],
            [-3.1155997997162883, 51.50240571844501],
            [-3.1159240946450053, 51.50255828147587],
            [-3.116152769884409, 51.503178430408596],
            [-3.115623139265171, 51.50336123923065],
            [-3.1162895195774243, 51.50439947948791],
            [-3.118026768928064, 51.50406048121415],
            [-3.1181897012279673, 51.50427140483933],
            [-3.119238621747203, 51.505318298814714],
            [-3.1208284549165515, 51.50519521143655],
            [-3.1215053051981796, 51.50535131246256],
            [-3.1224902261694467, 51.50519720975266],
            [-3.122996238137119, 51.50609910228527],
            [-3.1231280819213354, 51.50606412017591],
            [-3.1233671068193694, 51.50616307873585],
            [-3.1237531178837967, 51.50636808082648],
            [-3.1246609965478287, 51.5062561506385],
            [-3.1246849194921658, 51.50638504405485],
            [-3.124791984537117, 51.50659011016746],
            [-3.12453202262892, 51.506945982813704],
            [-3.1243480416302303, 51.50721606354189],
            [-3.1241760249266295, 51.5074630101529],
            [-3.125120938567214, 51.507753915607076],
            [-3.1252349168660927, 51.50779490378116],
            [-3.125095969579189, 51.50792185300336],
            [-3.1250279931484077, 51.50809290055668],
            [-3.1249479716901263, 51.50832484845255],
            [-3.1249530885018557, 51.508479908602204],
            [-3.1249730500702055, 51.50864678548415],
            [-3.1250841030628127, 51.50880874210895],
            [-3.125142032349406, 51.5088907313886],
            [-3.1251959659939703, 51.50895675350481],
            [-3.125451013811432, 51.50918467690325],
            [-3.1257779229936724, 51.50952763485388],
            [-3.1255919574147346, 51.50989269027016],
            [-3.124498089747614, 51.510073580007656],
            [-3.1244671257175676, 51.51112754028722],
            [-3.12430023494649, 51.51117356012436],
            [-3.1242812514407197, 51.5114384617482],
            [-3.1248402461674942, 51.511462504502475],
            [-3.1251160529596023, 51.511181471410126],
            [-3.1261299624278576, 51.51129249956163],
            [-3.1263159589740184, 51.510823497447724],
            [-3.1266429839200662, 51.51035862517021],
            [-3.1268718535577333, 51.51059956539104],
            [-3.127383901120161, 51.51096951352976],
            [-3.1277818403835824, 51.511182480382175]
          ]
        ]
      }
    },
    {
      "type": "Feature",
      "properties": {
        "CATCHMENT_NAME": "PENTREBANE PRIMARY SCHOOL",
        "URN": "6812075"
      },
      "geometry": {
        "type": "Polygon",
        "coordinates": [
          [
            [-3.2672341303213353, 51.49457362125841],
            [-3.2649320404776496, 51.49530758541795],
            [-3.263558775506355, 51.49567244936612],
            [-3.261441640379372, 51.49634734212428],
            [-3.2614159012927315, 51.496359488413596],
            [-3.261373791624297, 51.49637351927992],
            [-3.2613309320702233, 51.49638647916287],
            [-3.261280926330628, 51.49640149413167],
            [-3.2612308659589226, 51.496414531436],
            [-3.2612009504092594, 51.49642150726629],
            [-3.260883980447709, 51.496409539987646],
            [-3.260462015255431, 51.49642450750525],
            [-3.2604290258154447, 51.49642450245585],
            [-3.2603979383367134, 51.496425555987116],
            [-3.2603779673215163, 51.49642747913288],
            [-3.260345926292336, 51.49643052113071],
            [-3.260313964617748, 51.496436439692935],
            [-3.2602070498662314, 51.49645647194173],
            [-3.260002072398172, 51.496488438181004],
            [-3.259774101702721, 51.49652244949413],
            [-3.2595371369735417, 51.496559434402705],
            [-3.259239140992229, 51.49660345857795],
            [-3.2589662432026256, 51.496643435892146],
            [-3.2587572665685163, 51.49667148642688],
            [-3.258587246277684, 51.49669651077424],
            [-3.258012339823878, 51.496739547363454],
            [-3.25764446342929, 51.49680940475094],
            [-3.2547697100455237, 51.49689145778401],
            [-3.2529448265118286, 51.49686745119776],
            [-3.2509460836605935, 51.49683358166693],
            [-3.250877202855995, 51.49682757255434],
            [-3.250807169931626, 51.49682157569165],
            [-3.2507111253403194, 51.49681261914734],
            [-3.2506131162251877, 51.49680557178708],
            [-3.2504851799488774, 51.49679461729962],
            [-3.2503570972540654, 51.49678357431467],
            [-3.25021614052017, 51.496770600311905],
            [-3.250077290001322, 51.49675562545639],
            [-3.249309322827734, 51.49668755875653],
            [-3.2485524133238464, 51.496607589839],
            [-3.2477103997482577, 51.49644966230579],
            [-3.2464745827617585, 51.49639365823304],
            [-3.2459006869020945, 51.496056714956055],
            [-3.246522599740379, 51.49543973165688],
            [-3.247031532120632, 51.49548674309706],
            [-3.2473314683188295, 51.49509680906382],
            [-3.247674542929494, 51.49471477770407],
            [-3.2480644140393786, 51.49432694193482],
            [-3.24809626816304, 51.494274899149566],
            [-3.2481213346393236, 51.49419586283755],
            [-3.248108339391878, 51.494120918381896],
            [-3.248090315650276, 51.49407282346357],
            [-3.248061370278542, 51.49403095932287],
            [-3.2481933612528793, 51.49419590537888],
            [-3.248620326769945, 51.49419585533297],
            [-3.249216283246885, 51.494027922049206],
            [-3.2492902082144886, 51.49394989354925],
            [-3.2492682962103587, 51.49384393206468],
            [-3.2492102793249593, 51.493760925047354],
            [-3.24916324860768, 51.493573943909794],
            [-3.2491501963437184, 51.49335998457869],
            [-3.249162186005139, 51.49329799220998],
            [-3.249283091624754, 51.493125946858314],
            [-3.2494701708633995, 51.492955983721444],
            [-3.2499381145801673, 51.49276405344384],
            [-3.2493832395561593, 51.492358135868145],
            [-3.249597100829761, 51.49179817578174],
            [-3.24933402501563, 51.491127212030186],
            [-3.2495100469851077, 51.49110627335685],
            [-3.2491690747643287, 51.49047831157471],
            [-3.2490602069436845, 51.49050033275284],
            [-3.248762129185916, 51.48993944239388],
            [-3.248650134217796, 51.48975737907261],
            [-3.248511211697218, 51.4894964731579],
            [-3.2482961528855627, 51.48931146055213],
            [-3.2482042078737243, 51.489230522696644],
            [-3.2488031018024772, 51.48913548464223],
            [-3.2500360396989, 51.48903539376541],
            [-3.251135864068855, 51.48891351117428],
            [-3.251437868570811, 51.48889644047031],
            [-3.252198672069571, 51.488928511560744],
            [-3.2527127016127126, 51.48894846780809],
            [-3.2530216417681, 51.48895847464459],
            [-3.253756540255542, 51.488912492486705],
            [-3.2545724026519656, 51.48885143210128],
            [-3.254748302261852, 51.48882644043818],
            [-3.2549634109200034, 51.48877639085527],
            [-3.2552973048395977, 51.48867237624788],
            [-3.2558653167244382, 51.48843448058042],
            [-3.2561772418220603, 51.48831739064978],
            [-3.2557112996644806, 51.48781955115855],
            [-3.2553463336847503, 51.48744759526036],
            [-3.2549822666962487, 51.48716060268454],
            [-3.2544573279366387, 51.48697864803515],
            [-3.253937455357152, 51.48694968012039],
            [-3.2527575248693936, 51.48684270050786],
            [-3.2506658288546717, 51.486369754324436],
            [-3.2501344772588032, 51.48619459277922],
            [-3.2515902562818706, 51.486319605598055],
            [-3.252974357382879, 51.486351490285074],
            [-3.255139185061121, 51.486234998325145],
            [-3.2607696832942996, 51.48586769035],
            [-3.2630784879977415, 51.48985721567175],
            [-3.2653253896754846, 51.49286588958268],
            [-3.2672341303213353, 51.49457362125841]
          ]
        ]
      }
    },
    {
      "type": "Feature",
      "properties": {
        "CATCHMENT_NAME": "Hywel Dda Primary School",
        "URN": "6812322"
      },
      "geometry": {
        "type": "Polygon",
        "coordinates": [
          [
            [-3.2822489266328136, 51.48065003471465],
            [-3.281803074246433, 51.480691058047455],
            [-3.281077209536318, 51.48080707571804],
            [-3.280390257929709, 51.480914031588235],
            [-3.2798242604759738, 51.48103602852282],
            [-3.2792713429859637, 51.48118296764914],
            [-3.278909383106783, 51.48125795343689],
            [-3.2779014548254324, 51.48159796119724],
            [-3.274808879887544, 51.482777838212975],
            [-3.2731010722044456, 51.48343176934594],
            [-3.2706335042520274, 51.4842407509755],
            [-3.2695346004483783, 51.48458176198464],
            [-3.2690695385866606, 51.48473669322915],
            [-3.268609766079537, 51.4848747503769],
            [-3.2680307122239984, 51.48503774475835],
            [-3.2671738126438714, 51.48522073442554],
            [-3.266383001581276, 51.48536173079133],
            [-3.2655369348176513, 51.48547868023607],
            [-3.264507157109241, 51.48561370072637],
            [-3.2635413015989223, 51.48569074438553],
            [-3.261781480221965, 51.485800695750854],
            [-3.2611595325834686, 51.485840657861665],
            [-3.2607696832942996, 51.48586769035],
            [-3.255139185061121, 51.486234998325145],
            [-3.252974357382879, 51.486351490285074],
            [-3.2515902562818706, 51.486319605598055],
            [-3.249206931825304, 51.48611482938615],
            [-3.2501128559183217, 51.48480394619722],
            [-3.250610708179641, 51.484623922809526],
            [-3.251904523284682, 51.48428496510449],
            [-3.254076399395691, 51.48377798575123],
            [-3.2543403235488215, 51.48378100715768],
            [-3.2550522154022885, 51.483881022502054],
            [-3.255987119958834, 51.484014972214595],
            [-3.256474042169448, 51.48404095703265],
            [-3.2570918681688066, 51.48400897681489],
            [-3.2572969114549752, 51.483949948843204],
            [-3.257563903908497, 51.4837870281919],
            [-3.2578718302841563, 51.48357304293904],
            [-3.2579959194316737, 51.48357108208991],
            [-3.258956707913197, 51.4831440807788],
            [-3.259804573486479, 51.48278509534593],
            [-3.2599095703189853, 51.48270708565719],
            [-3.2591847595527077, 51.48182421724438],
            [-3.2590196043040276, 51.481825181666196],
            [-3.2589777467260874, 51.4817851672656],
            [-3.258847696220484, 51.481565271186675],
            [-3.2587647737286787, 51.48151922341126],
            [-3.258744619521863, 51.481467196411494],
            [-3.2590865884413716, 51.48139716354323],
            [-3.2591827106614217, 51.48107026191386],
            [-3.259036574565263, 51.480517296053215],
            [-3.2583536107781845, 51.47938453545204],
            [-3.25949149909265, 51.47899654159745],
            [-3.2603694556195912, 51.478645500865355],
            [-3.260795393830183, 51.47840461164473],
            [-3.260952324544785, 51.477907555457165],
            [-3.2613632299846684, 51.477085673774205],
            [-3.2629241251288974, 51.47711571750379],
            [-3.2641139986408225, 51.477194701620775],
            [-3.2638618536153383, 51.47682470226792],
            [-3.263894962287352, 51.47633473155355],
            [-3.263866965938516, 51.47591582684074],
            [-3.2639458674820365, 51.475696830524846],
            [-3.264108936393637, 51.47553789230473],
            [-3.2642628312868736, 51.475213869914036],
            [-3.2636619380253746, 51.475280954538285],
            [-3.263048962921477, 51.47530689301025],
            [-3.262440072150715, 51.475313901114184],
            [-3.2617081742891276, 51.47532996308009],
            [-3.2613911667162414, 51.47532699009885],
            [-3.2607671620770953, 51.47544385438363],
            [-3.259624405151045, 51.47563588823956],
            [-3.2590344876921233, 51.47575687299732],
            [-3.2573736661289283, 51.47627492178579],
            [-3.2551698988412254, 51.47714279435535],
            [-3.2538240728379697, 51.47597097354294],
            [-3.2525711596007127, 51.474635119992385],
            [-3.253300168679952, 51.47439317737639],
            [-3.254673002488014, 51.47391216837837],
            [-3.255475829119788, 51.47362212421065],
            [-3.2560487764372663, 51.473387230754454],
            [-3.2565866492256874, 51.47312321671068],
            [-3.25883634966265, 51.47162538344375],
            [-3.2591413202455226, 51.47144838291604],
            [-3.2596303809104636, 51.471133444736786],
            [-3.259941245127673, 51.4709824555433],
            [-3.260444054414666, 51.47076447967795],
            [-3.261156094112306, 51.470443450626306],
            [-3.2614069475011958, 51.47033554529977],
            [-3.2618949422019354, 51.47013948317265],
            [-3.2624498832324407, 51.469896569107014],
            [-3.263258723530947, 51.46958356654131],
            [-3.2634877643019786, 51.46947858936212],
            [-3.263903707844057, 51.46924957532975],
            [-3.2644255425138677, 51.46892958760789],
            [-3.264711536537964, 51.46874459431755],
            [-3.2649005752810396, 51.46864067533307],
            [-3.266884255238845, 51.467826699060474],
            [-3.2677602165377713, 51.467475712753995],
            [-3.268734122151926, 51.467095784594065],
            [-3.2687071918086303, 51.466830811870345],
            [-3.2687760227668647, 51.46684175651182],
            [-3.2688690810225864, 51.4668438065473],
            [-3.2689240302065534, 51.46683179190336],
            [-3.2690699664788307, 51.46679388438859],
            [-3.269206917005358, 51.46675382597923],
            [-3.2692849817982004, 51.466718811109196],
            [-3.269402966137633, 51.46664379908012],
            [-3.2694169025162063, 51.46661685198283],
            [-3.269412024451081, 51.46629589013184],
            [-3.269432974479528, 51.466277859088244],
            [-3.269620884107984, 51.46621180094944],
            [-3.269641836511128, 51.46619385976217],
            [-3.269669868639157, 51.46578792663884],
            [-3.269745004654765, 51.46557490139032],
            [-3.269765821109228, 51.46554689059982],
            [-3.2699798996117937, 51.465370935802],
            [-3.26996877547368, 51.46535397150004],
            [-3.26984092960237, 51.46530697946721],
            [-3.2698348359787417, 51.465294906264035],
            [-3.2704097935011336, 51.46511800821107],
            [-3.270421884962866, 51.46511796708904],
            [-3.270456767474148, 51.46516102045067],
            [-3.27049879501125, 51.465196982594215],
            [-3.2705558224063394, 51.46523395110519],
            [-3.2705967749398566, 51.465251940844674],
            [-3.2706237182602615, 51.46525794320732],
            [-3.27067485113762, 51.46525891759146],
            [-3.2707617533756, 51.46525195091164],
            [-3.270824700482367, 51.46524290594582],
            [-3.270988869686806, 51.465161996369],
            [-3.270999665911419, 51.46516196923097],
            [-3.2710528079182835, 51.46519897962924],
            [-3.271099712148139, 51.465223918427824],
            [-3.2711568435059797, 51.46524389062052],
            [-3.271261660292785, 51.46525992869313],
            [-3.2714307258848656, 51.465261961656836],
            [-3.2715817033071555, 51.46541597573591],
            [-3.271704743024376, 51.46563692350666],
            [-3.271826694394228, 51.465880812579705],
            [-3.2719117063275, 51.466157833246044],
            [-3.2720716241987224, 51.4663018584724],
            [-3.2723256016644107, 51.46650978493111],
            [-3.2724616416122454, 51.46663374684721],
            [-3.272613586674329, 51.46680672223123],
            [-3.2727635970252162, 51.46686875702525],
            [-3.2730165447633675, 51.467049807064065],
            [-3.2731316229047267, 51.46720672675472],
            [-3.273234547279289, 51.46734075879538],
            [-3.2735244754436525, 51.46754163809744],
            [-3.273897431075584, 51.467792599144346],
            [-3.2740995122580165, 51.467940659420144],
            [-3.2744464808778706, 51.468276605897124],
            [-3.274803425345398, 51.46860354077632],
            [-3.2750523953605257, 51.46883750270804],
            [-3.275519457018905, 51.46919947543382],
            [-3.2758853415945293, 51.469464444736154],
            [-3.2761252937227496, 51.46964832713992],
            [-3.2765793950479436, 51.469999286654826],
            [-3.276955301273691, 51.47031332978302],
            [-3.277432182920902, 51.47074226832948],
            [-3.277926054451275, 51.47084119289328],
            [-3.278239075969091, 51.47116616831133],
            [-3.2788089781655554, 51.471888125608515],
            [-3.2790550172458843, 51.472335041758235],
            [-3.2793881533496734, 51.472909952249296],
            [-3.2795950760765065, 51.47324498397123],
            [-3.2798950771538236, 51.47367988945719],
            [-3.2799909748958336, 51.47381884795776],
            [-3.2801410250742853, 51.473834833869695],
            [-3.280292945367525, 51.47453976657618],
            [-3.2804179711488763, 51.475173686181364],
            [-3.2808709000330727, 51.475993574866386],
            [-3.281114941848189, 51.47643448374182],
            [-3.281266877917494, 51.476779464987594],
            [-3.2808969515971134, 51.47707242037363],
            [-3.280950931355911, 51.47721048723756],
            [-3.2810710174916493, 51.477513374455604],
            [-3.2813470116303565, 51.47750640175703],
            [-3.281538922673862, 51.47759746119187],
            [-3.2817660107676794, 51.47808027686334],
            [-3.281889918966598, 51.47837026288271],
            [-3.2818859451712132, 51.47848531401159],
            [-3.281840956501083, 51.47863723119408],
            [-3.281845909634795, 51.47867521319503],
            [-3.281846920444862, 51.47871126006072],
            [-3.281843953354361, 51.478749238739965],
            [-3.281839870435886, 51.478778237619856],
            [-3.2818428358920935, 51.478817230472956],
            [-3.281847990985409, 51.4788572784244],
            [-3.281851894690945, 51.47887324150023],
            [-3.2818679579674197, 51.478958220096345],
            [-3.2818898984343603, 51.47904223522701],
            [-3.2819189232599784, 51.47912725192911],
            [-3.2819529313330236, 51.47921023589305],
            [-3.2819819450862115, 51.479269175902985],
            [-3.2822419104411495, 51.480138107127466],
            [-3.2823818385128867, 51.48047008981897],
            [-3.282171926305047, 51.48047706155236],
            [-3.2822489266328136, 51.48065003471465]
          ]
        ]
      }
    },
    {
      "type": "Feature",
      "properties": {
        "CATCHMENT_NAME": "BRYN CELYN PRIMARY SCHOOL",
        "URN": "6812107"
      },
      "geometry": {
        "type": "Polygon",
        "coordinates": [
          [
            [-3.148136857746387, 51.52220794725015],
            [-3.1479797598526758, 51.522282948397574],
            [-3.1479598020895616, 51.52239491226325],
            [-3.14775888578733, 51.52275079733068],
            [-3.147741987982812, 51.522869834750644],
            [-3.147639922299381, 51.523178803873556],
            [-3.1474608991982502, 51.52371772768156],
            [-3.1472200307214866, 51.52410169743725],
            [-3.1470970311471227, 51.52427770174559],
            [-3.1469369571152326, 51.52449273336266],
            [-3.1466590504761895, 51.52484864990589],
            [-3.1464941697244444, 51.52506759436587],
            [-3.1463411571921722, 51.525265561533274],
            [-3.146060138189577, 51.52554957236701],
            [-3.1447794819599384, 51.52727763038474],
            [-3.1436941220869157, 51.52871459232113],
            [-3.143450435499219, 51.52913221070583],
            [-3.1432546761408444, 51.52970797709835],
            [-3.1432013223950093, 51.530380635732875],
            [-3.142321970727471, 51.53038254958867],
            [-3.141412921607868, 51.53038447611108],
            [-3.1413550709395786, 51.53041165487202],
            [-3.1401383708552637, 51.53034993559122],
            [-3.1401429668112413, 51.53053386350392],
            [-3.140235338361289, 51.53093040385139],
            [-3.1405468440893727, 51.531442246496],
            [-3.1390497531362573, 51.531699754021666],
            [-3.1383645178059614, 51.532167596877215],
            [-3.1364838455320796, 51.531722666725855],
            [-3.135293601789467, 51.531468036119264],
            [-3.133482817056566, 51.5303113988757],
            [-3.1320245933671913, 51.5305434439098],
            [-3.1306534586345354, 51.53093369637066],
            [-3.1305687297091134, 51.53067932554959],
            [-3.130568085429676, 51.5304904138158],
            [-3.130478083828824, 51.53040720790548],
            [-3.1305091203917437, 51.530106312504074],
            [-3.1306519939188497, 51.529833202727],
            [-3.130628086341644, 51.52963633267567],
            [-3.130715091864094, 51.52941834164659],
            [-3.1307871458802574, 51.529225312099065],
            [-3.1328467519099235, 51.52728550419764],
            [-3.1329666675568926, 51.527226618400576],
            [-3.1334886483964084, 51.526872602418266],
            [-3.1336026378228756, 51.52680154436106],
            [-3.1337186467745113, 51.52673055658744],
            [-3.1338257233852715, 51.526665589650456],
            [-3.1339305887900433, 51.526598665792406],
            [-3.1340237111054163, 51.526540667367534],
            [-3.1331906679393664, 51.52595471963761],
            [-3.1330817148737893, 51.525595739839375],
            [-3.1329646841536225, 51.525439693420914],
            [-3.1327206870241624, 51.52519180786954],
            [-3.1326696277805315, 51.525184747865495],
            [-3.132347773387594, 51.52481982058652],
            [-3.1322436509815192, 51.52469583953247],
            [-3.132565650565224, 51.52402697602224],
            [-3.1327107169885333, 51.52376795933708],
            [-3.132708666169997, 51.523696943747],
            [-3.1329006350309068, 51.52335897519071],
            [-3.1335344836984382, 51.522601044214504],
            [-3.1336915005044976, 51.52236510962429],
            [-3.1337274110779307, 51.52230208946328],
            [-3.1336674492179704, 51.52191907781923],
            [-3.1335074914966747, 51.521514193399256],
            [-3.133390621279279, 51.52133521662398],
            [-3.1332755403135626, 51.521257290571036],
            [-3.133207565457407, 51.52106219533834],
            [-3.1332145255447954, 51.52084326701888],
            [-3.133483489488556, 51.520826280876655],
            [-3.1336874728241453, 51.520781238353756],
            [-3.1339924113765347, 51.52066328472765],
            [-3.1344872635133716, 51.520398275286176],
            [-3.134985249509555, 51.52026532336767],
            [-3.1362340883886843, 51.520054331400836],
            [-3.136964080729718, 51.520047256611186],
            [-3.137511981539038, 51.52008429511846],
            [-3.14039070546041, 51.52062615040367],
            [-3.1404646940212695, 51.5212510825949],
            [-3.1404586651573125, 51.52127514941235],
            [-3.1404537621339994, 51.5212981262615],
            [-3.140450728260339, 51.52131515032538],
            [-3.1404507515923856, 51.521339158288356],
            [-3.140452648229136, 51.521363148034595],
            [-3.1404575709769014, 51.521387108353665],
            [-3.1404586560510275, 51.52139015502463],
            [-3.1404716740234924, 51.5214381347294],
            [-3.1404866975246475, 51.52149715488179],
            [-3.140497714207765, 51.521540028701075],
            [-3.140506775157748, 51.52156808501691],
            [-3.1405597233262035, 51.52164507967876],
            [-3.140577669195419, 51.52167107137777],
            [-3.140592564244544, 51.521696103643386],
            [-3.140608717385703, 51.52173110460367],
            [-3.140620689358834, 51.52176605630835],
            [-3.1406286781739317, 51.52180311487231],
            [-3.140633613904702, 51.52183912410973],
            [-3.1406347256411173, 51.521849004311015],
            [-3.1406366740717395, 51.52187506167],
            [-3.1406376115439847, 51.521901038943014],
            [-3.14063665097738, 51.52192604557463],
            [-3.140633672979268, 51.5219510718274],
            [-3.14062766658384, 51.52197603761527],
            [-3.140616641312114, 51.52200204131622],
            [-3.1406027586913496, 51.522029061906764],
            [-3.140837618203142, 51.52199107995969],
            [-3.1408636063441273, 51.52198705058613],
            [-3.1408926723119097, 51.52198505938666],
            [-3.140921618893645, 51.52198405844277],
            [-3.140930699584492, 51.52198406002105],
            [-3.141018646920482, 51.52198500276945],
            [-3.1411896261393966, 51.52199206124245],
            [-3.141235630734736, 51.52199305227483],
            [-3.141282594594434, 51.52199205575138],
            [-3.1412995784330717, 51.52199108120924],
            [-3.1413476186748297, 51.521987016962356],
            [-3.1413946277109326, 51.52198206354867],
            [-3.1414466286059923, 51.52197499341041],
            [-3.14149860700154, 51.521967024284905],
            [-3.1415755299516537, 51.521919068437384],
            [-3.14179249381538, 51.521909043524765],
            [-3.14220650963692, 51.521819050134795],
            [-3.1427094390384243, 51.52171110449313],
            [-3.1430234427705686, 51.52164501180956],
            [-3.1432253283567326, 51.52159700582415],
            [-3.1434343825844295, 51.52155900045017],
            [-3.143661309448242, 51.52152100025157],
            [-3.144359311684858, 51.521473098786714],
            [-3.1447461968692987, 51.52147408872928],
            [-3.1451231225468765, 51.52150898393995],
            [-3.145660087193739, 51.52156299589131],
            [-3.145775960616068, 51.521574002874],
            [-3.1458480409984704, 51.521585977133476],
            [-3.145945039922109, 51.52160301305083],
            [-3.146076117430416, 51.521634012885166],
            [-3.146712856634377, 51.5218039388156],
            [-3.147516870467064, 51.52203399862496],
            [-3.148136857746387, 51.52220794725015]
          ]
        ]
      }
    },
    {
      "type": "Feature",
      "properties": {
        "CATCHMENT_NAME": "WILLOWBROOK PRIMARY SCHOOL",
        "URN": "6812174"
      },
      "geometry": {
        "type": "Polygon",
        "coordinates": [
          [
            [-3.095904272974991, 51.536952901594866],
            [-3.0955833442777307, 51.53693593794148],
            [-3.095243382546455, 51.53690692231954],
            [-3.0948843638437524, 51.53688887373681],
            [-3.094626466576218, 51.53690288021404],
            [-3.0945634441775556, 51.536655924731036],
            [-3.0943814727585335, 51.536409000089826],
            [-3.094352474611291, 51.53625200446297],
            [-3.0943005218394095, 51.53573312408901],
            [-3.0941335624139366, 51.53570312051276],
            [-3.0939476144874107, 51.5357650998547],
            [-3.0937916273214534, 51.53587400634114],
            [-3.093643484575598, 51.535847063633405],
            [-3.0931745817375664, 51.535888031328454],
            [-3.092927770684107, 51.53585903998906],
            [-3.09242168869133, 51.53568409886753],
            [-3.091852744745853, 51.53529816424667],
            [-3.091480744105578, 51.53479718785692],
            [-3.091438833299804, 51.53438926122228],
            [-3.091381836186277, 51.53415825329602],
            [-3.0908288718046193, 51.53340835763499],
            [-3.0880830391938274, 51.53295846724938],
            [-3.0863983065921814, 51.53271251347554],
            [-3.0859423841385873, 51.5326375180475],
            [-3.085589393103473, 51.53259249990872],
            [-3.0847194878160438, 51.53252654593124],
            [-3.084334534616882, 51.5325075360933],
            [-3.0842034411706383, 51.53248752738603],
            [-3.0840936140660196, 51.53246453452031],
            [-3.083971584395913, 51.5324315835383],
            [-3.083854577289433, 51.532391572431365],
            [-3.083746559247012, 51.532347611685886],
            [-3.0835845593223468, 51.53226458575645],
            [-3.0832035649374316, 51.53202964309656],
            [-3.0830666521333376, 51.531952679005975],
            [-3.0827186803558937, 51.53178468832072],
            [-3.0826207107733543, 51.531732721018955],
            [-3.0817687171532495, 51.53124171846057],
            [-3.0817368805020497, 51.531242731434574],
            [-3.0812498261238246, 51.53143479094433],
            [-3.0808798619965447, 51.531597715073545],
            [-3.0808529022571127, 51.53159769376755],
            [-3.0793020238728, 51.530064850559405],
            [-3.079302007581819, 51.53004587806065],
            [-3.079830976611347, 51.529809920477994],
            [-3.079911024468218, 51.529768900303274],
            [-3.079990881239789, 51.52972590364163],
            [-3.079988846849789, 51.52970694972396],
            [-3.079131011090358, 51.52896610035221],
            [-3.078973022057934, 51.52887502848988],
            [-3.0784620243767864, 51.52834013171791],
            [-3.0782520956615427, 51.52819216892582],
            [-3.078250106680242, 51.528175102831895],
            [-3.0801678463085627, 51.52742120952705],
            [-3.0801808517582763, 51.52740427511735],
            [-3.0792868731406684, 51.526340325215024],
            [-3.079288897933861, 51.5263223230177],
            [-3.079631779266427, 51.526204342108876],
            [-3.079644807971216, 51.526188396636684],
            [-3.079058015586132, 51.52551347859827],
            [-3.07839399692989, 51.524790532254194],
            [-3.0777430557593606, 51.52415657054509],
            [-3.077405012621643, 51.52376466738999],
            [-3.0772990356072, 51.52361673695198],
            [-3.0766040583943925, 51.523222714557846],
            [-3.075984146286385, 51.52304083494885],
            [-3.0755262614760794, 51.52282878250205],
            [-3.075048257958451, 51.522551812172935],
            [-3.0748082723745656, 51.52239287898578],
            [-3.074792302226497, 51.52238187553021],
            [-3.0746663238516674, 51.52228385058962],
            [-3.074383399190039, 51.52219886279505],
            [-3.073492365961448, 51.52210793263347],
            [-3.073229411401044, 51.52206295254572],
            [-3.072925538668833, 51.52193894876089],
            [-3.0726384126457473, 51.521766954732804],
            [-3.0723754883849783, 51.5216679318357],
            [-3.0721255827068417, 51.52157697186379],
            [-3.0707356271317363, 51.521132078330105],
            [-3.070174851551799, 51.5209251705487],
            [-3.069819839580511, 51.520777077818586],
            [-3.0694608838993056, 51.5206451152746],
            [-3.069190841597258, 51.520463156007],
            [-3.068988821080494, 51.52033614534262],
            [-3.068901833553705, 51.52026518376919],
            [-3.0689078507036918, 51.52024516716554],
            [-3.06994477007557, 51.51935532596302],
            [-3.0711765755527884, 51.518339428907794],
            [-3.0716075457829177, 51.51800944941269],
            [-3.07164745498438, 51.5179904717285],
            [-3.0723844853890268, 51.51775651195552],
            [-3.072697294826248, 51.51763648810973],
            [-3.072784416374168, 51.51759046247829],
            [-3.07288232601522, 51.517537414408004],
            [-3.0729843936546004, 51.517440538188836],
            [-3.0732172802319, 51.517139520043656],
            [-3.073241275307167, 51.517142537498664],
            [-3.073946212289898, 51.51759142844696],
            [-3.0739732801049837, 51.51759639580829],
            [-3.074932121846834, 51.51700853958209],
            [-3.0763298057078585, 51.516195540282354],
            [-3.0763558643340514, 51.516200516355354],
            [-3.0769188053982877, 51.51667155370084],
            [-3.077161054851071, 51.5168541102705],
            [-3.077571738036581, 51.517077470161986],
            [-3.07911762035107, 51.516158501073654],
            [-3.079955411495526, 51.51561155080325],
            [-3.0806624558557862, 51.515246624427746],
            [-3.0808493571125695, 51.51515462431614],
            [-3.0810902702983762, 51.515085684514325],
            [-3.0813092004761344, 51.51502566895757],
            [-3.0814923826378724, 51.51498360659539],
            [-3.0820571567073065, 51.51486761785222],
            [-3.082113128668912, 51.51485172541069],
            [-3.082149185229398, 51.51483466794708],
            [-3.0821703019289006, 51.51481963661469],
            [-3.0821601953312894, 51.51480669176497],
            [-3.0814902817677474, 51.51458465976824],
            [-3.0808023104737225, 51.51437268136582],
            [-3.080372356076098, 51.514229807037324],
            [-3.079886452205131, 51.51410974602598],
            [-3.07943044526486, 51.51401674289674],
            [-3.0792474970113006, 51.5139527865716],
            [-3.07888357195998, 51.5138838411421],
            [-3.0788445252237735, 51.51386585708977],
            [-3.078024499960466, 51.513241903983456],
            [-3.0780226579993433, 51.51322492641241],
            [-3.0784075620299287, 51.513065829339],
            [-3.0792724709896384, 51.5127719332034],
            [-3.07993527404082, 51.512560908150746],
            [-3.080150362624038, 51.51247296556517],
            [-3.08080921980083, 51.51219300474158],
            [-3.081358067043997, 51.511917021944214],
            [-3.0818800789740854, 51.511646049776495],
            [-3.082141035939184, 51.51154203458236],
            [-3.082518071410979, 51.51142301002685],
            [-3.0825420406172372, 51.51142503671385],
            [-3.0826199248493804, 51.51159201490473],
            [-3.082828945996909, 51.51183196463267],
            [-3.0828579579891686, 51.51183394469196],
            [-3.083611918242497, 51.51157305159843],
            [-3.084744728326985, 51.51116100433999],
            [-3.0855037033733743, 51.51092406072445],
            [-3.085676659724151, 51.51088307548429],
            [-3.085910639030266, 51.51085708075704],
            [-3.086328614030617, 51.51071509533131],
            [-3.0865235642792554, 51.51069009034811],
            [-3.0867915246003044, 51.51066908417604],
            [-3.0871544753031266, 51.51063110146101],
            [-3.0875873322170184, 51.51062412047867],
            [-3.0877843678447787, 51.51061411037972],
            [-3.0879474219057133, 51.51058706102115],
            [-3.0880372738112136, 51.510560061217696],
            [-3.0881023420368594, 51.51052708696009],
            [-3.0890031453033773, 51.512334891084656],
            [-3.089840026836382, 51.51381633993206],
            [-3.0901417261700117, 51.514513547958686],
            [-3.0897182154931095, 51.514684192190536],
            [-3.089975049359913, 51.51499301176346],
            [-3.0908352325714494, 51.51518445197617],
            [-3.089655435871195, 51.51579139705051],
            [-3.089062361721141, 51.515989420705765],
            [-3.087425572555676, 51.51679229130993],
            [-3.0893605784935176, 51.518467129535175],
            [-3.0909943339903374, 51.5196769852787],
            [-3.092901130777787, 51.520722871385104],
            [-3.0939961685008663, 51.5217416832353],
            [-3.0950649276360234, 51.5213087345093],
            [-3.096385733760784, 51.520652851019655],
            [-3.0976665805881156, 51.52026078631383],
            [-3.098398485759909, 51.52102767837446],
            [-3.09929933955482, 51.52050175940011],
            [-3.0998543764887643, 51.52093175877353],
            [-3.0994553881885905, 51.521313605223106],
            [-3.098803446215853, 51.52137861152668],
            [-3.0988455262702126, 51.52170758698403],
            [-3.0990483926638306, 51.52204557616017],
            [-3.0987225038909507, 51.522153564014815],
            [-3.0980975580090457, 51.52243654442967],
            [-3.097709542192331, 51.522550596128895],
            [-3.097353615601352, 51.522614531718574],
            [-3.097472607340454, 51.522833537538915],
            [-3.0976576824974793, 51.52280357125472],
            [-3.0977446485594156, 51.52296146254236],
            [-3.0976206903215724, 51.52299751091518],
            [-3.0978226837832135, 51.523161518983656],
            [-3.098155621002066, 51.52306452759449],
            [-3.0983656171969343, 51.52331541050068],
            [-3.098089694282008, 51.523637382985335],
            [-3.0978837616915804, 51.52357340105679],
            [-3.0976126542099696, 51.52353241832946],
            [-3.097460751468575, 51.52352736577732],
            [-3.09712276429982, 51.523594369805],
            [-3.0967808861845674, 51.523691441846694],
            [-3.0964847928714683, 51.52370239301009],
            [-3.0961679449863184, 51.52375543918671],
            [-3.095842949283756, 51.523865388792856],
            [-3.096414857765392, 51.52452930305032],
            [-3.096587855051102, 51.52459026854293],
            [-3.096743775262098, 51.52476235224308],
            [-3.096780818654839, 51.52488222614427],
            [-3.097188760410557, 51.52532026734293],
            [-3.09748080778451, 51.525614174173626],
            [-3.0977817512411874, 51.52594216582906],
            [-3.0976287691889914, 51.52624617155904],
            [-3.0966829495748276, 51.52638207354707],
            [-3.096069922295902, 51.52667805928772],
            [-3.0958099700133426, 51.52665809881855],
            [-3.0952520903316416, 51.52718609270265],
            [-3.094445202124073, 51.526961097318456],
            [-3.094041203453521, 51.527162056560215],
            [-3.0937093254461034, 51.527389047482885],
            [-3.0936082143643997, 51.52756101417831],
            [-3.0935702880108336, 51.52777699093168],
            [-3.0936472016443717, 51.52803892392513],
            [-3.0938641675510645, 51.52827392413831],
            [-3.0943303299455285, 51.52862088471694],
            [-3.0946913327570074, 51.52901279485407],
            [-3.0947192164688375, 51.52929775412091],
            [-3.094663222853587, 51.52963178214861],
            [-3.0945102280208, 51.52998469895232],
            [-3.095259124135773, 51.530091723768614],
            [-3.0959520611464386, 51.530233615349545],
            [-3.0969779030113638, 51.53047858269268],
            [-3.09788494262991, 51.530716650528134],
            [-3.098367852862927, 51.530918580634236],
            [-3.0987177259143825, 51.53112148533835],
            [-3.0990277457605835, 51.531351557976414],
            [-3.0994487301824836, 51.53129249278512],
            [-3.099686694461204, 51.53121248290783],
            [-3.10004078467692, 51.53205636871386],
            [-3.1034943792044016, 51.532731310889176],
            [-3.101144732949269, 51.53374887429206],
            [-3.0990697410440675, 51.53486038853011],
            [-3.0980150299048703, 51.53543926683792],
            [-3.097117721025135, 51.536065398770944],
            [-3.096348499928929, 51.536592765716755],
            [-3.096065687457787, 51.536757890283575],
            [-3.095904272974991, 51.536952901594866]
          ]
        ]
      }
    },
    {
      "type": "Feature",
      "properties": { "CATCHMENT_NAME": "PENTYRCH PRIMARY", "URN": "6812175" },
      "geometry": {
        "type": "Polygon",
        "coordinates": [
          [
            [-3.2906962883968927, 51.54957183926412],
            [-3.275143568233001, 51.533847939184795],
            [-3.2748276211433973, 51.533814956426184],
            [-3.274507628024683, 51.533693896037164],
            [-3.274331591158172, 51.53353395435764],
            [-3.274061693354686, 51.53312604594882],
            [-3.273762629826654, 51.53242208017076],
            [-3.2727117390152056, 51.532049173907645],
            [-3.2723057703231797, 51.531910157439064],
            [-3.2720448564140634, 51.53178728053071],
            [-3.271804865565816, 51.531432274704486],
            [-3.271811707218604, 51.52839859767271],
            [-3.275284238658203, 51.52658381685358],
            [-3.274432262270683, 51.52423413622599],
            [-3.2731644829328546, 51.52307616785534],
            [-3.2757851101201023, 51.52077542829662],
            [-3.2783495980707356, 51.51849169546684],
            [-3.278818603025379, 51.518085721492774],
            [-3.2792205862856925, 51.51771077951399],
            [-3.2800143740752397, 51.516644845689875],
            [-3.278744586397404, 51.516914968713685],
            [-3.2764133936541353, 51.517827149888866],
            [-3.27388709584468, 51.51919873346365],
            [-3.271519401035079, 51.51778886630215],
            [-3.2707124869000253, 51.51698797862246],
            [-3.270050573504908, 51.51645599254261],
            [-3.2694875333633027, 51.5162450235722],
            [-3.2671267750778132, 51.516357057733096],
            [-3.265192038297897, 51.5166410504912],
            [-3.264376186107882, 51.51516923806337],
            [-3.2637591577003096, 51.513261506446845],
            [-3.2631372006276234, 51.5122675848412],
            [-3.2618693576647524, 51.51067275688041],
            [-3.260385440151353, 51.50949494591669],
            [-3.2595365975638515, 51.50931901223338],
            [-3.258181734549323, 51.50887802533588],
            [-3.2578856532194997, 51.50878004244158],
            [-3.257804696368297, 51.50876004953293],
            [-3.257772719652885, 51.508750051788994],
            [-3.257241799765264, 51.50860108387204],
            [-3.2571847584137825, 51.508586139370074],
            [-3.2571267389365905, 51.508567069035664],
            [-3.2568678131050133, 51.508489096950655],
            [-3.2563718242557336, 51.508321137400884],
            [-3.2563038113810063, 51.50830019550385],
            [-3.256102902157804, 51.508220161458134],
            [-3.2553158968132214, 51.50790721719796],
            [-3.2521783156405006, 51.50668539910003],
            [-3.2494336727801563, 51.50590558105763],
            [-3.2506064046833982, 51.50490063973945],
            [-3.2516182141651604, 51.504071667868764],
            [-3.253425981901603, 51.502605824584464],
            [-3.2549557659762196, 51.501514025665884],
            [-3.256993490470802, 51.50038106426495],
            [-3.258246434048548, 51.49979915498281],
            [-3.2612009504092594, 51.49642150726629],
            [-3.2612308659589226, 51.496414531436],
            [-3.261280926330628, 51.49640149413167],
            [-3.2613309320702233, 51.49638647916287],
            [-3.261373791624297, 51.49637351927992],
            [-3.2614159012927315, 51.496359488413596],
            [-3.263558775506355, 51.49567244936612],
            [-3.2649320404776496, 51.49530758541795],
            [-3.2672341303213353, 51.49457362125841],
            [-3.268055985384795, 51.49456455606289],
            [-3.268321091409134, 51.49454559306346],
            [-3.2687979720541556, 51.49450653391094],
            [-3.269298836229006, 51.49440265086544],
            [-3.269787843659705, 51.49436462535374],
            [-3.2702098385056284, 51.49426860623429],
            [-3.2711347436327594, 51.49414258647002],
            [-3.271847567859217, 51.494051590838176],
            [-3.272599461788964, 51.493894615357235],
            [-3.2731803451219217, 51.493757655876145],
            [-3.2738913033956543, 51.49361559363836],
            [-3.2743673725169793, 51.49356860765236],
            [-3.27494920786273, 51.493512556767065],
            [-3.275544196041209, 51.49347362448959],
            [-3.276274054439405, 51.49348258713163],
            [-3.2769109376380237, 51.493499571551894],
            [-3.277561902143439, 51.49352557089898],
            [-3.278197854474477, 51.49351953902023],
            [-3.278530822920706, 51.493573547269285],
            [-3.278985742818312, 51.493733498637376],
            [-3.279400717883572, 51.49384550729383],
            [-3.279773652491864, 51.49393252606994],
            [-3.2803746846930637, 51.49408350376789],
            [-3.2809755684503097, 51.49420849320817],
            [-3.2817484042682876, 51.49435740695636],
            [-3.2824813909996484, 51.49448238324197],
            [-3.2829473866635026, 51.49454346625336],
            [-3.2834922395662356, 51.49459640073025],
            [-3.284076314470035, 51.49459944726894],
            [-3.284407258176175, 51.49460139750027],
            [-3.285095090967864, 51.4945444048612],
            [-3.2855180940512243, 51.49449040193892],
            [-3.286005985473994, 51.4943773278627],
            [-3.2866369611390645, 51.494204413682944],
            [-3.287558867740894, 51.49396337955259],
            [-3.2883087407871816, 51.49377242552579],
            [-3.2891906679691556, 51.49353946093812],
            [-3.2895865908717896, 51.49346047354681],
            [-3.2900625448011085, 51.493430419878074],
            [-3.2906305274493457, 51.49333344005487],
            [-3.2909854680942923, 51.493221448840444],
            [-3.2912863363817135, 51.493102498792744],
            [-3.291693269552996, 51.49294955878686],
            [-3.2920753051179847, 51.49285354124207],
            [-3.2923401639870367, 51.49282652370453],
            [-3.2927371603134894, 51.49282151784307],
            [-3.293374020401483, 51.49282249726259],
            [-3.294024084121675, 51.49286244265088],
            [-3.29400703759153, 51.492845456086094],
            [-3.294090890326517, 51.49292743675937],
            [-3.2943099921505072, 51.49291746504277],
            [-3.2946509639523045, 51.49331438358446],
            [-3.294801936990157, 51.49341639409527],
            [-3.295062007632324, 51.49414528978827],
            [-3.2951549933529765, 51.49442733045559],
            [-3.295243040587271, 51.494728218846944],
            [-3.29536585893218, 51.49498016629911],
            [-3.2955188429459197, 51.49523411823629],
            [-3.295881891781089, 51.49516410515344],
            [-3.295830918976677, 51.49569816302799],
            [-3.295845898799586, 51.496078987892346],
            [-3.2958869137237663, 51.49636699747215],
            [-3.29599284675171, 51.4967699264243],
            [-3.2960929934320573, 51.49703992778375],
            [-3.2961469016395926, 51.49736592072714],
            [-3.2961648596866806, 51.497541875165936],
            [-3.2962538964257075, 51.49779086801762],
            [-3.296398882429152, 51.49805183099304],
            [-3.296509857380779, 51.49821587660818],
            [-3.296799901254209, 51.49844574135548],
            [-3.296976944517544, 51.49861274252864],
            [-3.2972077936320763, 51.49888867052824],
            [-3.297491907518892, 51.49920366332191],
            [-3.2977948253035962, 51.499480591063154],
            [-3.2978797154034574, 51.499537559824546],
            [-3.2979228513394143, 51.4996106367632],
            [-3.2983747904035186, 51.49991459780024],
            [-3.298745718957687, 51.500044560376075],
            [-3.299022774108976, 51.50024749764851],
            [-3.299293615260871, 51.50035851515554],
            [-3.299837662965565, 51.50057746480765],
            [-3.300837385880011, 51.50071438625097],
            [-3.3019144498326223, 51.50087040269523],
            [-3.301846329722485, 51.50106340760761],
            [-3.302468352338095, 51.501156400892164],
            [-3.302730310880136, 51.501238375141256],
            [-3.3034602234519426, 51.501527358664404],
            [-3.3034802034402984, 51.50168728377859],
            [-3.3038122130434244, 51.501785291898116],
            [-3.303827234775304, 51.501645299529926],
            [-3.3043591334590303, 51.50186130612126],
            [-3.3049611037572753, 51.50211924243107],
            [-3.3055999551959068, 51.502291161340096],
            [-3.305865893354683, 51.502421191420744],
            [-3.306311933623687, 51.50266215394067],
            [-3.3066749049089625, 51.50289513841844],
            [-3.3071178910370866, 51.503175067213206],
            [-3.3075078007934726, 51.50346799512406],
            [-3.3078967878413104, 51.50379393261558],
            [-3.308116776247434, 51.503943982732345],
            [-3.308511803742801, 51.504213920671695],
            [-3.308993622607179, 51.504560938869936],
            [-3.309387599085384, 51.50479887414761],
            [-3.3095795973886797, 51.50487190302747],
            [-3.309982479278911, 51.50492782904003],
            [-3.310032614090214, 51.50498283940417],
            [-3.3106945221822817, 51.505157800161825],
            [-3.311561404944818, 51.50713659439878],
            [-3.311556476923223, 51.507140605989406],
            [-3.3113154741735316, 51.50734355271557],
            [-3.311140560781044, 51.50745952690008],
            [-3.3110014735248625, 51.50752348632063],
            [-3.310899654424828, 51.50754548600636],
            [-3.3146354006585796, 51.514826641135805],
            [-3.3148853106053573, 51.51554256765166],
            [-3.31492943743473, 51.51562354014138],
            [-3.3147173185751724, 51.51579955335135],
            [-3.3140344516044564, 51.51640445359325],
            [-3.3138155199319224, 51.516624422268706],
            [-3.3134975709097105, 51.51743033721813],
            [-3.3133996363870883, 51.51820420374766],
            [-3.3133556074540387, 51.51898322126551],
            [-3.3132496815520383, 51.51928914518451],
            [-3.313091782739259, 51.519557075396],
            [-3.3129446724785057, 51.51972912017653],
            [-3.3122738471183517, 51.520510027177465],
            [-3.31159885433087, 51.52122695399467],
            [-3.311729842565936, 51.52126595279665],
            [-3.3119548032027435, 51.521339868079444],
            [-3.3119908799429467, 51.521551944523544],
            [-3.3122229655362947, 51.52193878973418],
            [-3.312605820954062, 51.52203476566992],
            [-3.313013790155588, 51.522121826912304],
            [-3.313255674916231, 51.52226272018149],
            [-3.314114720357408, 51.52315274323739],
            [-3.319260097542163, 51.53706541529163],
            [-3.323005141038838, 51.537584869365396],
            [-3.3230025163093444, 51.537593800997946],
            [-3.3229880789757713, 51.53764288003076],
            [-3.322977186300772, 51.53769983199244],
            [-3.323068162821563, 51.53869880004533],
            [-3.3230471995701008, 51.53871180507058],
            [-3.3229161599370114, 51.538737741191746],
            [-3.3226572000724177, 51.538782833858654],
            [-3.3224251660795163, 51.53881170663743],
            [-3.32230130688593, 51.53882173529126],
            [-3.322044263852338, 51.53879370048903],
            [-3.3219822925725513, 51.538804739703146],
            [-3.321917294211866, 51.5388307396264],
            [-3.3218382276217238, 51.538898710592754],
            [-3.3217882575064808, 51.538950707636126],
            [-3.3217263230874132, 51.53901776610369],
            [-3.321670360791028, 51.53913169518485],
            [-3.3216823183278144, 51.53925573917564],
            [-3.321750388485258, 51.539335719776574],
            [-3.3220613799178795, 51.539498655749306],
            [-3.3221662578044246, 51.539629655142924],
            [-3.322195391683233, 51.539674646125555],
            [-3.322219290045308, 51.53980763731569],
            [-3.322210341726833, 51.53995160926194],
            [-3.32215636794779, 51.54003961934956],
            [-3.3221043807160373, 51.54011160136219],
            [-3.3218964196830725, 51.540309609891096],
            [-3.32167045125617, 51.54044856405446],
            [-3.3216543289178184, 51.540454500560955],
            [-3.3215503943679536, 51.540465562763195],
            [-3.3214584252031685, 51.54047154450276],
            [-3.321172394309242, 51.54046856217467],
            [-3.321073561468546, 51.540471563662585],
            [-3.3208695527772334, 51.54049256443863],
            [-3.320822460297198, 51.54050460442579],
            [-3.3206364826342307, 51.54058061226304],
            [-3.32062154515238, 51.54059759537232],
            [-3.3206325412902697, 51.54066859781039],
            [-3.3206654795514106, 51.54071552455485],
            [-3.320723484313958, 51.54077655615155],
            [-3.3207634891587907, 51.54080856659924],
            [-3.3208845325909997, 51.54084550923063],
            [-3.32132240670967, 51.541062498503415],
            [-3.3218013573830687, 51.541313462397085],
            [-3.322066411901938, 51.54141343291789],
            [-3.3227113520133047, 51.54169938905006],
            [-3.322708356331741, 51.54171542848449],
            [-3.322495335042587, 51.541863409963895],
            [-3.322092337007987, 51.542193371279396],
            [-3.3219334066239714, 51.54228229441916],
            [-3.3217775098387716, 51.542391325096716],
            [-3.321595455538284, 51.54250838335094],
            [-3.321376577626809, 51.542708312214984],
            [-3.3212514816213914, 51.542840284310074],
            [-3.3212354765050263, 51.54284532023886],
            [-3.3211834753198475, 51.54284230919406],
            [-3.3207965671877826, 51.54280728183605],
            [-3.3205116105612666, 51.542747276862784],
            [-3.3203237359718463, 51.54269831757514],
            [-3.3201216426888953, 51.54266129745009],
            [-3.3195667436025578, 51.54266133682611],
            [-3.3192327663826457, 51.54267633344437],
            [-3.3190536963062325, 51.54273229891147],
            [-3.318917771443973, 51.54276431002432],
            [-3.3188978740455255, 51.542779370447114],
            [-3.3189087225173997, 51.54284533918938],
            [-3.3189407143979226, 51.54296924800617],
            [-3.3189647736286028, 51.5430332698066],
            [-3.319049839524094, 51.5431922797634],
            [-3.3190317574355777, 51.54320030608438],
            [-3.318177878451957, 51.54315928040996],
            [-3.3170960735202986, 51.543170353607415],
            [-3.3152271860742206, 51.54326631656053],
            [-3.3145773311176305, 51.543319280420114],
            [-3.3145553831997434, 51.543308286478826],
            [-3.314501338389101, 51.54322436799564],
            [-3.3144583074676817, 51.543187353863544],
            [-3.3144082973619136, 51.54314834977887],
            [-3.314293280543914, 51.543075365223416],
            [-3.3142653334151206, 51.543071362234855],
            [-3.3141253946274567, 51.54315439699637],
            [-3.3140504627153016, 51.543186348541234],
            [-3.3138683576441474, 51.54324737553399],
            [-3.3135343688968315, 51.54335731081107],
            [-3.3131804519391834, 51.54344130171661],
            [-3.3126985909943834, 51.54359937824474],
            [-3.3126635730637575, 51.543620271728244],
            [-3.3124914960091187, 51.54376930524281],
            [-3.3122776224827244, 51.543929236739885],
            [-3.3120015692669074, 51.544068282716026],
            [-3.3118315410952173, 51.54412323675723],
            [-3.3112857623798484, 51.54419030457906],
            [-3.3108367710128195, 51.54426824753751],
            [-3.310657858337743, 51.54431520641889],
            [-3.3100968056335764, 51.54448323884223],
            [-3.310094871306412, 51.54450124429766],
            [-3.3103369113185908, 51.54478421421242],
            [-3.310843787538459, 51.545335151035545],
            [-3.3109637913444003, 51.54545619001034],
            [-3.311284786256071, 51.545711119916675],
            [-3.3116677301504986, 51.54610410163999],
            [-3.3116756613301885, 51.54611911938547],
            [-3.311692727272812, 51.54620102481987],
            [-3.311680669278667, 51.54622804550954],
            [-3.31157976809664, 51.54631001116408],
            [-3.3109528212434607, 51.546715002129496],
            [-3.3109428394261857, 51.5467339967239],
            [-3.3110618022626235, 51.54690396328134],
            [-3.311111803732579, 51.54703792357511],
            [-3.311104794131127, 51.54704492570377],
            [-3.3110227632529603, 51.5470509679495],
            [-3.3109448250801266, 51.54707395913185],
            [-3.31080688538415, 51.54714689651023],
            [-3.310756837908039, 51.54718189482655],
            [-3.3106619624001166, 51.54726289313861],
            [-3.3105647792152038, 51.54736396913986],
            [-3.310512965471512, 51.54742785115147],
            [-3.3103529344107945, 51.54801186582417],
            [-3.3103149527308933, 51.548210831705546],
            [-3.310359873107928, 51.54836373207822],
            [-3.31035894296274, 51.548436756859815],
            [-3.31033789707725, 51.548612783990144],
            [-3.3103200580530077, 51.54872475282205],
            [-3.3102990204429275, 51.548800699780784],
            [-3.310273917838953, 51.54888073850425],
            [-3.3102649745771715, 51.54889072951122],
            [-3.310132044963518, 51.548977637478906],
            [-3.310081968246541, 51.5490016656719],
            [-3.3100490568084835, 51.54900068444543],
            [-3.309976141155732, 51.54897272460825],
            [-3.3099310394586503, 51.548888794150756],
            [-3.3099040122843353, 51.548871741557996],
            [-3.309889071558739, 51.54886876122592],
            [-3.3097890072171077, 51.54887473420827],
            [-3.3096630676920014, 51.54890878102772],
            [-3.3095030048112046, 51.54891973974118],
            [-3.3094550959357427, 51.54891380037628],
            [-3.309349094284108, 51.54888378166735],
            [-3.3093190676116824, 51.54886271605798],
            [-3.3092270528634016, 51.54867185553242],
            [-3.309216148858902, 51.54866379458626],
            [-3.309123100682909, 51.54863282182795],
            [-3.308722076390983, 51.54859476487696],
            [-3.308496144647863, 51.548536769719306],
            [-3.3083232564063287, 51.548502820381664],
            [-3.308106259185687, 51.54849480980973],
            [-3.3074642838726738, 51.54838282415471],
            [-3.307415389930654, 51.54838273968576],
            [-3.307188263583717, 51.548418810790494],
            [-3.3071153128106126, 51.548424749103525],
            [-3.3069863821899648, 51.548404784955466],
            [-3.306811311545409, 51.54832985456876],
            [-3.3065794678508875, 51.54813083841146],
            [-3.306552414099693, 51.54811783171021],
            [-3.306449384829593, 51.548105851038926],
            [-3.3064323952549257, 51.54810684953072],
            [-3.3062224856880476, 51.548154866107936],
            [-3.306082382653153, 51.54817782690493],
            [-3.3060664614858055, 51.548175846115015],
            [-3.3059235186560243, 51.54812483486465],
            [-3.305912473760889, 51.54811686510129],
            [-3.3058595305007636, 51.54804587884096],
            [-3.30571645203761, 51.547964925766294],
            [-3.3054934105974034, 51.547911928148366],
            [-3.3052245292597213, 51.54788488730299],
            [-3.305103584230424, 51.54788686243287],
            [-3.30476852548707, 51.54791091154574],
            [-3.3044216508654567, 51.547884916203905],
            [-3.3041376329053067, 51.547832863826706],
            [-3.3038587170743976, 51.547807909637505],
            [-3.303523749493381, 51.54780992398868],
            [-3.3032588397965394, 51.54782590578306],
            [-3.3031747539045107, 51.547840867357316],
            [-3.303089746069568, 51.547858896363806],
            [-3.3028788458358527, 51.54793794006072],
            [-3.3026327674808713, 51.54796189391752],
            [-3.302092803461652, 51.54806293346121],
            [-3.3019708719813834, 51.54809099285835],
            [-3.301744999336356, 51.54815086806901],
            [-3.301325998314688, 51.5482708833583],
            [-3.300883117777089, 51.54837290838257],
            [-3.3006371069721965, 51.54844990957008],
            [-3.300591124073769, 51.54845581456018],
            [-3.3004430417532493, 51.54845197125795],
            [-3.300097082034211, 51.54852387489873],
            [-3.2999261805799116, 51.54859986226739],
            [-3.299910114669041, 51.54860291771688],
            [-3.2998652042894876, 51.54859586218365],
            [-3.2993483469332996, 51.54840997085265],
            [-3.29928322253421, 51.548305936443676],
            [-3.2991152157219377, 51.54818487779515],
            [-3.298624390322871, 51.54789996380253],
            [-3.298410393301083, 51.54783507321826],
            [-3.2982292952714243, 51.54779607452471],
            [-3.2981803174545328, 51.54779301980654],
            [-3.298031390215968, 51.54780500858308],
            [-3.2980073316289142, 51.547816065098885],
            [-3.2980013186987374, 51.54785308838877],
            [-3.29798042593986, 51.54786896549943],
            [-3.297810336473128, 51.54793298156311],
            [-3.2977063928137804, 51.54797999027298],
            [-3.297326469963301, 51.54816600913237],
            [-3.2972963866069684, 51.548163014833435],
            [-3.2972264514248777, 51.54813303592202],
            [-3.2970965782882007, 51.54810003307751],
            [-3.2970494453912425, 51.54810100384507],
            [-3.2952387175137248, 51.5485469583108],
            [-3.292498074520876, 51.54923485590763],
            [-3.292173103036586, 51.5493558703887],
            [-3.2920590958498814, 51.549378886599634],
            [-3.2907142677774264, 51.5495548265778],
            [-3.2906962883968927, 51.54957183926412]
          ]
        ]
      }
    },
    {
      "type": "Feature",
      "properties": {
        "CATCHMENT_NAME": "Trowbridge Primary",
        "URN": "6812324"
      },
      "geometry": {
        "type": "Polygon",
        "coordinates": [
          [
            [-3.1146195084794135, 51.51500315624817],
            [-3.1142885818787835, 51.51539717561238],
            [-3.114006436942702, 51.51567617481276],
            [-3.113672507151406, 51.51597113102333],
            [-3.1132675449768032, 51.51639111745151],
            [-3.1132025984399005, 51.51647005271667],
            [-3.1131516235190917, 51.51652502700542],
            [-3.1131037011824834, 51.51658698591667],
            [-3.1130505943600393, 51.516655018532575],
            [-3.1129817167879574, 51.51675008633526],
            [-3.11277567071343, 51.51709489967613],
            [-3.1126448156010555, 51.51737902384584],
            [-3.112601679399676, 51.51746593438254],
            [-3.112554730327365, 51.517567897408895],
            [-3.1125237735147757, 51.51765190490612],
            [-3.1124967311277505, 51.51773686436032],
            [-3.1124727890323527, 51.51782485161517],
            [-3.112439816252057, 51.51797991356334],
            [-3.112420799818986, 51.51807486769664],
            [-3.112387771846588, 51.5183577937759],
            [-3.1123808038892427, 51.518420802582774],
            [-3.112375853211076, 51.51848379225431],
            [-3.1123729010898624, 51.518557822902125],
            [-3.112371822171426, 51.518631835781356],
            [-3.1123697056261217, 51.51869875496718],
            [-3.1123698967634366, 51.518765742181785],
            [-3.1123699053070872, 51.51878975024872],
            [-3.112369769757252, 51.518813759682274],
            [-3.1123718219024994, 51.51883882738314],
            [-3.1123737277656462, 51.5188638065532],
            [-3.1123788063824622, 51.51889478014552],
            [-3.1123848454684, 51.51892376642786],
            [-3.112406920839064, 51.51906077213963],
            [-3.112498950271735, 51.51955471874929],
            [-3.1125529024178262, 51.519893737852804],
            [-3.1127669440931296, 51.520940512270116],
            [-3.109298265295771, 51.52082365921746],
            [-3.108914245540196, 51.520916579607366],
            [-3.108732334077109, 51.5209515692196],
            [-3.1085192791290934, 51.52094459141733],
            [-3.1082594019436063, 51.52102158961326],
            [-3.108027342941708, 51.521009575251334],
            [-3.107992389796632, 51.52100657851006],
            [-3.1079554192445706, 51.52100360081742],
            [-3.1079174378093857, 51.52100054274479],
            [-3.1078814279674463, 51.520995577755016],
            [-3.1078465469377314, 51.52098961299199],
            [-3.1078105109290073, 51.520983569210564],
            [-3.107774477111492, 51.52097761531545],
            [-3.1077493949583217, 51.52097155796563],
            [-3.1077213827996917, 51.52096355008719],
            [-3.107693466754799, 51.52095356309625],
            [-3.1076555074246195, 51.52093953472288],
            [-3.107618508828357, 51.52092351906571],
            [-3.1075825691349204, 51.52090956151264],
            [-3.1075475661814274, 51.52089262780514],
            [-3.1074664340857314, 51.520857606572115],
            [-3.1073865271925687, 51.520813671823106],
            [-3.1072365344728103, 51.52072660862141],
            [-3.1069735052015868, 51.52056669955479],
            [-3.1068314417168645, 51.52047965091124],
            [-3.106594625234109, 51.520336667961814],
            [-3.106187522036478, 51.52008972700566],
            [-3.106055528445628, 51.520007707774724],
            [-3.105938601379636, 51.51994074247521],
            [-3.105802549985452, 51.519857772127224],
            [-3.1056396390008927, 51.519760757869875],
            [-3.1056146042885744, 51.51974471870962],
            [-3.1056075896486526, 51.51974073852497],
            [-3.105591637031528, 51.519730728169925],
            [-3.1055776778262985, 51.51971970992157],
            [-3.1055676593225034, 51.51971072263883],
            [-3.105558697793121, 51.519697768994924],
            [-3.105547716736732, 51.519684744470005],
            [-3.1055306361175035, 51.51966386465045],
            [-3.105515664708955, 51.519640806911404],
            [-3.1055147522290927, 51.519638837314815],
            [-3.1055077101045794, 51.519621819259115],
            [-3.1055036940123406, 51.519604772678214],
            [-3.1055006887757073, 51.519587806486435],
            [-3.105496649138646, 51.51956383643356],
            [-3.1054966202533136, 51.51953883947441],
            [-3.1054967382228407, 51.51953775934518],
            [-3.1054996431173065, 51.51952082735978],
            [-3.1055055958024247, 51.51950476582524],
            [-3.105505571852709, 51.519503776951915],
            [-3.105514671095793, 51.51948076206207],
            [-3.1055256697059863, 51.51945880828395],
            [-3.1055536223372786, 51.519422757376105],
            [-3.1057976329068744, 51.51917884690777],
            [-3.106104491026743, 51.51887589640038],
            [-3.1062326388575063, 51.51874583502546],
            [-3.106336485308994, 51.51864189917661],
            [-3.1059815403151347, 51.51847692035318],
            [-3.106041427603212, 51.5183729497254],
            [-3.1057596859708836, 51.5182549364215],
            [-3.1056035344128547, 51.51804402203391],
            [-3.1052186427420256, 51.51788597716893],
            [-3.104669765695448, 51.517854012418],
            [-3.104542753029439, 51.51749499675623],
            [-3.104299672886935, 51.51724704380566],
            [-3.102949830675118, 51.516585091024375],
            [-3.103269741906919, 51.516333188461246],
            [-3.1021289664656893, 51.51571529733071],
            [-3.1027829258417476, 51.515200392753165],
            [-3.102077841807777, 51.51480940294591],
            [-3.102112865000641, 51.51443942029517],
            [-3.1020808593259264, 51.51431950050923],
            [-3.101810967982042, 51.514183472683406],
            [-3.101472995048092, 51.514140429660124],
            [-3.101107877011711, 51.51401752347257],
            [-3.100750948547386, 51.51389948478058],
            [-3.0999850545347685, 51.51367459252269],
            [-3.0995121927688634, 51.51353551759279],
            [-3.099264176543954, 51.51349351304874],
            [-3.099085214374275, 51.513434585627536],
            [-3.0989962021327124, 51.51341860514302],
            [-3.098890232485145, 51.51339262274237],
            [-3.0986582599164825, 51.51332259195652],
            [-3.0985543356427763, 51.5133875872527],
            [-3.098458288586285, 51.51345655498685],
            [-3.0983702165927673, 51.51352158146537],
            [-3.098277291928097, 51.513594566119316],
            [-3.098087358546174, 51.51367861984727],
            [-3.0978933149864023, 51.51381351548881],
            [-3.097280438800918, 51.51397058385998],
            [-3.0969305367413207, 51.514030595634175],
            [-3.0963795471315123, 51.5141965217824],
            [-3.095422653707823, 51.51464147686194],
            [-3.0947297217419445, 51.51488047562018],
            [-3.0941217677186796, 51.5150214760029],
            [-3.093752807897701, 51.51506250349503],
            [-3.092543013084343, 51.515040510870186],
            [-3.0915241928942883, 51.51505557301173],
            [-3.0908352325714494, 51.51518445197617],
            [-3.089975049359913, 51.51499301176346],
            [-3.0897182154931095, 51.514684192190536],
            [-3.0901417261700117, 51.514513547958686],
            [-3.089840026836382, 51.51381633993206],
            [-3.0890031453033773, 51.512334891084656],
            [-3.0881023420368594, 51.51052708696009],
            [-3.088297372173118, 51.51032413032378],
            [-3.0885482454061854, 51.51008819455031],
            [-3.0886382183238608, 51.51003610599914],
            [-3.088739334281878, 51.51000414550215],
            [-3.0887853264106586, 51.509999132665705],
            [-3.088947170706756, 51.51001210670463],
            [-3.0892082139544557, 51.51010607459325],
            [-3.089610137892498, 51.51022211168441],
            [-3.089762134465881, 51.510245067097436],
            [-3.0899080836756503, 51.51024407037836],
            [-3.089951171242497, 51.51023207046655],
            [-3.090181991388906, 51.51008003133275],
            [-3.090352050096635, 51.50993610983602],
            [-3.0903439830798107, 51.50991811129701],
            [-3.0898251079517696, 51.50959913940793],
            [-3.08950915697172, 51.509414236294006],
            [-3.0892921866859924, 51.509307181231215],
            [-3.089146160670042, 51.50921421344981],
            [-3.0889202314956954, 51.5089972710207],
            [-3.0887472291270024, 51.50881229722361],
            [-3.088716176216497, 51.50880925855634],
            [-3.088572291528604, 51.50883622098669],
            [-3.0885221991594793, 51.50882634539317],
            [-3.0884742168210355, 51.50880826764179],
            [-3.0884582717795626, 51.508798254893826],
            [-3.0883403095057687, 51.508649276372886],
            [-3.0879683506184596, 51.5080423635368],
            [-3.0872612780894353, 51.50705550574037],
            [-3.08702636792879, 51.50669045778767],
            [-3.0867733262246237, 51.506356509245656],
            [-3.086774490115944, 51.50631459659223],
            [-3.0867853278144324, 51.506285632417836],
            [-3.086841314707728, 51.506240604030275],
            [-3.087179303406456, 51.506075528310014],
            [-3.0871882646142663, 51.50605854061099],
            [-3.0862063951310934, 51.50509868147036],
            [-3.087535443632594, 51.50473055661961],
            [-3.0897061436965965, 51.50466229835372],
            [-3.0921974745608507, 51.50440955892302],
            [-3.0934477374395475, 51.50447262914745],
            [-3.0957327912114616, 51.5056043208358],
            [-3.0979958071300167, 51.506527833965755],
            [-3.0989642917090263, 51.506961788789894],
            [-3.1003026296804874, 51.50713069369386],
            [-3.1009586473468715, 51.50738071348359],
            [-3.101416225701677, 51.50791017126189],
            [-3.1033551118026743, 51.508863420971814],
            [-3.1053372975129765, 51.5087089772921],
            [-3.1053683962274423, 51.508696005680065],
            [-3.105339030610998, 51.5087091407926],
            [-3.1053813191640383, 51.50871197923397],
            [-3.105441254345236, 51.50878901371048],
            [-3.1055642783533153, 51.5089899901687],
            [-3.1056852097800456, 51.509164010749274],
            [-3.105780244132895, 51.50929205742408],
            [-3.1058772008263675, 51.509439957826125],
            [-3.1060291870183705, 51.50961692224022],
            [-3.1061112272596536, 51.50973789774003],
            [-3.106223323143027, 51.50989797385184],
            [-3.106277252247593, 51.50997083839602],
            [-3.1063082196004848, 51.510017843249074],
            [-3.1063302732555513, 51.510047847721665],
            [-3.1063383229278854, 51.51005892164108],
            [-3.10636419453654, 51.510085922785244],
            [-3.106522141362857, 51.51027083304327],
            [-3.106727273817141, 51.51030378553674],
            [-3.1074961078020955, 51.510448848558205],
            [-3.1075390527078803, 51.51046085168928],
            [-3.107651075393124, 51.51049288354827],
            [-3.10771414816443, 51.51051485725814],
            [-3.1077721284597883, 51.51053481092081],
            [-3.1078591251165277, 51.51056878743479],
            [-3.1079171076220136, 51.510594765527806],
            [-3.1079261401771903, 51.51059881642953],
            [-3.1080030981137714, 51.51063477596406],
            [-3.108024090430972, 51.51064473837865],
            [-3.1081241341969643, 51.51069378760234],
            [-3.1082480759629885, 51.51075376075663],
            [-3.108375023813049, 51.510818830708246],
            [-3.108432022417355, 51.5108517415523],
            [-3.1085450157545993, 51.510917752483834],
            [-3.108637014624819, 51.51097371110738],
            [-3.108726062484386, 51.511032754780175],
            [-3.1088439856799015, 51.51111778148303],
            [-3.1089670478298537, 51.51120671587325],
            [-3.109089029908067, 51.51129269304759],
            [-3.109218988800046, 51.51138668728668],
            [-3.1093829165995506, 51.51150868428207],
            [-3.109560920671682, 51.51163468410362],
            [-3.1097718598252566, 51.51178761720764],
            [-3.1101088537183594, 51.51204564008649],
            [-3.1112477324877994, 51.512685591888015],
            [-3.1128306203957954, 51.51367335001885],
            [-3.113536564856109, 51.51423834904272],
            [-3.1135884839088326, 51.51428128654584],
            [-3.113722530349135, 51.51440032418166],
            [-3.113817505153121, 51.51447729135928],
            [-3.113897538441657, 51.51454432954044],
            [-3.113991554232833, 51.51462921849072],
            [-3.114071485721484, 51.51468025207545],
            [-3.114224472861974, 51.514766289048104],
            [-3.114285475387478, 51.514815254378455],
            [-3.114335450338357, 51.514855242722284],
            [-3.114435484514268, 51.514909142259015],
            [-3.1145164701181156, 51.51495018460092],
            [-3.1146195084794135, 51.51500315624817]
          ]
        ]
      }
    },
    {
      "type": "Feature",
      "properties": {
        "CATCHMENT_NAME": "RADYR PRIMARY SCHOOL",
        "URN": "6812132"
      },
      "geometry": {
        "type": "Polygon",
        "coordinates": [
          [
            [-3.2731644829328546, 51.52307616785534],
            [-3.2697697717216614, 51.52203942532187],
            [-3.2690218274075074, 51.521624450829904],
            [-3.269311845706302, 51.521469438630426],
            [-3.269009902019017, 51.52127848061346],
            [-3.2686407782090283, 51.52135144225715],
            [-3.2682309263959906, 51.52133852068066],
            [-3.2680128463984093, 51.52117246001158],
            [-3.2679729476441417, 51.52112154749603],
            [-3.2676788887434887, 51.52114154133203],
            [-3.2676200141886125, 51.52095748354561],
            [-3.2674649876308597, 51.5206535235153],
            [-3.267223997291837, 51.520165618164576],
            [-3.266453056928907, 51.520379591372674],
            [-3.26586515991866, 51.5204896154394],
            [-3.265515233585144, 51.51983572252297],
            [-3.2651772540415016, 51.51933168498989],
            [-3.2641853331373274, 51.51957572221745],
            [-3.262729438517732, 51.52004370096297],
            [-3.2620246489030875, 51.520294608872234],
            [-3.262016577087227, 51.520273744553485],
            [-3.2617035557157372, 51.52033762821975],
            [-3.261285734581296, 51.520416665594986],
            [-3.2600147848991887, 51.52065764330965],
            [-3.259499963332634, 51.52075264301152],
            [-3.2595658452971845, 51.520883667080575],
            [-3.2596568117770346, 51.520962628224744],
            [-3.259474903153721, 51.52122867462617],
            [-3.259295041098737, 51.521302541437514],
            [-3.259118079232256, 51.521690554476464],
            [-3.2590479046728076, 51.52174355091195],
            [-3.258721060648239, 51.52201753622449],
            [-3.2586761439613996, 51.52236447688019],
            [-3.259546980624419, 51.5230884183449],
            [-3.2595309988896983, 51.52318831034101],
            [-3.2596000496185233, 51.523324335794875],
            [-3.2593350291787613, 51.52344137920278],
            [-3.2590720040598886, 51.52352629944357],
            [-3.258819095967272, 51.52359132828446],
            [-3.2585150357937467, 51.52366230064516],
            [-3.2579552638988036, 51.52380129658951],
            [-3.2574683065958165, 51.52392026645693],
            [-3.2572223950988213, 51.523988274066085],
            [-3.2574512965094833, 51.52419227439218],
            [-3.2577241817865836, 51.52436028453493],
            [-3.257799196275171, 51.524472238643796],
            [-3.257919135631115, 51.5248961798431],
            [-3.257740169556715, 51.52520715128224],
            [-3.2578722952323824, 51.52536713909657],
            [-3.259536046644769, 51.525173131504744],
            [-3.2606909571808558, 51.52499014604868],
            [-3.2615488183571393, 51.52597695587681],
            [-3.261552871493381, 51.52613400101776],
            [-3.2616918641877723, 51.52640100439505],
            [-3.2619057250561077, 51.52654994752518],
            [-3.2621088108059935, 51.52666888331136],
            [-3.2622817953808263, 51.52676791091769],
            [-3.262485786748329, 51.52685698315449],
            [-3.262694790475962, 51.52694483212526],
            [-3.2629138453761124, 51.52709893281639],
            [-3.2629567580312155, 51.52708687115138],
            [-3.2630027262929557, 51.5271279187749],
            [-3.263189649423096, 51.527365809929215],
            [-3.263350659307098, 51.52750075275474],
            [-3.2636016746008907, 51.52769479166288],
            [-3.2639427195953985, 51.52777177423546],
            [-3.2640666119292208, 51.527794807088654],
            [-3.264280648310392, 51.527824691084135],
            [-3.2651095161261914, 51.52793777347555],
            [-3.2650314602072044, 51.528023768845806],
            [-3.264890531187549, 51.52812464948132],
            [-3.264719476980223, 51.52819968833173],
            [-3.264542554709165, 51.528260672894916],
            [-3.2599721543627593, 51.52950857278553],
            [-3.2587431817334025, 51.52869379414413],
            [-3.257349469337666, 51.529123720248684],
            [-3.257199455906611, 51.530606564896864],
            [-3.258328403793807, 51.53132738830294],
            [-3.2588873694087557, 51.53195531924555],
            [-3.2591513470342437, 51.53237330665429],
            [-3.2573915675253087, 51.53257130436047],
            [-3.2569484954702377, 51.532685305093075],
            [-3.2553278084786186, 51.533045253764406],
            [-3.2539348649096973, 51.532234427999214],
            [-3.253170929889052, 51.528996786360345],
            [-3.252987118316451, 51.52693330972639],
            [-3.252526916769238, 51.526678988730126],
            [-3.251945850247682, 51.52615413086413],
            [-3.2520869720778816, 51.52568117866874],
            [-3.252233912246177, 51.52514719899483],
            [-3.252760838716424, 51.524330321654155],
            [-3.2527878147572387, 51.524336327835705],
            [-3.252899911911982, 51.52424530117841],
            [-3.2529147184244858, 51.52421232252813],
            [-3.252925795935155, 51.524164277304386],
            [-3.2529307549962043, 51.52412439016342],
            [-3.252931906747364, 51.52410333678901],
            [-3.2529907258735, 51.52399336676384],
            [-3.253004749070589, 51.52396336379949],
            [-3.2530078308827433, 51.523944357942426],
            [-3.253019754304145, 51.52384837678559],
            [-3.253029790984716, 51.52382543009966],
            [-3.253067788603071, 51.52376037228356],
            [-3.2530937913099893, 51.52372044012888],
            [-3.2531268253379104, 51.52367935380953],
            [-3.253197655970214, 51.5235974000079],
            [-3.253246725490897, 51.5235523657009],
            [-3.253300720584821, 51.5235134831547],
            [-3.253339767653804, 51.523481414344936],
            [-3.2533458093951877, 51.523470469565034],
            [-3.25333869040861, 51.52344743643171],
            [-3.253325711742337, 51.52343147960959],
            [-3.2532898312278578, 51.523400391357214],
            [-3.253279791383753, 51.52338647126427],
            [-3.2532767498425104, 51.523375443715764],
            [-3.2532807173995675, 51.52336245296462],
            [-3.2532857479666073, 51.523351429074175],
            [-3.253313676646124, 51.52333440565961],
            [-3.2533967362059157, 51.52328837861003],
            [-3.253413623385617, 51.523273451395106],
            [-3.2534246659799373, 51.5232504040022],
            [-3.2534347494978135, 51.52321342939488],
            [-3.2534507435737017, 51.523176481534996],
            [-3.253460708953573, 51.523161448452925],
            [-3.2534776775389957, 51.5231494876891],
            [-3.25350767190079, 51.52313945584047],
            [-3.253581644320092, 51.52309847133341],
            [-3.253691705379651, 51.523017446669186],
            [-3.253716676041409, 51.522992451974936],
            [-3.2537716476881395, 51.52293143865973],
            [-3.2538867146462738, 51.52281753980961],
            [-3.253993624148836, 51.52272153205356],
            [-3.254744456686681, 51.52198758418388],
            [-3.2550134136094377, 51.52132164248438],
            [-3.255166485621074, 51.52101760617653],
            [-3.2551593689903515, 51.52097371187077],
            [-3.2551464021375813, 51.52092673300516],
            [-3.255126418952092, 51.52086571191947],
            [-3.2550994000052857, 51.52080566531883],
            [-3.2550924189983492, 51.52078766627685],
            [-3.255067378903163, 51.520736680326806],
            [-3.2550404656665464, 51.520685714416736],
            [-3.2550103824665797, 51.52063478242303],
            [-3.2549874218851618, 51.52060175803583],
            [-3.2549424412479664, 51.52054370198967],
            [-3.254896481742565, 51.52048673543046],
            [-3.2544355082987595, 51.5199558387517],
            [-3.25318467467794, 51.51902991588261],
            [-3.2531776829411427, 51.5190219877882],
            [-3.253171607554961, 51.519015938204234],
            [-3.25315070298292, 51.51899997613118],
            [-3.253128664519813, 51.51898996083632],
            [-3.25312166444164, 51.518986978382564],
            [-3.2531165646400244, 51.518984964734386],
            [-3.253067676129493, 51.5189629173979],
            [-3.2530594962201644, 51.51895895843581],
            [-3.253049557658382, 51.518953939233725],
            [-3.2530206361180554, 51.51893995109914],
            [-3.2530045077364087, 51.518929962554004],
            [-3.252917700796705, 51.51887594937787],
            [-3.252785723013798, 51.518783034082446],
            [-3.252709608589709, 51.51872998556014],
            [-3.252562680829014, 51.518627968031645],
            [-3.2524257252222184, 51.51852692285359],
            [-3.252413633976465, 51.51851698103237],
            [-3.2523766916362975, 51.51848905100413],
            [-3.2523375855956544, 51.51846105415065],
            [-3.252240608067033, 51.518404001912586],
            [-3.2522335810103304, 51.51840003058318],
            [-3.2521187136201766, 51.518337054763656],
            [-3.25200481953906, 51.51827802488524],
            [-3.2519686980635, 51.51825898796462],
            [-3.251911693930045, 51.518230013091284],
            [-3.2518776795627633, 51.51820897542722],
            [-3.251838714585369, 51.51818610229574],
            [-3.2518087581936763, 51.51817113579935],
            [-3.2517677084350685, 51.518151072392364],
            [-3.2517446620935573, 51.518141067596765],
            [-3.2517026876081623, 51.5181240712895],
            [-3.251613831346687, 51.518095076558495],
            [-3.25147380412729, 51.518050082705955],
            [-3.2513248747100003, 51.51800104739228],
            [-3.251196803372804, 51.51796105103278],
            [-3.2511758852987453, 51.51795506978252],
            [-3.2511226973014766, 51.51793909209492],
            [-3.251047760018958, 51.51791309561453],
            [-3.251008748968946, 51.517899034779816],
            [-3.2509898234824997, 51.51789213304899],
            [-3.2509608404533332, 51.517881112397895],
            [-3.2509448508474508, 51.517876157564714],
            [-3.2508478554672258, 51.517855161962196],
            [-3.2508099011544895, 51.517848103486344],
            [-3.2507448062086333, 51.5178341409263],
            [-3.250699735194888, 51.51782509017434],
            [-3.250664926134628, 51.51781709891652],
            [-3.2506228291845805, 51.5178061281155],
            [-3.250583812183447, 51.51779710267744],
            [-3.2505088064377197, 51.517779109390986],
            [-3.250446773163146, 51.51776115757523],
            [-3.2504388793989833, 51.51775710546109],
            [-3.2503499014458987, 51.517734135658955],
            [-3.2503389191199474, 51.51773308380051],
            [-3.2503328676290693, 51.51773314831958],
            [-3.2503268407601613, 51.51773411176758],
            [-3.250325859262494, 51.51773511134286],
            [-3.2503208976053815, 51.51773813157474],
            [-3.2503189346095733, 51.51774013072517],
            [-3.250316971613597, 51.51774212987559],
            [-3.2503118929558568, 51.51774614046541],
            [-3.2503059202522864, 51.51774908155672],
            [-3.250301913007241, 51.51775011339052],
            [-3.250293868970967, 51.517751098342615],
            [-3.250285941934192, 51.517751092935846],
            [-3.250279833812315, 51.51774908991491],
            [-3.2502738426910747, 51.517746096535305],
            [-3.250248860961484, 51.51773907941343],
            [-3.2502099069277897, 51.51772708584731],
            [-3.250171901117155, 51.517718139411954],
            [-3.250131875696694, 51.517709124574075],
            [-3.2499449823040316, 51.5176630998592],
            [-3.2499210092496744, 51.51765607191691],
            [-3.249876037215459, 51.51764009601812],
            [-3.249855929807302, 51.51763212767164],
            [-3.2498139564844744, 51.51761513067915],
            [-3.24968697398392, 51.51756217271268],
            [-3.249608010093969, 51.51753118275071],
            [-3.249472894104985, 51.51748118863317],
            [-3.2494378936031207, 51.517466185356696],
            [-3.249365963012614, 51.51743413118833],
            [-3.248170174301709, 51.517039170846175],
            [-3.2478701860826487, 51.51698922109049],
            [-3.248148130928398, 51.51643326030543],
            [-3.247088210598237, 51.51578237158668],
            [-3.2451523168549654, 51.514204538916076],
            [-3.2431445456347925, 51.51285583113583],
            [-3.242089657312027, 51.51223586623729],
            [-3.240589737893775, 51.51149696187969],
            [-3.2391399542970065, 51.510846079075925],
            [-3.2398258291787765, 51.51075907123959],
            [-3.2411606296320192, 51.50970314721555],
            [-3.2415626199053604, 51.50899122745045],
            [-3.2418335055495513, 51.50868326311533],
            [-3.2431643408181956, 51.508888205372656],
            [-3.244971128022717, 51.508881176276034],
            [-3.2463989713675585, 51.50868527084883],
            [-3.2477328939991437, 51.508074290784236],
            [-3.248868628373686, 51.50705141768634],
            [-3.2494336727801563, 51.50590558105763],
            [-3.2521783156405006, 51.50668539910003],
            [-3.2553158968132214, 51.50790721719796],
            [-3.256102902157804, 51.508220161458134],
            [-3.2563038113810063, 51.50830019550385],
            [-3.2563718242557336, 51.508321137400884],
            [-3.2568678131050133, 51.508489096950655],
            [-3.2571267389365905, 51.508567069035664],
            [-3.2571847584137825, 51.508586139370074],
            [-3.257241799765264, 51.50860108387204],
            [-3.257772719652885, 51.508750051788994],
            [-3.257804696368297, 51.50876004953293],
            [-3.2578856532194997, 51.50878004244158],
            [-3.258181734549323, 51.50887802533588],
            [-3.2595365975638515, 51.50931901223338],
            [-3.260385440151353, 51.50949494591669],
            [-3.2618693576647524, 51.51067275688041],
            [-3.2631372006276234, 51.5122675848412],
            [-3.2637591577003096, 51.513261506446845],
            [-3.264376186107882, 51.51516923806337],
            [-3.265192038297897, 51.5166410504912],
            [-3.2671267750778132, 51.516357057733096],
            [-3.2694875333633027, 51.5162450235722],
            [-3.270050573504908, 51.51645599254261],
            [-3.2707124869000253, 51.51698797862246],
            [-3.271519401035079, 51.51778886630215],
            [-3.27388709584468, 51.51919873346365],
            [-3.2764133936541353, 51.517827149888866],
            [-3.278744586397404, 51.516914968713685],
            [-3.2800143740752397, 51.516644845689875],
            [-3.2792205862856925, 51.51771077951399],
            [-3.278818603025379, 51.518085721492774],
            [-3.2783495980707356, 51.51849169546684],
            [-3.2757851101201023, 51.52077542829662],
            [-3.2731644829328546, 51.52307616785534]
          ]
        ]
      }
    },
    {
      "type": "Feature",
      "properties": { "CATCHMENT_NAME": "Pontprennau", "URN": "6812330" },
      "geometry": {
        "type": "Polygon",
        "coordinates": [
          [
            [-3.1589458431205792, 51.53140566425933],
            [-3.158944820199139, 51.5315526907791],
            [-3.158942883900471, 51.5316637590038],
            [-3.1589418726935334, 51.53166367907743],
            [-3.1589188481791317, 51.53171075401428],
            [-3.158898915450085, 51.53173765669973],
            [-3.1588759056874585, 51.53176261158221],
            [-3.1588519143728373, 51.53178865517758],
            [-3.158827895632245, 51.531813620019314],
            [-3.1586979274507967, 51.53193566431725],
            [-3.1585789387682017, 51.53204159455621],
            [-3.158441879343991, 51.53216262958904],
            [-3.1583410603309647, 51.532217666208226],
            [-3.158286985591191, 51.53224562531327],
            [-3.1581790599161517, 51.53230468837721],
            [-3.1580969472823797, 51.532335621801856],
            [-3.1580450213451536, 51.532351690364315],
            [-3.157915111120524, 51.53237958876634],
            [-3.157842949233445, 51.53239360905679],
            [-3.1570600863121103, 51.53261462079353],
            [-3.156417182435848, 51.5328176125422],
            [-3.1555723836740595, 51.533058557348156],
            [-3.1554983106474013, 51.533082575942636],
            [-3.1554252464988646, 51.53310658455139],
            [-3.155352368104315, 51.53312654496351],
            [-3.1552993539310177, 51.533139565800894],
            [-3.1552433795973274, 51.533149558550114],
            [-3.1552264420174225, 51.53315251284144],
            [-3.155170392538916, 51.5331595389938],
            [-3.155680376870296, 51.53626316793284],
            [-3.1552205493132757, 51.5391258368571],
            [-3.156982404373097, 51.543064329984276],
            [-3.1575415108869964, 51.545997067362144],
            [-3.1569169219438726, 51.557228680010766],
            [-3.1567390386230114, 51.5569207568832],
            [-3.1565519275745793, 51.5566697525696],
            [-3.156106004160754, 51.55622392902695],
            [-3.155977015581046, 51.55612593076821],
            [-3.155727056247068, 51.55601284906712],
            [-3.155719038772157, 51.55600384634453],
            [-3.1556160294955884, 51.55578690010505],
            [-3.1554260405506755, 51.55543899082643],
            [-3.1552950150338104, 51.55508402647287],
            [-3.1552501212313784, 51.55465007510436],
            [-3.1551521581830952, 51.55455806465235],
            [-3.154993109111178, 51.5542411414032],
            [-3.1549651874672686, 51.554232154760555],
            [-3.1547531620996434, 51.55423810852249],
            [-3.154679211523841, 51.554217076302805],
            [-3.15455816517917, 51.55411908822557],
            [-3.154306295398615, 51.554038212933435],
            [-3.1542502144683926, 51.554005135442324],
            [-3.1541881987395004, 51.553954132730574],
            [-3.1541511452775377, 51.553909178651885],
            [-3.154134179871302, 51.553877154946775],
            [-3.1540802120256095, 51.55368822881238],
            [-3.1540421722342162, 51.553644183581234],
            [-3.153894200703728, 51.55352514914699],
            [-3.1538321553702953, 51.55345013844993],
            [-3.1538302938662595, 51.55343927668946],
            [-3.1538992251983893, 51.55329625858179],
            [-3.15387712759089, 51.5532552036086],
            [-3.153826133089045, 51.55321218491065],
            [-3.1538231407462374, 51.55320223345175],
            [-3.153824193405566, 51.553084250763966],
            [-3.1537782372057763, 51.55299523442212],
            [-3.1537701037539136, 51.55298731172114],
            [-3.153607203098882, 51.55292228460054],
            [-3.1535362442366326, 51.55288827406179],
            [-3.153415173367357, 51.552823284930426],
            [-3.1531602082861703, 51.5526652880358],
            [-3.1530901845158104, 51.55262830074432],
            [-3.153033223507606, 51.55261735113724],
            [-3.1529883030887924, 51.552586321377035],
            [-3.152883352551954, 51.55249141041769],
            [-3.1528782312927293, 51.552471409047705],
            [-3.1529392936660514, 51.55241640856898],
            [-3.1529403228814914, 51.552394368557685],
            [-3.1527502825183347, 51.552094381647045],
            [-3.1527472222452597, 51.55203039014204],
            [-3.152741344014953, 51.55202037709555],
            [-3.152667237890659, 51.551947372571725],
            [-3.152668262759872, 51.55182246647164],
            [-3.152636329388081, 51.55175740989729],
            [-3.1525241839447284, 51.551143832631894],
            [-3.1526203563606066, 51.55169039813513],
            [-3.1525663036455214, 51.55164039533785],
            [-3.152420250497603, 51.55162537526318],
            [-3.1516543314825656, 51.551423478219526],
            [-3.150015628989537, 51.55101352344339],
            [-3.1499986345607462, 51.55101449930857],
            [-3.149957551219435, 51.551032525972644],
            [-3.149903539393763, 51.55107549670648],
            [-3.149872505530515, 51.551114555545176],
            [-3.149849566826146, 51.551211532096296],
            [-3.149813529523821, 51.551269522728724],
            [-3.149755596830056, 51.55131145280735],
            [-3.1497046017390953, 51.55134252471049],
            [-3.149493661896602, 51.55144251253413],
            [-3.149089598005858, 51.55166847863065],
            [-3.1488316506851293, 51.551843467660014],
            [-3.148392907427111, 51.552124441030486],
            [-3.147646922726738, 51.55253646202859],
            [-3.147463974245389, 51.552591393184734],
            [-3.1474468598574306, 51.55259335894799],
            [-3.1470719751026044, 51.5525524259986],
            [-3.1468499620421797, 51.55253949048894],
            [-3.1467119746376153, 51.552558463334584],
            [-3.1466870360778687, 51.55257048635601],
            [-3.1465720384923634, 51.5527924487459],
            [-3.14646006227602, 51.5529453245454],
            [-3.146262172227629, 51.553140401982695],
            [-3.146149102926985, 51.553284296362605],
            [-3.1460112094342216, 51.553697287590374],
            [-3.145961111257173, 51.55389622573956],
            [-3.1459101509434295, 51.5539862817428],
            [-3.145773075941489, 51.554139312088715],
            [-3.145697182804741, 51.55425316999191],
            [-3.14566617186971, 51.554385202521814],
            [-3.145631107217415, 51.55448220666299],
            [-3.1455861517470076, 51.5545931547304],
            [-3.1455112401899683, 51.554677240104674],
            [-3.1454831834129235, 51.554789102128],
            [-3.1453972387150517, 51.555008171934524],
            [-3.1453452119561742, 51.555050132030956],
            [-3.145292240482006, 51.55508319945989],
            [-3.1446973864387564, 51.5553531840773],
            [-3.1445803112307, 51.555378154644636],
            [-3.1444963986761048, 51.55539111224222],
            [-3.1444862901340316, 51.55537916187146],
            [-3.1445282923032343, 51.55520215345313],
            [-3.1445943458214374, 51.55498921296356],
            [-3.144610403209302, 51.554853190426236],
            [-3.1445883822052036, 51.55474019871586],
            [-3.144517331068438, 51.55461617587982],
            [-3.1444262196116037, 51.55448020979144],
            [-3.14432729459139, 51.55434324083654],
            [-3.1442103649885826, 51.55420725667167],
            [-3.1438753607544667, 51.55385337002882],
            [-3.1438613616533617, 51.55384730220017],
            [-3.1437874125438436, 51.553843347512185],
            [-3.1437744747499115, 51.55383933743593],
            [-3.1436853984827047, 51.55376134794263],
            [-3.143653396672513, 51.553756354780596],
            [-3.14203266926686, 51.553995320215066],
            [-3.1411686196388513, 51.554102368601626],
            [-3.1411336615809384, 51.55410028088118],
            [-3.14059280890884, 51.5539232773565],
            [-3.1399157705180185, 51.553664330858034],
            [-3.139170814919744, 51.55336539716387],
            [-3.138843919751588, 51.55325347632218],
            [-3.138682013545151, 51.553227443236494],
            [-3.138472948767765, 51.55320744251328],
            [-3.138064963097084, 51.55319242861416],
            [-3.1375040901255384, 51.5531254847085],
            [-3.137203178173319, 51.55306042429571],
            [-3.135489417955131, 51.55274954449694],
            [-3.1352693533047686, 51.55271049205497],
            [-3.1350492535276686, 51.552681600253884],
            [-3.1350344118570743, 51.552670594049125],
            [-3.1353513394687242, 51.552417555610546],
            [-3.1353583408198324, 51.5523975260931],
            [-3.1349204022647514, 51.55186261659759],
            [-3.1348924243893075, 51.551752648021925],
            [-3.134873327519, 51.55173871567508],
            [-3.134420351299801, 51.55174669376776],
            [-3.1338885541211914, 51.55178663350015],
            [-3.13354441789058, 51.55178663244325],
            [-3.133528597630488, 51.55178264909434],
            [-3.1334144680662734, 51.5517287221585],
            [-3.1328776221961663, 51.55150165018532],
            [-3.132488629062606, 51.55137376651233],
            [-3.1320606022548936, 51.55128276488384],
            [-3.131544696264832, 51.5511957565395],
            [-3.1312098415033462, 51.55112786109396],
            [-3.130940733034951, 51.55103577239576],
            [-3.1308208517056584, 51.55099979204317],
            [-3.13046783559334, 51.55091480533955],
            [-3.130292816678972, 51.55085381913331],
            [-3.12987489339579, 51.550663802618665],
            [-3.1283710412575494, 51.549760936424114],
            [-3.1283559675681043, 51.54975793429497],
            [-3.128100086288481, 51.5497860219014],
            [-3.1254564477381623, 51.55024203164626],
            [-3.125426349230158, 51.550238004360054],
            [-3.1251113514021647, 51.54988701970586],
            [-3.125109297247935, 51.549868066755515],
            [-3.125216351278222, 51.54978197769795],
            [-3.125498324368198, 51.549502056074154],
            [-3.125684287094527, 51.54929409018294],
            [-3.1258024054123297, 51.54918307708557],
            [-3.1259962592338586, 51.548915149689186],
            [-3.126019208681322, 51.5488691612349],
            [-3.1260403447913725, 51.54877310596444],
            [-3.12603716510922, 51.548726109474224],
            [-3.126026223737576, 51.548680176585584],
            [-3.125865329625893, 51.548326185909715],
            [-3.12587322630451, 51.54830722737791],
            [-3.12658624452083, 51.54808511847093],
            [-3.127149034572342, 51.547900236104],
            [-3.1273240380283585, 51.54782122506493],
            [-3.12733208069773, 51.54780819960464],
            [-3.1273141609925044, 51.54778921932077],
            [-3.1292936617381213, 51.547228334206174],
            [-3.1292738971920877, 51.54508497243312],
            [-3.1289828166432563, 51.54410955763682],
            [-3.129154596888291, 51.542963339147526],
            [-3.1287169296842188, 51.54281145395241],
            [-3.128651634774802, 51.54158892874674],
            [-3.1286066738606606, 51.54044209837033],
            [-3.1285276913970876, 51.53984913006507],
            [-3.1284017071850485, 51.539326210334195],
            [-3.128072634125108, 51.53835727246232],
            [-3.127787681067021, 51.537714311637735],
            [-3.127398737285553, 51.536830470268995],
            [-3.1271646425790873, 51.53627855550555],
            [-3.1270127478287426, 51.535779621413496],
            [-3.127000692740687, 51.535717693821205],
            [-3.126980745751579, 51.53561061329765],
            [-3.1269678072960274, 51.535524596161856],
            [-3.1269567205752735, 51.535437662051706],
            [-3.126944690909607, 51.53527169906646],
            [-3.126941706490076, 51.53515672260138],
            [-3.126939701009824, 51.53506970123137],
            [-3.126941709365537, 51.5349817421148],
            [-3.1269426602356174, 51.534967705768075],
            [-3.126944764256588, 51.534953658341735],
            [-3.12694571734596, 51.53493971189161],
            [-3.1269476772209948, 51.5349256658501],
            [-3.126949734604228, 51.53490973059326],
            [-3.1269507587534275, 51.53489866083684],
            [-3.1269517118400803, 51.53488471438655],
            [-3.126953696138794, 51.53487165720834],
            [-3.12695479558843, 51.53485779926969],
            [-3.12695577088014, 51.53484475178612],
            [-3.126956748392045, 51.534831794199185],
            [-3.126957699255091, 51.534817757852025],
            [-3.1269577166171088, 51.53480678768678],
            [-3.126957641113457, 51.53480373119957],
            [-3.1269695755265743, 51.534720712115494],
            [-3.1269856387615165, 51.53462974057132],
            [-3.1269987553005367, 51.53455372372898],
            [-3.127047658647068, 51.53434473392478],
            [-3.1271095969065756, 51.53414982588112],
            [-3.1271796432766177, 51.534043858729625],
            [-3.127318526879754, 51.533893889440684],
            [-3.1284164319511745, 51.533917770544285],
            [-3.128272407011696, 51.533818897462325],
            [-3.128108545630346, 51.533774885165535],
            [-3.127994526782542, 51.53370584568261],
            [-3.1279585691193263, 51.53362184836206],
            [-3.1279475830625185, 51.53361485048726],
            [-3.1279354683398584, 51.53360885256389],
            [-3.1279244822897176, 51.53360185468684],
            [-3.1279145052200543, 51.53359484710596],
            [-3.1279055393528763, 51.53358791971815],
            [-3.1278965712659805, 51.53358090243295],
            [-3.12788760318185, 51.53357388514705],
            [-3.1278786106539584, 51.53356587899703],
            [-3.1278705096348016, 51.533558943290025],
            [-3.1278606256076764, 51.53354986669481],
            [-3.1278505996674357, 51.53354088138146],
            [-3.1278424475432445, 51.53353187804889],
            [-3.1278345592554837, 51.53352188308028],
            [-3.127826551277224, 51.53351287836055],
            [-3.1278195278320835, 51.53350287507481],
            [-3.1278116151094255, 51.5334918912411],
            [-3.1278055053959894, 51.533483857365425],
            [-3.127799637295938, 51.533473932887254],
            [-3.1277945121167376, 51.533464900445715],
            [-3.127789531078746, 51.53345586661795],
            [-3.1277845522649654, 51.53344692268663],
            [-3.1277795712309566, 51.53343788885841],
            [-3.127775574728259, 51.533427856464904],
            [-3.1277715804495383, 51.5334179139679],
            [-3.12776760839439, 51.533408870437555],
            [-3.127764623091954, 51.53339891823875],
            [-3.127761635568687, 51.53338887614317],
            [-3.1277595151024014, 51.533378915628646],
            [-3.1277575365537995, 51.53336886383146],
            [-3.127756569200199, 51.533358892229515],
            [-3.1277554554860867, 51.53334883211677],
            [-3.1277555923564058, 51.53333687170046],
            [-3.1277545738946193, 51.533324832474776],
            [-3.127755575597417, 51.533312863742935],
            [-3.127756601743388, 51.53330188387458],
            [-3.1277574570844653, 51.533289826631936],
            [-3.1277605033920532, 51.533278917257356],
            [-3.1277625629498793, 51.53326891655095],
            [-3.1277646469506233, 51.53325990470802],
            [-3.1277664448957205, 51.53325098553355],
            [-3.127769562308164, 51.53324295285253],
            [-3.1277725111371404, 51.53323393269383],
            [-3.1277754844089674, 51.533225901398566],
            [-3.12778443563349, 51.53320891073613],
            [-3.127793530989755, 51.53319191868704],
            [-3.127800613154519, 51.53318097050443],
            [-3.1278065399876827, 51.53316994351253],
            [-3.127813619923736, 51.53315890543246],
            [-3.127820557940483, 51.53314795863464],
            [-3.1278214913507205, 51.533144892445534],
            [-3.127825544378517, 51.53313388347051],
            [-3.1278145664909704, 51.533068888361576],
            [-3.127892451445121, 51.53297687259672],
            [-3.128126577898582, 51.53271997298756],
            [-3.1282105027474008, 51.53263904874745],
            [-3.128225487783283, 51.532627035420326],
            [-3.1282875873027494, 51.53257302672746],
            [-3.1283665454054232, 51.53250698663102],
            [-3.1284394277242837, 51.532445950429],
            [-3.1285054450938117, 51.53239298294035],
            [-3.1285634155801203, 51.532346926614906],
            [-3.1286334217558527, 51.5322920323921],
            [-3.1286853676318005, 51.53225304758704],
            [-3.128752393384128, 51.532200070251896],
            [-3.12883942395253, 51.532134042059006],
            [-3.1289393258466185, 51.53205799892165],
            [-3.1290362517502426, 51.53198405246025],
            [-3.1291433836958142, 51.531903083970796],
            [-3.1292584132123245, 51.53181502573267],
            [-3.129347386758457, 51.53174601114961],
            [-3.129426370833151, 51.53168113900528],
            [-3.1295322481646037, 51.5315961359191],
            [-3.1297552479052215, 51.531397067511534],
            [-3.129761298692574, 51.53139107463419],
            [-3.1298591444881434, 51.531296167698734],
            [-3.1299652147909294, 51.53118409700498],
            [-3.130018222737667, 51.5311240605275],
            [-3.1300681792927985, 51.53106306432622],
            [-3.1301172486614353, 51.531001177470046],
            [-3.1301641759719856, 51.53094012049572],
            [-3.130227209965573, 51.530854180814366],
            [-3.130284161290939, 51.53076713077995],
            [-3.13033619255529, 51.53068516354617],
            [-3.130383127860622, 51.53060117728481],
            [-3.130425111358846, 51.53051517061262],
            [-3.1304670485711, 51.53043312076659],
            [-3.130470145919775, 51.5304301236152],
            [-3.130478083828824, 51.53040720790548],
            [-3.130568085429676, 51.5304904138158],
            [-3.1305687297091134, 51.53067932554959],
            [-3.1306534586345354, 51.53093369637066],
            [-3.1320245933671913, 51.5305434439098],
            [-3.133482817056566, 51.5303113988757],
            [-3.135293601789467, 51.531468036119264],
            [-3.1364838455320796, 51.531722666725855],
            [-3.1383645178059614, 51.532167596877215],
            [-3.1390497531362573, 51.531699754021666],
            [-3.1405468440893727, 51.531442246496],
            [-3.140235338361289, 51.53093040385139],
            [-3.1401429668112413, 51.53053386350392],
            [-3.1401383708552637, 51.53034993559122],
            [-3.1413550709395786, 51.53041165487202],
            [-3.141412921607868, 51.53038447611108],
            [-3.142321970727471, 51.53038254958867],
            [-3.1432013223950093, 51.530380635732875],
            [-3.1495430207075574, 51.530229002818345],
            [-3.1499739011118466, 51.530188002338924],
            [-3.15080988288594, 51.53021001523596],
            [-3.1510247120843817, 51.53023389352128],
            [-3.1513207373082883, 51.53028188175452],
            [-3.151692713273645, 51.530288930008524],
            [-3.1517056735272617, 51.53027693353445],
            [-3.151718708654435, 51.53026790362633],
            [-3.1517346286027497, 51.53025893530654],
            [-3.151742624880917, 51.530255889481495],
            [-3.1517517265282478, 51.530250944517704],
            [-3.151769739136979, 51.53024492294583],
            [-3.1517896775947163, 51.53024095057876],
            [-3.1518116315686435, 51.530236868496694],
            [-3.1518306110497347, 51.53023488374205],
            [-3.151853678302073, 51.53023492695905],
            [-3.1518746063318073, 51.53023589036351],
            [-3.151894721792933, 51.5302389298647],
            [-3.1519045996442383, 51.530241890072865],
            [-3.151924645875799, 51.53024789755155],
            [-3.1519416903930586, 51.530254923609405],
            [-3.151957631823267, 51.53026393870077],
            [-3.151971722293192, 51.530273871152524],
            [-3.152194633688523, 51.53028094311849],
            [-3.1523576074306923, 51.53031791692693],
            [-3.1523665206636595, 51.530316930170144],
            [-3.152448591887558, 51.5303128867162],
            [-3.15259355178461, 51.530315868257645],
            [-3.1526755640979456, 51.53032090696871],
            [-3.1528596079113775, 51.53033591278504],
            [-3.153034558391607, 51.53036188781966],
            [-3.1531404557590035, 51.53038791210353],
            [-3.15344242065548, 51.530436915613826],
            [-3.1545164152643457, 51.5306238091599],
            [-3.155225214874521, 51.530763846319566],
            [-3.1557751969649512, 51.530905804014154],
            [-3.1558982511571223, 51.53094883113914],
            [-3.1560071512353685, 51.53099082870461],
            [-3.1560973015653544, 51.53102680662522],
            [-3.156168223286645, 51.53102080235182],
            [-3.156264119878531, 51.531021835206865],
            [-3.156436126832038, 51.531016812391975],
            [-3.156494109313628, 51.53098378017778],
            [-3.1566331103766117, 51.531001831844875],
            [-3.1566541397139782, 51.53102383427779],
            [-3.1569970146532222, 51.531133749481725],
            [-3.1570400936708443, 51.53113269508707],
            [-3.157062033399349, 51.53113373750561],
            [-3.157084982041257, 51.53113476996673],
            [-3.1571070886998487, 51.53113670991284],
            [-3.157130062422258, 51.53113873121885],
            [-3.157152171364426, 51.531140761052264],
            [-3.157173989767832, 51.53114270382972],
            [-3.1571969634960158, 51.531144725122594],
            [-3.157283090932299, 51.53115277723911],
            [-3.157365111585224, 51.53116374720258],
            [-3.1574449954047865, 51.531175727297224],
            [-3.1575250758500433, 51.531189773517745],
            [-3.158255042389069, 51.53131672520371],
            [-3.1585889812503036, 51.53136971581898],
            [-3.158697920548959, 51.53138473502021],
            [-3.1587468286212976, 51.53139180497828],
            [-3.15879299365134, 51.53139872218046],
            [-3.158808902867929, 51.53140072303658],
            [-3.1588439883730706, 51.53140280417839],
            [-3.1588778911495123, 51.53140372805799],
            [-3.1589188609183676, 51.53140476193567],
            [-3.1589458431205792, 51.53140566425933]
          ]
        ]
      }
    },
    {
      "type": "Feature",
      "properties": {
        "CATCHMENT_NAME": "Whitchurch Primary",
        "URN": "6812329"
      },
      "geometry": {
        "type": "Polygon",
        "coordinates": [
          [
            [-3.2378833346266145, 51.51644144113698],
            [-3.237549280417188, 51.51643147893847],
            [-3.2373182413913306, 51.51637250206533],
            [-3.2371613429213095, 51.51631049464254],
            [-3.2365994760807038, 51.51586044095171],
            [-3.2359924533161917, 51.51541355808393],
            [-3.235826479364791, 51.51469667377548],
            [-3.2358073910852836, 51.51466765121945],
            [-3.2358024736015683, 51.514661678459646],
            [-3.2357783938568248, 51.51463459680018],
            [-3.2357534788953948, 51.51460860296625],
            [-3.235725396768233, 51.51458273241975],
            [-3.2356944818574984, 51.51455869009808],
            [-3.2356694686173126, 51.51453971097256],
            [-3.2354604417221497, 51.514377720982196],
            [-3.235445444597137, 51.514366729007804],
            [-3.2354254930388446, 51.514353721086074],
            [-3.2354034339090876, 51.514342713583936],
            [-3.235380510350727, 51.51433171518395],
            [-3.2353585047560003, 51.514322685329915],
            [-3.2353325186342783, 51.51431567562328],
            [-3.235305524008519, 51.51430867653429],
            [-3.2352784388279425, 51.51430365661342],
            [-3.235250489214597, 51.51429864579168],
            [-3.235221442962346, 51.51429571465385],
            [-3.235218414995147, 51.514295656628526],
            [-3.2351865116058924, 51.51429365476751],
            [-3.2351534823869246, 51.514292653865866],
            [-3.2351215176161348, 51.51429370988345],
            [-3.2350894598406224, 51.51429665517314],
            [-3.2346915181188813, 51.514337712436735],
            [-3.2344916409934434, 51.51434871867603],
            [-3.234130670313131, 51.514360700644424],
            [-3.2338806408120915, 51.51437169410829],
            [-3.233834605344781, 51.51437469620272],
            [-3.2337887673902936, 51.514379674421235],
            [-3.2337776980287094, 51.514380690070894],
            [-3.233260705133501, 51.514522715194445],
            [-3.231087051442709, 51.51526670487855],
            [-3.2295311688587325, 51.51578063982881],
            [-3.2291782922770036, 51.51580466071069],
            [-3.224643898380388, 51.51581064723983],
            [-3.224617768901301, 51.51576065537446],
            [-3.22454786021389, 51.51572263028418],
            [-3.224416794878399, 51.51572570724788],
            [-3.2243357661021603, 51.51575667609406],
            [-3.2243028470819355, 51.5158296743253],
            [-3.224125879096669, 51.51586766914839],
            [-3.2240978378789173, 51.515880730346886],
            [-3.2239938288598835, 51.51587165510835],
            [-3.2237197968869036, 51.51611666677861],
            [-3.223554916965641, 51.51606263738053],
            [-3.2230900392700974, 51.51599465234693],
            [-3.222935031214842, 51.5161476924805],
            [-3.2227699389968927, 51.516268646549015],
            [-3.222377058235527, 51.51648360236711],
            [-3.2216611807610094, 51.51683257429138],
            [-3.2204013450262554, 51.51740157050861],
            [-3.2199922736764672, 51.51753459070331],
            [-3.220780361471284, 51.51820347932056],
            [-3.221203168243574, 51.51857835542045],
            [-3.22165426716815, 51.51896534409774],
            [-3.222120238587174, 51.51938535614828],
            [-3.2224531492017925, 51.51968023747517],
            [-3.2226381867432385, 51.51986219276979],
            [-3.2205814324085207, 51.518730406769926],
            [-3.219266505165879, 51.518086507832585],
            [-3.217144712529735, 51.517087608779626],
            [-3.2160206972264755, 51.51656272294506],
            [-3.2146160422592645, 51.51591080051523],
            [-3.2124571465869334, 51.51489089056246],
            [-3.2092144959173163, 51.513322105955794],
            [-3.20802461164136, 51.51269720375718],
            [-3.2060886941302553, 51.51176039287136],
            [-3.205400780191042, 51.511396460452524],
            [-3.205013914819231, 51.511125554243435],
            [-3.204466935267459, 51.5106135103025],
            [-3.203828964592004, 51.5099346091986],
            [-3.2032090619594906, 51.509333658796855],
            [-3.202694140738307, 51.50878980602128],
            [-3.2030181108858145, 51.508900769871964],
            [-3.203059037687792, 51.50884073373684],
            [-3.203294911286645, 51.50856684828861],
            [-3.2034940751703216, 51.50839278947187],
            [-3.2038079601565226, 51.50801190799345],
            [-3.2041468019296997, 51.507850891011614],
            [-3.204175903479467, 51.50782883178369],
            [-3.2047058340679913, 51.50735194358049],
            [-3.2052877764872685, 51.506847992211185],
            [-3.2060855714557435, 51.50613203690546],
            [-3.2064396288201746, 51.50580603510637],
            [-3.20692445885252, 51.50535810487748],
            [-3.2072243304700714, 51.50514119059651],
            [-3.207299339668398, 51.50500814744188],
            [-3.2076104427455245, 51.50490009838883],
            [-3.208077240540227, 51.504806180410654],
            [-3.2090971235538976, 51.504819227527655],
            [-3.2099720659284494, 51.50482710743357],
            [-3.2104191497061825, 51.504843084788234],
            [-3.212184944572212, 51.504937063315985],
            [-3.212613753650573, 51.50463913387225],
            [-3.21187552482413, 51.50440227566981],
            [-3.2127042838109827, 51.50345252449983],
            [-3.2129726002992625, 51.50349201124931],
            [-3.2133516377763613, 51.50331166848702],
            [-3.213441945283775, 51.50333222466176],
            [-3.213471215837996, 51.50328426463046],
            [-3.21368050605544, 51.503330924675055],
            [-3.213686549862348, 51.50341196915679],
            [-3.2141720443151542, 51.50342079065539],
            [-3.2142701560786913, 51.50338803326948],
            [-3.214460200033838, 51.50342607915314],
            [-3.2146825080627117, 51.50345291030266],
            [-3.214790534488432, 51.50328373239193],
            [-3.214966507825376, 51.503301961178586],
            [-3.215098705770451, 51.50331569777655],
            [-3.215206334635816, 51.50319121339632],
            [-3.215399653958629, 51.503346927948],
            [-3.2154250196648464, 51.50336887505387],
            [-3.215713783868114, 51.50338620332615],
            [-3.2157145126096958, 51.503343214428995],
            [-3.218114054492821, 51.50346371150201],
            [-3.218097786263213, 51.50350200621294],
            [-3.218232376115335, 51.50353513697092],
            [-3.218181955956188, 51.50364886897845],
            [-3.2185120229962645, 51.50370748376249],
            [-3.218544164669694, 51.503842927660216],
            [-3.218695772005177, 51.503871205251656],
            [-3.2190420896161474, 51.503896199735514],
            [-3.2192065069383378, 51.503977935304114],
            [-3.219124184108939, 51.50404074550558],
            [-3.219535237274014, 51.50428311940461],
            [-3.219209509335286, 51.504532974926995],
            [-3.219442933074878, 51.50465202845467],
            [-3.2190131391662007, 51.504932998562296],
            [-3.219110125947603, 51.50499304536841],
            [-3.2187230123650807, 51.505269973880445],
            [-3.2181762102644997, 51.50565898077904],
            [-3.2180123117400368, 51.505785940633686],
            [-3.217985233462932, 51.50578091666659],
            [-3.2179611498167455, 51.505817943730875],
            [-3.2180182874656977, 51.505982981242106],
            [-3.217923282179305, 51.50607289802344],
            [-3.2178013192036943, 51.506129914541695],
            [-3.219579161424836, 51.50666174273492],
            [-3.2212838808434188, 51.50712479819729],
            [-3.2227977562764627, 51.50760564495896],
            [-3.223878679817045, 51.50780765658412],
            [-3.225089488724299, 51.508043639624006],
            [-3.225934349498129, 51.508184525495494],
            [-3.2264112794861197, 51.5082265662135],
            [-3.227455151423722, 51.50831950087247],
            [-3.2277211148666574, 51.50839854305383],
            [-3.2297499402097554, 51.508509465618836],
            [-3.231514741992253, 51.5086933530496],
            [-3.233235586306583, 51.50897245107269],
            [-3.2337964289558316, 51.50907436466477],
            [-3.2337334579722627, 51.50920235274236],
            [-3.2337935457635067, 51.50933030497274],
            [-3.2339035307608284, 51.50953434328453],
            [-3.23416844065151, 51.509904270498055],
            [-3.2347034103671803, 51.51028520150685],
            [-3.2354604009791137, 51.51056308174233],
            [-3.2358372622790634, 51.51069210118825],
            [-3.2362853026967286, 51.51084203956755],
            [-3.2366392690555403, 51.511014099339654],
            [-3.236980289262489, 51.51115500273873],
            [-3.237188169652612, 51.51137607905947],
            [-3.237474126451544, 51.511494992230894],
            [-3.2376181418055756, 51.51136407872734],
            [-3.2379730896960446, 51.51157200188471],
            [-3.23801201516724, 51.511647033135674],
            [-3.2379821353986284, 51.51169302751464],
            [-3.2377120790419025, 51.51211292323703],
            [-3.237456077713187, 51.51216894698837],
            [-3.237378142806147, 51.51228693401969],
            [-3.237565111100124, 51.51238486123119],
            [-3.237806172542969, 51.512319913108676],
            [-3.2381681777881184, 51.51248486974324],
            [-3.238269142482011, 51.514039674722135],
            [-3.238259119549327, 51.516066467670946],
            [-3.238325300227448, 51.516439472665844],
            [-3.2378833346266145, 51.51644144113698]
          ]
        ]
      }
    },
    {
      "type": "Feature",
      "properties": {
        "CATCHMENT_NAME": "LLANISHEN FACH PRIMARY SCHOOL",
        "URN": "6812090"
      },
      "geometry": {
        "type": "Polygon",
        "coordinates": [
          [
            [-3.1940630025329897, 51.5349798779052],
            [-3.1942220135339188, 51.53512788338961],
            [-3.1943279909377256, 51.53529881839555],
            [-3.194430009620509, 51.535461700952965],
            [-3.194573990864092, 51.535602755451904],
            [-3.1947568481654764, 51.5357527653041],
            [-3.194853876764096, 51.535961736586884],
            [-3.194957814926858, 51.536076672572136],
            [-3.195047888262559, 51.536234730766665],
            [-3.1953937779170225, 51.53646562360558],
            [-3.1954098749471416, 51.53655169137786],
            [-3.1952147919181537, 51.53660664143159],
            [-3.195135905325296, 51.536754551897424],
            [-3.195127934387185, 51.537000650071484],
            [-3.1952338800649875, 51.537164570917625],
            [-3.195445960745169, 51.53740051371033],
            [-3.195612821734011, 51.53778150596599],
            [-3.195717930959873, 51.538309424835035],
            [-3.1958988491212956, 51.53865439588166],
            [-3.196049921197456, 51.5388893410398],
            [-3.196214929898, 51.53913331555246],
            [-3.1964077701223763, 51.53932233553401],
            [-3.196708728722067, 51.53958722236026],
            [-3.196972754609777, 51.53978531623035],
            [-3.1971866465000467, 51.53988617986224],
            [-3.197366819364334, 51.54009223222835],
            [-3.1973537286053655, 51.540302145592435],
            [-3.1972817675010257, 51.54043919650553],
            [-3.1970418275252657, 51.540604128027724],
            [-3.196780951310966, 51.54144402054499],
            [-3.1969199342370835, 51.54209693875612],
            [-3.1969947842910083, 51.54243795483802],
            [-3.19689797865864, 51.54275491595403],
            [-3.1968649197971186, 51.54285794009443],
            [-3.197978713870647, 51.54268085047808],
            [-3.1996266093289054, 51.54240989930746],
            [-3.1997265635012875, 51.54218596922376],
            [-3.1993504535106303, 51.54176800811573],
            [-3.1990436467205923, 51.54136408400645],
            [-3.1990226773742303, 51.541263050194424],
            [-3.1990166558113593, 51.541193065280694],
            [-3.1989826601291385, 51.541156006709784],
            [-3.198992697151286, 51.54104413548695],
            [-3.1989866071904753, 51.540944118507575],
            [-3.1989854775899884, 51.54092308913765],
            [-3.198987599834637, 51.540905083755035],
            [-3.198897557799997, 51.54073812637485],
            [-3.1989286110975357, 51.54069617673],
            [-3.1991735500696867, 51.5405570867347],
            [-3.1993985655243087, 51.54042809097695],
            [-3.1994394373590183, 51.54038118519662],
            [-3.1993835890365796, 51.54033014307908],
            [-3.1993434444089774, 51.540262125614944],
            [-3.199329462926462, 51.540147172945225],
            [-3.1994164597326247, 51.54007219057304],
            [-3.199418532291143, 51.54007423750457],
            [-3.1995924877668505, 51.53997219948984],
            [-3.1997813730980313, 51.539862185593655],
            [-3.1999624070156965, 51.53975521901968],
            [-3.2002393605104786, 51.53957821330217],
            [-3.2002833509459947, 51.539562207259564],
            [-3.2002933400583817, 51.539558238545965],
            [-3.20032244009138, 51.53954625135699],
            [-3.2003254152961045, 51.539544242704146],
            [-3.2003584735739907, 51.53952924769015],
            [-3.2003813064726634, 51.53952020201316],
            [-3.200410314350681, 51.53951019395173],
            [-3.200439348240081, 51.53950117472012],
            [-3.2004693935653092, 51.539492235048115],
            [-3.200500379516036, 51.53948616313252],
            [-3.200505401263177, 51.53948521255071],
            [-3.2005362714420427, 51.53948022083226],
            [-3.200567311795413, 51.53947621646713],
            [-3.200598260043996, 51.53947419124307],
            [-3.2006303615251275, 51.53947215420638],
            [-3.200650432118093, 51.539473207621306],
            [-3.2007372771739173, 51.5394802314568],
            [-3.2007793420766366, 51.53948420684122],
            [-3.200798427262117, 51.53948616950354],
            [-3.2008402959550644, 51.53948816866822],
            [-3.200883291853407, 51.539489167174196],
            [-3.201036253473947, 51.53947717048942],
            [-3.2010722894747725, 51.53947122654961],
            [-3.2011201884912004, 51.539461294625376],
            [-3.2011673383076187, 51.53945029133191],
            [-3.2011701953542575, 51.539449272970806],
            [-3.2012153009448827, 51.539437301488626],
            [-3.2012602079060803, 51.53942326389807],
            [-3.2012742071780513, 51.53941826492756],
            [-3.2013062159871946, 51.5394072368061],
            [-3.201337333812297, 51.53939522869794],
            [-3.2013393259267757, 51.53939421919133],
            [-3.2013692384128793, 51.53938024521301],
            [-3.201397250833079, 51.53936530158508],
            [-3.201415297945259, 51.53935522570206],
            [-3.2014402546880785, 51.53933923434011],
            [-3.2014641502435337, 51.539321275635835],
            [-3.201487322643079, 51.53930323441559],
            [-3.2015012292158826, 51.539289244518265],
            [-3.2015203392322675, 51.53927025580049],
            [-3.2015382415398297, 51.539249211325675],
            [-3.201552251683546, 51.53922820671881],
            [-3.2015620958657554, 51.539213269325],
            [-3.2015921857437784, 51.53916224705289],
            [-3.2015962474881765, 51.53915222449087],
            [-3.2016031970337213, 51.53914235218221],
            [-3.2016111509131857, 51.53913228974736],
            [-3.201612107887778, 51.53913030173692],
            [-3.201624180939444, 51.539123344249994],
            [-3.2016342074240125, 51.539115328706075],
            [-3.201648180510306, 51.539109340855],
            [-3.2016623237964517, 51.53910434036202],
            [-3.2016661898827654, 51.539103311651225],
            [-3.20168225925805, 51.53910026963018],
            [-3.201740099413581, 51.539046265459255],
            [-3.2018361465761, 51.53906326507043],
            [-3.2019332688654365, 51.539077286275905],
            [-3.201964231333819, 51.539081285083576],
            [-3.2020511279461217, 51.53909028562334],
            [-3.202138142684205, 51.539098295784726],
            [-3.2024630643517624, 51.539133270537924],
            [-3.2024752040332705, 51.53913431502626],
            [-3.2026300804168253, 51.53915125038369],
            [-3.2028509843390265, 51.53917317331313],
            [-3.203024083588331, 51.53919216923813],
            [-3.2034619788977814, 51.539235244076984],
            [-3.204061948794491, 51.539300212309],
            [-3.2047768404882673, 51.53935419601583],
            [-3.205364678990365, 51.53936919758738],
            [-3.2059016679027863, 51.53937518764309],
            [-3.2063837310500607, 51.53937616521884],
            [-3.206635645891186, 51.539360176134295],
            [-3.2065667245371214, 51.5397691152158],
            [-3.2065726024379333, 51.54013304491098],
            [-3.206618820007059, 51.542915726726214],
            [-3.20688773510525, 51.5442443828884],
            [-3.2072466788515794, 51.54519805095508],
            [-3.207671432958032, 51.54610940806756],
            [-3.208227913492889, 51.54695691354083],
            [-3.208311482226389, 51.547590786887405],
            [-3.208567113328511, 51.54842070800124],
            [-3.208988744049299, 51.549217536216496],
            [-3.2095382566031465, 51.549794542649664],
            [-3.2099983592806707, 51.55015405702519],
            [-3.2104038858470547, 51.5503372632752],
            [-3.2108749207759244, 51.550477979892825],
            [-3.211393375439296, 51.55051425927568],
            [-3.212212309265676, 51.55055786220343],
            [-3.2127140398863525, 51.550594308577885],
            [-3.2132323530111484, 51.550630581306336],
            [-3.213736021102351, 51.550739747272935],
            [-3.213989660738602, 51.55086210924524],
            [-3.21426264872476, 51.551088126159705],
            [-3.2144991542349124, 51.551189803322444],
            [-3.2152024151596934, 51.55127612526688],
            [-3.2156695938006052, 51.55127128473367],
            [-3.215864006096087, 51.55134659968077],
            [-3.2159709609714913, 51.5514036682785],
            [-3.216105978841167, 51.551528693936106],
            [-3.216108964795849, 51.55154871478823],
            [-3.2157780032949335, 51.55184267176514],
            [-3.2155559866741195, 51.55201959409958],
            [-3.2153530373570103, 51.552235522881936],
            [-3.2151211835735025, 51.55246559813949],
            [-3.215077069307972, 51.5525854667148],
            [-3.215062130970475, 51.55275556720937],
            [-3.2151000894595323, 51.55291343040222],
            [-3.215198197465956, 51.55319044179738],
            [-3.21521902567202, 51.55320344403875],
            [-3.2154809817622634, 51.553193446703915],
            [-3.215557198041868, 51.55317943896675],
            [-3.2156970401601264, 51.55314445026905],
            [-3.215781971513627, 51.55311650463574],
            [-3.215910087473701, 51.55304746822189],
            [-3.21607306028025, 51.5530144872784],
            [-3.2165509488537425, 51.55286440398048],
            [-3.2168919372343687, 51.55277850198068],
            [-3.217055873671691, 51.5527654715542],
            [-3.218089710628437, 51.552569509118754],
            [-3.2185617309007504, 51.55244852216079],
            [-3.218723603759189, 51.55240152166798],
            [-3.2188546595801237, 51.552372555081206],
            [-3.2190146691952504, 51.552277467184176],
            [-3.2194175590350635, 51.552079595505006],
            [-3.2195765690343876, 51.55197957170557],
            [-3.219595508206667, 51.551943497347196],
            [-3.2196714970694327, 51.551899546445306],
            [-3.220005544184961, 51.551829623065835],
            [-3.2202255929245456, 51.55171457659665],
            [-3.2208273335786877, 51.5515585116056],
            [-3.220851459068338, 51.551554573869105],
            [-3.221042483953456, 51.55155150662946],
            [-3.2211032795419516, 51.55154350048041],
            [-3.221352253771302, 51.55147463861611],
            [-3.221428378019648, 51.55144660072111],
            [-3.2215893626402208, 51.551323624389376],
            [-3.2216293169579493, 51.55130756249935],
            [-3.221802365757428, 51.55127959396799],
            [-3.2220602545325865, 51.551263599716144],
            [-3.222224326145056, 51.55122358508832],
            [-3.2225202960155026, 51.551218522774306],
            [-3.2227112054168567, 51.551146666382856],
            [-3.222965234189808, 51.5510835930892],
            [-3.2231681192010346, 51.55100657566157],
            [-3.223232061727806, 51.55099763640589],
            [-3.223310152217897, 51.5509945741143],
            [-3.2234931283897623, 51.551035646864655],
            [-3.2235101451929076, 51.55103555929808],
            [-3.2237881202297936, 51.550999569670374],
            [-3.223999930552353, 51.55100257505432],
            [-3.2240170408517086, 51.55100059815042],
            [-3.224200044338233, 51.550940601135956],
            [-3.224490870573396, 51.5508676091416],
            [-3.224766918203005, 51.55077067256656],
            [-3.2250248790267286, 51.55073066278994],
            [-3.2251409646852673, 51.550724594851054],
            [-3.225517844862004, 51.55071957909067],
            [-3.2257218548508133, 51.55068462732572],
            [-3.225901911285252, 51.5505956147559],
            [-3.2262027840654546, 51.55047269864817],
            [-3.226979693110718, 51.5502136124112],
            [-3.227014606707184, 51.55019256596025],
            [-3.2271376559897673, 51.550032662525375],
            [-3.227278629781358, 51.54995466703858],
            [-3.2273126160088585, 51.54993668742904],
            [-3.227505592900258, 51.54986174430904],
            [-3.2276086557435937, 51.54981669562986],
            [-3.2276365748727383, 51.54980372493703],
            [-3.2276486176625374, 51.549795686073736],
            [-3.227730551257705, 51.54968368926712],
            [-3.2278135107448547, 51.549818687873966],
            [-3.2278685366510262, 51.55011070681025],
            [-3.2278884445591562, 51.550137653822034],
            [-3.2286244471605023, 51.55055553183589],
            [-3.22973999121471, 51.54950501371982],
            [-3.2316104066194233, 51.547485061930445],
            [-3.2316017742400116, 51.5418843005465],
            [-3.2313058279211218, 51.541487359361625],
            [-3.23135798985667, 51.54077555497579],
            [-3.2307010490508814, 51.54020463209445],
            [-3.2299679741209024, 51.53945664473094],
            [-3.2290422153263862, 51.536843779507635],
            [-3.2260693314366677, 51.534963490728686],
            [-3.224395882398395, 51.53369180689718],
            [-3.2243851491737283, 51.533291870439314],
            [-3.2238995149813103, 51.533112425721384],
            [-3.223892483808734, 51.53311366803462],
            [-3.223890924314872, 51.53310927828904],
            [-3.223724482729278, 51.53304771216482],
            [-3.2238643955334134, 51.53302862823594],
            [-3.2238234800075976, 51.53290074111092],
            [-3.223765502760101, 51.53278175410868],
            [-3.2237385313121574, 51.53278671129546],
            [-3.2236694164791695, 51.532800740364934],
            [-3.2236664052906705, 51.532763725255016],
            [-3.223666496380377, 51.53276174609213],
            [-3.2236544328423116, 51.53266673791],
            [-3.2236534595579855, 51.53266270172025],
            [-3.2236514508313463, 51.532657687226816],
            [-3.2236513977898977, 51.53265570956762],
            [-3.2236504245060917, 51.53265167337784],
            [-3.2236475509904317, 51.53264666790655],
            [-3.2236445068232245, 51.532640675109235],
            [-3.223593449578491, 51.53258078236508],
            [-3.2235774874903305, 51.5325608070853],
            [-3.2237164637056126, 51.532291848870436],
            [-3.223637530489491, 51.53206877467534],
            [-3.223455503454297, 51.53188283328777],
            [-3.2232554207416726, 51.53185686557366],
            [-3.2232365539546914, 51.53171777818035],
            [-3.2231664898518093, 51.53143283696724],
            [-3.2230485724611966, 51.53127194310786],
            [-3.222064553354326, 51.53056401896349],
            [-3.2218556028704057, 51.530395080512335],
            [-3.2215757059299017, 51.53012311437858],
            [-3.221458561992919, 51.530023085875996],
            [-3.2213116767948, 51.52998604034634],
            [-3.221163695317329, 51.529978049811746],
            [-3.2209296069230264, 51.52989308582625],
            [-3.2207777065296437, 51.529911032207664],
            [-3.220701661200646, 51.52987603603525],
            [-3.220683596699204, 51.529842054914525],
            [-3.220682679054045, 51.529840086252186],
            [-3.2206747036872665, 51.529822185503235],
            [-3.2208027218108755, 51.52977913074783],
            [-3.2207386309418142, 51.52972215990508],
            [-3.2205077158031226, 51.529567115328646],
            [-3.220286717754982, 51.52962111818675],
            [-3.2201296430775357, 51.52959110094347],
            [-3.219769789727212, 51.529644119457586],
            [-3.219553922834989, 51.529588096913784],
            [-3.219189836384472, 51.529666155078765],
            [-3.2188718829285885, 51.529674135566644],
            [-3.2187978786030143, 51.52965611160059],
            [-3.218651852810956, 51.52954316238566],
            [-3.2182078918490262, 51.52954534670499],
            [-3.217698057202811, 51.52955324873563],
            [-3.217185113595463, 51.52946622661336],
            [-3.216790232562681, 51.52944919310883],
            [-3.216563243246388, 51.52944624260897],
            [-3.2163871847557313, 51.52939618555798],
            [-3.216037192564001, 51.5292242934769],
            [-3.2158232257577106, 51.52909325215315],
            [-3.2150682977565936, 51.52874832437473],
            [-3.214890294789188, 51.52870628800061],
            [-3.214389417283357, 51.52856832461912],
            [-3.2141593706907488, 51.52851531639995],
            [-3.2140353917160014, 51.52837434834546],
            [-3.2138443243457098, 51.528090384360986],
            [-3.2137494555096477, 51.5280194311806],
            [-3.213617495246481, 51.527838441517666],
            [-3.2132414924253605, 51.52769045891356],
            [-3.2128755755502176, 51.527455419377944],
            [-3.2127375760403742, 51.527399568162366],
            [-3.212559491251438, 51.52729449607319],
            [-3.212503578735317, 51.52705651967955],
            [-3.2123915254546116, 51.52678351578417],
            [-3.2121166060892845, 51.526348632888904],
            [-3.2120115620181635, 51.526127709055636],
            [-3.2116206860493257, 51.52577171305202],
            [-3.211634583796642, 51.52556763371482],
            [-3.2114815727716843, 51.52535871453337],
            [-3.211262742222733, 51.5250378067219],
            [-3.210996637683999, 51.52461380020943],
            [-3.210919645632556, 51.5243958227887],
            [-3.2110415767044747, 51.52410187815263],
            [-3.210966661542811, 51.5240219046376],
            [-3.2107906239765986, 51.52382491173197],
            [-3.2107626940836775, 51.523684926766315],
            [-3.2110595249929967, 51.52347999430755],
            [-3.210990633018829, 51.523263012280715],
            [-3.2111026853715736, 51.52311294967987],
            [-3.2113335974378874, 51.52286301843912],
            [-3.2116905916872325, 51.522503072303685],
            [-3.2118874681708665, 51.52237209448523],
            [-3.2120145338645654, 51.522261080436884],
            [-3.211857379835844, 51.522053193590764],
            [-3.2098026984199444, 51.522929085157465],
            [-3.209145793924989, 51.52316101630896],
            [-3.207896093074321, 51.52359705175444],
            [-3.2071719773315666, 51.523849985597685],
            [-3.206439137411901, 51.52409491198602],
            [-3.205479284515185, 51.524449889998856],
            [-3.203147602297961, 51.525259902614216],
            [-3.2025946310534827, 51.52533580054829],
            [-3.20249664284686, 51.525462871289875],
            [-3.202598712238175, 51.52555084423514],
            [-3.202724664687513, 51.52586678582985],
            [-3.2028146375655213, 51.52629972082453],
            [-3.2029146459908526, 51.52688361618582],
            [-3.2027315854879324, 51.527425635101814],
            [-3.202708733306905, 51.52781656607036],
            [-3.2024537231725336, 51.52839654856552],
            [-3.2024787938802524, 51.5286805243962],
            [-3.2024648915826006, 51.529077477934244],
            [-3.2029967947799514, 51.529972378784045],
            [-3.203320640194758, 51.53016031361533],
            [-3.204169633767122, 51.531193217609214],
            [-3.2042207299096335, 51.53125015100541],
            [-3.205183596202603, 51.53248806181251],
            [-3.2061624594319147, 51.5345417215339],
            [-3.205254642736778, 51.53456076481423],
            [-3.1994592734403615, 51.535081725633326],
            [-3.199146330027244, 51.53493080511815],
            [-3.1965836698719188, 51.53516073235199],
            [-3.1961416825021622, 51.535113807212554],
            [-3.1954718664655406, 51.534977845540276],
            [-3.1951598891274045, 51.534879776674885],
            [-3.1940630025329897, 51.5349798779052]
          ],
          [
            [-3.206470631635178, 51.538420336598485],
            [-3.206548641149144, 51.53876931728777],
            [-3.2066576486933447, 51.53922714011975],
            [-3.206470631635178, 51.538420336598485]
          ]
        ]
      }
    },
    {
      "type": "Feature",
      "properties": {
        "CATCHMENT_NAME": "COED GLAS C P SCHOOL",
        "URN": "6812072"
      },
      "geometry": {
        "type": "Polygon",
        "coordinates": [
          [
            [-3.1757759792494253, 51.53240844227417],
            [-3.175813012644452, 51.53274337673565],
            [-3.1760529851948234, 51.533294238667246],
            [-3.1763999323205003, 51.53363226938741],
            [-3.1766939661309253, 51.533886216736406],
            [-3.1771238172492025, 51.53366520020597],
            [-3.177730926527239, 51.53414511458588],
            [-3.178091865042351, 51.534114154592714],
            [-3.1782737163798296, 51.534060085303004],
            [-3.1781617402498306, 51.53391122625515],
            [-3.1785886552196114, 51.533772149490616],
            [-3.1786887167976072, 51.53386717683147],
            [-3.178986579425511, 51.53377219659561],
            [-3.179301592100613, 51.534151092996424],
            [-3.178650785819825, 51.53438009287528],
            [-3.1788457024362775, 51.535105034262834],
            [-3.178503696535614, 51.53524406804705],
            [-3.1786387698520673, 51.53540501347298],
            [-3.178623731384314, 51.535447965738825],
            [-3.1785968507626405, 51.535545977126425],
            [-3.178703828367517, 51.5357299541371],
            [-3.1787687775896116, 51.53579395273375],
            [-3.17888976014333, 51.53582798481336],
            [-3.1794626157620085, 51.53590692880344],
            [-3.179774627576641, 51.53597392719818],
            [-3.179823592506069, 51.53587695225531],
            [-3.1805025373774027, 51.53589898467168],
            [-3.180720627748199, 51.53602492316328],
            [-3.181165464307001, 51.53631582626643],
            [-3.18218833168488, 51.536166867086344],
            [-3.182624240834298, 51.53610186774342],
            [-3.1831133399638567, 51.53603084524234],
            [-3.183556158808737, 51.53690470065453],
            [-3.184259163259936, 51.53814162570831],
            [-3.184773162655335, 51.53928945830429],
            [-3.1849571155811716, 51.53971543166795],
            [-3.1852351108297805, 51.540425315846605],
            [-3.185364119656985, 51.541300176564654],
            [-3.1855141222013637, 51.542128157241706],
            [-3.185553225592936, 51.54300005967893],
            [-3.1853773620803953, 51.54492779712422],
            [-3.1854342000451097, 51.545416737874824],
            [-3.185323217963348, 51.54612371785279],
            [-3.185310331405695, 51.54639360287119],
            [-3.185302374039167, 51.54656461789799],
            [-3.1852323538591127, 51.54769361965797],
            [-3.1851388576099184, 51.549234593890034],
            [-3.1850124456328945, 51.5507967611712],
            [-3.1851380764892263, 51.55177362208603],
            [-3.1855913658124133, 51.5525156323579],
            [-3.1856657280649476, 51.553128842064105],
            [-3.1856869118944102, 51.55330558690494],
            [-3.185449166721132, 51.55378653410358],
            [-3.1853203947935658, 51.5542926358252],
            [-3.1858965909986448, 51.5559101046016],
            [-3.18614461594072, 51.55670544058109],
            [-3.186361540665271, 51.556693445972165],
            [-3.186790609491257, 51.55676841384904],
            [-3.1871903652307707, 51.556814453420635],
            [-3.187395405605909, 51.55682244907542],
            [-3.187484355433725, 51.55680940977224],
            [-3.1879753680477907, 51.55669842501847],
            [-3.1879904478364423, 51.556701419444515],
            [-3.188022428006407, 51.55671638166694],
            [-3.1880744294280827, 51.5567523617968],
            [-3.1881684379057824, 51.556922344058904],
            [-3.188169338944908, 51.55695137848909],
            [-3.188127358928018, 51.557045318521084],
            [-3.188132380076877, 51.55706639842743],
            [-3.188380251258865, 51.55722331258158],
            [-3.1885133316023326, 51.557287334875],
            [-3.1886512381563956, 51.557348340819225],
            [-3.18908822621707, 51.55749425540348],
            [-3.1892422131741096, 51.55754125027125],
            [-3.1897852400091264, 51.55762125629455],
            [-3.1900992299180713, 51.55765826479696],
            [-3.1903451796042703, 51.55763625722608],
            [-3.190714025770698, 51.55766929056954],
            [-3.1909360401514055, 51.557664249471905],
            [-3.191167967143614, 51.55767421355171],
            [-3.191218037968785, 51.55766929914411],
            [-3.1914250019638053, 51.55760722200496],
            [-3.1915970762249555, 51.55749622374905],
            [-3.1916658759945067, 51.557457309685724],
            [-3.1917729263202914, 51.557408295841746],
            [-3.192453835492903, 51.557239254103564],
            [-3.1928438516033926, 51.557155261866114],
            [-3.19312376575264, 51.55708632548463],
            [-3.1939587742323914, 51.55695230429232],
            [-3.194915577737481, 51.55676533366447],
            [-3.19496164415784, 51.55676729222305],
            [-3.19507654615824, 51.55679237786256],
            [-3.195283538400774, 51.55682524718875],
            [-3.1953005339142604, 51.556824264757736],
            [-3.195517536690533, 51.55678230966058],
            [-3.1959145581531825, 51.556685287561564],
            [-3.1965814678696507, 51.556687298956014],
            [-3.1971423129679724, 51.55662726639738],
            [-3.197376215825851, 51.55659727434528],
            [-3.197798306618444, 51.55653227060366],
            [-3.1985090686979984, 51.55636432744036],
            [-3.1987011632063593, 51.55632432934989],
            [-3.198797073215537, 51.556307343848964],
            [-3.199483014560565, 51.55627632409252],
            [-3.1995061470780315, 51.55628930554431],
            [-3.199591974433471, 51.556437332508416],
            [-3.1997400367981372, 51.55659326518188],
            [-3.199941067505524, 51.55675027441397],
            [-3.1999620606441432, 51.55675320681848],
            [-3.200026926797734, 51.55668024904621],
            [-3.2000239703137017, 51.556628216638444],
            [-3.2000329937854857, 51.556620301448376],
            [-3.200207956769543, 51.556543249990845],
            [-3.2004149055413817, 51.55648124698934],
            [-3.200939801185121, 51.5563052998246],
            [-3.20138878340289, 51.556051359368766],
            [-3.20183063981226, 51.55582824220896],
            [-3.2022566757888087, 51.55556329367194],
            [-3.2025216584015688, 51.55541041421159],
            [-3.2027677337693303, 51.55530637377741],
            [-3.2025656688972473, 51.555088415357694],
            [-3.2024065494059415, 51.554770476893175],
            [-3.2019876360115105, 51.554331472874445],
            [-3.2019987265261265, 51.554314454602206],
            [-3.2031355095630794, 51.55382353671892],
            [-3.203321467081532, 51.55371552578689],
            [-3.204146455395566, 51.55354961344964],
            [-3.204796329493981, 51.553443581118415],
            [-3.2050413342256303, 51.55337056863398],
            [-3.2057532464728693, 51.55323260210913],
            [-3.2060450722397453, 51.55315757764521],
            [-3.2063152029638466, 51.55310759300603],
            [-3.2066101135663247, 51.55305654359879],
            [-3.206886100000685, 51.55304255465781],
            [-3.207533001930579, 51.55295551045223],
            [-3.2075510029984526, 51.55294354585188],
            [-3.2074239205645423, 51.552741638515094],
            [-3.207430011801998, 51.5527265594572],
            [-3.2081649855058467, 51.552637616098096],
            [-3.2095736826695918, 51.55244560049369],
            [-3.2100127419897113, 51.55235358191198],
            [-3.2100746888495406, 51.5523236295357],
            [-3.2104066732327072, 51.552278572309085],
            [-3.2104215405725562, 51.55227356331165],
            [-3.210609660292809, 51.55214465733805],
            [-3.210768536260699, 51.55209859795858],
            [-3.211133566373646, 51.55205967170617],
            [-3.2114024238090937, 51.5520056421169],
            [-3.2120404296656493, 51.551964613112176],
            [-3.2125403073366097, 51.5518006513425],
            [-3.21268440147398, 51.55174664948983],
            [-3.2127052948498234, 51.55172961875954],
            [-3.212717253804808, 51.55158274831475],
            [-3.2127332318838397, 51.55157071390454],
            [-3.213340205544642, 51.55166460645065],
            [-3.2134872955562304, 51.551728635472536],
            [-3.2135232353734637, 51.551729612461685],
            [-3.21389127847259, 51.551668616428785],
            [-3.2143861803112057, 51.55161062211855],
            [-3.214741103606342, 51.55156072927443],
            [-3.2147621015076235, 51.551547653501615],
            [-3.2147591573879533, 51.551496700251775],
            [-3.214782149986559, 51.551482704635106],
            [-3.2152770747065746, 51.55139862997569],
            [-3.215864006096087, 51.55134659968077],
            [-3.2156695938006052, 51.55127128473367],
            [-3.2152024151596934, 51.55127612526688],
            [-3.2144991542349124, 51.551189803322444],
            [-3.21426264872476, 51.551088126159705],
            [-3.213989660738602, 51.55086210924524],
            [-3.213736021102351, 51.550739747272935],
            [-3.2132323530111484, 51.550630581306336],
            [-3.2127140398863525, 51.550594308577885],
            [-3.212212309265676, 51.55055786220343],
            [-3.211393375439296, 51.55051425927568],
            [-3.2108749207759244, 51.550477979892825],
            [-3.2104038858470547, 51.5503372632752],
            [-3.2099983592806707, 51.55015405702519],
            [-3.2095382566031465, 51.549794542649664],
            [-3.208988744049299, 51.549217536216496],
            [-3.208567113328511, 51.54842070800124],
            [-3.208311482226389, 51.547590786887405],
            [-3.208227913492889, 51.54695691354083],
            [-3.207671432958032, 51.54610940806756],
            [-3.2072466788515794, 51.54519805095508],
            [-3.20688773510525, 51.5442443828884],
            [-3.206618820007059, 51.542915726726214],
            [-3.2065726024379333, 51.54013304491098],
            [-3.2065667245371214, 51.5397691152158],
            [-3.206635645891186, 51.539360176134295],
            [-3.2066576486933447, 51.53922714011975],
            [-3.206548641149144, 51.53876931728777],
            [-3.206470631635178, 51.538420336598485],
            [-3.2063215285639943, 51.53791832632242],
            [-3.2062045349250736, 51.537485402751166],
            [-3.2061296647873445, 51.53691141326499],
            [-3.206136647528765, 51.53641750871437],
            [-3.2061895058957677, 51.53586459536985],
            [-3.2062455999703507, 51.53501968302241],
            [-3.2061624594319147, 51.5345417215339],
            [-3.205183596202603, 51.53248806181251],
            [-3.2042207299096335, 51.53125015100541],
            [-3.204169633767122, 51.531193217609214],
            [-3.203320640194758, 51.53016031361533],
            [-3.2029967947799514, 51.529972378784045],
            [-3.2024648915826006, 51.529077477934244],
            [-3.2024787938802524, 51.5286805243962],
            [-3.2024537231725336, 51.52839654856552],
            [-3.202708733306905, 51.52781656607036],
            [-3.2027315854879324, 51.527425635101814],
            [-3.2029146459908526, 51.52688361618582],
            [-3.2028146375655213, 51.52629972082453],
            [-3.202724664687513, 51.52586678582985],
            [-3.202598712238175, 51.52555084423514],
            [-3.20249664284686, 51.525462871289875],
            [-3.2025946310534827, 51.52533580054829],
            [-3.2025676282440876, 51.52516990766371],
            [-3.2023907120298976, 51.524538963619776],
            [-3.201612526368185, 51.52103732108801],
            [-3.200555714431325, 51.52129434185198],
            [-3.1996848354319503, 51.52149136369417],
            [-3.197197148919228, 51.52158341467555],
            [-3.1948585017117055, 51.521670387666255],
            [-3.193599553647642, 51.52171234104474],
            [-3.1922117283908666, 51.52165434266064],
            [-3.1903328760191827, 51.521288485601715],
            [-3.1892979697392714, 51.52110548004551],
            [-3.1886991859051297, 51.520926588020075],
            [-3.187334178375086, 51.52040369102627],
            [-3.185550476609047, 51.519424807844146],
            [-3.1845475229626192, 51.51853791388268],
            [-3.1838365289615536, 51.518831843802715],
            [-3.183758660756178, 51.51878587211353],
            [-3.1827967564211925, 51.51913088412998],
            [-3.1816958696658095, 51.51947486087652],
            [-3.181693058295803, 51.52545114860691],
            [-3.1813210715137763, 51.525420097557515],
            [-3.180906086952938, 51.52528715097803],
            [-3.1803363086696814, 51.52536113485059],
            [-3.1802062545634233, 51.52515922775692],
            [-3.180065242661937, 51.52518015900111],
            [-3.180178165643109, 51.5253941078831],
            [-3.17973122310914, 51.52551918526148],
            [-3.179566310689017, 51.525279142971804],
            [-3.1794212697714888, 51.525317108563755],
            [-3.1792653417173096, 51.525034174278204],
            [-3.177904490966836, 51.52538216681964],
            [-3.1779345178378837, 51.52573011966988],
            [-3.1778845756624743, 51.526905946072254],
            [-3.177881592370397, 51.52738793916897],
            [-3.1786575553077387, 51.52812376952394],
            [-3.179052466702569, 51.529074734452784],
            [-3.1772685959302964, 51.52985570190896],
            [-3.1764918847060364, 51.53031560556667],
            [-3.176040004397996, 51.531431529229515],
            [-3.1757759792494253, 51.53240844227417]
          ],
          [
            [-3.1861582188685014, 51.545868721353074],
            [-3.186335142754472, 51.54649968706298],
            [-3.1880069677511025, 51.546397614516465],
            [-3.1889668852501925, 51.546326564489114],
            [-3.1904276746346785, 51.54621751450631],
            [-3.1915485977439584, 51.54613258036696],
            [-3.1931164500683464, 51.54599858090053],
            [-3.1947382294204276, 51.545853580668386],
            [-3.1958920800218746, 51.54573257199165],
            [-3.197150896794511, 51.54556156513354],
            [-3.198803647019308, 51.54529561194413],
            [-3.1993626801889086, 51.545188559321886],
            [-3.1998625104252936, 51.54508966276777],
            [-3.200522521420241, 51.544945604294114],
            [-3.201046554136193, 51.54481858026075],
            [-3.2016374968685524, 51.54466964771242],
            [-3.202340400676145, 51.54447370621317],
            [-3.2029391937772, 51.54430562389204],
            [-3.2027742451400734, 51.54422459041449],
            [-3.2021133173044736, 51.54309677486562],
            [-3.2004805618649583, 51.54344475595991],
            [-3.200185484785766, 51.54296680187585],
            [-3.198359742589092, 51.54321485031787],
            [-3.197978713870647, 51.54268085047808],
            [-3.1968649197971186, 51.54285794009443],
            [-3.19689797865864, 51.54275491595403],
            [-3.1969947842910083, 51.54243795483802],
            [-3.1969199342370835, 51.54209693875612],
            [-3.196780951310966, 51.54144402054499],
            [-3.1970418275252657, 51.540604128027724],
            [-3.1972817675010257, 51.54043919650553],
            [-3.1973537286053655, 51.540302145592435],
            [-3.197366819364334, 51.54009223222835],
            [-3.1971866465000467, 51.53988617986224],
            [-3.196972754609777, 51.53978531623035],
            [-3.196708728722067, 51.53958722236026],
            [-3.1964077701223763, 51.53932233553401],
            [-3.196214929898, 51.53913331555246],
            [-3.196049921197456, 51.5388893410398],
            [-3.1958988491212956, 51.53865439588166],
            [-3.195717930959873, 51.538309424835035],
            [-3.195612821734011, 51.53778150596599],
            [-3.195445960745169, 51.53740051371033],
            [-3.194381962772083, 51.53756951967043],
            [-3.1932720966326573, 51.5378815033322],
            [-3.1916093162649144, 51.53832848749407],
            [-3.1903774166273893, 51.53871739458486],
            [-3.1891635945142953, 51.53916446240386],
            [-3.1883428028510274, 51.53946141894772],
            [-3.188002852603038, 51.539657377826884],
            [-3.1875768518031515, 51.540015340698744],
            [-3.1871669404685514, 51.540454335420925],
            [-3.1867949567725598, 51.54154215541321],
            [-3.1867359460680555, 51.542300134651484],
            [-3.1867230660273482, 51.54305207212272],
            [-3.186743026091793, 51.543713848856136],
            [-3.1867331265811507, 51.54385988643506],
            [-3.1867280446677584, 51.54416889716495],
            [-3.1867659955907985, 51.544313911110855],
            [-3.186898050767172, 51.544633763172506],
            [-3.1868390161739057, 51.54477580198499],
            [-3.186793100086726, 51.54486780338122],
            [-3.18684713395606, 51.544893782576644],
            [-3.186856187875622, 51.54497569645653],
            [-3.186822083182709, 51.54526665745518],
            [-3.186767061447942, 51.54533573187762],
            [-3.1867350869286004, 51.5453927038919],
            [-3.186716165687597, 51.54548578090991],
            [-3.1861582188685014, 51.545868721353074]
          ],
          [
            [-3.1904544089278852, 51.53533585963774],
            [-3.190467412194561, 51.53533689659965],
            [-3.1921411324034734, 51.535168833901956],
            [-3.1904544089278852, 51.53533585963774]
          ]
        ]
      }
    },
    {
      "type": "Feature",
      "properties": {
        "CATCHMENT_NAME": "Radnor Primary School",
        "URN": "6812039"
      },
      "geometry": {
        "type": "Polygon",
        "coordinates": [
          [
            [-3.2034501692432165, 51.48686534419705],
            [-3.2036032070830767, 51.48706528234985],
            [-3.204121233151087, 51.48753923303252],
            [-3.205420086732126, 51.48870212049147],
            [-3.2063869807611516, 51.48851116828451],
            [-3.2069530329700413, 51.4889530506829],
            [-3.2087736854299083, 51.488901024354156],
            [-3.2090937604196554, 51.48902199250435],
            [-3.2093836940709686, 51.48918499324166],
            [-3.2094725468409524, 51.489265993175216],
            [-3.209536651680331, 51.489347967701725],
            [-3.209517718898157, 51.49006383056674],
            [-3.2107675116008068, 51.49145466092887],
            [-3.2135021515914364, 51.491937580974465],
            [-3.213842164115718, 51.49202155289474],
            [-3.2135122497874526, 51.49218763188434],
            [-3.2130172826841847, 51.49324444934685],
            [-3.2136053708042596, 51.49365442019883],
            [-3.2159750009757984, 51.49254049736219],
            [-3.2176548299617242, 51.49291241472246],
            [-3.219430604054281, 51.4933484118621],
            [-3.2194405333524125, 51.49335343399514],
            [-3.21977758955206, 51.492883426668],
            [-3.2201194805010633, 51.49253538851372],
            [-3.220331560225565, 51.49236449274437],
            [-3.220955471509116, 51.49189752054702],
            [-3.221700366850448, 51.491290538835386],
            [-3.2219902332293513, 51.491055616138105],
            [-3.222256304394852, 51.49084665769646],
            [-3.2225721372431413, 51.49060265073295],
            [-3.2227761284534355, 51.490404679109965],
            [-3.2235720975975948, 51.489689698847286],
            [-3.22390994793171, 51.48934870513705],
            [-3.224629881569639, 51.48879681565837],
            [-3.224932822899709, 51.48856183882406],
            [-3.224998808886665, 51.48850881631586],
            [-3.2245269423548715, 51.488502865228774],
            [-3.2238869251999533, 51.48845685510084],
            [-3.2234329054467254, 51.488428862901195],
            [-3.223182041271338, 51.48845189204309],
            [-3.2225060509177283, 51.48855785377454],
            [-3.2219232367402637, 51.4886418893454],
            [-3.2216901286279875, 51.48869880968191],
            [-3.2215451480818937, 51.488738805766864],
            [-3.2209013499006285, 51.48889091112674],
            [-3.2203273821699585, 51.48903680106042],
            [-3.2199014109906265, 51.48912081252552],
            [-3.219580540313297, 51.489170818758666],
            [-3.2192415642630072, 51.48920087045196],
            [-3.2185346687539322, 51.48922890073506],
            [-3.2180706831027193, 51.48923785826641],
            [-3.217386741287318, 51.489267891140265],
            [-3.217104665233758, 51.4879030563434],
            [-3.2170087633232614, 51.48748206026074],
            [-3.2169596801614784, 51.487256062841844],
            [-3.2169426736397035, 51.48716910749027],
            [-3.2169146613475403, 51.487123179682726],
            [-3.216815685381272, 51.487030151274176],
            [-3.2166576292300033, 51.486871105620665],
            [-3.216578706090584, 51.48672517616565],
            [-3.2164968193923666, 51.48630016764795],
            [-3.216556719934628, 51.486267175140306],
            [-3.216577710377651, 51.48620626175131],
            [-3.2165688092174975, 51.486180277492025],
            [-3.2165307707789266, 51.4861472221766],
            [-3.216502682292789, 51.486044286166745],
            [-3.2164897408869373, 51.4858502844859],
            [-3.216800737095559, 51.48551129823734],
            [-3.217055700500191, 51.48513431737281],
            [-3.2172276550132093, 51.48467439286221],
            [-3.2172655568710735, 51.48417242885117],
            [-3.2167556972399107, 51.48418743266161],
            [-3.21319500680391, 51.484237550143064],
            [-3.2131590820458333, 51.48450642116622],
            [-3.212569166666278, 51.484549480668235],
            [-3.2126251582722327, 51.48472739153221],
            [-3.2121393482999285, 51.48473718092636],
            [-3.21209817601698, 51.4846455291499],
            [-3.211867180809243, 51.48417350241334],
            [-3.2110242094042345, 51.4825526936257],
            [-3.210556248292424, 51.48252866232678],
            [-3.210301339804698, 51.482506746091914],
            [-3.209812349816304, 51.48246080874142],
            [-3.208660517954614, 51.48231874694203],
            [-3.2084626131735803, 51.482295789439384],
            [-3.207440579422346, 51.48217683577549],
            [-3.2063618706490242, 51.482043799544044],
            [-3.2058667729678207, 51.481989815870584],
            [-3.206128786883275, 51.48109691882336],
            [-3.205756755390769, 51.48107296051904],
            [-3.2058048792071685, 51.4806590162501],
            [-3.206067676290391, 51.47932118985008],
            [-3.2046148185331473, 51.47920619344118],
            [-3.2042250910673813, 51.48124300469897],
            [-3.2045670114973857, 51.48126098288727],
            [-3.2052108819819036, 51.481932897267285],
            [-3.203651102642503, 51.48183490347969],
            [-3.203813097056454, 51.48222789627413],
            [-3.2039910234305076, 51.48261874699359],
            [-3.2042459496969595, 51.48298578719533],
            [-3.2049370180610643, 51.48398866082309],
            [-3.205160970514624, 51.48481352685335],
            [-3.2053709288239336, 51.485593486673714],
            [-3.2049440700647027, 51.48566549371955],
            [-3.2034501692432165, 51.48686534419705]
          ]
        ]
      }
    },
    {
      "type": "Feature",
      "properties": {
        "CATCHMENT_NAME": "THORNHILL PRIMARY SCHOOL",
        "URN": "6812176"
      },
      "geometry": {
        "type": "Polygon",
        "coordinates": [
          [
            [-3.1850124456328945, 51.5507967611712],
            [-3.1851380764892263, 51.55177362208603],
            [-3.1855913658124133, 51.5525156323579],
            [-3.1856657280649476, 51.553128842064105],
            [-3.1856869118944102, 51.55330558690494],
            [-3.185449166721132, 51.55378653410358],
            [-3.1853203947935658, 51.5542926358252],
            [-3.1858965909986448, 51.5559101046016],
            [-3.18614461594072, 51.55670544058109],
            [-3.186361540665271, 51.556693445972165],
            [-3.186790609491257, 51.55676841384904],
            [-3.1871903652307707, 51.556814453420635],
            [-3.187395405605909, 51.55682244907542],
            [-3.187484355433725, 51.55680940977224],
            [-3.1879753680477907, 51.55669842501847],
            [-3.1879904478364423, 51.556701419444515],
            [-3.188022428006407, 51.55671638166694],
            [-3.1880744294280827, 51.5567523617968],
            [-3.1881684379057824, 51.556922344058904],
            [-3.188169338944908, 51.55695137848909],
            [-3.188127358928018, 51.557045318521084],
            [-3.188132380076877, 51.55706639842743],
            [-3.188380251258865, 51.55722331258158],
            [-3.1885133316023326, 51.557287334875],
            [-3.1886512381563956, 51.557348340819225],
            [-3.18908822621707, 51.55749425540348],
            [-3.1892422131741096, 51.55754125027125],
            [-3.1897852400091264, 51.55762125629455],
            [-3.1900992299180713, 51.55765826479696],
            [-3.1903451796042703, 51.55763625722608],
            [-3.190714025770698, 51.55766929056954],
            [-3.1909360401514055, 51.557664249471905],
            [-3.191167967143614, 51.55767421355171],
            [-3.191218037968785, 51.55766929914411],
            [-3.1914250019638053, 51.55760722200496],
            [-3.1915970762249555, 51.55749622374905],
            [-3.1916658759945067, 51.557457309685724],
            [-3.1917729263202914, 51.557408295841746],
            [-3.192453835492903, 51.557239254103564],
            [-3.1928438516033926, 51.557155261866114],
            [-3.19312376575264, 51.55708632548463],
            [-3.1939587742323914, 51.55695230429232],
            [-3.194915577737481, 51.55676533366447],
            [-3.19496164415784, 51.55676729222305],
            [-3.19507654615824, 51.55679237786256],
            [-3.195283538400774, 51.55682524718875],
            [-3.1953005339142604, 51.556824264757736],
            [-3.195517536690533, 51.55678230966058],
            [-3.1959145581531825, 51.556685287561564],
            [-3.1965814678696507, 51.556687298956014],
            [-3.1971423129679724, 51.55662726639738],
            [-3.197376215825851, 51.55659727434528],
            [-3.197798306618444, 51.55653227060366],
            [-3.1985090686979984, 51.55636432744036],
            [-3.1987011632063593, 51.55632432934989],
            [-3.198797073215537, 51.556307343848964],
            [-3.199483014560565, 51.55627632409252],
            [-3.1995061470780315, 51.55628930554431],
            [-3.199591974433471, 51.556437332508416],
            [-3.1997400367981372, 51.55659326518188],
            [-3.199941067505524, 51.55675027441397],
            [-3.1999620606441432, 51.55675320681848],
            [-3.200026926797734, 51.55668024904621],
            [-3.2000239703137017, 51.556628216638444],
            [-3.2000329937854857, 51.556620301448376],
            [-3.200207956769543, 51.556543249990845],
            [-3.2004149055413817, 51.55648124698934],
            [-3.200939801185121, 51.5563052998246],
            [-3.20138878340289, 51.556051359368766],
            [-3.20183063981226, 51.55582824220896],
            [-3.2022566757888087, 51.55556329367194],
            [-3.2025216584015688, 51.55541041421159],
            [-3.2027677337693303, 51.55530637377741],
            [-3.2025656688972473, 51.555088415357694],
            [-3.2024065494059415, 51.554770476893175],
            [-3.2019876360115105, 51.554331472874445],
            [-3.2019987265261265, 51.554314454602206],
            [-3.2031355095630794, 51.55382353671892],
            [-3.203321467081532, 51.55371552578689],
            [-3.204146455395566, 51.55354961344964],
            [-3.204796329493981, 51.553443581118415],
            [-3.2050413342256303, 51.55337056863398],
            [-3.2057532464728693, 51.55323260210913],
            [-3.2060450722397453, 51.55315757764521],
            [-3.2063152029638466, 51.55310759300603],
            [-3.2066101135663247, 51.55305654359879],
            [-3.206886100000685, 51.55304255465781],
            [-3.207533001930579, 51.55295551045223],
            [-3.2075510029984526, 51.55294354585188],
            [-3.2074239205645423, 51.552741638515094],
            [-3.207430011801998, 51.5527265594572],
            [-3.2081649855058467, 51.552637616098096],
            [-3.2095736826695918, 51.55244560049369],
            [-3.2100127419897113, 51.55235358191198],
            [-3.2100746888495406, 51.5523236295357],
            [-3.2104066732327072, 51.552278572309085],
            [-3.2104215405725562, 51.55227356331165],
            [-3.210609660292809, 51.55214465733805],
            [-3.210768536260699, 51.55209859795858],
            [-3.211133566373646, 51.55205967170617],
            [-3.2114024238090937, 51.5520056421169],
            [-3.2120404296656493, 51.551964613112176],
            [-3.2125403073366097, 51.5518006513425],
            [-3.21268440147398, 51.55174664948983],
            [-3.2127052948498234, 51.55172961875954],
            [-3.212717253804808, 51.55158274831475],
            [-3.2127332318838397, 51.55157071390454],
            [-3.213340205544642, 51.55166460645065],
            [-3.2134872955562304, 51.551728635472536],
            [-3.2135232353734637, 51.551729612461685],
            [-3.21389127847259, 51.551668616428785],
            [-3.2143861803112057, 51.55161062211855],
            [-3.214741103606342, 51.55156072927443],
            [-3.2147621015076235, 51.551547653501615],
            [-3.2147591573879533, 51.551496700251775],
            [-3.214782149986559, 51.551482704635106],
            [-3.2152770747065746, 51.55139862997569],
            [-3.215864006096087, 51.55134659968077],
            [-3.2156695938006052, 51.55127128473367],
            [-3.2152024151596934, 51.55127612526688],
            [-3.2144991542349124, 51.551189803322444],
            [-3.21426264872476, 51.551088126159705],
            [-3.213989660738602, 51.55086210924524],
            [-3.213736021102351, 51.550739747272935],
            [-3.2132323530111484, 51.550630581306336],
            [-3.2127140398863525, 51.550594308577885],
            [-3.212212309265676, 51.55055786220343],
            [-3.211393375439296, 51.55051425927568],
            [-3.2108749207759244, 51.550477979892825],
            [-3.2104038858470547, 51.5503372632752],
            [-3.2099983592806707, 51.55015405702519],
            [-3.2095382566031465, 51.549794542649664],
            [-3.208988744049299, 51.549217536216496],
            [-3.208567113328511, 51.54842070800124],
            [-3.208311482226389, 51.547590786887405],
            [-3.208227913492889, 51.54695691354083],
            [-3.207671432958032, 51.54610940806756],
            [-3.2072466788515794, 51.54519805095508],
            [-3.20688773510525, 51.5442443828884],
            [-3.206618820007059, 51.542915726726214],
            [-3.2065726024379333, 51.54013304491098],
            [-3.2065667245371214, 51.5397691152158],
            [-3.206635645891186, 51.539360176134295],
            [-3.2066576486933447, 51.53922714011975],
            [-3.206548641149144, 51.53876931728777],
            [-3.206470631635178, 51.538420336598485],
            [-3.2063215285639943, 51.53791832632242],
            [-3.2062045349250736, 51.537485402751166],
            [-3.2061296647873445, 51.53691141326499],
            [-3.206136647528765, 51.53641750871437],
            [-3.2061895058957677, 51.53586459536985],
            [-3.2062455999703507, 51.53501968302241],
            [-3.2061624594319147, 51.5345417215339],
            [-3.205183596202603, 51.53248806181251],
            [-3.2042207299096335, 51.53125015100541],
            [-3.204169633767122, 51.531193217609214],
            [-3.203320640194758, 51.53016031361533],
            [-3.2029967947799514, 51.529972378784045],
            [-3.2024648915826006, 51.529077477934244],
            [-3.2022117844761597, 51.52909535880939],
            [-3.2020847155998657, 51.52889047778407],
            [-3.2017517355210154, 51.52882042657953],
            [-3.201402812676572, 51.52878542617682],
            [-3.2013828111926177, 51.528644458787426],
            [-3.200920953032063, 51.52864550216602],
            [-3.2006649869044623, 51.528598487727216],
            [-3.200434965128461, 51.52891843490281],
            [-3.1989642313587376, 51.52906053394271],
            [-3.1987791954077407, 51.52909047996281],
            [-3.1964924995767587, 51.52934249313284],
            [-3.196103645362636, 51.52940652502359],
            [-3.194152767409775, 51.52983841120748],
            [-3.1941496548813766, 51.52971948062241],
            [-3.1934678352739985, 51.529854374736516],
            [-3.1931968157356083, 51.52979949443781],
            [-3.1913211479371504, 51.53024243741357],
            [-3.1911651541428068, 51.53055136338193],
            [-3.1902242614235563, 51.53062044140086],
            [-3.1902362899849, 51.53093233664056],
            [-3.1899612727480964, 51.53094537792338],
            [-3.189801198359555, 51.530650450577205],
            [-3.1893844529067663, 51.53066843499558],
            [-3.1895633578890195, 51.53187926177198],
            [-3.189372462789599, 51.53242619378306],
            [-3.18939234462423, 51.5326081670493],
            [-3.1893484300440242, 51.5329311500123],
            [-3.1893823954014646, 51.53369205550932],
            [-3.1895724838094295, 51.53414799265697],
            [-3.1898854394216962, 51.53461590109702],
            [-3.1901603237366793, 51.535016935994165],
            [-3.1904544089278852, 51.53533585963774],
            [-3.1921411324034734, 51.535168833901956],
            [-3.1940630025329897, 51.5349798779052],
            [-3.1942220135339188, 51.53512788338961],
            [-3.1943279909377256, 51.53529881839555],
            [-3.194430009620509, 51.535461700952965],
            [-3.194573990864092, 51.535602755451904],
            [-3.1947568481654764, 51.5357527653041],
            [-3.194853876764096, 51.535961736586884],
            [-3.194957814926858, 51.536076672572136],
            [-3.195047888262559, 51.536234730766665],
            [-3.1953937779170225, 51.53646562360558],
            [-3.1954098749471416, 51.53655169137786],
            [-3.1952147919181537, 51.53660664143159],
            [-3.195135905325296, 51.536754551897424],
            [-3.195127934387185, 51.537000650071484],
            [-3.1952338800649875, 51.537164570917625],
            [-3.195445960745169, 51.53740051371033],
            [-3.194381962772083, 51.53756951967043],
            [-3.1932720966326573, 51.5378815033322],
            [-3.1916093162649144, 51.53832848749407],
            [-3.1903774166273893, 51.53871739458486],
            [-3.1891635945142953, 51.53916446240386],
            [-3.1883428028510274, 51.53946141894772],
            [-3.188002852603038, 51.539657377826884],
            [-3.1875768518031515, 51.540015340698744],
            [-3.1871669404685514, 51.540454335420925],
            [-3.1867949567725598, 51.54154215541321],
            [-3.1867359460680555, 51.542300134651484],
            [-3.1867230660273482, 51.54305207212272],
            [-3.186743026091793, 51.543713848856136],
            [-3.1867331265811507, 51.54385988643506],
            [-3.1867280446677584, 51.54416889716495],
            [-3.1867659955907985, 51.544313911110855],
            [-3.186898050767172, 51.544633763172506],
            [-3.1868390161739057, 51.54477580198499],
            [-3.186793100086726, 51.54486780338122],
            [-3.18684713395606, 51.544893782576644],
            [-3.186856187875622, 51.54497569645653],
            [-3.186822083182709, 51.54526665745518],
            [-3.186767061447942, 51.54533573187762],
            [-3.1867350869286004, 51.5453927038919],
            [-3.186716165687597, 51.54548578090991],
            [-3.1861582188685014, 51.545868721353074],
            [-3.186335142754472, 51.54649968706298],
            [-3.185302374039167, 51.54656461789799],
            [-3.1852323538591127, 51.54769361965797],
            [-3.1851388576099184, 51.549234593890034],
            [-3.1850124456328945, 51.5507967611712]
          ]
        ]
      }
    },
    {
      "type": "Feature",
      "properties": {
        "CATCHMENT_NAME": "LLYSFAEN PRIMARY SCHOOL",
        "URN": "6812147"
      },
      "geometry": {
        "type": "Polygon",
        "coordinates": [
          [
            [-3.1552205493132757, 51.5391258368571],
            [-3.156982404373097, 51.543064329984276],
            [-3.1575415108869964, 51.545997067362144],
            [-3.1569169219438726, 51.557228680010766],
            [-3.157445909179137, 51.55762170841391],
            [-3.157597953693115, 51.557661660348],
            [-3.1579798758910984, 51.55785265323883],
            [-3.1586568743632832, 51.55815456697303],
            [-3.158976719521036, 51.558269559677406],
            [-3.159265782078961, 51.558376583257136],
            [-3.1597796650114405, 51.55863954932486],
            [-3.159891579173477, 51.55867252175834],
            [-3.159898657153201, 51.55867856619478],
            [-3.159903647059203, 51.55870459304952],
            [-3.159913634555918, 51.55871159781499],
            [-3.16027362041424, 51.5588334734608],
            [-3.160535526535497, 51.55885947672657],
            [-3.1605816807723817, 51.55887052962592],
            [-3.161477420838745, 51.55920146446748],
            [-3.1617954889541653, 51.559359357953426],
            [-3.161952486969078, 51.55945743209494],
            [-3.162246402312685, 51.55966933448968],
            [-3.162557495509651, 51.55980238776119],
            [-3.1625934660734254, 51.55980436916342],
            [-3.162767422440735, 51.559775399999914],
            [-3.162823368556883, 51.55977439588723],
            [-3.1628784312686973, 51.55977834598933],
            [-3.162893300021466, 51.5597844029381],
            [-3.1632993659192508, 51.56006631601702],
            [-3.163632338808224, 51.560310288017554],
            [-3.1638252478256725, 51.56043030310336],
            [-3.16385330964596, 51.560433261758256],
            [-3.164058250780503, 51.56031829153216],
            [-3.1643651787699487, 51.56009027104315],
            [-3.1647041924090593, 51.5598703834735],
            [-3.1647461430681854, 51.559852343068215],
            [-3.165699045121532, 51.559607383397115],
            [-3.1659551018329752, 51.55954540305815],
            [-3.1668079780147704, 51.55936634915806],
            [-3.1672098510313798, 51.55932035977171],
            [-3.1674848013292047, 51.55932032139602],
            [-3.167934764589203, 51.55923140965837],
            [-3.168757711935586, 51.55907835601673],
            [-3.169247593766501, 51.55895433318841],
            [-3.1698634125579317, 51.558847395783836],
            [-3.170412491910181, 51.55875937434489],
            [-3.1709284335483026, 51.55871232401077],
            [-3.171290354034863, 51.558661324292224],
            [-3.1717522049864777, 51.558631355278855],
            [-3.1719672044668292, 51.55861131394823],
            [-3.1721723207532304, 51.558588403680204],
            [-3.172565243807551, 51.55853142541066],
            [-3.1738539600130755, 51.55845136870745],
            [-3.174755957844952, 51.55837238353362],
            [-3.1755728877427805, 51.55827832840095],
            [-3.1773017008691142, 51.558220438569045],
            [-3.177750544900084, 51.558195432013065],
            [-3.177799671249906, 51.55818738569102],
            [-3.178487550129921, 51.55795631184619],
            [-3.179547331494603, 51.5576483917722],
            [-3.1798122968764515, 51.55759735140577],
            [-3.179820395929441, 51.557581444374996],
            [-3.1797673342317676, 51.557476414204466],
            [-3.1797593117749186, 51.55746741315873],
            [-3.1796313044379425, 51.55740944439754],
            [-3.1796414318194164, 51.55739945157501],
            [-3.179826318556554, 51.5573644125286],
            [-3.1806782127595663, 51.55722348243607],
            [-3.1810081712285374, 51.557153441929955],
            [-3.1811690628317684, 51.55710542436282],
            [-3.181688996745334, 51.55703544719346],
            [-3.1824899842106165, 51.556895466257735],
            [-3.1830379230530137, 51.55682645965522],
            [-3.184038854279319, 51.55668741889439],
            [-3.1840738394256096, 51.55669039275102],
            [-3.1843447899631325, 51.55685346661614],
            [-3.184607797383944, 51.55693839131721],
            [-3.1846557506537887, 51.55694635938129],
            [-3.1848217299213615, 51.55694441339758],
            [-3.185428683729472, 51.556848453560875],
            [-3.185610580579121, 51.55678744924837],
            [-3.1857786631759453, 51.556744388072396],
            [-3.18614461594072, 51.55670544058109],
            [-3.186361540665271, 51.556693445972165],
            [-3.186790609491257, 51.55676841384904],
            [-3.1871903652307707, 51.556814453420635],
            [-3.187395405605909, 51.55682244907542],
            [-3.187484355433725, 51.55680940977224],
            [-3.1879753680477907, 51.55669842501847],
            [-3.1879904478364423, 51.556701419444515],
            [-3.188022428006407, 51.55671638166694],
            [-3.1880744294280827, 51.5567523617968],
            [-3.1881684379057824, 51.556922344058904],
            [-3.188169338944908, 51.55695137848909],
            [-3.188127358928018, 51.557045318521084],
            [-3.188132380076877, 51.55706639842743],
            [-3.188380251258865, 51.55722331258158],
            [-3.1885133316023326, 51.557287334875],
            [-3.1886512381563956, 51.557348340819225],
            [-3.18908822621707, 51.55749425540348],
            [-3.1892422131741096, 51.55754125027125],
            [-3.1897852400091264, 51.55762125629455],
            [-3.1900992299180713, 51.55765826479696],
            [-3.1903451796042703, 51.55763625722608],
            [-3.190714025770698, 51.55766929056954],
            [-3.1909360401514055, 51.557664249471905],
            [-3.191167967143614, 51.55767421355171],
            [-3.191218037968785, 51.55766929914411],
            [-3.1914250019638053, 51.55760722200496],
            [-3.1915970762249555, 51.55749622374905],
            [-3.1916658759945067, 51.557457309685724],
            [-3.1917729263202914, 51.557408295841746],
            [-3.192453835492903, 51.557239254103564],
            [-3.1928438516033926, 51.557155261866114],
            [-3.19312376575264, 51.55708632548463],
            [-3.1939587742323914, 51.55695230429232],
            [-3.194915577737481, 51.55676533366447],
            [-3.19496164415784, 51.55676729222305],
            [-3.19507654615824, 51.55679237786256],
            [-3.195283538400774, 51.55682524718875],
            [-3.1953005339142604, 51.556824264757736],
            [-3.195517536690533, 51.55678230966058],
            [-3.1959145581531825, 51.556685287561564],
            [-3.1965814678696507, 51.556687298956014],
            [-3.1971423129679724, 51.55662726639738],
            [-3.197376215825851, 51.55659727434528],
            [-3.197798306618444, 51.55653227060366],
            [-3.1985090686979984, 51.55636432744036],
            [-3.1987011632063593, 51.55632432934989],
            [-3.198797073215537, 51.556307343848964],
            [-3.199483014560565, 51.55627632409252],
            [-3.1995061470780315, 51.55628930554431],
            [-3.199591974433471, 51.556437332508416],
            [-3.1997400367981372, 51.55659326518188],
            [-3.199941067505524, 51.55675027441397],
            [-3.1999620606441432, 51.55675320681848],
            [-3.200026926797734, 51.55668024904621],
            [-3.2000239703137017, 51.556628216638444],
            [-3.2000329937854857, 51.556620301448376],
            [-3.200207956769543, 51.556543249990845],
            [-3.2004149055413817, 51.55648124698934],
            [-3.200939801185121, 51.5563052998246],
            [-3.20138878340289, 51.556051359368766],
            [-3.20183063981226, 51.55582824220896],
            [-3.2022566757888087, 51.55556329367194],
            [-3.2025216584015688, 51.55541041421159],
            [-3.2027677337693303, 51.55530637377741],
            [-3.2025656688972473, 51.555088415357694],
            [-3.2024065494059415, 51.554770476893175],
            [-3.2019876360115105, 51.554331472874445],
            [-3.2019987265261265, 51.554314454602206],
            [-3.2031355095630794, 51.55382353671892],
            [-3.203321467081532, 51.55371552578689],
            [-3.204146455395566, 51.55354961344964],
            [-3.204796329493981, 51.553443581118415],
            [-3.2050413342256303, 51.55337056863398],
            [-3.2057532464728693, 51.55323260210913],
            [-3.2060450722397453, 51.55315757764521],
            [-3.2063152029638466, 51.55310759300603],
            [-3.2066101135663247, 51.55305654359879],
            [-3.206886100000685, 51.55304255465781],
            [-3.207533001930579, 51.55295551045223],
            [-3.2075510029984526, 51.55294354585188],
            [-3.2074239205645423, 51.552741638515094],
            [-3.207430011801998, 51.5527265594572],
            [-3.2081649855058467, 51.552637616098096],
            [-3.2095736826695918, 51.55244560049369],
            [-3.2100127419897113, 51.55235358191198],
            [-3.2100746888495406, 51.5523236295357],
            [-3.2104066732327072, 51.552278572309085],
            [-3.2104215405725562, 51.55227356331165],
            [-3.210609660292809, 51.55214465733805],
            [-3.210768536260699, 51.55209859795858],
            [-3.211133566373646, 51.55205967170617],
            [-3.2114024238090937, 51.5520056421169],
            [-3.2120404296656493, 51.551964613112176],
            [-3.2125403073366097, 51.5518006513425],
            [-3.21268440147398, 51.55174664948983],
            [-3.2127052948498234, 51.55172961875954],
            [-3.212717253804808, 51.55158274831475],
            [-3.2127332318838397, 51.55157071390454],
            [-3.213340205544642, 51.55166460645065],
            [-3.2134872955562304, 51.551728635472536],
            [-3.2135232353734637, 51.551729612461685],
            [-3.21389127847259, 51.551668616428785],
            [-3.2143861803112057, 51.55161062211855],
            [-3.214741103606342, 51.55156072927443],
            [-3.2147621015076235, 51.551547653501615],
            [-3.2147591573879533, 51.551496700251775],
            [-3.214782149986559, 51.551482704635106],
            [-3.2152770747065746, 51.55139862997569],
            [-3.215864006096087, 51.55134659968077],
            [-3.2156695938006052, 51.55127128473367],
            [-3.2152024151596934, 51.55127612526688],
            [-3.2144991542349124, 51.551189803322444],
            [-3.21426264872476, 51.551088126159705],
            [-3.213989660738602, 51.55086210924524],
            [-3.213736021102351, 51.550739747272935],
            [-3.2132323530111484, 51.550630581306336],
            [-3.2127140398863525, 51.550594308577885],
            [-3.212212309265676, 51.55055786220343],
            [-3.211393375439296, 51.55051425927568],
            [-3.2108749207759244, 51.550477979892825],
            [-3.2104038858470547, 51.5503372632752],
            [-3.2099983592806707, 51.55015405702519],
            [-3.2095382566031465, 51.549794542649664],
            [-3.208988744049299, 51.549217536216496],
            [-3.208567113328511, 51.54842070800124],
            [-3.208311482226389, 51.547590786887405],
            [-3.208227913492889, 51.54695691354083],
            [-3.207671432958032, 51.54610940806756],
            [-3.2072466788515794, 51.54519805095508],
            [-3.20688773510525, 51.5442443828884],
            [-3.206618820007059, 51.542915726726214],
            [-3.2065726024379333, 51.54013304491098],
            [-3.2065667245371214, 51.5397691152158],
            [-3.206635645891186, 51.539360176134295],
            [-3.2066576486933447, 51.53922714011975],
            [-3.206470631635178, 51.538420336598485],
            [-3.2063215285639943, 51.53791832632242],
            [-3.2062045349250736, 51.537485402751166],
            [-3.2061296647873445, 51.53691141326499],
            [-3.206136647528765, 51.53641750871437],
            [-3.2061895058957677, 51.53586459536985],
            [-3.2062455999703507, 51.53501968302241],
            [-3.2061624594319147, 51.5345417215339],
            [-3.205183596202603, 51.53248806181251],
            [-3.2042207299096335, 51.53125015100541],
            [-3.204169633767122, 51.531193217609214],
            [-3.203320640194758, 51.53016031361533],
            [-3.2029967947799514, 51.529972378784045],
            [-3.2024648915826006, 51.529077477934244],
            [-3.2022117844761597, 51.52909535880939],
            [-3.2020847155998657, 51.52889047778407],
            [-3.2017517355210154, 51.52882042657953],
            [-3.201402812676572, 51.52878542617682],
            [-3.2013828111926177, 51.528644458787426],
            [-3.200920953032063, 51.52864550216602],
            [-3.2006649869044623, 51.528598487727216],
            [-3.200434965128461, 51.52891843490281],
            [-3.1989642313587376, 51.52906053394271],
            [-3.1987791954077407, 51.52909047996281],
            [-3.1964924995767587, 51.52934249313284],
            [-3.196103645362636, 51.52940652502359],
            [-3.194152767409775, 51.52983841120748],
            [-3.1941496548813766, 51.52971948062241],
            [-3.1934678352739985, 51.529854374736516],
            [-3.1931968157356083, 51.52979949443781],
            [-3.1913211479371504, 51.53024243741357],
            [-3.1911651541428068, 51.53055136338193],
            [-3.1902242614235563, 51.53062044140086],
            [-3.1902362899849, 51.53093233664056],
            [-3.1899612727480964, 51.53094537792338],
            [-3.189801198359555, 51.530650450577205],
            [-3.1893844529067663, 51.53066843499558],
            [-3.1895633578890195, 51.53187926177198],
            [-3.189372462789599, 51.53242619378306],
            [-3.18939234462423, 51.5326081670493],
            [-3.1893484300440242, 51.5329311500123],
            [-3.1893823954014646, 51.53369205550932],
            [-3.1895724838094295, 51.53414799265697],
            [-3.1898854394216962, 51.53461590109702],
            [-3.1901603237366793, 51.535016935994165],
            [-3.1904544089278852, 51.53533585963774],
            [-3.1921411324034734, 51.535168833901956],
            [-3.1940630025329897, 51.5349798779052],
            [-3.1942220135339188, 51.53512788338961],
            [-3.1943279909377256, 51.53529881839555],
            [-3.194430009620509, 51.535461700952965],
            [-3.194573990864092, 51.535602755451904],
            [-3.1947568481654764, 51.5357527653041],
            [-3.194853876764096, 51.535961736586884],
            [-3.194957814926858, 51.536076672572136],
            [-3.195047888262559, 51.536234730766665],
            [-3.1953937779170225, 51.53646562360558],
            [-3.1954098749471416, 51.53655169137786],
            [-3.1952147919181537, 51.53660664143159],
            [-3.195135905325296, 51.536754551897424],
            [-3.195127934387185, 51.537000650071484],
            [-3.1952338800649875, 51.537164570917625],
            [-3.195445960745169, 51.53740051371033],
            [-3.195612821734011, 51.53778150596599],
            [-3.195717930959873, 51.538309424835035],
            [-3.1958988491212956, 51.53865439588166],
            [-3.196049921197456, 51.5388893410398],
            [-3.196214929898, 51.53913331555246],
            [-3.1964077701223763, 51.53932233553401],
            [-3.196708728722067, 51.53958722236026],
            [-3.196972754609777, 51.53978531623035],
            [-3.1971866465000467, 51.53988617986224],
            [-3.197366819364334, 51.54009223222835],
            [-3.1973537286053655, 51.540302145592435],
            [-3.1972817675010257, 51.54043919650553],
            [-3.1970418275252657, 51.540604128027724],
            [-3.196780951310966, 51.54144402054499],
            [-3.1969199342370835, 51.54209693875612],
            [-3.1969947842910083, 51.54243795483802],
            [-3.19689797865864, 51.54275491595403],
            [-3.1968649197971186, 51.54285794009443],
            [-3.197978713870647, 51.54268085047808],
            [-3.198359742589092, 51.54321485031787],
            [-3.200185484785766, 51.54296680187585],
            [-3.2004805618649583, 51.54344475595991],
            [-3.2021133173044736, 51.54309677486562],
            [-3.2027742451400734, 51.54422459041449],
            [-3.2029391937772, 51.54430562389204],
            [-3.202340400676145, 51.54447370621317],
            [-3.2016374968685524, 51.54466964771242],
            [-3.201046554136193, 51.54481858026075],
            [-3.200522521420241, 51.544945604294114],
            [-3.1998625104252936, 51.54508966276777],
            [-3.1993626801889086, 51.545188559321886],
            [-3.198803647019308, 51.54529561194413],
            [-3.197150896794511, 51.54556156513354],
            [-3.1958920800218746, 51.54573257199165],
            [-3.1947382294204276, 51.545853580668386],
            [-3.1931164500683464, 51.54599858090053],
            [-3.1915485977439584, 51.54613258036696],
            [-3.1904276746346785, 51.54621751450631],
            [-3.1889668852501925, 51.546326564489114],
            [-3.1880069677511025, 51.546397614516465],
            [-3.186335142754472, 51.54649968706298],
            [-3.185302374039167, 51.54656461789799],
            [-3.185310331405695, 51.54639360287119],
            [-3.185323217963348, 51.54612371785279],
            [-3.1854342000451097, 51.545416737874824],
            [-3.1853773620803953, 51.54492779712422],
            [-3.185553225592936, 51.54300005967893],
            [-3.1855141222013637, 51.542128157241706],
            [-3.185364119656985, 51.541300176564654],
            [-3.1852351108297805, 51.540425315846605],
            [-3.1849571155811716, 51.53971543166795],
            [-3.184773162655335, 51.53928945830429],
            [-3.184259163259936, 51.53814162570831],
            [-3.183556158808737, 51.53690470065453],
            [-3.1831133399638567, 51.53603084524234],
            [-3.182624240834298, 51.53610186774342],
            [-3.18218833168488, 51.536166867086344],
            [-3.181165464307001, 51.53631582626643],
            [-3.180720627748199, 51.53602492316328],
            [-3.1805025373774027, 51.53589898467168],
            [-3.179823592506069, 51.53587695225531],
            [-3.179774627576641, 51.53597392719818],
            [-3.1794626157620085, 51.53590692880344],
            [-3.17888976014333, 51.53582798481336],
            [-3.1787687775896116, 51.53579395273375],
            [-3.178703828367517, 51.5357299541371],
            [-3.1785968507626405, 51.535545977126425],
            [-3.178623731384314, 51.535447965738825],
            [-3.1786387698520673, 51.53540501347298],
            [-3.178503696535614, 51.53524406804705],
            [-3.1788457024362775, 51.535105034262834],
            [-3.178650785819825, 51.53438009287528],
            [-3.179301592100613, 51.534151092996424],
            [-3.178986579425511, 51.53377219659561],
            [-3.1786887167976072, 51.53386717683147],
            [-3.1785886552196114, 51.533772149490616],
            [-3.1781617402498306, 51.53391122625515],
            [-3.1782737163798296, 51.534060085303004],
            [-3.178091865042351, 51.534114154592714],
            [-3.177730926527239, 51.53414511458588],
            [-3.1771238172492025, 51.53366520020597],
            [-3.1766939661309253, 51.533886216736406],
            [-3.1762429243207833, 51.53411310903864],
            [-3.1759940094607857, 51.534239152865304],
            [-3.175281052541111, 51.534597160533416],
            [-3.174484105035136, 51.53490214377397],
            [-3.174102250037728, 51.535101089652905],
            [-3.173926248461695, 51.53515311568082],
            [-3.172666441371042, 51.53596203464061],
            [-3.171679497071211, 51.5353381534489],
            [-3.1710515415973943, 51.53488116548884],
            [-3.168055032782348, 51.53423728690506],
            [-3.16661506102794, 51.533980334717754],
            [-3.1617376204215417, 51.53288255792291],
            [-3.1603228868811044, 51.53279855127041],
            [-3.1597547713646197, 51.53227365229824],
            [-3.1594048302711886, 51.531982719536316],
            [-3.158942883900471, 51.5316637590038],
            [-3.1589418726935334, 51.53166367907743],
            [-3.1589188481791317, 51.53171075401428],
            [-3.158898915450085, 51.53173765669973],
            [-3.1588759056874585, 51.53176261158221],
            [-3.1588519143728373, 51.53178865517758],
            [-3.158827895632245, 51.531813620019314],
            [-3.1586979274507967, 51.53193566431725],
            [-3.1585789387682017, 51.53204159455621],
            [-3.158441879343991, 51.53216262958904],
            [-3.1583410603309647, 51.532217666208226],
            [-3.158286985591191, 51.53224562531327],
            [-3.1581790599161517, 51.53230468837721],
            [-3.1580969472823797, 51.532335621801856],
            [-3.1580450213451536, 51.532351690364315],
            [-3.157915111120524, 51.53237958876634],
            [-3.157842949233445, 51.53239360905679],
            [-3.1570600863121103, 51.53261462079353],
            [-3.156417182435848, 51.5328176125422],
            [-3.1555723836740595, 51.533058557348156],
            [-3.1554983106474013, 51.533082575942636],
            [-3.1554252464988646, 51.53310658455139],
            [-3.155352368104315, 51.53312654496351],
            [-3.1552993539310177, 51.533139565800894],
            [-3.1552433795973274, 51.533149558550114],
            [-3.1552264420174225, 51.53315251284144],
            [-3.155170392538916, 51.5331595389938],
            [-3.155680376870296, 51.53626316793284],
            [-3.1552205493132757, 51.5391258368571]
          ]
        ]
      }
    },
    {
      "type": "Feature",
      "properties": {
        "CATCHMENT_NAME": "LANSDOWNE PRIMARY SCHOOL",
        "URN": "6812033"
      },
      "geometry": {
        "type": "Polygon",
        "coordinates": [
          [
            [-3.203651102642503, 51.48183490347969],
            [-3.2052108819819036, 51.481932897267285],
            [-3.2058667729678207, 51.481989815870584],
            [-3.2063618706490242, 51.482043799544044],
            [-3.207440579422346, 51.48217683577549],
            [-3.2084626131735803, 51.482295789439384],
            [-3.208660517954614, 51.48231874694203],
            [-3.209812349816304, 51.48246080874142],
            [-3.210301339804698, 51.482506746091914],
            [-3.210556248292424, 51.48252866232678],
            [-3.2110242094042345, 51.4825526936257],
            [-3.211867180809243, 51.48417350241334],
            [-3.21209817601698, 51.4846455291499],
            [-3.2121393482999285, 51.48473718092636],
            [-3.212167212322445, 51.48479947672789],
            [-3.2122981239015784, 51.48521741718841],
            [-3.2124771271910353, 51.48524937583156],
            [-3.217055700500191, 51.48513431737281],
            [-3.216800737095559, 51.48551129823734],
            [-3.2164897408869373, 51.4858502844859],
            [-3.216502682292789, 51.486044286166745],
            [-3.2165307707789266, 51.4861472221766],
            [-3.2165688092174975, 51.486180277492025],
            [-3.216577710377651, 51.48620626175131],
            [-3.216556719934628, 51.486267175140306],
            [-3.2164968193923666, 51.48630016764795],
            [-3.216578706090584, 51.48672517616565],
            [-3.2166576292300033, 51.486871105620665],
            [-3.216815685381272, 51.487030151274176],
            [-3.2169146613475403, 51.487123179682726],
            [-3.2169426736397035, 51.48716910749027],
            [-3.2169596801614784, 51.487256062841844],
            [-3.2170087633232614, 51.48748206026074],
            [-3.217104665233758, 51.4879030563434],
            [-3.217386741287318, 51.489267891140265],
            [-3.2180706831027193, 51.48923785826641],
            [-3.2185346687539322, 51.48922890073506],
            [-3.2192415642630072, 51.48920087045196],
            [-3.219580540313297, 51.489170818758666],
            [-3.2199014109906265, 51.48912081252552],
            [-3.2203273821699585, 51.48903680106042],
            [-3.2209013499006285, 51.48889091112674],
            [-3.2215451480818937, 51.488738805766864],
            [-3.2216901286279875, 51.48869880968191],
            [-3.2219232367402637, 51.4886418893454],
            [-3.2225060509177283, 51.48855785377454],
            [-3.223182041271338, 51.48845189204309],
            [-3.2234329054467254, 51.488428862901195],
            [-3.2238869251999533, 51.48845685510084],
            [-3.2245269423548715, 51.488502865228774],
            [-3.224998808886665, 51.48850881631586],
            [-3.224932822899709, 51.48856183882406],
            [-3.2254746746005387, 51.48856184147871],
            [-3.2257156946046717, 51.48856381802223],
            [-3.227104669072503, 51.488560888761],
            [-3.227941478522389, 51.488511843766176],
            [-3.2281434091959222, 51.48839382257501],
            [-3.228326524364407, 51.48806882375402],
            [-3.2286233511243663, 51.487226945001076],
            [-3.2288363601700696, 51.48663205345864],
            [-3.2288982600113396, 51.48649697506002],
            [-3.2289593629710933, 51.486375123140114],
            [-3.228934285355813, 51.48620310028686],
            [-3.2289303111233028, 51.485932124633926],
            [-3.2288812753816565, 51.48565110070863],
            [-3.2288203747958684, 51.48547513715019],
            [-3.228817292778893, 51.48544621537774],
            [-3.2288503044278247, 51.485415206834645],
            [-3.2288602199853793, 51.48529119385099],
            [-3.2288603013056028, 51.485203161817225],
            [-3.2288963457188, 51.48518318156921],
            [-3.228903303081666, 51.485174116695255],
            [-3.2288282177513943, 51.48508120758183],
            [-3.22808834013059, 51.48416332867853],
            [-3.227894284917737, 51.48363034016833],
            [-3.227675242902352, 51.483271427374184],
            [-3.2274672662702475, 51.482911499117684],
            [-3.2271933949585145, 51.48266645803028],
            [-3.2268914197080347, 51.4824795286586],
            [-3.2256574626863985, 51.481650698666726],
            [-3.2250866033664027, 51.48110267105718],
            [-3.2246827233071986, 51.48092777101294],
            [-3.2240056638353076, 51.480494775521926],
            [-3.2230647317964176, 51.479757903657664],
            [-3.222292858781254, 51.47906296270238],
            [-3.221688904559834, 51.47847003410489],
            [-3.2205739585551916, 51.4770752158442],
            [-3.2201049172927343, 51.47636137128125],
            [-3.2195030001673164, 51.4757344206089],
            [-3.219015054282082, 51.47525545836276],
            [-3.217718230180372, 51.474610544797265],
            [-3.2166693424788235, 51.474223630960196],
            [-3.215734482341692, 51.4737436275426],
            [-3.214966478627501, 51.47328373800947],
            [-3.2141005923853476, 51.47267783873899],
            [-3.2136316195639854, 51.47229190427982],
            [-3.2131846536384625, 51.47204592481695],
            [-3.21176979033437, 51.4715039562168],
            [-3.2114849179307208, 51.471365007437335],
            [-3.21122191449289, 51.47129605920026],
            [-3.21107981929249, 51.471291053038826],
            [-3.2108458649189724, 51.47128600642415],
            [-3.210639838595409, 51.471308006477365],
            [-3.2104959072457446, 51.471375044136806],
            [-3.210211904610374, 51.4714700539831],
            [-3.20988096303754, 51.471614014219476],
            [-3.209741059929862, 51.47168100936717],
            [-3.209344063315501, 51.47195693223019],
            [-3.208017303722121, 51.47285685835937],
            [-3.2063345132694936, 51.47403882403362],
            [-3.205119775893023, 51.47488855773867],
            [-3.2055686065092193, 51.47494373949028],
            [-3.2055157067471853, 51.47521467130968],
            [-3.20588963067152, 51.475317649967685],
            [-3.205972576345272, 51.47549258929593],
            [-3.2060106420362233, 51.475554601819375],
            [-3.2060556359959826, 51.47570457420853],
            [-3.2056296567492506, 51.47599750727222],
            [-3.205339710496231, 51.47615254249436],
            [-3.205150722576665, 51.476204570544816],
            [-3.2048457603976215, 51.47662043534835],
            [-3.2046478181993954, 51.47690652496925],
            [-3.205113784870662, 51.477048394607955],
            [-3.205261678998905, 51.477092463397994],
            [-3.2055826310286775, 51.47722835863196],
            [-3.205468689854165, 51.47743436675182],
            [-3.205781628929449, 51.477539321633],
            [-3.2058037666975934, 51.477947328151494],
            [-3.206442583409747, 51.47819423888541],
            [-3.2073049709312658, 51.47864026355021],
            [-3.2072828509904205, 51.47873508657609],
            [-3.2070726968445866, 51.478678443212004],
            [-3.206300661289467, 51.478420317999245],
            [-3.2056207595904866, 51.47823731211572],
            [-3.2054457847030373, 51.478515253901286],
            [-3.205581757818649, 51.47863129048188],
            [-3.205487811401015, 51.478749241680916],
            [-3.2052268822873073, 51.47874931673094],
            [-3.2050337269802682, 51.47886217289131],
            [-3.2049168888311423, 51.47907324565848],
            [-3.2041719261918646, 51.47892426012762],
            [-3.2041648488646635, 51.47895625420736],
            [-3.204155989501384, 51.47898619844384],
            [-3.2041279868331736, 51.47906021996576],
            [-3.2037949812910522, 51.48094403385235],
            [-3.203651102642503, 51.48183490347969]
          ]
        ]
      }
    },
    {
      "type": "Feature",
      "properties": {
        "CATCHMENT_NAME": "Fairoak Primary School",
        "URN": "6812334"
      },
      "geometry": {
        "type": "Polygon",
        "coordinates": [
          [
            [-3.1707768190747476, 51.48312319040509],
            [-3.170786898428047, 51.48315123442849],
            [-3.1711519233992496, 51.48408211778087],
            [-3.1718048752170755, 51.486035829327605],
            [-3.172280919339252, 51.48746366084162],
            [-3.173074882038236, 51.48996338157875],
            [-3.173757868799473, 51.49190212367019],
            [-3.174314895547699, 51.49368485471203],
            [-3.1743408902400088, 51.49376588110623],
            [-3.1743558089884756, 51.493785873533135],
            [-3.1745038550916287, 51.49431680081744],
            [-3.174806883875434, 51.49532868021022],
            [-3.1767327987819454, 51.501426911123495],
            [-3.176806867994334, 51.5013660120665],
            [-3.176789869873348, 51.50144998704322],
            [-3.1774117116408984, 51.50345172268952],
            [-3.1774057839861762, 51.503467697843874],
            [-3.1777937742655453, 51.504813573051116],
            [-3.17808782029068, 51.50559444161299],
            [-3.178435824025438, 51.50659533796856],
            [-3.178840718999693, 51.50790722988314],
            [-3.1793828018639245, 51.509569952358184],
            [-3.1797127638716063, 51.51063990369903],
            [-3.1836463560173214, 51.510863817683365],
            [-3.1836063838714885, 51.51110070751756],
            [-3.183604294445614, 51.51112572602566],
            [-3.183599331927265, 51.51116776818022],
            [-3.1835913416818773, 51.511209750974494],
            [-3.183587448058498, 51.51122076036315],
            [-3.183572370583207, 51.511261735661634],
            [-3.183556428683021, 51.51130271968224],
            [-3.183538353719096, 51.51134480425364],
            [-3.1834994850647895, 51.511429720175066],
            [-3.183334393331403, 51.511798704357254],
            [-3.183181418116631, 51.512112625666475],
            [-3.1831614714041927, 51.512182603870755],
            [-3.1831535381110334, 51.51221568409476],
            [-3.1831405346043686, 51.51228667126729],
            [-3.183132429430622, 51.51235760901808],
            [-3.1831265132367763, 51.51242960370786],
            [-3.1831214182577408, 51.51251660654247],
            [-3.183122477435361, 51.512618653636586],
            [-3.183128432702459, 51.51272056141386],
            [-3.1831344589552866, 51.51276959625062],
            [-3.1831485005467717, 51.51286656682907],
            [-3.183271500531539, 51.51324757037801],
            [-3.183306493851947, 51.513246587854],
            [-3.183341589689012, 51.513249560709625],
            [-3.1833754913987184, 51.51325650202937],
            [-3.1834054872408584, 51.51326842828536],
            [-3.1834323927252557, 51.51328344295732],
            [-3.183452459633699, 51.51330149395448],
            [-3.1834673888729452, 51.51332148509027],
            [-3.183475453894333, 51.513343523709445],
            [-3.1834764546904633, 51.51336545378208],
            [-3.183469531473706, 51.5133874638226],
            [-3.1834553510032206, 51.51340747896986],
            [-3.183435523707168, 51.51342647207565],
            [-3.1834104049054948, 51.51344147223312],
            [-3.183380452449648, 51.51345346392478],
            [-3.183823450259959, 51.51435941995753],
            [-3.1843972928885647, 51.51542527710273],
            [-3.1846773780449094, 51.51593318632779],
            [-3.184693342925672, 51.5159541559479],
            [-3.184710318721674, 51.515975205272056],
            [-3.184730294575357, 51.51599523518033],
            [-3.1847443228950434, 51.51600822159206],
            [-3.1847674172396254, 51.5160262417779],
            [-3.1847913224301228, 51.51604218563698],
            [-3.1848173911904896, 51.516058197551196],
            [-3.1848454234459207, 51.51607212149149],
            [-3.1848504015405443, 51.51607512843218],
            [-3.184879419054151, 51.51608814322285],
            [-3.1849083829187044, 51.51609909041812],
            [-3.1849403491749864, 51.516109108082624],
            [-3.1849724081916526, 51.51611714658952],
            [-3.1849773606318696, 51.51611916467826],
            [-3.185029333250958, 51.51612817089517],
            [-3.1850823791993714, 51.516134109006565],
            [-3.185110417368793, 51.516137152660065],
            [-3.185147388599769, 51.51614010603058],
            [-3.1851833279259445, 51.51614217063102],
            [-3.1852203919010718, 51.516143144829584],
            [-3.1852392712564535, 51.51614313386083],
            [-3.1852893206194133, 51.51613912118728],
            [-3.185338310051424, 51.51613314099394],
            [-3.185377327500254, 51.51612609263266],
            [-3.185410344867918, 51.51612108311988],
            [-3.185442327980076, 51.51611509494665],
            [-3.185474259726942, 51.516107129072175],
            [-3.1855042903904556, 51.51609810338235],
            [-3.185508298991317, 51.51609707375368],
            [-3.185537269712154, 51.516086080558566],
            [-3.1855643416810833, 51.51607411744573],
            [-3.185575309876811, 51.51606915095204],
            [-3.1859863475982455, 51.515914201130364],
            [-3.1868571290195846, 51.51558222370671],
            [-3.187762002731127, 51.51523721591854],
            [-3.1905925976008276, 51.514176245210926],
            [-3.1922724288731708, 51.51351032465143],
            [-3.192301514556135, 51.51349833949288],
            [-3.192329419469037, 51.51348528730671],
            [-3.1923555203653824, 51.51346937605466],
            [-3.1923563589770794, 51.51346837842116],
            [-3.192380440488487, 51.513452397776916],
            [-3.1924013242105804, 51.513435370617096],
            [-3.1924213176551453, 51.51341736339909],
            [-3.192434406488508, 51.513405361026834],
            [-3.192456406032355, 51.513381398762945],
            [-3.192477368870894, 51.51335636801097],
            [-3.1924954502399348, 51.513331366556166],
            [-3.192499303469767, 51.5133244036253],
            [-3.1925154578708255, 51.513297353629646],
            [-3.192528416837388, 51.51326934701936],
            [-3.1925304229481495, 51.51326339197774],
            [-3.192534486158614, 51.513242399576285],
            [-3.192537394441558, 51.51322132900045],
            [-3.192537423631667, 51.513200377621295],
            [-3.19253634955622, 51.513181325756314],
            [-3.1925324113232016, 51.51315744740162],
            [-3.19252633315115, 51.51313440007722],
            [-3.1924622861973706, 51.512944423480356],
            [-3.1923123416384582, 51.51255543069597],
            [-3.1921393331598544, 51.51200050218825],
            [-3.1921163159934536, 51.511880604626725],
            [-3.1920983389650033, 51.511760565904325],
            [-3.1920903295838503, 51.51166353499043],
            [-3.192086502871077, 51.51156664139358],
            [-3.192087389023272, 51.5114625962991],
            [-3.1920933198370203, 51.511358589840064],
            [-3.1921283925819357, 51.511062670091654],
            [-3.192206424235531, 51.51043073645337],
            [-3.1922772426214214, 51.50986478655038],
            [-3.1922782918329324, 51.509860819453145],
            [-3.192286246292926, 51.50982881738408],
            [-3.192515193102585, 51.50802901114986],
            [-3.1925082127811235, 51.50754100241024],
            [-3.192882164962553, 51.50583224654989],
            [-3.1931650326891567, 51.505855265324115],
            [-3.193262068313785, 51.5058632698261],
            [-3.1933710623673623, 51.50587124246789],
            [-3.193481067148094, 51.50587929464041],
            [-3.193590992082351, 51.50588429027919],
            [-3.193671063691891, 51.50588824092516],
            [-3.1937809369679173, 51.505891258695534],
            [-3.193892080844807, 51.505893274318424],
            [-3.1940020182818256, 51.50589323398498],
            [-3.1944538615314966, 51.50590922376169],
            [-3.194586933813085, 51.505912274224],
            [-3.194719782101942, 51.505912269573756],
            [-3.1947399795096794, 51.50591323273917],
            [-3.194872894229879, 51.50591025991386],
            [-3.1950058988761105, 51.505905217885925],
            [-3.1955807703929686, 51.50583227853275],
            [-3.195640879600308, 51.50582222417114],
            [-3.1958988340127936, 51.505774184654356],
            [-3.1960276883707768, 51.50574823267798],
            [-3.1966996545757675, 51.505592201459116],
            [-3.197325626030458, 51.50536919679471],
            [-3.197767455139886, 51.50526721244192],
            [-3.197805428996707, 51.50527024147509],
            [-3.1978345853616754, 51.5052721916205],
            [-3.1978724814163586, 51.50527225410088],
            [-3.197908474211214, 51.50527116706552],
            [-3.198009505133759, 51.50527220306339],
            [-3.1984024126972956, 51.50525523993565],
            [-3.1986315328836334, 51.505201284649246],
            [-3.1986615018485707, 51.50519027795086],
            [-3.198666347516187, 51.50518825020067],
            [-3.198694535999591, 51.50517528347664],
            [-3.198723390428398, 51.50516024180165],
            [-3.198929411795313, 51.50502226797677],
            [-3.199028332015274, 51.50478926557414],
            [-3.1990334118928803, 51.5047522569301],
            [-3.19903532277675, 51.50471528068949],
            [-3.1990343785713558, 51.50469029286735],
            [-3.1990323717718163, 51.50466324777382],
            [-3.1990254816983636, 51.50463130706873],
            [-3.1990603215987177, 51.5046302314663],
            [-3.1994762951858062, 51.50486633063133],
            [-3.201041106616461, 51.504967208364796],
            [-3.202214987704896, 51.5047492646411],
            [-3.2031438909997463, 51.50472723872614],
            [-3.2033698703692415, 51.50483327229586],
            [-3.2042417469492968, 51.50483421273303],
            [-3.206103581926213, 51.50480626542966],
            [-3.2074124287825456, 51.50482219942242],
            [-3.2078834272178915, 51.50457115038344],
            [-3.208077240540227, 51.504806180410654],
            [-3.2090971235538976, 51.504819227527655],
            [-3.2099720659284494, 51.50482710743357],
            [-3.2104191497061825, 51.504843084788234],
            [-3.212184944572212, 51.504937063315985],
            [-3.212613753650573, 51.50463913387225],
            [-3.21187552482413, 51.50440227566981],
            [-3.2108409984506374, 51.50407028115604],
            [-3.2099320167759906, 51.50385927215578],
            [-3.208745122517173, 51.50348531047342],
            [-3.2072484660157006, 51.50305634874959],
            [-3.205156602587245, 51.502401495678065],
            [-3.204209625655351, 51.50206953217501],
            [-3.2044766373148437, 51.50192354869154],
            [-3.2051504878342345, 51.50163463880555],
            [-3.20557553789213, 51.501417520961226],
            [-3.205960363867218, 51.50118858625508],
            [-3.206354371598138, 51.50091468617452],
            [-3.2068143424049276, 51.500465662813326],
            [-3.2070183294145393, 51.50021970259053],
            [-3.207269305015468, 51.499854744822436],
            [-3.207589194184418, 51.4990558464371],
            [-3.2078270565763005, 51.498565854975446],
            [-3.2081249927298052, 51.498086933514884],
            [-3.2086720141801535, 51.49754304001487],
            [-3.209132907286962, 51.49716908009471],
            [-3.2057801708403924, 51.4972060335339],
            [-3.200200535386261, 51.497675557687266],
            [-3.1986548751354817, 51.49749885183375],
            [-3.196609197313775, 51.496722793461466],
            [-3.1952959415436655, 51.49533452957641],
            [-3.195804775746842, 51.494587418816025],
            [-3.1956525797713597, 51.49381935322238],
            [-3.1943332317930895, 51.49050741030227],
            [-3.1935670637860682, 51.48982813999773],
            [-3.189649589681261, 51.48816398621334],
            [-3.1885123235206083, 51.48674643490114],
            [-3.188423963151057, 51.48504336208651],
            [-3.187917036694723, 51.484168999743154],
            [-3.1856944926053767, 51.48163563435227],
            [-3.1851871760413983, 51.48094820607891],
            [-3.183565290863122, 51.480940222625385],
            [-3.1817825062306317, 51.481103246514785],
            [-3.180531693938801, 51.481261247480845],
            [-3.1800147822861136, 51.48135924793862],
            [-3.179671855139862, 51.48143022830376],
            [-3.1795208310654437, 51.48149325254082],
            [-3.179293923668707, 51.48162924500379],
            [-3.179175923672052, 51.481772234426764],
            [-3.179279971477236, 51.48202619866705],
            [-3.179432885483807, 51.48263907813874],
            [-3.1794498543148135, 51.482705087937255],
            [-3.1793010062275657, 51.48284703899432],
            [-3.1791009520925186, 51.48299705805855],
            [-3.1789099081521393, 51.48323402791176],
            [-3.1786490175280435, 51.48333709067448],
            [-3.1783290331895158, 51.48332106440056],
            [-3.177165185222188, 51.48333005824676],
            [-3.1767071262853634, 51.4826441674291],
            [-3.1762863211167645, 51.482784168060036],
            [-3.175685353367336, 51.482885060759074],
            [-3.174702443263534, 51.48307511112631],
            [-3.174479393758622, 51.482751209101195],
            [-3.174304541524014, 51.48249821969206],
            [-3.1728115875280514, 51.48286420812619],
            [-3.1722288067490783, 51.48299511396166],
            [-3.171476858693609, 51.48315621168476],
            [-3.1712929291833807, 51.48309915235756],
            [-3.1707768190747476, 51.48312319040509]
          ]
        ]
      }
    }
  ]
}
