{"type":"FeatureCollection","features":[{"type":"Feature","properties":{"db_school_name":"Allesley Primary School","urn":"103662","n_samples":55,"margin_m":336.7},"geometry":{"type":"Polygon","coordinates":[[[-1.5666400301730874,52.42074218111532],[-1.566980413878124,52.42066912221419],[-1.567330870385734,52.420616812072915],[-1.567331765821162,52.42061673420849],[-1.5690464067830787,52.42334219822477],[-1.5692202495107157,52.42344491909237],[-1.5703827105402632,52.42344117046727],[-1.5729002509344314,52.42270244244479],[-1.573164477808351,52.42282373115581],[-1.57343035553663,52.422972810262614],[-1.5736710533500793,52.42313710330908],[-1.5738842531374488,52.423315028222405],[-1.5740679015073749,52.42350487164069],[-1.5742202295698433,52.42370480540777],[-1.5743397699813881,52.42391290417402],[-1.5744253710895184,52.42412716393376],[-1.5744762080396206,52.424345521321186],[-1.574491790736788,52.42456587347889],[-1.5744719685851978,52.424786098307834],[-1.5744169319586372,52.42500407490384],[-1.5743272103872563,52.42521770398373],[-1.5742036674772195,52.42542492810463],[-1.5741609754960049,52.425479278687796],[-1.574157625645844,52.425484897496794],[-1.574057981962753,52.425652032276766],[-1.573975647063341,52.425756850498864],[-1.5739767442922228,52.42575959682494],[-1.5740545239434562,52.425954275718375],[-1.5741053611104998,52.42617263319808],[-1.5741209425504592,52.42639298533372],[-1.57410111767956,52.426613210026474],[-1.5740460768977258,52.426831186373484],[-1.5739563497750682,52.427044815093964],[-1.5738327999711716,52.427252038748506],[-1.5738136852644706,52.42727637209874],[-1.5738143063785344,52.427277926687935],[-1.5738983508226403,52.42748828087221],[-1.5739491889390076,52.4277066383643],[-1.5739558315889977,52.42780058041137],[-1.5739582403344814,52.42780307016571],[-1.5741162293513888,52.42796637181515],[-1.574268572896776,52.42816630540184],[-1.5743881254852885,52.428374403987824],[-1.5744737353470544,52.428588663569215],[-1.574524577543037,52.42880702078192],[-1.5745401619276755,52.42902737277022],[-1.574520337888758,52.429247597436685],[-1.5744652958181105,52.42946557387871],[-1.574375565298182,52.42967920281465],[-1.5742520100211934,52.42988642680295],[-1.5740958194890609,52.4300852500594],[-1.5739084975733315,52.43027375768167],[-1.5736918480447082,52.43045013409567],[-1.5734479572110496,52.43061268054603],[-1.5731791738306837,52.43075983146191],[-1.5728880864942598,52.430890169540525],[-1.5725774986929164,52.43100243940253],[-1.5725610516320543,52.431007121700816],[-1.5725589405623044,52.431007722699015],[-1.5726017926009037,52.43105201459197],[-1.5727541398413283,52.43125195003297],[-1.572873693554267,52.43146005004354],[-1.5729593019589285,52.431674310606084],[-1.5730101401302086,52.43189266834706],[-1.5730257179612082,52.432113020405616],[-1.5730058849027315,52.432333244683704],[-1.5729508314333784,52.43255122028241],[-1.572861087245288,52.43276484792817],[-1.572737516162246,52.432972070191866],[-1.572581307838334,52.43317089130589],[-1.5723939663164053,52.43335939638849],[-1.5721772955559652,52.433535769890035],[-1.5719333820693466,52.43369831308319],[-1.5716645748330575,52.433845460428444],[-1.5713734626675329,52.43397579465737],[-1.5710628493030854,52.43408806042773],[-1.570735726372259,52.43418117641897],[-1.5703952445889389,52.434254245751326],[-1.5700446833921335,52.43430656462793],[-1.5696874193473038,52.4343376291166],[-1.5694075217055603,52.43434501308312],[-1.5694064450418155,52.43434549508337],[-1.5693616948030442,52.43436552882842],[-1.56923690194412,52.434410629923555],[-1.5692366339100698,52.434410899587895],[-1.569171450757972,52.4344764790957],[-1.568954761662252,52.434652846620054],[-1.568710830166516,52.43481538309693],[-1.568442005420767,52.43496252305156],[-1.5681508764141296,52.43509284928662],[-1.5680805811717127,52.43511825315719],[-1.568078609602256,52.435118965658084],[-1.5680100448984573,52.43520621596915],[-1.5678226752320887,52.43539471368405],[-1.5676059762408485,52.43557107868816],[-1.5673620347090138,52.43573361233593],[-1.5670931998832645,52.43588074917977],[-1.5668020608498294,52.436011072052416],[-1.5667280478496604,52.43603781777091],[-1.5667276937906889,52.436038268289764],[-1.5666018829789952,52.43619835436374],[-1.5664145030843162,52.4363868497937],[-1.5661977935963247,52.43656321216505],[-1.5659538414004048,52.43672574285763],[-1.5656849958459604,52.43687287645229],[-1.565393846122576,52.437003195813],[-1.5650831963224006,52.43711544574072],[-1.5647792718646238,52.43720193357126],[-1.564778590631088,52.43720212742872],[-1.5647654830516762,52.4372240983704],[-1.5646092237631863,52.43742290869928],[-1.5644218301592139,52.43761140090296],[-1.564205106700914,52.437787759555775],[-1.5639611404082387,52.43795028607331],[-1.563692280766387,52.43809741507669],[-1.5634011171006532,52.43822772947406],[-1.5630904536375076,52.43833997411417],[-1.5627632824921696,52.43843306787999],[-1.5624227548430567,52.438506114105834],[-1.5620721505710866,52.43855840921734],[-1.5617148466567445,52.43858944951128],[-1.5613542846398552,52.438598936009065],[-1.5609939374561597,52.43858677733798],[-1.5606372759708091,52.438553090611435],[-1.5604057211747613,52.43851672838363],[-1.5604048865100055,52.438518713530335],[-1.5603182694742495,52.43872472040573],[-1.5602076046568096,52.43891017410375],[-1.5602084606500963,52.43891075838615],[-1.560215605457428,52.43891563527534],[-1.5604288266868012,52.43909358401851],[-1.5606124823092689,52.43928344784072],[-1.5607648033645112,52.439483398389356],[-1.5608843225760376,52.439691510153175],[-1.5609698884949814,52.43990577900133],[-1.5610206766050707,52.4401241414804],[-1.5610361972812121,52.440344494683934],[-1.5610163005243722,52.440564716502664],[-1.56096117742637,52.44078268606134],[-1.5608713583497351,52.44099630414448],[-1.5607477078393561,52.441203513414926],[-1.5605914163141947,52.441402318230075],[-1.5604039886183985,52.441590803865125],[-1.5601872295414565,52.441767154957645],[-1.5599432264463877,52.44192967299599],[-1.5596743291728827,52.44207679268289],[-1.5593831274087386,52.44220709701624],[-1.5590724257474455,52.44231933094168],[-1.5587452166722178,52.44241241344535],[-1.5584046517268961,52.44248544797],[-1.5580540111517251,52.44253773105402],[-1.5576966722769545,52.44256875910999],[-1.5573360769792364,52.44257823327725],[-1.5569756985149539,52.4425660623018],[-1.5566190080506213,52.44253236341561],[-1.5562694412134752,52.442477461206884],[-1.555930364985175,52.44240188449216],[-1.555605045258168,52.44230636122063],[-1.555296615367874,52.442191811459395],[-1.5550080459043194,52.442059338528054],[-1.5547421160944535,52.44191021836755],[-1.5545013870310882,52.44174588724627],[-1.5542881770065105,52.44156792792187],[-1.5541045391883799,52.44137805439229],[-1.5539522418528062,52.44117809538318],[-1.5538327513647465,52.44096997673093],[-1.5537472180692409,52.44075570283115],[-1.5536964652288607,52.44053733733129],[-1.5536809811133034,52.44031698325398],[-1.5537009143166012,52.44009676274201],[-1.553756072346317,52.43987879662044],[-1.553845923497516,52.439665183972664],[-1.5539566168995809,52.4394797363153],[-1.5539557609782828,52.43947915198788],[-1.5539486167735947,52.43947427472234],[-1.5537354198924744,52.43929631436236],[-1.5535517938413883,52.439106439927755],[-1.5533995067831465,52.438906480152916],[-1.553280024983769,52.438698360881595],[-1.5531944987046682,52.43848408651531],[-1.5531437511409008,52.438265720706035],[-1.5531282705114122,52.43804536647938],[-1.5531482053767312,52.43782514597955],[-1.5532033632284854,52.43760718003148],[-1.5532932123635244,52.437393567716896],[-1.553416887023835,52.43718636616088],[-1.5535731957520074,52.436987570723666],[-1.5537606328810925,52.43679909578811],[-1.5539773930476226,52.43662275632825],[-1.5542213885875171,52.43646025043526],[-1.5544902696470078,52.436313142970086],[-1.5547814468146761,52.43618285049894],[-1.5550921160565818,52.43607062765723],[-1.5554192857144484,52.43597755507253],[-1.5557598053071087,52.43590452896293],[-1.5561103958582438,52.435852252510614],[-1.5564676814588252,52.43582122909368],[-1.5567754298066603,52.43581314439264],[-1.5567756798440047,52.4358131378237],[-1.5567627698116948,52.435629579922654],[-1.556782685400408,52.43540935867734],[-1.5568378222422858,52.435191390898424],[-1.5569276488365635,52.43497777568527],[-1.55705129964234,52.4347705701909],[-1.5572075834319519,52.43457176981352],[-1.5573949947786134,52.43438328898361],[-1.5576117285671298,52.43420694273194],[-1.5578556973874087,52.43404442921516],[-1.5581245516429445,52.43389731336762],[-1.5584052363403336,52.43377169574491],[-1.558410611147161,52.43376929029047],[-1.558516719928302,52.43363430550447],[-1.5587041217017001,52.43344582254886],[-1.5589182840897684,52.433271558211764],[-1.5589208456578643,52.43326947384827],[-1.5589261062747022,52.43326596943963],[-1.55898168355373,52.433172825450114],[-1.5591379529776548,52.43297402243618],[-1.5593253492892,52.43278553846297],[-1.5595420675179537,52.432609188591535],[-1.5597860204036536,52.43244667101342],[-1.5600548585032188,52.432299550702055],[-1.5603459928188392,52.43216924434745],[-1.5606566197291272,52.432057006718715],[-1.5609837479833288,52.43196391858583],[-1.5613242274988557,52.431890876316594],[-1.5616747796851924,52.431838583248826],[-1.5620320290026237,52.43180754292061],[-1.562392535452498,52.431798054223776],[-1.562752827686788,52.43181020852704],[-1.5631094364188567,52.43184388879659],[-1.5632011975477191,52.43185829849904],[-1.5632021852801312,52.43185845360709],[-1.5632979977871573,52.43178047806226],[-1.5635419323090232,52.431617952673285],[-1.5637992920801407,52.431477096445505],[-1.5638008158478083,52.431476262463995],[-1.5636523059961813,52.431322720955485],[-1.5634999997692987,52.43112277388179],[-1.563380491164327,52.43091466448244],[-1.563294930701138,52.43070039706389],[-1.5632441419043033,52.43048203521129],[-1.5632286133901492,52.430261681912135],[-1.5632484941806164,52.43004145930183],[-1.5633035922883216,52.42982348822568],[-1.5633933765856536,52.42960986781489],[-1.5635169819391395,52.429402655272604],[-1.5636732175588928,52.429203846064894],[-1.5638605784820394,52.42901535470742],[-1.5639677835198622,52.428928100148745],[-1.5639646950083843,52.42892799598925],[-1.563647258241532,52.42891729005926],[-1.5632906726961309,52.42888361144559],[-1.5629412053387264,52.42882872904714],[-1.5626022221926248,52.42875317148957],[-1.5623074631761351,52.42866661555453],[-1.5623050353679635,52.42866590262462],[-1.5621092304061779,52.42875355351822],[-1.5617986304356106,52.42886579508452],[-1.561471526859858,52.42895888557469],[-1.5611310702064365,52.42903192835465],[-1.5607805396723198,52.429084219883265],[-1.5604233115276092,52.42911525649185],[-1.5600628265821506,52.42912473923737],[-1.5597025570291543,52.42911257678321],[-1.559345972985851,52.42907888627923],[-1.558996509054203,52.42902399223289],[-1.5586575312244937,52.42894842338206],[-1.5583323044412525,52.4288529076001],[-1.5580239611445812,52.42873836488194],[-1.5577354710904179,52.42860589847927],[-1.5574696127408905,52.42845678427007],[-1.5572289465006246,52.42829245846535],[-1.5570157900569856,52.42811450377147],[-1.5568321960617966,52.42792463414169],[-1.556679932369374,52.42772467826409],[-1.5565604650209828,52.42751656194485],[-1.5564749441391736,52.42730228955704],[-1.5564241928673623,52.42708392473354],[-1.5564086994605537,52.42686357049048],[-1.5564286126026796,52.42664334897227],[-1.5564837399949134,52.42642538101365],[-1.5565735502277556,52.4262117657158],[-1.5565752382020444,52.42620893661021],[-1.5576259366800096,52.42569812417788],[-1.5576759240656077,52.42501440385682],[-1.556051024709212,52.42261113371687],[-1.5571549732030157,52.42231711150905],[-1.559385371137077,52.421119609049605],[-1.5594213375592358,52.42112300784272],[-1.5597707396117844,52.421177900570505],[-1.5601096598451134,52.421253466202764],[-1.5604348346746377,52.42134897710507],[-1.5606101405623438,52.42141410552667],[-1.560611353463109,52.42141366716458],[-1.5606468042947628,52.42140085464756],[-1.5606488035094537,52.421399760289425],[-1.5606537324589305,52.421397553604436],[-1.5609398640927352,52.421269452069595],[-1.5612504127336724,52.42115721250141],[-1.561577458935116,52.42106412237362],[-1.5619178534044638,52.42099107807327],[-1.5622683183699688,52.42093878295777],[-1.5626254791315963,52.42090774058493],[-1.5629858965432077,52.42089824986634],[-1.5633461001139266,52.42091040219013],[-1.563702621410659,52.42094408054158],[-1.5640520274408642,52.42099896062915],[-1.5643909536948402,52.42107451400577],[-1.5647161365300677,52.421170013155034],[-1.5650244445864003,52.4212845384936],[-1.5650820617901193,52.42131099361737],[-1.5650835776124596,52.42131168961126],[-1.5652409845261446,52.42127790720306],[-1.56539855909456,52.42125439010346],[-1.5654008465392903,52.4212528656064],[-1.5654426688720053,52.421224992546335],[-1.5657114197380582,52.42107785890617],[-1.5660024633429812,52.42094753818098],[-1.5663129969387732,52.42083528527835],[-1.5666400301730874,52.42074218111532]]]}},{"type":"Feature","properties":{"db_school_name":"St Laurences CofE Primary School","urn":"139383","n_samples":13,"margin_m":241.9},"geometry":{"type":"Polygon","coordinates":[[[-1.4847134626318363,52.43432367409352],[-1.4846579712945214,52.434541607318174],[-1.484567796550576,52.43475516671107],[-1.4844438063710272,52.434962295499794],[-1.484398904296825,52.4350192657678],[-1.4843979931562048,52.43502042179119],[-1.4843882272438091,52.43512648428748],[-1.4843327332672902,52.43534441732313],[-1.4842425552872205,52.43555797643064],[-1.4841185613057803,52.43576510484041],[-1.4839619450508124,52.43596380768817],[-1.4837742144950306,52.436152171230766],[-1.4837608932795017,52.436162986629995],[-1.4837596353571527,52.43616400792776],[-1.4837822427559764,52.43620351059625],[-1.4838674276356207,52.43641783431887],[-1.483916168681049,52.43662902852109],[-1.483916766264212,52.43663161782727],[-1.4840138688266649,52.43666776636343],[-1.484302189010226,52.43680041196644],[-1.4845678492301075,52.43694968991571],[-1.484808291075226,52.43711416274269],[-1.485021198897721,52.437292246643196],[-1.4852045221162777,52.43748222672405],[-1.4853564949705844,52.43768227351275],[-1.4854756535364617,52.43789046057084],[-1.485560849837414,52.43810478304194],[-1.4856112629161882,52.43832317695577],[-1.4856264067591092,52.43854353910252],[-1.4856061349961918,52.43876374728636],[-1.4855506423309865,52.438981680762815],[-1.485460462685649,52.43919524066333],[-1.4853364640782816,52.43940237021065],[-1.485179840281179,52.439601074529556],[-1.4849920993396022,52.43978943986277],[-1.4847750490610656,52.439965652006144],[-1.4845307796144083,52.44012801378611],[-1.4842616434058609,52.440274961410175],[-1.483970232425709,52.4404050795334],[-1.4836593532836508,52.44051711489487],[-1.4833320001733599,52.44060998839329],[-1.4829913260268661,52.4406828054846],[-1.4826406121369275,52.44073486480161],[-1.4822832365404575,52.440765664912384],[-1.481922641468098,52.440774909152005],[-1.481865553298352,52.44077294461154],[-1.4818628648914496,52.44077285209634],[-1.481961223734972,52.44084013334122],[-1.4821741378989783,52.44101822227141],[-1.4823574641946755,52.44120820665377],[-1.4825094368320144,52.44140825697433],[-1.4826285918887887,52.441616446760655],[-1.4827137814221742,52.441830771130064],[-1.4827641845399646,52.44204916609399],[-1.4827793153242907,52.44226952843253],[-1.4827590275308073,52.44248973594797],[-1.4827035160173407,52.44270766790221],[-1.4826133148874694,52.442921225441395],[-1.482489292366133,52.44312835181092],[-1.4823326424558756,52.443327052166225],[-1.4821448734534128,52.44351541278806],[-1.4819277934364965,52.443691619517715],[-1.481683492860381,52.443853975233694],[-1.4814143244311375,52.444000916201894],[-1.4811228804494205,52.44413102714144],[-1.480811967842839,52.44424305486059],[-1.4804845811274503,52.44433592033165],[-1.4801438735590369,52.44440872908787],[-1.4797931267523503,52.444460779842316],[-1.47943571906144,52.444491571245514],[-1.47907509302616,52.444500806716455],[-1.4787147221990917,52.44448839730044],[-1.47835807767309,52.44445446252632],[-1.4780085946325838,52.44439932925456],[-1.4776696392515556,52.44432352852747],[-1.4773444762577117,52.44422779045198],[-1.4770362374759236,52.44411303716425],[-1.4767478916544443,52.44398037394424],[-1.4764822158650186,52.443831078565594],[-1.4762417687526284,52.44366658898424],[-1.4760288658927394,52.44348848948384],[-1.4758455574934168,52.44329849541212],[-1.4756936086569608,52.44309843665536],[-1.4755744823909225,52.442890240010264],[-1.475489325531717,52.44267591062306],[-1.4754389577158982,52.442457512675155],[-1.4754238635047008,52.44223714950111],[-1.4754441877369862,52.442016943330756],[-1.4754710675083396,52.441911484642205],[-1.4754706412343899,52.44191135911819],[-1.4753602819498954,52.44187886177001],[-1.475244457501898,52.44183573704625],[-1.4747854437677668,52.44036649828375],[-1.474659390026418,52.439459647519264],[-1.4742070980934274,52.43910022921139],[-1.4754592024195152,52.43762614730506],[-1.4741907334538038,52.436999049676494],[-1.4744491022744515,52.43592239980757],[-1.4753340844806102,52.43578503382313],[-1.476266968724958,52.43576357889137],[-1.4767369730204631,52.43540454738668],[-1.4767616800960717,52.43509074462333],[-1.476935414564464,52.43453684311665],[-1.478840908265093,52.43416980031613],[-1.479685588818699,52.434390831690145],[-1.4798575814570063,52.434331903651604],[-1.4809553762696643,52.433089175289155],[-1.4847281522494364,52.43402217463046],[-1.4847337366530164,52.434103465903135],[-1.4847134626318363,52.43432367409352]]]}},{"type":"Feature","properties":{"db_school_name":"Richard Lee Primary School","urn":"146393","n_samples":47,"margin_m":280.8},"geometry":{"type":"Polygon","coordinates":[[[-1.466762155327249,52.40307044195203],[-1.4669742872509872,52.40310395982684],[-1.4673129085901033,52.40317979084157],[-1.4676377484267087,52.40327555629828],[-1.4678382071688805,52.40335027533146],[-1.4685026635690637,52.40462948886056],[-1.4701087019372125,52.40506472988821],[-1.4707728594226837,52.40503247843384],[-1.473961455676483,52.40643396872035],[-1.4735980098256851,52.40650801818139],[-1.4714193008864398,52.40734116212187],[-1.4715005905683045,52.40911445706483],[-1.4721374486246606,52.41009987663297],[-1.4719128835610062,52.410249191438105],[-1.471643888213274,52.410396111463],[-1.4713526378915125,52.41052619957866],[-1.4710419376581367,52.410638202813416],[-1.4707147799835882,52.410731042375545],[-1.4703743159173275,52.41080382404797],[-1.470023824728346,52.41085584680485],[-1.469666682308112,52.41088660956643],[-1.4693063286408259,52.410895816027676],[-1.4689462346549955,52.410883377513336],[-1.4685898687762866,52.41084941383258],[-1.468240663504555,52.410794252124234],[-1.4679019823377184,52.410718423704445],[-1.46757708736174,52.41062265894676],[-1.4672691078195386,52.410507880244204],[-1.4669810099621114,52.410375193121325],[-1.4667155684727105,52.410225875581844],[-1.4666733955337157,52.410196995475104],[-1.4666728463390577,52.41019661938523],[-1.466609990121391,52.410238406616244],[-1.4663409773062306,52.41038531452966],[-1.4660497115482738,52.41051538954107],[-1.465738998058688,52.41062737880503],[-1.4654118294356677,52.41072020366434],[-1.4650713568341895,52.410792970043595],[-1.464720859605506,52.41084497706421],[-1.4643637136992949,52.41087572379807],[-1.4640033591333574,52.41088491409445],[-1.463643266844863,52.410872459433925],[-1.463286905243118,52.41083847978111],[-1.4629377067867588,52.41078330242871],[-1.4625990349080182,52.41070745884357],[-1.4622741516033433,52.41061167954533],[-1.4619661860031745,52.41049688706705],[-1.4616781042241498,52.41036418706598],[-1.461412680794581,52.410214857669864],[-1.461172471928719,52.410050337162026],[-1.4609883992716575,52.409896170633466],[-1.4609865371408,52.409894611034474],[-1.4609632240650887,52.409986024602134],[-1.4609391897592021,52.41004290025717],[-1.460939009748334,52.41004332624085],[-1.4610541822149063,52.41008625811751],[-1.4613422603057291,52.41021895963506],[-1.4616076835208525,52.41036828918856],[-1.4618478957311751,52.41053280881241],[-1.4620605835000122,52.41071093425146],[-1.4622436983651237,52.4109009502124],[-1.4623954765727765,52.411101026876935],[-1.4625144560735472,52.411309237518644],[-1.4625994906158124,52.41152357705382],[-1.4626497608006754,52.41174198134762],[-1.4626647819912844,52.411962347090096],[-1.4626444089996455,52.412182552050616],[-1.462588837505068,52.41240047551552],[-1.4624986021897914,52.41261401871269],[-1.4623745716089835,52.412821125025566],[-1.4622179398437687,52.41301979980274],[-1.4620302150169966,52.41320812957137],[-1.4618132047817498,52.41338430046993],[-1.4615689989218719,52.41354661572218],[-1.4612999492317171,52.41369351198383],[-1.4610086468686887,52.413823574404766],[-1.4606978973966034,52.41393555026072],[-1.46037069376032,52.41402836102367],[-1.4601554119754299,52.41407435773614],[-1.4601551859538346,52.41407440602725],[-1.4602586869185403,52.414181806215886],[-1.4604104672804292,52.41438188532341],[-1.4605294461359586,52.41459009784537],[-1.4606144772396128,52.41480443867992],[-1.4606647412255065,52.415022843679694],[-1.4606797535163776,52.415243209527986],[-1.4606593690098386,52.41546341399307],[-1.4606037834959953,52.4156813363661],[-1.4605135317920173,52.41589487788541],[-1.4604140956972853,52.416060889783914],[-1.4604131983185016,52.416062387981796],[-1.4604306346365508,52.41613815122193],[-1.4604456460986954,52.41635851705614],[-1.460425259871779,52.41657872143468],[-1.4603696717624428,52.41679664364952],[-1.4602794166128183,52.4170101849405],[-1.4601553631689927,52.417217288709494],[-1.4599987057321957,52.41741596032947],[-1.4598109526724574,52.417604286357985],[-1.4595939119147348,52.41778045296954],[-1.4593496735368219,52.417942763429075],[-1.4590805896462713,52.418089654438496],[-1.4587892517299126,52.41821971119823],[-1.4584784656940428,52.418331681038495],[-1.4581512248357509,52.418424485489226],[-1.4580009580652624,52.41845658483735],[-1.457983318056792,52.41846158741896],[-1.4579343265330118,52.41847205271892],[-1.4576427736679032,52.418534332115684],[-1.457292206415666,52.418586316855624],[-1.4569349929244004,52.41861704092526],[-1.4565745738630567,52.41862620839223],[-1.4562144207901813,52.418613730956935],[-1.4561042798104464,52.41860322366855],[-1.456101660228228,52.418604653536896],[-1.4560835979893958,52.418614512594765],[-1.4557922478387375,52.41874456192513],[-1.455481450569117,52.41885652384741],[-1.45515419958587,52.41894931996776],[-1.4548136468374593,52.419022056487535],[-1.4544630724473164,52.41907403281575],[-1.454105853108543,52.41910474831992],[-1.4537454295464305,52.419113907150155],[-1.4533852733628922,52.41910142109007],[-1.4530288535828082,52.419067410406804],[-1.4526796032252853,52.41901220269197],[-1.4523408862225202,52.41893632970492],[-1.4520159650055993,52.41884052224852],[-1.451707969070082,52.41872570312711],[-1.451419864824697,52.41859297825458],[-1.451154427014001,52.41844362599828],[-1.4509142119905705,52.41827908486173],[-1.4507015330943418,52.418100939624914],[-1.4505184383762737,52.41791090607588],[-1.4503666908807638,52.41771081448086],[-1.4502477516764851,52.41750259195256],[-1.4501627657986638,52.41728824388628],[-1.4501125512376931,52.417069834643065],[-1.4500975910795053,52.41684946766603],[-1.4501180288727036,52.41662926522148],[-1.450173667266321,52.416411347959766],[-1.450263969930549,52.41619781449307],[-1.450388066741163,52.415990721186525],[-1.4505447621769776,52.41579206235739],[-1.4507290818928762,52.415607225762805],[-1.4507309043802303,52.41560539815553],[-1.4505330950928057,52.41551426185857],[-1.4502676787017037,52.41536490759299],[-1.4500274836365534,52.41520036462444],[-1.4498148230450778,52.41502221775056],[-1.4496317448019636,52.41483218277511],[-1.4494800117929778,52.414632089978056],[-1.4493610849473293,52.414423866483666],[-1.4492761091812882,52.41420951769652],[-1.4492259023879424,52.41399110798458],[-1.4492109475785062,52.4137707407955],[-1.4492313882501628,52.41355053839758],[-1.4492870270243225,52.41333262144073],[-1.4493773275676078,52.413119088534195],[-1.4495014197763103,52.412911996037764],[-1.449658108173647,52.412713338260815],[-1.4498458834382593,52.41252502826025],[-1.45005278409296,52.41235711897082],[-1.450055800104718,52.41235467132795],[-1.450034849009261,52.41226353348733],[-1.4500198906878152,52.41204316632652],[-1.450040326469337,52.41182296371095],[-1.4500804392539912,52.41166583876149],[-1.4500805200044864,52.41166552245427],[-1.4499219167176494,52.41155686357835],[-1.449709273969075,52.41137871645419],[-1.4495262111518128,52.41118868124094],[-1.4493744910031234,52.41098858822078],[-1.4492555743284352,52.41078036452017],[-1.4491706059461549,52.410566015545605],[-1.4491204036783596,52.410347605666864],[-1.4491054504927876,52.410127238333224],[-1.4491258898710966,52.409907035814356],[-1.4491815244472637,52.40968911876133],[-1.4492352596837703,52.409562041796406],[-1.4492351641054029,52.409561625968905],[-1.4492302029177477,52.40954004159428],[-1.4494288173521424,52.40862607098624],[-1.4492165905119125,52.40824983955222],[-1.4496388210836377,52.40719805487262],[-1.4489112796506165,52.405224912243554],[-1.449450525162962,52.404064799861516],[-1.4497386010403635,52.40396100762019],[-1.4499655089103258,52.40389665558082],[-1.4507654462865203,52.4037427818372],[-1.451113750949888,52.40371283208704],[-1.4514740494523475,52.40370368091032],[-1.4517629642810184,52.40371370515324],[-1.4527750033174127,52.40385816515892],[-1.4528781058668498,52.40388126777261],[-1.4530470492698315,52.40393109847533],[-1.453055211154115,52.403931877579815],[-1.4530559016715596,52.40393194349411],[-1.45305748975664,52.4039312344429],[-1.4532046091649435,52.40386554810053],[-1.4535368614886894,52.40379649490525],[-1.4539887754659255,52.403627871523554],[-1.4594862275076432,52.40372651842693],[-1.459568570972521,52.40379549640082],[-1.4597516466838925,52.40398551633715],[-1.4598736383954058,52.404146367652544],[-1.459875373008176,52.40414495926466],[-1.4600887418720756,52.403971717340184],[-1.460332900015679,52.40380940475314],[-1.4606018925318733,52.40366251029162],[-1.4608931289374987,52.40353244847075],[-1.4612038046295057,52.40342047170505],[-1.4615309278885595,52.40332765825271],[-1.461871348681041,52.40325490183683],[-1.462221788982442,52.40320290304291],[-1.462578874330633,52.403172162575764],[-1.4626056425336977,52.40317148012178],[-1.462610599766692,52.40317135373674],[-1.4625023545236004,52.403130999728944],[-1.462214318946839,52.40299830099385],[-1.4619489377244133,52.40284897272964],[-1.4617087666640878,52.402684453208664],[-1.461496118682671,52.40250632700264],[-1.4613130415337359,52.402316309716255],[-1.4611612980928943,52.402116231459146],[-1.4610423493902396,52.40190801921551],[-1.460957340552976,52.401693678281575],[-1.4609070897931327,52.40147527294976],[-1.4608920805457764,52.401254906625574],[-1.4609124568327614,52.40103470156906],[-1.460968021895916,52.40081677845583],[-1.4610582401120398,52.40060323595451],[-1.4611822421705114,52.40039613051741],[-1.4613388334628947,52.40019745657866],[-1.4615265056030704,52.40000912735087],[-1.461743450966356,52.39983295640462],[-1.4619875801071178,52.39967064020831],[-1.4622413118120665,52.39953206002356],[-1.4673741854420725,52.40219906704146],[-1.4675982442937623,52.40254064589598],[-1.4673895081767703,52.402710168548296],[-1.4671453819234956,52.40287249582378],[-1.466876415857623,52.40301940526362],[-1.4667621555794756,52.40307044183936],[-1.466762155327249,52.40307044195203]]]}},{"type":"Feature","properties":{"db_school_name":"Stivichall Primary School","urn":"103686","n_samples":25,"margin_m":136.1},"geometry":{"type":"Polygon","coordinates":[[[-1.5370262919845938,52.37657110733888],[-1.5373342179412648,52.376685704847894],[-1.5376223091039736,52.37681822125747],[-1.53788779114174,52.37696738051599],[-1.5381281073603226,52.37713174629755],[-1.5383409433229294,52.377309735828554],[-1.5385242491418234,52.3774996351245],[-1.5386762592260428,52.377699615490755],[-1.5387955092948347,52.377907751128475],[-1.53888085049256,52.378122037676604],[-1.53893146046864,52.37834041151097],[-1.5389468513152345,52.378560769615454],[-1.5389357894350655,52.37868271243268],[-1.5389364975476556,52.37868576778384],[-1.5389399624933573,52.378700718261676],[-1.5389402964564476,52.37870215923834],[-1.5390662563810293,52.37876009325557],[-1.539331754909278,52.378909249260005],[-1.539572087004534,52.379073612088476],[-1.539784938077123,52.37925159899578],[-1.5399682580937983,52.37944149602273],[-1.5401202813268622,52.37964147449651],[-1.5402395433689107,52.37984960863659],[-1.5403248952489679,52.380063894096295],[-1.5403755145135367,52.380282267262],[-1.5403909131652742,52.38050262512398],[-1.5403709423821186,52.38072284552804],[-1.5403157939706869,52.38094080761239],[-1.540225998539174,52.3811544122335],[-1.5401024204065599,52.3813616021839],[-1.5399462492964362,52.381560382007194],[-1.5397589888947454,52.3817488372194],[-1.5395424423810375,52.38192515275132],[-1.539298695072119,52.382087630434114],[-1.5390300943448596,52.38223470535944],[-1.538739227031336,52.382364960956664],[-1.5384288945039013,52.38247714264112],[-1.5381020856902534,52.38257016990251],[-1.5379682943971105,52.38259887510069],[-1.5379690319088988,52.382599491793684],[-1.538135326100746,52.382738543203345],[-1.5383186533733564,52.38292844269333],[-1.5384706810189863,52.383128423180814],[-1.5385899445876459,52.38333655886585],[-1.5386752950935487,52.383550845386885],[-1.5387259100963269,52.383769219120055],[-1.5387356312301952,52.383908395073874],[-1.5349391923830642,52.38567172576543],[-1.5355625922511695,52.387123175446185],[-1.535693027098073,52.387332402211584],[-1.5352799930933339,52.387993481388],[-1.5345527916893926,52.388623558003005],[-1.5327881889002946,52.388712690453794],[-1.5326469654396666,52.38869449584214],[-1.5301007908620468,52.388899361833204],[-1.5282526411397317,52.38961162794015],[-1.5279325864200277,52.38956121925243],[-1.5275939642010767,52.38948556169836],[-1.527269094634757,52.389389960698054],[-1.5269611067197557,52.38927533706711],[-1.5266729667884094,52.38914279483634],[-1.526407449930072,52.38899361061383],[-1.526379900928642,52.38897476729287],[-1.5263785236049465,52.38897382521267],[-1.5263205029876594,52.389032181633894],[-1.5261038672678622,52.38920847211512],[-1.5258600305117096,52.389370921671116],[-1.5255913409577344,52.389517965664375],[-1.5253003862937378,52.38964818782212],[-1.5249899687336186,52.38976033388172],[-1.5246630780243158,52.389853323675915],[-1.5243228626430725,52.38992626154072],[-1.5239725994627702,52.389978444945754],[-1.5236156621779868,52.39000937126389],[-1.5232554887964573,52.390018742614636],[-1.5228955485097135,52.390006468734384],[-1.5226059265539678,52.38997898882743],[-1.5226060529187666,52.38997953481421],[-1.5226119974317023,52.39000521936819],[-1.5226273106919126,52.39022557897346],[-1.5226072468347314,52.39044579578717],[-1.5225519985628704,52.39066374898203],[-1.5224620974460503,52.39087733949992],[-1.52233840882096,52.391084510269096],[-1.5221821234752817,52.39128326601775],[-1.5219947461951835,52.391471692493646],[-1.521778081285982,52.39164797490421],[-1.5215342152049345,52.39181041539944],[-1.5212654964730643,52.391957449429164],[-1.5209745130592602,52.39208766081647],[-1.5206640674543994,52.39219979540252],[-1.5203371496756146,52.39229277313048],[-1.5199969084609557,52.392365698452586],[-1.5196466209322015,52.39241786895932],[-1.519289661018524,52.392448782147774],[-1.518929466945682,52.392458140263905],[-1.518569508104558,52.39244585317159],[-1.518213251618841,52.39241203922137],[-1.517864128934618,52.3923570241097],[-1.517525502754402,52.39228133774057],[-1.5172006346347784,52.392185709119204],[-1.5168926535604075,52.39207105932723],[-1.5166045257976168,52.39193849264745],[-1.5163390263184093,52.39178928592345],[-1.516098712070426,52.39162487625703],[-1.5158858973505096,52.391446847161944],[-1.5157026315191007,52.391256913307686],[-1.515550679269991,52.39105690400051],[-1.5154315036452162,52.39084874556081],[-1.515346251958271,52.3906344427669],[-1.5153371645624132,52.390595150807286],[-1.515336501261936,52.39059477801995],[-1.5151067610578266,52.39046565910259],[-1.5148664585613947,52.39030124692298],[-1.5146536551450673,52.390123215597214],[-1.514470400060415,52.3899332798163],[-1.514318457897733,52.38973326890504],[-1.5141992916019262,52.38952510919924],[-1.514114048396665,52.38931080548941],[-1.5140635487518685,52.38909242170978],[-1.5140482785001441,52.38887206105867],[-1.5140683841774243,52.38865184574181],[-1.514123671631921,52.38843389653406],[-1.514213607914012,52.38822031235568],[-1.5143373264280988,52.388013150060715],[-1.5144936352960765,52.38781440463125],[-1.5146810288511738,52.38762598996863],[-1.5148977021509171,52.387449720466485],[-1.5151415683689313,52.38728729354254],[-1.5154102788977493,52.38714027329739],[-1.5156940580381195,52.38701329182942],[-1.5173564653621334,52.38717019463549],[-1.5202488282773556,52.387859604481235],[-1.5218694205879812,52.38653039522908],[-1.5219943415413066,52.38562486755566],[-1.5234110981083084,52.38498123746658],[-1.5236925869009328,52.38460254061247],[-1.5260955496398374,52.383613544368295],[-1.5262861180213496,52.38327946511841],[-1.5268356201230397,52.38306205549749],[-1.529789804795129,52.3832058079083],[-1.5306646595198967,52.383414587471904],[-1.5311337533798979,52.38335184435869],[-1.5314187864105815,52.383172870439424],[-1.5314520669790466,52.3821308938738],[-1.5312176761156273,52.381495355371825],[-1.5325934060534299,52.37971259744324],[-1.5316497768538324,52.378807584279166],[-1.5316256711657272,52.37878849255809],[-1.5316172816695308,52.37875226743713],[-1.531601927253645,52.37853190847179],[-1.531621940594668,52.37831168956858],[-1.531677128430338,52.37809373153695],[-1.531766958770621,52.37788013338235],[-1.5318905660403135,52.377672952093505],[-1.5320467594326823,52.37747418283555],[-1.5322340343929903,52.3772857397395],[-1.5324505871207463,52.37710943747287],[-1.5326943319505189,52.376946973768995],[-1.532962921443571,52.37679991308283],[-1.5332537689966241,52.376669671530436],[-1.5334419077286718,52.376601663724976],[-1.5348582648378286,52.37730169530327],[-1.5354793054503266,52.37760889926663],[-1.536146585807127,52.37701365857905],[-1.5366697169603918,52.376581514419485],[-1.5367682295160325,52.37649516935431],[-1.5370262919845938,52.37657110733888]]]}},{"type":"Feature","properties":{"db_school_name":"Aldermoor Farm Primary School","urn":"103681","n_samples":29,"margin_m":389.4},"geometry":{"type":"Polygon","coordinates":[[[-1.4762058940666765,52.39386828442884],[-1.4765329153670075,52.39377542904908],[-1.476873238173705,52.39370262906149],[-1.477223585405513,52.39365058547118],[-1.4775805834962195,52.39361979941429],[-1.4779407948659267,52.39361056733448],[-1.4780583990028842,52.3936146222855],[-1.4780587721924818,52.39361463515277],[-1.4781756438979154,52.39358144798939],[-1.4785159625403634,52.393508643259345],[-1.4788663063362042,52.393456594789875],[-1.4792233017522995,52.3934258037641],[-1.479583511234493,52.39341656667355],[-1.4799434662936641,52.393428972464434],[-1.4802997008889967,52.39346290168153],[-1.4806487847877512,52.393518027617894],[-1.4809873565810168,52.39359381945918],[-1.4813121560382567,52.393689547392796],[-1.4816200554896999,52.39380428963236],[-1.481908089934968,52.39393694129007],[-1.48217348558843,52.394086225012046],[-1.4824136865867705,52.39425070327388],[-1.4826263796017227,52.39442879221878],[-1.4828095161210497,52.394618776904764],[-1.4828315552286078,52.39464781837975],[-1.4810481010529513,52.396161972517454],[-1.481873692387678,52.397230233504274],[-1.4813290214536328,52.397763844250456],[-1.4808261416850004,52.39806973466354],[-1.4809197772121128,52.398402313526525],[-1.4818212123843106,52.39913976035438],[-1.4828888933815327,52.39949473202417],[-1.483235042995904,52.39956629810062],[-1.4837145015028477,52.40013526668231],[-1.4840330333158704,52.40087990975993],[-1.4820082455597925,52.40179330875593],[-1.4810997657377651,52.40168225311572],[-1.4789565600656942,52.403105874292],[-1.478622301729341,52.402968828371684],[-1.477018598645526,52.40296003630679],[-1.4759450724328633,52.40402272052347],[-1.4751549880326602,52.40360051780279],[-1.47461378736487,52.40287001593736],[-1.4712690572088156,52.40218512969929],[-1.4709976982769766,52.40220893359598],[-1.4704787048448629,52.402085540810305],[-1.4687031898383103,52.402578764666174],[-1.4686886731852216,52.40258001516996],[-1.4683283870292487,52.402589218843744],[-1.46796836095558,52.4025767775151],[-1.4676120627355922,52.40254281102028],[-1.467598230981269,52.402540625601176],[-1.4673741854420725,52.40219906704146],[-1.4622431538301979,52.39953301722154],[-1.462383823272172,52.39939184931044],[-1.4626007621871917,52.39921567675517],[-1.4628009306062233,52.39908258416547],[-1.4628025181453965,52.39908152860127],[-1.462777804986076,52.39897413151297],[-1.4627627871760576,52.39875376530996],[-1.4627831529106283,52.398533559809444],[-1.462838705533314,52.39831563569124],[-1.4629289095407867,52.39810209163371],[-1.4630528957593103,52.39789498410414],[-1.463209469733033,52.39769630755687],[-1.463397123242644,52.39750797522963],[-1.4636140488428866,52.3973318007229],[-1.4638581572784435,52.39716948053931],[-1.4641270976101017,52.397022577751535],[-1.4644182798571785,52.396892506954906],[-1.4647288999380728,52.39678052065041],[-1.465055966668858,52.396687697188156],[-1.4653963305601287,52.3966149303876],[-1.4657467141351643,52.39656292093432],[-1.4661037434779278,52.396532169635734],[-1.4664639807076938,52.396522972600856],[-1.4668239570682315,52.396535418390236],[-1.4671802063136477,52.39656938716357],[-1.4675292980701284,52.39662455183299],[-1.467555631403522,52.39663044969401],[-1.4675581654013405,52.39663101723161],[-1.46761986629365,52.396569083456754],[-1.4678145154924827,52.396410978025926],[-1.467814062990172,52.39641018608544],[-1.467810884319612,52.39640462297946],[-1.4677258530362556,52.39619028665326],[-1.4676755748951782,52.39597188392224],[-1.467660533595342,52.39575151816685],[-1.4676808734674642,52.39553131164175],[-1.4677363981042226,52.3953133850367],[-1.4678265722718673,52.39509983705406],[-1.4679505270840731,52.39489272419893],[-1.468107068387459,52.394694040976965],[-1.4682946882773313,52.39450570069026],[-1.4685115796321708,52.394329517015905],[-1.4687556535263973,52.39416718654494],[-1.469024559353365,52.394020272449026],[-1.469202409634596,52.39394081031729],[-1.469202583834878,52.39394073248568],[-1.4692681008546011,52.39385757260659],[-1.4694557122425473,52.39366923042788],[-1.469672594864836,52.39349304457519],[-1.4699166598799733,52.3933307116605],[-1.4701855567668034,52.39318379487902],[-1.470476695962915,52.393053708960984],[-1.4707872738011631,52.39294170655295],[-1.4711142995042867,52.392848866160094],[-1.471454623977831,52.392776081764985],[-1.4718049701245302,52.39272405422255],[-1.472161964388642,52.39269328451441],[-1.4725221692271218,52.39268406892686],[-1.4728821161955583,52.39269649619908],[-1.4732383393310164,52.39273044666902],[-1.4735874085110572,52.39278559342506],[-1.4739259624684358,52.392861405452436],[-1.4742507411442798,52.39295715274421],[-1.4745586170688372,52.39307191332753],[-1.4748466254681758,52.39320458213801],[-1.4751119928073684,52.393353881656566],[-1.4753521634956435,52.39351837420666],[-1.4755648244965103,52.39369647579387],[-1.4757479276059233,52.393886471354485],[-1.4758384100372468,52.39400573446973],[-1.475839668166218,52.39400517223798],[-1.475895323324823,52.39398030107397],[-1.4762058940666765,52.39386828442884]]]}},{"type":"Feature","properties":{"db_school_name":"Broad Heath Community Primary School","urn":"103672","n_samples":13,"margin_m":235.6},"geometry":{"type":"Polygon","coordinates":[[[-1.498899992111684,52.42109077979881],[-1.4990875939445707,52.420902391443654],[-1.4993044931875772,52.420726152086786],[-1.4995486008383705,52.420563758855344],[-1.4998175659645645,52.42041677552532],[-1.5001087983461048,52.420286617467575],[-1.5004194934181487,52.42017453802329],[-1.500746659274326,52.42008161643927],[-1.5010871454705532,52.42000874747971],[-1.5014376733523953,52.41995663281374],[-1.5017948676143977,52.41992577426175],[-1.502155288788084,52.419916468965354],[-1.5025154663464095,52.419928806527494],[-1.5028719321066337,52.41996266814988],[-1.5032212536106824,52.420017727776404],[-1.5035600671623004,52.42009345523131],[-1.503885110203587,52.42018912132203],[-1.5041932527197672,52.420303804857774],[-1.5044815273703689,52.42043640151617],[-1.50474715805709,52.420585634473106],[-1.5049875866536044,52.4207500666932],[-1.5052004976400837,52.42092811476324],[-1.5053838404052593,52.421118064135115],[-1.5055358490011572,52.42131808563205],[-1.505655059160006,52.42152625305916],[-1.5057403224090748,52.421740561749175],[-1.5057908171469896,52.42195894786459],[-1.5058060565742468,52.422179308270884],[-1.5057858934008674,52.422399520789085],[-1.5057305212850853,52.42261746463308],[-1.505640472988463,52.42283104083472],[-1.5055166152644022,52.423038192459884],[-1.5053601405285528,52.42323692442091],[-1.505172555390649,52.423425322694435],[-1.5049556661576229,52.4236015727593],[-1.5047115614471274,52.4237639770768],[-1.504442592078555,52.423910971444954],[-1.5041542019254688,52.424039864734986],[-1.5041513484349918,52.42404114006865],[-1.5041482434908258,52.4240422601786],[-1.5040860714479665,52.42414623340884],[-1.5039295863357547,52.424344963413766],[-1.5037419903801048,52.424533359355635],[-1.5035250899921386,52.424709606735725],[-1.503280973896953,52.424872008041206],[-1.503011993023606,52.42501899909905],[-1.5027207378660128,52.425149164146085],[-1.5024100135327316,52.42526124946956],[-1.5020828127260024,52.42535417548701],[-1.501742286910513,52.425427047148595],[-1.5014266929333295,52.42547396298193],[-1.5014248634600347,52.425474234946535],[-1.5014902101721495,52.42549855456213],[-1.5017785104496086,52.425631157757834],[-1.5020441630747383,52.42578039671045],[-1.5022846097098979,52.425944834327005],[-1.5024975346614644,52.42612288714223],[-1.5026808871835822,52.426312840562424],[-1.502832901234188,52.42651286537175],[-1.5029521124928353,52.4267210353435],[-1.5030373724760455,52.42693534578586],[-1.5030878596137296,52.427153732844516],[-1.5031030871794102,52.42737409337579],[-1.5030829079971744,52.42759430519949],[-1.5030275158792776,52.427812247536195],[-1.5029374437797782,52.428025821432236],[-1.5028135586811944,52.42823296997566],[-1.50265705326272,52.42843169810847],[-1.502469434429518,52.42862009184412],[-1.5022525088129972,52.42879633670511],[-1.50224602270346,52.42880065113547],[-1.502242921649458,52.42880271389415],[-1.5022768392879395,52.4288879695704],[-1.5023273248312619,52.4291063568776],[-1.5023425492114133,52.429326717426015],[-1.5023300013008016,52.42946361847792],[-1.4988531835280832,52.43034878330595],[-1.4982694669324812,52.43009162075732],[-1.4970966522691926,52.42912044426437],[-1.4964026808419582,52.42907277575129],[-1.4956825066708401,52.430602373243765],[-1.494889281741966,52.43138347332823],[-1.4928094343693028,52.430972116874386],[-1.4910550686817527,52.43107338038858],[-1.4908584344396403,52.431000185680084],[-1.4905701321946774,52.43086755597685],[-1.490304488032547,52.43071829139849],[-1.4900640602938735,52.43055382960419],[-1.4898511643678491,52.430375754609905],[-1.489667850396136,52.43018578152736],[-1.489515883535127,52.42998574004071],[-1.4893967269664223,52.42977755678025],[-1.4893115278187483,52.429563236763435],[-1.4892611061364025,52.42934484408141],[-1.4892459469998451,52.4291244820181],[-1.4892661958736308,52.42890427279279],[-1.489321657225727,52.42868633712138],[-1.4894117964307414,52.42847277379359],[-1.4895357449379574,52.42826563946234],[-1.4896923086536642,52.428066928840146],[-1.4898799794563637,52.42787855549288],[-1.4900969497333842,52.42770233341598],[-1.490341129798408,52.42753995957011],[-1.4906101680218151,52.42739299754455],[-1.490901473479783,52.42726286250496],[-1.4912122409039352,52.42715080757077],[-1.4913771393847677,52.42710399643374],[-1.4913777283745981,52.427102600754665],[-1.4913938778489693,52.427064332684296],[-1.491517813083883,52.42685719619235],[-1.4916743628713147,52.42665848286313],[-1.4917757279486583,52.426556728986455],[-1.4917757354251608,52.42655672148125],[-1.4917686677445834,52.42645406099974],[-1.4917889027354794,52.426233851207634],[-1.491844348212848,52.42601591421419],[-1.4919344697042425,52.42580234882189],[-1.492058398829588,52.42559521170355],[-1.4922149416818633,52.4253964975986],[-1.4924025903405096,52.42520812010641],[-1.4924249727996464,52.42518993884221],[-1.4924262773492125,52.42518887915642],[-1.4923169180990774,52.42504492253242],[-1.492197761478858,52.424836741920274],[-1.492112558094921,52.42462242373161],[-1.4920621280325217,52.42440403204005],[-1.4920469564529886,52.42418367011998],[-1.4920671889408632,52.42396346018928],[-1.4921226301220651,52.4237455229707],[-1.4922127455655882,52.423531957268864],[-1.4923366669496603,52.42332481975963],[-1.4924932004418627,52.42312610518612],[-1.4926808382118197,52.42293772715228],[-1.4928977729650073,52.42276149969876],[-1.4931419153572094,52.42259911983799],[-1.4934109141215783,52.42245215121723],[-1.4937021787142324,52.42232200906569],[-1.494012904260253,52.4222099465713],[-1.494340098559925,52.42211704281771],[-1.4946806108953716,52.42204419239737],[-1.4950311623605497,52.42199209680092],[-1.495388377422994,52.42196125766512],[-1.4957488164140014,52.42195197194464],[-1.4961090086350115,52.421964329053935],[-1.496465485762121,52.42199821000654],[-1.496814815227811,52.422053288560235],[-1.4971536332591449,52.42212903435697],[-1.4974542329811746,52.42221752237686],[-1.4974544939841197,52.42221759920823],[-1.4974693463171538,52.422198740807296],[-1.497656958967201,52.422010354784554],[-1.497873869363992,52.42183411811306],[-1.498117988397794,52.42167172789416],[-1.498386965026621,52.421524747874784],[-1.4986753554433714,52.42139586859607],[-1.4986782089196717,52.421394593393934],[-1.4986813138150459,52.42139347342701],[-1.4987434946374254,52.4212895030122],[-1.498899992111684,52.42109077979881]]]}},{"type":"Feature","properties":{"db_school_name":"Cannon Park Primary School","urn":"103667","n_samples":43,"margin_m":289.8},"geometry":{"type":"Polygon","coordinates":[[[-1.5541552239385796,52.381460253840814],[-1.554463228438404,52.381574806805894],[-1.5547514028586245,52.38170728154118],[-1.5550169720667975,52.38185640239642],[-1.555257378529518,52.382020733415615],[-1.5554703069411986,52.38219869215991],[-1.5556537065240283,52.38238856494143],[-1.5558058107842578,52.382588523320905],[-1.5559251545343178,52.38279664171143],[-1.5560028731161515,52.382991566400385],[-1.5560036998217295,52.382993639837494],[-1.5562076251955452,52.383069476880955],[-1.5564958145668615,52.38320194736327],[-1.5567613986135762,52.383351064294615],[-1.5570018196594198,52.38351539175681],[-1.5572147622583874,52.38369334734525],[-1.5572413760798496,52.383720898189615],[-1.5572419974674419,52.38372154145462],[-1.557318726451516,52.383733607673136],[-1.5576573560302673,52.38380918016693],[-1.5579822508316485,52.383904697797185],[-1.5582902822686204,52.384019240802466],[-1.5585784840708592,52.384151706213444],[-1.5588440808423087,52.38430081846967],[-1.5589256860763443,52.384356591300524],[-1.5589263943938259,52.384356335098715],[-1.5589987304072446,52.38433017078022],[-1.5593255086538325,52.384237085705735],[-1.5596656231372175,52.38416404681261],[-1.5600157987812056,52.38411175740633],[-1.5603726636710942,52.38408072098985],[-1.5607327815090686,52.384071236417434],[-1.5610926846881785,52.38408339501805],[-1.56144890766713,52.38411707971657],[-1.5617980203252486,52.384171966160245],[-1.5621366609771492,52.384247525840706],[-1.5624615687299186,52.38434303118073],[-1.5627696148718637,52.384457562537165],[-1.5630578329911267,52.3845900170529],[-1.5633234475345927,52.38473911927237],[-1.5635639005324176,52.38490343341907],[-1.5637768762309998,52.3850813772167],[-1.563960323397253,52.38527123712131],[-1.5641124750792685,52.38547118481772],[-1.564231865632839,52.38567929482192],[-1.5643173448494914,52.38589356301984],[-1.5643680890494593,52.386111925964244],[-1.5643836090321523,52.38633228074405],[-1.5643637548068838,52.3865525052349],[-1.5643087170575256,52.38677047853581],[-1.5642190253262256,52.38698410139536],[-1.5640955429328987,52.387191316430616],[-1.5639394586786834,52.38739012794367],[-1.5637522754125852,52.387578621145444],[-1.5635357955708125,52.38775498060091],[-1.5632921038275964,52.38791750771824],[-1.563023547024215,52.38806463711303],[-1.562732711569302,52.388194951689975],[-1.5624223985280186,52.38830719629635],[-1.5621070872082328,52.38839701660869],[-1.5621057877038467,52.38839738678603],[-1.5620963067428895,52.38841996441975],[-1.5619728103767319,52.38862717715631],[-1.5618167114998414,52.38882598578584],[-1.5616295131020517,52.389014475546965],[-1.5614130177653132,52.38919083103785],[-1.5611693103131072,52.38935335370476],[-1.5609007377380368,52.389500478206195],[-1.560609886600667,52.389630787493935],[-1.5602995581172447,52.389743026466206],[-1.559972741176267,52.38983611406082],[-1.5596325835440383,52.38990915367174],[-1.55928236153687,52.38996144178853],[-1.5590498212693058,52.389981660897455],[-1.557107867309529,52.388920426341784],[-1.552743938639874,52.38971528126672],[-1.5511090524761417,52.38895579158263],[-1.5510826346082964,52.38884196767872],[-1.5510733500626792,52.38870958565733],[-1.5510718114344073,52.388713247351355],[-1.5509973750612152,52.38889039349175],[-1.5509496254824844,52.3889704730041],[-1.5494335852604115,52.389755583010796],[-1.5480871735689445,52.39187014749021],[-1.5479868868051154,52.39190640295504],[-1.5476600281632436,52.39199945637972],[-1.5473198337712526,52.39207246044972],[-1.5469695802996675,52.39212471199696],[-1.5466126413494266,52.392155707737956],[-1.546252454944248,52.39216514912339],[-1.5462091903579953,52.39216368237878],[-1.545391037935125,52.39209637219577],[-1.5451870600663455,52.39206427906863],[-1.5448483889164377,52.39198867086157],[-1.5445234634389644,52.39189311719342],[-1.544215413171371,52.39177853842387],[-1.5439272050468102,52.39164603815166],[-1.5436616148117057,52.391496892580776],[-1.5434212002882415,52.391332538224034],[-1.5432082767394828,52.39115455806254],[-1.5430248945744451,52.39096466629464],[-1.5428728196077337,52.39076469182134],[-1.542762777608886,52.39057271794589],[-1.542760921368122,52.39056947962413],[-1.5426770375850853,52.39052237112218],[-1.5424366320035832,52.39035801475652],[-1.5422237170911806,52.39018003281216],[-1.5420403431737106,52.38999013950459],[-1.5418882759863475,52.38979016374961],[-1.5417689796784495,52.389582031544634],[-1.5416836027260972,52.38936774741547],[-1.5416734786025492,52.38932408625468],[-1.5416717184868127,52.38932261486178],[-1.5414787671715144,52.389161313810526],[-1.5414485838559624,52.38913005608208],[-1.5414473446127548,52.38912877272537],[-1.5413753479708177,52.38924946604247],[-1.5412191545126748,52.38944824723025],[-1.5410318659333924,52.38963670414203],[-1.5408811809283127,52.38975937669661],[-1.5408800992543494,52.3897619493452],[-1.5408683919939896,52.389789793821755],[-1.5407447925001487,52.389996984091205],[-1.5405885935551988,52.39019576440796],[-1.540401299112969,52.39038422028327],[-1.5401847126807082,52.3905605366415],[-1.539940919959572,52.39072301530582],[-1.5396722687637447,52.39087009135835],[-1.5393813464113577,52.391000348217574],[-1.5390709548048902,52.39111253128664],[-1.538744083441121,52.39120556004181],[-1.5384038806108096,52.39127853844377],[-1.5380536230658315,52.391330763571695],[-1.5376966844464095,52.391361732396575],[-1.5373365027730987,52.39137114662839],[-1.5369765473173052,52.39135891559054],[-1.5366202851701223,52.39132515709352],[-1.5364760113172027,52.3913024458128],[-1.5345527916893926,52.388623558003005],[-1.5352799930933339,52.387993481388],[-1.535693027098073,52.387332402211584],[-1.5355625922511695,52.387123175446185],[-1.5349391923830642,52.38567172576543],[-1.5387393468091384,52.383906669171054],[-1.5390717299547847,52.38398090655822],[-1.5393965855835532,52.38407647517721],[-1.539704569809687,52.38419106650046],[-1.5399927168172196,52.38432357709339],[-1.5402582517374606,52.38447273096043],[-1.5404986173669457,52.384637091827685],[-1.5407114987930475,52.384815076968934],[-1.5408948456901608,52.38500497244192],[-1.5410468920716476,52.38520494958893],[-1.541166173307075,52.385413082642174],[-1.5411884131716103,52.3854689084555],[-1.5411896619706604,52.38546765174625],[-1.5412094180726714,52.38544777049263],[-1.5414259752864592,52.38527145203682],[-1.541669732419572,52.385108970077724],[-1.5417531090046455,52.385063316250005],[-1.5417536194863573,52.38506303672928],[-1.541714662117706,52.38496524949643],[-1.541664031029012,52.38474687705024],[-1.5416486246914654,52.38452651949487],[-1.5416685909517545,52.38430629900647],[-1.541723737000827,52.384088336409825],[-1.5417866608502433,52.38393865121489],[-1.5417859142078982,52.38393677702209],[-1.5417127609510777,52.383753149750206],[-1.5416621312215115,52.38353477726148],[-1.5416467252781558,52.38331441966151],[-1.5416666909639385,52.383094199126866],[-1.541721835475379,52.38287623648281],[-1.5418116272394782,52.38266263077924],[-1.541935201052323,52.382455439077624],[-1.5420913664291518,52.38225665664348],[-1.5422786190847926,52.38206819773466],[-1.5424951554333235,52.381891877171014],[-1.542738889966831,52.381729392862105],[-1.5430074753455367,52.38158230946122],[-1.5432983250056127,52.38145204330324],[-1.543608638066888,52.381339848770466],[-1.5439354263006693,52.38124680621814],[-1.5440319870971995,52.38122608279959],[-1.5440329629442004,52.38122587336746],[-1.544089659304332,52.381130800698706],[-1.5442458103132222,52.38093201534062],[-1.5444330481786024,52.38074355294265],[-1.5446495694569726,52.38056722835824],[-1.5448932887855242,52.380404739535614],[-1.5451618589708744,52.380257651171675],[-1.5454526935954702,52.38012737964902],[-1.5457629919238898,52.38001517940159],[-1.5460897658692685,52.379922130839745],[-1.546189890916395,52.37990063977186],[-1.5461899831048775,52.37990061998424],[-1.5462758207051,52.37975666322629],[-1.546431957029054,52.3795578749004],[-1.5466191797599138,52.37936940896107],[-1.546835685599916,52.37919308029586],[-1.5469222654029637,52.37913535200825],[-1.546920912693825,52.379135139136125],[-1.5466410533258035,52.379091098059],[-1.5463024787930417,52.37901549407193],[-1.5459776452134406,52.37891994440051],[-1.5456696812391915,52.37880536936586],[-1.5453815529722368,52.378672872530665],[-1.545116035389843,52.37852373006574],[-1.5450044509563765,52.37844742864052],[-1.5450044377100485,52.37844742898771],[-1.544808893050209,52.378452553911416],[-1.5444490404226656,52.37844034583579],[-1.5440928763538302,52.37840661001006],[-1.5437438313995018,52.37835167137815],[-1.543405267513472,52.37827605910729],[-1.543080445652384,52.378180501488885],[-1.542772494355518,52.37806591892061],[-1.5424843796026655,52.37793341503773],[-1.5422188762408868,52.3777842660789],[-1.5419785412556657,52.377619908589516],[-1.5417656891440923,52.3774419255808],[-1.5415823696273057,52.37725203127837],[-1.5414303479167557,52.37705205460758],[-1.5413110877240814,52.37684392157462],[-1.5412257371778546,52.37662963671318],[-1.5411751177823303,52.37641126377614],[-1.5411597165238973,52.376190905857506],[-1.5411796812005876,52.37597068513695],[-1.5412348190188545,52.375752722441504],[-1.541324598470372,52.37553911682158],[-1.54144815447,52.37533192533791],[-1.5416042967047014,52.37513314325382],[-1.5417915211123197,52.37494468482392],[-1.542008024379086,52.374768364863456],[-1.5422517213157505,52.37460588127618],[-1.5425202649446421,52.374458798708545],[-1.5428110691039885,52.37432853348739],[-1.5431213333517595,52.37421633998605],[-1.543448069929262,52.37412329854986],[-1.5437881325250669,52.374050305097306],[-1.5441382465626297,52.373998062496334],[-1.5443310474362062,52.37398131727206],[-1.5443329158304826,52.37397893834563],[-1.5443403146693389,52.37396951779732],[-1.5445275225065196,52.37378105495839],[-1.54474400918971,52.37360472991354],[-1.5449876896893293,52.37344224061552],[-1.5452562171859534,52.37329515176575],[-1.5455470056731209,52.37316487975161],[-1.5458572548596692,52.37305267901182],[-1.545912538853339,52.37303693446746],[-1.549470566869547,52.37312223621203],[-1.5496271386127347,52.37318048797323],[-1.5499152440045039,52.37331297453065],[-1.5501807466759312,52.373462106312694],[-1.5504210897342838,52.3736264472581],[-1.5506339584845314,52.373804414832414],[-1.550817302723427,52.3739942952626],[-1.5508480283275339,52.37403470243629],[-1.5508491860649791,52.37403622497264],[-1.5510170232781864,52.374098664014824],[-1.5513051388074723,52.37423114718658],[-1.551570651666587,52.37438027584626],[-1.5518110048647142,52.37454461396264],[-1.552023883609195,52.374722579028564],[-1.5522072376005491,52.37491245729512],[-1.5523593007841519,52.37511242027021],[-1.552478608368124,52.37532054232262],[-1.5525640109431456,52.375534819222096],[-1.5526146855677323,52.375753187437525],[-1.55263014371159,52.375973544006975],[-1.5526102359798755,52.376193766788724],[-1.5525551535720972,52.37641173489822],[-1.5524654264608613,52.37662534913398],[-1.5523419183071971,52.37683255219603],[-1.5521858181607184,52.37703134850177],[-1.5519986290238534,52.37721982340859],[-1.5517821533896936,52.37739616165765],[-1.5515384758922497,52.37755866486135],[-1.551269943235855,52.3777057678657],[-1.5511469072100565,52.377760891076434],[-1.5511463827559566,52.377761770856786],[-1.5511131690326116,52.37781748734637],[-1.550957059878397,52.37801628197576],[-1.5507698613318261,52.378204754883846],[-1.5505533759766175,52.378381090831006],[-1.5504668023738997,52.378438821799705],[-1.550468155079078,52.37843903463128],[-1.5507480141907863,52.378483066651384],[-1.5510865923259038,52.37855865791949],[-1.5514114343708882,52.378654193575585],[-1.5517194122465723,52.37876875368459],[-1.5520075601982746,52.37890123511246],[-1.5522731033483832,52.37905036214446],[-1.5525134844143882,52.379214698765104],[-1.552726388335245,52.379392662481635],[-1.5529097645689782,52.37958253955818],[-1.553061846846701,52.37978250151413],[-1.5531811701925635,52.379990622728094],[-1.5532665850453444,52.38020489897794],[-1.5533172683451981,52.38042326673881],[-1.5533327314781469,52.38064362305314],[-1.5533128250011556,52.380863845781725],[-1.553257740101507,52.381081814040485],[-1.5531984084506383,52.38122305618839],[-1.5532003913421408,52.38122471356279],[-1.553217902916007,52.38123935038003],[-1.5532236819118896,52.38124533393316],[-1.5532255502968886,52.38124726845238],[-1.5534917510676327,52.38128914227958],[-1.5538303553701542,52.38136472571118],[-1.5541552239385796,52.381460253840814]]]}},{"type":"Feature","properties":{"db_school_name":"Grange Farm Primary School","urn":"103664","n_samples":19,"margin_m":176.4},"geometry":{"type":"Polygon","coordinates":[[[-1.5215463290890674,52.38298232677649],[-1.5217378013851781,52.38307444367011],[-1.5219219530987733,52.38310127806752],[-1.5241489430499662,52.38218770370327],[-1.5262861180213496,52.38327946511841],[-1.5260955496398374,52.383613544368295],[-1.5236925869009328,52.38460254061247],[-1.5234110981083084,52.38498123746658],[-1.5219943415413066,52.38562486755566],[-1.5218694205879812,52.38653039522908],[-1.5202488282773556,52.387859604481235],[-1.5173564653621334,52.38717019463549],[-1.5156936228207674,52.38701325074914],[-1.5154824065979458,52.38683653839895],[-1.5152991614661144,52.386646603821376],[-1.5151472267384134,52.38644659388218],[-1.515028065288223,52.38623843490781],[-1.515008453351645,52.38618912899351],[-1.5150084321227661,52.38618907562244],[-1.514952129926303,52.38615055063993],[-1.5147393460145027,52.3859725193909],[-1.5145561076325702,52.38578258365013],[-1.5144041792100078,52.38558257274202],[-1.5142986114534913,52.38539815056699],[-1.5142902760456969,52.38538358891102],[-1.5142101989797168,52.385278167249176],[-1.5140910450530476,52.385070007307434],[-1.5140333759919347,52.38492501057364],[-1.514031979249893,52.384924698286724],[-1.5140291429159065,52.38492386314358],[-1.5137071726417073,52.384829060096145],[-1.5133992517489165,52.384714401207326],[-1.513111182258104,52.38458182599063],[-1.5128457385799572,52.384432611371835],[-1.512605477124637,52.38426819452874],[-1.5123927116805256,52.38409015904414],[-1.5123770921783968,52.3840739668366],[-1.5123760815453187,52.384072919147144],[-1.5122942374226145,52.38407504126412],[-1.511934348725346,52.38406273412265],[-1.5115781648818,52.38402890030702],[-1.5112291166381924,52.38397386570505],[-1.5108905659798473,52.38389816040844],[-1.5105657737357538,52.383802513604714],[-1.5102578681595893,52.383687846550565],[-1.5099698147903633,52.383555263695044],[-1.5097043878834375,52.3834060420375],[-1.509464143687394,52.383241618823476],[-1.5092513958243432,52.38306357769716],[-1.5090681930108183,52.382873633443815],[-1.5089162993337295,52.38267361546984],[-1.508797177271104,52.38246545017898],[-1.5087119736207288,52.3822511424155],[-1.5086615084717352,52.3820327561526],[-1.5086462673247003,52.38181239461243],[-1.5086663964354694,52.381592180009335],[-1.5087217014268057,52.38137423311117],[-1.5088116491804375,52.381160652816],[-1.5089353729905288,52.3809534959404],[-1.509091680928202,52.380754757414294],[-1.509279067335862,52.38056635107255],[-1.5094957273400602,52.38039009122871],[-1.5097395742426203,52.380227675207436],[-1.5100082596222149,52.38008066700444],[-1.5102991959525667,52.379950482230385],[-1.5103806860489875,52.37992104906611],[-1.5103812889289092,52.379920831313356],[-1.510458772807482,52.37985779297435],[-1.5104590588120936,52.379856665658046],[-1.5104715103723545,52.37980758650795],[-1.510505847108982,52.37972604330957],[-1.5114458440256524,52.378919695842335],[-1.5115806323949226,52.378839320471414],[-1.5116236576174653,52.37883667362616],[-1.5162950869207306,52.37989314246397],[-1.5172323125601448,52.37962612351077],[-1.519301987804392,52.380884879122796],[-1.5222108281122897,52.38020841482045],[-1.5227890432864744,52.38104960655133],[-1.5214304844928486,52.38232861212669],[-1.5215463290890674,52.38298232677649]]]}},{"type":"Feature","properties":{"db_school_name":"Frederick Bird Academy","urn":"150321","n_samples":65,"margin_m":285.9},"geometry":{"type":"Polygon","coordinates":[[[-1.4976536934835774,52.4094874735554],[-1.4979643186667702,52.40937540018109],[-1.498291409577239,52.40928248503162],[-1.4986318164924899,52.40920962280927],[-1.4989822615213724,52.40915751511833],[-1.499339370156076,52.40912666371206],[-1.499699703752452,52.40911736566333],[-1.5000597926265449,52.40912971050526],[-1.5004161694493534,52.40916357936947],[-1.5007654026189883,52.40921864613011],[-1.5011041292895875,52.409294380542725],[-1.5014290877396785,52.40939005334769],[-1.5017371487689002,52.40950474328952],[-1.5020253458213504,52.40963734598411],[-1.502290903545905,52.40978658454914],[-1.5025312645188296,52.409951021895175],[-1.5027441138715385,52.41012907455959],[-1.5029274015863898,52.41031902794993],[-1.5030793622456948,52.41051905285065],[-1.5031985320435188,52.41072722303405],[-1.5032837628960645,52.410941533806266],[-1.5033248908868069,52.41111949571263],[-1.503325083270751,52.41112032815968],[-1.503397745878686,52.41116116052859],[-1.5036381184211194,52.411325595615104],[-1.5038509788244634,52.411503646273026],[-1.5040342769646586,52.41169359792923],[-1.5041862473236116,52.41189362138494],[-1.5043054260019642,52.41210179042637],[-1.504390664830373,52.41231610037064],[-1.5044411424428963,52.41253448736816],[-1.5044462079258667,52.41260778056552],[-1.5044462659278661,52.4126086198034],[-1.50449657074608,52.412696484905915],[-1.5045190920268712,52.41275310736702],[-1.5045191192012524,52.41275317568811],[-1.504742679059599,52.41283639197942],[-1.5050309068245937,52.412968987349466],[-1.505296494674663,52.413118219154484],[-1.5055368848960127,52.4132826503702],[-1.5057497623384262,52.41346069759301],[-1.5059330767137618,52.413650646282925],[-1.506085062347577,52.413850667269664],[-1.5062042551933952,52.414058834363296],[-1.5062895069454076,52.414273142899674],[-1.506339996113173,52.41449152904282],[-1.5063552359510572,52.41471188965787],[-1.5063350791653567,52.41493210256387],[-1.5062797193530184,52.415150046970986],[-1.5061896891573314,52.41536362390568],[-1.5060658551575736,52.41557077642676],[-1.505909409541086,52.415769509438],[-1.5057218586373027,52.41595790890594],[-1.5055050084235588,52.41613416029796],[-1.505260947141784,52.416296566062606],[-1.5049920251931366,52.41644356198401],[-1.5047008325039868,52.416573732252175],[-1.504390173581171,52.416685823104125],[-1.5040630404968294,52.41677875490417],[-1.5037225840632444,52.416851632546795],[-1.503372083475657,52.41690375408167],[-1.503014914715926,52.41693461747756],[-1.5026545180219228,52.41694392545999],[-1.5023503456590077,52.41693350607997],[-1.5023475159519792,52.41693340914506],[-1.5022478878563443,52.41696935378226],[-1.5019207482059764,52.41706227963444],[-1.501580286095282,52.41713515109097],[-1.5012297807742057,52.4171872662611],[-1.5010869912001656,52.41719960229941],[-1.5010867535299917,52.417199622832335],[-1.5009737340367164,52.41729146809873],[-1.5007296497527476,52.41745386442073],[-1.5004607057396093,52.41760084995209],[-1.500169492136255,52.41773100898282],[-1.4998588136510298,52.41784308785824],[-1.499531662544561,52.41793600705797],[-1.4993795833597587,52.41796855366135],[-1.4993760168210872,52.41797145182207],[-1.4991736289785638,52.418135910891145],[-1.498929533422872,52.41829830344563],[-1.4986605782951337,52.41844528483358],[-1.4983693538413767,52.41857543938491],[-1.4980586648744822,52.418687513488045],[-1.497731503756065,52.4187804276686],[-1.4973910215685227,52.4188532869908],[-1.4970404977552438,52.418905389680724],[-1.496683308521874,52.41893623388869],[-1.4963228943035503,52.41894552252504],[-1.4959627266121267,52.41893316612302],[-1.4956062745834013,52.418899283700725],[-1.4952569715472956,52.41884420161432],[-1.494918181943717,52.41876845041297],[-1.4945931689034562,52.41867275972646],[-1.4942850628070108,52.41855805123443],[-1.4941856214836977,52.41851229636274],[-1.4941836819629508,52.418512711338934],[-1.4938957444642176,52.418574317457676],[-1.4935452188160934,52.418626409783876],[-1.4934523333729277,52.41863442804067],[-1.4934519960939028,52.41863470206184],[-1.4934046746034138,52.418673148200696],[-1.493160554955358,52.4188355287697],[-1.492891577453885,52.418982496965],[-1.4926003325606054,52.4191126372436],[-1.4922896252853537,52.41922469613132],[-1.4919624481661662,52.419317594300466],[-1.491621952439633,52.41939043696933],[-1.4912714176796087,52.4194425225245],[-1.4911850878910162,52.41944997303655],[-1.4911840199625932,52.419451328798516],[-1.4911722184874214,52.4194663110616],[-1.4909845891418108,52.41965468683367],[-1.4907676621174106,52.419830910889694],[-1.4905235263961152,52.41999328594145],[-1.4902545330962456,52.42014024806883],[-1.489963272831613,52.42027038178722],[-1.4896525507601446,52.42038243368573],[-1.4893253595624338,52.42047532450379],[-1.4889848506107148,52.42054815953068],[-1.4886343036062695,52.42060023722648],[-1.4882770949782056,52.42063105598225],[-1.4879166653485363,52.42064031895355],[-1.4875564863776012,52.420627936920816],[-1.487200027309859,52.42059402914905],[-1.486890156409682,52.420545143590516],[-1.4868891681981775,52.42054498768776],[-1.4867377386723541,52.420696995733586],[-1.4865207896258883,52.42087321191051],[-1.486276632580398,52.42103557811013],[-1.4860076188596445,52.421182530497575],[-1.4857163392741863,52.42131265368204],[-1.4854055991681077,52.421424694354066],[-1.4850783913957715,52.42151757336128],[-1.4847378674891158,52.421590396106616],[-1.4843873072935228,52.42164246116852],[-1.4840300873652033,52.42167326705974],[-1.4836696484350504,52.42168251705974],[-1.4833094622530123,52.4216701220739],[-1.482952998133017,52.42163620149202],[-1.4826036895214372,52.42158108203785],[-1.4822649009118356,52.421505294620516],[-1.4819398954253375,52.42140956921865],[-1.4816318033695595,52.42129482784628],[-1.4813435920794598,52.42116217566841],[-1.4810780373310628,52.42101289035227],[-1.480837696603688,52.42084840975672],[-1.480624884448425,52.42067031807873],[-1.4804416502001019,52.42048033059062],[-1.4802897582473264,52.42028027711518],[-1.4801706710503537,52.420072084398086],[-1.4800855350699484,52.41985775754777],[-1.4800351697422616,52.41963936072111],[-1.4800200596052684,52.41941899724192],[-1.4800403496519166,52.41919878934294],[-1.4800958439539742,52.418980857727334],[-1.4801860075690636,52.41876730114567],[-1.4801945464891417,52.4187530339945],[-1.480196849919813,52.41874918533355],[-1.4801768513005567,52.41866246535119],[-1.4801617407570598,52.41844210185262],[-1.4801820296156896,52.418221893889864],[-1.4802375219596857,52.41800396216662],[-1.4803276828655556,52.41779040543457],[-1.4804516435739645,52.41758328028309],[-1.480608209874059,52.417384581336265],[-1.4807958736197935,52.41719622204753],[-1.4810128272667626,52.41702001627695],[-1.4812319107528458,52.41687433209707],[-1.4812338745507245,52.416873026222106],[-1.4811488394359698,52.416784851450764],[-1.4809969568576489,52.4165847987831],[-1.4808778761590151,52.416376606665075],[-1.4807927437383495,52.416162280199245],[-1.4807423789976284,52.41594388353883],[-1.480727266469288,52.41572352000602],[-1.4807475511694212,52.415503311834115],[-1.480803037221397,52.415285379728864],[-1.4808931897623967,52.41507182244559],[-1.4810171401137118,52.414864696579016],[-1.4811736941642906,52.414665996760114],[-1.48125270999013,52.41458668195259],[-1.4812527676774998,52.414586624046834],[-1.4812252034459161,52.4144670988568],[-1.4812100889640276,52.41424673532556],[-1.4812193406093492,52.414146285320804],[-1.4824234117197448,52.41366780378254],[-1.483758285913964,52.412796400995155],[-1.4837978111035606,52.41168989285595],[-1.4836213782366516,52.41147796921273],[-1.4834212349449976,52.41103688337795],[-1.4825269750124603,52.409851298101565],[-1.4832063809046474,52.40949005428785],[-1.4880607390137992,52.40966114817833],[-1.4881302911015497,52.40971935489359],[-1.4883107915433675,52.40990650780306],[-1.4883135141934016,52.40990933078399],[-1.4883174779452037,52.40991455108122],[-1.4883206314630413,52.40991341364776],[-1.488331032558069,52.40990966210502],[-1.4886581474865568,52.40981677367648],[-1.4889985742030742,52.40974393924721],[-1.4892797137667,52.40970216145925],[-1.489279807717635,52.40970214749785],[-1.489283986892471,52.40965667659747],[-1.4893394233615271,52.40943874014422],[-1.489429522602065,52.40922517600496],[-1.4895534164487678,52.40901804084056],[-1.4897099113347883,52.40881932937155],[-1.4898974998018648,52.408630955172086],[-1.4901143750305361,52.40845473224587],[-1.4903584482500127,52.408292357561926],[-1.4906273688597056,52.40814539471765],[-1.4909185470684059,52.408015258886714],[-1.4912291788330347,52.40790320319629],[-1.491556272856875,52.40781030666458],[-1.4918966793875124,52.40773746381455],[-1.4922471205375476,52.407685376064],[-1.4926042218365418,52.40765454497417],[-1.492964544710985,52.40764526742233],[-1.4933246195801442,52.407657632744275],[-1.4936809792498336,52.40769152187444],[-1.4940301922832742,52.40774660849182],[-1.4943688960284274,52.40782236216074],[-1.4946938289844849,52.40791805343621],[-1.4950018621964811,52.40803276088489],[-1.495290029376276,52.40816537995403],[-1.4955555554602964,52.40831463360366],[-1.4957958833293952,52.4084790845991],[-1.4960086984336745,52.40865714934618],[-1.4961919510852153,52.408847113136126],[-1.4963438762039174,52.40904714665317],[-1.4964630103260552,52.40925532358663],[-1.4965482057113628,52.40946963917755],[-1.4965986414122898,52.4096880295219],[-1.4966138311982078,52.40990839144433],[-1.4965936282575756,52.41012860275122],[-1.496589642191908,52.41014428328228],[-1.4965888925172648,52.41014723237856],[-1.4966327054718314,52.41010322800092],[-1.496849561202542,52.40992699271513],[-1.4970936179463106,52.40976460412642],[-1.4973625252610863,52.409617625966135],[-1.4976536934835774,52.4094874735554]]]}},{"type":"Feature","properties":{"db_school_name":"Gosford Park Primary School","urn":"103643","n_samples":30,"margin_m":159.3},"geometry":{"type":"Polygon","coordinates":[[[-1.482830152234004,52.39464900957504],[-1.4830346855876453,52.39466848465116],[-1.4833837824521245,52.394723602533624],[-1.483722368196564,52.39479938656253],[-1.4840471824561308,52.39489510700049],[-1.4843550974185629,52.39500984213326],[-1.4846431479341655,52.395142487141555],[-1.4849085600626037,52.395291764735454],[-1.4851487777819496,52.39545623744962],[-1.4853614876029546,52.39563432148068],[-1.485544640851566,52.39582430193398],[-1.4856964734050098,52.39602434933326],[-1.4858155226911205,52.39623253723398],[-1.4858268094438172,52.396260956558145],[-1.4858273712608607,52.39626237117668],[-1.4859728946437554,52.39622103888619],[-1.4863132209439769,52.3961482117618],[-1.4866635766495793,52.39609614023838],[-1.4870205881127285,52.39606532572096],[-1.4873808176247683,52.39605606492727],[-1.4877407965037472,52.39606844703176],[-1.4880970584795505,52.39610235280727],[-1.4884461730558713,52.39615745577251],[-1.4887847785285018,52.39623322533437],[-1.4891096143427103,52.3963289318948],[-1.4894175524787556,52.39644365387318],[-1.489705627563873,52.39657628657686],[-1.4899710654212126,52.396725552834475],[-1.4902113097811647,52.39689001528983],[-1.4904240468980043,52.39706809023836],[-1.4906072278348854,52.39725806287294],[-1.4907590882024402,52.39745810379258],[-1.490878165160684,52.397666286615205],[-1.4909633115200862,52.397880606525085],[-1.4910137068055123,52.39809899957652],[-1.4910288651758747,52.39831936256805],[-1.4910086401225269,52.39853957329564],[-1.4909690644982487,52.398695219851724],[-1.4909708237000066,52.39869753709933],[-1.491111391362661,52.39888269411891],[-1.491230473770355,52.39909087655041],[-1.491315624533382,52.39930519616614],[-1.4913660231341623,52.39952358902322],[-1.4913811836996378,52.399743951922055],[-1.491360959699981,52.39996416265955],[-1.491305545379937,52.400182100466644],[-1.4912154739082635,52.40039566643331],[-1.49109161226229,52.40060280372394],[-1.4909351528961419,52.40080151738895],[-1.4907476022721795,52.400989893581205],[-1.4905307663655065,52.40116611799225],[-1.4902867332806669,52.40132849333056],[-1.4900178531475872,52.40147545567334],[-1.489726715490158,52.40160558953407],[-1.4894161242853596,52.40171764150051],[-1.4890890709531923,52.401810532311636],[-1.4887487055377964,52.401883367256765],[-1.4883983063576725,52.40193544479691],[-1.4880412484177863,52.40196626332469],[-1.4876809708883882,52.40197552599782],[-1.4873209439644328,52.401963143599666],[-1.486964635425509,52.40192923539875],[-1.486936594187338,52.401924809712575],[-1.486931879450956,52.40192406559549],[-1.4870914422600006,52.402033293033156],[-1.4871949794545447,52.40211995848172],[-1.4871988277867376,52.40211913504352],[-1.4875288246631957,52.40204852412449],[-1.4878792257460784,52.40199644916725],[-1.4882362840393204,52.40196563112989],[-1.4885965613834327,52.40195636676399],[-1.4889565886359966,52.40196874527838],[-1.4893128990612166,52.4020026474805],[-1.4896620616963707,52.40205774692346],[-1.4900007143745901,52.4021335130481],[-1.4903255960866817,52.40222921628941],[-1.4906335783710132,52.402343935098855],[-1.49092169542975,52.40247656481429],[-1.4911871726818893,52.40262582829315],[-1.4914274534784606,52.402790288206084],[-1.4916402237228399,52.402968360872975],[-1.4918234341591088,52.403158331508756],[-1.4919753201137373,52.4033583707317],[-1.4920944185002214,52.403566552176095],[-1.4921795819225356,52.403780871039515],[-1.4922299897410696,52.403999263386396],[-1.4922451559938652,52.40421962602205],[-1.4922249340961855,52.404439836745894],[-1.4921695182723937,52.40465777478908],[-1.4920794417055918,52.40487134123919],[-1.4919555714220503,52.40507847925605],[-1.4917990999589614,52.40527719388303],[-1.491611533895089,52.405465571263704],[-1.4913946793541524,52.40564179707819],[-1.4911506246201012,52.405804174021384],[-1.4908817200313271,52.40595113815505],[-1.490590555347243,52.40608127397536],[-1.4902799348051379,52.40619332805119],[-1.4899528501075967,52.40628622110116],[-1.4896124516009064,52.406359058393036],[-1.4892620179223501,52.40641113836518],[-1.4891403505045457,52.40642163970161],[-1.4891402953992172,52.406421655351075],[-1.4890298117298673,52.406453031735225],[-1.4888970504383625,52.406481438408605],[-1.488897134899925,52.40648165098934],[-1.488924438556651,52.40655037127219],[-1.488974833353678,52.406768764871074],[-1.488989984238582,52.40698912778145],[-1.4889697447745358,52.407209337800126],[-1.4889584028672722,52.40725392705438],[-1.488957618702302,52.407257009895005],[-1.4889851836186807,52.40737646470252],[-1.4890003347425889,52.40759682758952],[-1.4889800950311625,52.407817037586696],[-1.488964355868889,52.40787891323845],[-1.4889640632781926,52.40788006350383],[-1.4889827320211437,52.40796096492458],[-1.4889978833131032,52.408181327790544],[-1.4889776433019637,52.40840153776473],[-1.4889222063864163,52.408619474085484],[-1.4888321059525895,52.40883303785695],[-1.4887082092565285,52.40904017226469],[-1.4885517090897415,52.40923888238681],[-1.4883641123073936,52.40942725441025],[-1.4881472253290413,52.409603474066664],[-1.4880605357158336,52.40966114101722],[-1.4832063809046474,52.40949005428785],[-1.4825269750124603,52.409851298101565],[-1.4795776913318885,52.41020936065702],[-1.4793366305779376,52.410138335185806],[-1.4790286236620218,52.41002358703455],[-1.4787404934626156,52.4098909284711],[-1.4784750149746517,52.409741637224066],[-1.4784202903936483,52.409704173575314],[-1.4784191213708244,52.40970337327838],[-1.47819629981191,52.40963771833914],[-1.4778882993541116,52.409522967224476],[-1.4776001758468842,52.40939030588841],[-1.477334704220686,52.40924101208632],[-1.4770944411542257,52.40907652375869],[-1.476881700450647,52.40889842517692],[-1.4766985307567042,52.40870843167973],[-1.4765466958394262,52.40850837314768],[-1.476427657609967,52.40830017637514],[-1.4763425620577508,52.40808584650949],[-1.4762922282298723,52.40786744773663],[-1.4762771403612795,52.407647083399],[-1.4762974432308194,52.40742687573766],[-1.4763529407871394,52.40720894545338],[-1.476443098056889,52.40699539128398],[-1.47656704631608,52.40678826979416],[-1.4767235914740535,52.406589575572745],[-1.476761123365548,52.40655189992901],[-1.4767614874705026,52.40655153442911],[-1.4765258516724422,52.406482094720594],[-1.4762178775008656,52.40636733926226],[-1.475929779526866,52.40623467385195],[-1.4756643324349457,52.4060853762842],[-1.4755722655651526,52.40602233846178],[-1.475571314114722,52.40602392833407],[-1.4755577176943513,52.40604664791926],[-1.4754011692480806,52.40624534060653],[-1.4752842531476498,52.406362700118756],[-1.473961455676483,52.40643396872035],[-1.4707728594226837,52.40503247843384],[-1.4701087019372125,52.40506472988821],[-1.4685026635690637,52.40462948886056],[-1.467836769261426,52.40334750698357],[-1.4678438844600228,52.403335620698684],[-1.4680004563936804,52.4031369379836],[-1.4681881128064913,52.40294859823267],[-1.4684050462250848,52.40277241511785],[-1.4686491673187132,52.402610085224715],[-1.4687099390287894,52.402576889866594],[-1.4704787048448629,52.402085540810305],[-1.4709976982769766,52.40220893359598],[-1.4712690572088156,52.40218512969929],[-1.47461378736487,52.40287001593736],[-1.4751549880326602,52.40360051780279],[-1.4759450724328633,52.40402272052347],[-1.477018598645526,52.40296003630679],[-1.478622301729341,52.402968828371684],[-1.4789565600656942,52.403105874292],[-1.4810997657377651,52.40168225311572],[-1.4820082455597925,52.40179330875593],[-1.4840330333158704,52.40087990975993],[-1.4837145015028477,52.40013526668231],[-1.483235042995904,52.39956629810062],[-1.4828888933815327,52.39949473202417],[-1.4818212123843106,52.39913976035438],[-1.4809197772121128,52.398402313526525],[-1.4808261416850004,52.39806973466354],[-1.4813290214536328,52.397763844250456],[-1.481873692387678,52.397230233504274],[-1.4810481010529513,52.396161972517454],[-1.482830152234004,52.39464900957504]]]}},{"type":"Feature","properties":{"db_school_name":"Ernesford Grange Primary School","urn":"103658","n_samples":70,"margin_m":399.3},"geometry":{"type":"Polygon","coordinates":[[[-1.456565431813181,52.391248846857756],[-1.4568307254816655,52.39139818726007],[-1.4570708173688582,52.39156271678843],[-1.457283395196829,52.39174085109224],[-1.457466411562223,52.391930874792635],[-1.4576181036601208,52.39213095799671],[-1.457737010270695,52.392339173914976],[-1.4578219858446968,52.39255351741277],[-1.4578722115516092,52.39277192431704],[-1.4578872031834649,52.39299229129263],[-1.4578738886120828,52.393136102943394],[-1.457874180302235,52.3931363473585],[-1.4579371778630492,52.393189134645226],[-1.4581202029892109,52.39337915731078],[-1.4582719029676041,52.39357923964838],[-1.4582810097553256,52.39359518552539],[-1.458283744507767,52.393599974042026],[-1.458400512376747,52.39367998541779],[-1.458613105686453,52.39385811730881],[-1.4587961364698625,52.39404813892178],[-1.45894784178319,52.394248220383844],[-1.4590667602793141,52.39445643492236],[-1.4591517462944856,52.39467077741593],[-1.4592019808975873,52.3948891837012],[-1.4592169797949204,52.395109550449],[-1.4591965980137032,52.39532975541895],[-1.459141031318417,52.39554767789733],[-1.4590508143455985,52.39576121912149],[-1.4589268154742547,52.395968322493914],[-1.4588911242851252,52.39601360612885],[-1.4588929204182541,52.396015111015366],[-1.4590997543813877,52.396188405567166],[-1.4592827968287547,52.39637842638349],[-1.4594345122620165,52.3965785071697],[-1.4595534392365503,52.39678672115961],[-1.4596384320069051,52.39700106323721],[-1.4596886715768467,52.397219469243105],[-1.4597036736047768,52.39743983585082],[-1.4596832930876937,52.39766004082133],[-1.4596277257778314,52.39787796344095],[-1.459537506317573,52.39809150494561],[-1.4594135031098148,52.398298608735146],[-1.4593109360834837,52.398428736884114],[-1.4593106057495655,52.398429155981745],[-1.459336282454835,52.39854078050063],[-1.4593512831272597,52.39876114710014],[-1.4593309001998644,52.398981351954156],[-1.4592753294480543,52.399199274350075],[-1.4591851055473253,52.39941281552602],[-1.4590610969433042,52.399619918884966],[-1.4589044975058176,52.399818589803935],[-1.458716815046684,52.40000691484732],[-1.4586844028244095,52.40003323297956],[-1.4586833121218554,52.4000341186094],[-1.458731396900764,52.40009752870684],[-1.4588503299013478,52.40030574329661],[-1.4589353258987126,52.4005200857609],[-1.4589483650886903,52.40057677071098],[-1.4589503933625507,52.40057770528612],[-1.458980337308448,52.400591502658656],[-1.459245694970945,52.400740837579455],[-1.459485846332156,52.400905362104645],[-1.4596984785413956,52.40108349193187],[-1.459881543671542,52.40127351172545],[-1.4600332784479442,52.40147359163014],[-1.4601522212396043,52.4016818048883],[-1.4602372261486314,52.40189614639094],[-1.460287474061761,52.40211455198419],[-1.460302480556903,52.402334918345645],[-1.460282100587882,52.40255512323862],[-1.4602265299015038,52.40277304595013],[-1.4601363031725234,52.40298658771527],[-1.4600122888736977,52.40319369193136],[-1.459855680929603,52.403392363967136],[-1.4596679872338991,52.40358069037624],[-1.4594883350145218,52.40372655619517],[-1.4539887754659255,52.403627871523554],[-1.4535368614886894,52.40379649490525],[-1.4532037647235083,52.40386572360237],[-1.4530704105083392,52.40386911271843],[-1.4527814943449064,52.403859091667165],[-1.4517694552657223,52.403714631716944],[-1.4516663536903527,52.40369152813845],[-1.451341545714536,52.40359571889374],[-1.4512762376304236,52.40357136364597],[-1.4512751674929,52.40357184142223],[-1.4512735244717703,52.40357243343166],[-1.450964465790729,52.403683792022136],[-1.4507375604545294,52.40374814598808],[-1.449937622885555,52.40390201954234],[-1.4497611647090327,52.403917190966425],[-1.4497569529782173,52.403919490260684],[-1.449735983340531,52.40393093812973],[-1.449447656049811,52.40405965790036],[-1.4485441902773157,52.403905705076795],[-1.446056150005404,52.40193124611074],[-1.4427847818680932,52.401847889444404],[-1.442705455798986,52.40170892013161],[-1.4427024903015968,52.401703724934634],[-1.4427137310429978,52.40186976486339],[-1.4427055827657613,52.40195743011708],[-1.4396701740015518,52.403081081338264],[-1.4396090424452472,52.40308841070141],[-1.4376422336773413,52.40422434600302],[-1.4376214765627815,52.4042509986741],[-1.4375511914520733,52.40426277866271],[-1.4365161803181694,52.40479107942116],[-1.434778909963894,52.4050311545767],[-1.4343575460704072,52.404576805383215],[-1.4334317667689727,52.4036337781126],[-1.4333672186323574,52.403558340316685],[-1.4333655939007393,52.40355644147931],[-1.432643901123646,52.40271297481301],[-1.4323660920819854,52.40236543083342],[-1.4322101549607034,52.40215731267111],[-1.4321031150279446,52.402014452851525],[-1.4318563298651168,52.40165815862782],[-1.4316689336819672,52.40136776023535],[-1.4314413707104732,52.40100616488626],[-1.4314205477628128,52.400971587278555],[-1.4312225586557235,52.40064281300297],[-1.4310317993026924,52.40027510186346],[-1.4308911919860636,52.399899541554326],[-1.4308714813171381,52.399830150288665],[-1.4308347316921908,52.39966625556526],[-1.430831131554436,52.399650199728704],[-1.4307996408040398,52.39946930195947],[-1.4307799151151108,52.39928765259092],[-1.4307700636901806,52.39913921553339],[-1.4307690366614167,52.39910595591415],[-1.4307684565245684,52.3989243987303],[-1.430776602895755,52.39874279276425],[-1.4307937155154273,52.39856123087289],[-1.4308017465558807,52.39850194983826],[-1.4308336226846448,52.398312460255994],[-1.4308756683375634,52.39812382787273],[-1.4309281217741998,52.39793614463048],[-1.430990740708169,52.39774949835622],[-1.4310636362955438,52.397564609703984],[-1.4310733640961502,52.397542724394256],[-1.4310988414901489,52.39745511668438],[-1.431106420002212,52.397437172317375],[-1.4311714221398206,52.397296335545555],[-1.4312607208174226,52.397094480788496],[-1.4313242062973177,52.396957232811445],[-1.431375324264071,52.396867574542696],[-1.431412893260556,52.39680302425286],[-1.431556242151875,52.396626602519085],[-1.431615417028379,52.39658307358274],[-1.4316980847444647,52.39657597777041],[-1.4320583286672477,52.39656688559742],[-1.4324182948901265,52.39657943612355],[-1.4327745172647648,52.396613508500025],[-1.4330812684984144,52.39666207763326],[-1.4330822375171197,52.39666223106039],[-1.433384498948334,52.39663628227683],[-1.4337447430547408,52.396627184965425],[-1.4341047102855855,52.39663973035923],[-1.4344609344828296,52.39667379765889],[-1.4348099855137006,52.396729058827944],[-1.4351485022854868,52.39680498174996],[-1.435473225097053,52.396900835350294],[-1.4357530767915658,52.39700526661018],[-1.4357555816512284,52.397006201334506],[-1.4358643944174174,52.396967007409714],[-1.4361915224796378,52.39687426398509],[-1.436531934646971,52.396801580430356],[-1.4368823529781143,52.396749656629545],[-1.4372394032225648,52.39671899256539],[-1.4375996472984545,52.39670988350698],[-1.4379596163836712,52.3967224171678],[-1.4383158443023294,52.39675647286149],[-1.438412635029344,52.396771793326934],[-1.4396825949769816,52.3971198263151],[-1.4399238985547733,52.39723108244915],[-1.4400321775892633,52.397292055526655],[-1.4404739209208548,52.398035401394225],[-1.4408780058159787,52.39949977574964],[-1.4422910223139538,52.40039429902942],[-1.4423828829274985,52.40055523491801],[-1.4424251438323965,52.40066191396217],[-1.4424246651995902,52.40065484312028],[-1.4424118573840974,52.40046563247997],[-1.4424156413036853,52.400424923715],[-1.442913244738593,52.40022013703262],[-1.4445432278639796,52.39965539510086],[-1.4448541523955236,52.39958333822562],[-1.4458103548017396,52.39831598126203],[-1.4457923804069577,52.398190063943446],[-1.4467572692467239,52.39780819313621],[-1.4456568635879965,52.39646663586159],[-1.4456452876917916,52.39643241351812],[-1.4456357667044342,52.3964239849927],[-1.4456339633338882,52.396415422670316],[-1.4476390954200946,52.39578453591491],[-1.4487562494270398,52.396209551637384],[-1.4494130823430307,52.39620021507541],[-1.449738278858949,52.39597534680879],[-1.4500774287433609,52.395427774705794],[-1.4502409637408835,52.39534048429404],[-1.4506515102810822,52.3948260647097],[-1.4507240912374038,52.39424615843377],[-1.4510245448670829,52.394024316626634],[-1.451032886703491,52.39363894695204],[-1.451783199347015,52.39286017397075],[-1.451130076304593,52.392319570224466],[-1.4508440776886697,52.39186429142021],[-1.4518290775724574,52.391120855161915],[-1.4542853438169732,52.39162188383706],[-1.4564835141702184,52.39121109077067],[-1.456565431813181,52.391248846857756]],[[-1.4425195889160638,52.40101208887632],[-1.4425200675674852,52.401019159717464],[-1.4425292957390086,52.40115548174859],[-1.4425293584601275,52.40115640828588],[-1.4425574837564956,52.40120568137593],[-1.4425604492038737,52.40121087657683],[-1.442552640053379,52.40109551824345],[-1.4425513480444236,52.40109225689457],[-1.4425195889160638,52.40101208887632]]]}},{"type":"Feature","properties":{"db_school_name":"Earlsdon Primary School","urn":"103641","n_samples":52,"margin_m":280.8},"geometry":{"type":"Polygon","coordinates":[[[-1.5412896096733142,52.39215245226687],[-1.5416465522268337,52.39212147260663],[-1.5420067391725678,52.39211204525601],[-1.5423667022382963,52.392124260993114],[-1.5427229753061922,52.3921580021926],[-1.543072127773325,52.39221294395777],[-1.5434107975709714,52.39228855724761],[-1.54360924560123,52.39234691852418],[-1.5436129009096278,52.39234587806189],[-1.5439187857638341,52.392258809139],[-1.5442589871419525,52.39218581487479],[-1.5446092442494381,52.39213357136752],[-1.5449661843874034,52.392102581678216],[-1.5453263705336715,52.392093144211195],[-1.5453696350197272,52.392094611278694],[-1.546187787376586,52.39216192160973],[-1.5463917664314508,52.39219401301231],[-1.5467304418151986,52.39226961680476],[-1.5470553748556277,52.39236516441792],[-1.5473634365974347,52.3924797358016],[-1.547651660478383,52.3926122277133],[-1.5479172708896574,52.392761364337396],[-1.54815770990094,52.3929257095661],[-1.5483706618930104,52.393103680823835],[-1.5485540758607355,52.393293564302134],[-1.5487061851715516,52.393493531458866],[-1.5488255245889269,52.39370165662249],[-1.548910944396485,52.39391593553296],[-1.5489616214862436,52.39413430463973],[-1.5489687183916507,52.39423555224996],[-1.5489690260458375,52.39423572498188],[-1.5489934459583823,52.39424943549218],[-1.5490362221629483,52.3952433837201],[-1.548985520799616,52.39561432053909],[-1.547049549513557,52.39655902683726],[-1.5472124178673272,52.39766224563995],[-1.5491176773563844,52.39885429594586],[-1.5496003547017745,52.39902740139123],[-1.5496090659963513,52.39915164223753],[-1.5495891321038822,52.399371863585976],[-1.549534005273459,52.39958982933051],[-1.5494442159048365,52.39980344029246],[-1.54932062825802,52.400010639203245],[-1.5491644321476743,52.40020943052017],[-1.5489771315000123,52.4003978996485],[-1.5487605298817575,52.400574231384965],[-1.5485167131400757,52.40073672740457],[-1.5482480293202936,52.40088382262231],[-1.5479570660546031,52.401014100271965],[-1.5478978782522201,52.40103549316138],[-1.5422632733080546,52.39916004499437],[-1.5422607124961305,52.39912343579997],[-1.542280682745362,52.39890321576205],[-1.5423358444185715,52.39868525345492],[-1.542425665777015,52.39847164792526],[-1.5424370953010373,52.39845249101894],[-1.54243753274221,52.398451757828],[-1.542144944738216,52.398441830130444],[-1.5417886215443164,52.398408087109296],[-1.5414394218463334,52.398353141501964],[-1.5412190603329927,52.398303945064605],[-1.5412188276447698,52.39830389311591],[-1.5411685419234054,52.39838817223692],[-1.541012315018462,52.39858695276641],[-1.5408249866300803,52.39877540896673],[-1.540608360592303,52.398951725759005],[-1.5404524738598073,52.39905559981105],[-1.5404529070475559,52.3990558959251],[-1.5405162527331517,52.399099197060565],[-1.540729203463639,52.39927718189399],[-1.540912609991634,52.399467077011906],[-1.5410647057560025,52.39966705376],[-1.541156287607647,52.399826802412115],[-1.5407309476493678,52.40174658875622],[-1.5407032888516543,52.40177441193123],[-1.54048664756856,52.401950728375716],[-1.5402427929174054,52.40211320720593],[-1.539974073308757,52.40226028350237],[-1.5396830767196357,52.402390540681075],[-1.5393726057675619,52.40250272414209],[-1.5390456507136228,52.40259575335777],[-1.5387053606547825,52.40266873228437],[-1.5383550131832469,52.40272095799597],[-1.537997982805591,52.40275192745787],[-1.5376377084263888,52.40276134237394],[-1.5372776602102054,52.40274911206095],[-1.5369213061418179,52.40271535432245],[-1.5365720786074981,52.40266039431344],[-1.5362333413199738,52.4025847614072],[-1.5359083569063248,52.40248918409394],[-1.5356002554716612,52.402374582961166],[-1.5353120044419077,52.40224206182307],[-1.535046379976623,52.40209289708468],[-1.5349519370238838,52.40202833332535],[-1.5349494862707604,52.40202921874431],[-1.5346666794802464,52.40213139185593],[-1.5343397173598246,52.402224408046585],[-1.5339994224821676,52.40229737342135],[-1.533649072485938,52.402349585184844],[-1.5335236718455059,52.4023604577942],[-1.5335145302835766,52.40236376032367],[-1.5335127364364016,52.40236440837835],[-1.5331857701836358,52.40245742136428],[-1.5330045121491047,52.4024962843211],[-1.5330010703531378,52.40249908482031],[-1.5328003420269292,52.40266241140874],[-1.5325564552997808,52.40282487428965],[-1.5322877059033828,52.40297193302742],[-1.5319966821017703,52.40310217120718],[-1.5316861867746832,52.40321433441191],[-1.5313592104180898,52.40330734230914],[-1.5310189023342367,52.4033802990604],[-1.5306685402890268,52.40343250195342],[-1.5303114989294744,52.40346344817328],[-1.5299512172659766,52.403472839647726],[-1.5295911655332834,52.40346058591934],[-1.5292348117500436,52.40342680501726],[-1.5288855882997587,52.403371822319585],[-1.528546858855775,52.403296167418155],[-1.5282218859695567,52.40320056901506],[-1.527913799635098,52.403085947900934],[-1.5276255671327823,52.402953408082446],[-1.5273599644436038,52.402804226144525],[-1.5271195495094072,52.40263983895031],[-1.5269066375968663,52.40246182979719],[-1.5267232790025358,52.402271913162735],[-1.5265712393135804,52.40207191818742],[-1.5265569515740713,52.40204698093856],[-1.5265560298325398,52.40204537216676],[-1.5264146924997266,52.40213950794324],[-1.526145926950814,52.40228655269809],[-1.525854889683353,52.40241677574218],[-1.5255443837068716,52.40252892280435],[-1.5252173996199874,52.40262191370755],[-1.5248770867994694,52.40269485277708],[-1.5245267230568935,52.40274703747089],[-1.5241696830556541,52.40277796514948],[-1.5238094057930798,52.40278733791913],[-1.5234493614615234,52.402775065502624],[-1.5230930180083238,52.402741266109075],[-1.5227438077174427,52.402686265294776],[-1.5224050941354195,52.402610592826036],[-1.522080139660867,52.402514977574164],[-1.5217720741103629,52.4024003404921],[-1.5214838645640139,52.402267785740285],[-1.5212182867816195,52.40211859004748],[-1.520977898465041,52.40195419040929],[-1.5207650146244984,52.40177617024295],[-1.5205816852860907,52.401586244132034],[-1.520468842258252,52.401437773868594],[-1.5204685224224093,52.40143735305137],[-1.5202365985903958,52.40141534842126],[-1.5201417018456838,52.40140039935796],[-1.5201386997490218,52.401401042674536],[-1.5200997238598484,52.40140939477391],[-1.5197493647646767,52.40146156533251],[-1.5193923318988196,52.4014924786075],[-1.5190320641908748,52.40150183684398],[-1.5186720317411473,52.401489549904696],[-1.518315702382496,52.40145573613866],[-1.5179665082630815,52.40140072124063],[-1.5176278127736225,52.401325035112514],[-1.5173028781384024,52.40122940675725],[-1.5169948339828392,52.401114757253985],[-1.5167066471808972,52.40098219088274],[-1.5164410932732366,52.40083298448425],[-1.5162007297316984,52.40066857515714],[-1.51598787132782,52.400490546412],[-1.5158045678426582,52.400300612915004],[-1.5156525843324973,52.400100603969015],[-1.5155333841402534,52.39989244589096],[-1.515499573153145,52.39980747095756],[-1.5154990873759646,52.39980706465318],[-1.5153570096066142,52.399688230296924],[-1.5151737121389808,52.399498295810645],[-1.5150217342196124,52.3992982860401],[-1.5149025391375892,52.39909012731015],[-1.5148172743935868,52.39887582440202],[-1.5147667606646953,52.39865744124215],[-1.5147514839188814,52.39843708102295],[-1.5147715907543229,52.398216865946004],[-1.514826887007786,52.39799891678383],[-1.514916839644621,52.39778533245631],[-1.5150405819114632,52.39757816981881],[-1.5151558121975017,52.39743168424616],[-1.5151558885913596,52.39743158713072],[-1.5150241709210972,52.39729509246945],[-1.5148722011833036,52.39709508245201],[-1.514753012674662,52.3968869235097],[-1.5146677528325931,52.39667262042572],[-1.5146172422870399,52.39645423712826],[-1.5146019669753736,52.39623387681101],[-1.514622073482032,52.39601366167655],[-1.5146773676470102,52.3957957124979],[-1.5147673164558437,52.39558212819512],[-1.5148910531920894,52.39537496562338],[-1.5150473858019717,52.395176219767386],[-1.5152348083899247,52.394987804532605],[-1.5154515157337582,52.39481153431815],[-1.5156954206791604,52.394649106548506],[-1.5159641742456706,52.39450208533244],[-1.5162551882502742,52.394371886405835],[-1.5165656602306798,52.39425976350354],[-1.5168926004283565,52.394166796290975],[-1.517232860571684,52.394093879971805],[-1.517583164182423,52.39404171667125],[-1.5179401381141202,52.39401080867806],[-1.5183003450193435,52.39400145360992],[-1.5186603164337498,52.394013741549024],[-1.5190165861591143,52.39404755417481],[-1.5193657236246172,52.39410256590289],[-1.519704366905842,52.39417824701861],[-1.5199661643820241,52.39425529989246],[-1.5199677369411089,52.39425576272934],[-1.52006815543726,52.394253153124296],[-1.5204281294247441,52.39426543568602],[-1.5207844025609822,52.39429924299092],[-1.5211335442423217,52.394354249505774],[-1.5214721925037693,52.394429925566165],[-1.5217970863788732,52.39452554247428],[-1.5221050972891823,52.39464017951279],[-1.5223932591616005,52.394772732806956],[-1.5225200578483262,52.39484397519163],[-1.5225222211617653,52.39484179990884],[-1.5225258096294016,52.39483819158608],[-1.5227424872727493,52.39466190793092],[-1.522986364718059,52.39449946504882],[-1.5232550932495754,52.394352427194114],[-1.5235460849252465,52.39422221026293],[-1.5238565374976878,52.39411006816349],[-1.524183461395156,52.39401708074609],[-1.5245237085029018,52.39394414340889],[-1.5248740024681364,52.39389195847954],[-1.5252309702372313,52.393861028455],[-1.5255911745220616,52.39385165116515],[-1.5259301459611219,52.39386320134842],[-1.5259324196715467,52.39386327881999],[-1.526079084739729,52.39371578269889],[-1.5262957427412935,52.39353949245078],[-1.5265396009739456,52.393377042161895],[-1.526808310906889,52.3932299961579],[-1.527099284777118,52.393099770413386],[-1.5274097205086508,52.39298761892151],[-1.527736628691853,52.39289462162292],[-1.5280768613632407,52.392821674011],[-1.52826489209884,52.39279365562317],[-1.5282641314200531,52.39279232778813],[-1.5282636545978607,52.39279113015165],[-1.5281788138364303,52.392578034164245],[-1.5281282411106707,52.39235965634209],[-1.5281128997791706,52.39213929746268],[-1.528132937062318,52.39191907971485],[-1.528188159466868,52.3917011238969],[-1.5282780346694866,52.39148752899289],[-1.5284016966625893,52.391280351960205],[-1.528525863694886,52.39112240803429],[-1.528526333972689,52.39112180982541],[-1.5284204288250856,52.39098247509789],[-1.528301192773345,52.390774329488025],[-1.5282158788391336,52.39056003582631],[-1.5281653081736173,52.390341657950245],[-1.5281499672934078,52.39012129900139],[-1.5281700034146113,52.38990108116924],[-1.528225223055235,52.3896831252529],[-1.5282558216212156,52.38961040224582],[-1.5301007908620468,52.388899361833204],[-1.5326469654396666,52.38869449584214],[-1.5327881889002946,52.388712690453794],[-1.5345527916893926,52.388623558003005],[-1.5364779045563728,52.3913050827653],[-1.536296757140702,52.39148732554901],[-1.5360801489728706,52.39166363430319],[-1.5358363351294357,52.39182610442276],[-1.5356148174933368,52.39194735988672],[-1.535614328873979,52.391947627348486],[-1.5357056844724848,52.39210704749607],[-1.5357910376505477,52.39232133578743],[-1.535841648174446,52.3925397104206],[-1.5358570281306256,52.39276006837173],[-1.5358370288766894,52.392980287485706],[-1.5357818424930778,52.39319824691315],[-1.5356919999533427,52.393411847536065],[-1.5355683660298551,52.39361903218539],[-1.5354121309832676,52.39381780545574],[-1.5353066801392925,52.39392388451816],[-1.5353066616051834,52.39392390316264],[-1.5354609234519598,52.393958354823766],[-1.5357858443400783,52.39405393335686],[-1.5358785505492971,52.39408842270229],[-1.5358790764733232,52.39408861836061],[-1.5359317389079492,52.39400036714566],[-1.5360879722741563,52.39380159319084],[-1.5362752996023374,52.39361314433546],[-1.53649191658737,52.39343683530247],[-1.5367357369447787,52.39327436389029],[-1.537004412508337,52.39312729462801],[-1.537295355845841,52.3929970437142],[-1.537605765175172,52.39288486538437],[-1.5379326513407952,52.39279183983762],[-1.5382728665911158,52.392718862839345],[-1.5386231348799593,52.39266663709903],[-1.5389800834008214,52.39263566550662],[-1.5393402750508414,52.39262624629216],[-1.5396290884923356,52.392636054004456],[-1.5396296036608017,52.392635771983095],[-1.5396709336824215,52.39261314645536],[-1.5399618658203766,52.39248288894171],[-1.540272264817143,52.39237070357652],[-1.54059914161664,52.39227767062674],[-1.5409393485574285,52.392204685928974],[-1.5412896096733142,52.39215245226687]]]}},{"type":"Feature","properties":{"db_school_name":"Eastern Green Junior School","urn":"103665","n_samples":47,"margin_m":405.0},"geometry":{"type":"Polygon","coordinates":[[[-1.5983171575005108,52.412517282293514],[-1.5986736383411813,52.41255085517013],[-1.5990230220469215,52.41260563195307],[-1.5993619443231186,52.412681085189895],[-1.5996871415657925,52.4127764883284],[-1.5999954822763978,52.41289092270966],[-1.6002839972072505,52.41302328641048],[-1.6005499079476964,52.413172304850015],[-1.6007906536761267,52.413336543058726],[-1.601003915820388,52.41351441949187],[-1.6011642022608998,52.41368000795237],[-1.6011661637055923,52.413682034269506],[-1.6013423854488824,52.41372126156437],[-1.6016675946330057,52.41381665926298],[-1.6019759477370896,52.413931088484205],[-1.6022644753941402,52.41406344735454],[-1.6025303990709885,52.41421246133961],[-1.6027711578214827,52.414376695512836],[-1.6029844329480911,52.414554568368295],[-1.6030374685410598,52.41460935374277],[-1.6030379034067472,52.414609802955134],[-1.6032282715729531,52.41469712839953],[-1.6034942023100556,52.41484614021505],[-1.603734968089713,52.41501037242212],[-1.6039482501467155,52.41518824353377],[-1.6041319942980174,52.41537804070631],[-1.604284430731796,52.41557793622897],[-1.60440409106151,52.41578600512054],[-1.6044607071222503,52.41592748607357],[-1.603830561461514,52.41595469525635],[-1.603501203739336,52.41595269749294],[-1.6032808258863867,52.41593749071041],[-1.6027887428725693,52.41588551491698],[-1.602657805808113,52.41588687472776],[-1.602199610639029,52.41582781963938],[-1.6021754899932015,52.416057010763204],[-1.6023636095854508,52.416235593924355],[-1.6026939370266702,52.41645428845395],[-1.6029966913436025,52.4166387373614],[-1.603170165866622,52.41680199162796],[-1.603239464977152,52.416779754315826],[-1.6032437578959202,52.41678785706464],[-1.6035487968577464,52.41736605422564],[-1.60366147113942,52.41758940958072],[-1.6037892691017108,52.41777587613639],[-1.603814460787184,52.41779887499902],[-1.6041727342744463,52.4181259592196],[-1.604298307615172,52.418241256660885],[-1.6043411825095273,52.418424895323305],[-1.6043569121824433,52.4186452440509],[-1.6043372416184312,52.41886547440047],[-1.6042823597315272,52.419083465414886],[-1.6041927945616568,52.41929711767239],[-1.6040694082086389,52.41950437350704],[-1.603913388547441,52.419703236828106],[-1.603726237803788,52.41989179234763],[-1.6035097580995492,52.4200682240304],[-1.6032660341066278,52.42023083258884],[-1.6029974129760491,52.420378051854115],[-1.6027064817353098,52.420508463865154],[-1.6023960423716277,52.42062081253069],[-1.6020690848411023,52.42071401573177],[-1.601728758264002,52.4207871757487],[-1.6013783405839166,52.42083958791112],[-1.6010212069835215,52.42087074738831],[-1.6006607973616902,52.42088035405368],[-1.6005156650314254,52.420875503735424],[-1.6005138977741045,52.42087728403038],[-1.6004993141971247,52.42089197518861],[-1.600282816724113,52.421068400898044],[-1.6000390753606535,52.421231002742765],[-1.5997704374251143,52.42137821461856],[-1.599479490106901,52.42150861863558],[-1.5991690355481307,52.421620958779464],[-1.5988420638513108,52.42171415301341],[-1.5985017242732023,52.421787303704015],[-1.598352226897711,52.421809659409085],[-1.5983522655374929,52.4218097559904],[-1.5984054656580582,52.421942730910104],[-1.5984564186829826,52.42216107829815],[-1.5984721202439935,52.422381427612],[-1.598452418600648,52.42260165678013],[-1.5983975029661912,52.422819644856745],[-1.598307901705479,52.42303329244833],[-1.5981844772658589,52.42324054193383],[-1.5980284178890747,52.42343939728362],[-1.5978412261833501,52.4236279432865],[-1.597772023603372,52.42368432941978],[-1.5977712914255207,52.42368492599592],[-1.5977238082345337,52.423764655120635],[-1.5975677449248615,52.423963509836874],[-1.5973805490257806,52.424152055085244],[-1.5971640230940782,52.42432847492943],[-1.5969202522469323,52.42449107019585],[-1.5966515840867062,52.42463827484361],[-1.5964973388964527,52.42470739705414],[-1.596500960478853,52.424708740909786],[-1.5965099821619388,52.4247120885726],[-1.5967985635839046,52.42484446064748],[-1.597064533436657,52.424993486746175],[-1.5973053303292728,52.425157731825465],[-1.5975186351967474,52.42533561427445],[-1.5977023936361494,52.4255254211403],[-1.5978548356977929,52.42572532461896],[-1.597974492940643,52.42593339965259],[-1.5980602125872883,52.426147642464244],[-1.5981111686416738,52.426365989851455],[-1.598117866061421,52.42645998096506],[-1.5981181565326388,52.426460066158434],[-1.5983283499978056,52.42652171429773],[-1.5986367828766936,52.42663615214124],[-1.5989253832306567,52.42676851902077],[-1.5991913718264625,52.42691754032488],[-1.599432187092724,52.42708178105658],[-1.5996365356477684,52.4272521766197],[-1.5996387363251052,52.42725401164026],[-1.5999026267338272,52.42727885340092],[-1.6002521283176454,52.427333626651915],[-1.6005911655235234,52.42740907640744],[-1.6009164736410066,52.42750447614884],[-1.6012249201040696,52.42761890725001],[-1.6015135346468032,52.427751267819424],[-1.6017795378993858,52.427900283306414],[-1.6020203681493286,52.42806451876999],[-1.6022337060104601,52.428242392691935],[-1.6024174967621574,52.428432192201505],[-1.6025699701435865,52.428632089565546],[-1.6026896574120937,52.42884015978512],[-1.6027754055010905,52.429054399129676],[-1.6028263881405667,52.42927274443024],[-1.6028369579837545,52.42942084938762],[-1.6028370737304094,52.42942089232452],[-1.6029327343647304,52.42945637811751],[-1.6032213660176464,52.42958873451156],[-1.60348738607855,52.42973774614392],[-1.6037282326731142,52.42990197811073],[-1.6039415862577882,52.43007984892738],[-1.6041253919605343,52.4302696457531],[-1.604277879376533,52.4304695408806],[-1.6043975796279581,52.430677609332484],[-1.6044833395231644,52.43089184739528],[-1.604534332678406,52.431110191912296],[-1.6045495438315147,52.43132320688028],[-1.6045497364894454,52.431325904823595],[-1.6046979601342501,52.431176604123436],[-1.6049144897626557,52.431000170696734],[-1.605158267317847,52.4308375591437],[-1.6054269450444199,52.43069033534285],[-1.6057179354881859,52.43055991698078],[-1.6060284364124848,52.43044755990525],[-1.6063554577791037,52.430354346036395],[-1.6066958505341498,52.43028117295275],[-1.6070463369220833,52.4302287452517],[-1.6074035420364259,52.43019756776763],[-1.6077640263039397,52.43018794071293],[-1.6081243185901053,52.43019995678852],[-1.6084809496078312,52.430233500291415],[-1.6088304853084352,52.43028824822849],[-1.60916955993408,52.43036367342514],[-1.6094949084141132,52.43045904959913],[-1.609695356329424,52.430533389418954],[-1.6096959847759347,52.43053362248905],[-1.609894832058884,52.43054025105602],[-1.6102514671938557,52.430573789225704],[-1.610601007805268,52.43062853193608],[-1.6109400880880165,52.43070395206285],[-1.611265442916999,52.4307993233727],[-1.6115739392765485,52.43091372751325],[-1.6118626064204453,52.4310460628526],[-1.612092220690819,52.43117464669832],[-1.6120327178852938,52.43124144691381],[-1.611799824721367,52.43146815801429],[-1.6116922411447474,52.43166283444255],[-1.6116297086914764,52.43175439219225],[-1.6115344075115006,52.43187630995324],[-1.6113967994051723,52.43213389011115],[-1.6109699505551096,52.432006667348254],[-1.6105755227013479,52.43187496535942],[-1.6103000204568736,52.43174823653312],[-1.609707731355591,52.43152870448402],[-1.6091473155271383,52.43136688352016],[-1.6084280376912052,52.43120534413581],[-1.608112838320597,52.43109825189342],[-1.6079820537964225,52.431077149216414],[-1.6079233188303326,52.431067967871186],[-1.6078751830576734,52.431190038536066],[-1.6078736950534622,52.43119362874298],[-1.6071952299464076,52.431079940324686],[-1.6065516242344764,52.431001324966694],[-1.606545812394863,52.43100040759579],[-1.6065099778739673,52.43155140077957],[-1.6063501385789072,52.43249033240875],[-1.6062359420478363,52.432920633869216],[-1.6074258944128503,52.43308365302099],[-1.608274452244949,52.43329546191696],[-1.6088201410052005,52.43343166724121],[-1.6097450658837151,52.433628930501186],[-1.609660397508375,52.43389207578201],[-1.609665989512705,52.43409700989149],[-1.6096905511328017,52.4342239274265],[-1.6097573966400023,52.43456933528379],[-1.6097352980248234,52.434902788819265],[-1.6092751826859717,52.43521682768522],[-1.6091909414955858,52.43525250089014],[-1.6091081263546105,52.43530525451309],[-1.6090665037857257,52.43534915633153],[-1.6090651874991335,52.43535107054905],[-1.6089791396558877,52.43527935274003],[-1.6087952923325957,52.435089563538156],[-1.6087006315343608,52.434965506528556],[-1.6086992844955912,52.43496529556412],[-1.6084282615997845,52.43492284937226],[-1.6083478656842183,52.43490496714539],[-1.6083475839385102,52.43490490447741],[-1.608211108077736,52.43504237595116],[-1.6079945716861357,52.435218815279555],[-1.6077507802790831,52.4353814325312],[-1.6074820816567117,52.43552866145342],[-1.6071910635927764,52.43565908399206],[-1.606880528910709,52.43577144395433],[-1.6065534684847322,52.43586465911244],[-1.6062130324262884,52.43593783163144],[-1.6058624997336493,52.43599025672051],[-1.605505246697501,52.43602142942434],[-1.6051447143673754,52.436031049488925],[-1.604784375392966,52.436019024254854],[-1.604427700560378,52.435985469550204],[-1.6040781253463874,52.43593070857428],[-1.603739016813588,52.43585526878321],[-1.6034136411659663,52.435759876807154],[-1.6031051322780705,52.43564545144862],[-1.602816461501429,52.435513094828885],[-1.6025504090395062,52.435364081768654],[-1.6023095371672056,52.435199847504805],[-1.6020961655530657,52.435021973862206],[-1.601912348921866,52.43483217401368],[-1.6017598572726752,52.43463227597545],[-1.6016401588426203,52.43442420499694],[-1.6015544059800577,52.434209965014766],[-1.6015034240627075,52.43399161935012],[-1.6014877035668487,52.43377127083488],[-1.6015073953632615,52.43355104155862],[-1.6015125682124873,52.43353050724437],[-1.6015127121477803,52.43352993587375],[-1.6012134109155869,52.43355604223977],[-1.6008528978432819,52.4335656492631],[-1.600492580212335,52.43355361099007],[-1.6001359286032188,52.433520043374294],[-1.5997863782689565,52.433465269739486],[-1.59944729603243,52.433389817663645],[-1.5991219478442669,52.433294413895304],[-1.5988134673144565,52.43317997735054],[-1.598524825521315,52.433047610258356],[-1.5982588023890798,52.43289858754029],[-1.598017959910107,52.43273434452625],[-1.5978046174697889,52.43255646312535],[-1.5976208295118908,52.43236665658509],[-1.5974683657593074,52.43216675298611],[-1.5973486941804926,52.43195867763133],[-1.5973012671343598,52.43184015185848],[-1.597300880077921,52.4318403638963],[-1.5972119848103596,52.43188906254248],[-1.5969209605982508,52.43201945987649],[-1.5966104255760587,52.43213179293996],[-1.5962833706213964,52.43222497976424],[-1.5959429457930918,52.43229812278727],[-1.5955924299812962,52.43235051750239],[-1.595235199314113,52.43238165924686],[-1.5948746946255952,52.43239124806493],[-1.5945143882991362,52.43237919159818],[-1.5941577508062894,52.43234560597553],[-1.5938082172640633,52.43229081469413],[-1.5934691543335358,52.43221534550197],[-1.5931438277793069,52.43211992531248],[-1.5928353710029073,52.43200547319982],[-1.592546754853777,52.431873091543025],[-1.5922807590090708,52.43172405540385],[-1.5920399451982337,52.43155980024147],[-1.5918266325304595,52.431381908081924],[-1.591642875162691,52.431192092276405],[-1.5914904425231415,52.43099218099471],[-1.5913708022805677,52.430784099613696],[-1.5912851062229156,52.430569852170215],[-1.5912341791808537,52.43035150205712],[-1.5912185111022354,52.43013115214914],[-1.5912382523531319,52.42991092454912],[-1.591242280510572,52.42989494797773],[-1.591243327480524,52.42989079545928],[-1.5911862724657608,52.429748149345855],[-1.591135346837108,52.42952979916271],[-1.5911196795203022,52.42930944921247],[-1.5911394208741036,52.42908922159848],[-1.5911943802539492,52.428871237214466],[-1.591284027868122,52.42865759531996],[-1.5914074998992516,52.42845035332518],[-1.5915636068411008,52.428251506980004],[-1.591729931915632,52.42808402924935],[-1.5917313372590256,52.428082614160296],[-1.5915952623112106,52.427989790799295],[-1.5913819685930437,52.42781189776883],[-1.5911982279009502,52.42762208119163],[-1.5910458095025943,52.427422169244984],[-1.5909261809296464,52.42721408731215],[-1.5908404938577483,52.426999839435204],[-1.590789573031127,52.42678148901125],[-1.5907739083378796,52.42656113891791],[-1.590793650111585,52.42634091125988],[-1.5908486077037225,52.42612292693129],[-1.5909382513398727,52.42590928519118],[-1.5910617172410555,52.42570204344829],[-1.5912178159601365,52.425503197450034],[-1.5914050438523342,52.42531466206656],[-1.5916215975687742,52.42513825285412],[-1.591674044288571,52.42510327667876],[-1.5916725521462514,52.42510304270835],[-1.5913584783108112,52.42505379492818],[-1.5911194346113129,52.42500057401239],[-1.5911190250418947,52.42500060970775],[-1.590857823031235,52.4250233740455],[-1.5904973775025022,52.425032949653016],[-1.5901371324272604,52.425020879960684],[-1.5897805576869448,52.42498728122477],[-1.5894310877939788,52.424932477068744],[-1.5890920887962252,52.42485699536461],[-1.5887668258423482,52.42476156314624],[-1.5884584317211645,52.42464709960369],[-1.588169876678534,52.424514707225995],[-1.587903939802977,52.42436566117816],[-1.5876631822559333,52.42420139701473],[-1.5874499226046883,52.42402349684837],[-1.5872662144955971,52.42383367410736],[-1.5871138268825227,52.423633757028234],[-1.5869942270006756,52.42342567104363],[-1.5869085662494327,52.42321142023462],[-1.5868576691196066,52.42299306802653],[-1.5868420252711766,52.42277271731416],[-1.586861784837083,52.422552490208055],[-1.5869167569975826,52.42233450759709],[-1.5870064118380882,52.42212086872371],[-1.587129885471854,52.421913630968994],[-1.5872859883774153,52.42171479004202],[-1.587473216869803,52.421526260764],[-1.5876897675944839,52.42134985863247],[-1.5879335549039342,52.421187282342316],[-1.588202230949162,52.421040097432574],[-1.5884932082924599,52.42090972121535],[-1.5888036848235545,52.420797409132575],[-1.5891306707392923,52.42070424267124],[-1.58947101732725,52.420631118953416],[-1.589544914061042,52.420620074108705],[-1.5895452575996896,52.42061963646739],[-1.5895698149389164,52.42058835231676],[-1.589757028911994,52.42039981935681],[-1.5899735650016558,52.42022341297908],[-1.590217337701291,52.42006083191947],[-1.590485999302567,52.41991364176285],[-1.5907769625068338,52.41978325987193],[-1.5910874253399316,52.41967094174326],[-1.5911294059725145,52.41965897918768],[-1.5911318109340458,52.41965829388326],[-1.5908997441329729,52.41960661952629],[-1.5905745158226625,52.419511192266306],[-1.590266153551621,52.41939673340173],[-1.5899776272589297,52.41926434537653],[-1.5897117157562188,52.419115303313745],[-1.5894709799605955,52.41895104272952],[-1.5892577382299171,52.418773145702055],[-1.589087267258462,52.418596989885046],[-1.5890868972497383,52.418596607535505],[-1.5887881771566648,52.41866078975351],[-1.5884377612175256,52.4187131635896],[-1.5880806359019686,52.41874428401148],[-1.587720241029087,52.418753851268846],[-1.5873600479242789,52.41874177321097],[-1.587003525968276,52.41870816617474],[-1.5866541091649606,52.418653353863554],[-1.5863151630507157,52.41857786422797],[-1.5861243173420627,52.418521856755135],[-1.5861236756583152,52.41852179626158],[-1.5860370405628006,52.418513628863366],[-1.5860315293645268,52.41851310930088],[-1.5859146323545767,52.41853057825245],[-1.5855575067810228,52.41856169105437],[-1.585197112893881,52.4185712506239],[-1.5848369220090548,52.41855916488442],[-1.584480403485886,52.41852555024681],[-1.5841309912951755,52.41847073048768],[-1.5837920509288583,52.41839523362932],[-1.5835756987960967,52.41833173481229],[-1.5835750884987994,52.418331555690706],[-1.5834113079638972,52.41836673690288],[-1.5830608880767407,52.41841909479901],[-1.5827037614441328,52.41845019898034],[-1.5823433678978707,52.41845974985295],[-1.5819831787505738,52.418447655423954],[-1.5816266633448424,52.41841403218797],[-1.5812772556214356,52.418359204004396],[-1.5809383210292358,52.418283698976744],[-1.5806131240963908,52.418188244363456],[-1.5803047969756525,52.418073759570305],[-1.5800163092673984,52.41794134729095],[-1.5797504394114774,52.417792282882054],[-1.5795097479237221,52.41762800207495],[-1.5792965527351024,52.4174500871426],[-1.5791129068710754,52.41726025165532],[-1.5789605786860148,52.41706032397242],[-1.5788410348428192,52.41685222962857],[-1.5787554262012475,52.4166379727853],[-1.5787045767503767,52.416419616925964],[-1.5786889756911642,52.41619926498041],[-1.5787087727446572,52.41597903907112],[-1.5787637767303042,52.41576106007524],[-1.5788534574272677,52.415547427200465],[-1.5789769507000422,52.41534019777002],[-1.5791330668382826,52.41514136741284],[-1.579320302029831,52.41495285084831],[-1.579536852855866,52.41477646345151],[-1.5797806336680944,52.4146139037755],[-1.580049296680265,52.4144667371993],[-1.5803402545803178,52.414336380858494],[-1.580650705445314,52.414224090003714],[-1.5809776597193128,52.4141309459175],[-1.5813179689946064,52.41405784550653],[-1.5816683563195169,52.4140054926685],[-1.5820254477413707,52.413974391517044],[-1.5823858047815023,52.413964841529626],[-1.5827459575301996,52.413976934665136],[-1.5831024380436416,52.414010554478665],[-1.583451813721961,52.414065377242295],[-1.583790720347749,52.41414087506087],[-1.5840070523161234,52.41420437348749],[-1.5840076625583022,52.41420455260685],[-1.5841714271854308,52.41416937051062],[-1.584521812063073,52.414117009212646],[-1.5847643623708954,52.41409587831263],[-1.5847646744203374,52.41409556406651],[-1.5848129070155577,52.41404699187419],[-1.5850294315265385,52.41387059433629],[-1.5852731871924524,52.41370802325887],[-1.585541826469119,52.41356084413077],[-1.585832762272958,52.413430474208496],[-1.5861431928937206,52.41331816887337],[-1.5864701289703276,52.41322500954748],[-1.5868104222702217,52.41315189328417],[-1.58716079599549,52.413099524133834],[-1.58751787632436,52.41306840636713],[-1.587878224884941,52.41305883962153],[-1.5882383718491477,52.413070916017226],[-1.5885948493288502,52.41310451927054],[-1.5889442247534025,52.41315932581297],[-1.589283133907866,52.413234807905575],[-1.5895077637261301,52.413300730442565],[-1.5895080667925356,52.41330081938362],[-1.58972957750385,52.413253218870295],[-1.5900799486225625,52.41320084106525],[-1.5904370277639057,52.41316971448083],[-1.5907973765674137,52.41316013883939],[-1.5911575252026602,52.41317220634678],[-1.5915140057654324,52.413205800804874],[-1.5918633856554112,52.41326059872987],[-1.592202300614684,52.41333607246581],[-1.592527487109663,52.413431495263076],[-1.5928358137452177,52.413545948273445],[-1.5929368026043378,52.41359228857068],[-1.5929388755048801,52.413592107829764],[-1.5930017948095423,52.41358662173407],[-1.5933621464986172,52.41357703828272],[-1.593676622872991,52.41358756857405],[-1.5936771796167277,52.41358700774877],[-1.593688385361539,52.4135757198497],[-1.5939048722307227,52.41339930596844],[-1.5941485927522792,52.413236716509815],[-1.594417199720323,52.41308951713973],[-1.5947081063622535,52.4129591253096],[-1.595018511248503,52.41284679661174],[-1.5953454252656756,52.412753612693194],[-1.5956857003935219,52.412680470844144],[-1.5960360600090182,52.412628075361276],[-1.596393130426187,52.412596930768856],[-1.5967534733685325,52.412587336962595],[-1.5969247698564135,52.412593068150706],[-1.5969330975110612,52.41259182268742],[-1.5972396011703955,52.41254598230582],[-1.5975966700960975,52.41251483407533],[-1.5979570121278843,52.41250523659921],[-1.5983171575005108,52.412517282293514]]]}},{"type":"Feature","properties":{"db_school_name":"Courthouse Green Primary School","urn":"144064","n_samples":31,"margin_m":134.1},"geometry":{"type":"Polygon","coordinates":[[[-1.4792782480773354,52.42296099109632],[-1.4794910657547244,52.423139085143326],[-1.4796743068495712,52.42332907403692],[-1.4798262063925827,52.42352912821961],[-1.4799453011658112,52.42373732118162],[-1.4800304438073995,52.42395164800965],[-1.4800650387609304,52.42410164650593],[-1.48006613903759,52.42410168439947],[-1.4800688028407911,52.42410193793985],[-1.480422620753592,52.424135613715755],[-1.480771946768207,52.424190739634504],[-1.4811107533416457,52.424266531341665],[-1.481435777983035,52.42436225902604],[-1.4817438908545477,52.42447700090376],[-1.482032124900888,52.42460965209067],[-1.4822977044144199,52.42475893523764],[-1.482538071761231,52.4249234128259],[-1.4827509120109243,52.4251015010054],[-1.4829341752330214,52.425291484841665],[-1.4830860962451546,52.42549153482595],[-1.4832052116226269,52.425699724488986],[-1.483290373805139,52.425914048949195],[-1.483340762164333,52.426132444217146],[-1.4833558909249507,52.42635280706993],[-1.4833356138626288,52.42657301530491],[-1.4832801257323347,52.426790948177064],[-1.4831899604129222,52.42700450682372],[-1.483065985784881,52.427211634479704],[-1.4829093953898853,52.42741033628805],[-1.4827216969517834,52.42759869851568],[-1.4825046978689698,52.42777490698841],[-1.4822604878173844,52.42793726456808],[-1.4819914186313246,52.428084207502785],[-1.4817000816556127,52.42821432049274],[-1.4813892827871677,52.42832635032658],[-1.481380256382892,52.4283289117385],[-1.4813756626046426,52.42833021530908],[-1.481453107430144,52.42833288138541],[-1.4817188121243767,52.428358165244525],[-1.4817219974787796,52.42835726132995],[-1.4817489998767517,52.428349598798995],[-1.4820895808118992,52.42827678489245],[-1.4824401963516158,52.428224726844626],[-1.4827974703466453,52.42819392593085],[-1.48315796256098,52.428184678737765],[-1.483518201783703,52.42819707430884],[-1.4838747192384234,52.428230993287265],[-1.4842240819693533,52.42828610906474],[-1.4845629258832507,52.42836189092484],[-1.4848879881297707,52.42845760915122],[-1.4851961385090584,52.42857234205108],[-1.4854844096047124,52.428704984826766],[-1.4857500253523916,52.42885426021012],[-1.4859904277693032,52.42901873075724],[-1.4862033015873555,52.42919681268582],[-1.486386596552812,52.42938679112166],[-1.4865385471775967,52.429586836608074],[-1.4866576897517907,52.429795022719105],[-1.486742876453118,52.43000934460744],[-1.486793286417009,52.43022773830843],[-1.4868084336600351,52.43044810061434],[-1.4867881717797162,52.43066830932778],[-1.4867407493154141,52.43085460464416],[-1.4867408236297508,52.4308547024762],[-1.4868719521292688,52.43102732748258],[-1.4869911001142768,52.431235513220884],[-1.4870762911637119,52.43144983482801],[-1.4871267043710932,52.431668228342],[-1.4871418537217145,52.43188859055691],[-1.487121592792754,52.43210879927624],[-1.487066116183629,52.432326733750365],[-1.4869759576620516,52.432540295101184],[-1.4868519850428592,52.43274742653747],[-1.486695391848204,52.43294613316585],[-1.4865076858287338,52.433134501206844],[-1.4862906744557132,52.43331071643027],[-1.4860464475233282,52.43347308163291],[-1.4857773570283612,52.43362003298941],[-1.4854859945207997,52.433750155118844],[-1.4851751661434345,52.43386219472182],[-1.4848478656009203,52.433955072656175],[-1.4848377379015703,52.43395723788861],[-1.484830514500576,52.43395878220138],[-1.4847453317424653,52.43401540984741],[-1.4847314503821538,52.43402299018169],[-1.4809553762696643,52.433089175289155],[-1.4798575814570063,52.434331903651604],[-1.479685588818699,52.434390831690145],[-1.478840908265093,52.43416980031613],[-1.476935414564464,52.43453684311665],[-1.4767616800960717,52.43509074462333],[-1.4767369730204631,52.43540454738668],[-1.476266968724958,52.43576357889137],[-1.4753340844806102,52.43578503382313],[-1.4744491022744515,52.43592239980757],[-1.4741907334538038,52.436999049676494],[-1.4754592024195152,52.43762614730506],[-1.4742070980934274,52.43910022921139],[-1.474659390026418,52.439459647519264],[-1.4747854437677668,52.44036649828375],[-1.4752444678850796,52.441835770280235],[-1.4751648578524348,52.44190038066955],[-1.4749205424683807,52.44206272242587],[-1.4746513626059317,52.44220964801663],[-1.4743599106759708,52.44233974230905],[-1.4740489936827588,52.44245175227179],[-1.4737216061846827,52.44254459904812],[-1.4733809014451245,52.442617388351394],[-1.4730301610516296,52.44266941908209],[-1.4726727632964924,52.44270019008358],[-1.4723121506238608,52.442709404971396],[-1.4719517964575843,52.44269697498915],[-1.471595171729993,52.44266301986373],[-1.471245711434754,52.44260786665171],[-1.4709067815266903,52.44253204658745],[-1.4705816464880643,52.442436289964114],[-1.4702734378743876,52.44232151909654],[-1.4699851241432402,52.442188839433975],[-1.4697194820571797,52.44203952890846],[-1.4694790699364733,52.44187502562176],[-1.4692662030194774,52.44169691398948],[-1.4690829311680025,52.44150690947621],[-1.4689310191322882,52.44130684206875],[-1.468811929565414,52.44109863864705],[-1.468783735381245,52.441027645756385],[-1.4687835486734904,52.4410271756259],[-1.4686694656520016,52.440908898289145],[-1.4685175575304652,52.44070883034081],[-1.468398471507879,52.44050062649115],[-1.4683133540330653,52.44028629195581],[-1.4682630243632884,52.44006789096566],[-1.4682479666924495,52.439847526884535],[-1.4682683255075692,52.439627321950944],[-1.468323904217536,52.43940939683935],[-1.4683511455534215,52.43934494868348],[-1.4683480151413104,52.43934402659178],[-1.4683416706880195,52.439342157774306],[-1.4680334894696638,52.43922738108237],[-1.4677452026365738,52.43909469596166],[-1.4674795866921957,52.43894538039674],[-1.4672391997049898,52.43878087253793],[-1.467026356671231,52.43860275684484],[-1.4668431072227102,52.43841274882112],[-1.4666912158939247,52.43821267848738],[-1.4665721451385634,52.438004472751715],[-1.4664870412584563,52.43779013684785],[-1.466436723379996,52.437571735019894],[-1.466421675583593,52.437351370639675],[-1.4664420422612463,52.43713116594861],[-1.4664976267462029,52.43691324161879],[-1.4665878932271261,52.436699696330514],[-1.4667119719275494,52.43649258656288],[-1.4668686675000164,52.43629390679161],[-1.4670564705533558,52.43610557028537],[-1.4671195542635038,52.43605437757296],[-1.467119845665428,52.43605414109862],[-1.4670418394297544,52.43598885827508],[-1.4668586006771624,52.435798850219975],[-1.4667067181809086,52.435598779841335],[-1.466587654309672,52.43539057404767],[-1.4665025552990465,52.435176238073275],[-1.4664522402286047,52.4349578361629],[-1.4664371931517894,52.43473747168921],[-1.4664575584537511,52.43451726689447],[-1.4665131394810675,52.434299342451794],[-1.4666034004557749,52.434085797042606],[-1.4667274716545085,52.43387868714709],[-1.4668841578021166,52.43368000724231],[-1.467071949598246,52.43349167059817],[-1.4672890382652986,52.43331549085651],[-1.4675333329771623,52.43315316457024],[-1.467802481000524,52.43300625487056],[-1.4679603434186455,52.43293578889312],[-1.4679643167688576,52.43293314866608],[-1.4681501305104476,52.43280967793179],[-1.4684192743921798,52.43266276680874],[-1.4687106796682896,52.432532686819066],[-1.469021540109546,52.43242069055206],[-1.469348862217689,52.43232785645353],[-1.4696894940445397,52.43225507844527],[-1.4700401555338294,52.43220305732058],[-1.4703974700939977,52.432172293999194],[-1.4707579970985591,52.4321630847058],[-1.4711182650016854,52.43217551811897],[-1.4711787004240082,52.43218127399209],[-1.4711807044611112,52.432181464856164],[-1.4713310571153162,52.432081546963985],[-1.4716001860184156,52.43193462854376],[-1.471811567436067,52.43184026014016],[-1.471812011459762,52.43183851824498],[-1.4718169857634025,52.43181900415145],[-1.4719072159788367,52.43160545452337],[-1.4720312553064316,52.4313983388924],[-1.472187908777967,52.43119965179082],[-1.4723756674077462,52.43101130655797],[-1.4725927227375266,52.430835116918374],[-1.4728369842621774,52.43067277952034],[-1.4731060995679004,52.430525857602014],[-1.4733974769888698,52.43039576594284],[-1.4737083105640103,52.43028375724453],[-1.4740356070536853,52.430190910072604],[-1.4743762147563289,52.430118118474724],[-1.474726853847891,52.43006608337505],[-1.4748465144148601,52.430055775860886],[-1.4748484392278376,52.430053334271044],[-1.4748511274002198,52.43004992437334],[-1.4750388697871268,52.42986157483269],[-1.4752559088514035,52.42968538022786],[-1.4755001542445254,52.42952303725497],[-1.4757692537080052,52.42937610920589],[-1.4760606157285294,52.429246010919094],[-1.4763714344932783,52.42913399516009],[-1.4766987169051882,52.42904114056246],[-1.4770393113982065,52.42896834124532],[-1.477389938275441,52.42891629820719],[-1.4777472212785119,52.42888551257879],[-1.478107720084709,52.42887628079959],[-1.4784679634196571,52.428888691764705],[-1.4786051519058834,52.42890174977574],[-1.4786053854530326,52.42890177200531],[-1.4787544641591406,52.42882036717098],[-1.479045813765813,52.42869026148444],[-1.4793566210986517,52.42857823783884],[-1.4793656476701813,52.4285756765819],[-1.4793702415327508,52.4285743730897],[-1.4792927964193219,52.42857170564864],[-1.4789362798315395,52.428537772860594],[-1.4785869218183252,52.42848264147582],[-1.4782480873491564,52.42840684251842],[-1.4779230399869236,52.428311106078205],[-1.4776149104426042,52.42819635427557],[-1.4773266664122195,52.42806369237602],[-1.477061083987087,52.42791439814043],[-1.4768207209130102,52.427749909513615],[-1.4766078919561878,52.42757181076993],[-1.476491802294769,52.42745144622311],[-1.476491690835808,52.427451330659416],[-1.4763657829288812,52.42755355313875],[-1.476121551640397,52.427715897990666],[-1.4758524634919663,52.427862826912445],[-1.475561110011141,52.42799292473928],[-1.4752502972539048,52.428104938405845],[-1.4749230187745592,52.42819778901987],[-1.474582426786271,52.428270582257746],[-1.474231801790366,52.42832261698214],[-1.4738745209673898,52.42835339199803],[-1.4735140256349364,52.42836261088222],[-1.47315378808636,52.42835018483987],[-1.4727972781304592,52.42831623355996],[-1.472447929655171,52.4282610840619],[-1.4721091075380532,52.42818526754427],[-1.4717840752229603,52.428089514266055],[-1.4714759632758598,52.42797474650978],[-1.4711877392231987,52.42784206969466],[-1.4709221789637816,52.42769276172521],[-1.4706818400298294,52.4275282606785],[-1.4704690369549416,52.427350150948506],[-1.4702858189862542,52.42716014798138],[-1.4701339503553228,52.42696008174901],[-1.4700148932975206,52.42675187911994],[-1.4699297939830733,52.42653754529796],[-1.4698794714947472,52.426319144507104],[-1.469864409957701,52.42609878010927],[-1.4698847538966144,52.42587857434599],[-1.4699403068640617,52.425660647899754],[-1.470030533352547,52.42544709947132],[-1.4701545639710272,52.42523998556998],[-1.470311203835324,52.42504130071145],[-1.4704989440909322,52.42485295821334],[-1.4707159764566806,52.42467677177402],[-1.4709602106486799,52.424514438010895],[-1.471229294516414,52.4243675201272],[-1.4715206366968332,52.42423743286358],[-1.4717689887510965,52.424147932078775],[-1.4717686204883536,52.4241472880836],[-1.4716627395468365,52.42396212919872],[-1.4715776375079912,52.4237477964543],[-1.4715273099499966,52.42352939624824],[-1.4715122410469292,52.4233090319368],[-1.4715325753944948,52.42308882576076],[-1.4715881166377214,52.42287089840652],[-1.471678329382095,52.422657348583606],[-1.4718023443689963,52.422450232814825],[-1.4719589668648336,52.422251545633806],[-1.472146688182398,52.42206320038066],[-1.472363700222914,52.421887010780175],[-1.4726079128982297,52.42172467348027],[-1.4728769742650205,52.421577751718324],[-1.4731682931768935,52.42144766027226],[-1.473479064236166,52.42133565184174],[-1.4738062948051336,52.42124280498983],[-1.4741468338169053,52.421170013761085],[-1.474497402108748,52.4211179790762],[-1.4748546239863014,52.421087201985486],[-1.4752150597153098,52.421077978846206],[-1.475575238628629,52.4210903984703],[-1.4759316925304489,52.42112434126935],[-1.4762809890767734,52.42117948040562],[-1.476619764811488,52.42125528493785],[-1.4769447575405867,52.4213510249313],[-1.4772528377334513,52.42146577848358],[-1.477541038649379,52.421598440598146],[-1.4778065848996929,52.42174773382053],[-1.4780469191707306,52.42191222053502],[-1.4782597268505584,52.42209031680354],[-1.4784429583223109,52.422280307613754],[-1.4785948487093665,52.42248036338974],[-1.4786609625744163,52.422595948218415],[-1.478661216523864,52.42259606510713],[-1.4787723468252105,52.42264721642877],[-1.4790379035305388,52.42279650688681],[-1.4792782480773354,52.42296099109632]]]}},{"type":"Feature","properties":{"db_school_name":"Clifford Bridge Academy","urn":"142245","n_samples":25,"margin_m":288.0},"geometry":{"type":"Polygon","coordinates":[[[-1.446056150005404,52.40193124611074],[-1.4485441902773157,52.403905705076795],[-1.4494425470568906,52.404058787337625],[-1.4494492253627171,52.40406759627961],[-1.4489112796506165,52.405224912243554],[-1.4496388210836377,52.40719805487262],[-1.4492165905119125,52.40824983955222],[-1.4494288173521424,52.40862607098624],[-1.4492300458682632,52.409540764278674],[-1.4492033607346546,52.40958530115267],[-1.4490466814873095,52.40978395845731],[-1.4488589145553716,52.40997226729895],[-1.4486418679976876,52.41014841401755],[-1.4483976319481726,52.410310702069694],[-1.448128558492181,52.410457568373104],[-1.447837239016229,52.41058759836618],[-1.4475264792491471,52.410699539636994],[-1.4471992722351086,52.41079231399071],[-1.4468587694990804,52.410865027838334],[-1.4465082506827418,52.410916980807315],[-1.4464814541443938,52.41091928355026],[-1.446479273365167,52.410919470953814],[-1.4463579094811154,52.411073331707485],[-1.4461701256135993,52.411261636190815],[-1.4459530620135352,52.41143777788755],[-1.445708808979004,52.41160006030266],[-1.4454397187589823,52.41174692040811],[-1.4451483829014882,52.411876943702],[-1.4448376072931755,52.411988877836926],[-1.4445103851308432,52.412081644686715],[-1.444169868085406,52.41215435073474],[-1.4438193359364178,52.41220629568352],[-1.443462164970072,52.412236979202824],[-1.443101795445664,52.41224610575096],[-1.4427416984444927,52.41223358742243],[-1.4423853424212476,52.41219954479528],[-1.442036159780758,52.41214430576879],[-1.4416975138027854,52.4120684024039],[-1.4413726662341146,52.41197256579605],[-1.4410647458607435,52.411857719030365],[-1.440776718363419,52.41172496828695],[-1.4405113577473214,52.4115755921823],[-1.4404078775163802,52.41150467908125],[-1.440398728791437,52.41150197988283],[-1.4403891414127872,52.41149915126489],[-1.4400812269011032,52.411384301945105],[-1.43979320544802,52.41125154881214],[-1.4395278510004856,52.41110217050555],[-1.4392877191080065,52.41093760577967],[-1.439075122309731,52.41075943964162],[-1.438892107865829,52.41056938808065],[-1.4387404380475342,52.41036928153642],[-1.4386985948031585,52.41029597838788],[-1.4386981619621664,52.41029522011342],[-1.4385967473155963,52.410210227398366],[-1.4384137371888281,52.41002017509145],[-1.4382620714051741,52.409820067926375],[-1.4381432102463603,52.409611833165656],[-1.438058297996042,52.40939747632232],[-1.438008151935652,52.40917906184186],[-1.437993254491599,52.40895869321772],[-1.438013748608738,52.40873849273197],[-1.4380298468250954,52.40867549907429],[-1.4380280373473273,52.40867543609021],[-1.437710176983971,52.40866437161198],[-1.4376231151004726,52.408656050258045],[-1.437596458810151,52.408589725822445],[-1.4374837412974528,52.40832038021969],[-1.4372549240084103,52.40793271044058],[-1.4372462982949235,52.40791738594358],[-1.4372379534808903,52.40791294200256],[-1.43716452936187,52.407873844512615],[-1.4371456483623275,52.407855774267716],[-1.4371268814720008,52.4078287142081],[-1.4370833632486357,52.40777123926343],[-1.4370397576906788,52.407697491346575],[-1.4370308266978111,52.407683064417974],[-1.4370142591370048,52.40765646428674],[-1.4370120884771753,52.40765375688394],[-1.437006345699187,52.40764294121802],[-1.4370041750404874,52.40764023381503],[-1.4369984322661098,52.407629418148716],[-1.4369962616085399,52.407626710745504],[-1.4369933902228111,52.40762130291212],[-1.4369912195659202,52.407618595508815],[-1.4369883481813115,52.40761318767531],[-1.4369861718190624,52.40761092976251],[-1.4369833004355428,52.407605521928915],[-1.4369811297800132,52.407602814525404],[-1.4369782583976347,52.407597406691586],[-1.4369760877427946,52.4075946992879],[-1.4369746520520752,52.40759199537099],[-1.436972475691515,52.40758973745789],[-1.4369710400011753,52.4075870335409],[-1.4369666986936258,52.407581618733275],[-1.4369652630038863,52.407578914816156],[-1.4369609216978267,52.407573500008375],[-1.4369594860086676,52.40757079609129],[-1.4369551447040878,52.40756538128317],[-1.436953709015548,52.40756267736586],[-1.436951538363858,52.40755996996177],[-1.4369501026757086,52.40755726604447],[-1.4369457613735592,52.407551851235965],[-1.4369443256859997,52.407549147318555],[-1.4369378137353601,52.40754102510544],[-1.4369363780486402,52.40753832118793],[-1.4369298661009917,52.40753019897435],[-1.4369284304150811,52.40752749505664],[-1.4369219184704323,52.407519372842536],[-1.4369204827853523,52.407516668924835],[-1.4369139708436935,52.40750854671014],[-1.4369118059037738,52.40750538981451],[-1.4369074646112046,52.4074999750045],[-1.4369052996721536,52.40749681810871],[-1.4365431235639117,52.40707749712715],[-1.436487202825915,52.4070091575269],[-1.4362103433854938,52.406712740295724],[-1.4360450188447058,52.4065357347657],[-1.4353101685394938,52.40560353207838],[-1.4350810915277892,52.40535698492038],[-1.434778909963894,52.4050311545767],[-1.4365161803181694,52.40479107942116],[-1.4375511914520733,52.40426277866271],[-1.4376214765627815,52.4042509986741],[-1.4376422336773413,52.40422434600302],[-1.4396090424452472,52.40308841070141],[-1.4396701740015518,52.403081081338264],[-1.4427062462812326,52.4019571844813],[-1.4427088171213076,52.40195005766517],[-1.4427208944167003,52.40192990299737],[-1.4427855649741557,52.40184790940935],[-1.446056150005404,52.40193124611074]]]}},{"type":"Feature","properties":{"db_school_name":"Coundon Primary School","urn":"103680","n_samples":33,"margin_m":411.6},"geometry":{"type":"Polygon","coordinates":[[[-1.5363936989451596,52.414350267992255],[-1.536517387578226,52.414143083334835],[-1.5366736900511602,52.41394430944516],[-1.5368611007579542,52.41375586049874],[-1.5370778145902084,52.413579551219264],[-1.5373217443305738,52.413417079407395],[-1.5375905407593433,52.413270009595955],[-1.5378816152803763,52.41313975798874],[-1.5381921648483634,52.413027578827716],[-1.538519198957486,52.41293455232],[-1.5388595684317685,52.41286157424007],[-1.5392099957402565,52.41280934730781],[-1.5395671065455467,52.412778374424526],[-1.5399274621824872,52.4127689538327],[-1.540287592754909,52.412781176245375],[-1.5406440305324345,52.41281492397291],[-1.5409933433264849,52.41286987205581],[-1.5413321675248417,52.41294549139229],[-1.541657240467364,52.41304105383079],[-1.5419654318517326,52.41315563917855],[-1.5422537738673836,52.41328814405867],[-1.5425194897678793,52.41343729253073],[-1.5427600206069325,52.413601648373],[-1.542973049880798,52.413779628907804],[-1.5431565258397846,52.41396952023742],[-1.54330868125392,52.41416949374419],[-1.543428050442181,52.41437762369553],[-1.5435134834009165,52.41459190578525],[-1.5435399910995726,52.41470613743762],[-1.5435410508884138,52.414706531430845],[-1.543623036405987,52.41473701079088],[-1.5439113936991515,52.41486951162813],[-1.5441771246863873,52.415018656369604],[-1.5444176702761498,52.415183008829466],[-1.5446307138226625,52.41536098636262],[-1.5448142034387953,52.415550875100294],[-1.5449663717630528,52.41575084644976],[-1.5449740095721152,52.41576416220543],[-1.5449752032202737,52.415766243210776],[-1.5452037800390521,52.41581724544183],[-1.5455288824934514,52.41591279725685],[-1.5458371039482033,52.416027372525775],[-1.5461254763032546,52.41615986796879],[-1.5461721612925177,52.41618606822627],[-1.5461735667829677,52.416186857006046],[-1.546274307991785,52.416196389497145],[-1.5466236545774665,52.41625132099173],[-1.546962514385081,52.41632692423144],[-1.5472876244117006,52.416422471219775],[-1.5475958539980141,52.41653704191271],[-1.5478842349656952,52.416669533074504],[-1.5481499901933065,52.416818668896866],[-1.5483905603559351,52.41698301327988],[-1.5486036285712221,52.417160983656245],[-1.5487871427145194,52.417350866226165],[-1.5489393351881602,52.41755083245629],[-1.5489507671882956,52.41757075868714],[-1.548954057519594,52.41757649380435],[-1.5490500506498113,52.41765667222395],[-1.5492335687598042,52.417846554094034],[-1.5493857649493996,52.41804651974117],[-1.5495051731448957,52.41825464350854],[-1.5495906429669561,52.4184689211496],[-1.5496413508252653,52.418687289126126],[-1.5496568078681803,52.41890764447854],[-1.549636864710131,52.41912786507685],[-1.5496267218336641,52.41916795080805],[-1.5496265517879615,52.41916862284619],[-1.5497239265499716,52.41919723603617],[-1.5500321817939329,52.41931180038227],[-1.550320588151891,52.41944428559706],[-1.5505863682579566,52.41959341592956],[-1.550826962547677,52.41975775533272],[-1.551040053906371,52.41993572128723],[-1.5512235899865234,52.42012560003589],[-1.5513758029792042,52.420325563082166],[-1.5514952266488715,52.42053368479434],[-1.5515807104671326,52.42074796094564],[-1.5516314307088355,52.42096632801225],[-1.5516468984030205,52.42118668304337],[-1.5516269640614737,52.42140690391211],[-1.5515718191385863,52.42162486975228],[-1.5514819942076927,52.42183848138417],[-1.5513583538706663,52.42204568153278],[-1.551310646706403,52.42210637243157],[-1.5513115456594178,52.422110242721416],[-1.5513124272241712,52.42211403814835],[-1.5513278936948771,52.42233439317558],[-1.5513079572120982,52.42255461394291],[-1.5512528092508118,52.42277257958508],[-1.5511629804135811,52.42298619092431],[-1.551039335339874,52.42319339068838],[-1.5508830643968372,52.423392183326314],[-1.5506956722308922,52.42358065423053],[-1.5504789632897777,52.42375698818057],[-1.550235024454005,52.423919486829966],[-1.5499662049446443,52.42406658506826],[-1.5496750937006998,52.42419686610003],[-1.5493644944439096,52.424309075095444],[-1.5490373986711647,52.42440213128084],[-1.548696956834922,52.42447513835258],[-1.5483464479894955,52.424527393113536],[-1.5479892481960937,52.42455839224915],[-1.547628797991454,52.4245678371774],[-1.5472685692340913,52.42455563692598],[-1.5469120316481866,52.424521909008796],[-1.5465626193880848,52.424466978293694],[-1.546223697946208,52.424391373871806],[-1.545898531723778,52.424295823959056],[-1.5455902525773924,52.42418124887915],[-1.5453018296449115,52.424048752195404],[-1.5450360407417807,52.42389961007747],[-1.5447954456035717,52.42373525900507],[-1.544582361232682,52.42355728192791],[-1.5443988395866508,52.42336739301475],[-1.5443661581786887,52.42332445155345],[-1.5443652390718485,52.42332324389939],[-1.544297759439927,52.423277147124075],[-1.5441796272754624,52.423178475921716],[-1.5441778764821734,52.4231792593432],[-1.5441354124674325,52.42319826055407],[-1.5438248062688749,52.42331045500177],[-1.543497706330056,52.42340349586975],[-1.543157263143611,52.423476487001935],[-1.5428551574675047,52.42352151181075],[-1.5428507054560128,52.42352217531702],[-1.5426564682141546,52.42360908562374],[-1.542345855391425,52.42372127616364],[-1.542018749318428,52.423814312919994],[-1.5416783005469055,52.42388729977628],[-1.5413277881980318,52.42393953373011],[-1.5409705883668012,52.42397051166741],[-1.540610141590332,52.423979935210276],[-1.5402499196941182,52.42396771359241],[-1.5398933923362315,52.42393396453361],[-1.5395975133302786,52.42388743046082],[-1.5395948941391535,52.42388701852645],[-1.5393831291092994,52.423947243469506],[-1.5392905275840356,52.42396709352107],[-1.5392888139619643,52.42396803093477],[-1.5392389760847491,52.42399529404068],[-1.5389478338540357,52.42412554859317],[-1.538637208039413,52.42423772935143],[-1.5383100903937172,52.4243307558138],[-1.5379696315802054,52.424403731962904],[-1.5376191108168182,52.42445595489949],[-1.5374767235701827,52.42446829877641],[-1.5374740877726154,52.42446925063394],[-1.5374037623041823,52.424494647018314],[-1.5370766401783749,52.424587670054116],[-1.536736177368402,52.424660642639466],[-1.5363856531307138,52.42471286190949],[-1.536028443674862,52.42474382489144],[-1.5356679896307048,52.42475323335158],[-1.535307762893762,52.424740996668866],[-1.5349512331687336,52.42470723270821],[-1.5346018345341985,52.4246522666846],[-1.5342629323512498,52.42457662802931],[-1.5339377908354965,52.42448104528799],[-1.5336295416054218,52.42436643910058],[-1.5333411535105763,52.42423391333],[-1.533075404030685,52.42408474442607],[-1.5328348525214273,52.42392036912647],[-1.5326218155648021,52.42374237061422],[-1.5324383446615082,52.423552463264485],[-1.5322862064800833,52.4233524761285],[-1.5321668658527863,52.423144335313324],[-1.5321185193061215,52.42302301375863],[-1.5321168557431772,52.423022642422346],[-1.5318469719905334,52.422962399263355],[-1.531521847595158,52.422866809893264],[-1.531213615901795,52.42275219741801],[-1.5311027789047675,52.422701258194365],[-1.5311023808030924,52.422701075231686],[-1.530928567480699,52.42268460788419],[-1.530579189898323,52.422629630005495],[-1.530240310160582,52.42255397984846],[-1.5299151922668277,52.422458386069586],[-1.5296069676079511,52.42234376941504],[-1.529318604796775,52.42221123384864],[-1.5290528810694355,52.422062055914466],[-1.5288123555335213,52.421897672437204],[-1.5285993445208252,52.42171966667856],[-1.528415899282138,52.42152975308353],[-1.5282637862387967,52.42132976076342],[-1.5281444699809512,52.42112161587524],[-1.5280590991758851,52.420907323067],[-1.5280084955216258,52.42068894616807],[-1.5279931458515816,52.420468588310634],[-1.5280131974655744,52.42024837167372],[-1.5280684567314744,52.42003041704489],[-1.5281361545905328,52.41986963495726],[-1.5281344878555643,52.41986849577323],[-1.528117165712235,52.41985665638802],[-1.5279041672909432,52.4196786493454],[-1.527720733461,52.41948873463326],[-1.5275686305338891,52.41928874137377],[-1.527449323002367,52.4190805957329],[-1.5273639594497206,52.41886630236591],[-1.5273133615041803,52.418647925107585],[-1.5272980159442349,52.41842756709351],[-1.5273180700301854,52.418207350504204],[-1.5273733301061594,52.41798939612683],[-1.5274632634852587,52.41777580293148],[-1.527587003598923,52.41756862785902],[-1.5277433583601705,52.41736986601455],[-1.5279308216594896,52.41718143145747],[-1.5281475878820916,52.41700513877284],[-1.52839156930621,52.416842685601495],[-1.5286604162145574,52.41669563629673],[-1.5289515395250246,52.41656540686476],[-1.5292621357226286,52.416453251334076],[-1.5293480522661236,52.41642882188313],[-1.5293488686201604,52.41642858976116],[-1.5293610168555938,52.416295113931504],[-1.5294162644151978,52.41607715849924],[-1.5295061839847799,52.415863563648315],[-1.529629909128804,52.41565638633555],[-1.5297862479044755,52.41545762168762],[-1.5299736943562396,52.41526918379096],[-1.5301904430315503,52.4150928872628],[-1.5304344063776119,52.414930429781016],[-1.5307032348512035,52.4147833757404],[-1.5309943395477073,52.4146531411928],[-1.5313049171313489,52.414540980215996],[-1.5316319768266395,52.414447972841955],[-1.5319723692113245,52.414375014660926],[-1.5323228165339258,52.41432280820112],[-1.532679944264397,52.41429185616679],[-1.5330403135746669,52.41428245659968],[-1.533400454436943,52.41429470001032],[-1.5337568990217814,52.41432846850702],[-1.5341062150750517,52.41438343693022],[-1.5342540294308455,52.41441643516232],[-1.53426120874043,52.41441711526489],[-1.5345414619486588,52.414443663551104],[-1.5348907799011566,52.41449862965981],[-1.5352296060171524,52.414574266467426],[-1.5355546776179996,52.41466984565418],[-1.5358628644142434,52.41478444686602],[-1.5361511986394247,52.41491696657332],[-1.5362321947831594,52.41496243655852],[-1.5362322722971797,52.41496158339995],[-1.5362486040576298,52.414781827009456],[-1.5363038157431896,52.41456386822001],[-1.5363936989451596,52.414350267992255]]]}}]}