{"type":"FeatureCollection","features":[{"type":"Feature","properties":{"area_name":"Frenchay Church of England Primary School"},"geometry":{"type":"Polygon","coordinates":[[[-2.536828668235078,51.49089713319612],[-2.5371414495789164,51.49059027111648],[-2.5376746187269013,51.490667087403374],[-2.5399191860837695,51.49065075900486],[-2.5413404964530812,51.49080392218236],[-2.5419341295379105,51.48893650533086],[-2.5424250101690067,51.48805114333502],[-2.5430309874333177,51.48713060880037],[-2.546526037856998,51.48792188456853],[-2.546974870428729,51.48711173813644],[-2.5465188599668838,51.48616875675791],[-2.5458491868715454,51.48503435314223],[-2.546933085421973,51.48495524700606],[-2.548507768844005,51.484468287604756],[-2.550017595333303,51.4843580878079],[-2.551385505732924,51.484746243850964],[-2.559493635664491,51.48304808050234],[-2.5626016566170553,51.48256432710937],[-2.562738589040784,51.483027069085125],[-2.5642781978962583,51.4851307659503],[-2.563546645922315,51.48643290828656],[-2.5632089287211315,51.48726747919228],[-2.5627825131104127,51.488660083681665],[-2.5615268965515923,51.488813589536804],[-2.556649436737573,51.48963372780773],[-2.5577165320089064,51.4914299589816],[-2.556811146128386,51.49169585796312],[-2.557565536571676,51.493658487870604],[-2.557636061127014,51.49369069881599],[-2.557814501764185,51.49377532427052],[-2.5580511589399237,51.49389435316181],[-2.558296333110965,51.49402977441743],[-2.558500324734043,51.494163576964986],[-2.5586134342658933,51.49427774973208],[-2.5586645314254306,51.494421599906616],[-2.5587136221631592,51.49462965676777],[-2.5587574582218147,51.49486162407628],[-2.5587927913441333,51.49507720559287],[-2.5588163732728515,51.495236105078284],[-2.5588249557507052,51.49529802629326],[-2.558837753108885,51.49693670349906],[-2.558253705526575,51.499334896278505],[-2.558175835480236,51.499332031956904],[-2.5579641931350756,51.49932518453663],[-2.5576517301818775,51.499316972334476],[-2.5572713983114266,51.499310013667234],[-2.5568561492145068,51.49930692685168],[-2.556438934581903,51.49931033020462],[-2.555950357148624,51.49933660824163],[-2.5553237749513746,51.49939587049747],[-2.554596744951283,51.49948142977078],[-2.553806824109478,51.499586598860176],[-2.5529915693870877,51.499704690564286],[-2.5521885377452413,51.49982901768173],[-2.5516732788980194,51.49992734721765],[-2.5509682004402636,51.50008576696986],[-2.5501150257429375,51.500294070573496],[-2.5491554781770054,51.50054205166368],[-2.548131281113432,51.50081950387554],[-2.54708415792318,51.5011162208442],[-2.5460147823403627,51.50142414168861],[-2.5450148273406032,51.50170450257981],[-2.5440634150169457,51.50195865924366],[-2.5431396674624325,51.502187967405995],[-2.5422227067701066,51.50239378279265],[-2.5412916550330116,51.50257746112947],[-2.5402819156455005,51.50270242793166],[-2.539192534505093,51.50274721598767],[-2.5380982929913114,51.50273568274195],[-2.5370739724836775,51.50269168563895],[-2.5361943543617134,51.50263908212312],[-2.5355342200049407,51.502601729638904],[-2.5343182760389587,51.50252419083158],[-2.533158281384723,51.50240805308466],[-2.5321278757247776,51.50227681636909],[-2.5313006987416666,51.502153980655834],[-2.5307503901179342,51.50206304591585],[-2.5305505895361247,51.50202751212009],[-2.518007780013332,51.500845932090634],[-2.5176282909771364,51.50081136416978],[-2.5166583803914024,51.5007220630631],[-2.5153508830404108,51.500599632754444],[-2.5139586337084405,51.50046567722765],[-2.512734467179772,51.50034180046656],[-2.511931218238685,51.50024960645501],[-2.511527473941431,51.500154507643025],[-2.5112520017633084,51.50000897474156],[-2.5110688382091992,51.49982683328722],[-2.510942019783984,51.499621908816636],[-2.510835582992544,51.499408026866405],[-2.510713564339761,51.49919901297315],[-2.5106468501107897,51.49895542287426],[-2.51069005991484,51.498630138395924],[-2.51080705822028,51.49826019705307],[-2.510961709495477,51.49788263636062],[-2.5111178782087995,51.49753449383351],[-2.5112394288286155,51.497252806986666],[-2.51123930100515,51.49712760135156],[-2.511174623446516,51.49697756008487],[-2.5110764324474886,51.496814569771686],[-2.510975764302841,51.4966505169971],[-2.5109036553073483,51.496497288346205],[-2.510891141755784,51.49636677040411],[-2.510981270497571,51.49616541385316],[-2.511163813390511,51.49583298817149],[-2.5113896402954947,51.49543123556493],[-2.511609621073412,51.49502189823931],[-2.5117746255851525,51.494666718400474],[-2.5118355236916075,51.49442743825426],[-2.511833690260409,51.49424275168835],[-2.5118377609367912,51.494024394388994],[-2.5118392711238853,51.49379368529993],[-2.511829756224823,51.49357194336489],[-2.511800751642735,51.493380487527624],[-2.511743792780753,51.49324063673186],[-2.511675949807321,51.49310004631296],[-2.5116214290352796,51.49291107092051],[-2.511582877619694,51.4927019063479],[-2.51156294271563,51.49250074838851],[-2.5115642714781528,51.492335792835725],[-2.5115895110623283,51.492235235482944],[-2.5117043114718083,51.492076069698406],[-2.5119391342992703,51.491757329394105],[-2.5122436252694307,51.491340284664325],[-2.5125674301070067,51.49088620560334],[-2.512860194536715,51.490456362305416],[-2.513071564283272,51.49011202486484],[-2.5132653453851015,51.48972013424535],[-2.513394673246356,51.4893930251154],[-2.513478197430188,51.48913051120736],[-2.5135345674997507,51.488932406253625],[-2.5135824330181973,51.48879852398658],[-2.5136404435486805,51.48872867813863],[-2.5138419578518145,51.48863904698495],[-2.5142428358207014,51.488471875425496],[-2.5147456742489536,51.488265917938456],[-2.515253069930184,51.48805992900205],[-2.515667619658005,51.48789266309447],[-2.5158919202260304,51.48780287469392],[-2.5162737401473523,51.48767432504763],[-2.5168027483522133,51.48752335742078],[-2.5174026066458617,51.48736743436765],[-2.5179969768335475,51.487224018442554],[-2.5185095207205186,51.48711057219978],[-2.518863900112025,51.48704455819363],[-2.5192070971864826,51.48699276147862],[-2.5197061037183954,51.48691476502699],[-2.520314784628599,51.48681706963315],[-2.5209870048379273,51.48670617609151],[-2.521676629267216,51.48658858519649],[-2.5223375228373,51.486470797742506],[-2.52279167665338,51.4864709639798],[-2.5232580028148797,51.48659548060424],[-2.5237223919142875,51.486786587886854],[-2.5241707345440925,51.4869865260987],[-2.5245889212967847,51.48713753551082],[-2.524962842764853,51.487181856394265],[-2.5253711280170386,51.48710881009558],[-2.525825947605713,51.486970139420755],[-2.526284923707785,51.48679589838686],[-2.526705678500163,51.48661614101095],[-2.5270458341597553,51.48646092131008],[-2.527263012863471,51.48636029330134],[-2.527419072744026,51.48638389026903],[-2.5275942833872063,51.48653898006255],[-2.527767451084229,51.48676501072164],[-2.5279173821263106,51.487001430286064],[-2.528022882804667,51.487187686795565],[-2.5280627594105156,51.4872632282899],[-2.5283923266521344,51.48810782884819],[-2.529109885582244,51.488339948115424],[-2.528592358963465,51.48857576524939],[-2.5284509995957913,51.48913590974114],[-2.5306403681334944,51.49050688526173],[-2.531795922700097,51.490864639900614],[-2.5334916036715134,51.48985504208608],[-2.536828183082957,51.490897879066864],[-2.536828668235078,51.49089713319612]]]}},{"type":"Feature","properties":{"area_name":"Bradley Stoke Community School"},"geometry":{"type":"Polygon","coordinates":[[[-2.5329699603726747,51.49786395888957],[-2.536042986652906,51.498077202799955],[-2.5365498785195038,51.49674845125871],[-2.537152788812754,51.49594544062911],[-2.5399929193150643,51.49654116176158],[-2.540706229870486,51.49530192878522],[-2.540142478268461,51.493722452737366],[-2.5418721942907783,51.49332841717205],[-2.5430258152445178,51.49325529847411],[-2.5436308472606446,51.493389818413235],[-2.5500611438373113,51.49258789829746],[-2.5534740641204663,51.49283865488224],[-2.5545444125560426,51.494187298390706],[-2.5532197844895728,51.49669842325639],[-2.5539960448349173,51.49659172522664],[-2.5551692537111594,51.49670248570238],[-2.5576111607554814,51.49652525516046],[-2.558689286846194,51.49647974305676],[-2.5590608548280853,51.49590905757917],[-2.559772683427378,51.49557053600538],[-2.5601688675610865,51.495775810118865],[-2.560792582834335,51.49516962329678],[-2.5633499476115658,51.495333167579595],[-2.563344098696154,51.49601196212004],[-2.5639910764386564,51.495984650548266],[-2.563868345917936,51.49740851596813],[-2.5648307454838757,51.49812046824496],[-2.567128507377634,51.49880046907422],[-2.5681128353852465,51.49916606566006],[-2.5690718162636395,51.49892844851334],[-2.572709025619457,51.49998358391688],[-2.5748209754260483,51.50021544024766],[-2.576622495442411,51.50012685276162],[-2.57756744726439,51.50030907053318],[-2.5792069106277324,51.499993334397985],[-2.580592653525205,51.50042834312305],[-2.5811814855192927,51.500415470343164],[-2.5819270058796717,51.50075440912042],[-2.581886581155817,51.50092871439509],[-2.5839621632621164,51.50174175128043],[-2.5850259713603196,51.50083315237384],[-2.584923420737942,51.500060482714936],[-2.587841053498326,51.4999123441281],[-2.5877079951303803,51.50142300986545],[-2.5878130084485433,51.502948489639365],[-2.587950923358823,51.50368270197155],[-2.5885878105349818,51.5039273174542],[-2.5888135576778915,51.50511437099994],[-2.588749647051111,51.50616590374215],[-2.5884808470860814,51.506596835400956],[-2.5889825214008546,51.506501510003496],[-2.590143593055181,51.50704467972588],[-2.5910452519958795,51.507191654646626],[-2.591950761986567,51.50847344054801],[-2.59103194518549,51.50963499128148],[-2.590080630900209,51.510489332101315],[-2.5866182197845315,51.511795000607464],[-2.5858915778785425,51.51162831829674],[-2.5850504897226836,51.51204644070246],[-2.583816165058172,51.51228335860983],[-2.583428415767742,51.512706876179884],[-2.5832424897474824,51.513541229461026],[-2.5823401050709394,51.51503520074114],[-2.58217009792825,51.5166212389297],[-2.582168897294732,51.517148732130565],[-2.5820733016412842,51.5173485554899],[-2.5820762475900683,51.51774012310138],[-2.582483385757623,51.51789430778409],[-2.583200411252898,51.51802309165113],[-2.5836064873357127,51.51834869281565],[-2.5836837673501987,51.51906754315187],[-2.5843489911545006,51.51925978166445],[-2.5859484700410817,51.519057624920045],[-2.586572025263814,51.519043511932374],[-2.5871676778326615,51.519679324562865],[-2.5876625674944513,51.52064981489435],[-2.5878633702569567,51.52160818738587],[-2.5877948560418393,51.52188034865396],[-2.5879495704614626,51.52222876722618],[-2.5888829465930843,51.523462222662744],[-2.5895372131640957,51.52427914242773],[-2.590593035647116,51.524834258104626],[-2.5915646409877424,51.5255154681185],[-2.5920240863419095,51.52597333975825],[-2.5924356505466046,51.526531235977586],[-2.592777061274633,51.52698188051685],[-2.593977923556347,51.52743298295166],[-2.5943889880614335,51.52762374074193],[-2.59497276906126,51.52796625648608],[-2.5954492478078417,51.528582570899765],[-2.5980517087149444,51.53171611750079],[-2.59624721824681,51.53273472537647],[-2.594909275709772,51.533733638359315],[-2.592934271901973,51.53553050561854],[-2.5918649674457965,51.5368484989604],[-2.5908139980048666,51.5383370933715],[-2.5902264888751305,51.53904726831717],[-2.5891734630146455,51.53997299871997],[-2.588086799233382,51.54076540352343],[-2.586472443051806,51.54155577753026],[-2.584109050643867,51.54246334272775],[-2.576517599915275,51.54561099837109],[-2.57158618164142,51.547704036183084],[-2.5653172843834047,51.55007374538582],[-2.562006453572528,51.551070257922625],[-2.5564870020286414,51.552417061118426],[-2.55469489420475,51.55064458622772],[-2.5516010709802432,51.54748283335785],[-2.5492977044051663,51.54531583258457],[-2.5473330472118283,51.54339147988422],[-2.5442343064006088,51.54054814886915],[-2.541117557238444,51.537901369354834],[-2.5374884109745786,51.53484790218844],[-2.534130278205191,51.53195436608292],[-2.532291595073451,51.5302939610883],[-2.529156615038841,51.52729310743836],[-2.527102060946404,51.525262445890924],[-2.52481553988555,51.52284809350544],[-2.5260431207944354,51.52262826075115],[-2.5255528593521555,51.5218088989253],[-2.5267589514968805,51.520797291841156],[-2.527721029599774,51.51993667201739],[-2.5273319106435976,51.51958593537547],[-2.5290101828134537,51.51811981205167],[-2.52696743639309,51.51728802798094],[-2.5248203778359417,51.516754558185816],[-2.524726716294388,51.51661155660462],[-2.5290336354693084,51.51597700970813],[-2.528920038618066,51.515414150828406],[-2.529512215247459,51.51497349221837],[-2.530363039057399,51.51440318716457],[-2.531030627955289,51.514003921890406],[-2.530274526053521,51.51347177146764],[-2.5291662868599656,51.51285804157769],[-2.527617133123058,51.512329572628076],[-2.5253803823034877,51.51190450323643],[-2.5232833206459344,51.51145864046287],[-2.524172896199166,51.510552132589474],[-2.525071457672739,51.50946155453036],[-2.525753096229681,51.50817212913627],[-2.527167872765785,51.50516279657624],[-2.5286682611033378,51.50222321148225],[-2.5297076922811894,51.500808585275166],[-2.5303044675575777,51.500000009010414],[-2.5317856377104357,51.498517786519564],[-2.5323938693818793,51.49782409784785],[-2.5329699603726747,51.49786395888957]]]}},{"type":"Feature","properties":{"area_name":"Charborough Road Primary School / Shield Road Primary School / Filton Hill Primary School"},"geometry":{"type":"Polygon","coordinates":[[[-2.568158861877858,51.5004002232843],[-2.568018508652328,51.50067239635892],[-2.5678558990995732,51.50098137021483],[-2.5676812999098892,51.50130448819591],[-2.567504977773574,51.501619093646084],[-2.5673371993809244,51.50190252990922],[-2.567188231422237,51.50213214032924],[-2.56699692115023,51.502385725530736],[-2.5667657639750967,51.50266164341107],[-2.5665144081801015,51.50294158985962],[-2.566262502048506,51.503207260765784],[-2.5660296938635736,51.50344035201898],[-2.565835631908568,51.50362255950858],[-2.5656408973761646,51.50379434695816],[-2.5654044643895,51.504001550747645],[-2.565143571525075,51.504233792924694],[-2.5648754573593915,51.504480695536984],[-2.564617360468949,51.5047318806322],[-2.5643865194302493,51.50497697025801],[-2.5640451181416224,51.505361854090246],[-2.5638396104085546,51.50561717280694],[-2.563646774434973,51.50589645406961],[-2.5634674221638476,51.5061852301153],[-2.56330236553815,51.5064690331811],[-2.5631524165008517,51.506733395504064],[-2.5630183869949223,51.506963849321274],[-2.562903082810179,51.507187090763296],[-2.562806433973894,51.50743239589843],[-2.5627252615459453,51.50768916772717],[-2.5626563865862106,51.507946809250015],[-2.5625966301545686,51.508194723467454],[-2.562542813310897,51.50842231337998],[-2.5624962332405725,51.5086204503943],[-2.5624599133401014,51.50878600416105],[-2.5624330548907914,51.50891743988408],[-2.562414859173951,51.5090132227672],[-2.5624045274708878,51.50907181801426],[-2.5624012610629094,51.5090916908291],[-2.562316056262273,51.5095379663342],[-2.562295570555081,51.50966132121659],[-2.5622847715918775,51.50978959838492],[-2.5622795578867943,51.50991815301053],[-2.562275827953966,51.51004234026478],[-2.5622694803075254,51.51015751531903],[-2.5622564134616064,51.51025903334461],[-2.5620842608479615,51.51140920730693],[-2.5620506025800154,51.51169928762297],[-2.562045537832673,51.51201509036738],[-2.5620570865217367,51.512343890693636],[-2.5620732685630103,51.51267296375522],[-2.5620821038722963,51.5129895847056],[-2.562071612365398,51.513281028698245],[-2.56200702595742,51.514723396484314],[-2.561983843717537,51.51501705180432],[-2.561963069461293,51.5153393559842],[-2.5619450984654737,51.51567602233067],[-2.561930326006864,51.51601276415042],[-2.5619191473622482,51.51633529475014],[-2.561911957808412,51.51662932743654],[-2.5617969671567535,51.51743618286095],[-2.5797037551392723,51.51914951173532],[-2.579975026702843,51.51839235538428],[-2.580195751334693,51.517969519134404],[-2.5802708678909307,51.51759334763411],[-2.580346231449387,51.51717016908157],[-2.580785541607183,51.51663028282115],[-2.580896909517421,51.51625420755924],[-2.581068075272956,51.51592458352279],[-2.5811529319720927,51.51552982280056],[-2.581340654400112,51.51507926513568],[-2.5820699415726147,51.514587289910324],[-2.5826511486953696,51.51451825523583],[-2.5829052635361824,51.5145189298479],[-2.5837638744178406,51.514334652472655],[-2.58450379394463,51.51433487569938],[-2.5847952002886228,51.51417110257922],[-2.585631459465138,51.5139851147038],[-2.5862141684431466,51.513704438299314],[-2.586832581036892,51.51349430216736],[-2.5874510492341507,51.513307781068114],[-2.5878514221705244,51.51314420595021],[-2.588435951527612,51.512604750168244],[-2.588801203885907,51.51225283028208],[-2.5890939377096904,51.5119242891672],[-2.5893136357169935,51.5116426054633],[-2.5895330179631024,51.511407972224156],[-2.5893541786504635,51.51100760020114],[-2.589031622767532,51.51039520229146],[-2.588888242739462,51.51011246479039],[-2.588272370869622,51.50994628307089],[-2.5878015078043966,51.509780306484394],[-2.5873675853925433,51.50954394024525],[-2.5870781023822738,51.50940201510568],[-2.5866061079335556,51.50942437696221],[-2.5866795470715527,51.509306896666516],[-2.586898698611915,51.50909579050993],[-2.587011654528795,51.50848454877641],[-2.5870153105243068,51.5079435059619],[-2.586851053190735,51.50752513792972],[-2.5867681905228017,51.50690784113926],[-2.586468129533121,51.506718880209775],[-2.5862884956645873,51.506436092783446],[-2.5862857133218276,51.50604676811802],[-2.5863780773806595,51.50554247709203],[-2.586343716445242,51.50528369021451],[-2.586276475739382,51.50448371720935],[-2.5865735169599424,51.503496504708195],[-2.5866849573869413,51.503120473233835],[-2.5867226217645496,51.50293236664901],[-2.5840730603681767,51.50285475372054],[-2.5843237421981633,51.503584769590624],[-2.5833406169151676,51.50435146349439],[-2.582991714491591,51.504128312920145],[-2.5825049698974314,51.503909215855614],[-2.5820707298546974,51.50371985511889],[-2.581455194830866,51.50348291682841],[-2.5814927010379005,51.503318378389054],[-2.5808420445338394,51.502893228837706],[-2.5801889154664823,51.50284444227615],[-2.578994310436911,51.502370885925345],[-2.5782678134677908,51.50243949129619],[-2.5775043572469474,51.50260214611277],[-2.5772507201048938,51.50253093872819],[-2.576816249365619,51.50236510371171],[-2.5758718899964226,51.50243313071174],[-2.575364049983274,51.50238472985669],[-2.57456616249293,51.50228855265167],[-2.573877101396762,51.50219257443906],[-2.5732968633061537,51.50209697503938],[-2.5728884358712816,51.501924021430156],[-2.5725334227943075,51.50175134449499],[-2.5720964542997575,51.50154407394162],[-2.5715502970722772,51.50128504549425],[-2.5711126764660905,51.50116366496351],[-2.570701967758822,51.50112824354399],[-2.5703205340574695,51.50081813396516],[-2.5698562325998147,51.50093524552934],[-2.5693876247071463,51.50100453553192],[-2.5690320312523456,51.50091774744747],[-2.568813698844438,51.50079694907267],[-2.568349657908453,51.50053809230402],[-2.568213352670343,51.500451883650875],[-2.568158861877858,51.5004002232843]]]}},{"type":"Feature","properties":{"area_name":"Bromley Heath Infant School / Bromley Heath Junior School / Blackhorse Primary School / Stanbridge Primary School / Barley Close Community Primary School / Mangotsfield Church of England Primary School / Emersons Green Primary School / Christ Church, Church of England Infant School, Downend / Christ Church, Church of England Junior School, Downend / Staple Hill Primary School / The Tynings Primary School / St Stephen's Infant School / St Stephen's Church of England Junior School, Soundwell / Kings' Forest Primary School"},"geometry":{"type":"Polygon","coordinates":[[[-2.516350277237065,51.485083664568904],[-2.5166723013742334,51.48575498186195],[-2.5154005397084718,51.486742225941384],[-2.5113935966522143,51.48975536668681],[-2.5110496121861794,51.49030783278716],[-2.516071594092034,51.49301394083097],[-2.5154071469322057,51.49354838179038],[-2.5159635214856224,51.49411049464728],[-2.516087325016242,51.49446076371539],[-2.515583250088471,51.495025369368854],[-2.5150786722424643,51.49549200425455],[-2.5147300302434914,51.49595832312849],[-2.514500563090584,51.49669361598828],[-2.5143121769798915,51.497722807326326],[-2.514237621361606,51.49823739716935],[-2.5140443774579087,51.49855635389865],[-2.5133855212671286,51.499317306127416],[-2.513075829683698,51.499734538739844],[-2.5130789160511426,51.50019975695728],[-2.513042386408075,51.500591737785534],[-2.5127723451757396,51.501131376761016],[-2.512581684228312,51.50181767454872],[-2.5129247965463986,51.502520524451256],[-2.5120390980547653,51.502497563953035],[-2.5112047386865024,51.50240021365282],[-2.51050838734853,51.50215298145357],[-2.5099933271553243,51.502316206032106],[-2.5093578872014723,51.5022929600723],[-2.5064271083095124,51.503358697452335],[-2.5040885222220126,51.5039374275998],[-2.501547667396397,51.504333469111536],[-2.498912557353679,51.504672989892164],[-2.4959373725169307,51.505054140897634],[-2.4927785386650907,51.50543980173881],[-2.4916936999281902,51.505594899201306],[-2.490840193503569,51.50571478352412],[-2.490488857083124,51.506126905121214],[-2.489954785558343,51.5061755450916],[-2.4898274288235025,51.50665447132911],[-2.489748229221144,51.506667327121875],[-2.4895088768626947,51.5066995744916],[-2.4891067414210943,51.5067417334254],[-2.4885391925692826,51.5067843239104],[-2.487803599980199,51.50681786593374],[-2.486897333326783,51.50683287948252],[-2.4859789794966907,51.50683543185118],[-2.485154679294357,51.50683174920557],[-2.484343133267891,51.50681258984],[-2.483463041965402,51.50676871204877],[-2.4824331059349984,51.506690874126186],[-2.48117202572479,51.506569834366545],[-2.4798880819686473,51.50641838160064],[-2.478784891874916,51.50625030438703],[-2.477774175124422,51.50605799679429],[-2.4767676513979953,51.50583385289099],[-2.4756770403764614,51.505570266745686],[-2.4744140617406494,51.505259632426956],[-2.472938177805884,51.50489327518311],[-2.471328945206149,51.5044857781725],[-2.46967844656458,51.504064557970786],[-2.4680787645043125,51.503657031153594],[-2.4666219816484816,51.503290614296574],[-2.4654001806202226,51.502992723975375],[-2.4644972455869114,51.502774525754425],[-2.463849773289112,51.50261007449876],[-2.463328921879496,51.50247111862183],[-2.4628058495107346,51.50232940653708],[-2.462151714335498,51.50215668665796],[-2.4612376745064575,51.50192470739793],[-2.4601541864576655,51.50165837742585],[-2.4590830980547036,51.50140208679297],[-2.45803266128119,51.501156805968925],[-2.457011128120744,51.500923505423344],[-2.4560267505569833,51.50070315562585],[-2.455087780573527,51.50049672704607],[-2.4540047949447716,51.50025877755467],[-2.4530953047010007,51.500055797195046],[-2.452369749924215,51.49989148482665],[-2.4518385706964154,51.49976953930894],[-2.4515122070996016,51.49969365950138],[-2.451401099215775,51.49966754426343],[-2.4513715020832154,51.49965701052633],[-2.4513057202739352,51.49962166640822],[-2.4512382681705334,51.499555897548944],[-2.451203660155609,51.49945408958831],[-2.4512364106117603,51.49931062816615],[-2.4513710339215864,51.49911989892229],[-2.4516095074538744,51.49890117493127],[-2.451994952382214,51.49859330558963],[-2.4524905306073244,51.49821597362831],[-2.453059404029925,51.497788861778275],[-2.4536647345507356,51.49733165277047],[-2.4542696840704745,51.496864029335846],[-2.4548562758430243,51.49640867163823],[-2.4554330025479953,51.4959737886383],[-2.45600250299433,51.495557358950826],[-2.4565674159909703,51.49515736119055],[-2.4571303803468574,51.49477177397223],[-2.4576940348709333,51.49439857591062],[-2.4581380952633247,51.49410375241356],[-2.458585052513835,51.49380061738382],[-2.459051054556785,51.49348636385745],[-2.4595522493264954,51.493158184870516],[-2.4601047847572866,51.49281327345906],[-2.46072480878348,51.492448822659156],[-2.4615586080357126,51.4919863076999],[-2.4624212706953115,51.491525421621695],[-2.4632750790951645,51.49107860333266],[-2.4640823155681577,51.49065829174088],[-2.4648052624471783,51.49027692575446],[-2.4654062020651137,51.48994694428149],[-2.4659998092010467,51.48958300222437],[-2.4666708049823707,51.48913586741556],[-2.4673365479480927,51.48867214814085],[-2.467914396637219,51.48825845268603],[-2.4683217095887566,51.487961389336895],[-2.468475845341712,51.48784756637923],[-2.4688905188310213,51.48780509885391],[-2.4690947103912153,51.4867147042856],[-2.470099814174627,51.48523683410334],[-2.4714850746270183,51.48262882867185],[-2.4726157724771944,51.48078044546355],[-2.473932549587377,51.479029914915316],[-2.4750320492693056,51.47776074148338],[-2.4767843256485422,51.476003212408486],[-2.4780337778071644,51.474844166035176],[-2.478985287446683,51.47398164065225],[-2.480561618847271,51.4725530070391],[-2.481358497984309,51.4718430600647],[-2.481839982986424,51.47143865754381],[-2.482091954480693,51.471146830679665],[-2.4827207520252528,51.470674928681476],[-2.482800455497347,51.469769813258026],[-2.4827905889611808,51.46828259812577],[-2.48322549722223,51.468164350773456],[-2.4848819993684526,51.467552608894515],[-2.485511394151461,51.46743468682866],[-2.486924489370781,51.46752521118506],[-2.4891729743272544,51.46771492596302],[-2.4895420769555154,51.4677139630019],[-2.490094292401759,51.46753901041221],[-2.4914771385506334,51.467361801353135],[-2.4927824420616114,51.46722727841143],[-2.4939547103915207,51.467242991839164],[-2.494616452044083,51.46733557701386],[-2.495673103506918,51.46709054183526],[-2.496640177208195,51.46685664353145],[-2.4978844622740866,51.46667979596786],[-2.4992850204069796,51.46666378024366],[-2.499751219427785,51.466728491557916],[-2.500610444622738,51.46714083873012],[-2.501754303275382,51.46743003270304],[-2.5028215904681166,51.467512031438886],[-2.504565866567032,51.467695919550714],[-2.5059942903416834,51.467852331508674],[-2.5078140122719326,51.46807374519622],[-2.508836435084447,51.468193588976625],[-2.509873478434446,51.468228605816414],[-2.5112257287119757,51.46821564450036],[-2.5116866693341593,51.4681479666747],[-2.5125160956613475,51.46803015983108],[-2.5128851545076274,51.46800026529418],[-2.512867098241971,51.46809562994164],[-2.5126908944001287,51.468364181402556],[-2.5125783633042746,51.46907481308333],[-2.5126647815020924,51.470348308490344],[-2.5113784002454236,51.47069447463188],[-2.511424062864022,51.471722961746856],[-2.511554321264289,51.4737065886633],[-2.5119552719602143,51.47524854558841],[-2.512822808776522,51.47649546399029],[-2.512981326465883,51.47686248903985],[-2.512947054809029,51.47757282713153],[-2.513538683312172,51.47845302395295],[-2.5144060398706944,51.47965077515878],[-2.5149606347171285,51.48082498483778],[-2.5150444351158856,51.48168206242416],[-2.5150080676566127,51.48209848974408],[-2.5152073570544533,51.48273478274348],[-2.516350277237065,51.485083664568904]]]}},{"type":"Feature","properties":{"area_name":"Samuel White's Infant School / Hanham Abbots Junior School / Christ Church Hanham CofE Primary School / Beacon Rise Primary School / Courtney Primary School / The Park Primary School"},"geometry":{"type":"Polygon","coordinates":[[[-2.50422974201941,51.4440879946752],[-2.504085313138082,51.44418988660326],[-2.5037102519050096,51.44445501391064],[-2.5031918964365607,51.44482255388213],[-2.502617584849103,51.44523168380251],[-2.502074655259004,51.445621580956576],[-2.501650445782631,51.445931422629116],[-2.5014322945363525,51.44610038610491],[-2.5013506647026404,51.44617515004778],[-2.5013017015049877,51.44621487792555],[-2.5012338571531045,51.446257029979996],[-2.5010955838567024,51.4463390664529],[-2.5008353338254916,51.44649844758604],[-2.5004015592691826,51.44677263362119],[-2.4997427123974862,51.447199084800125],[-2.499153192067576,51.44806420463842],[-2.4990828412445976,51.44814017842797],[-2.498891390162446,51.44834260152569],[-2.498608240901293,51.44863322652516],[-2.498262795541311,51.44897380601999],[-2.4978844561626725,51.44932609260376],[-2.4975026248455503,51.44965183887008],[-2.4971467036701163,51.44991279741253],[-2.496888446645811,51.45007963532829],[-2.4965014135391836,51.450322828931604],[-2.4960116339036635,51.4506163165794],[-2.49544513729268,51.45093403662859],[-2.4948279532596636,51.45124992743609],[-2.4941861113580437,51.45153792735882],[-2.4935456411412495,51.451771974753704],[-2.493190899272233,51.4518758090122],[-2.4926658413397487,51.452019880929036],[-2.492036715521061,51.452186527219716],[-2.4913697699934345,51.45235808459971],[-2.4907312529341326,51.45251688978452],[-2.490187412520419,51.45264527948963],[-2.4898044969295574,51.45272559043053],[-2.48951684922718,51.452784515094066],[-2.4892260435623825,51.45285534895459],[-2.488949360745899,51.45293044709003],[-2.488704081588465,51.45300216457827],[-2.488507486900817,51.45306285649723],[-2.488376857493688,51.453104877924815],[-2.4883294741778155,51.45312058393891],[-2.488300223708731,51.45313220469248],[-2.4882125218813886,51.45316838845131],[-2.4880664430656574,51.45323111746261],[-2.487862061631404,51.45332237397356],[-2.4875994519484967,51.453444140231376],[-2.487278688386803,51.45359839848325],[-2.486899845316191,51.45378713097637],[-2.4865095138712126,51.45400074932392],[-2.4861547404151874,51.4542236598616],[-2.485836448167565,51.45444871723326],[-2.4855555603477972,51.45466877608273],[-2.4853130001753336,51.454876691053826],[-2.485109690869626,51.45506531679039],[-2.484946555650124,51.45522750793626],[-2.48477402283623,51.4554278801201],[-2.484557727974797,51.45571694397389],[-2.4843214051264497,51.4560663966464],[-2.4840887883518143,51.45644793528638],[-2.483883611711517,51.4568332570426],[-2.4837296092661836,51.45719405906381],[-2.483650515076439,51.45750203849879],[-2.483619814845522,51.457842593866204],[-2.4835949107437227,51.45828299684844],[-2.483575411671507,51.458767757826976],[-2.483560926529342,51.45924138718327],[-2.483551064217694,51.4596483952988],[-2.4835454336370297,51.45993329255504],[-2.483543643687816,51.46004058933346],[-2.4835351196174216,51.46004197191319],[-2.483500638578623,51.46004591085269],[-2.4834268373299966,51.46005209295241],[-2.4833003526301187,51.460060205012795],[-2.483107821237567,51.46006993383429],[-2.4828358799109163,51.46008096621735],[-2.4824711654087444,51.46009298896241],[-2.4820115006949464,51.460106531891036],[-2.4814947797423508,51.46012142240579],[-2.480967574341574,51.46013640991386],[-2.480476456283231,51.46015024382243],[-2.4800679973579385,51.46016167353871],[-2.479788769356311,51.46016944846986],[-2.4796853440689652,51.46017231802309],[-2.48014655392277,51.46092410919011],[-2.4801286813169825,51.46096003257902],[-2.480082258505391,51.46105560000512],[-2.480018077996653,51.46119250735743],[-2.4799469322994256,51.461352450525],[-2.4798796139223653,51.461517125396846],[-2.4798269153741295,51.46166822786201],[-2.4797996291633746,51.461787453809535],[-2.479821518958074,51.461927929845736],[-2.4798970320575684,51.462135055559266],[-2.4800079765559078,51.46237882301566],[-2.4801361605471426,51.46262922428044],[-2.4802633921253223,51.46285625141913],[-2.480371479384498,51.46302989649727],[-2.4804422304187197,51.46312015158036],[-2.4805275992080564,51.46318576916199],[-2.480673434367399,51.46329301537474],[-2.4808529097176235,51.463423037675575],[-2.481039199079606,51.463556983521485],[-2.4812054762742233,51.46367600036945],[-2.481324915122351,51.463761235676444],[-2.4813706894448657,51.46379383689945],[-2.482730366661068,51.46484978655589],[-2.4828894910111146,51.46490113832756],[-2.483130076531976,51.464972161591284],[-2.4834135089081184,51.46505280682537],[-2.483701173824009,51.46513302450814],[-2.4839544569641143,51.465202765117915],[-2.484134744012902,51.465251979133015],[-2.4842034206548385,51.465270617031756],[-2.484284672703419,51.46531566902855],[-2.4844974143489944,51.46543358667318],[-2.484795123841316,51.465598512447],[-2.485131279430135,51.465784588831376],[-2.4854593593652026,51.46596595830768],[-2.4857328418962696,51.466116763357256],[-2.4859052052730877,51.466211146461475],[-2.4861258569508746,51.46636515916741],[-2.4862621768496025,51.466531234604524],[-2.4863327688995462,51.46670232874163],[-2.4863562370309826,51.46687139754755],[-2.4863511851741875,51.46703139699108],[-2.486336217259437,51.467175283041044],[-2.4863299372170076,51.46729601166626],[-2.486345039521658,51.46738570000056],[-2.486377124836026,51.467445156694524],[-2.486419156232945,51.467480371504834],[-2.486464096785247,51.46749733418822],[-2.4865049095657654,51.46750203450137],[-2.486534557647332,51.467500462201016],[-2.4865460041027805,51.46749860704385],[-2.490470046295101,51.467654028843455],[-2.4905005476716062,51.4676440972487],[-2.4905847884664425,51.46761744484464],[-2.49071187367759,51.4675787852016],[-2.4908709083030294,51.46753283188988],[-2.4910509973407406,51.46748429847982],[-2.491241245788705,51.467437898541704],[-2.491430758644902,51.46739834564587],[-2.4917867056865397,51.46733682306798],[-2.492187532941197,51.46727500314504],[-2.4926060642881582,51.46721583919569],[-2.493015123606708,51.46716228453855],[-2.4933875347761307,51.46711729249227],[-2.493696121675711,51.46708381637548],[-2.493913708184733,51.467064809506816],[-2.494126654448118,51.46706122606867],[-2.4944170760108904,51.467069028630505],[-2.4947514350488924,51.467083679569264],[-2.4950961937379676,51.46710064126191],[-2.4954178142539587,51.467115376085395],[-2.495682758772709,51.46712334641668],[-2.4958574894700614,51.46712001463272],[-2.4960247636875637,51.46709235518552],[-2.496275381801662,51.46703521826417],[-2.4965880412818686,51.46695587872689],[-2.496941439597694,51.466861611431916],[-2.497314274218649,51.46675969123746],[-2.497685242614245,51.46665739300176],[-2.4980330422539936,51.466561991583035],[-2.4982116689091707,51.46652933998857],[-2.4985087924130838,51.466492129179606],[-2.498880456362649,51.46645597006587],[-2.499282704354782,51.46642647355709],[-2.4996715799863978,51.466409250563],[-2.5000031268544123,51.4664099119933],[-2.500233388555741,51.466434068757735],[-2.500405723143775,51.46649099587454],[-2.5005960353316112,51.4665790085342],[-2.500809365522752,51.46668716163443],[-2.5010507541207003,51.46680451007294],[-2.501325241528958,51.46692010874746],[-2.501637868151028,51.46702301255569],[-2.501993674390412,51.46710227639535],[-2.502395328527997,51.46716588665521],[-2.5028052781446393,51.467224693163544],[-2.5031979769925936,51.46727687988999],[-2.503547878824115,51.46732063080417],[-2.503829437391458,51.4673541298757],[-2.5040171064468764,51.467375561074235],[-2.504085339742626,51.46738310836938],[-2.508787233477612,51.467918601410126],[-2.511426080319436,51.46801456802869],[-2.5122188375724095,51.46789600387665],[-2.5128400277285015,51.46782390538656],[-2.5131001143801353,51.46739166332363],[-2.5131950965009846,51.467164437171895],[-2.5134334688264364,51.46618846227869],[-2.513551369425428,51.465666568886164],[-2.511869347884642,51.46522444655141],[-2.512218382392423,51.463545274306355],[-2.512513144002615,51.4631128025481],[-2.512722406530791,51.46227303238713],[-2.513612728330794,51.46199523295456],[-2.5134605902442133,51.461656379898166],[-2.5144940030635383,51.4614908924152],[-2.5150533765920233,51.46073949254298],[-2.5155462465653153,51.46005644759826],[-2.5164439457515715,51.459959949853406],[-2.516522785251309,51.459945665537646],[-2.516676508845929,51.459862319382005],[-2.5168734014260963,51.45973588444862],[-2.5170817478824765,51.459592333799655],[-2.517269833105734,51.459457640497256],[-2.5174059419865342,51.45935777760357],[-2.517458359415542,51.459318718180754],[-2.518451040776805,51.458994995640275],[-2.5187266684661704,51.45808678329273],[-2.519053391884917,51.45758609182879],[-2.518397217720066,51.45591362853291],[-2.51823951452636,51.455438801795715],[-2.518296339782675,51.45512123926944],[-2.518275530531488,51.45460016977139],[-2.5185062319889195,51.45430404472734],[-2.5186642344762205,51.45391781348567],[-2.518902307616392,51.453802899283545],[-2.518951761189967,51.45330412591534],[-2.518719408244685,51.45269377500232],[-2.520459341883372,51.45111878726443],[-2.5204691502804777,51.45110610132998],[-2.520494875317958,51.45107246664524],[-2.520530966765059,51.45102451788818],[-2.520571874391027,51.45096888973672],[-2.5206120479651073,51.45091221686883],[-2.5206459372565457,51.45086113396244],[-2.5206679920345882,51.450822275695494],[-2.5206942586521475,51.45078386356309],[-2.5207402744095018,51.45073288694306],[-2.5207999079580867,51.45067435785987],[-2.5208670279493393,51.450613288338005],[-2.520935503034694,51.45055469040194],[-2.5209992018655876,51.45050357607614],[-2.5210519930934554,51.45046495738508],[-2.5211049768463747,51.45041951107842],[-2.521170894047813,51.450349558909345],[-2.521246250480014,51.450262575761016],[-2.521327551925224,51.4501660365166],[-2.521411304165688,51.450067416059255],[-2.5214940129836503,51.44997418927214],[-2.5215721841613568,51.44989383103842],[-2.521653688119145,51.44983704688278],[-2.5217469669009027,51.449805028625974],[-2.5218492012630636,51.44979075507292],[-2.521957571962058,51.44978720502853],[-2.5220692597543195,51.449787357297694],[-2.5221814453962796,51.44978419068534],[-2.5222913096443698,51.44977068399637],[-2.522422981522283,51.4497416889881],[-2.5225934241466725,51.4497000258728],[-2.5227889007391453,51.44965074584262],[-2.522995674521307,51.44959890008969],[-2.5232000087147655,51.44954953980617],[-2.523388166541126,51.44950771618419],[-2.5235464112219956,51.4494784804159],[-2.5237002330943095,51.44944164116847],[-2.523875880067222,51.44938064207356],[-2.5240611148544216,51.449306326208685],[-2.5242437001695963,51.44922953665137],[-2.5244113987264334,51.449161116479154],[-2.524551973238621,51.449111908769524],[-2.524653186419847,51.44909275660003],[-2.525485691747261,51.449087274450434],[-2.5263048341984,51.44875056028898],[-2.5263471300894285,51.448742146698855],[-2.5264584932476737,51.448719214290314],[-2.5266156369008756,51.44868522560608],[-2.526795274276774,51.44864364318889],[-2.526974118603108,51.448597929581474],[-2.527128883107617,51.44855154732656],[-2.5272362810180415,51.448507958966886],[-2.5273193595530454,51.448471051883935],[-2.5274179386542857,51.448441919005575],[-2.5275338833705367,51.448419716135966],[-2.527669058750571,51.44840359907925],[-2.5278253298431617,51.44839272363957],[-2.528004561697082,51.448386245621094],[-2.528208619361105,51.44838332082796],[-2.5284089296436414,51.44837385692555],[-2.5285801730042663,51.44835050500699],[-2.5287294444546387,51.44831653371659],[-2.5288638390064175,51.44827521169868],[-2.528990451671262,51.44822980759756],[-2.529116377460831,51.448183590057575],[-2.5292487113867845,51.44813982772303],[-2.529358919444445,51.44808405353848],[-2.529420071067452,51.448005444380364],[-2.5294420113154517,51.44791261741372],[-2.529434585248091,51.447814189803566],[-2.529407637925016,51.447718778714936],[-2.5293710144058723,51.447635001312854],[-2.529334559750307,51.447571474762356],[-2.5293439430315345,51.44750494359116],[-2.5294244782812156,51.44741269620268],[-2.5295556576507123,51.44730438762828],[-2.5297169732913845,51.44718967289933],[-2.529887917354593,51.4470782070472],[-2.5300479819917006,51.446979645103255],[-2.5301766593540664,51.446903642098874],[-2.530289207004043,51.44684901496525],[-2.5304123996811065,51.44680713486001],[-2.5305430007066794,51.44677637307838],[-2.5306777734021835,51.44675510091561],[-2.5308134810890417,51.44674168966695],[-2.5309468870886764,51.44673451062765],[-2.5310747547225096,51.44673193509294],[-2.5312352896500623,51.446731084766654],[-2.5314547317095726,51.44673108742498],[-2.531712244976679,51.44673332117032],[-2.53198699352702,51.44673916410508],[-2.5322581414362335,51.44674999433168],[-2.5325048527799576,51.44676718995252],[-2.532706291633831,51.446792129070005],[-2.5328813791223896,51.4468225939494],[-2.533058459901363,51.446854291248776],[-2.5332304859240917,51.4468856065416],[-2.5333904091439177,51.44691492540132],[-2.5335311815141823,51.44694063340143],[-2.533645754988227,51.446961116115375],[-2.533727081519393,51.44697475911663],[-2.53381813795871,51.447007813223294],[-2.5339524477819753,51.44707741229049],[-2.534109139768535,51.44716838269111],[-2.5342673426977367,51.447265550798036],[-2.534406185348927,51.44735374298417],[-2.5345047965014538,51.44741778562239],[-2.5345423049346634,51.447442505085604],[-2.5346309619897904,51.4474086079656],[-2.534867436067374,51.44731869918084],[-2.5352074815357155,51.44719045259422],[-2.535606852763118,51.447041542068625],[-2.5360213041178827,51.44688964146694],[-2.5364065899683124,51.446752424652054],[-2.5367184646827097,51.446647565486856],[-2.5369478507201184,51.44654225016271],[-2.5371187428057094,51.44639965794511],[-2.5372366725205016,51.44623133609049],[-2.537307171445514,51.44604883185529],[-2.537335771161765,51.44586369249594],[-2.537328003250274,51.44568746526888],[-2.5372893992920593,51.445531697430546],[-2.537173284567,51.445402241113975],[-2.5369525688694,51.44529582927501],[-2.536662000790378,51.44521067328625],[-2.5363363289210525,51.44514498452028],[-2.536010301852541,51.44509697434971],[-2.535718668175962,51.44506485414713],[-2.535496176482433,51.445046835285126],[-2.535202916770339,51.445045843544456],[-2.5348886414252365,51.44507396396991],[-2.5345618691752065,51.445122450828165],[-2.534231118748328,51.44518255838587],[-2.533904908872683,51.44524554090972],[-2.5335917582763505,51.44530265266635],[-2.5333001856874118,51.445345147922446],[-2.5330046129892385,51.445383880908736],[-2.532673349233603,51.44543238143823],[-2.53230555863295,51.44548568815902],[-2.5319004053997247,51.445538839719184],[-2.5314570537463723,51.44558687476682],[-2.5309746678853373,51.44562483195001],[-2.530452412029065,51.44564774991685],[-2.5299100244862185,51.44563659317127],[-2.5293772642887298,51.44558385471639],[-2.5288683221383215,51.44550175087331],[-2.5283973887367157,51.44540249796316],[-2.527978654785635,51.44529831230703],[-2.5276263109868022,51.44520141022605],[-2.5273545480419393,51.44512400804132],[-2.526962743707495,51.44498217675612],[-2.5266324819641044,51.44479607027625],[-2.5263607004785995,51.44456818918187],[-2.5261443369178114,51.44430103405319],[-2.5259803289485716,51.44399710547038],[-2.5258656142377114,51.44365890401362],[-2.525797130452063,51.443288930263094],[-2.525770652567398,51.442913565690134],[-2.525779283763645,51.44258208254182],[-2.5258114851275146,51.44229385382863],[-2.5258557177457193,51.442048252561044],[-2.52590044270497,51.44184465174954],[-2.5259341210919786,51.44168242440459],[-2.525945213993456,51.441560943536665],[-2.525956983964252,51.44128494586535],[-2.5259876358914433,51.44072079629157],[-2.526018035168832,51.43996007994641],[-2.5260290471902196,51.43909438196095],[-2.526001537349409,51.43821528746625],[-2.5259163710402026,51.4374143815934],[-2.5257544136564016,51.43678324947347],[-2.525523540790783,51.43629313259443],[-2.5252594000401944,51.43585743317304],[-2.5249843387275597,51.435480978593105],[-2.524720704175804,51.4351685962384],[-2.524490843707852,51.4349251134927],[-2.5243171046466286,51.43475535773981],[-2.524221834315058,51.4346641563635],[-2.524086049692622,51.43454198213222],[-2.5237934633605197,51.43429957697094],[-2.5233708066176654,51.43397194651977],[-2.5228448107629715,51.43359409641875],[-2.522242207095352,51.43320103230797],[-2.5215897269137195,51.43282775982748],[-2.520914101516988,51.432509284617375],[-2.52074904854889,51.432460689793345],[-2.520388355094072,51.43236246557639],[-2.519908189533404,51.432234318549526],[-2.519384720247757,51.432095955295736],[-2.518894115618001,51.43196708239804],[-2.5185125440250067,51.431867406439416],[-2.5183161738496445,51.43181663400288],[-2.5180142802163985,51.43175783188671],[-2.5173616412883835,51.4316380302729],[-2.5165030274235005,51.431482759938135],[-2.5155832089796517,51.431317551659085],[-2.514746956314739,51.43116793621245],[-2.5141390397866634,51.431059444374895],[-2.5139042297533267,51.43101760692311],[-2.51295565221623,51.430834680403095],[-2.5128971517534597,51.43093956163023],[-2.512744352775791,51.431220121367396],[-2.512531308899189,51.43162523369817],[-2.5122920737396197,51.43210377270617],[-2.512060700913048,51.432604612475],[-2.511871244035439,51.43307662708824],[-2.5117577567227585,51.43346869062952],[-2.5117241510988286,51.4336075823078],[-2.5116721102069226,51.433785260653025],[-2.511610237871289,51.43397980015044],[-2.511547137916177,51.43416927528525],[-2.5114914141658358,51.4343317605427],[-2.511451670444515,51.434445330407996],[-2.511436510576464,51.43448805936638],[-2.511408578691408,51.43460369977023],[-2.5113347679636786,51.434908343750756],[-2.511230055784435,51.43533857546146],[-2.511109419544836,51.43583097905582],[-2.510987836636039,51.43632213868732],[-2.5108802844492035,51.436748638509464],[-2.510801740375488,51.437047062675724],[-2.5107170770701965,51.43735298600313],[-2.5105862793446163,51.43780820456462],[-2.51041682593814,51.438358865708544],[-2.51021619559016,51.43895111678326],[-2.5099918670400703,51.43953110513709],[-2.509751319027264,51.440044978118394],[-2.509502030291134,51.4404388830755],[-2.5093344399552593,51.440626972968595],[-2.5090591158214375,51.44091330848478],[-2.5087204934189153,51.44125440689733],[-2.5083630082769397,51.441606785479536],[-2.5080310959247565,51.44192696150466],[-2.507769191891613,51.442171452246],[-2.507621731706756,51.442296774976825],[-2.5073783310162843,51.44243356295248],[-2.506872175309507,51.4427040604393],[-2.506212683743234,51.44305186184112],[-2.505509275474277,51.44342056156179],[-2.504871369659447,51.44375375400513],[-2.5044083854555543,51.44399503357499],[-2.50422974201941,51.4440879946752]]]}},{"type":"Feature","properties":{"area_name":"Barrs Court Primary School / Cadbury Heath Primary School / Longwell Green Primary School / Parkwall Primary School"},"geometry":{"type":"Polygon","coordinates":[[[-2.4824339766668624,51.460735147056276],[-2.4823475107556963,51.46078232295882],[-2.4822427095952326,51.46082942194944],[-2.482116363476408,51.46087298639932],[-2.4819652626901583,51.46090955867963],[-2.4817861975274202,51.460935681161565],[-2.48157595827913,51.46094789621628],[-2.4813313352362245,51.46094274621496],[-2.48117208624059,51.4609356685705],[-2.480955525167626,51.46092846332966],[-2.4807114713163005,51.460921573876796],[-2.480469743985583,51.460915443596264],[-2.4802601624744423,51.460910515872406],[-2.4801125460818474,51.46090723408956],[-2.480056714106767,51.46090604163209],[-2.4800301420406545,51.459964686345266],[-2.480023496622192,51.45993076518152],[-2.480001956797275,51.45983658592654],[-2.4799631172116112,51.45969352493471],[-2.4799045725109083,51.45951295856044],[-2.4798239173408736,51.459306263158105],[-2.4797187463472143,51.45908481508212],[-2.479586654175638,51.45885999068686],[-2.479451614592917,51.458654174844014],[-2.479337827342706,51.45847702899691],[-2.479243070499062,51.45832074075401],[-2.479165122136043,51.45817749772376],[-2.4791017603277066,51.45803948751461],[-2.4790507631481096,51.457898897735014],[-2.4790099086713098,51.45774791599342],[-2.4789707769798075,51.45757997996485],[-2.478929975298507,51.457397533923455],[-2.478892267918954,51.45720371663847],[-2.4788624191326956,51.457001666879066],[-2.4788451932312783,51.456794523414466],[-2.478845354506249,51.456585425013856],[-2.4788676672491543,51.456377510446444],[-2.478949481670602,51.45615275950852],[-2.4791162683532613,51.45583747584909],[-2.4793340711093697,51.455474929730784],[-2.4795689337511653,51.45510839141625],[-2.4797869000908856,51.45478113116814],[-2.479954013940769,51.45453641924908],[-2.4800363191130534,51.45441752592172],[-2.4801015790193075,51.45432562487481],[-2.4801531312330685,51.45425875157719],[-2.4801923125820897,51.45421293709483],[-2.480220459894127,51.45418421249369],[-2.4802389099969333,51.45416860883977],[-2.480248999718264,51.454162157199036],[-2.4802520658858738,51.45416088863747],[-2.4807448664770524,51.45399353030382],[-2.4803199472895683,51.45353612466082],[-2.48031816979379,51.45353144094488],[-2.480314145004763,51.45351827812439],[-2.4803098344699475,51.45349796869039],[-2.4803071997368025,51.4534718451339],[-2.4803082023527896,51.453441239945924],[-2.4803148038653684,51.453407485617504],[-2.4803289658219994,51.453371914639646],[-2.480359751340769,51.453317370006914],[-2.4804093076003833,51.45323474002348],[-2.480469066638173,51.45313731998351],[-2.4805304604914697,51.453038405181125],[-2.4805849211976048,51.452951290910484],[-2.4806238807939094,51.452889272465725],[-2.480638771317715,51.452865645140996],[-2.4806055989033955,51.45286899678526],[-2.480514810169108,51.45287830203738],[-2.4803794978778573,51.4528924363763],[-2.480212754792649,51.452910275281035],[-2.4800276736764886,51.452930694230524],[-2.4798373472923814,51.452952568703765],[-2.479654868403333,51.45297477417972],[-2.479339516020106,51.45299877114186],[-2.4789689478902335,51.45300351071923],[-2.478579267006229,51.4529924486501],[-2.478206576360605,51.45296904067275],[-2.477886978945876,51.452936742525445],[-2.477656577754555,51.45289900994644],[-2.4775514757791544,51.45285929867403],[-2.4775448358487746,51.452802322946546],[-2.4775673852279194,51.452707165786855],[-2.4776088571550074,51.45259093869233],[-2.477658984868458,51.452470753160384],[-2.4777075016066896,51.4523637206884],[-2.4777441406081215,51.4522869527738],[-2.4777586351111722,51.45225756091395],[-2.4777712828118936,51.45222858818972],[-2.4778051895128645,51.45215079175476],[-2.477854300612296,51.452037854215625],[-2.4779125615083992,51.45190345817888],[-2.4779739175993836,51.4517612862511],[-2.47803231428346,51.45162502103884],[-2.4780816969588395,51.45150834514868],[-2.4781079150014116,51.451421214731596],[-2.478130930222363,51.45130307831616],[-2.4781504398346637,51.45117012297188],[-2.4781661410512834,51.45103853576828],[-2.478177731085192,51.45092450377487],[-2.47818490714936,51.450844214061185],[-2.4781873664567553,51.45081385369673],[-2.478171770628139,51.449843942041234],[-2.478101742201137,51.448732328823816],[-2.477616930933633,51.44792093396575],[-2.477578910383743,51.4478606125308],[-2.4774790337102117,51.4477027763593],[-2.4773385783772506,51.44748211765123],[-2.4771788218490696,51.44723332860657],[-2.4770210415898792,51.44699110142532],[-2.47688651506389,51.446790128307455],[-2.4767965197353132,51.446665101452965],[-2.4766779145981284,51.446582839507116],[-2.4764690109580014,51.446490150290636],[-2.4762082652323527,51.446391610134306],[-2.4759341338386043,51.44629179536894],[-2.4756850731941773,51.446195282325334],[-2.4754995397164934,51.44610664733429],[-2.4754159898229733,51.446030466726604],[-2.4754154484998776,51.44597221213005],[-2.4754430999599766,51.44592295513692],[-2.4754886986835873,51.445882682859796],[-2.4755419991510275,51.44585138241125],[-2.4755927558426154,51.44582904090386],[-2.4756307232386683,51.4458156454502],[-2.475645655819504,51.44581118316285],[-2.475664617904125,51.445801304042874],[-2.475714944189204,51.44577372791011],[-2.475786794721568,51.44573154660536],[-2.475870329548042,51.445677851969414],[-2.475955708715452,51.44561573584306],[-2.476033092270624,51.445548290067094],[-2.476092640260384,51.44547860648229],[-2.4761338239192208,51.44541853294314],[-2.476166943185647,51.44537531482953],[-2.476198410107202,51.44534524627621],[-2.4762346367314265,51.445324621417875],[-2.4762820351058603,51.445309734389234],[-2.4763470172780435,51.44529687932502],[-2.4764359952955157,51.445282350359946],[-2.4765397895438808,51.44526494222509],[-2.4766443372278677,51.44524633532743],[-2.4767485831968297,51.44522725597909],[-2.4768514723001207,51.44520843049216],[-2.4769519493870944,51.445190585178736],[-2.477048959307104,51.445174446350926],[-2.4771414469095028,51.44516074032082],[-2.477228320088657,51.44514023710238],[-2.4773085257488554,51.445106737263416],[-2.477380911295761,51.4450655105336],[-2.4774443241350372,51.44502182664262],[-2.477497611672346,51.44498095532015],[-2.477539621313351,51.444948166295845],[-2.477569200463715,51.444928729299406],[-2.4776251587657505,51.444897979325106],[-2.477735477638777,51.44483355740152],[-2.4778826154975953,51.44474419315423],[-2.478049030757004,51.444638616208806],[-2.478217181831804,51.44452555619081],[-2.478369527136795,51.44441374272582],[-2.478488525086776,51.44431190543941],[-2.478570755747866,51.44423727245642],[-2.4786287403213683,51.44419409678284],[-2.4786689917092537,51.44417143895438],[-2.478698022813494,51.44415835950676],[-2.47872234653606,51.4441439189757],[-2.4787484757789238,51.4441171778969],[-2.478782923444056,51.44406719680609],[-2.4788323944220276,51.443974301191076],[-2.4788948486757936,51.44383866719543],[-2.4789638201696125,51.44367893108735],[-2.479032842867744,51.44351372913501],[-2.479095450734448,51.44336169760662],[-2.4791451777339835,51.44324147277035],[-2.4791755578306094,51.44317169089442],[-2.479202334679306,51.44311981937329],[-2.479241713293534,51.44304549595697],[-2.4792876169321567,51.44295560776246],[-2.4793339688540383,51.442857041906706],[-2.479374692318042,51.4427566855067],[-2.479403710583031,51.442661425679404],[-2.4794149469078692,51.442578149541795],[-2.4794034948632846,51.44248687254564],[-2.479373221579146,51.442370146521256],[-2.47933091249693,51.44223865853992],[-2.479283353058113,51.44210309567291],[-2.4792373287041722,51.44197414499152],[-2.4791996248765837,51.44186249356702],[-2.4791770270168243,51.44177882847069],[-2.4791538525069505,51.44170065802235],[-2.479114470762653,51.44160344615951],[-2.4790657452758564,51.441494813379954],[-2.4790145395384875,51.44138238018148],[-2.4789677170424724,51.44127376706187],[-2.478932141279736,51.44117659451893],[-2.478914675742205,51.44109848305044],[-2.478902686578912,51.4410342491849],[-2.478881175551874,51.44097343942792],[-2.47885362399006,51.44091597729428],[-2.478823513222441,51.44086178629879],[-2.4787943245779878,51.44081078995623],[-2.47876953938567,51.44076291178141],[-2.4787526389744587,51.44071807528913],[-2.4787423805658904,51.440676638309014],[-2.4787349047784817,51.44063951136179],[-2.4787297726236925,51.44060744706986],[-2.4787265451129827,51.44058119805564],[-2.4787247832578116,51.44056151694154],[-2.478724048069639,51.44054915634999],[-2.4787239005599235,51.44054486890338],[-2.478725424308151,51.44052657335303],[-2.4787278169193323,51.44047628952106],[-2.4787278104432136,51.44040092163602],[-2.478722136929542,51.44030737392651],[-2.478707528428064,51.44020255062109],[-2.4786807169885274,51.44009335594835],[-2.4786384346606787,51.43998669413686],[-2.4785633885785057,51.439862335315404],[-2.4784513744511147,51.43970649263715],[-2.478319068264876,51.43953594207417],[-2.4781831460061605,51.439367459598536],[-2.478060283661338,51.43921782118231],[-2.47796715721678,51.43910380279757],[-2.477920442658857,51.43904218041638],[-2.4779014798667354,51.43901454842472],[-2.4778800650966213,51.43898976343093],[-2.477855407400715,51.43896548928261],[-2.4778267158312177,51.438939389827354],[-2.47779319944033,51.43890912891277],[-2.4777540672802534,51.43887237038646],[-2.477708528403189,51.43882677809602],[-2.477648547056527,51.43877347763946],[-2.477572566816423,51.438716231594526],[-2.4774896670997832,51.4386566616207],[-2.477408927323513,51.43859638937746],[-2.477339426904519,51.43853703652429],[-2.477290245259707,51.43848022472067],[-2.4772704618059835,51.438427575626086],[-2.4772793260286843,51.43836797307001],[-2.4773057821229423,51.438294351348425],[-2.4773434515703565,51.43821440782056],[-2.4773859558525273,51.438135839845636],[-2.477426916451054,51.43806634478289],[-2.4774599548475367,51.438013619991544],[-2.4774786925235746,51.43798536283082],[-2.4774932307949773,51.43796757193729],[-2.477515762151044,51.43794182965901],[-2.4775431873886533,51.43790910837464],[-2.4775724073046823,51.43787038046287],[-2.4776003226960097,51.43782661830237],[-2.477623834359514,51.437778794271814],[-2.4776398430920725,51.43772788074989],[-2.477650645333863,51.43767718414436],[-2.4776603377765185,51.43762972128661],[-2.4776686771951577,51.437586135352085],[-2.477675420364899,51.437547069516214],[-2.4776803240608616,51.43751316695444],[-2.4776831450581636,51.43748507084219],[-2.4776836401319247,51.43746342435492],[-2.4776813957560426,51.437443674120935],[-2.4776780833818686,51.437421112954226],[-2.4776765914801966,51.43739625612777],[-2.47767980852182,51.437369618914545],[-2.477690622977533,51.43734171658754],[-2.47771192331813,51.437313064419726],[-2.477746598014405,51.437284177684106],[-2.4778040564158568,51.437239838118266],[-2.47788438431489,51.43717062629463],[-2.477976481102843,51.43708555328695],[-2.4780692461710547,51.43699363016897],[-2.4781515789108637,51.43690386801445],[-2.478212378713609,51.43682527789714],[-2.4782405449706286,51.4367668708908],[-2.478254816809029,51.43670207547403],[-2.4782785058044148,51.43660737456632],[-2.4783075175204496,51.43649615767779],[-2.4783377575207983,51.43638181431859],[-2.4783651313691255,51.43627773399886],[-2.478385544629095,51.43619730622873],[-2.4783949028643715,51.43615392051834],[-2.478398694709569,51.43613142155615],[-2.478405139631693,51.43610604278322],[-2.4784143819980398,51.436079656290886],[-2.478426566175906,51.43605413417045],[-2.4784418365325878,51.43603134851323],[-2.4784603374353815,51.43601317141056],[-2.478482213251583,51.43600147495374],[-2.4785063969666123,51.435993558293724],[-2.4785379802982157,51.43598314473699],[-2.4785749492821014,51.435970857007035],[-2.478615289953978,51.435957317827366],[-2.4786569883495537,51.435943149921485],[-2.4786980305045367,51.4359289760129],[-2.4787364024546346,51.43591541882512],[-2.4788091519221513,51.43588647719695],[-2.478890844824753,51.43584999753354],[-2.4789746909790455,51.435809975421925],[-2.479053900201634,51.435770406449166],[-2.4791216823091236,51.43573528620232],[-2.4791712471181193,51.43570861026844],[-2.479195804445227,51.435694374234586],[-2.4792218224658047,51.4356844360326],[-2.479273173729628,51.43566961785116],[-2.479339165670248,51.4356522556567],[-2.479409105721216,51.43563468541569],[-2.479472301316083,51.43561924309459],[-2.4795180598883992,51.43560826465986],[-2.4795356888717155,51.435604086077966],[-2.4796159669673004,51.43558565214324],[-2.4798237051786356,51.43553812290815],[-2.4801092593925906,51.43547315722636],[-2.4804229854960345,51.43540241395153],[-2.480715239375837,51.43533755193731],[-2.4809363769188675,51.435290230037346],[-2.481036754011996,51.435272107105305],[-2.4810823507297566,51.435265964341404],[-2.48116504306496,51.435249098653344],[-2.481274026194874,51.435224942385005],[-2.481398495296764,51.43519692788028],[-2.481527645547898,51.43516848748306],[-2.481650672125543,51.43514305353724],[-2.4817567702069647,51.4351240583867],[-2.481825751903182,51.43510826946082],[-2.481859606445425,51.435091287385525],[-2.4818778107288395,51.43507535842127],[-2.4818998416485707,51.43506272882852],[-2.4819451760997646,51.435055644867724],[-2.482033290977567,51.435056352799336],[-2.4821836631771226,51.43506709888382],[-2.482345463379195,51.43507927735276],[-2.4824611869528446,51.43508387121802],[-2.4825406046701097,51.4350826142983],[-2.4825934873030304,51.43507724041233],[-2.4826296056236457,51.43506948337882],[-2.482658730403994,51.43506107701648],[-2.4826906324161158,51.435053755144025],[-2.482728421570734,51.43504069471377],[-2.4827708118480625,51.43501687239666],[-2.4828211140922525,51.434986412287714],[-2.4828826391474568,51.43495343848195],[-2.482958697857827,51.43492207507439],[-2.4830526010675156,51.434896446160046],[-2.4831676596206744,51.43488067583394],[-2.4832909148254942,51.43486824098021],[-2.483405231512693,51.43485075203707],[-2.483507664269209,51.43482973906877],[-2.4835952676819817,51.434806732139535],[-2.48366509633795,51.434783261313626],[-2.483714204824052,51.43476085665528],[-2.4837396477272273,51.434741048228744],[-2.4837534197130853,51.434719375324754],[-2.4837690056831203,51.43469206656432],[-2.4837857040370954,51.43466189164522],[-2.4838028131747723,51.43463162026523],[-2.4838196314959142,51.43460402212214],[-2.483835457400283,51.43458186691372],[-2.4838495892876415,51.43456792433775],[-2.4838670722609777,51.434550689289324],[-2.4838916190860596,51.43451956240465],[-2.4839205342438326,51.43447867206416],[-2.483951122215244,51.43443214664829],[-2.48398068748124,51.43438411453748],[-2.4840065345227664,51.43433870411215],[-2.484025967820771,51.43430004375275],[-2.4840368777540305,51.43425712721946],[-2.484040116580714,51.43420027674068],[-2.48403744464687,51.434135819108235],[-2.484030622298545,51.43407008111394],[-2.4840214098817874,51.434009389549615],[-2.484011567742645,51.433960071207096],[-2.4840028562271654,51.43392845287819],[-2.4839842755284987,51.43390280536912],[-2.483948026584869,51.433869650962336],[-2.483900830562323,51.43383289852863],[-2.483849408626909,51.4337964569388],[-2.4838004819446735,51.433764235063656],[-2.483760771681663,51.43374014177399],[-2.483736999003926,51.4337280859406],[-2.4837193657778815,51.43371301731238],[-2.4836944952977027,51.43368149220048],[-2.4836637452287302,51.433639935253915],[-2.483628473236306,51.43359477112169],[-2.4835900369857713,51.433552424452806],[-2.4835497941424665,51.433519319896284],[-2.4835091023717335,51.43350188210112],[-2.4834694838900764,51.433501779498336],[-2.483431648757972,51.43351200463505],[-2.483395741121905,51.433525971521135],[-2.483361905128359,51.433537094166454],[-2.4833302849238184,51.43353878658087],[-2.4833010246547667,51.43352446277425],[-2.4832742684676883,51.43348753675646],[-2.483251011960051,51.43343001585486],[-2.4832311339089754,51.43336186216687],[-2.483212955602681,51.43328862196661],[-2.4831947983293867,51.43321584152821],[-2.483174983377311,51.43314906712579],[-2.4831518320346744,51.43309384503348],[-2.4831236655896944,51.43305572152541],[-2.4830892735132,51.43302559862475],[-2.4830514371954306,51.43299209478817],[-2.483014613431467,51.43295713083084],[-2.48298325901639,51.43292262756799],[-2.4829618307452814,51.432890505814804],[-2.482954785413222,51.43286268638647],[-2.482966579815293,51.43284109009821],[-2.482987887371462,51.432813833614546],[-2.483006381864055,51.432771394400184],[-2.4830220243755,51.432719436921964],[-2.4830347759882265,51.432663625646725],[-2.4830445977846645,51.4326096250413],[-2.4830514508472423,51.432563099572526],[-2.4830552962583896,51.43252971370725],[-2.483054290852683,51.43245385605204],[-2.483048514594924,51.43229789037208],[-2.483040653918013,51.4320941362593],[-2.4830333952548487,51.43187491330568],[-2.4830294250383305,51.43167254110316],[-2.4830314297013576,51.43151933924371],[-2.4830420956768293,51.431447627319265],[-2.4830625221897145,51.431424005058595],[-2.48308999867159,51.43139529756445],[-2.4831213457230628,51.431364054283726],[-2.4831533839447393,51.43133282466333],[-2.4831829339372256,51.431304158150155],[-2.483206816301128,51.4312806041911],[-2.4832218516370532,51.43126471223307],[-2.483233442516207,51.431252563692595],[-2.483249744677045,51.43123854757429],[-2.483271712929899,51.4312226716624],[-2.4833003020851,51.431204943741186],[-2.48333646695298,51.43118537159491],[-2.48338116234387,51.43116396300782],[-2.483435343068102,51.43114072576417],[-2.4834914570523696,51.431121061849645],[-2.4835412671754007,51.43110713491665],[-2.4835847132359077,51.43109440059103],[-2.483621735032603,51.4310783144986],[-2.483652272364198,51.43105433226521],[-2.483676265029406,51.4310179095167],[-2.4836936528269384,51.43096450187888],[-2.483708181399801,51.43089235662093],[-2.483723311534279,51.430808064098414],[-2.4837385557440053,51.43071959456678],[-2.4837534265426116,51.4306349182815],[-2.4837674364437303,51.43056200549801],[-2.483780097960994,51.43050882647178],[-2.4837909236080344,51.43048335145826],[-2.483809284005398,51.430461003864025],[-2.4838406735288543,51.43041641992611],[-2.4838786440529943,51.43035639933727],[-2.483916747452411,51.430287741790266],[-2.483948535601695,51.43021724697786],[-2.4839675603754383,51.43015171459281],[-2.483967373648233,51.43009794432787],[-2.483962172584114,51.430046939330566],[-2.4839624531147098,51.42998680873456],[-2.4839562198530194,51.429920011282846],[-2.4839314774120425,51.42984900571839],[-2.4838762304047775,51.42977625078418],[-2.4837784834442247,51.4297042052232],[-2.4836262411433823,51.42963532777843],[-2.483465026973785,51.429582867033446],[-2.4833428208723314,51.429552314089406],[-2.483251459190942,51.42953449996839],[-2.483182778281538,51.42952025569246],[-2.48312861449604,51.429500412283694],[-2.4830808041863692,51.42946580076417],[-2.4830311837044463,51.42940725215595],[-2.482971861803465,51.42933594630544],[-2.482905212905235,51.429267024177555],[-2.482838472120934,51.42919726470356],[-2.4827788745617405,51.42912344681473],[-2.4827336553388317,51.42904234944232],[-2.4827100495633863,51.428950751517604],[-2.4827152923465823,51.428845431971865],[-2.482720664027586,51.428739956826945],[-2.4827033619457843,51.428648724521416],[-2.4826794930970393,51.428569563275865],[-2.4826651644772117,51.42850030131092],[-2.4826764830821633,51.42843876684718],[-2.482729555907756,51.42838278810525],[-2.482840489949851,51.42833019330576],[-2.4829874651245984,51.42827994716613],[-2.4831150088009015,51.428242968151196],[-2.483235382710631,51.42821839935109],[-2.4833608485856598,51.42820538385592],[-2.48350366815786,51.42820306475582],[-2.483676103159103,51.42821058514091],[-2.483890415321262,51.42822708810131],[-2.484089766058604,51.42823983264853],[-2.484266106565183,51.4282412468646],[-2.4844213759656,51.428231125041954],[-2.484557513384456,51.42820926147303],[-2.4846764579463505,51.42817545045025],[-2.484780148775885,51.42812948626605],[-2.4848705249976604,51.42807116321288],[-2.484963696534166,51.42799731478184],[-2.4850691527529984,51.427910602767724],[-2.4851790448319986,51.42781924852735],[-2.485285523949007,51.4277314734175],[-2.485380741281865,51.427655498795005],[-2.485456848008413,51.427599546016644],[-2.485505995306492,51.427571836439235],[-2.485542855667827,51.42756302740577],[-2.4855852926673188,51.42755708864814],[-2.4856300927360193,51.42755220776427],[-2.485674042304978,51.42754657235205],[-2.4857139278052465,51.42753837000939],[-2.4857465356678743,51.4275257883342],[-2.485768652323913,51.42750701492438],[-2.4857886292542792,51.42747734921262],[-2.485815657445002,51.42743705920856],[-2.4858479209103406,51.427391582008646],[-2.4858836036645533,51.427346354709336],[-2.4859208897219,51.42730681440709],[-2.4859579630966397,51.42727839819837],[-2.4859930078030326,51.42726654317963],[-2.486040661796294,51.42725178782639],[-2.4861102767248644,51.42721638792605],[-2.4861921066571537,51.427168456175195],[-2.4862764056615716,51.427116105270414],[-2.4863534278065282,51.427067447908314],[-2.4864134271604326,51.427030596785485],[-2.486446657791695,51.42701366459853],[-2.486469513993323,51.42700492954389],[-2.4865023167296867,51.42698879805044],[-2.486541063548031,51.42696757912362],[-2.4865817519956006,51.42694358176885],[-2.4866203796196404,51.426919114991584],[-2.486652943967395,51.42689648779722],[-2.4866754425861086,51.42687800919122],[-2.4867024359983936,51.426860781636286],[-2.48674636187392,51.42684107192309],[-2.4867998693192814,51.426819733729126],[-2.486855607441073,51.42679762073184],[-2.4869062253458893,51.4267755866087],[-2.4869443721403246,51.42675448503717],[-2.4869626969309735,51.42673516969473],[-2.4869720564414575,51.4267125798524],[-2.486985610232193,51.42668195696785],[-2.486999323110072,51.42664491722918],[-2.487009159881986,51.426603076824506],[-2.487011085354826,51.42655805194193],[-2.4870010643354847,51.42651145876956],[-2.4869750616308526,51.42646491349551],[-2.486950402439785,51.42642761791353],[-2.486944926057302,51.42640414874413],[-2.4869553679218823,51.42638917210262],[-2.486978463472001,51.42637735410428],[-2.487010948146136,51.42636336086444],[-2.4870495573827633,51.42634185849838],[-2.4870910266203605,51.42630751312141],[-2.4871041402453886,51.42625619918529],[-2.4870736598529937,51.42619176418397],[-2.4870201394244495,51.4261209311571],[-2.48696413294103,51.426050423144346],[-2.4869261943840106,51.425986963185366],[-2.486926877734665,51.425937274319814],[-2.4869867369742673,51.42590807958735],[-2.4870742717577046,51.425888077151896],[-2.4871450924574363,51.42586294932649],[-2.4872007223598986,51.42583480042669],[-2.4872426847515285,51.42580573476801],[-2.4872725029187612,51.42577785666599],[-2.4872917001480337,51.42575327043617],[-2.4873017997257816,51.425734080394065],[-2.4873282851709626,51.42572610798518],[-2.487386922119984,51.42573106297862],[-2.4874645066352667,51.42574468056845],[-2.487547834779234,51.42576269594869],[-2.4876237026143073,51.425780844313394],[-2.487678906202908,51.425794860856584],[-2.487700241607459,51.4258004807723],[-2.487696727801515,51.425809853383875],[-2.4876967462186093,51.425841599644066],[-2.4877161366111307,51.42590116219107],[-2.4877707387314687,51.42599398366309],[-2.487876392332012,51.426125506698334],[-2.4880489371651504,51.426301173934995],[-2.4883042129832726,51.426526428011286],[-2.4884402660195,51.42662649583537],[-2.488610299876657,51.42673422794831],[-2.4888099097469634,51.426855120011446],[-2.48903469082264,51.426994667686124],[-2.4892802382959065,51.427158366633705],[-2.4895421473589834,51.42735171251553],[-2.489816013204091,51.42758020099296],[-2.489985537829258,51.42773114195942],[-2.490144993986908,51.42787286651136],[-2.4902897644820485,51.428000693165735],[-2.490415232119688,51.42810994043952],[-2.490516779704834,51.42819592684966],[-2.490589790042495,51.42825397091313],[-2.4906296459376787,51.428279391146894],[-2.4908586236400034,51.42835431700488],[-2.4911894845890634,51.42845509759547],[-2.491581452110659,51.42856825011001],[-2.4919937495305904,51.42868029173987],[-2.4923856001746576,51.42877773967642],[-2.492716227368661,51.42884711111101],[-2.4929448544384005,51.42887492323501],[-2.4930925021912502,51.428876267065576],[-2.4932138369140464,51.428873871989744],[-2.4933188528948973,51.428865717438185],[-2.4934175444219138,51.42884978284157],[-2.4935199057832045,51.42882404763054],[-2.4936359312668794,51.42878649123578],[-2.4937756151610477,51.42873509308796],[-2.493984205531396,51.42865532617072],[-2.494276493884768,51.42854432685348],[-2.4946166469877986,51.4284176670776],[-2.4949688316071237,51.42829091878443],[-2.4952972145093786,51.42817965391531],[-2.4955659624611983,51.428099444411586],[-2.4957392422292193,51.42806586221463],[-2.4958577509382063,51.42807010963275],[-2.4959836910182425,51.42808971795779],[-2.4961131952033275,51.42811995359547],[-2.4962423962274607,51.428156082951524],[-2.496367426824641,51.42819337243167],[-2.496484419728869,51.42822708844165],[-2.4965895076741442,51.42825249738718],[-2.4967318836886108,51.428251936374],[-2.496943403910016,51.42821798732454],[-2.4971941993254276,51.428161371109994],[-2.497454400921913,51.42809280860156],[-2.4976941396865397,51.42802302067044],[-2.497883546606376,51.42796272818781],[-2.497992752668489,51.42792265202487],[-2.498129630979651,51.42786635215953],[-2.4983874559897656,51.42776351997179],[-2.4987144689032625,51.42763427284264],[-2.4990589109245698,51.427498728153054],[-2.4993690232581156,51.427377003284036],[-2.4995930471083287,51.42728921561656],[-2.4996792236796384,51.42725548253163],[-2.5006035981715837,51.42695171603083],[-2.500651499524936,51.426935340781895],[-2.500779719291868,51.42688962991698],[-2.5009650310326923,51.42681970575889],[-2.501184208307721,51.42673069063042],[-2.5014140246772683,51.426627706854404],[-2.501631253701646,51.42651587675364],[-2.501812668941167,51.42640032265094],[-2.501969172559747,51.42627521409072],[-2.5021429446599956,51.426124701911384],[-2.5023272086627184,51.425961363479246],[-2.5025151879887186,51.425797776160664],[-2.5027001060588017,51.425646517321965],[-2.5028751862937706,51.425520164329484],[-2.5030336521144307,51.425431294549576],[-2.5030827748153253,51.42541334038856],[-2.503149500276609,51.425394454876994],[-2.5032324923729528,51.4253737540489],[-2.5033304149790254,51.4253503539383],[-2.503441931969497,51.42532337057922],[-2.5035657072190385,51.42529192000569],[-2.5037004046023186,51.42525511825175],[-2.503814730011201,51.42522097482098],[-2.5039337278844127,51.42518287013895],[-2.5040507475989755,51.42514362652366],[-2.5041591385319095,51.42510606629314],[-2.504252250060236,51.42507301176539],[-2.504323431560977,51.42504728525844],[-2.504366032411153,51.42503170909028],[-2.5045334926321985,51.424970159045436],[-2.504874969215082,51.42484774056184],[-2.5053271209353456,51.42469240196388],[-2.5058266065685313,51.42453209157597],[-2.506310084890181,51.42439475772248],[-2.506714214675837,51.42430834872783],[-2.506975654701042,51.42430081291639],[-2.5071091525104325,51.424376552514445],[-2.50718044220496,51.42450897424926],[-2.5072026683037936,51.42467973256792],[-2.5071889753261005,51.42487048191752],[-2.507152507791049,51.42506287674519],[-2.5071064102178067,51.425238571497985],[-2.507063827125542,51.42537922062303],[-2.507009353762098,51.42554792855551],[-2.506933665659291,51.42579559986931],[-2.506854877213345,51.42609796752501],[-2.506791102820487,51.42643076448317],[-2.50676045687694,51.42676972370437],[-2.50678105377893,51.42709057814917],[-2.5068710079226815,51.427369060778155],[-2.507054809057419,51.427633996475514],[-2.5073055092075025,51.42787266380953],[-2.5076090501114003,51.428084177594165],[-2.5079513735075807,51.42826765264339],[-2.5083184211345118,51.42842220377117],[-2.508696134730661,51.42854694579146],[-2.509070456034497,51.42864099351823],[-2.5095073855329866,51.42873948714492],[-2.51004217897481,51.42886728061792],[-2.5106146656050052,51.4290081715469],[-2.51116467466861,51.42914595754151],[-2.5116320354106616,51.42926443621141],[-2.511956577076198,51.429347405166276],[-2.5120781289102574,51.42937866201574],[-2.511301295661071,51.43051986523885],[-2.5112640534994086,51.43059146820191],[-2.5111667513624,51.430782262605355],[-2.511031025772015,51.43105622672058],[-2.510878513250222,51.43137733881895],[-2.510730850318989,51.431709577171866],[-2.510609673500286,51.432016920050714],[-2.5105366193160807,51.43226334572688],[-2.5104859949564844,51.43247113348199],[-2.5104008954006694,51.43278926340786],[-2.5102943800743156,51.43318400622117],[-2.510179508403104,51.433621632638555],[-2.5100693398127145,51.4340684133767],[-2.509976933728827,51.43449061915224],[-2.509915349577122,51.434854520681846],[-2.5098966300153767,51.43500820666872],[-2.5098531238682926,51.435360110746245],[-2.5097912237005073,51.435842213827385],[-2.5097173220766598,51.43638649682512],[-2.5096378115613875,51.43692494065243],[-2.509559084719329,51.43738952622229],[-2.5094875341151233,51.43771223444766],[-2.509281840936751,51.438386294364875],[-2.509043064075638,51.438995259963335],[-2.50878360265676,51.439536746656636],[-2.508515855805095,51.44000836985838],[-2.508252222645619,51.44040774498215],[-2.5080051023033096,51.44073248744155],[-2.507786893903144,51.440980212650175],[-2.507531823764622,51.4412257347445],[-2.5071952880845,51.44152362447442],[-2.506821282909073,51.44184102697682],[-2.5064538042846354,51.44214508738855],[-2.5061368482574813,51.44240295084652],[-2.505914410873906,51.44258176248759],[-2.5058304881802047,51.442648667448644],[-2.5040613079229512,51.444034573540684],[-2.502438776060976,51.4452251466743],[-2.4987250943455384,51.447992337638006],[-2.4987133660538685,51.44801692496446],[-2.498683026867666,51.44808053753978],[-2.498641345320141,51.448167951257915],[-2.4985955899445034,51.448263942012815],[-2.4985530292739644,51.44835328569842],[-2.4985209318417336,51.44842075820868],[-2.498506566181022,51.44845113543754],[-2.498388335048852,51.44857266982587],[-2.4980791282324866,51.448881096865705],[-2.4976379489118252,51.44931251673106],[-2.4971238002667673,51.449803029595934],[-2.496595685477213,51.45028873563434],[-2.496112607723062,51.450705735020286],[-2.495733570184214,51.450990127927774],[-2.4953014048292514,51.451241520122124],[-2.4947400856482496,51.45153001089168],[-2.4940968598815507,51.45183312082026],[-2.493418974769497,51.4521283704917],[-2.4927536775524306,51.45239328048983],[-2.492148215470694,51.45260537139847],[-2.4916498357646297,51.45274216380145],[-2.49134212037016,51.45280925437034],[-2.4908362239426833,51.452920616678654],[-2.49019024679527,51.45306258914744],[-2.4894622892409886,51.45322151019776],[-2.488710451592908,51.45338371825063],[-2.487992834164098,51.453535551727114],[-2.487367537267628,51.45366334904825],[-2.487342437374168,51.45364849156279],[-2.487285373222128,51.453610216565956],[-2.487199564384646,51.45356279988255],[-2.487088230434863,51.453520517337346],[-2.486954590945917,51.45349764475516],[-2.486801865490947,51.45350845796078],[-2.4866332736430934,51.453567232779],[-2.4865109921983426,51.45365221435669],[-2.4864569528768854,51.45374128225564],[-2.4864525595053633,51.453828763980034],[-2.486479215910417,51.45390898703402],[-2.4865183259186887,51.45397627892178],[-2.4865512933568192,51.45402496714746],[-2.4865595220514507,51.45404937921524],[-2.486378976170014,51.45418925745154],[-2.4860111817159196,51.4544543089085],[-2.4855243248119154,51.4548059880662],[-2.4849865915807503,51.4552057494047],[-2.484466168145172,51.45561504740406],[-2.4840312406279286,51.45599533654435],[-2.4837499951517685,51.45630807130563],[-2.483558542847301,51.45660570716575],[-2.4833774552811687,51.456920468322],[-2.4832099759596864,51.45724485328151],[-2.4830593483891694,51.45757136055143],[-2.4829288160759315,51.45789248863888],[-2.4828216225262874,51.458200736051026],[-2.4827410112465524,51.45848860129498],[-2.4827052448438023,51.45871519042748],[-2.48269484862843,51.458968251719554],[-2.482702878849208,51.45923990259703],[-2.4827223917549075,51.45952226048572],[-2.4827464435943014,51.45980744281148],[-2.4827680906161627,51.46008756700014],[-2.482780389069262,51.46035475047752],[-2.482768984981923,51.4603636538264],[-2.4827382217692118,51.460374817437994],[-2.4826938272142662,51.46038931553734],[-2.482641529100225,51.460408222349464],[-2.482587055210227,51.4604326120994],[-2.4825361333274105,51.46046355901218],[-2.4824944912349136,51.46050213731284],[-2.4824611502936977,51.46055153675029],[-2.4824408430356266,51.46059901526457],[-2.4824306884513985,51.46064250294333],[-2.48242780553171,51.460679929874225],[-2.48242931326726,51.460709226144914],[-2.4824323306487446,51.46072832184304],[-2.4824339766668624,51.460735147056276]]]}},{"type":"Feature","properties":{"area_name":"Cherry Garden Primary School / Redfield Edge Primary School / St Anne's Church of England Primary School / St Barnabas Church of England Primary School"},"geometry":{"type":"Polygon","coordinates":[[[-2.483043586106306,51.46654584901326],[-2.483027304354961,51.46654986076471],[-2.482973150285724,51.46656245244077],[-2.482873160675791,51.466584458674006],[-2.4827193723023577,51.46661671409699],[-2.4825038219426205,51.46666005334229],[-2.482218546373776,51.466715311042464],[-2.48185558237302,51.466783321830086],[-2.481342787151567,51.466860264834665],[-2.4806710033315293,51.46693856121068],[-2.47992693490051,51.46701340311222],[-2.479197285846112,51.46707998269334],[-2.4785687601559387,51.46713349210815],[-2.4781280618175923,51.4671691235107],[-2.477961894818676,51.46718206905509],[-2.4778064404956806,51.46718763707184],[-2.477400501802446,51.46720212283539],[-2.4768347151526022,51.46722219891568],[-2.4761997169597794,51.46724453788267],[-2.475586143637606,51.46726581230631],[-2.475084631599713,51.46728269475654],[-2.4747858172597286,51.46729185780332],[-2.4745654278693854,51.467281760128934],[-2.4742595370616507,51.46724641896216],[-2.473899492800468,51.467190839878434],[-2.473516643049779,51.467120028453174],[-2.4731423357735265,51.46703899026181],[-2.4728079189356547,51.466952730879775],[-2.472544740500105,51.466866255882486],[-2.472226422325352,51.466754508556505],[-2.471754934417827,51.466602890106415],[-2.471203954615161,51.466432199203204],[-2.4706471607549876,51.46626323451786],[-2.470158230674938,51.46611679472139],[-2.469810842212645,51.46601367848477],[-2.46967867320574,51.465974684479015],[-2.4696034233218223,51.46594935600614],[-2.4694071450182227,51.46588176164403],[-2.46913404531717,51.465784487977466],[-2.468828331240893,51.46567012159121],[-2.468534209811621,51.465551249070046],[-2.4682958880515833,51.46544045699875],[-2.4681575729830083,51.46535033196209],[-2.468018896663827,51.465245235794164],[-2.467779643445602,51.465095779161125],[-2.4674842484402753,51.46492402407368],[-2.4671771467597887,51.46475203254257],[-2.4669027735160847,51.4646018665785],[-2.4667055638211046,51.4644955881922],[-2.466629952786791,51.46445525939438],[-2.4638282793727786,51.463923384101385],[-2.4616406250004625,51.46340609461561],[-2.458321389993804,51.462224780596124],[-2.454622860316968,51.46150447920616],[-2.455500590091949,51.46091047820678],[-2.452471143248817,51.460173476529974],[-2.4524561017242212,51.460163493352084],[-2.4524201468248945,51.46013612411351],[-2.4523770330625245,51.460095239256894],[-2.4523405149488,51.460044709224874],[-2.4523243469954106,51.45998840446009],[-2.452342283714044,51.45993019540518],[-2.452408079616389,51.459873952502775],[-2.452535519568819,51.45981446941599],[-2.4527125327319292,51.45974795556348],[-2.4529139041998214,51.459680309060985],[-2.453114419066597,51.45961742802425],[-2.453288862426359,51.459565210569004],[-2.453412019373208,51.459529554810985],[-2.4534586750012464,51.459516358865926],[-2.453784984385191,51.45917700636386],[-2.4524429814453694,51.45902996509995],[-2.452711271819917,51.45860172084576],[-2.4526428872173565,51.458091571473425],[-2.4515353292874273,51.458521608622576],[-2.450573037344454,51.45793697918854],[-2.4499904522521865,51.45817213122231],[-2.4498553926483377,51.457328460382506],[-2.449238785485811,51.45684097566912],[-2.4500883055380296,51.45625872769397],[-2.4489015248939388,51.45562607213508],[-2.448050839708647,51.45504527083037],[-2.4471909657363877,51.45410331077975],[-2.446230321249931,51.453585395302454],[-2.4469681566653096,51.45290108095378],[-2.4475771581429773,51.45307991755216],[-2.4481792808394474,51.452314814683554],[-2.449268134409379,51.452395138658616],[-2.449370680951903,51.4520312573978],[-2.449696400006572,51.45166177724606],[-2.449974180383483,51.451624670115905],[-2.4501963188306637,51.45158903537169],[-2.450406599080604,51.451071897938576],[-2.4509537128410828,51.450636583387265],[-2.4506689226501246,51.45054950866542],[-2.4506477681089405,51.45054209125576],[-2.4505925689535344,51.45052241076651],[-2.4505157218861253,51.45049432480723],[-2.450429623608933,51.45046169098749],[-2.4503466708241763,51.450428366916846],[-2.4502792602340744,51.45039821020489],[-2.450239788540847,51.45037507846117],[-2.450176427165241,51.45034319879911],[-2.4500477163998835,51.450290583485746],[-2.449881028155559,51.45022657801989],[-2.4497037343430526,51.45016052790035],[-2.4495432068731477,51.45010177862596],[-2.44942681765663,51.45005967569552],[-2.4493819386042825,51.45004356460786],[-2.4490557259979173,51.45007825737623],[-2.448126293667365,51.45016326792504],[-2.448170231927116,51.449959299611365],[-2.4480848249658402,51.44994579801133],[-2.4478605626671666,51.449911078459365],[-2.4475453829088227,51.44986381882773],[-2.447187223568538,51.449812696988666],[-2.44683402252404,51.4497663908144],[-2.446533717653058,51.449733578177195],[-2.4463342468333202,51.44972293694928],[-2.446165467428723,51.44973851402575],[-2.445940861018907,51.449773858251824],[-2.445683985187627,51.44982189582618],[-2.4454183975186363,51.44987555294753],[-2.4451676555956894,51.44992775581459],[-2.4449553170025404,51.44997143062604],[-2.4448049393229434,51.449999503580614],[-2.444674018955258,51.45001294240611],[-2.4445160678452558,51.45001871790577],[-2.4443482796486053,51.450018869675425],[-2.4441878480209747,51.45001543731091],[-2.4440519666180305,51.45001046040807],[-2.443957829095441,51.45000597856276],[-2.443922629108874,51.450004031370796],[-2.4439082727083443,51.45000135989946],[-2.4438680800657355,51.44999409412866],[-2.443806366019517,51.44998335702319],[-2.443727445408159,51.449970271547876],[-2.44363563307013,51.44995596066751],[-2.4435352438439013,51.4499415473469],[-2.4434305925679416,51.44992815455086],[-2.4433095510285763,51.44991126073567],[-2.4431668921756686,51.44988781847093],[-2.4430172825929986,51.44986116189144],[-2.4428753888643437,51.44983462513201],[-2.4427558775734832,51.449811542327424],[-2.442673415304196,51.44979524761249],[-2.4426426686402607,51.449789075122005],[-2.4424163399944367,51.44989180379189],[-2.442357671308173,51.44988928618199],[-2.4422034114462807,51.44988252680198],[-2.441986179704107,51.44987271582636],[-2.4417385953769997,51.44986104342965],[-2.441493277760306,51.44984869978636],[-2.4412828461493725,51.449836875071],[-2.441139919839548,51.449826759458084],[-2.4410169621581925,51.449814189967206],[-2.4408578318372776,51.449796040103145],[-2.440682608120082,51.449775048664954],[-2.4405113702498875,51.449753954451694],[-2.440364197469973,51.449735496262434],[-2.4402611690236187,51.449722412896236],[-2.440222364154105,51.44971744315215],[-2.4401958344179526,51.44971589309576],[-2.440126335258868,51.44971078563111],[-2.440029001750909,51.449701434815054],[-2.4399189689681346,51.449687154704414],[-2.4398113719846033,51.44966725935603],[-2.4397213458743727,51.44964106282673],[-2.439664025711502,51.449607879173335],[-2.4396186858261424,51.449567837386226],[-2.4395618352159536,51.449522988352356],[-2.439504094115237,51.449475535076644],[-2.4394560827582943,51.449427680564035],[-2.4394284213794277,51.44938162781945],[-2.439431730212939,51.44933957984783],[-2.439476629493129,51.449303739654106],[-2.439547738529205,51.44927763713858],[-2.4396213879618194,51.44926120345282],[-2.4396957764076443,51.44925124009709],[-2.439769102483352,51.449244548571684],[-2.439839564805615,51.44923793037686],[-2.4399053619911037,51.44922818701289],[-2.4399646926564915,51.44921211998007],[-2.4399978248239993,51.44918502584385],[-2.4399938519922877,51.44914712830962],[-2.4399640161488754,51.44910262447356],[-2.439919559281282,51.449055711431875],[-2.4398717233770273,51.449010586280764],[-2.4398317504236298,51.44897144611642],[-2.4398108824086098,51.44894248803504],[-2.4398143295022092,51.448914669695085],[-2.439835792356038,51.448877757517224],[-2.4398696244674714,51.44883405324433],[-2.439910179333884,51.448785858619274],[-2.4399518104526505,51.44873547538492],[-2.439988871321147,51.448685205284136],[-2.4400157154367474,51.448637350059805],[-2.4400336763480954,51.44859007576992],[-2.440047828359484,51.44854090235052],[-2.440058500428171,51.44849105415228],[-2.4400660215114134,51.44844175552586],[-2.440070720566468,51.448394230821954],[-2.440072926550591,51.44834970439123],[-2.4400729684210414,51.44830940058435],[-2.4400665050497765,51.448266868150434],[-2.440051305595177,51.4482168377936],[-2.4400308644441306,51.448162306797094],[-2.4400086759835258,51.44810627244412],[-2.4399882346002495,51.4480517320179],[-2.4399730346811905,51.44800168280167],[-2.4399665706132363,51.44795912207864],[-2.4399684967199815,51.44792144545914],[-2.4399755776156646,51.44788455052288],[-2.439986978076166,51.44784938862504],[-2.4400018628773674,51.4478169111208],[-2.44001939679515,51.447788069365366],[-2.440038744605394,51.44776381471391],[-2.4400590710839807,51.44774509852162],[-2.440090861789281,51.447709117907145],[-2.44013928151287,51.4476409214257],[-2.4401960638752627,51.447553217603115],[-2.4402529424969743,51.44745871496522],[-2.4403016509985194,51.447370122037846],[-2.440333923000413,51.447300147346816],[-2.4403414921231703,51.44726149941795],[-2.440353483706298,51.44723615009945],[-2.440390973869944,51.44720136752808],[-2.440433808302607,51.44716290216984],[-2.440461832692786,51.447126504490754],[-2.4404548927289786,51.447097924956815],[-2.440392834099684,51.44708291403405],[-2.4402555024934007,51.44708722218846],[-2.4400921985510267,51.44710624927555],[-2.439963028808559,51.447128746317716],[-2.4398638758761377,51.44715049484253],[-2.4397906223639008,51.447167276377584],[-2.439739150881988,51.44717487245045],[-2.4397053440405387,51.44716906458871],[-2.4396850844496916,51.44714563431994],[-2.4396804269095544,51.44711057599996],[-2.439693432627074,51.44707228350862],[-2.439719801569651,51.44703024774576],[-2.439755233704687,51.44698395961122],[-2.4397954289995845,51.446932910004854],[-2.4398360874217437,51.446876589826495],[-2.4398729089385665,51.446814489976],[-2.4399015337767844,51.44674637250097],[-2.439921486852313,51.44667492110659],[-2.4399342976809466,51.44660411128506],[-2.439941495778477,51.44653791852857],[-2.439944610660698,51.44648031832931],[-2.439945171843402,51.44643528617948],[-2.4399447088423827,51.44640679757126],[-2.4399378838678625,51.446387060335155],[-2.439920961274268,51.446363715922324],[-2.439897873717495,51.4463338871618],[-2.43987255385344,51.44629469688265],[-2.439848934337998,51.446243267913935],[-2.4398309478270668,51.4461767230847],[-2.439822526976541,51.446092185223996],[-2.439840323562994,51.4460061679664],[-2.439889963127719,51.44593632294797],[-2.4399588414121047,51.445881579011875],[-2.4400343541575413,51.44584086500126],[-2.4401038971054185,51.445813109759285],[-2.4401548659971257,51.445797242129125],[-2.4401746565740527,51.44579219095392],[-2.4401929849822563,51.44578561275261],[-2.440241907955115,51.44576746934192],[-2.440312332114999,51.44574014751172],[-2.44039516408428,51.445706034051916],[-2.4404813104853287,51.44566751575237],[-2.440561677940517,51.44562697940297],[-2.440627173072215,51.44558681179359],[-2.4406831970162575,51.445544744819586],[-2.4407374365129235,51.44549872247836],[-2.440784224152837,51.44545135070094],[-2.440817892526623,51.44540523541837],[-2.4408327742249054,51.44536298256168],[-2.440823201838309,51.44532719806192],[-2.440783507957458,51.44530048785012],[-2.4407064346302754,51.44527890510428],[-2.4405984416403963,51.44525531947173],[-2.4404746354642355,51.4452276557133],[-2.440350122578207,51.44519383858982],[-2.4402400094587273,51.44515179286213],[-2.4401594025822098,51.44509944329105],[-2.4401234084250696,51.44503471463741],[-2.4401162330576893,51.444968181777654],[-2.440114142569025,51.44491078717613],[-2.4401199527225192,51.4448609143543],[-2.4401364792816165,51.44481694683362],[-2.440166538009759,51.44477726813554],[-2.4402129446703906,51.44474026178152],[-2.4402785150269546,51.444704311293016],[-2.4403477485461362,51.444668013833365],[-2.440403209704624,51.44463097964749],[-2.440445192445497,51.44459320140632],[-2.4404739907118325,51.444554671780786],[-2.44048989844671,51.44451538344182],[-2.4404932095932077,51.44447532906035],[-2.440484218094404,51.444434501307306],[-2.4404624686924103,51.44438926014864],[-2.440432264514693,51.44433852230561],[-2.4404014152323827,51.44428610300323],[-2.4403777305166097,51.44423581746655],[-2.4403690200385038,51.44419148092058],[-2.4403830934691952,51.44415690859035],[-2.440427760479815,51.4441359157009],[-2.440489992231449,51.4441211455153],[-2.440549614830537,51.444103811111674],[-2.4406040896456735,51.44408567534625],[-2.4406508780454508,51.444068501075265],[-2.440687441398462,51.444054051154936],[-2.4407112410733003,51.44404408844151],[-2.4407197384385593,51.444040375791204],[-2.4407327013090234,51.44404036013579],[-2.440767373541075,51.44403949228416],[-2.440817430565702,51.44403654090824],[-2.4408765478138927,51.44403027467994],[-2.440938400716635,51.44401946227118],[-2.4409966647049166,51.44400287235388],[-2.441045015209726,51.44397927359995],[-2.4410873039738337,51.44394170293963],[-2.4411283067623644,51.44388702160789],[-2.44116328232206,51.443819828859574],[-2.4411874893996637,51.44374472394952],[-2.4411961867419176,51.44366630613257],[-2.441184633095564,51.44358917466357],[-2.441148087207346,51.44351792879736],[-2.441097897464982,51.443447790429005],[-2.4410510343075886,51.443372777667186],[-2.441010992200577,51.44329558686726],[-2.44098126560936,51.44321891438456],[-2.4409653489993492,51.443145456574456],[-2.4409667368359567,51.44307790979229],[-2.4409889235845945,51.4430189703934],[-2.441026201688324,51.442968324788445],[-2.441068767835605,51.44292403640661],[-2.441113773139309,51.442886173993394],[-2.441158368712311,51.442854806294285],[-2.4411997056674832,51.44283000205479],[-2.441234935117699,51.442811830020396],[-2.4412612081758316,51.44280035893661],[-2.4412895055778723,51.442787345678525],[-2.441331361683012,51.442767039816616],[-2.4413845771711262,51.442743355844115],[-2.4414469527220914,51.442720208254244],[-2.441516289015784,51.44270151154023],[-2.4415903867320803,51.44269118019529],[-2.441667046550856,51.442693128712655],[-2.441740178263944,51.44266591686326],[-2.4418044524069713,51.44258057429945],[-2.4418589965963298,51.44245981474982],[-2.4419029384484094,51.44232635194294],[-2.441935405579601,51.4422028996074],[-2.4419555256062964,51.442112171471784],[-2.441962426144886,51.44207688126467],[-2.444538124390995,51.44181817974588],[-2.444585527033548,51.44180472732641],[-2.4447107165298667,51.44176973268568],[-2.4448881652329404,51.44172123975019],[-2.4450923454957576,51.441667292446446],[-2.445297729671308,51.44161593470097],[-2.4454787901125794,51.441575210440256],[-2.445609999172562,51.44155316359081],[-2.4457378120705964,51.44153801281244],[-2.44591001698216,51.44151513038614],[-2.446103266562246,51.44148818396556],[-2.4462942134658454,51.44146084120433],[-2.4464595103479505,51.441436769756095],[-2.446575809863553,51.441419637274485],[-2.4466197646676444,51.44141311141314],[-2.4466395939167604,51.440883231525554],[-2.4481694093700477,51.44063308504733],[-2.454177357817009,51.440394129052514],[-2.455397819445064,51.44018701056311],[-2.4572948939686357,51.44024540770348],[-2.457268686753865,51.43984009355219],[-2.4575384500552064,51.439506971490665],[-2.4576989808356946,51.43740293854559],[-2.457599821554279,51.437352556967035],[-2.457655981691202,51.43565695614426],[-2.4577371909719328,51.434984453255005],[-2.459728930630397,51.43489915671884],[-2.4608796238123762,51.43384680834824],[-2.4610547034631516,51.43365699032751],[-2.4616780384123262,51.43309438092698],[-2.4622146573736607,51.4329926267056],[-2.4628916280083373,51.43259627082853],[-2.465593415137816,51.43215797139284],[-2.466927589379831,51.43192157085671],[-2.4688303748988973,51.431547418136084],[-2.4697021859492616,51.431781288044085],[-2.4698670682179236,51.43117731426679],[-2.470959276675296,51.43106155050616],[-2.471170112582934,51.42967090732318],[-2.4717523331070335,51.42942692818381],[-2.4723368698906873,51.42927102467588],[-2.4734367466551404,51.428149332883294],[-2.4750544374579415,51.42946760504663],[-2.4763950546245477,51.4294869341296],[-2.4767461687777894,51.42915177444596],[-2.4771907226200973,51.42928163071123],[-2.4770372797627775,51.429691452343974],[-2.478072529307765,51.42992146451775],[-2.478232340652162,51.429776211822634],[-2.4789274786340445,51.4301294038402],[-2.478655689159675,51.43037427684209],[-2.47999551284905,51.4303672723971],[-2.481302763333003,51.43036099809941],[-2.4812269815285233,51.43060111957513],[-2.4820432047900822,51.430571813744464],[-2.4827073590961666,51.430996164493294],[-2.483915018131075,51.43159247229772],[-2.484308546296327,51.43164430705034],[-2.484027571109591,51.432180819958866],[-2.4840094746736097,51.4321946228559],[-2.483965401272901,51.432232997330885],[-2.483910674768317,51.432291392059625],[-2.4838606190207106,51.43236525571794],[-2.483830557890933,51.43245003698164],[-2.483835815239838,51.43254118452654],[-2.4838917149282764,51.43263414702846],[-2.48396745702685,51.43272420158769],[-2.484023887136139,51.43280779655879],[-2.484063796985028,51.43288223658273],[-2.484089978302402,51.43294482630043],[-2.4841052228171456,51.432992870352855],[-2.484112322258143,51.43302367338095],[-2.4841140683542786,51.43303454002566],[-2.4840815423629508,51.43302761186252],[-2.4840028270433145,51.43301427705274],[-2.483906216376891,51.43300571011576],[-2.483820004345201,51.43301308557101],[-2.4837724849297658,51.43304757793795],[-2.483791952112106,51.43312036173601],[-2.483906699873743,51.43324261148464],[-2.4840552505642326,51.43337723747805],[-2.484161893949966,51.43348188581737],[-2.4842335747107795,51.433559933816156],[-2.4842772375265114,51.43361475878794],[-2.4842998270769976,51.433649738046256],[-2.4843082880420755,51.43366824890465],[-2.484309565101582,51.43367366867666],[-2.4843260509518412,51.433687253975066],[-2.484371966687983,51.43372356935453],[-2.484441999588054,51.433775954041415],[-2.484530836930102,51.43383774726211],[-2.4846331659921743,51.43390228824298],[-2.484743674052317,51.433962916210405],[-2.4848570483885783,51.43401297039075],[-2.4849590298419475,51.43404485906924],[-2.4850394951550796,51.434061553565925],[-2.4850995192678638,51.434072133976976],[-2.4851401771201886,51.43408568039858],[-2.485162543651944,51.43411127292691],[-2.4851676938030187,51.43415799165816],[-2.485156702513302,51.43423491668849],[-2.485147533306045,51.43433787000929],[-2.4851466230535504,51.434450961012075],[-2.4851377515376565,51.43456549049307],[-2.485104698540202,51.43467275924846],[-2.4850312438430255,51.43476406807443],[-2.4849011672279655,51.434830717767184],[-2.484698248476861,51.43486400912291],[-2.4844558664111567,51.43488886973526],[-2.484222477442832,51.4349312572662],[-2.4840044780140644,51.43498391234243],[-2.483808264567033,51.43503957559067],[-2.4836402335439143,51.43509098763762],[-2.483506781386887,51.43513088910999],[-2.483414304538128,51.4351520206345],[-2.483308843651569,51.435160156859276],[-2.483141320973663,51.43516815050338],[-2.48292583356159,51.435179349815094],[-2.4826764784725284,51.43519710304271],[-2.4824073527636594,51.43522475843451],[-2.482132553492162,51.43526566423879],[-2.481866177715216,51.43532316870384],[-2.481578802333205,51.435398314780954],[-2.481251407690704,51.435484340803306],[-2.480913511927296,51.435573097046344],[-2.480594633182564,51.43565643378552],[-2.4803242895960915,51.43572620129628],[-2.4801319993074618,51.43577424985409],[-2.480047280456257,51.435792429734384],[-2.4799928641536524,51.435804747949994],[-2.479884607303097,51.435836620738094],[-2.479742089228106,51.435882002869626],[-2.4795848892521963,51.43593484911552],[-2.4794325866988824,51.435989114246716],[-2.4793047608916803,51.436038753034154],[-2.4792209911541057,51.43607772024877],[-2.4791597015199374,51.43611072759991],[-2.479089847921477,51.43614488273098],[-2.479016807606228,51.43617773740814],[-2.4789459578216904,51.43620684339755],[-2.4788826758153673,51.43622975246538],[-2.47883233883476,51.43624401637779],[-2.478800324127371,51.436247186900935],[-2.478772144373329,51.43626486665013],[-2.4787314315356537,51.43631882390562],[-2.478680550585393,51.436400662483685],[-2.4786218664935955,51.43650198620057],[-2.4785577442313094,51.43661439887252],[-2.4784905487695834,51.43672950431581],[-2.478422645079466,51.436838906346686],[-2.4783421085967565,51.43694976099187],[-2.4782423408487597,51.437068960177236],[-2.47813370376216,51.437187912613716],[-2.47802655926364,51.43729802701229],[-2.477931269279884,51.43739071208391],[-2.4778581957375754,51.437457376539534],[-2.4778177005633975,51.43748942909012],[-2.477794670154419,51.43752438452128],[-2.4777674130711445,51.437595845257704],[-2.4777364270000257,51.43768945357496],[-2.4777022096275148,51.43779085174863],[-2.477665258640063,51.437885682054294],[-2.477626071724123,51.43795958676752],[-2.4775851465661463,51.43799820816389],[-2.4775094729695617,51.438023272859],[-2.4773890637402287,51.438065354500196],[-2.477258762382074,51.43812327156933],[-2.4771534123990233,51.43819584254827],[-2.477107857295004,51.43828188591887],[-2.477156940573942,51.43838022016298],[-2.477335505739764,51.43848966376247],[-2.477561724205116,51.438602626925174],[-2.4777355307258793,51.43871135696106],[-2.4778646029339426,51.43881442326274],[-2.4779566184611945,51.43891039522284],[-2.478019254939524,51.43899784223399],[-2.4780601900008192,51.4390753336888],[-2.478087101276969,51.4391414389799],[-2.478120428069367,51.43920704114808],[-2.47817024126506,51.43927978833434],[-2.4782286630090673,51.4393533976535],[-2.478287815446409,51.43942158622038],[-2.4783398207221046,51.4394780711498],[-2.478376800981174,51.43951656955659],[-2.4783908783686375,51.43953079855555],[-2.4784283549611548,51.43956117042625],[-2.478523378104545,51.43964181279995],[-2.4786498378475663,51.43975701581907],[-2.478781624238976,51.439891069626036],[-2.4788926273275327,51.44002826436327],[-2.478956737161994,51.44015289017319],[-2.4789478437911177,51.44024923719821],[-2.4789223460016236,51.4403714381311],[-2.4789437339947833,51.44056268250154],[-2.478996348342685,51.44079095255569],[-2.4790645296174167,51.441024230539675],[-2.4791326183910685,51.44123049869967],[-2.4791849552357275,51.44137773928182],[-2.479205880723483,51.441433934532284],[-2.479229078269672,51.44148001551092],[-2.4792864536370653,51.44160210176219],[-2.4793596809189027,51.44177595825919],[-2.4794304342084232,51.44197734997497],[-2.479480387598867,51.4421820418826],[-2.4794912151834736,51.44236579895516],[-2.479444591055482,51.4425043861657],[-2.4793610182570314,51.44264184266795],[-2.479272819133019,51.44282448406157],[-2.4791797720916886,51.443031480575634],[-2.4790816555412842,51.44324200243923],[-2.4789782478900504,51.44343521988143],[-2.47886932754623,51.44359030313132],[-2.4787546729180687,51.443686422418],[-2.4785962584927956,51.44377184818931],[-2.478374216613283,51.44389714243934],[-2.478115559880423,51.444044807516384],[-2.4778473008951094,51.444197345768735],[-2.4775964522582345,51.44433725954469],[-2.4773900265706916,51.44444705119254],[-2.4772550364333736,51.44450922306057],[-2.4771308255608533,51.44454445449081],[-2.4769543823309164,51.4445834624648],[-2.476749375452387,51.444623801047776],[-2.4765394736340864,51.44466302430495],[-2.4763483455848396,51.44469868630156],[-2.476199660013468,51.44472834110281],[-2.4761170856287955,51.444749542773934],[-2.4760463641652066,51.44478742706514],[-2.4759304448426547,51.44485948015966],[-2.4757889967876245,51.44495178012397],[-2.475641689126601,51.44505040502457],[-2.475508190986069,51.44514143292795],[-2.4754081714925125,51.44521094190059],[-2.4753612997724175,51.44524501000899],[-2.475334612023408,51.44526756502322],[-2.4752878973876915,51.44530695110326],[-2.4752299518940117,51.44535576879441],[-2.4751695715711133,51.445406618641975],[-2.4751155524477406,51.44545210119128],[-2.475076690552638,51.44548481698764],[-2.475061781914549,51.44549736657635],[-2.4764776139019307,51.44595376356883],[-2.4773770248781055,51.447017669054404],[-2.478115099831143,51.44769605728778],[-2.478031628602937,51.448982901677034],[-2.477949958684666,51.45024192673426],[-2.477172210502311,51.451501201962984],[-2.4773786322623037,51.451711596754436],[-2.4786080542944307,51.451755492449095],[-2.4794027665028056,51.45174282128904],[-2.4807436659253943,51.45163715475468],[-2.480720174806451,51.45165716145879],[-2.480659338748232,51.451709546151136],[-2.4805756136986528,51.451782855701694],[-2.4804834556056297,51.451865636980465],[-2.4803973204170786,51.45194643685744],[-2.4803316640809165,51.45201380220262],[-2.4803009425450586,51.452056279885994],[-2.480306069596491,51.45212043039125],[-2.480351079989155,51.452189148547674],[-2.4804215980391957,51.45225970585572],[-2.480503248062758,51.452329373815836],[-2.4805816543759867,51.452395423928465],[-2.4806424412950263,51.452455127694066],[-2.480671233136022,51.452505756613085],[-2.4806556287869923,51.452552274224516],[-2.4806011673743282,51.45260008495382],[-2.4805209455310964,51.452647005369876],[-2.480428059890363,51.452690852041556],[-2.4803356070851947,51.45272944153774],[-2.480256683748658,51.452760590427296],[-2.4802043865138197,51.452782115279106],[-2.480105994185354,51.45288219691536],[-2.4799079477616974,51.45311458358547],[-2.479652087090357,51.45342543990495],[-2.4793802520188395,51.453760930489345],[-2.4791342823946514,51.4540672199542],[-2.4789560180653,51.45429047291505],[-2.4788872988782926,51.45437685398744],[-2.4788634700201495,51.45443849568579],[-2.47880206423487,51.45459939860215],[-2.47871820270618,51.45482352946844],[-2.4786270066178058,51.455074855016605],[-2.478543597153472,51.45531734197858],[-2.4784830954969053,51.45551495708629],[-2.478460622831831,51.45563166707168],[-2.478494713186837,51.45575515978738],[-2.47858139164872,51.455971941042215],[-2.4787020159885165,51.45624420450236],[-2.4788379439772656,51.45653414383401],[-2.4789705333860046,51.45680395270335],[-2.4790811419857715,51.45701582477656],[-2.479151127547604,51.45713195371984],[-2.479229247293452,51.457248880554495],[-2.4793608871809307,51.45746093038563],[-2.4795221593222023,51.45772687556959],[-2.479689175829428,51.45800548846273],[-2.4798380488147695,51.458255541421394],[-2.479944890390389,51.45843580680194],[-2.4799858126684486,51.4585050569607],[-2.479982991656167,51.45906102148539],[-2.478710641860983,51.45903059278031],[-2.4789675994890303,51.45970858082067],[-2.47894318318814,51.45975491129775],[-2.478880223243903,51.45987473667626],[-2.4787941530939728,51.46003930787707],[-2.4787004061760007,51.46021987582103],[-2.4786144159276398,51.460387691429034],[-2.4785516157865417,51.460514005621945],[-2.4785274391903593,51.46057006932064],[-2.4785677032712004,51.46064161718853],[-2.4786710935932206,51.46080791900246],[-2.478812343727532,51.46103042624746],[-2.478966187245246,51.46127059040854],[-2.4791073577174747,51.461489862970716],[-2.4792105887153304,51.461649695419005],[-2.4792506138099237,51.461711539238436],[-2.48014739701513,51.46221772172241],[-2.4817559432731953,51.463366421317886],[-2.483647878341098,51.463874871164876],[-2.483748670720301,51.46391233981189],[-2.484011239061815,51.46401036401481],[-2.4843758701714997,51.464147371166455],[-2.484782850855214,51.46430178865964],[-2.4851724679188165,51.464452043887185],[-2.4854850081681668,51.46457656424191],[-2.4856607584091233,51.46465377711663],[-2.48593078717415,51.46484576967402],[-2.4860903755797596,51.46505658578041],[-2.486164258308821,51.4652692433096],[-2.4861771700442024,51.4654667601354],[-2.4861538454687726,51.46563215413164],[-2.4861190192654004,51.46574844317212],[-2.486097426116955,51.46579864513066],[-2.4844912489060804,51.4662712497143],[-2.4838398339808796,51.46635820595702],[-2.4829621567065594,51.466556649602175],[-2.483043586106306,51.46654584901326]]]}}]}