{"type":"FeatureCollection","features":[{"type":"Feature","properties":{"db_school_name":"R A Butler Infant School","harvested_label":"R A Butler Infant School","urn":"136325","margin_m":271.8},"geometry":{"type":"Polygon","coordinates":[[[0.23243946767790274,52.02392566967811],[0.23697659605212407,52.023339628765996],[0.2386646295612318,52.02406176688458],[0.23914876066382945,52.02479781604585],[0.239109815532119,52.02496510490643],[0.239183773170829,52.0261016219042],[0.24359492450318912,52.02521673915166],[0.24518996985805744,52.02712856249974],[0.24753006331409896,52.02642967668881],[0.2479472275877713,52.023699909015804],[0.2481902083338304,52.02352249201956],[0.25517067023455875,52.023458976696475],[0.25622137723582206,52.024073100254114],[0.25377547026155994,52.02780394066513],[0.2538132405084048,52.03312000270222],[0.25554465094807755,52.035644864055875],[0.25555139382764613,52.035637410624005],[0.2560966354825187,52.03574608116205],[0.25735432371042694,52.0359149645982],[0.25863280212390855,52.03600699265417],[0.2599197517405179,52.036021278653934],[0.2612027718446514,52.03595768501996],[0.2624694996703964,52.03581682459794],[0.2637077297148187,52.03560005473926],[0.2649055315228976,52.03530946419863],[0.2660513648005331,52.034947852974284],[0.26713419073873695,52.03451870528657],[0.268143578469771,52.03402615595741],[0.26906980562437616,52.033474950516734],[0.2699039520177386,52.03287039942326],[0.27063798555987695,52.03221832684292],[0.2712648395629323,52.03152501448194],[0.27177848070264576,52.03079714101767],[0.2721739669831614,52.03004171771411],[0.27244749515229466,52.029266020844055],[0.27259643711753745,52.028477521571084],[0.27261872644178387,52.027705920160884],[0.27268298246994244,52.0276676715905],[0.27351697362974386,52.027063096197885],[0.27425086137300897,52.02641100224041],[0.2748775804159897,52.02571767162958],[0.27539109873367956,52.02498978321801],[0.2757864755121283,52.02423434841313],[0.27605990855236096,52.023458643597934],[0.2762087706762913,52.02267014001206],[0.2762209417597407,52.02224763288102],[0.2763954234702257,52.02175261274711],[0.27654427494140293,52.02096410866173],[0.27656713317948745,52.02017040022133],[0.2764637847275183,52.01937913126608],[0.27623523146039297,52.01859792174316],[0.2758836806837119,52.01783429433826],[0.275412523637578,52.01709560205835],[0.27482630262151087,52.016388957462105],[0.27413066706535205,52.015721164217936],[0.2733323189762904,52.015098651646476],[0.27243894829298426,52.01452741287546],[0.27179079193114597,52.014187082656875],[0.27175733386536566,52.013930667234426],[0.2715288930507158,52.01314944661391],[0.2711774676060517,52.01238580305641],[0.27070644756328266,52.011647089725],[0.27012037390176535,52.010940419381704],[0.2694248946319451,52.010272595943434],[0.268626710256073,52.00965004902216],[0.26773350913680427,52.00907877207692],[0.26675389340002087,52.008564264770605],[0.2656972960875556,52.008111480083976],[0.2645738903577844,52.0077247766926],[0.26339449160680967,52.007407877063116],[0.26217045344919937,52.007163831668834],[0.2609135585547171,52.00699498966769],[0.26017354341833737,52.00694169739114],[0.2601733765805319,52.00694143558958],[0.25525555157594354,52.010960703179],[0.255069847490696,52.011648706896445],[0.25278265277311257,52.01569815818801],[0.24647855180523018,52.014784450447536],[0.24453521148381643,52.01739224516007],[0.24175159150439945,52.017051503842595],[0.23794203349449602,52.01535770149513],[0.23543055118224052,52.01574346450203],[0.22867746786137255,52.016038379729906],[0.2231056032711351,52.01095634223988],[0.22310481432294735,52.010958573191736],[0.22271154649631583,52.010905614305535],[0.22143384757232099,52.010813186842405],[0.22014762153859388,52.010798471751585],[0.21886524877974134,52.01086161074845],[0.21759907267542702,52.011001996169995],[0.21636128097920726,52.01121827681168],[0.21516378868244865,52.011508370910086],[0.21401812348225902,52.01186948614767],[0.21293531494817433,52.01229814648904],[0.21192578844784815,52.01279022559142],[0.21099926484772527,52.01334098647118],[0.2101646669506535,52.01394512704641],[0.20943003356938425,52.01459683112036],[0.20880244206329246,52.015289824317286],[0.20828794008601698,52.01601743443573],[0.20789148720494208,52.01677265563988],[0.20761690696002527,52.01754821587408],[0.20746684983050637,52.01833664685276],[0.20744276747422363,52.019130355954225],[0.20754489849664406,52.019921699326126],[0.20777226589628392,52.02070305549999],[0.20812268622101504,52.02146689880535],[0.20859279035674905,52.022205871876196],[0.20917805575753062,52.02291285655002],[0.20987284981495014,52.023581042475264],[0.21067048395635196,52.02420399276418],[0.21156327795648436,52.02477570605624],[0.21254263384723548,52.02529067439178],[0.21359911871576462,52.02574393633544],[0.21472255559386935,52.02613112483463],[0.215902121561523,52.02644850934949],[0.2171264521162045,52.02669303184558],[0.21838375079755823,52.026862336300006],[0.21966190300476537,52.02695479143499],[0.2209485929023945,52.02696950645824],[0.22223142227980777,52.02690633965689],[0.22349803020974449,52.026765899762495],[0.22399715698284445,52.026678684263146],[0.22399978415606628,52.02668769954836],[0.22625451798275636,52.02436216370023],[0.23243946767790274,52.02392566967811]]]}},{"type":"Feature","properties":{"db_school_name":"Great Chesterford Church of England Primary Academy","harvested_label":"Great Chesterford CE Primary Academy","urn":"137516","margin_m":514.3},"geometry":{"type":"Polygon","coordinates":[[[0.18418056446897546,52.05664660399641],[0.18451179948262428,52.05664675551053],[0.1848760045861978,52.05666697042775],[0.18504320960433707,52.05668724292777],[0.1855944461115523,52.05677410609281],[0.18572597094091634,52.05677795884593],[0.18578918863395144,52.05678937148834],[0.18590033918916873,52.05682425644285],[0.18594141508254522,52.05682798953127],[0.18599074591744807,52.05682347826128],[0.18603400285100477,52.056812786930045],[0.18607830351986182,52.05679389601395],[0.18634552008703356,52.05665049719823],[0.18639849261401942,52.05672053184089],[0.1872145947615936,52.05771878407806],[0.1878434791557165,52.058468798806324],[0.18807273414250825,52.058683078761206],[0.18861507135201525,52.059153142033345],[0.1891973344828999,52.05963513550042],[0.18989409994783757,52.06019051084156],[0.18925569340195983,52.060469366974274],[0.1883367029569495,52.060889354701814],[0.18988828731890597,52.06218865281618],[0.189192185870329,52.06289936342162],[0.18891228145851616,52.06317254382327],[0.18865750797445557,52.06342098586904],[0.18738108026308456,52.06494640524803],[0.18683550532652615,52.06566689192419],[0.18650477175746538,52.06624225147473],[0.18603356990881997,52.066991020029995],[0.18574908881055247,52.0674989966999],[0.18556472367565688,52.067805973650266],[0.18613094430097263,52.06824804090232],[0.18664397896477683,52.06857645741541],[0.18664875979520584,52.06858105346872],[0.18728172278506888,52.06907520381968],[0.1876785951603549,52.069698885795],[0.18826417677762616,52.0704059657997],[0.18895942078345113,52.07107426527657],[0.18975763428400716,52.07169734624191],[0.19065113148344104,52.0722692060737],[0.19163130764691094,52.07278433539759],[0.1926887219636695,52.07323777122399],[0.1938131885124285,52.07362514482177],[0.1949938744511902,52.073942723864484],[0.1962194044823553,52.07418744844038],[0.1974779705816917,52.0743569605768],[0.1987574459275475,52.07444962699271],[0.20004550192496423,52.07446455485834],[0.20132972718862255,52.0744016004091],[0.2025977473290069,52.07426137033004],[0.20383734437830178,52.07404521589796],[0.20503657469610462,52.07375521993754],[0.2061838842102023,52.07339417671884],[0.20726821987425156,52.07296556499118],[0.2082791362618156,52.07247351441528],[0.209206896264537,52.07192276571937],[0.2100425649207203,52.071318624966125],[0.2107780954685893,52.0706669123735],[0.21140640679532124,52.06997390618534],[0.21146567925418927,52.06989017093527],[0.21180864145546127,52.06968655046688],[0.21266437172249078,52.06934821767556],[0.2136751468321029,52.06885612212616],[0.21460276546142693,52.06830533223784],[0.21543829401159856,52.067701154469695],[0.2161736870711756,52.0670494093958],[0.21680186485212338,52.06635637557242],[0.21731678127773174,52.06562872899934],[0.21771348207037708,52.06487347876075],[0.21798815228507465,52.0640978994683],[0.21813815283794566,52.06330946115882],[0.21816204568594422,52.06251575732367],[0.21805960742443792,52.06172443176409],[0.21783183118136942,52.060943104977106],[0.2177112928716232,52.06068074310651],[0.2184908363928277,52.0601169072579],[0.2192260631315788,52.059465144284616],[0.21985409024625738,52.05877209511596],[0.22036887311018377,52.058044435898815],[0.22076545873049463,52.057289175838605],[0.22104003326937485,52.05651358964097],[0.22118995856194534,52.05572514740873],[0.22121379728723103,52.05493144267067],[0.22111132655888835,52.05414011923638],[0.22088353981449393,52.05335879758228],[0.22053263699504919,52.05259500147777],[0.22006200311902765,52.05185608555734],[0.21947617546649933,52.051149164535396],[0.21878079969764405,52.05048104474325],[0.21798257533536977,52.04985815864614],[0.21708919114267566,52.049286502967576],[0.21610925102103845,52.04877158101514],[0.21505219114554888,52.04831834975904],[0.21392818913497985,52.047931172171204],[0.21274806612979658,52.04761377527997],[0.21152318271750065,52.04736921434229],[0.21026532970228554,52.0471998434755],[0.20898661476411234,52.04710729302962],[0.20769934609063104,52.04709245391631],[0.20641591409358884,52.047155469044036],[0.20514867233926948,52.047295731942135],[0.2039098188297761,52.047511892585845],[0.20271127876879294,52.0478018703678],[0.2015645899316955,52.04816287409174],[0.20048079173563718,52.048591428797664],[0.19947031907081664,52.0490834091621],[0.1985429019097623,52.04963407915469],[0.19793534153384862,52.05007337828095],[0.19775568488169987,52.05006035791657],[0.19646833133864935,52.050045396986164],[0.19518479536627642,52.050108290843276],[0.1939174315306037,52.05024843418406],[0.1926784390073991,52.05046447813434],[0.19147974433670856,52.0507543432098],[0.19033288678018911,52.05111523929905],[0.18924890737698327,52.0515436924782],[0.18823824275948134,52.052035578401345],[0.18731062474593574,52.05258616194765],[0.1864749866729473,52.053190142745834],[0.18573937736775167,52.053841706141085],[0.18511088358860886,52.054534579116016],[0.18459556168191985,52.055262090630556],[0.1841983791178624,52.05601723580212],[0.18396518783742466,52.05667433518599],[0.18418056446897546,52.05664660399641]]]}},{"type":"Feature","properties":{"db_school_name":"Radwinter Church of England Voluntary Aided Primary School","harvested_label":"Radwinter Church of England Primary School","urn":"115191","margin_m":838.7},"geometry":{"type":"Polygon","coordinates":[[[0.34332783863928623,52.00146765044964],[0.34207082645407694,52.001299676504104],[0.34079319777476097,52.00120854385145],[0.3395072503383341,52.00119512976167],[0.33822536184949115,52.00125956343165],[0.33695987103277786,52.001401224740576],[0.3357229590559212,52.00161875020624],[0.3345265324566426,52.00191004608564],[0.33338210869129464,52.00227230849489],[0.33230070539929646,52.002702050356284],[0.3312927344427491,52.0031951349152],[0.33036790173610225,52.00374681550657],[0.329535113826664,52.004351781190756],[0.32880239212354617,52.00500420782214],[0.32817679560093144,52.00569781406183],[0.3276643527218087,52.00642592179803],[0.3272700032414069,52.007181520394575],[0.32699755045614387,52.00795733415201],[0.32688118917197423,52.00857763013982],[0.3267562743185299,52.00893331118925],[0.32665369012773976,52.009480139554945],[0.32641249210951806,52.00982280323135],[0.32601809333518905,52.01057839784694],[0.32574560001428293,52.01135420880405],[0.3255976425370189,52.01214276539252],[0.32557565234420704,52.01293647377038],[0.32567984789083904,52.01372769008153],[0.3259092322856352,52.01450879407063],[0.3262616026391744,52.01527226248605],[0.32673357104026024,52.01601074156331],[0.3273205969676963,52.016717117889925],[0.3280170308336318,52.01738458696719],[0.32881616824623827,52.01800671880709],[0.32971031447474025,52.018577519929295],[0.3306908584999331,52.019091491159095],[0.3317483559390909,52.019543680666],[0.3328726200468593,52.0199297317299],[0.3340528199139325,52.02024592477127],[0.3352775849141924,52.02048921323786],[0.3365351143890629,52.02065725300023],[0.33781329150587236,52.020748424970336],[0.33909980018553953,52.020761850724014],[0.3403822439644773,52.02069740097556],[0.3416482656362799,52.02055569682247],[0.342885666511115,52.02033810374805],[0.3440825241345617,52.02004671844047],[0.34522730732298634,52.01968434855645],[0.3463089873993225,52.019254485625886],[0.3473171445508991,52.01876127136074],[0.3482420682794473,52.018209457695136],[0.3490748509719744,52.01760436094434],[0.3498074736893474,52.016951810526926],[0.35043288334625,52.01625809274725],[0.3509450605410639,52.01552989018229],[0.35133907738610365,52.014774217259685],[0.35161114478663896,52.013998352649615],[0.35171343243750697,52.013451506523886],[0.35195445404152514,52.01310879333813],[0.3523484337902494,52.01235311721814],[0.3526204702960583,52.01157725037389],[0.35273648111060396,52.010956933503394],[0.35286119409662453,52.01060122745688],[0.35300866672953823,52.00981264235045],[0.3530301713436185,52.009018934425804],[0.35292550751406676,52.00822774751115],[0.3526956897760906,52.00744670075684],[0.3523429376021157,52.00668331527484],[0.3518706537888217,52.00594494173688],[0.3512833914712796,52.00523868962745],[0.3505868100901134,52.00457135883181],[0.34978762074279535,52.00394937421492],[0.3488935214509286,52.00337872381929],[0.3479131229707953,52.00286490127408],[0.34685586586371114,52.002412852967105],[0.3457319296249257,52.002026930485236],[0.3445521347444451,52.00171084877886],[0.34332783863928623,52.00146765044964]]]}},{"type":"Feature","properties":{"db_school_name":"Great Sampford Community Primary School","harvested_label":"Great Sampford Community Primary School","urn":"114970","margin_m":529.7},"geometry":{"type":"Polygon","coordinates":[[[0.3928780767760715,51.971676319175074],[0.39162173437930725,51.97150886547451],[0.3903448726049459,51.97141826088465],[0.3890597818130315,51.971405377594714],[0.38777883146964304,51.97147033969432],[0.38651435127794237,51.97161252197767],[0.38527851268787955,51.97183055594867],[0.38408321191600403,51.972122342969826],[0.3829399555928844,51.97248507442902],[0.38185975013117146,51.9729152587321],[0.3808529958726966,51.97340875486333],[0.3799293870285,51.973960812192836],[0.3790978183715016,51.974566116150655],[0.3783662995783833,51.975218839330466],[0.37774187804547354,51.9759126975338],[0.3772305709237161,51.97664101021799],[0.37683730703090784,51.97739676476842],[0.376565879205954,51.97817268397869],[0.37641890757082974,51.97896129609097],[0.3763978140621613,51.979755006723444],[0.3765028084867365,51.9805461719936],[0.3767328862448099,51.981327172133525],[0.37708583775305526,51.98209048488821],[0.37755826948602,51.98282875798977],[0.3781456364426385,51.983534880007596],[0.37884228573340795,51.98420204889156],[0.3796415108755244,51.98482383754499],[0.38038137981674136,51.98529585809772],[0.3802681505946816,51.985378260561745],[0.37953647791147904,51.98603099188178],[0.3789119296443657,51.98672485675718],[0.37840052416730724,51.98745317458166],[0.37800719124843096,51.98820893269159],[0.377735724395002,51.98898485384669],[0.3775887441088172,51.98977346627063],[0.3775676724139756,51.99056717557865],[0.37767271891137727,51.991358337900884],[0.37790287850387055,51.99213933349763],[0.37825594082381525,51.99290264015727],[0.3787285112819573,51.993640905670034],[0.3793160435440566,51.99434701867785],[0.3800128831307899,51.99501417721659],[0.3808123217281127,51.99563595428847],[0.3817066616906453,51.996206359830396],[0.3826872901207911,51.99671989847879],[0.3837447618122288,51.99717162257166],[0.38486889025914234,51.99755717987434],[0.3860488458529175,51.99787285556642],[0.3872732603169808,51.998115608082514],[0.38853033636863715,51.99828309845947],[0.38980796154492114,51.99837371290517],[0.3910938250880815,51.998386578369676],[0.39237553675601994,51.99832157096799],[0.39364074640372965,51.99817931717244],[0.3948772631742709,51.99796118776357],[0.3960731731416877,51.997669284597855],[0.3972169542637082,51.99730642032151],[0.39829758752891,51.996876091227094],[0.3993046632208888,51.996382443516374],[0.40022848127044924,51.99583023329719],[0.40106014472550683,51.995224780702294],[0.4017916454365166,51.9945719185748],[0.40241594113210444,51.99387793621772],[0.4029270231444889,51.993149518752105],[0.40331997413611087,51.99239368267074],[0.4035910152769523,51.99161770821029],[0.40373754242511084,51.99082906919561],[0.4037581509703266,51.99003536103329],[0.4036526491102754,51.98924422754916],[0.40342205944143894,51.98846328737472],[0.4030686088590482,51.98770006059173],[0.40259570687306406,51.986961896340375],[0.4020079125581555,51.98625590208727],[0.40131089046418966,51.98558887523286],[0.40051135591886183,51.98496723771439],[0.3997712849153107,51.98449534624807],[0.3998844755337182,51.984412925486915],[0.40061582247959987,51.98376007154868],[0.4012399916149912,51.98306609590664],[0.401750975488446,51.982337683616564],[0.40214385770441674,51.98158185112086],[0.40241486009162464,51.98080587862128],[0.4025613788774276,51.9800172399236],[0.4025820095279401,51.97922353043124],[0.4024765600237556,51.97843239398294],[0.40224605245306655,51.977651449239005],[0.40189271291665757,51.97688821632555],[0.4014199498516846,51.97615004444229],[0.40083232099211585,51.975444041130004],[0.40013548929223824,51.97477700387706],[0.39933616824473955,51.97415535472166],[0.39844205712551867,51.97358507847676],[0.3974617667926971,51.9730716651704],[0.3964047367564532,51.97262005725211],[0.39528114431841455,51.972234602071296],[0.39410180665386485,51.9719190100822],[0.3928780767760715,51.971676319175074]]]}},{"type":"Feature","properties":{"db_school_name":"Katherine Semar Infant School","harvested_label":"Katherine Semar Infant School","urn":"141574","margin_m":598.2},"geometry":{"type":"Polygon","coordinates":[[[0.22867746786137255,52.016038379729906],[0.23543055118224052,52.01574346450203],[0.23794203349449602,52.01535770149513],[0.24175159150439945,52.017051503842595],[0.24453521148381643,52.01739224516007],[0.24647855180523018,52.014784450447536],[0.25278265277311257,52.01569815818801],[0.255069847490696,52.011648706896445],[0.25525555157594354,52.010960703179],[0.2601733765805319,52.00694143558958],[0.2599909568209551,52.00665518083797],[0.2594051180640581,52.00594845386058],[0.25870987614759605,52.0052805638296],[0.2579119292895499,52.00465794099902],[0.2570189635672354,52.00408657955945],[0.2560395788420631,52.003571979987996],[0.25498320593396023,52.0031190961541],[0.2538600158432643,52.0027322876882],[0.25268082189256513,52.00241527806862],[0.25145697572728404,52.002171118827604],[0.25020025817125746,52.00200216021885],[0.24892276598157087,52.0019100286268],[0.2476367955852165,52.00189561093362],[0.24635472490818244,52.00195904599307],[0.24508889442546605,52.002099723293334],[0.24385148856770286,52.00231628882097],[0.24265441861687864,52.00260665807066],[0.2415092082097331,52.00296803607647],[0.2404268825432751,52.00339694427327],[0.23941786234230486,52.003889253931725],[0.2392829805085608,52.00396951029394],[0.23854603037901304,52.00400592135479],[0.23728011526772644,52.004146515607],[0.23605445403486167,52.00436092872994],[0.2355789329763431,52.004355547656026],[0.23429677103602872,52.00441885239674],[0.2330308295975555,52.004559401240016],[0.2317932941581892,52.004775841408545],[0.2305960772454994,52.005066089603496],[0.22945070390886094,52.005427352024064],[0.22836820091146762,52.005856151217735],[0.2273589906828842,52.00634835950472],[0.2264327910478407,52.00689923865712],[0.22559852169298047,52.007503485453526],[0.22486421827022823,52.00815528267348],[0.22423695496382376,52.008848355043305],[0.22372277626844708,52.0095760295979],[0.22332663863904756,52.010331299879574],[0.2231056032711351,52.01095634223988],[0.22867746786137255,52.016038379729906]]]}},{"type":"Feature","properties":{"db_school_name":"Newport Primary School","harvested_label":"Newport Primary School","urn":"114985","margin_m":656.3},"geometry":{"type":"Polygon","coordinates":[[[0.20620880304440692,51.99712872749473],[0.20810519833456062,52.00709473108001],[0.2082147193725447,52.00712422104611],[0.20943847953765665,52.007368830738045],[0.21069520755456994,52.00753822433539],[0.21197279432589497,52.007630769701855],[0.21325892946939315,52.00764557517578],[0.21454122012456606,52.00758249817261],[0.21580731055942498,52.007442146558134],[0.21704500141569452,52.00722587277894],[0.21824236743432615,52.00693576080757],[0.21938787251834335,52.00657460602881],[0.22047048101660274,52.00614588826312],[0.2214797641496304,52.005653738188336],[0.22240600054696028,52.00510289748647],[0.223240269923814,52.00449867310135],[0.22397453899287065,52.00384688605123],[0.22460173878358558,52.003153815292016],[0.22511583262620527,52.00242613717485],[0.22551187414938412,52.00167086108384],[0.2257860547381936,52.00089526187622],[0.22593574000236477,52.000106809778075],[0.22595949491164763,51.99931309841177],[0.22585709736528387,51.99852177165019],[0.22562954007455874,51.99774045000197],[0.225279020750123,51.99697665723748],[0.22480892069831962,51.99623774796089],[0.22422377204177327,51.99553083682504],[0.22352921388820524,51.99486273006913],[0.22273193787667275,51.994239860036394],[0.22183962363122672,51.99366822329956],[0.22086086474753686,51.99315332298783],[0.22072979529582923,51.993097060698865],[0.22100408505907512,51.993010551218326],[0.222086354248798,51.99258182162588],[0.22309531858005932,51.99208966037011],[0.22402125975415266,51.99153880923969],[0.2248552603299653,51.990934575277954],[0.22558928960834876,51.990282779594324],[0.2262162809265293,51.98958970122688],[0.22673019961995963,51.98886201659912],[0.22712610100071592,51.988106735156954],[0.22740017779943072,51.98733113180856],[0.22754979662072763,51.986542676819234],[0.2275735230691844,51.985748963838894],[0.22747113531288246,51.9849576367557],[0.22724362596357175,51.98417631608149],[0.22689319226515742,51.98341252557742],[0.22642321469470725,51.98267361982628],[0.22583822419121308,51.981966713447534],[0.22548404525169075,51.98162593471733],[0.22551145773768105,51.98154836010771],[0.2256610936170074,51.98075990663751],[0.225684853523401,51.979966192961435],[0.22558251530047063,51.9791748629745],[0.22535507108080552,51.97839353721675],[0.225004717479148,51.97762973949862],[0.224534834199543,51.976890824472704],[0.22394995127160133,51.97618390684825],[0.22325570523968002,51.97551579292811],[0.22245878473396566,51.974892915125785],[0.22156686595322994,51.97432127009028],[0.22058853868449446,51.97380636103206],[0.21953322357416638,51.97335314480279],[0.21841108144750668,51.97296598423492],[0.21723291554799504,51.972648606197865],[0.21601006763447456,51.97240406577129],[0.2147543089313918,51.972234716878646],[0.21347772697554354,51.97214218966093],[0.21219260944098176,51.972127374807755],[0.21091132605190094,51.972190414994685],[0.2096462097111864,51.972330703509144],[0.20840943797959308,51.97254689007816],[0.2072129160373116,51.97283689384219],[0.20606816224594637,51.973197923351265],[0.20498619740472962,51.97362650339282],[0.2039774387604163,51.97411850839453],[0.20333182361363983,51.974502525711046],[0.2031402991920714,51.97457838386808],[0.20213149876853445,51.97507037345247],[0.20120561743537638,51.9756210530227],[0.20037157180806014,51.97622512127707],[0.19963739537585104,51.976876762712685],[0.19901016108998343,51.97756970355484],[0.19849591315404644,51.97829727210434],[0.19809960867706441,51.9790524629243],[0.19782506975645447,51.97982800425071],[0.1976749464591401,51.98061642797984],[0.19765069106538968,51.98141014155997],[0.19775254383241667,51.98220150109644],[0.19797953042446773,51.9829828849664],[0.19816440443612796,51.983386448298816],[0.19733043037762837,51.98379304229733],[0.19640431227415583,51.98434368606825],[0.1955700424283317,51.984947722054244],[0.19483565648821527,51.98559933506389],[0.19420822942286478,51.98629225159694],[0.1936938072932811,51.98701980018913],[0.19329734888756975,51.987774975596565],[0.19302267778767,51.988550506204355],[0.1928724453360943,51.989338924012685],[0.1928704982451977,51.98940241676685],[0.1927691689633658,51.98954571234791],[0.19237267385556767,51.99030088477047],[0.19209797255107522,51.9910764132684],[0.19194771668409283,51.99186482986236],[0.1919233598155629,51.99265854207002],[0.19202514318428698,51.993449906010504],[0.1922520931273882,51.994231300018946],[0.1922536761691723,51.994234755796334],[0.20620880304440692,51.99712872749473]]]}},{"type":"Feature","properties":{"db_school_name":"Debden Church of England Voluntary Controlled Primary Academy","harvested_label":"Debden Church of England Primary Academy","urn":"143855","margin_m":717.7},"geometry":{"type":"Polygon","coordinates":[[[0.2720189429657276,51.96772155309439],[0.27076312316684004,51.96755280259386],[0.2694865781420265,51.96746088256753],[0.26820159520854076,51.967446677862384],[0.2669205427958117,51.96751032528307],[0.2656557515864002,51.967651212274],[0.2644193960164102,51.967867982803135],[0.2632233772668888,51.96815855039119],[0.26207920886398806,51.96852011816172],[0.26099790598134,51.968949205721046],[0.25998987950366814,51.969441682610935],[0.2590648358662624,51.96999280801474],[0.2582316836310098,51.97059727633689],[0.257498447696578,51.971249268220305],[0.25687219196881333,51.97194250651297],[0.25662837834104807,51.972288253913824],[0.2557950196855413,51.97261887139341],[0.25478685361675857,51.97311130507298],[0.25386167063110643,51.97366239089934],[0.2530283806311921,51.97426682365833],[0.2522950098414578,51.97491878433572],[0.25166862346583263,51.97561199608047],[0.25115525755229695,51.97633978458177],[0.25075986072410456,51.97709514228108],[0.25048624634413874,51.977870795803284],[0.25033705557988584,51.978659275959664],[0.2503137317328132,51.979452989650426],[0.2504165060883621,51.98024429297502],[0.25064439543245476,51.981025564847315],[0.2509952112682686,51.98178928040604],[0.25146558065421526,51.982528083513714],[0.25205097847159363,51.98323485764383],[0.2527457708194894,51.983902794472634],[0.25354326912608405,51.984525459512334],[0.2544357944609123,51.98509685415155],[0.2554147514326306,51.985611473502246],[0.2564707109627482,51.986064359493454],[0.2575935011383538,51.98645114869743],[0.2587723052671204,51.986768114424294],[0.2599957661866784,51.98701220267758],[0.2612520958184562,51.98718106162128],[0.26252918890407956,51.987273064272955],[0.26381473982085824,51.987287324202406],[0.26509636134235076,51.98722370408362],[0.26636170419057503,51.987082817017146],[0.26759857621867933,51.98686602061008],[0.2687950600665512,51.98657540387119],[0.2699396281470899,51.98621376704883],[0.27102125384746445,51.98578459460715],[0.27202951786735285,51.98529202160335],[0.27295470866444443,51.98474079379196],[0.27378791603594244,51.98413622184353],[0.2745211169327741,51.98348413012126],[0.2751472526798989,51.98279080051217],[0.27539097701241805,51.98244501633978],[0.27622436720986254,51.98211426018139],[0.2772324915328644,51.98162164397834],[0.27815754289313804,51.98107037660748],[0.278990612432015,51.98046576912002],[0.2797236784288029,51.97981364622113],[0.2803496835082664,51.97912029009762],[0.28086260251262524,51.97839237984464],[0.2812575003880605,51.97763692707707],[0.2815305795336141,51.976861208348545],[0.28167921616335617,51.97607269503073],[0.281701985339742,51.9752789813303],[0.28159867444612713,51.97448771113741],[0.28137028497832833,51.973706504411325],[0.2810190226477907,51.972942883811456],[0.2805482759013775,51.97220420228057],[0.2799625830737737,51.97149757227579],[0.27926758849709193,51.97082979732738],[0.2784699879974148,51.97020730658261],[0.27757746430875,51.969636092962105],[0.27659861303027616,51.969121655521825],[0.27554285984202354,51.968668946572684],[0.2744203697763477,51.968282324063914],[0.27324194941724855,51.96796550968611],[0.2720189429657276,51.96772155309439]]]}},{"type":"Feature","properties":{"db_school_name":"Rickling Church of England Voluntary Aided Primary School","harvested_label":"Rickling Church of England (Voluntary Aided) Primary School","urn":"115130","margin_m":850.5},"geometry":{"type":"Polygon","coordinates":[[[0.20024640448082384,51.93830347989942],[0.1989916568271527,51.938133950321294],[0.19771607293670984,51.93804124018833],[0.19643193088532857,51.93802624195086],[0.19515159101604224,51.938089100049176],[0.19388737715747306,51.93822920952258],[0.19265145818992147,51.938445221820125],[0.19145573109011554,51.93873505775805],[0.19031170657183893,51.93909592749994],[0.18923039841553166,51.939524357368995],[0.18822221754560606,51.9400162232363],[0.18729687186996913,51.94056679016611],[0.18646327284240855,51.94117075793898],[0.1857294496455867,51.94182231201734],[0.18510247182089723,51.94251517946583],[0.18458838109199663,51.94324268929053],[0.18419213304214924,51.94399783661911],[0.1839175492123385,51.944773350105926],[0.18376728008823337,51.945561761915414],[0.18374277934052455,51.94635547961128],[0.18384428957566978,51.94714685926039],[0.18407083974388339,51.947928279047865],[0.1844202542391399,51.94869221269446],[0.18488917361324578,51.94943130196874],[0.1854730867136345,51.950138427594304],[0.18587027229482828,51.95052132973542],[0.1860620068730622,51.95118250363254],[0.18641148200069832,51.9519464302985],[0.1868804694501561,51.952685510496565],[0.1874644574138458,51.95339262503739],[0.18815782557452004,51.95406096232404],[0.18895389908553137,51.954684084016534],[0.18984501275054225,51.95525598710906],[0.19082258478854655,51.955771161819236],[0.19187719947594106,51.956224644728884],[0.19299869786997884,51.956612066661535],[0.19417627573814186,51.95692969483255],[0.19539858774678442,51.95717446886331],[0.19665385690032194,51.95734403030989],[0.19792998817017743,51.95743674541995],[0.19921468521112023,51.95745172089668],[0.20049556903190444,51.957388812517195],[0.20176029746772225,51.95724862652147],[0.20299668429402926,51.95703251375865],[0.20419281682492665,51.95674255664757],[0.2053371708543547,51.956381549078216],[0.20641872182488574,51.95595296944956],[0.20742705114639587,51.9554609471053],[0.20835244663509772,51.954910222493396],[0.20918599610170294,51.95430610143597],[0.20991967318534704,51.953654403952704],[0.21054641460645693,51.95296140813398],[0.21106018809635385,51.95223378960671],[0.21145605035298745,51.95147855717927],[0.21173019447000968,51.95070298528736],[0.211879986389236,51.9499145438935],[0.2119039900335537,51.94912082651745],[0.21180198088723098,51.94832947709105],[0.21157494790247083,51.94754811634308],[0.21122508372366028,51.946784268422945],[0.210755763333124,51.946045288468966],[0.21017151133318793,51.945338291818125],[0.20977416831840395,51.94495547324584],[0.20958211537750265,51.944294341054075],[0.20923231188714742,51.94353048613402],[0.20876305961237984,51.94279149708341],[0.20817888249895355,51.94208448932712],[0.20748541028935266,51.9414162700389],[0.2066893241595529,51.940793272649856],[0.20579829227363902,51.940221494963396],[0.20482089588081862,51.93970644147009],[0.2037665466686433,51.93925307041479],[0.20264539616852675,51.93886574612286],[0.2014682380842978,51.93854819704178],[0.20024640448082384,51.93830347989942]]]}},{"type":"Feature","properties":{"db_school_name":"Clavering Primary School","harvested_label":"Clavering Primary School","urn":"114967","margin_m":771.0},"geometry":{"type":"Polygon","coordinates":[[[0.14780184465106677,51.95633090982868],[0.1465467731565158,51.956160824937584],[0.14527076807115474,51.956067551067704],[0.14398611152309707,51.956051986093506],[0.14270516880360296,51.95611427990845],[0.14144026953806163,51.95625383298172],[0.1402035891966115,51.95646930211682],[0.13900703207583515,51.95675861335764],[0.13786211686938668,51.95711898191826],[0.13677986592126315,51.9575469389469],[0.13577069922119647,51.95803836486761],[0.13493968126554232,51.958531903705726],[0.13449831901706466,51.95844327275559],[0.13324323452143036,51.9582730461483],[0.13196719274736712,51.958179628432774],[0.1306824761762226,51.95816391886757],[0.1294014506765782,51.95822606873749],[0.12813644666969537,51.95836547989673],[0.1268996406325249,51.95858081051447],[0.1257029380697812,51.958869987967645],[0.12455785907301889,51.959230228758045],[0.12347542756055833,51.959658065263774],[0.12246606525782582,51.96014937906925],[0.12153949143353117,51.960699440555494],[0.12070462935330288,51.96130295437205],[0.11996952034953091,51.96195411035568],[0.11934124633476217,51.962646639408426],[0.11882586150654614,51.963373873799696],[0.11842833390500625,51.964128811314964],[0.11815249739120619,51.96490418263489],[0.11800101451558309,51.965692521299175],[0.11797535064205608,51.96648623558212],[0.11807575958601067,51.96727768158944],[0.11830128091404433,51.96805923687284],[0.11864974894134506,51.96882337385326],[0.11911781334971135,51.96956273234538],[0.11970097123684685,51.970270190483355],[0.12039361029660306,51.970938933363776],[0.12118906272143848,51.97156251874193],[0.1220796693136611,51.97213493914663],[0.1230568531920262,51.97265067981246],[0.12411120238597823,51.97310477186848],[0.12523256052239545,51.97349284026848],[0.1264101247297242,51.97381114599763],[0.1276325498131228,51.974056622146904],[0.12888805769202696,51.97422690350488],[0.1301645510394084,51.97432034937987],[0.13144973002020321,51.9743360594312],[0.13273121099568883,51.97427388235539],[0.13399664604091532,51.97413441734368],[0.13523384211437203,51.973919008296456],[0.13643087872246573,51.97362973085079],[0.13757622293646635,51.97326937234756],[0.13865884064590514,51.972841404932254],[0.13966830296991267,51.972349952051275],[0.14049951926914694,51.97185637864045],[0.1409410253116775,51.97194498529515],[0.14219652022740137,51.972115124855854],[0.14347297687935076,51.97220842680094],[0.1447580957859594,51.97222399217699],[0.14603949388778298,51.9721616710751],[0.14730482405934311,51.97202206407472],[0.1485418942710237,51.971806516444744],[0.1497387852437452,51.971517105157815],[0.1508839654541115,51.9711566188445],[0.15196640237417433,51.970728530881836],[0.152975668867406,51.970236965877405],[0.15390204371058058,51.96968665987475],[0.1547366052695347,51.96908291466552],[0.15547131742455136,51.9684315466517],[0.15609910691766893,51.96773883075345],[0.15661393137876634,51.967011439905434],[0.1570108373788915,51.96625638072762],[0.15728600795706232,51.965480925991805],[0.15743679916967607,51.96469254453728],[0.15746176531861533,51.96389882931159],[0.15736067262410716,51.963107424230834],[0.15713450122029354,51.96232595056452],[0.15678543546408624,51.96156193355372],[0.15631684266036414,51.96082272996878],[0.15573324041750933,51.960115457303246],[0.15504025295595167,51.95944692528375],[0.15424455679756294,51.9588235703539],[0.15335381636454343,51.9582513937602],[0.15237661011194475,51.95773590383369],[0.15132234790731602,51.95728206302021],[0.1502011804533188,51.95689424016621],[0.14902390162391105,51.956576168516975],[0.14780184465106677,51.95633090982868]]]}},{"type":"Feature","properties":{"db_school_name":"St Leonard's Church of England Primary School","harvested_label":"St Leonard's Church of England Primary School","urn":"140180","margin_m":680.2},"geometry":{"type":"Polygon","coordinates":[[[0.8085711147065394,51.64904102756465],[0.8021897854821213,51.6500570256725],[0.8021348905042421,51.650079317073896],[0.8011399041532555,51.65057625659662],[0.8002279876266231,51.65113146381584],[0.7994079231948206,51.651739593803335],[0.7986876098177,51.652394791906474],[0.7980739870237444,51.65309075005582],[0.7975729679820798,51.65382076744442],[0.7971893824154936,51.65457781499682],[0.7969269299096055,51.655354603009364],[0.7967881440746606,51.65614365131257],[0.7967743679131253,51.65693736128148],[0.7968857406392232,51.657728089001246],[0.7971211960868032,51.65850821888439],[0.7974784727305689,51.65927023703009],[0.7979541352336043,51.660006803618785],[0.7985436073226329,51.660710823643555],[0.7992412156824367,51.66137551529522],[0.8000402444535522,51.66199447534077],[0.8009329998137746,51.66256174086244],[0.8019108840252178,51.66307184676062],[0.8029644782356897,51.66351987846355],[0.8040836332369766,51.66390151933315],[0.8041755486252374,51.663925915112316],[0.8045034725317661,51.664624986328754],[0.804979307425319,51.66536152130106],[0.8055689598905005,51.666065502795966],[0.8062667548747343,51.66673014937472],[0.8070659747205174,51.66734905823769],[0.8079589237642743,51.66791626695962],[0.8089370024011914,51.66842631098748],[0.8099907899046439,51.668874276345115],[0.8103225445394237,51.668987369117794],[0.8109889994555675,51.669503381698725],[0.8118820398209233,51.67007055901577],[0.8128602086654712,51.67058056882402],[0.8139140843927706,51.67102849747674],[0.8150335150799874,51.6714100293281],[0.8162077163433795,51.671721488366366],[0.8174253753382711,51.6719598736793],[0.8186747598864836,51.67212288840826],[0.8199438316734383,51.67220896190944],[0.821220362416681,51.67221726490817],[0.8224920518781188,51.672147717497985],[0.8237466465739111,51.67200098990832],[0.8249720580290821,51.67177849603234],[0.8261564794285151,51.67148237977873],[0.8272884995319377,51.671115494379535],[0.8283572127478215,51.670681374855484],[0.8283760337999051,51.670671971785055],[0.8287068073694963,51.670784657984264],[0.8298810808017217,51.671095979072774],[0.8310987891810327,51.671334221706445],[0.8323481998520547,51.67149709040175],[0.8336172742476116,51.67158301592249],[0.8348937840597233,51.67159117042022],[0.8361654292521049,51.67152147541994],[0.8374199567681049,51.671374602573664],[0.8386452787811677,51.67115196717455],[0.8398295893395347,51.67085571449525],[0.8409614782728325,51.670488699082505],[0.8420300412555751,51.67005445720975],[0.8430249849607836,51.66955717275501],[0.84393672628566,51.66900163683499],[0.8447564846901015,51.66839320158735],[0.8454763667569141,51.667737728548914],[0.8460894421594392,51.667041532129936],[0.8465898103069304,51.666311318732035],[0.8469726570296012,51.665554122098385],[0.8472343007628738,51.66477723552167],[0.8473722277929341,51.66398814156427],[0.8473851162322464,51.66319443996956],[0.847272848503067,51.662403774459364],[0.8470365122182749,51.66162375912291],[0.8466783894606519,51.66086190510653],[0.8462019345733531,51.66012554830897],[0.8456117406843656,51.65942177877784],[0.8452219302060635,51.65905086268415],[0.8447585869480659,51.658334698102784],[0.8441684395263702,51.65763092043032],[0.8434702435010326,51.65696650463249],[0.8426707253595793,51.656347847506765],[0.8417775861482701,51.6557809050656],[0.8407994272589543,51.65527113525332],[0.8397456675941495,51.65482344546086],[0.8386264529079965,51.65444214534045],[0.8374525581942763,51.65413090537229],[0.8362352840577829,51.653892721579155],[0.8349863480616831,51.65372988672615],[0.8337177720903797,51.65364396828158],[0.8324417668046115,51.653635793348975],[0.8311706142926183,51.653705440714596],[0.8299165500380615,51.653852240086486],[0.8286916453317748,51.65407477853244],[0.827640126520523,51.65433778957383],[0.8269903190640014,51.65437336753963],[0.825736221186628,51.65452012270113],[0.8245112763978102,51.65474261806601],[0.8234006711912781,51.655020357927704],[0.8224781031665631,51.65470588807624],[0.8223861973615015,51.65468150646612],[0.8220580777862002,51.65398248724238],[0.8215820949286505,51.65324602263772],[0.8209923714959495,51.652542121478135],[0.8202945904623087,51.651877561004845],[0.8194954743229538,51.65125873940978],[0.8186027202576053,51.650691614290146],[0.8179933492586662,51.65037379898465],[0.818006517896731,51.65037140773395],[0.8085711147065394,51.64904102756465]]]}},{"type":"Feature","properties":{"db_school_name":"St Cedd's Church of England Primary School","harvested_label":"St Cedd's Church of England Primary School, Bradwell","urn":"140844","margin_m":785.0},"geometry":{"type":"Polygon","coordinates":[[[0.8791601542789582,51.73739796606545],[0.8793096409482063,51.73747074805689],[0.8794657885769912,51.73753437281085],[0.8796305962376715,51.737620269372435],[0.8798535433745395,51.73770923695108],[0.8800033178022212,51.737786507889226],[0.8801149348515764,51.73783323629908],[0.8802337838091813,51.737879787247714],[0.8804480733097528,51.737946481686755],[0.8805510310719297,51.737970937714984],[0.8807427578006329,51.73802451453041],[0.8808478051761628,51.73807724932996],[0.8809576740232352,51.738142007315616],[0.8810537260066867,51.738194512907654],[0.8811448105261456,51.7382372471689],[0.8812476946035306,51.73828328938151],[0.8813526539311505,51.73833917370795],[0.8814833446158458,51.738412414115224],[0.8815658661752471,51.73845715689465],[0.8817033891890528,51.7385239338079],[0.8818017639203034,51.738567388065746],[0.8819361090659686,51.73862974581716],[0.8821619412432562,51.738741122646964],[0.8823563717255289,51.738837080982755],[0.8824462982708698,51.73888433954388],[0.8825315428318462,51.738926316704706],[0.8827122141903962,51.7390109202945],[0.882948174763142,51.73912204703725],[0.8830379881082855,51.73916750918411],[0.8831262408761917,51.739211210824934],[0.883254272947236,51.73928811206388],[0.883340605722861,51.73934715004713],[0.8834481768524158,51.739398471544675],[0.8835843734901031,51.7394670776102],[0.8838409721584416,51.73960647585772],[0.883952466989466,51.739673889297784],[0.8840866878096455,51.73975693330183],[0.8841834333806566,51.73982021184779],[0.8842776297236855,51.73988894916785],[0.8845885190615145,51.74008457248768],[0.884808865480297,51.74020057593686],[0.8849093799446476,51.74025476757812],[0.8852134741897011,51.74041188308363],[0.8853016742310763,51.74045468504345],[0.8854150358485657,51.740505862520614],[0.8855043964716995,51.740544138944514],[0.8856636850661334,51.740611275931876],[0.8857707465902964,51.74065451349231],[0.8858876470047137,51.740693012323355],[0.8859851716510725,51.74072299340898],[0.8861163648637816,51.74075844267719],[0.886255248433845,51.740800897808434],[0.8863870868724364,51.740823739673935],[0.8864970722096226,51.74082193598424],[0.8865383634882407,51.74080118347862],[0.8880839172121419,51.740326474379415],[0.8880996160460319,51.74037242414216],[0.8881429659538166,51.74043881126258],[0.8881889796356658,51.74050153536064],[0.8883509089770727,51.74070081194779],[0.8884183190523848,51.740780997261645],[0.8884852709663648,51.74085399880461],[0.8885415251225953,51.74091826966505],[0.8886229989946463,51.7409918133465],[0.8887047596605718,51.741069846795135],[0.888782997375289,51.74113807371372],[0.8888568387256054,51.74120550934424],[0.8889328281313473,51.74126120021471],[0.8890019294223188,51.74132245672485],[0.8891221011158235,51.74141213629203],[0.8892074576263779,51.741478389067446],[0.8892774328909621,51.741530630167894],[0.889292074776709,51.74154038460499],[0.8893280367537029,51.74153839925872],[0.8905843000702177,51.74139093253462],[0.8918112196303697,51.741167719321325],[0.8929969740819912,51.74087091046289],[0.8941301393392729,51.74050336586931],[0.8951997987806659,51.7400686269172],[0.8961956485210835,51.73957088227818],[0.8971080967392046,51.73901492750679],[0.8979283560996727,51.73840611877949],[0.8986485283782789,51.73775032123404],[0.899261680475203,51.73705385240885],[0.8997619110862617,51.73632342133054],[0.9001444073938614,51.73556606383899],[0.9004054912371564,51.734789074774916],[0.9005426543237189,51.73399993768535],[0.9005520385539915,51.73337550451655],[0.9017118104017974,51.73345321644493],[0.9018440865117694,51.733453981486484],[0.9024043019954141,51.7336440952191],[0.9035806992040976,51.733954642929426],[0.9048004676304827,51.73419208648404],[0.9060518547503257,51.73435413809783],[0.9073228029334717,51.73443923640789],[0.907871048095542,51.734442379850925],[0.9076665493231011,51.734544638383724],[0.9067543219953451,51.73510067218906],[0.9059342419408057,51.73570954012273],[0.905214208300573,51.7363653804294],[0.9046011579444497,51.737061878856906],[0.9041009985672072,51.73779232939503],[0.9037185516528509,51.73854969879443],[0.9034575058615871,51.739326694247424],[0.9033203812952771,51.74011583358036],[0.9033085049936309,51.740909517283534],[0.903421997906076,51.74170010168557],[0.9036597734743063,51.7424799725687],[0.9040195478488776,51.743241618515285],[0.9044978616509673,51.743977703278986],[0.9050901130786709,51.744681136481994],[0.9057906020471085,51.74534514195624],[0.9065925849440298,51.74596332306759],[0.9074883394790199,51.74652972439199],[0.9084692390054234,51.747038889146395],[0.9095258356010972,51.74748591181857],[0.9102948480803774,51.747746729885165],[0.9103400910095679,51.74775026655084],[0.9106194555207464,51.74777209698057],[0.9110515688200613,51.747814927835606],[0.9120081310159253,51.74790543660357],[0.9127468363158475,51.747976355796524],[0.9133299119439013,51.7480416063427],[0.913599143193744,51.74808490640021],[0.9137682345969287,51.74812115675285],[0.9139254729453783,51.748151765030975],[0.9141107974330164,51.74814240936498],[0.9144305518765333,51.74813684984257],[0.9147330012063967,51.74813054071238],[0.9149419859899779,51.74813129917897],[0.9152837070669539,51.74813947429977],[0.9156560429591136,51.74817663991113],[0.9160795926801483,51.748205382761945],[0.9164830092933974,51.74821916368657],[0.9171059023832687,51.74821797694748],[0.9174784735166438,51.74819919852629],[0.9178648289861775,51.74821578185257],[0.918201420449997,51.748233591358996],[0.918470191121031,51.748239999170195],[0.9188842577022148,51.74827016373096],[0.9190313097518262,51.74829149391455],[0.9191312036258413,51.748354450100315],[0.9192549152848132,51.74837041520093],[0.9193835016463089,51.748403769936345],[0.9194389774277144,51.74843876565533],[0.9206037526206999,51.74822657809199],[0.9217894896281403,51.747929478858175],[0.9229225842910562,51.74756165768412],[0.9239921206719313,51.74712665861193],[0.9249877960760758,51.74662867281983],[0.9259000203672754,51.74607249818576],[0.9267200083735191,51.745463493004145],[0.9274398644910835,51.74480752430469],[0.9280526586722633,51.74411091127358],[0.9285524930669485,51.74338036432526],[0.928934558680031,51.742622920414014],[0.9291951815044966,51.741845875211],[0.9293318576928605,51.74105671280165],[0.929343277436324,51.74026303358259],[0.9292293373307282,51.73947248105281],[0.9289911411197641,51.73869266820528],[0.9286309888179347,51.73793110422736],[0.9281523543275987,51.737195122215354],[0.9275598517745219,51.736491808598366],[0.9268591908941998,51.735827934948894],[0.9260571219053578,51.73520989283511],[0.9251613704068814,51.734643632339434],[0.9241805629287313,51.73413460483298],[0.9231241438556955,51.7336877105536],[0.9220022845238851,51.733307251489876],[0.9208257853635262,51.73299689002151],[0.919605972026634,51.732759613711934],[0.9183545864944939,51.732597706589715],[0.9170836742067383,51.732512727193196],[0.9165354535062873,51.732509626415364],[0.9167399226154322,51.73240735285647],[0.9176519712266664,51.73185124398307],[0.9184718225747501,51.731242297377165],[0.9191915823690846,51.730586379503414],[0.9198043214857319,51.729889809057866],[0.9203041426002556,51.72915929604439],[0.920686236840233,51.72840187709022],[0.9209469299173818,51.727624847626174],[0.9210837173018956,51.72683569158646],[0.921095288108417,51.726042009306795],[0.9209815374725584,51.72525144431638],[0.920743567308394,51.72447160972915],[0.9203836754492252,51.72371001494282],[0.9199053332857975,51.722973993351644],[0.9193131521261684,51.72227063176711],[0.9186128386092596,51.72160670222495],[0.9178111396082329,51.720988596832804],[0.9169157771596497,51.72042226628372],[0.9159353740486598,51.71991316262445],[0.9148793707687393,51.719466186827134],[0.9137579346555564,51.719085641666084],[0.9125818620681326,51.718775190350634],[0.9113624745555553,51.718537821309724],[0.9101115100037609,51.7183758194649],[0.9088410098038476,51.71829074426654],[0.9087087781903059,51.71828998642474],[0.9081487299516829,51.71809989981684],[0.906972719433895,51.717789391275716],[0.9057533857380341,51.71755196307611],[0.9045024662328014,51.71738990070897],[0.9032320018763257,51.717304764207064],[0.9019542214886686,51.71729737314855],[0.9006814242291395,51.717367798776685],[0.8994258614007321,51.71751536331139],[0.8981996187103214,51.717738646459026],[0.8970145001090064,51.7180354990586],[0.8958819143223993,51.71840306373412],[0.8948127651556239,51.71883780235606],[0.8938173466226068,51.719335530049364],[0.8929052439043274,51.71989145542343],[0.8920852410861672,51.720500226638855],[0.8913652365610505,51.721155982870954],[0.8907521669131574,51.72185241067672],[0.8902519400171187,51.722582804725725],[0.889869378000782,51.72334013231283],[0.8896081706262222,51.72411710103337],[0.8894708395448438,51.724906228971925],[0.8894612995643489,51.7255306643567],[0.8883017474186462,51.725452827900014],[0.8870237330545686,51.725445277827255],[0.8857506776472015,51.72551554535449],[0.8844948349819229,51.72566295422302],[0.8832682934563838,51.72588608563731],[0.8820828598950949,51.72618279189688],[0.8809499460522289,51.726550217034486],[0.8798804588876195,51.72698482426419],[0.8788846956658566,51.72748242997632],[0.8779722448834001,51.72803824395531],[0.877151893974153,51.728646915435185],[0.8764315446804966,51.72930258455257],[0.8758181369048413,51.72999893870449],[0.8753175817769626,51.73072927327113],[0.8749347045854543,51.731486556121496],[0.8746731981283121,51.732263495283284],[0.874535586938779,51.73305260912719],[0.874523202739046,51.733846298391356],[0.8746361713671891,51.73463691935346],[0.8748734113127331,51.73541685744629],[0.8752326438846896,51.736178600607516],[0.8757104149236273,51.736914811657016],[0.8763021278576623,51.73761839900304],[0.8770020877920567,51.73828258499483],[0.8776433744417212,51.738777382182285],[0.8791601542789582,51.73739796606545]]]}},{"type":"Feature","properties":{"db_school_name":"Burnham-on-Crouch Primary School","harvested_label":"Burnham-on-Crouch Primary School","urn":"114821","margin_m":763.9},"geometry":{"type":"Polygon","coordinates":[[[0.8085711147065394,51.64904102756465],[0.818006517896731,51.65037140773395],[0.819160921448736,51.650161776618525],[0.8203448245535361,51.649865725959664],[0.8214763615972257,51.64949890282697],[0.8225446316438308,51.64906484163989],[0.823539344186326,51.64856772453426],[0.8244509183452112,51.64801234101325],[0.8252705751857137,51.64740404174536],[0.8259904222627263,51.646748686956634],[0.8266035295793015,51.6460525899178],[0.8271039962291322,51.645322456073075],[0.8274870070849494,51.64456531839962],[0.8275269633822194,51.64444678882247],[0.8279705665539232,51.64426649367214],[0.8289651148556434,51.643769332692294],[0.8298765269908692,51.64321390907402],[0.8306960255864854,51.64260557387156],[0.8314157197222708,51.64195018765665],[0.8320286808746752,51.64125406400212],[0.8325290095450871,51.64052390860799],[0.8329118919346842,51.639766754658325],[0.8331736461254584,51.638989895034705],[0.8333117573295635,51.638200812040374],[0.8333149879816087,51.63800573522103],[0.8333509083890831,51.63797301932484],[0.8339637882035452,51.63727688640426],[0.8344640441403082,51.63654672345466],[0.8348468631002766,51.63578956373259],[0.8351085637753111,51.6350127001749],[0.8352466318917402,51.63422361512243],[0.8352597441916965,51.63342990823344],[0.8351477809302887,51.63263922328173],[0.8349118267777212,51.63185917454525],[0.8345541601273225,51.63109727349378],[0.8341407079180977,51.63045753020389],[0.8344819502607828,51.63006986592176],[0.8349821229640856,51.629339701298406],[0.8353648772018347,51.62858254011494],[0.8356265322870097,51.62780567532193],[0.8357645743825304,51.62701658927188],[0.8357776804784841,51.626222881632465],[0.8356657308870061,51.625432196184704],[0.835429810143961,51.624652147211314],[0.8350721963183663,51.62389024618453],[0.8349407952357066,51.62368689814572],[0.8349468611198761,51.6233199858699],[0.8348349350775361,51.62252929895632],[0.8345990455451274,51.62174924752681],[0.8342414702901543,51.62098734307736],[0.8337656583721074,51.620250921994916],[0.8331761967182232,51.61954707494897],[0.8324787657723272,51.61888257866093],[0.8316800846506719,51.61826383070636],[0.8307878463382573,51.617696787975376],[0.8298106435533369,51.617186909380884],[0.8287578859959318,51.61673910336397],[0.8276397097772,51.61635768069838],[0.8264668799000202,51.616046313046304],[0.8252506867262005,51.6158079976614],[0.8240028374220179,51.61564502857691],[0.8227353434206924,51.615558974554006],[0.8214604049776039,51.61555066400161],[0.8201902939210876,51.61562017701107],[0.818937235718627,51.61576684458294],[0.817713291984535,51.61598925505239],[0.8165302445512413,51.616285267652785],[0.815399482211766,51.616652033087526],[0.8143318912161467,51.61708602091411],[0.8133377505695754,51.61758305347848],[0.8124266331352923,51.6181383460758],[0.8116073134909819,51.618746552953304],[0.8113707874294269,51.618961926453814],[0.8104026254179447,51.61944591160698],[0.8098758728578896,51.61961672087448],[0.8088081586478318,51.6200506600737],[0.8078138922077946,51.62054764748269],[0.8069026476109824,51.621102898831566],[0.8060832006584285,51.621711068765045],[0.8053634443626858,51.62236630224347],[0.8053347103694255,51.62239891981602],[0.8042042584249097,51.62276540067586],[0.8031364152673963,51.62319928996612],[0.8021420174047141,51.62369623102723],[0.8012306401742049,51.62425144003585],[0.8004110606528959,51.6248595720446],[0.7996911731289745,51.62551477237944],[0.7990779130260922,51.6262107329476],[0.7985771900150476,51.62694075291715],[0.7984609157512217,51.62717037184699],[0.7972645632776939,51.627387492111026],[0.796081080869639,51.62768330439089],[0.7949498658693332,51.62804987877051],[0.793881808879805,51.62848368664695],[0.7928871933879363,51.62898055209927],[0.7919755968244305,51.62953569203243],[0.7911557983764349,51.63014376216468],[0.7904356944387657,51.6307989084184],[0.7898222225180052,51.63149482322234],[0.7893212943241643,51.63222480618609],[0.7889377386979954,51.63298182856506],[0.7886752549289267,51.633758600897785],[0.7885363769200134,51.63454764316585],[0.788522448553026,51.635341356802776],[0.7886336104998442,51.63613209785912],[0.7888687986166001,51.63691225061997],[0.7892257539457247,51.63767430096542],[0.789701044239009,51.63841090876727],[0.7900935310793956,51.638880034681605],[0.7900914206745334,51.639000545855815],[0.7902026212815589,51.639791284447575],[0.7904378575890842,51.64057143294754],[0.7907948701765772,51.64133347727664],[0.7908175597182616,51.64136863704053],[0.7907863606739297,51.64154592283909],[0.790772474193464,51.64233963534909],[0.790883697044972,51.643130372597646],[0.7911189645005338,51.6439105189062],[0.791476016840749,51.644672560216634],[0.7919514208850497,51.64540915648732],[0.7925406028463334,51.64611321242659],[0.7932378922015619,51.6467779458806],[0.7940365761626309,51.647396953214866],[0.7949289642283347,51.6479642710574],[0.7959064621994238,51.6484744338058],[0.7969596549458562,51.648922526341714],[0.7980783971291395,51.64930423144196],[0.7992519110041507,51.64961587142683],[0.8004688903548592,51.64985444364157],[0.8017176095575987,51.650017649427184],[0.8022051022917702,51.65005080591206],[0.8021897854821213,51.6500570256725],[0.8085711147065394,51.64904102756465]]]}},{"type":"Feature","properties":{"db_school_name":"Westlands Community Primary School","harvested_label":"Westlands Community Primary School","urn":"115027","margin_m":253.9},"geometry":{"type":"Polygon","coordinates":[[[0.44397977036416864,51.72413142988288],[0.4382714354683637,51.72676341285612],[0.43863283528485386,51.72759175668792],[0.43751034611660305,51.73562795676432],[0.4368852289435107,51.736366811801695],[0.43651775666457593,51.73744106858564],[0.44496439247825004,51.73775336080241],[0.45235966959136037,51.73737433167478],[0.45355777829429506,51.735956532735294],[0.4594190869354998,51.7370761444757],[0.45785520880576697,51.73951340896985],[0.4611039454379867,51.74165795479023],[0.4638770965451903,51.74088442332489],[0.46393561574347253,51.740740536983225],[0.46176820310314026,51.737145208227],[0.46250177874978526,51.73688156134438],[0.46483324109187735,51.735164300580074],[0.46500732894197544,51.735091710130824],[0.46642708218801854,51.73606249328186],[0.4671692530514991,51.736462918778265],[0.4673275121691683,51.73659479142357],[0.46955361446722604,51.736600421870065],[0.47022245424830794,51.73685198400295],[0.4713366686441358,51.737756869881046],[0.47407301088687803,51.735949607018846],[0.47681809779117407,51.73558511333613],[0.47684594470506464,51.73435126453855],[0.47535250369013626,51.73354989536925],[0.4749735063909137,51.73229954907545],[0.47226803653284855,51.731583555182574],[0.47221226390294757,51.73101194748682],[0.4724128743444433,51.73072735482958],[0.4697161303717503,51.72866160622597],[0.4698144513382891,51.728507794376725],[0.46948953570319824,51.72802161787979],[0.4684913444773293,51.727354508809114],[0.4648959468575703,51.727472303734935],[0.46481321717649704,51.72610275378622],[0.46221477886439494,51.725684679841706],[0.46418790413122474,51.72300657896911],[0.46382528941140294,51.72180635922927],[0.45696580126579345,51.723215860648],[0.45636097282939303,51.723161122431854],[0.4550027368568263,51.72292524931248],[0.4549178231254764,51.72164640583897],[0.4521867498076384,51.713227489944444],[0.4507526529617968,51.712253849528786],[0.4495629737817095,51.71224238006922],[0.4482894590447378,51.71230790779307],[0.4470324084831307,51.71245065036104],[0.4458039220931434,51.71266923387966],[0.4446158253769344,51.71296155441356],[0.4434795556674948,51.71332479820358],[0.4424845547461511,51.71372397547359],[0.44409946521542015,51.71829515353113],[0.44397977036416864,51.72413142988288]]]}},{"type":"Feature","properties":{"db_school_name":"Trinity Road Primary School","harvested_label":"Trinity Road Primary School","urn":"114805","margin_m":576.4},"geometry":{"type":"Polygon","coordinates":[[[0.4724128743444433,51.73072735482958],[0.47221226390294757,51.73101194748682],[0.47226803653284855,51.731583555182574],[0.4749735063909137,51.73229954907545],[0.47535250369013626,51.73354989536925],[0.47684594470506464,51.73435126453855],[0.47681809779117407,51.73558511333613],[0.47407301088687803,51.735949607018846],[0.4713366686441358,51.737756869881046],[0.47138074516210643,51.73799263068988],[0.47822164907649634,51.739702416942634],[0.4787856593282702,51.74024872055016],[0.47824615388967584,51.74153116243389],[0.48688985397238266,51.742937197457906],[0.48738371203317005,51.74377568684806],[0.490067442556534,51.74526705711613],[0.4912705458859896,51.745200265144355],[0.4934212494103654,51.74602438019933],[0.49815789211840655,51.74593334660477],[0.4989476612002775,51.74464652552654],[0.497336078724318,51.7406740886927],[0.49498699648648053,51.73969693327824],[0.49627196102034393,51.73858767549334],[0.4965765804572821,51.737202040086586],[0.49748027878634205,51.735670330103055],[0.4945149469265372,51.73431657654162],[0.49359025111358246,51.73186704053637],[0.4906259933557467,51.730046736114],[0.4906055300923841,51.72964247635065],[0.4884104447764327,51.72907358122751],[0.4839466490266967,51.72856407840401],[0.483846479428701,51.728564072844556],[0.4792419812092568,51.730385922577284],[0.47914341371015695,51.73036651270924],[0.4779830773028753,51.73044608189018],[0.47578541831738463,51.72962907143031],[0.4744648400518906,51.72947145266944],[0.4734518189151521,51.729972999629254],[0.4732340807775651,51.73030930437742],[0.4724128743444433,51.73072735482958]]]}},{"type":"Feature","properties":{"db_school_name":"Kings Road Primary School","harvested_label":"Kings Road Primary School","urn":"144304","margin_m":314.2},"geometry":{"type":"Polygon","coordinates":[[[0.4533491338410475,51.73953724167072],[0.45279066811235136,51.74276722530802],[0.4509219649348956,51.743790524731196],[0.45235176909033753,51.746378560067974],[0.45176826318587787,51.74827386910775],[0.45176535717684835,51.74832067208999],[0.4573559785588009,51.749693449778924],[0.45947477253604263,51.751380758413774],[0.4634778666727359,51.74900667957945],[0.4715764362293275,51.74781947829128],[0.47158222733621,51.74782105147913],[0.4769784823094897,51.745414615428395],[0.47760932743284595,51.742336651292405],[0.47824615388967584,51.74153116243389],[0.4787856593282702,51.74024872055016],[0.47822164907649634,51.739702416942634],[0.47138074516210643,51.73799263068988],[0.4713366686441358,51.737756869881046],[0.47022245424830794,51.73685198400295],[0.46955361446722604,51.736600421870065],[0.4673275121691683,51.73659479142357],[0.4671692530514991,51.736462918778265],[0.46642708218801854,51.73606249328186],[0.46500732894197544,51.735091710130824],[0.46483324109187735,51.735164300580074],[0.46250177874978526,51.73688156134438],[0.46176820310314026,51.737145208227],[0.46393561574347253,51.740740536983225],[0.4638770965451903,51.74088442332489],[0.4611039454379867,51.74165795479023],[0.45785520880576697,51.73951340896985],[0.4594190869354998,51.7370761444757],[0.45355777829429506,51.735956532735294],[0.45235966959136037,51.73737433167478],[0.45343801244616716,51.73933471964569],[0.4533491338410475,51.73953724167072]]]}},{"type":"Feature","properties":{"db_school_name":"Writtle Infant School","harvested_label":"Writtle Infant School","urn":"151221","margin_m":718.7},"geometry":{"type":"Polygon","coordinates":[[[0.41668477939273113,51.73950626955199],[0.41685117296600477,51.73951811188226],[0.4181296665203752,51.73953077578249],[0.41940400010332746,51.739465565043254],[0.4198625219854762,51.739413638958936],[0.42081740510355453,51.7397427464845],[0.42199080892449536,51.7400581568595],[0.42320837306273257,51.74030063161831],[0.42445836628456246,51.74046783448643],[0.4257287444260592,51.740558154451364],[0.4270072666174502,51.74057072130665],[0.4282816134168242,51.74050541404693],[0.4295395057059306,51.7403628620325],[0.4307688231933093,51.74014443891219],[0.43195772137396266,51.739852249363906],[0.4330947458101086,51.7394891087813],[0.4341689426243147,51.739058516104436],[0.435169964133951,51.738564620057566],[0.43584094019858977,51.73816092696814],[0.43583735032143284,51.738167879417226],[0.43651775666457593,51.73744106858564],[0.4368852289435107,51.736366811801695],[0.43751034611660305,51.73562795676432],[0.43863283528485386,51.72759175668792],[0.4382714354683637,51.72676341285612],[0.44397977036416864,51.72413142988288],[0.44409946521542015,51.71829515353113],[0.4424845547461511,51.71372397547359],[0.44247731501185683,51.71372687987439],[0.4422231254881747,51.713692898470306],[0.44095347557414843,51.713602747204355],[0.4396757159129279,51.71359032230833],[0.4384021454664545,51.71365574346246],[0.4371450229648706,51.71379838104143],[0.43591644909591865,51.71401686216203],[0.43472825020253136,51.71430908387435],[0.4335918645997322,51.714672233370365],[0.4325182325975591,51.71510281501734],[0.43151769128223244,51.71559668395754],[0.43059987506342484,51.71614908595337],[0.4297736229416009,51.716754703096754],[0.4291325074844793,51.71733077770857],[0.4280638078679795,51.71738557591994],[0.4268065460326638,51.717528104489794],[0.42557781816974594,51.71774647926077],[0.4243894521026917,51.718038598306514],[0.423252887753783,51.71840164980726],[0.4221790671516699,51.71883213907367],[0.421178329196092,51.7193259221376],[0.42026031018779253,51.71987824558853],[0.41992152523838383,51.72012647598773],[0.41961519945388404,51.72004409236464],[0.41839820141180556,51.719801572362464],[0.4171488012545134,51.71963429686434],[0.4158790253520394,51.71954387606786],[0.41460109591675676,51.71953118039872],[0.41332731354345914,51.71959633214252],[0.4120699389999816,51.71973870426636],[0.41084107539709525,51.71995692644163],[0.40965255186292504,51.720248898210436],[0.4085158098332255,51.72061180917058],[0.40790089365716026,51.72085820728544],[0.4071315964377512,51.72099478851014],[0.4059430207462861,51.72128672334177],[0.40480622204503836,51.721649599047105],[0.4037321446153156,51.7220799226291],[0.4027311298257655,51.722573551714746],[0.4018128166386771,51.72312573437626],[0.4009860488337562,51.72373115481842],[0.4002587898408316,51.724383984494615],[0.39963804600157793,51.7250779381629],[0.39912979900103457,51.725806334344476],[0.39873894812322724,51.72656215960594],[0.3984692628922676,51.727338136047514],[0.39832334656178026,51.728126791350824],[0.39830261081224194,51.72892053071199],[0.3984072619088292,51.72971170996919],[0.3986362984625452,51.73049270922089],[0.39898752082591177,51.731256006225266],[0.39945755204226363,51.73199424887404],[0.40004187015591736,51.73270032604108],[0.4007348515802137,51.73336743612193],[0.4015298251127272,51.7339891526022],[0.40241913608295893,51.73455948602053],[0.40339422001859826,51.73507294172706],[0.4044456851229067,51.735524572877864],[0.4055634027690884,51.73591002815193],[0.40673660513833526,51.73622559372872],[0.4073515241552724,51.73634815444607],[0.4079060010862594,51.736781679995346],[0.40833030764418576,51.73705373400034],[0.40831701180930363,51.737052786698165],[0.41668477939273113,51.73950626955199]]]}},{"type":"Feature","properties":{"db_school_name":"Roxwell Church of England Primary School","harvested_label":"Roxwell Church of England Primary School","urn":"147444","margin_m":597.3},"geometry":{"type":"Polygon","coordinates":[[[0.40831701180930363,51.737052786698165],[0.408150629150414,51.73704093212913],[0.40687220513095995,51.7370281586689],[0.4055979174977318,51.73709323282208],[0.4043400318776215,51.73723552830252],[0.40311065629649295,51.7374536755195],[0.4019216248065225,51.73774557473713],[0.4008475770648398,51.73808825459287],[0.4002196032287507,51.737963058676975],[0.39896976050907823,51.73779559577128],[0.39769950394610026,51.73770498468262],[0.39642106037537217,51.73769209766745],[0.395146735336262,51.7377570588524],[0.3938887948152142,51.73789924303842],[0.3926593473656749,51.73811728170569],[0.39264642516580517,51.738120452729476],[0.39272313194065106,51.73770622756262],[0.39274396448130094,51.73691248898602],[0.39263939138752135,51.73612130453],[0.39241042621606226,51.735340293320945],[0.3920592801278768,51.734576976132175],[0.3915893403590752,51.733838702985096],[0.3910051373884968,51.73313258240852],[0.390312301126195,51.732465413035044],[0.3895175065517214,51.7318436181917],[0.3886284093311702,51.73127318411205],[0.3876535720368427,51.730759602361836],[0.3866023816820659,51.73030781703019],[0.38548495936543625,51.72992217719132],[0.3843120628928903,51.729606395092446],[0.38309498331178765,51.72936351046697],[0.3818454363481481,51.729195861314764],[0.3805754497858143,51.72910506142869],[0.37929724786413943,51.729091984882075],[0.37802313379861985,51.72915675762533],[0.37676537154640527,51.72929875627253],[0.3755360679456792,51.72951661408907],[0.37434705635441984,51.72980823412377],[0.37320978290023765,51.730170809359976],[0.37213519642859916,51.730600849693154],[0.3711336432023727,51.73109421547758],[0.370214767361309,51.731646157321194],[0.36938741809626846,51.73225136174854],[0.36865956443009257,51.732904002294475],[0.3680382184257314,51.73359779554003],[0.36752936756288,51.734326061553546],[0.36713791693797115,51.735081788157515],[0.36686764184941717,51.735857698405084],[0.3667211512314874,51.73664632061817],[0.3666998622969415,51.73744006031451],[0.366803986641539,51.73823127333197],[0.36703252795370755,51.739012339446525],[0.36738329136116593,51.73977573577492],[0.36785290433400863,51.74051410925441],[0.3684368489519837,51.741220347500494],[0.36912950523338184,51.741887647358595],[0.36991038897570755,51.742498768154476],[0.3694784770690673,51.74275813568301],[0.3686509195501485,51.74336333654274],[0.3679228816715288,51.744015973763226],[0.367301377271613,51.74470976395836],[0.366792395357668,51.745438027226534],[0.3664008422910301,51.74619375141734],[0.36613049436005557,51.74696965960768],[0.36598396120433224,51.74775828013968],[0.36596266045037806,51.748552018547514],[0.3660668038120039,51.749343230681546],[0.3662953947986896,51.75012429632621],[0.366646238063759,51.75088769260253],[0.3671159603118891,51.751626066447926],[0.3677000425736131,51.752332305473836],[0.3683928635441933,51.75299960651757],[0.36918775357645056,51.75362154122552],[0.3700770588130938,51.75419211803389],[0.3710522148448035,51.754705839947526],[0.3721038291867079,51.755157757556766],[0.3732217717791434,51.755543516779554],[0.37335640765799294,51.75557975902072],[0.37322274881853446,51.75596347273307],[0.3730763155409942,51.75675209981243],[0.37305514015095914,51.75754583687639],[0.37315943315837496,51.75833703978766],[0.3733881966346225,51.75911808841871],[0.37373923357443506,51.75988146005365],[0.37420916881926947,51.76061980186624],[0.37479348134968765,51.761326001775586],[0.3754865476439159,51.76199325699477],[0.3762816956920039,51.76261513961064],[0.3771712691509161,51.763185658560324],[0.3781467010265918,51.76369931740519],[0.37919859617536755,51.76415116734245],[0.38031682183044163,51.764536854941355],[0.38149060527971995,51.76485266414091],[0.3827086377508194,51.765095552102174],[0.3839591834974221,51.76526317856727],[0.3852301930296341,51.76535392844009],[0.3865094193898361,51.765366927369925],[0.3877845363453009,51.76530205018665],[0.3890432573497442,51.76515992210531],[0.39027345411842146,51.76494191268932],[0.3914632736652447,51.764650122630215],[0.3926012526657269,51.76428736347299],[0.3936764280362088,51.763857130483686],[0.3946784426574867,51.7633635689228],[0.39559764521912877,51.76281143405182],[0.396425183219124,51.76220604526075],[0.39715308822121,51.761553234761465],[0.3977743525487125,51.76085929134392],[0.39828299667810324,51.76013089973994],[0.39867412668686364,51.75937507618101],[0.3989439812077303,51.75859910077363],[0.3990899674439521,51.75781044734511],[0.399110685906735,51.75701671143738],[0.39900594364558906,51.75622553714334],[0.3987767558537002,51.755444543490725],[0.39842533584254475,51.75468125108267],[0.3979550734918811,51.753943009700734],[0.39786317129776166,51.753832006083165],[0.39855193976876874,51.753796889910944],[0.39981030425755315,51.753654650704064],[0.401040134426901,51.75343653278372],[0.4022295808263429,51.75314463788679],[0.40330397125994655,51.75280194178363],[0.40393216035016993,51.752927118187564],[0.40518243943811344,51.75309452233249],[0.406453141293023,51.753185046577215],[0.4077320219238506,51.753197818746074],[0.4090067584319846,51.75313271585463],[0.4102650679405173,51.75299036529343],[0.4114948261337918,51.75277213876994],[0.4126841842560598,51.75248013906769],[0.4138216834334273,51.75211717975149],[0.41489636520996287,51.75168675801533],[0.41589787722649174,51.751193020937436],[0.4168165730188269,51.75064072546916],[0.41764360497051634,51.75003519254628],[0.41837100952292683,51.749382255767564],[0.4189917838219506,51.74868820513758],[0.41949995306500665,51.74795972641883],[0.4198906279033689,51.747203836679816],[0.4201600513523574,51.746427816662305],[0.4203056347644211,51.74563914062112],[0.4203259825267076,51.74484540431385],[0.4202209052542219,51.7440542518353],[0.4199914213610349,51.74327330200139],[0.41963974700408807,51.74251007499182],[0.41916927450601354,51.741771919957095],[0.41858453947376423,51.741065944286376],[0.4178911769378009,51.74039894521483],[0.4170958669412033,51.73977734442788],[0.41667148269251925,51.73950532320741],[0.41668477939273113,51.73950626955199],[0.40831701180930363,51.737052786698165]]]}},{"type":"Feature","properties":{"db_school_name":"Springfield Primary School","harvested_label":"Springfield Primary School","urn":"134065","margin_m":185.5},"geometry":{"type":"Polygon","coordinates":[[[0.4961212285462463,51.750070507343146],[0.4951589890354789,51.75090257317504],[0.4945829884418841,51.75103630281744],[0.4920706783344453,51.75215457758299],[0.4929745474199699,51.754577533965076],[0.49222485728273546,51.755722237492876],[0.4921089267325924,51.759006828350856],[0.48419662835858907,51.76104175491568],[0.4837466902354341,51.76251112259963],[0.48464224965962666,51.76577347877925],[0.49335023205984646,51.766217058099635],[0.4986023136375952,51.760553248045866],[0.498980279693182,51.760614159300886],[0.49989345692877557,51.76557138429268],[0.5012358644217795,51.76694485520731],[0.5058174553517625,51.769042304002035],[0.5084369109574284,51.76870995448824],[0.5158570184912431,51.768836520345715],[0.5158529289564369,51.76883333500057],[0.5162113337687558,51.768570300388696],[0.5169375830759533,51.76791677031402],[0.5175570714320107,51.76722221777967],[0.5180638364420836,51.76649333337817],[0.5184530023026211,51.76573713807975],[0.5187208265802618,51.7649609155623],[0.5188647360440598,51.76417214202324],[0.5188746603702302,51.763748981924515],[0.5188769421463469,51.76374959267422],[0.5178183580246972,51.76271698946406],[0.5132488834725019,51.76014991665107],[0.5116646007706012,51.759373470707104],[0.5110074862437823,51.75616065016594],[0.514086098170022,51.75429796097967],[0.5148141379273408,51.75348574039081],[0.5168644412007544,51.75261114893421],[0.5204368485053138,51.75369781035901],[0.5222038482183152,51.753766374549656],[0.5277801887059907,51.75093688722855],[0.531972922532717,51.74992567482634],[0.5320646716842347,51.74983682045788],[0.5320616132223718,51.7498380498044],[0.5321128043269301,51.749689504550986],[0.5322564404353749,51.74890071652587],[0.5322748236382988,51.748106987892555],[0.5321677834721004,51.74731596266176],[0.5319363572510146,51.74653525841398],[0.531582779829037,51.74577239295429],[0.531246095893683,51.745246552189364],[0.531164049525748,51.74464008245259],[0.5309326558379733,51.74385937548862],[0.5305791177008127,51.74309650618488],[0.5304172992550252,51.742843749964685],[0.5304296473691925,51.74284538986371],[0.5303884680791762,51.74282245573489],[0.5174466677746087,51.74342991526043],[0.5164674773032418,51.74336607134871],[0.513365221793343,51.74240009916627],[0.5103996731122402,51.74282254711535],[0.5089453974079658,51.7434375434824],[0.5086529949625953,51.7437813628442],[0.5086067475762583,51.74425027755754],[0.5079257296004613,51.74525053000885],[0.5043918432231966,51.74762380933232],[0.49849660977536153,51.746161815152746],[0.49803733081450857,51.7496023751166],[0.4961212285462463,51.750070507343146]]]}},{"type":"Feature","properties":{"db_school_name":"Broomfield Primary School","harvested_label":"Broomfield Primary School","urn":"115292","margin_m":388.7},"geometry":{"type":"Polygon","coordinates":[[[0.4521624975987947,51.785909500701074],[0.4582666088327481,51.785821850335765],[0.46415470728004193,51.78119396205797],[0.4676087828465197,51.78024377902262],[0.46831965342672793,51.780300090820404],[0.4740614747624362,51.773932403471576],[0.48090237068412056,51.77218975252811],[0.48264273154170517,51.7720473737834],[0.4824588644553056,51.7702113145588],[0.48464224965962666,51.76577347877925],[0.4837466902354341,51.76251112259963],[0.48419662835858907,51.76104175491568],[0.48205778297967755,51.759377595966676],[0.47983387280538226,51.75557241652303],[0.47858280557212907,51.75466262613102],[0.4783437294587511,51.7543458362125],[0.47446139754393324,51.75242733254756],[0.4711876800399236,51.7542385684494],[0.46966999654006153,51.75618265299876],[0.46924439823084096,51.75898882147677],[0.46816048638945534,51.760168219431044],[0.4663435759212072,51.759915589970774],[0.464154857764306,51.758122189782],[0.4531347220172941,51.7571914791687],[0.4499785416675124,51.76480187817231],[0.44997875218203426,51.76480182642346],[0.45031111351646635,51.76506120613677],[0.45120165082518565,51.76563115146569],[0.4521779561977514,51.76614418375586],[0.4526979213681613,51.76636704423798],[0.45313259421382135,51.76704772091254],[0.45371821206008156,51.76775351033541],[0.4544125285378056,51.76842028272545],[0.4552088595809354,51.769041614816125],[0.4553260833069531,51.769116622407765],[0.4543037130133008,51.76952644003071],[0.4533022320750441,51.77002050294518],[0.4523836057452573,51.77057308139847],[0.45155668083104017,51.77117885578712],[0.45082942229026596,51.77183199415848],[0.4505408379785163,51.772154820059264],[0.4495747889460705,51.77246332447429],[0.4484999608227153,51.77289406418324],[0.4474983414577481,51.773388079148646],[0.4465795756421116,51.77394061373104],[0.445970440446323,51.7743867414959],[0.4459652034318159,51.7743860425922],[0.4521624975987947,51.785909500701074]]]}},{"type":"Feature","properties":{"db_school_name":"Barnes Farm Primary School","harvested_label":"Barnes Farm Primary School","urn":"146000","margin_m":517.0},"geometry":{"type":"Polygon","coordinates":[[[0.4945149469265372,51.73431657654162],[0.49748027878634205,51.735670330103055],[0.4965765804572821,51.737202040086586],[0.49627196102034393,51.73858767549334],[0.49498699648648053,51.73969693327824],[0.497336078724318,51.7406740886927],[0.4989476612002775,51.74464652552654],[0.49815789211840655,51.74593334660477],[0.49849660977536153,51.746161815152746],[0.5043918432231966,51.74762380933232],[0.5079257296004613,51.74525053000885],[0.5086067475762583,51.74425027755754],[0.5086529949625953,51.7437813628442],[0.5089453974079658,51.7434375434824],[0.5103996731122402,51.74282254711535],[0.513365221793343,51.74240009916627],[0.5164674773032418,51.74336607134871],[0.5174466677746087,51.74342991526043],[0.5303884680791762,51.74282245573489],[0.521508996257963,51.73380993508622],[0.522071091628311,51.73138251558414],[0.5220635568419306,51.73139097115121],[0.5219434682586949,51.73098538562955],[0.521590188689014,51.73022248438312],[0.5211182031115488,51.72948475707382],[0.5205320616848981,51.72877930696549],[0.5198374129613935,51.72811292622738],[0.5190409493468453,51.72749203058716],[0.5181503425508686,51.726922597616344],[0.517174169653203,51.72641010923961],[0.5167507885417669,51.726228820253134],[0.5167587129530654,51.72622686548158],[0.510432472419415,51.72583046477815],[0.5099391285498392,51.7259048934385],[0.505975470919713,51.72732752664921],[0.5005583166827583,51.72704021666686],[0.49271529567463745,51.728131412369144],[0.4906055300923841,51.72964247635065],[0.4906259933557467,51.730046736114],[0.49359025111358246,51.73186704053637],[0.4945149469265372,51.73431657654162]]]}},{"type":"Feature","properties":{"db_school_name":"Downham Church of England Voluntary Controlled Primary School","harvested_label":"Downham Church of England (Voluntary Controlled) Primary School","urn":"152141","margin_m":322.7},"geometry":{"type":"Polygon","coordinates":[[[0.4590773937905713,51.65028949376065],[0.4673274374962807,51.65519751594587],[0.46809853171799815,51.65530057298259],[0.4693665907742471,51.65539045229062],[0.47064270861412233,51.655402575659686],[0.4719145889830823,51.655336826359466],[0.4731699765495855,51.65519383801029],[0.47439677517784967,51.65497498846462],[0.47558316465358264,51.65468238650708],[0.47671771472955254,51.654318851501664],[0.4777894953845816,51.65388788618409],[0.47843974106868115,51.65356608618592],[0.4788569285870432,51.653649119560995],[0.480104709091778,51.653815761201066],[0.48137274590257134,51.65390551104598],[0.4826488207273316,51.65391750438612],[0.4839206377263004,51.65385162574465],[0.48517594217928467,51.653708509988455],[0.48640263875249873,51.653489536198],[0.48758890821650064,51.653196814355304],[0.4887233214822112,51.65283316497965],[0.4897949498486512,51.65240209190871],[0.49079347039380944,51.65190774848953],[0.49170926548817245,51.651354897507275],[0.49253351546881113,51.65074886524052],[0.49325828357956186,51.65009549008865],[0.4938765923592028,51.649401066268815],[0.49438249074381024,51.64867228312777],[0.49477111124069534,51.6479161606558],[0.49503871662862625,51.647139981826264],[0.49518273574138805,51.64635122241423],[0.49520178799806097,51.64555747897206],[0.4950956964526899,51.64476639565622],[0.49486548924712465,51.64398559061111],[0.4945568835759072,51.643316836825846],[0.49501398181278866,51.6429806727444],[0.4957385936190113,51.642327283613206],[0.49635676238399606,51.64163284780315],[0.4968625383911296,51.640904054775845],[0.49725105532465447,51.64014792461628],[0.49738332937938384,51.63976414939836],[0.4975939207447634,51.63987499408867],[0.49864405697207953,51.6403258053345],[0.4997601722892092,51.64071039030055],[0.5009315143096006,51.641025043558244],[0.5021467977856515,51.64126673341507],[0.5033943134680292,51.64143313116558],[0.504662041079971,51.64152263356049],[0.5059377653105767,51.641534378275566],[0.5072091937011045,51.641468252230474],[0.5084640752794726,51.64132489267667],[0.5096903187907784,51.64110568104412],[0.5108761093757245,51.6408127296067],[0.5120100225642686,51.640448861095706],[0.5130811344786107,51.64001758145967],[0.5140791271773342,51.63952304603501],[0.5149943881207022,51.63897001945552],[0.5158181027954871,51.638363829690086],[0.5163637089722238,51.6378715056277],[0.5083738892649028,51.62964038928401],[0.5005026193555782,51.62602156013769],[0.49771384957998394,51.62697663716181],[0.4969071999000423,51.627376280273886],[0.495991942622857,51.62792916659001],[0.49516814303206913,51.62853521916259],[0.4944437359873029,51.629188603349],[0.4938257003717467,51.62988302855743],[0.4933199917878275,51.63061180875752],[0.49293148506405576,51.63136792680652],[0.49279919523807614,51.63175169768158],[0.4925886535998384,51.631640843590006],[0.491538779249347,51.63118997407725],[0.490744408619004,51.630916122530294],[0.49075085261013995,51.63091138272298],[0.4839440279300614,51.63163700480497],[0.4808741148935584,51.631627076958644],[0.47174626929850083,51.62781492389028],[0.4670960460363141,51.62662677313337],[0.46710094357719256,51.626634463439075],[0.4663960139043392,51.62680836625096],[0.46526205718678293,51.627171795076535],[0.46419077529973807,51.627602641052114],[0.46319248271651026,51.62809675676969],[0.46227679220450085,51.62864938560954],[0.46145252230041883,51.62925520747262],[0.4608847746655907,51.62976678029248],[0.4605446441362403,51.62902816382207],[0.46007474992921354,51.628290152923796],[0.45949090628135186,51.627584357639364],[0.45879873960623857,51.626917573471346],[0.4580049184042546,51.62629622004161],[0.45711708894320197,51.62572627933871],[0.45614380156940615,51.625213238184514],[0.45544099537181815,51.62491105216965],[0.455440480083099,51.62490929824444],[0.44049321661404717,51.63086790107256],[0.43948612998060316,51.63225994386926],[0.44824089261473316,51.63747168712741],[0.45064153520931555,51.63845765016377],[0.4557671393981924,51.638227916607406],[0.4558206714627261,51.63820639789433],[0.45681926470876605,51.63771234170296],[0.4568701188564035,51.637681661717465],[0.45686728571181906,51.63779567817721],[0.45697269234675386,51.63858680581711],[0.45699969956843955,51.63867868998988],[0.46093845888541324,51.6425434067791],[0.4590773937905713,51.65028949376065]]]}},{"type":"Feature","properties":{"db_school_name":"Sunnymede Primary School","harvested_label":"Sunnymede Primary School","urn":"114910","margin_m":573.3},"geometry":{"type":"Polygon","coordinates":[[[0.44395607474247917,51.61616628449278],[0.4376561999813999,51.6185069835057],[0.43755213225210554,51.61852664452744],[0.43412081409846537,51.61838173515465],[0.42636867487244895,51.619412288671754],[0.4263390278265125,51.61947650606763],[0.4210214287974955,51.622670595134906],[0.42078657845327927,51.623357811525416],[0.4212543106872784,51.624063118034584],[0.42085074645762943,51.626218621961506],[0.42323679975796596,51.62800019054548],[0.4234445684755354,51.628033502120005],[0.42499716086551204,51.627614206541324],[0.43051757022894693,51.62933422829396],[0.43166207506195486,51.63144695366835],[0.43557318485024005,51.63293454079944],[0.43948612998060316,51.63225994386926],[0.44049321661404717,51.63086790107256],[0.455440480083099,51.62490929824444],[0.4552687930312528,51.624324906559515],[0.4549175175350836,51.6235617667553],[0.4545436856496394,51.622974424897826],[0.4544484352705058,51.62225892685134],[0.4542190508026216,51.62147802873172],[0.45386781643709007,51.62071488492642],[0.4533981202160585,51.61997684378681],[0.4528144902317717,51.619271011608895],[0.45212255083962644,51.618604184251446],[0.45132896835133934,51.617982781752964],[0.45044138673664424,51.617412786575365],[0.44946835395649204,51.61689968606572],[0.44841923963916597,51.61644841968759],[0.447304144892208,51.616063331527265],[0.44644001168842207,51.61583059950117],[0.44644912150751015,51.615825102619446],[0.44395607474247917,51.61616628449278]]]}},{"type":"Feature","properties":{"db_school_name":"Brightside Primary School","harvested_label":"Brightside Primary School","urn":"132164","margin_m":809.0},"geometry":{"type":"Polygon","coordinates":[[[0.3898852025905913,51.63274205641826],[0.3873753386274272,51.63494922647491],[0.3872016441644248,51.635449546927944],[0.3870557743391713,51.63623819830049],[0.387034830587316,51.637031949049096],[0.3871390211423594,51.63782315490318],[0.3873673490167837,51.63860419570705],[0.38771762135665894,51.63936754882208],[0.38818647032671805,51.64010586160397],[0.3887693853337562,51.64081202225642],[0.3894607562861347,51.64147922837706],[0.39025392747970694,51.64210105253297],[0.391141261596702,51.64267150423261],[0.3921142132050447,51.64318508769367],[0.3931634110523029,51.643636854848296],[0.39427874836185806,51.64402245307158],[0.39544948025994264,51.6443381671714],[0.3966643273916908,51.64458095523197],[0.39791158472306243,51.644748477963624],[0.3991792344740419,51.64483912127408],[0.400455062087553,51.64485201184209],[0.4008443001032745,51.64483212270462],[0.40060945431046746,51.645509056144526],[0.40046379127283616,51.646297720365446],[0.40044308305101217,51.64709146930744],[0.40054753561406464,51.64788265871605],[0.40077614945437207,51.648663668592704],[0.4011267289663778,51.64942697659518],[0.40159590335806833,51.650165230512314],[0.40217915890279476,51.65087131911331],[0.40287088222892936,51.65153844068838],[0.4036644142373972,51.6521601686177],[0.40455211413330605,51.65273051333544],[0.4055254329588441,51.65324398008891],[0.406574995921294,51.653695621933615],[0.4076906927234522,51.654081087451225],[0.40886177502473203,51.65439666272774],[0.4100769600907832,51.654639307184574],[0.4113245396281502,51.654806682915606],[0.41259249274905635,51.654897177245076],[0.4138686019704232,51.654909918287515],[0.415140571121105,51.6548447833591],[0.4163961440123221,51.65470240015825],[0.41762322271876584,51.6544841407048],[0.41880998432174643,51.65419210809611],[0.41994499498107973,51.653829116209344],[0.42101732022903443,51.65339866254675],[0.4220166304172492,51.652904894487705],[0.4229333002956223,51.65235256927507],[0.4237585017604005,51.65174700812394],[0.4244842888762694,51.65109404489781],[0.42476261894235506,51.650782154937154],[0.4247645061020598,51.650782289430275],[0.4207004815952286,51.645729194388394],[0.42279982382194736,51.64202582075232],[0.42444030276048494,51.640382995745085],[0.4216733526177954,51.63788123200596],[0.4191102654563611,51.63700628572303],[0.41906898563285105,51.633434102484216],[0.41802233245030496,51.63291452346257],[0.42077503603526706,51.62887390035984],[0.4166314944688006,51.62812750952944],[0.41469266342078465,51.62906759593114],[0.41446448758973187,51.62951308925063],[0.40884348814038934,51.62957185079846],[0.4057890044392472,51.62828526045283],[0.40373265382733353,51.62832560611162],[0.3995974930180092,51.62727532176088],[0.3922096810643705,51.627628067474824],[0.3898852025905913,51.63274205641826]]]}},{"type":"Feature","properties":{"db_school_name":"Noak Bridge Primary School","harvested_label":"Noak Bridge Primary School","urn":"144086","margin_m":189.4},"geometry":{"type":"Polygon","coordinates":[[[0.4295825215726393,51.5860379260195],[0.42548708089660087,51.588564024374236],[0.42558398587421514,51.58902916886974],[0.43309063881511717,51.58899962680553],[0.43596076795472233,51.59137604123315],[0.42434713230391813,51.59093251057468],[0.42234103253025557,51.59315366902181],[0.43771600332550403,51.59724596527532],[0.43925557658935294,51.594296684637364],[0.44305812804187544,51.59281749846345],[0.45401574519014687,51.5925011318991],[0.45996142890068886,51.599812798209776],[0.46120115841939285,51.59982471003891],[0.46247150438097623,51.59975908277516],[0.4634219896013501,51.599650785612845],[0.47018115788218606,51.59661300637581],[0.4715589674519957,51.593492170170684],[0.4636982599905275,51.586897014892735],[0.4558626491851797,51.58786555006149],[0.45504696484934365,51.58742457347846],[0.45305562765158924,51.58583863537212],[0.4452334207319769,51.58481864788416],[0.4437811958004704,51.58283928124686],[0.43873620833264837,51.58339140751298],[0.43570749260352243,51.58310439334867],[0.43427336558817775,51.58237319932801],[0.43290638916992186,51.58124812181187],[0.4305469597623982,51.582350166061076],[0.43016927718318915,51.58539829604168],[0.4297523119617928,51.58565913789249],[0.4295825215726393,51.5860379260195]]]}},{"type":"Feature","properties":{"db_school_name":"Briscoe Primary School & Nursery","harvested_label":"Briscoe Primary School and Nursery","urn":"138404","margin_m":1813.6},"geometry":{"type":"Polygon","coordinates":[[[0.4531162534528403,51.567805326535634],[0.45327067770228185,51.568388153640136],[0.45240086433974863,51.56977579463118],[0.45221411986526555,51.57145653137838],[0.4515733952371555,51.57356174492763],[0.45084326200605346,51.573974245582214],[0.45133314831322235,51.57784797063118],[0.4444040515709892,51.57950310056652],[0.4437811958004704,51.58283928124686],[0.4452334207319769,51.58481864788416],[0.45305562765158924,51.58583863537212],[0.45504696484934365,51.58742457347846],[0.4558626491851797,51.58786555006149],[0.4636982599905275,51.586897014892735],[0.4715589674519957,51.593492170170684],[0.4779627804465515,51.590612809505416],[0.4866770561922057,51.59393296570657],[0.4945119486479574,51.598117296526546],[0.49451368197886436,51.59811392059247],[0.4948811124674674,51.59799597452249],[0.49595140640899166,51.597564859580245],[0.49694867490522804,51.59707047654276],[0.49730757391328423,51.596853528592426],[0.497876075247627,51.59721832103488],[0.49884921151909045,51.597731019950594],[0.49989837242401614,51.59818183576109],[0.5010134515245823,51.59856642501007],[0.502183706421974,51.59888108223039],[0.5025162991656142,51.59894729063926],[0.5023399527053686,51.59914561385496],[0.5017309686062433,51.599447544619295],[0.5008163214922802,51.60000046265265],[0.5004986785445096,51.60023431830986],[0.49975593170041704,51.600417895565755],[0.4986229033240474,51.600781635897285],[0.49755256091557903,51.60121277567212],[0.49655520991175156,51.60170716465225],[0.49643122595013917,51.601782101813725],[0.4953201971236957,51.60148332531267],[0.49410601780117525,51.60124154860248],[0.4928596401824786,51.601075035921305],[0.4916905411987096,51.60099229003481],[0.4866826767325941,51.60220118225297],[0.47851867775068124,51.6117544057268],[0.4789335961979304,51.612405846695914],[0.47951753538870184,51.61311154548042],[0.4802097846278057,51.613778207611645],[0.48100367972900654,51.61439941089425],[0.4818915763798702,51.61496917081619],[0.48212370100119406,51.61509147211008],[0.48212044508263424,51.61509440857351],[0.4898597337697886,51.614420504801664],[0.5031424335033484,51.62321156995229],[0.5041522054491459,51.62260188436356],[0.5068485424032791,51.61977256753478],[0.5068489209058766,51.61976687561392],[0.5131305006995943,51.61522396460061],[0.5162311579415849,51.61460355142094],[0.5189982399211542,51.615360249352655],[0.5199719443091093,51.61483012617398],[0.5221161502662611,51.61296352181029],[0.5230435636250584,51.61153198371941],[0.5242058024007846,51.610786808180535],[0.5237729843841067,51.60992829773889],[0.5256537790336794,51.60715103792876],[0.5245493571672429,51.60623261858523],[0.5245662444057831,51.605657315311745],[0.5239742596570277,51.60400923258727],[0.521743504621997,51.603083662631185],[0.521740827579633,51.6028568362833],[0.5228496536827859,51.60114500197512],[0.5230808014591783,51.5996932878584],[0.5272129722982388,51.599466928332724],[0.5298588593084852,51.59786198702794],[0.5341470531798173,51.59795406118509],[0.5444474600032829,51.594099883605324],[0.544437182660086,51.59409547294692],[0.5443749054008487,51.593634186575535],[0.5441441450780686,51.592853480064214],[0.5437916495867515,51.592090619801304],[0.5433208190938498,51.59135295140178],[0.5427361925928321,51.59064757756759],[0.5420434040126132,51.58998128974044],[0.541249127819426,51.589360502761565],[0.540361014640898,51.58879119316538],[0.5400902377401458,51.588648670657356],[0.5398788435429082,51.58819103937646],[0.5398402109932054,51.58813049826856],[0.5404910691863044,51.58786792585144],[0.541487631715022,51.587373172947515],[0.5424015251390436,51.58681994694869],[0.5432239481217743,51.58621357774066],[0.543946981509294,51.585559906962224],[0.5445636645487366,51.58486523167155],[0.545068061829662,51.58413624363078],[0.5452631770051475,51.58375520551435],[0.5452653240780567,51.58375612715772],[0.544763798388142,51.582870880828736],[0.544838835956624,51.577141122765276],[0.5434443511127881,51.57418410351859],[0.5422952092635359,51.57332343154235],[0.5417697727466775,51.57049010910321],[0.5418713526888285,51.57011048325231],[0.5415928278297241,51.56834926739334],[0.5408727970556152,51.5666829104216],[0.5395094350365348,51.565631288884916],[0.5367898594589184,51.559692163524744],[0.5367373864973497,51.559637610205534],[0.5341445396443717,51.55820582729163],[0.533938697950943,51.55817837299119],[0.5326732497617431,51.55808915501751],[0.5313998672066028,51.55807766918733],[0.5301308071519241,51.5581440261457],[0.5288782849519427,51.5582875872613],[0.527654357053484,51.558506970760476],[0.5264708051172196,51.55880006500385],[0.5253390227625453,51.55916404877874],[0.5252551618482086,51.559197885811095],[0.5245227087766801,51.559146193795414],[0.5242373416598821,51.5591436013172],[0.5235663741830818,51.55885523931359],[0.5224520959062025,51.558470851497944],[0.5212827559106993,51.558156382351676],[0.5200696110151115,51.55791485898135],[0.5188243390872984,51.5577486062946],[0.5175589267868438,51.55765922465197],[0.5162855543570086,51.557647574483184],[0.5150164785668897,51.5577137680146],[0.513796333862114,51.557853456873474],[0.5136371789464418,51.55776956473202],[0.5125888309572383,51.55731885825388],[0.5114746796879808,51.55693436428255],[0.51065935684529,51.556715003808435],[0.5098774712857143,51.55630281232342],[0.5088291935655639,51.55585207117526],[0.5077151090727898,51.5554675404853],[0.5065459434799103,51.55515292183565],[0.5053329519291276,51.554911243771954],[0.5040878108143866,51.554744832690616],[0.5028225055378651,51.55465529047655],[0.5015492153139438,51.55464347910458],[0.5002801961212036,51.554709512352225],[0.5000040733840108,51.554741091556025],[0.4987033594353472,51.561226788123165],[0.495140388876375,51.56461829032274],[0.49324320685475276,51.564355428283214],[0.492846440733842,51.56432260614539],[0.489715563071002,51.565564484870656],[0.4894958923956729,51.56610815251993],[0.4889194403032308,51.56688517522178],[0.482890999258175,51.56704949539348],[0.4821214202981691,51.56674821680695],[0.48027132539488526,51.56786895476326],[0.4753934223766783,51.56815326668148],[0.47532263833381216,51.568347562042305],[0.46743893517448876,51.569827162480074],[0.46728047816786783,51.569720180066206],[0.4666151195989307,51.56911249276188],[0.4662075198685162,51.56890729485073],[0.4659140017016369,51.56870253044631],[0.46278402681115516,51.56877931274657],[0.4624846376642231,51.56884134691413],[0.45995016117528087,51.568877882470694],[0.4596660405131939,51.568969564794614],[0.4580343952129498,51.56865772369101],[0.4541606435546778,51.566963896179736],[0.4531162534528403,51.567805326535634]]]}},{"type":"Feature","properties":{"db_school_name":"Long Ridings Primary School","harvested_label":"Long Ridings Primary School","urn":"114902","margin_m":270.7},"geometry":{"type":"Polygon","coordinates":[[[0.3287910120594915,51.62873242172912],[0.3274751960775367,51.62892524080722],[0.3245069881144797,51.63111619281871],[0.3241678783170788,51.631114314172024],[0.31119043457558926,51.634877766612945],[0.31123699880407835,51.63503800905355],[0.3115859699754318,51.6358016058036],[0.3120535528656053,51.63654023873699],[0.3126352490858757,51.63724679297929],[0.3133254602961034,51.637914462341726],[0.31411754197695346,51.638536814933175],[0.31427888798046005,51.63864076826421],[0.31429911407283845,51.6387103496183],[0.3146481665857739,51.63947393583559],[0.3151158385619049,51.640212555057616],[0.31569763075506224,51.640919092541594],[0.31638794390103925,51.64158674225982],[0.31718013249870053,51.64220907250996],[0.31806656870999517,51.642780087927925],[0.319038715767346,51.643294287302616],[0.3200872101834815,51.6437467166334],[0.3212019519721857,51.64413301691593],[0.32237220200931227,51.64444946619326],[0.32358668559292153,51.644693015464924],[0.3248337011999055,51.64486131810492],[0.3253491664582131,51.64489850328371],[0.3253558746063734,51.64492155701359],[0.3257051629728007,51.64568510669441],[0.32617308048566185,51.646423678101904],[0.3267551255340248,51.64713015695283],[0.3274456964177593,51.647797737783144],[0.3282381451521335,51.64841998955316],[0.32912484139180315,51.64899091765393],[0.33009724586242034,51.64950502171479],[0.3311459925947147,51.64995734865278],[0.33226097916924674,51.65034354044954],[0.333431464100999,51.65065987619314],[0.3345972546988755,51.650893505374334],[0.334818497600354,51.651242556127926],[0.33540073991004576,51.6519489891208],[0.3360915117821084,51.652616516075724],[0.33688416329504994,51.65323870647121],[0.3377710621490605,51.653809566288864],[0.3387436671165109,51.65432359581534],[0.33979261029490926,51.65477584268515],[0.34090778737038,51.65516194965109],[0.34193873371248806,51.655440452821225],[0.3589909422894684,51.64879550322876],[0.35963639143109627,51.64743137861787],[0.3596353441370916,51.647432319131546],[0.35955994368246985,51.64685723485257],[0.3595119277900267,51.64669266696774],[0.3606429459219378,51.646564942382604],[0.36087757581286595,51.64652332371376],[0.3669384332515925,51.6443669500899],[0.3669331556210868,51.644367886578436],[0.36718192993530857,51.644218192434025],[0.36800774315042895,51.64361301503794],[0.3687342167327996,51.642960387322894],[0.3693543567683657,51.6422665963114],[0.36986219453115565,51.641538325261536],[0.370252843828316,51.64078258923932],[0.37052254788130595,51.64000666750526],[0.37066871529852585,51.6392180333686],[0.3706899448009231,51.63842428218598],[0.37058603847132454,51.637633058199654],[0.3703993553661952,51.63699362389192],[0.3711604219858499,51.63643575977972],[0.3718867382711808,51.635783113842855],[0.37250673526210043,51.63508930724429],[0.3727958289621272,51.634674620562166],[0.3727979600534111,51.63467553889311],[0.3694346683632068,51.627136595325304],[0.3576196888112929,51.63142115020739],[0.35747661578567075,51.63201754189125],[0.35375675165815446,51.63232086016183],[0.35151933075232605,51.633622813219844],[0.3484848650230956,51.63214530221246],[0.3483874879818601,51.63185338821806],[0.3440614393125321,51.63081222556172],[0.3409101273099642,51.63320379561054],[0.3406364127488998,51.63353348290462],[0.3370817544725704,51.632673612561334],[0.3341163370458965,51.633843902805744],[0.33110422387590577,51.632333777593296],[0.32859651684878655,51.632669026468754],[0.32910989303066823,51.62883657273282],[0.3287910120594915,51.62873242172912]]]}},{"type":"Feature","properties":{"db_school_name":"Hogarth Primary School","harvested_label":"Hogarth Primary School","urn":"149968","margin_m":277.9},"geometry":{"type":"Polygon","coordinates":[[[0.3145827924698403,51.61551063918692],[0.31071700789045537,51.61538312429613],[0.30915776507941933,51.61635838465976],[0.307798852308893,51.61673253310129],[0.30394639478294133,51.617761352470914],[0.30388026800948875,51.61777656442271],[0.303819713361321,51.61786372939038],[0.3052065536263572,51.61910080319678],[0.3056233550157269,51.62048536212441],[0.3118309768199708,51.621217546534346],[0.3133800422909829,51.621880238868144],[0.31374345747375504,51.62181799913551],[0.3152791336459312,51.62293666820797],[0.3145919061321712,51.626240130092924],[0.31932403222600736,51.62734350675651],[0.319394517256038,51.627458422962874],[0.3106537570088282,51.63442304064245],[0.31066264981247954,51.634424825440476],[0.31084395633349887,51.63460023480867],[0.31118845562761555,51.63487095639149],[0.31119043457558926,51.634877766612945],[0.3241678783170788,51.631114314172024],[0.3245069881144797,51.63111619281871],[0.3274751960775367,51.62892524080722],[0.3287910120594915,51.62873242172912],[0.3289067876308137,51.6261307557614],[0.3300922684461462,51.62455783057464],[0.33579919338955916,51.62481021408159],[0.3345893345354365,51.61941607353795],[0.33829047175233357,51.618140270932265],[0.3401255815639078,51.615584684255865],[0.3303990876245639,51.61455957022138],[0.3313392467467167,51.610590908946804],[0.3331178035679556,51.60781557115099],[0.3299566729091477,51.60432650476964],[0.3292197200586747,51.603805235088565],[0.3292199933828799,51.60380733301877],[0.3280597625405858,51.603650632986586],[0.326793380798572,51.60355920487072],[0.3255187073522263,51.6035454987764],[0.32424801148361865,51.60360964671241],[0.32299352427530637,51.6037510313038],[0.3225086182793924,51.60383694940501],[0.32242666723005337,51.603801557789005],[0.32131291487465424,51.60341525454275],[0.32014373679972036,51.603098779466194],[0.31893038828649345,51.60285517896914],[0.3176845491766856,51.6026867979464],[0.3164182115953831,51.60259525723758],[0.31577605852617663,51.602588297014194],[0.315774827295925,51.60258750312345],[0.31113654092056486,51.60936287412932],[0.31485571572317156,51.613221525849134],[0.3145827924698403,51.61551063918692]]]}},{"type":"Feature","properties":{"db_school_name":"Mountnessing Church of England Primary School","harvested_label":"Mountnessing Church of England Primary School","urn":"145773","margin_m":237.3},"geometry":{"type":"Polygon","coordinates":[[[0.3734254434519761,51.65681241038144],[0.3755969968940019,51.65692127784619],[0.3779878025948719,51.65832380246195],[0.38217839044027463,51.65990292848784],[0.38778603261196337,51.65974620856003],[0.3877827898414599,51.65974533416058],[0.3883100259533911,51.6595769148235],[0.3893827945463611,51.6591467450387],[0.39038258203482173,51.65865324078665],[0.3912997585642773,51.65810115676941],[0.39212549114417194,51.65749581187961],[0.39285182871733376,51.65684303789891],[0.3934717786867479,51.656149123258615],[0.3939793741644924,51.65542075240706],[0.3943697312987748,51.65466494137063],[0.3946390961322822,51.65388897013111],[0.39478488054735694,51.65310031247288],[0.39480568695979223,51.65230656397728],[0.3947013215323452,51.65151536885851],[0.39447279579016936,51.6507343463465],[0.39412231663225894,51.64997101732541],[0.39365326484458624,51.64923273193369],[0.39307016233084896,51.6485265988221],[0.3923786283844332,51.647859416748894],[0.39158532542965596,51.64723760916892],[0.39069789476023237,51.64666716244431],[0.3897248828976324,51.64615356826877],[0.38867565928051523,51.64570177085716],[0.3875603260780228,51.645316119405855],[0.38638962099372437,51.64500032627923],[0.3851748139926344,51.64475743132151],[0.3839275989406515,51.64458977263579],[0.38265998119323785,51.64449896410952],[0.38138416220799093,51.64448587990072],[0.3801124222834696,51.644550646034055],[0.37885700254418586,51.64469263918643],[0.3776299872986499,51.64491049267417],[0.3765383558767515,51.64517872576085],[0.37587616669734125,51.644949668675046],[0.3747055485535547,51.6446337578309],[0.37349080993968875,51.64439074100319],[0.3722436440647135,51.64422295746787],[0.37097605581171195,51.64413202231374],[0.3697002463549527,51.64411881091733],[0.368428495901418,51.64418345052717],[0.36717304567666736,51.64432531903758],[0.3669384332515925,51.6443669500899],[0.36087757581286595,51.64652332371376],[0.3608828538260557,51.646522387493114],[0.36063404594762527,51.64667206865172],[0.3598080785221099,51.647277195810034],[0.35963639143109627,51.64743137861787],[0.3589909422894684,51.64879550322876],[0.34193873371248806,51.655440452821225],[0.34193945196060277,51.655440646846706],[0.3419196155827177,51.655547273471086],[0.3418978847837722,51.656341023680994],[0.3420013455020343,51.65713227643672],[0.34222900778777227,51.65791341113471],[0.3425786852077121,51.65867690423538],[0.34304701566786394,51.659415401748944],[0.3436294935811761,51.66012179010211],[0.34432051307834194,51.66078926470069],[0.345113421852568,51.66141139552667],[0.3460005851252468,51.66198218913452],[0.34697345912037575,51.66249614644792],[0.34802267334212905,51.66294831579646],[0.34913812086340307,51.66333434067912],[0.35030905575401533,51.66365050179149],[0.35152419670674107,51.66389375290889],[0.3527718358579365,51.66406175027805],[0.35403995174799535,51.66415287523132],[0.3553163253257863,51.66416624980476],[0.35612804246650936,51.66412509905598],[0.35624816508960566,51.664219312375295],[0.35713552164600787,51.664790019123245],[0.3577531032454966,51.665116160180084],[0.3577700755225239,51.66513254559382],[0.3734254434519761,51.65681241038144]]]}},{"type":"Feature","properties":{"db_school_name":"Warley Primary School","harvested_label":"Warley Primary School","urn":"115042","margin_m":204.1},"geometry":{"type":"Polygon","coordinates":[[[0.2765006390565896,51.61110416499769],[0.2834410492858426,51.61168207301435],[0.2850183473778715,51.610040306171385],[0.2850485521527571,51.60834841117434],[0.2838911569285305,51.604473517790844],[0.2807669954193906,51.60141025213334],[0.29118606148141857,51.599558079007224],[0.2925215602936475,51.600727527794604],[0.2934557224436383,51.60531710754],[0.2951811368471789,51.60595772346846],[0.2969372802839012,51.60544308272683],[0.30242655246102307,51.60833126883453],[0.30236057679979156,51.60989794687817],[0.3024449449942213,51.609942548081115],[0.30082965491684543,51.61364585172635],[0.3011684793550654,51.61449290000528],[0.3013974183538096,51.61457823465355],[0.30620323556519996,51.61158093683303],[0.30750905246636945,51.6134481636685],[0.31071700789045537,51.61538312429613],[0.3145827924698403,51.61551063918692],[0.31485571572317156,51.613221525849134],[0.31113654092056486,51.60936287412932],[0.315774827295925,51.60258750312345],[0.31545737159995907,51.60238280799748],[0.31475789198152865,51.602012447379785],[0.3147707063945658,51.60198770132438],[0.3150411523173018,51.60121189357879],[0.3151881809396968,51.60042331345293],[0.3152103826717535,51.599629555787665],[0.3151075502183282,51.59883826489249],[0.3149900661167171,51.59843372365265],[0.31571330888612803,51.59844156893558],[0.3169838756534621,51.598377515025796],[0.3182382359814987,51.59823619618106],[0.31946430363396616,51.59801897416114],[0.3206502654346383,51.59772794206276],[0.3217846952451891,51.59736590411844],[0.32285666418499204,51.59693634863505],[0.32385584602449013,51.59644341433471],[0.32477261673165303,51.59589185042485],[0.32559814720902147,51.5952869707846],[0.3263244883262421,51.59463460271152],[0.3269446474290452,51.59394103072579],[0.3274526555896135,51.59321293597523],[0.32784362495425895,51.59245733182804],[0.32811379564137527,51.591681496275825],[0.3282605717447457,51.59089290179985],[0.3282825461034198,51.59009914337776],[0.32817951360845693,51.58930786532527],[0.32795247292783064,51.588526687677586],[0.32760361664246396,51.58776313282006],[0.3271363098978898,51.587024553073526],[0.32655505778604316,51.586318059930946],[0.325865461779371,51.5856504556249],[0.32507416564371666,51.585028167683134],[0.32418879135628975,51.58445718709961],[0.3232178656496537,51.583943010714016],[0.32217073789115697,51.58349058835153],[0.32105749008877343,51.5831042752293],[0.32004857765067474,51.58283105003038],[0.32084575950988753,51.5824376848184],[0.32176229085312436,51.581886146273014],[0.3225876140230099,51.58128128914794],[0.3233137818840536,51.58062894052301],[0.32393380344795913,51.57993538473023],[0.32444171110804715,51.579207302760764],[0.3248326179743423,51.57845170785914],[0.3251027647624072,51.5776758779276],[0.32524955579107506,51.57688728539306],[0.3252715837503628,51.57609352521455],[0.32516864300984855,51.57530224172489],[0.3249417313487995,51.57452105501213],[0.32459304010096524,51.57375748754945],[0.32412593281842517,51.573018891779924],[0.3235449126688805,51.57231237935163],[0.32285557888842525,51.571644752683945],[0.3220645727160592,51.57102243952096],[0.3211795133360492,51.57045143110054],[0.3202089244488292,51.56993722453149],[0.31916215217961375,51.56948476993071],[0.3180492751153976,51.56909842282658],[0.316881007335016,51.568781902284265],[0.3156685953625748,51.568538255153136],[0.31503449606195316,51.56845246568084],[0.31503581031198297,51.56844869305745],[0.3057046644814708,51.572320839204245],[0.30623130911849683,51.58349546983659],[0.30623261375506394,51.58349494714924],[0.3065389454396858,51.583601300177726],[0.30754779772162266,51.583874642327046],[0.3067504733255801,51.58426791881102],[0.3058337093642538,51.58481934269743],[0.3050080972213258,51.58542408514954],[0.30428158916551196,51.586076324141786],[0.3036611842664409,51.58676978011454],[0.3031528608977427,51.58749777637828],[0.30276151902637816,51.58825330334957],[0.3024909328491777,51.58902908600266],[0.30234371423940565,51.58981765388917],[0.3023212873632855,51.59061141305326],[0.30239989708517473,51.5912177707967],[0.30203982737394636,51.59116904030992],[0.3007738371120268,51.59107732623526],[0.2994995122569447,51.59106333302073],[0.29920064337942787,51.59107835834857],[0.2992149463730213,51.59057335605737],[0.29911241704053343,51.589782046339636],[0.29888587078853085,51.58900080639545],[0.2985374954389661,51.588237159212525],[0.2980706515095207,51.587498458003026],[0.2974898396398126,51.58679181543153],[0.2968006570682073,51.586124035171224],[0.296009743585251,51.58550154644538],[0.29512471748968466,51.58493034218211],[0.2941541021676061,51.58441592137535],[0.29310724400385885,51.583963236203694],[0.29199422241634926,51.58357664441431],[0.29082575287796014,51.58325986742664],[0.2896130838564656,51.58301595455736],[0.28836788865975294,51.58284725370823],[0.28710215322126353,51.5827553887972],[0.2858280608984495,51.582741244148515],[0.28455787538485605,51.58280495599101],[0.28330382285411754,51.5829459111458],[0.28207797446126126,51.583162752916124],[0.2808921303234621,51.58345339412317],[0.2797577060886586,51.583815037163596],[0.2786856231763752,51.58424420089699],[0.27768620374086406,51.58473675410668],[0.2767690713626979,51.585287955214056],[0.27594305842134464,51.585892497866496],[0.2752161210387539,51.58654456196305],[0.2745952624129298,51.587237869629476],[0.2740864652814936,51.587965745605935],[0.2736946341692073,51.58872118146923],[0.27342354798080265,51.58949690307324],[0.27327582340234924,51.59028544055987],[0.27325288947152865,51.59107920026863],[0.27335497357051697,51.59187053785269],[0.27358109898577027,51.5926518318984],[0.2739290940678518,51.59341555733897],[0.27439561291254655,51.594154357954814],[0.2749761673730597,51.59486111726122],[0.275465852858433,51.59533581416573],[0.27539525827594846,51.595712694435754],[0.27537236156470307,51.59650645346015],[0.2754744976012142,51.5972977879228],[0.27570068917367413,51.598079076439824],[0.2760487639972393,51.59884279399738],[0.2765153754011974,51.59958158445143],[0.27709603434848695,51.600288331414724],[0.27710791649383604,51.600299847831344],[0.2759778648096189,51.60042674819842],[0.27475151083558225,51.600643518984384],[0.27356516556779054,51.60093409145073],[0.2724302494744052,51.6012956686565],[0.2713576887066405,51.60172477009594],[0.27035781001654313,51.60221726515321],[0.2696387069773543,51.602649204008024],[0.2696269237516227,51.602648347398365],[0.27417640278045513,51.61009799779175],[0.2765006390565896,51.61110416499769]]]}},{"type":"Feature","properties":{"db_school_name":"Ingrave Johnstone Church of England Voluntary Aided Primary School","harvested_label":"Ingrave Johnstone Church of England (Voluntary Aided) Primary School","urn":"115154","margin_m":806.0},"geometry":{"type":"Polygon","coordinates":[[[0.3299566729091477,51.60432650476964],[0.3331178035679556,51.60781557115099],[0.3446302622793461,51.612430767059806],[0.35049328188545115,51.61211597206961],[0.35063836688604016,51.61204436475162],[0.3515551143304662,51.61149259305101],[0.352380558942522,51.61088752737065],[0.3531067524260064,51.61023499680045],[0.3537267035564348,51.6095412874257],[0.3542344454173354,51.60881308171699],[0.35462509272823156,51.60805739411032],[0.35489488871747593,51.60728150339972],[0.35504124109529345,51.60649288259588],[0.3550627467885173,51.60569912692797],[0.35495920520770224,51.60490788068277],[0.3548105241579564,51.60439758157623],[0.3548620221557696,51.60424947080521],[0.355060766823604,51.604185980849905],[0.35613257025779943,51.60375612373274],[0.35655744358991104,51.60354635408876],[0.3574533596585374,51.603445117903306],[0.35867936622430197,51.60322748684477],[0.35986519887883917,51.602936060040506],[0.3609994327325365,51.60257364552711],[0.3620711407983676,51.60214373524027],[0.36306999936678014,51.601650471320895],[0.363986387527584,51.60109860615196],[0.36481147987660745,51.600493456514265],[0.3655373315123101,51.599840852305455],[0.3661569545036683,51.599147080318794],[0.36666438509470894,51.598418823626716],[0.3670547410020315,51.59766309715482],[0.3673242682588139,51.59688718007009],[0.36747037716089576,51.59609854563589],[0.36749166697671215,51.59530478921138],[0.36738793919197266,51.59451355508946],[0.36716019917097276,51.593732462878805],[0.36681064622813003,51.59296903413846],[0.3663426522148544,51.592230619971545],[0.36576072883689015,51.591524330273586],[0.36507048402492137,51.59085696531556],[0.36427856778550205,51.5902349503184],[0.3633926080592266,51.58966427364631],[0.3624211372076047,51.58915042921167],[0.3613735098386477,51.58869836364313],[0.36025981276258806,51.58831242872257],[0.35909076794320766,51.58799633954644],[0.3578776293757932,51.58775313881145],[0.35663207487961407,51.5875851675659],[0.35536609384032836,51.58749404270677],[0.3540918719754896,51.587480641437104],[0.35282167422411215,51.58754509283273],[0.3515677268787412,51.58768677659856],[0.35034210008558,51.58790432902674],[0.34915659183479436,51.588195656099835],[0.3480226145493417,51.58855795361388],[0.3469510853564752,51.58898773412937],[0.34652630034784015,51.58919746831138],[0.3456306367031567,51.589298618059736],[0.34440493637513037,51.589516109304824],[0.34321934653919167,51.58980737730851],[0.34208528040260655,51.59016961843542],[0.3410136559468239,51.59059934578881],[0.34001479092333003,51.59109242272677],[0.33909830358715076,51.59164410262853],[0.33827302012019755,51.59224907453098],[0.3375468896339818,51.59290151419883],[0.3369859433499306,51.593529092893874],[0.33606465784889983,51.5938232844634],[0.3349928898572579,51.59425295836061],[0.3339938790407637,51.59474598556999],[0.33307724505683795,51.59529761994988],[0.33225181549825594,51.59590255097581],[0.33152554088232195,51.596554954806535],[0.33090541803789175,51.5972485502947],[0.3303974226297596,51.597976659406555],[0.3300064514737784,51.59873227147071],[0.3297362752034752,51.59950811064037],[0.32958950175065976,51.60029670592095],[0.3295805446380887,51.60062060387206],[0.32955693455588986,51.600666230489026],[0.3292867401651399,51.601442068626405],[0.3291399537429405,51.60223066327969],[0.3291179952992222,51.60302442023309],[0.3292197200586747,51.603805235088565],[0.3299566729091477,51.60432650476964]]]}},{"type":"Feature","properties":{"db_school_name":"West Horndon Primary School","harvested_label":"West Horndon Primary School","urn":"114921","margin_m":509.8},"geometry":{"type":"Polygon","coordinates":[[[0.369314415144113,51.56628794818558],[0.36613518177729837,51.566476275608565],[0.36082268150495866,51.56682074650223],[0.3538390340491327,51.56724976524904],[0.3525982768233492,51.5673384870266],[0.3509211869582577,51.567444930849526],[0.3496004558717907,51.56754960786199],[0.34749592366796994,51.56767804882076],[0.34500966997484,51.56776202740996],[0.3437557334902216,51.567819451161405],[0.34318771184021624,51.56780292765979],[0.3419524145483606,51.5677438935517],[0.34181658526263475,51.56768457092756],[0.34159276600287186,51.56768184595983],[0.34120937559663667,51.56766252588065],[0.34115725064417934,51.56765997069562],[0.3404946620748685,51.56771095179326],[0.3399707364512129,51.567709715071054],[0.3393833643691898,51.567680073132436],[0.3380243861414662,51.567601077568554],[0.3355246776838065,51.567425118594585],[0.3333184853178183,51.567288221551244],[0.33106835664526485,51.5671387591784],[0.33064721430729044,51.567058031697826],[0.3297793637334449,51.567001225901805],[0.3295591402049798,51.56742710447021],[0.3292891248138828,51.56820294420643],[0.3291424270315269,51.568991541649034],[0.3291204660019829,51.56978530255484],[0.3292234597301229,51.57057658256041],[0.3294504227320017,51.57135776080193],[0.329799175279549,51.572121313323656],[0.33026636415995203,51.57285988556793],[0.33084749475876307,51.573566363246755],[0.3315369741658667,51.57423394091153],[0.3323281648960643,51.57485618755775],[0.33321344871240766,51.5754271086309],[0.3341842999414599,51.57594120383333],[0.33523136757645583,51.57639352017271],[0.33634456537780283,51.57677969973787],[0.33751316910149814,51.5770960217394],[0.3387259199155355,51.57733943840701],[0.3399711330031251,51.57750760439578],[0.3412368103001012,51.577598899415726],[0.3425107562728479,51.57761244386531],[0.3437806956129209,51.577548107317256],[0.34479009273726685,51.57743410301092],[0.3452240570815021,51.57749268790766],[0.3464897426532689,51.57758392612024],[0.34776368791552137,51.57759741350506],[0.34903361756664075,51.577533020184774],[0.35028729508526346,51.57739136670899],[0.3515126408209884,51.577173818062334],[0.35211402048322316,51.577025988962056],[0.35254512308322256,51.57717546139931],[0.3537138443209695,51.577491620427296],[0.35492668687106216,51.57773486835069],[0.3561719650309552,51.5779028614509],[0.35743768010814625,51.57799398110421],[0.35871163620422225,51.57800734939945],[0.3599815579130248,51.57794283760718],[0.36123520878998444,51.5778010674189],[0.36246050944206587,51.5775834049442],[0.36364565409158917,51.577291947524074],[0.3647792244823651,51.576929503488955],[0.3658503000231119,51.57649956505757],[0.36684856310050146,51.57600627464027],[0.3677643985421659,51.57545438487349],[0.3685889862679803,51.5748492127731],[0.3693143862353575,51.57419658845117],[0.36993361486038234,51.57350279889284],[0.37044071218057006,51.57277452733793],[0.3708307991160411,51.57201878885365],[0.37110012428290245,51.57124286272127],[0.37124609991473967,51.57045422229027],[0.3712673265542187,51.56966046297674],[0.37116360628584727,51.56886922910106],[0.37093594439188865,51.56808814026938],[0.37058653942505926,51.56732471800869],[0.37011876180309466,51.56658631336033],[0.369847263183134,51.56625663996179],[0.369314415144113,51.56628794818558]]]}},{"type":"Feature","properties":{"db_school_name":"Merrylands Primary School","harvested_label":"Merrylands Primary School","urn":"143205","margin_m":214.5},"geometry":{"type":"Polygon","coordinates":[[[0.4163463882521855,51.56945139517342],[0.41623208922232985,51.56970909925117],[0.410962868547424,51.56917211717639],[0.4061395665735826,51.57260176783296],[0.4019901608430851,51.572619646124366],[0.40148497480036754,51.57271377265167],[0.3991057505064841,51.57349882159406],[0.3983069742090059,51.57365759079966],[0.39230531895299825,51.56615127178257],[0.3919368530774164,51.5658982212975],[0.3919149943030245,51.56626732434174],[0.3918339470165332,51.56697851191896],[0.3919016680713639,51.56703107465499],[0.39183202926137084,51.567189020069414],[0.39177970143382446,51.567209866473526],[0.3914321926150308,51.56707660790582],[0.39026100912162665,51.56664636460599],[0.3895930497315326,51.566457594988336],[0.3888495860108921,51.566312705136305],[0.38848586849691336,51.56625807659415],[0.3881345854857268,51.566245448918956],[0.38795650580247604,51.56623459962084],[0.3878446536967583,51.566220693303414],[0.38771058494052507,51.5661937538807],[0.3874950063631702,51.56612801494297],[0.38682440115227856,51.565942879877106],[0.38627411381867544,51.56582191378531],[0.3860967300535836,51.56576978075076],[0.3858618445897523,51.56572151399212],[0.38575729179960183,51.56570835655261],[0.38551701731584087,51.565693463387404],[0.3846575396696449,51.56570464465411],[0.38418100166082103,51.56572422051309],[0.3831991743164347,51.56582328804715],[0.38257565759546863,51.56582156809194],[0.38231893742600453,51.56576744433862],[0.3811468069628469,51.56576067457018],[0.38070439493659597,51.56574349106006],[0.3798204791109691,51.56573751634438],[0.3796187211803983,51.565885664982005],[0.3788935993776836,51.5665383503018],[0.3782745999685186,51.567232184966116],[0.37776768780164444,51.567960488633666],[0.3773777492608716,51.56871624875483],[0.377108545032146,51.56949218805221],[0.3769626736800785,51.570280834562105],[0.3769415463926252,51.57107459356459],[0.3770453731459571,51.57186582071025],[0.3772731604321426,51.57264689564013],[0.37762272058116214,51.57341029538936],[0.37809069259692,51.574148666867856],[0.3786725743155284,51.574854897718005],[0.37936276558425974,51.57552218486572],[0.3801546220522289,51.57614410010252],[0.3810405190602278,51.576714652064496],[0.38201192501826264,51.577228344008596],[0.38305948356611336,51.57768022682671],[0.3841731037258272,51.578065946784236],[0.38534205717617015,51.57838178752022],[0.3865550817086763,51.57862470590218],[0.3878004898637102,51.57879236138741],[0.38906628169358126,51.578883138606244],[0.39034026055880444,51.5788961629481],[0.3916101508334762,51.57883130899879],[0.3920244018141375,51.578784350070904],[0.392053762760931,51.57900748805168],[0.3922818462858744,51.57978852918781],[0.3926317153518955,51.58055187940979],[0.3931000059882153,51.581290186103125],[0.3936822129619453,51.5819963375327],[0.39437273298661624,51.582663531388185],[0.3951649185430877,51.58328534035848],[0.39605114179998585,51.583855774102325],[0.39656242433529026,51.58412599235405],[0.39675015967415633,51.58424682644259],[0.3977219020828504,51.58476038332393],[0.39876978768054927,51.585212121061595],[0.39988372233517117,51.58559768731819],[0.4010529746920952,51.58591336721334],[0.4022662796596082,51.586156119164045],[0.4035119470729065,51.58632360423131],[0.40477797448343744,51.58641420868776],[0.4060521629793982,51.586427059587855],[0.4073222349131332,51.5863620331892],[0.4075195134729531,51.5863396461462],[0.4107268078358962,51.580156247720055],[0.40986045179282155,51.57838229532564],[0.41039166076258504,51.57564025567676],[0.41581593257911975,51.57549458010432],[0.4163606208823307,51.577701945990206],[0.41953555308074625,51.57783361496585],[0.4206971372738076,51.57569053406771],[0.42028291227186876,51.57482285286118],[0.41765782223993747,51.5735629111389],[0.4175705380092097,51.573109961841006],[0.41706904376287374,51.57222787618195],[0.41730381445455306,51.57086822344904],[0.42358326912482486,51.570088219292494],[0.42194185317484456,51.56735296893627],[0.41780231346360636,51.567552816697564],[0.4163463882521855,51.56945139517342]]]}},{"type":"Feature","properties":{"db_school_name":"Holly Trees Primary School","harvested_label":"Holly Trees Primary School","urn":"132142","margin_m":369.2},"geometry":{"type":"Polygon","coordinates":[[[0.284082776998806,51.613631109535376],[0.2876429009944991,51.614583854489815],[0.2898080538086065,51.61787969792498],[0.28948835971998726,51.620072098214315],[0.289898517221259,51.620120768123165],[0.2938823326552018,51.61970474529327],[0.29695104359261615,51.62213974862845],[0.2991146635634904,51.622026083621755],[0.30046607559515853,51.621695067683945],[0.30181444650543654,51.62222330538037],[0.30293592940991576,51.622338034156],[0.30422976792001477,51.62232584269153],[0.3056233550157269,51.62048536212441],[0.3052065536263572,51.61910080319678],[0.303819713361321,51.61786372939038],[0.30388026800948875,51.61777656442271],[0.30394639478294133,51.617761352470914],[0.307798852308893,51.61673253310129],[0.30915776507941933,51.61635838465976],[0.31071700789045537,51.61538312429613],[0.30750905246636945,51.6134481636685],[0.30620323556519996,51.61158093683303],[0.3013974183538096,51.61457823465355],[0.3011684793550654,51.61449290000528],[0.30082965491684543,51.61364585172635],[0.3024449449942213,51.609942548081115],[0.30236057679979156,51.60989794687817],[0.30242655246102307,51.60833126883453],[0.2969372802839012,51.60544308272683],[0.2951811368471789,51.60595772346846],[0.2934557224436383,51.60531710754],[0.2925215602936475,51.600727527794604],[0.29118606148141857,51.599558079007224],[0.2807669954193906,51.60141025213334],[0.2838911569285305,51.604473517790844],[0.2850485521527571,51.60834841117434],[0.2850183473778715,51.610040306171385],[0.2834410492858426,51.61168207301435],[0.284082776998806,51.613631109535376]]]}},{"type":"Feature","properties":{"db_school_name":"Larchwood Primary School","harvested_label":"Larchwood Primary School","urn":"140828","margin_m":498.4},"geometry":{"type":"Polygon","coordinates":[[[0.29117276398513614,51.628992682742116],[0.29022792994556756,51.63097539551019],[0.28945803130268244,51.631164226593846],[0.28037620239538696,51.630752100106896],[0.279375937146029,51.632237100597116],[0.2734689438057791,51.63708046045159],[0.26999473091882564,51.63868658253083],[0.26997406840018223,51.63940000473172],[0.27007623042529516,51.640191338500145],[0.27030256614224335,51.64097263066212],[0.27065090189352564,51.64173635616809],[0.2711178885098692,51.64247515879624],[0.27169903335326895,51.64318192204029],[0.2723887434028172,51.64384983770046],[0.2731803789753391,51.644472471514746],[0.27406631756900396,51.64504382519622],[0.27503802721891946,51.64555839427608],[0.27608614866032266,51.64601122119238],[0.2772005855082683,51.64639794311022],[0.27837060158361604,51.646714834009856],[0.27958492444447025,51.646958840634824],[0.28083185412079187,51.64712761195128],[0.28209937599825446,51.647219521832646],[0.2833752767562729,51.64723368474959],[0.28464726223478964,51.64716996431307],[0.28590307608521,51.64702897458756],[0.28713061805313916,51.64681207416178],[0.28831806074429295,51.64652135303468],[0.28930823691539936,51.64620602165741],[0.28953769327760004,51.646252106843214],[0.29078463710235275,51.64642077222623],[0.2910508001145939,51.646440050745014],[0.2910693757713704,51.646448072352946],[0.2921839465000696,51.64683465028196],[0.293354073708145,51.647151390376756],[0.2945684838807782,51.64739524083414],[0.2958154762049144,51.64756385212533],[0.29708303546133014,51.64765559966609],[0.2983589479685402,51.64766959949182],[0.2996309194531002,51.64760571678555],[0.3008866937016372,51.64746456717573],[0.3021141708422719,51.6472475107922],[0.30330152410680167,51.64695663913701],[0.30443731394013057,51.64659475489883],[0.3055105983499102,51.646165344906265],[0.3065110384267156,51.64567254648291],[0.3074289980130464,51.645121107530734],[0.30825563655745164,51.64451634072898],[0.308982994257546,51.64386407229233],[0.30960406867178825,51.64317058578529],[0.31011288206399334,51.642442561536356],[0.31050453883558604,51.64168701223846],[0.3107752724977586,51.64091121535831],[0.3109224817379115,51.640122643007665],[0.31094475524100584,51.63932888995346],[0.3108418850356508,51.63853760046134],[0.3106148682458621,51.637756394677716],[0.31026589724123893,51.63699279525906],[0.30979833828993875,51.63625415495481],[0.30963369713182437,51.63605415326657],[0.3098217200906799,51.635515339687544],[0.3099689314218171,51.63472676787409],[0.30998228017184454,51.63425142743825],[0.30965109719071754,51.63393594483461],[0.30938762478026405,51.62913207539978],[0.3083781905025359,51.62583362705794],[0.3089373994166832,51.624467933008354],[0.3133800422909829,51.621880238868144],[0.3118309768199708,51.621217546534346],[0.3056233550157269,51.62048536212441],[0.30422976792001477,51.62232584269153],[0.30293592940991576,51.622338034156],[0.30181444650543654,51.62222330538037],[0.30046607559515853,51.621695067683945],[0.2991146635634904,51.622026083621755],[0.29695104359261615,51.62213974862845],[0.2938823326552018,51.61970474529327],[0.289898517221259,51.620120768123165],[0.28948835971998726,51.620072098214315],[0.2800785535679928,51.6223252187627],[0.28208638859753793,51.62309395346858],[0.29152176000215047,51.627730326296245],[0.29117276398513614,51.628992682742116]]]}},{"type":"Feature","properties":{"db_school_name":"Kelvedon Hatch Community Primary School","harvested_label":"Kelvedon Hatch Community Primary School","urn":"149969","margin_m":323.2},"geometry":{"type":"Polygon","coordinates":[[[0.27056426066636874,51.66251559656892],[0.27682492558213534,51.65972184370148],[0.2770369814369933,51.659488845864935],[0.2730339446151364,51.65108359113293],[0.27303223829453066,51.65108461508098],[0.27247051483645046,51.651008556090765],[0.271202903210501,51.650916543325586],[0.26992689862058805,51.65090224930255],[0.2686547831508287,51.650965811687385],[0.2673988015354456,51.651106618740044],[0.26617104348231313,51.65132331519035],[0.2649833274760131,51.65161381526046],[0.26384708717047306,51.65197532270856],[0.2627732614571839,51.65240435770325],[0.26177218926077384,51.652896790271576],[0.260853510069606,51.65344788000123],[0.2600260711555199,51.65405232161714],[0.2592978423741559,51.65470429599655],[0.2586758393662308,51.655397526134315],[0.25816605590105624,51.65612533752227],[0.25777340601740795,51.656880722363844],[0.2575016765241447,51.65765640700828],[0.25735349032474336,51.65844492195688],[0.25733028092683574,51.6592386737687],[0.2573345744879098,51.65927198586684],[0.2563837426361434,51.65950442705523],[0.2552472357902199,51.65986585400429],[0.2541731420970628,51.660294813007916],[0.253171803059041,51.66078717482528],[0.252252860731729,51.661338199725826],[0.25142516491902306,51.66194258305933],[0.2506966879491644,51.66259450626507],[0.2500744478522545,51.66328769283151],[0.2495644406808012,51.664015468671],[0.24917158262859126,51.664770826330304],[0.2488996625105485,51.66554649242142],[0.2487513050678833,51.666334997625235],[0.2487279454598696,51.667128748595545],[0.2488298151967515,51.66792010107213],[0.2490559396586684,51.66870143349922],[0.24940414723420185,51.66946522044051],[0.24987109000000962,51.670204105083094],[0.25045227575141954,51.670910970130926],[0.2511421110836666,51.67157900640323],[0.25193395511583044,51.67220177847537],[0.25282018334564826,51.67277328672741],[0.2537922610240992,51.673288025199994],[0.2548408253452007,51.67374103469752],[0.25595577565968924,51.6741279506241],[0.2571263708420346,51.674445045088866],[0.25834133286957833,51.67468926287215],[0.2595889556110246,51.67485825090374],[0.26085721776985804,51.67495038096743],[0.2621338988870131,51.67496476541104],[0.26340669727676636,51.67490126571017],[0.2646633487505398,51.67476049380188],[0.2658917449755774,51.674543806176096],[0.2670800503191011,51.674253290781834],[0.2678757602626946,51.674000220085425],[0.26862261265106796,51.674054422980525],[0.2698992683705253,51.6740687232552],[0.2711720281645668,51.67400513979207],[0.2724286282169643,51.67386428533557],[0.2736569606911607,51.67364751717124],[0.2748451905695994,51.673356924024326],[0.2759818698430735,51.672995305900756],[0.27705604794223204,51.67256614706635],[0.27805737734079344,51.67207358242664],[0.27872665978786854,51.67167207090501],[0.27874347839890684,51.67167018456799],[0.27056426066636874,51.66251559656892]]]}},{"type":"Feature","properties":{"db_school_name":"Doddinghurst Infant School","harvested_label":"Doddinghurst Infant School","urn":"114969","margin_m":657.2},"geometry":{"type":"Polygon","coordinates":[[[0.2770369814369933,51.659488845864935],[0.27682492558213534,51.65972184370148],[0.27056426066636874,51.66251559656892],[0.27874347839890684,51.67167018456799],[0.2787975748092457,51.6716641172208],[0.2800258155508961,51.67144728343631],[0.28121394546064865,51.67115662692293],[0.2821289790198871,51.67086544731814],[0.28271336764387406,51.6708361918094],[0.2833135717315815,51.67141686694916],[0.2841058474539157,51.67203941667879],[0.2845529872841196,51.67232751641422],[0.28454647469852096,51.67233334906973],[0.29177433993467755,51.67187576311551],[0.30217532584911544,51.67454711921728],[0.3059402569657706,51.66775606297317],[0.3060187449265431,51.66773289765924],[0.30742105943485737,51.667907929100764],[0.3233720420055461,51.66648532149037],[0.3236356372440494,51.665729713872665],[0.32378268929621895,51.664941130250234],[0.3238047362084837,51.664147380499905],[0.32370157220108614,51.663356108854366],[0.32347419723621534,51.66257493528675],[0.3231248071405268,51.66181138214155],[0.3226567722245221,51.661072801720685],[0.32233789632581256,51.660685829363466],[0.32251523945810295,51.66034365091149],[0.3227858680825158,51.6595678297738],[0.3229329183991022,51.658779246515635],[0.3229549806308381,51.65798549600826],[0.32285184884809265,51.657194222491746],[0.3226245227004594,51.656413045957365],[0.32227519754235695,51.655649488778444],[0.32180724305704805,51.654910903296],[0.3212251705938783,51.65420440105522],[0.32053458954138037,51.65353678437262],[0.3197421531633218,51.652914480890814],[0.31885549442476924,51.652343481748765],[0.3178831524299985,51.65182928395999],[0.31683449018271626,51.65137683755088],[0.3157196044606977,51.650990497965346],[0.3145492286710812,51.650673984191],[0.3133346296182631,51.65043034300753],[0.31208749917336526,51.65026191969908],[0.3108198418818231,51.65017033551067],[0.30954385958357333,51.650156472064026],[0.3082718341481431,51.6502204628818],[0.30701600944457835,51.650361692101285],[0.3057884736732555,51.65057880038999],[0.30460104318330994,51.65086969800681],[0.30346514888563914,51.6512315848839],[0.30239172634728473,51.65166097753774],[0.3013911106187215,51.65215374255236],[0.3004729368014318,51.6527051363145],[0.29964604730954825,51.653309850621156],[0.29891840671659736,51.65396206372272],[0.2982970250072989,51.654655496313694],[0.29778788997522226,51.65538347193421],[0.2973959094209063,51.65613898120354],[0.29734355728151246,51.65628882185811],[0.29700975368563526,51.65653289925031],[0.29689358301380997,51.65656134594272],[0.295757484004057,51.65692316040081],[0.29520475982332933,51.65714418646271],[0.2952218208773175,51.65654357057316],[0.29511917565823526,51.655752266573984],[0.2948923328940066,51.65497103024376],[0.2945434832856748,51.654207384534075],[0.2940759919397538,51.653468682640685],[0.29349436574942744,51.652762037231795],[0.2928042098104162,51.65209425200419],[0.29201217329816515,51.65147175622482],[0.2911258853330663,51.6509005428852],[0.2901538814551502,51.650386111061806],[0.2891055214183854,51.649933413034645],[0.28799089909636694,51.64954680667002],[0.28682074536533003,51.64923001352352],[0.28560632489620486,51.64898608306366],[0.28435932784443163,51.64881736335855],[0.283091757473912,51.648725478505405],[0.2818158147894211,51.64871131301907],[0.2805437812796603,51.64877500332853],[0.279287900890834,51.648915936462664],[0.2780602623577382,51.6491327559381],[0.2768726830161104,51.64942337479298],[0.275736595206253,51.6497849956422],[0.27466293635380634,51.65021413756272],[0.27366204377932796,51.65070666955215],[0.2730339446151364,51.65108359113293],[0.2770369814369933,51.659488845864935]]]}},{"type":"Feature","properties":{"db_school_name":"Ivy Chimneys Primary School","harvested_label":"Ivy Chimneys Primary School","urn":"145605","margin_m":419.2},"geometry":{"type":"Polygon","coordinates":[[[0.09872006642376886,51.6876694299545],[0.08348469598895435,51.6890620015704],[0.08349252937304699,51.68907447478394],[0.08349575360111197,51.68907841673703],[0.08340912592053776,51.68952977091726],[0.08338287247115768,51.6903235175392],[0.0834819259186501,51.6911150412534],[0.08370533878085826,51.69189671886938],[0.08405096558274767,51.692661021639864],[0.08451548328348327,51.69340058779598],[0.08509442306630563,51.694108293488],[0.08518918666644404,51.694200473479015],[0.10027623676135387,51.690897721896484],[0.1029438985666253,51.6920779492361],[0.10299921518425534,51.692153684094414],[0.10368830724020338,51.69247134213538],[0.1037751946276583,51.69533633676175],[0.10481560059085629,51.69592492265336],[0.10614479306043054,51.69605142132023],[0.10790333311592293,51.695382565757065],[0.10911702067460358,51.69559215066436],[0.10972847083387278,51.69606774401763],[0.10840866364358798,51.697898816638826],[0.10862530984386021,51.698513477468865],[0.11015976465717592,51.69932218313121],[0.1102721930644215,51.6993222436794],[0.11238601010658052,51.69858356636252],[0.1129485504920937,51.69657791619845],[0.12708053022389076,51.6970581770755],[0.12724975643582043,51.69698805168928],[0.12757386210029015,51.69669817539017],[0.12757530146408694,51.696694104711824],[0.12761540036787128,51.696484127164695],[0.12810835314324995,51.69578436400615],[0.12824756596639267,51.69551837919521],[0.12746490261039653,51.69464559367416],[0.12392678583981545,51.689484305575114],[0.1235741876217096,51.6810634915077],[0.12357137591800134,51.68106486837132],[0.12347442825707387,51.6810228311774],[0.12236040034615762,51.68063464687073],[0.12119054745177262,51.680316200326025],[0.1199761313676997,51.680070556923006],[0.11872884221992606,51.67990008121283],[0.1174606860903982,51.679806414189386],[0.11618386962209568,51.67979045751578],[0.11491068270790436,51.679852364856046],[0.11365338038366914,51.67999154039568],[0.11333349376877459,51.680047515213154],[0.11269653754871709,51.68000044137793],[0.11204138853385326,51.679992229037],[0.11204558717280219,51.679984210380574],[0.11204614808160439,51.679982625140106],[0.10595258360718127,51.68282093299926],[0.10372321819588484,51.68307987455627],[0.09872006642376886,51.6876694299545]]]}},{"type":"Feature","properties":{"db_school_name":"Epping Primary School","harvested_label":"Epping Primary School","urn":"135328","margin_m":480.4},"geometry":{"type":"Polygon","coordinates":[[[0.10915333918045302,51.74241307488554],[0.11235268470187759,51.742978909825894],[0.11234723594971166,51.7429770132889],[0.1130242699884606,51.74298547570799],[0.11429923224043005,51.74292356948072],[0.11555827369499186,51.742784368808685],[0.11678926296579893,51.74256921503907],[0.11798033940697207,51.74228018134027],[0.11912002755087296,51.741920052693],[0.12019734780576571,51.7414922990145],[0.1212019223402687,51.741001041676654],[0.12212407512929305,51.74045101374303],[0.12295492519406127,51.73984751431044],[0.12368647213616317,51.739196357397795],[0.12431167314171461,51.73850381587752],[0.12482451071573925,51.737776560992195],[0.12522005049798557,51.737021598041956],[0.12549448860863727,51.73624619886439],[0.12564518807467326,51.73545783175934],[0.12567070399405303,51.73466408953501],[0.12557079720427283,51.73387261636971],[0.12539617330167144,51.7332643000922],[0.1257228484461666,51.73324840234506],[0.1269815830775525,51.73310908245616],[0.12821225291121283,51.73289381223416],[0.1294030003821781,51.73260466596943],[0.13054235319550073,51.73224442972707],[0.13161933499319092,51.731816574460495],[0.1326235712073568,51.73132522251977],[0.13354538907456323,51.73077510787904],[0.13437591084430742,51.730171530469505],[0.13510713928187335,51.72952030506018],[0.13573203464194702,51.728827705182105],[0.13624458237339984,51.728100402638724],[0.13663985090674646,51.72734540318791],[0.13668942470915735,51.727205206735796],[0.13698629752395874,51.72708723451823],[0.1379903708294663,51.72659583817316],[0.13836491422940153,51.726372268225695],[0.1383664437159362,51.726375638058954],[0.1420603663760059,51.7185303254153],[0.14178387976554988,51.717921153431796],[0.1413181713670208,51.717181830295615],[0.14073805671423173,51.716474417824806],[0.14004912638928688,51.71580572710765],[0.13925801780695915,51.71518219613282],[0.13873020416932866,51.71484109544402],[0.13983247661856732,51.714573218344405],[0.14097129437019096,51.71421288600087],[0.14204775132737757,51.713784939879226],[0.14212108166389514,51.713749037107895],[0.14603833281400694,51.70971265854696],[0.14747017244729513,51.70658337128497],[0.1474676903949604,51.70658558369982],[0.14741434922624513,51.70616430353677],[0.14718976412631016,51.705382762371535],[0.14696046958096215,51.70487754613324],[0.1469614294274606,51.70487250926455],[0.12991282778502747,51.70564604092305],[0.12724975643582043,51.69698805168928],[0.12708053022389076,51.6970581770755],[0.1129485504920937,51.69657791619845],[0.11238601010658052,51.69858356636252],[0.1102721930644215,51.6993222436794],[0.11015976465717592,51.69932218313121],[0.10862530984386021,51.698513477468865],[0.10840866364358798,51.697898816638826],[0.10972847083387278,51.69606774401763],[0.10911702067460358,51.69559215066436],[0.10790333311592293,51.695382565757065],[0.10614479306043054,51.69605142132023],[0.10481560059085629,51.69592492265336],[0.1037751946276583,51.69533633676175],[0.10368830724020338,51.69247134213538],[0.10299921518425534,51.692153684094414],[0.1029438985666253,51.6920779492361],[0.10027623676135387,51.690897721896484],[0.08518918666644404,51.694200473479015],[0.08519161000905241,51.694202830746214],[0.08537458957683175,51.694842906869184],[0.08572026824746179,51.69560720380465],[0.08618484453775994,51.69634676237149],[0.0867638490672603,51.697054458792785],[0.08745170947477805,51.69772347588818],[0.08824180393826565,51.69834736879151],[0.08912652484455806,51.69892012709004],[0.08981046078947601,51.69928371937098],[0.08984768492489299,51.69958076525194],[0.08984904873792963,51.699585533647756],[0.08977807829738735,51.699955510485246],[0.08975193558148391,51.700749256033184],[0.08985112805545478,51.70154077156373],[0.09007470690188919,51.70232243396456],[0.09042052505039183,51.70308671463411],[0.0908852576199037,51.70382625201549],[0.09146443372620319,51.704533922535134],[0.09215247935646405,51.705202909261466],[0.09294277090499023,51.70582676762008],[0.09382769886012758,51.706399487530355],[0.09479874103297992,51.706915551361924],[0.09584654462478691,51.70736998715041],[0.09640529909023474,51.70756473331143],[0.09688632715973972,51.708032336908225],[0.09767673338805663,51.70865616185207],[0.09856177639047774,51.70922884454856],[0.09953293286904923,51.70974486772552],[0.09961434375755975,51.709780169374],[0.10016114749993187,51.71031163335568],[0.10095163881436382,51.71093543508496],[0.10183676781859359,51.711508091933865],[0.10187952767079096,51.71153080951016],[0.10249259290537811,51.712014563660844],[0.1033777625121354,51.712587208344345],[0.10434904573481298,51.71310319000209],[0.1053970874505949,51.71355753746078],[0.10651179207061783,51.71394587323171],[0.107682420857198,51.71426445574049],[0.10889769547914065,51.71451021542535],[0.11014590680262108,51.71468078435405],[0.11141502786320871,51.714774519071895],[0.112692829923111,51.71479051645925],[0.11396700048705981,51.714728622444554],[0.11522526213076523,51.714589433488385],[0.11645549098786623,51.714374290824374],[0.11764583374471362,51.71408526751289],[0.11878482200717273,51.71372514843317],[0.11986148292987192,51.71329740340867],[0.12052518157921988,51.71297265050811],[0.12053768048442826,51.71297357264109],[0.12181543206654913,51.712989471317236],[0.12308953671252441,51.7129274790272],[0.12377498754165854,51.71285159854872],[0.12397829535771061,51.712866592181726],[0.12506765720019117,51.71288011579123],[0.12410350289897791,51.71311429639183],[0.12296457361687897,51.71347446643679],[0.12188793865536757,51.71390223961323],[0.12088396395390051,51.71439349809913],[0.1199623169160835,51.71494351279073],[0.11913187336201038,51.715546988770306],[0.11840063205494823,51.71619811622125],[0.11777563762532074,51.71689062630355],[0.11726291263590936,51.71761785145413],[0.1168673994460155,51.718372789534236],[0.11681777293140955,51.71851297839651],[0.11652090164993552,51.718630899757315],[0.11551676415315706,51.71912211382315],[0.11459495623593316,51.71967208779222],[0.11376435526640138,51.72027552713927],[0.11303296152288055,51.720926622400974],[0.11240782110330251,51.7216191050478],[0.11189495797629546,51.7223463077814],[0.11149931583181993,51.72310122867952],[0.11122471029653463,51.72387659857305],[0.11107379198076253,51.72466495100857],[0.11104802072086131,51.72545869412416],[0.11114765127391998,51.72625018374788],[0.1113220546545726,51.726858524329785],[0.1109954193129258,51.72687438158457],[0.109736803248476,51.727013528918114],[0.10850619896069792,51.727228604969625],[0.10731545230078772,51.72751753955738],[0.10617602606307358,51.72787755150949],[0.10509888977438692,51.728305175393224],[0.10409441419639005,51.72879629482461],[0.10317227155133227,51.72934618203979],[0.1023413424281662,51.729949543349676],[0.10160963026347511,51.7306005700433],[0.10098418422055548,51.731292994252506],[0.1004710312110347,51.732020149242935],[0.10007511771717219,51.73277503355332],[0.09980026198031196,51.73355037836814],[0.09964911702261409,51.73433871747674],[0.09962314486611229,51.7351324591468],[0.09972260220624271,51.73592395922123],[0.09994653768727571,51.736705594735334],[0.10029280081559949,51.73746983734481],[0.10062722632611047,51.738001377170384],[0.10915333918045302,51.74241307488554]]]}},{"type":"Feature","properties":{"db_school_name":"Coopersale and Theydon Garnon Church of England Voluntary Controlled Primary School","harvested_label":"Coopersale and Theydon Garnon Church of England (Voluntary Controlled) Primary School","urn":"115095","margin_m":227.2},"geometry":{"type":"Polygon","coordinates":[[[0.12392678583981545,51.689484305575114],[0.12746490261039653,51.69464559367416],[0.12824756596639267,51.69551837919521],[0.12824783868521347,51.69551785812608],[0.12898204404678226,51.69561810868885],[0.13025066337129604,51.69571164575213],[0.13152792865610116,51.69572744427308],[0.13234545404034728,51.69568758895782],[0.1311772504866055,51.695817040514356],[0.1299475969162788,51.696032331531036],[0.12875780678847212,51.696321474105794],[0.1276193336976619,51.69668168506343],[0.12757320957429275,51.69670002080488],[0.12757386210029015,51.69669817539017],[0.12724975643582043,51.69698805168928],[0.12991282778502747,51.70564604092305],[0.1469614294274606,51.70487250926455],[0.14707842444913136,51.704258561033924],[0.1471035634026155,51.70346481469512],[0.14700336769710834,51.702673359314716],[0.14677880873031326,51.70189181665056],[0.14643205523823463,51.70112771261567],[0.145966452174345,51.700388404829226],[0.1453864882835775,51.69968101180188],[0.14469775269154683,51.69901234443535],[0.14390688093404952,51.69838884049436],[0.14302149095214262,51.69781650267923],[0.14205010967304846,51.69730084089271],[0.1410020908860413,51.696846819254354],[0.13988752520437855,51.69645880836963],[0.13871714297871757,51.69614054331034],[0.137502211093463,51.695895087708685],[0.13625442463477125,51.695724804307794],[0.13498579446680628,51.69563133225048],[0.13370853179103762,51.695615571323465],[0.13289100917994334,51.69565543610053],[0.13405920319106537,51.69552596759456],[0.1352888223158295,51.695310633883544],[0.13647854252366906,51.69502142586494],[0.13761690142424557,51.694661130197126],[0.13869293224108797,51.69423321840404],[0.139696269572099,51.6937418133779],[0.14061724931535086,51.69319164960156],[0.14144700179396352,51.692588027476695],[0.14217753718113482,51.69193676220015],[0.14280182240243944,51.69124412768414],[0.14331384877650502,51.69051679606302],[0.14370868974618056,51.68976177337221],[0.14398254814944794,51.688986332021344],[0.1441327925815568,51.68819794071336],[0.14415798250614492,51.68740419248712],[0.14405788188238813,51.686612731577],[0.14385892973756867,51.68591987623824],[0.14426608011619302,51.68624095915198],[0.1451512552677393,51.68681329103924],[0.14612244293089544,51.68732893019717],[0.1471702888950827,51.68778290875337],[0.1482846994509411,51.68817085277502],[0.1494549386896764,51.68848902446407],[0.15066973203123954,51.68873435821911],[0.15191737497910215,51.68890449021404],[0.15318584604753555,51.6889977812063],[0.15446292276589668,51.68901333235371],[0.15573629963387597,51.68895099388604],[0.1569937068822241,51.68881136654764],[0.15822302888553894,51.688595795796914],[0.15941242107719866,51.6883063588191],[0.16055042423140972,51.68794584447877],[0.16162607500361661,51.6875177264066],[0.1626290116577341,51.687026129481765],[0.1635495739564019,51.6864757900352],[0.16437889624842633,51.68587201015998],[0.1651089928548302,51.68522060657131],[0.1657328349310116,51.684527854512254],[0.16624441806653362,51.68380042724762],[0.16663881997503446,51.68304533173218],[0.1669122477239271,51.682269841074906],[0.1670620740557614,51.681481424451526],[0.1670868624594132,51.680687675142565],[0.1669863807585147,51.679896237390714],[0.16676160309574925,51.67911473278248],[0.16641470030353142,51.678350686863254],[0.16594901876336407,51.67761145669193],[0.1653690479664499,51.676904160031455],[0.164680377096089,51.67623560685576],[0.16388964105697237,51.67561223383069],[0.16300445647662626,51.675040042396915],[0.16203334829922145,51.67452454104905],[0.16098566768074696,51.67407069236355],[0.15987150197642078,51.67368286528234],[0.15870157768553403,51.67336479310955],[0.15748715728486473,51.67311953762219],[0.15623993093903019,51.67294945963864],[0.15497190412397685,51.67285619632574],[0.15369528223793505,51.67284064546209],[0.1524223533022637,51.672902956806915],[0.15116536987242077,51.673042530658215],[0.1499364312866989,51.67325802361307],[0.14874736737719665,51.6735473614759],[0.14760962475400763,51.67390775919106],[0.14653415674962575,51.67433574760968],[0.14553131807647615,51.674827206835154],[0.14461076520656516,51.67537740582823],[0.14378136342874773,51.67598104789339],[0.14305110147659847,51.67663232161136],[0.14242701454886506,51.67732495673],[0.14191511646549207,51.67805228447841],[0.1415203416161125,51.678807301726145],[0.14124649726522115,51.67958273837206],[0.14109622668004654,51.68037112731605],[0.1410709834441183,51.6811648763413],[0.14117101721275102,51.68195634121597],[0.14136990927620466,51.68264920221294],[0.14096281208056688,51.682328108471836],[0.14007777801026713,51.68175574300157],[0.13910677873906896,51.68124005124902],[0.13805916437901994,51.68078599762346],[0.13694502165135655,51.68039795303939],[0.1357750768372948,51.680079652894065],[0.13456059261342143,51.679834161158205],[0.13331325976004252,51.67966384092339],[0.13204508477869503,51.67957033168748],[0.13076827449324271,51.67955453359522],[0.12949511873702782,51.67961659878475],[0.1282378722464944,51.67975592992269],[0.127008636889043,51.67997118594183],[0.12581924534981404,51.68026029492689],[0.1246811473885971,51.68062047402532],[0.12360529975410948,51.68104825619282],[0.1235741876217096,51.6810634915077],[0.12392678583981545,51.689484305575114]]]}},{"type":"Feature","properties":{"db_school_name":"Fawbert and Barnard's Primary School","harvested_label":"Fawbert &amp; Barnard's Primary School","urn":"144663","margin_m":163.3},"geometry":{"type":"Polygon","coordinates":[[[0.13149696349818488,51.77844288785808],[0.1298426174980014,51.77911093401938],[0.12809889980583686,51.78145760355186],[0.12704858268843533,51.782573525995595],[0.12731849422070848,51.784401132946755],[0.12598139519933807,51.78724597621068],[0.13024182406351914,51.78820830845193],[0.13572098890935066,51.792062315639555],[0.13810363422324895,51.78715259561641],[0.1383653371064366,51.78589362496624],[0.13845469458265083,51.78580117913332],[0.13370681077374927,51.78425754635498],[0.1338956113793145,51.78336792223552],[0.13662466807795684,51.77968063224367],[0.13662693379410673,51.7795441591453],[0.13451581010214642,51.77882840436944],[0.13149696349818488,51.77844288785808]]]}},{"type":"Feature","properties":{"db_school_name":"Churchgate Church of England Voluntary Aided Primary School, Harlow","harvested_label":"Churchgate Church of England (Voluntary Aided) Primary School","urn":"115170","margin_m":438.0},"geometry":{"type":"Polygon","coordinates":[[[0.15395693421559142,51.76692217592793],[0.15317492366049212,51.77056344167853],[0.15297146236253673,51.77209950930883],[0.1540058904404636,51.774860481775306],[0.14481661419732283,51.77848043200649],[0.1444671013379003,51.778808096257436],[0.14472028953336782,51.77939446563842],[0.14248696458650004,51.7852305673581],[0.14818651506778763,51.78454085145207],[0.1581240152533374,51.78931440483052],[0.15873646314181708,51.7894636268948],[0.15953592566226749,51.78898678456056],[0.16036714129854038,51.788383020741556],[0.16083690487510646,51.78796485934354],[0.16095780428136672,51.787973719688445],[0.16223767676812326,51.787989153995866],[0.1635138228591602,51.78792670035793],[0.16477394607929163,51.78778696062993],[0.16600590461233455,51.787571281355774],[0.16719782846959794,51.78728174077024],[0.16833823401794495,51.7869211287411],[0.16941613475626158,51.786492919846026],[0.170421147266471,51.786001239845724],[0.1713435913131275,51.78545082587836],[0.17217458312368905,51.78484698076191],[0.17290612094905275,51.78419552184691],[0.17353116208016284,51.7835027249157],[0.1740436905807305,51.782775263671056],[0.17443877508730773,51.7820201453998],[0.17471261612535965,51.78124464343369],[0.17486258249239672,51.78045622705972],[0.1748872363658109,51.77966248955709],[0.17478634690250602,51.77887107505427],[0.17456089220890547,51.778089604912125],[0.17421304967204515,51.777325604340945],[0.17374617475448892,51.7765864299585],[0.17316476846629086,51.77587919898506],[0.1731060761491946,51.775822365846295],[0.17341802878669854,51.77554450315945],[0.17404294636443776,51.77485170401651],[0.17455537266379903,51.77412424076063],[0.1749503773034015,51.77336912069758],[0.17522416157523865,51.772593617175886],[0.1753740948205446,51.77180519949728],[0.17539873953249427,51.7710114609533],[0.17529786495292518,51.77022004568241],[0.17507244904164795,51.76943857505284],[0.17472466880908352,51.76867457427984],[0.1742578791149135,51.76793539998337],[0.17367658014597753,51.767228169383294],[0.17298637389475446,51.766559691811636],[0.1721939100646079,51.765936403199824],[0.17130682192824243,51.765364304169],[0.1703336527609992,51.764848902317375],[0.169283773559532,51.76439515925672],[0.16857582070119986,51.764149312967724],[0.1685782253686552,51.76414664690816],[0.15395693421559142,51.76692217592793]]]}},{"type":"Feature","properties":{"db_school_name":"Matching Green Church of England Voluntary Controlled Primary School","harvested_label":"Matching Green Church of England (Voluntary Controlled) Primary School","urn":"115126","margin_m":791.4},"geometry":{"type":"Polygon","coordinates":[[[0.23000321515610328,51.76774661525456],[0.22875312195011704,51.76757734428311],[0.22748231308562902,51.76748489866922],[0.2262030207147084,51.76747016832126],[0.22492755854059293,51.76753329510281],[0.22366820348273045,51.76767367146624],[0.22243707769211812,51.767889946288555],[0.22124603204362311,51.76818003785344],[0.2201065322183435,51.76854115385614],[0.2190295484648842,51.76896981823968],[0.21802545009424115,51.769461904606416],[0.21710390571881902,51.77001267588551],[0.2162737901924374,51.77061682987709],[0.21554309914546957,51.771268550237465],[0.2149188719379879,51.77196156241717],[0.21440712377461038,51.77268919401646],[0.2140127876383499,51.7734444389791],[0.21373966660792085,51.77422002500972],[0.21359039702440386,51.7750084835664],[0.21356642286999122,51.77580222175716],[0.21366798161443962,51.77659359544826],[0.21389410167502731,51.777374982881526],[0.21424261152423058,51.77813885809108],[0.21471016036695842,51.77887786341257],[0.2152922501972867,51.779584880384604],[0.2159832789341969,51.78025309835875],[0.21677659422789694,51.78087608015457],[0.21766455742414867,51.78144782412537],[0.21863861707448715,51.78196282203386],[0.21951712756759212,51.78234180116175],[0.21953977625095905,51.78239142363234],[0.22000745714253653,51.78313040584647],[0.2205896858046466,51.78383739448593],[0.22128085881914972,51.7845055791746],[0.22207432244629097,51.78512852305215],[0.22296243660243037,51.785700224836624],[0.2239366483840574,51.786215176696736],[0.22498757443212683,51.786668417373214],[0.22610509134368076,51.78705558003517],[0.22727843325834748,51.78737293440705],[0.22849629567634172,51.787617422758274],[0.2297469445028928,51.78778668940589],[0.2310183292621616,51.787879103444574],[0.23229819938232815,51.7878937744828],[0.23357422242303427,51.78783056123304],[0.2348341030970267,51.78769007287239],[0.23606570192999649,51.78747366316035],[0.23725715240628573,51.787183417371594],[0.23839697546316027,51.786822132169945],[0.23947419022282138,51.786393288619806],[0.24047841988873678,51.78590101859649],[0.24139999178088442,51.78535006492178],[0.24223003054263922,51.784745735611544],[0.24296054361961905,51.78409385267824],[0.24358449818711414,51.7834006959855],[0.24409588878702163,51.782672942697346],[0.24448979502647283,51.78191760290885],[0.2447624287877875,51.78114195207987],[0.24491117050187805,51.78035346092528],[0.244934594143785,51.77955972343824],[0.244832480718557,51.778768383740804],[0.24460582011714155,51.77798706246712],[0.24425680133410083,51.77722328338789],[0.24378879115096466,51.77648440098245],[0.24320630149954023,51.77577752965463],[0.24251494582764166,51.77510947527234],[0.24172138489444578,51.77448666968828],[0.24083326252301307,51.773915108869836],[0.23985913193256456,51.773400295231106],[0.23898063164986086,51.77302146761315],[0.23895796675572065,51.772971849013494],[0.23849008864272164,51.772232943461965],[0.23790773781648114,51.77152604376494],[0.2372165263879458,51.7708579560641],[0.23642311372764666,51.770235112533484],[0.2355351422315672,51.76966350950635],[0.23456116366713153,51.76914864980362],[0.23351055681068172,51.76869548981657],[0.23239343716977406,51.76830839185056],[0.2312205596580091,51.76799108218552],[0.23000321515610328,51.76774661525456]]]}},{"type":"Feature","properties":{"db_school_name":"Potter Street Academy","harvested_label":"Potter Street Academy","urn":"139802","margin_m":238.5},"geometry":{"type":"Polygon","coordinates":[[[0.12772769118713825,51.74912161935946],[0.12534645651551493,51.756638833795634],[0.1268677869164535,51.75919151281313],[0.12671647745648118,51.75925680055586],[0.12331743870755384,51.764622959601525],[0.12332095193779545,51.76469764513982],[0.12183091655116716,51.76666352187575],[0.12635348510147712,51.769837687125815],[0.12653421061303155,51.76993211372867],[0.12683324761201847,51.77001323019106],[0.13172872137795474,51.76774203367496],[0.13232271509138266,51.76635526119329],[0.1288900558473724,51.7641934434675],[0.12937833876606583,51.7611311580174],[0.13446800547307922,51.762348546151905],[0.13448080727350328,51.762341402967444],[0.14652341723206452,51.759774349258635],[0.14815605004298993,51.763805379457395],[0.15395693421559142,51.76692217592793],[0.1685782253686552,51.76414664690816],[0.1686967136776721,51.764015278243086],[0.16920910909127815,51.76328783747108],[0.1696041142839163,51.76253273414188],[0.16987793053814404,51.76175724144278],[0.17002792688289883,51.76096882857143],[0.17005266519936274,51.76017508877329],[0.16995191382374983,51.75938366619941],[0.1698743088710651,51.75911444339921],[0.1698845502852205,51.759113941330824],[0.15876661277863907,51.75346010990725],[0.163698197190466,51.74376663129261],[0.16360667457200428,51.743655180549005],[0.16291698510929034,51.742986635502284],[0.16212508028656789,51.742363270331374],[0.16123858799335247,51.74179108639667],[0.16026604576884823,51.74127559211574],[0.15921681857578565,51.740821749992094],[0.15810100865501991,51.74043392889991],[0.1569293583273517,51.740115862081424],[0.1557131466750782,51.73987061125836],[0.15446408109308588,51.739700537201195],[0.15319418474718735,51.739607277036846],[0.15191568101559685,51.73959172851222],[0.15064087601756,51.73965404136371],[0.14938204035100952,51.739793615875364],[0.14815129116849757,51.740009108639455],[0.14696047571751888,51.74029844546463],[0.14582105745781807,51.740658841308424],[0.144744005844233,51.74108682704382],[0.14373969082953464,51.74157828280439],[0.14281778309771642,51.74212847758891],[0.14198716098462041,51.74273211474726],[0.14125582498020472,51.74338338291226],[0.1406308206356218,51.744076011889824],[0.1401181706192188,51.744803332972445],[0.13972281657929772,51.74555834309754],[0.13944857137873395,51.74633377223557],[0.13929808216814732,51.74712215336092],[0.13927280466118194,51.74791589433331],[0.13937298886853172,51.74870735099887],[0.13947221069709007,51.749052486260304],[0.13918265424744736,51.74899406293905],[0.137933392853141,51.748823815509816],[0.1366632688253417,51.74873037929122],[0.13632982931584595,51.74872628016124],[0.13566762721592815,51.74849599398762],[0.13449591762572136,51.748177704410836],[0.13327960283302626,51.747932222720955],[0.13203039122657634,51.747761911909826],[0.1307603073778295,51.7476684113823],[0.12948157646892758,51.74765262119806],[0.12895780679182242,51.747678120750464],[0.1289530870776169,51.74767354145165],[0.12772769118713825,51.74912161935946]]]}},{"type":"Feature","properties":{"db_school_name":"Purford Green Primary School","harvested_label":"Purford Green Primary School","urn":"139950","margin_m":347.1},"geometry":{"type":"Polygon","coordinates":[[[0.11452259854273215,51.75871159550004],[0.11111027705025303,51.76057958214088],[0.11470291394711263,51.76374807132366],[0.1145808471722568,51.764399172957226],[0.11458026310730852,51.764457851446664],[0.11876945935368113,51.76639731704305],[0.1199905598182278,51.76664675014998],[0.12183091655116716,51.76666352187575],[0.12332095193779545,51.76469764513982],[0.12331743870755384,51.764622959601525],[0.12671647745648118,51.75925680055586],[0.1268677869164535,51.75919151281313],[0.12534645651551493,51.756638833795634],[0.1208796863912151,51.75621816340552],[0.11901667342060492,51.757161133072835],[0.11715302036430726,51.75638923073769],[0.11609893580359829,51.7563030838044],[0.11431651933472599,51.75834076009964],[0.11452259854273215,51.75871159550004]]]}},{"type":"Feature","properties":{"db_school_name":"Cooks Spinney Primary Academy and Nursery","harvested_label":"Cooks Spinney Primary Academy and Nursery","urn":"140024","margin_m":235.9},"geometry":{"type":"Polygon","coordinates":[[[0.11579482805204289,51.76816639233731],[0.11526583083780416,51.77089776962098],[0.11605905500093093,51.771534402663036],[0.11601560331052897,51.772439329293945],[0.11357887436666558,51.773291359007374],[0.11239799627850935,51.7733901364098],[0.11196312667776108,51.77424448246681],[0.11155230940233347,51.77657597661661],[0.11386147251946122,51.777420996194266],[0.11401378578484359,51.77758899993006],[0.11878919682984772,51.777802255656695],[0.119814963845052,51.776099577660794],[0.12316255135018407,51.776080720099124],[0.12591446176040408,51.778290227361495],[0.1298426174980014,51.77911093401938],[0.13149696349818488,51.77844288785808],[0.13084206365358958,51.776361938733785],[0.13554901691365234,51.77328788875705],[0.13207157760404326,51.77200599514378],[0.12760255921819533,51.77142193904615],[0.12683324761201847,51.77001323019106],[0.12653421061303155,51.76993211372867],[0.12635348510147712,51.769837687125815],[0.12183091655116716,51.76666352187575],[0.1199905598182278,51.76664675014998],[0.11876945935368113,51.76639731704305],[0.11579482805204289,51.76816639233731]]]}},{"type":"Feature","properties":{"db_school_name":"Pear Tree Mead Academy","harvested_label":"Pear Tree Mead Academy","urn":"141304","margin_m":107.0},"geometry":{"type":"Polygon","coordinates":[[[0.11611257038555933,51.75353472710228],[0.11424549415769772,51.75365669098681],[0.11423344387751619,51.75429583860404],[0.11609893580359829,51.7563030838044],[0.11715302036430726,51.75638923073769],[0.11901667342060492,51.757161133072835],[0.1208796863912151,51.75621816340552],[0.12534645651551493,51.756638833795634],[0.12772769118713825,51.74912161935946],[0.11892243287275947,51.753682130999806],[0.11611257038555933,51.75353472710228]]]}},{"type":"Feature","properties":{"db_school_name":"Hare Street Community Primary School and Nursery","harvested_label":"Hare Street Community Primary School and Nursery","urn":"133255","margin_m":377.1},"geometry":{"type":"Polygon","coordinates":[[[0.08098177621607731,51.76906431432428],[0.08204774236398155,51.769241982291376],[0.08216714222137386,51.76932173636268],[0.08476133988422484,51.76990092952911],[0.08519364729680942,51.77015364879769],[0.09000927614649862,51.76941729496482],[0.09060909195000151,51.769468069934454],[0.09241007574478799,51.768992342371824],[0.09323537398151159,51.767432978642226],[0.0975070516325771,51.764964736920895],[0.09693724482475495,51.763491466143954],[0.09687530938648634,51.76343612650846],[0.09117502083623177,51.762806522472346],[0.08848781570832147,51.761400363547324],[0.08525122778834718,51.76106354899047],[0.08253111787419531,51.76281909914271],[0.08051140014995949,51.76343721519438],[0.07295990725344988,51.76363213875858],[0.07532410376602579,51.767777586789244],[0.08098177621607731,51.76906431432428]]]}},{"type":"Feature","properties":{"db_school_name":"Oaklands Infant School","harvested_label":"Oaklands Infant School","urn":"146210","margin_m":261.8},"geometry":{"type":"Polygon","coordinates":[[[0.46435625016928567,51.72143091819789],[0.46382528941140294,51.72180635922927],[0.46418790413122474,51.72300657896911],[0.46221477886439494,51.725684679841706],[0.46481321717649704,51.72610275378622],[0.4648959468575703,51.727472303734935],[0.4684913444773293,51.727354508809114],[0.46948953570319824,51.72802161787979],[0.4698144513382891,51.728507794376725],[0.4697161303717503,51.72866160622597],[0.4724128743444433,51.73072735482958],[0.4732340807775651,51.73030930437742],[0.4734518189151521,51.729972999629254],[0.4744648400518906,51.72947145266944],[0.47578541831738463,51.72962907143031],[0.4779830773028753,51.73044608189018],[0.47914341371015695,51.73036651270924],[0.4792419812092568,51.730385922577284],[0.483846479428701,51.728564072844556],[0.47957166664285056,51.72613320328055],[0.47991797700680455,51.723978045614324],[0.47861504302976393,51.72248264265244],[0.47599844986187406,51.72189842487673],[0.4734455834818715,51.72309378046713],[0.4663111317242621,51.72078178712831],[0.46467577743381455,51.721087466500734],[0.46435625016928567,51.72143091819789]]]}},{"type":"Feature","properties":{"db_school_name":"Boreham Primary School","harvested_label":"Boreham Primary School","urn":"114937","margin_m":1135.5},"geometry":{"type":"Polygon","coordinates":[[[0.5277801887059907,51.75093688722855],[0.5222038482183152,51.753766374549656],[0.5204368485053138,51.75369781035901],[0.5168644412007544,51.75261114893421],[0.5148141379273408,51.75348574039081],[0.514086098170022,51.75429796097967],[0.5110074862437823,51.75616065016594],[0.5116646007706012,51.759373470707104],[0.5132488834725019,51.76014991665107],[0.5178183580246972,51.76271698946406],[0.5188769421463469,51.76374959267422],[0.5196920068880022,51.76396775237991],[0.5209107070379718,51.76420919777965],[0.5221616885168707,51.76437534654296],[0.5234328976258079,51.76446459781632],[0.5239039285495332,51.76446883178848],[0.524194655250514,51.76492282315725],[0.5247813410076863,51.76562824401338],[0.5254766567787648,51.76629458295908],[0.5262739088581846,51.76691542089966],[0.5271654206055906,51.767484776829924],[0.5281426063246804,51.767997165511126],[0.5291960539461168,51.76844765037496],[0.53031561571834,51.76883189114172],[0.5314905060310215,51.76914618569133],[0.5327094054254642,51.769387505780905],[0.5339605697848976,51.76955352626293],[0.5352319436462746,51.76964264752015],[0.5365112765342447,51.7696540108995],[0.5377862411880019,51.769587506995585],[0.5390445525328159,51.76944377670311],[0.5393327317397535,51.76939231463699],[0.5393887577092917,51.76945963903178],[0.5400843465817152,51.77012588743526],[0.5408818651318087,51.77074662226447],[0.5417736341498776,51.77131586350661],[0.5427510654585255,51.771828127027185],[0.5438047446195876,51.77227847746318],[0.5449245216478957,51.772662575829806],[0.5460996088563943,51.77297672137874],[0.5473186848866765,51.773217887302856],[0.5485700039177096,51.77338374994024],[0.5498415089941705,51.77347271119487],[0.5506951050007161,51.77348018682283],[0.5506969007099575,51.77348190607311],[0.5617781685302323,51.76118510977666],[0.5612434519653623,51.76067317732174],[0.5608860222662897,51.760395075159686],[0.5609475271472578,51.760216293423724],[0.561090686248333,51.75942747780456],[0.5611085612174225,51.75863375277205],[0.5610009864895822,51.75784276229972],[0.5607690045298588,51.75706212363056],[0.5604148555455015,51.75629935393541],[0.5599419556774557,51.75556179794945],[0.559354863890129,51.75485655728273],[0.5586592378863945,51.75419042208394],[0.5578617794792794,51.75356980571294],[0.5569701699518755,51.753000683049166],[0.5562865344820404,51.752642382588874],[0.5554997390433098,51.75203000182774],[0.5546081896189277,51.75146086028697],[0.55363107560964,51.750948689682076],[0.5525778059148353,51.75049842051331],[0.5514585216190176,51.75011438725754],[0.5502839984229188,51.74980028669655],[0.5490655430066631,51.74955914237893],[0.54781488431774,51.74939327555593],[0.5475141049222599,51.749372213981204],[0.5474160833853643,51.749338576486025],[0.546241607159884,51.749024434814494],[0.5450231928545194,51.74878324796139],[0.5437725690216223,51.74861733758731],[0.5425017737939379,51.748528300752575],[0.5420085374086124,51.748523941355096],[0.5416349418208214,51.74847437056911],[0.5403641540164523,51.74838531049379],[0.539085423170075,51.748373980972254],[0.5378110575831265,51.74844049114455],[0.5365533236346436,51.748584200906784],[0.5353243278973263,51.748803727059304],[0.5341359007785957,51.749096956596816],[0.5329994827982887,51.74946106701357],[0.5320646716842347,51.74983682045788],[0.531972922532717,51.74992567482634],[0.5277801887059907,51.75093688722855]]]}},{"type":"Feature","properties":{"db_school_name":"Baddow Hall Infant School","harvested_label":"Baddow Hall Infant School","urn":"114898","margin_m":234.4},"geometry":{"type":"Polygon","coordinates":[[[0.48646220381871946,51.70750636974745],[0.4907043712692089,51.710362999312274],[0.4966977877712653,51.71129035777132],[0.4984881544422414,51.71550669912101],[0.5002860687942492,51.716447981761426],[0.5043182739020003,51.71647809817809],[0.5043751535213684,51.71650389183491],[0.5071609208349166,51.71708962507154],[0.5073073067159074,51.717290169749774],[0.5074565896727784,51.718312619380804],[0.510432472419415,51.72583046477815],[0.5167587129530654,51.72622686548158],[0.5169357043973482,51.726183205546526],[0.5180716792326396,51.7258192553174],[0.5191447211250688,51.72538789977397],[0.5201444935350231,51.72489329498954],[0.5210613667778585,51.7243402062721],[0.521886510814037,51.72373396219509],[0.5226119802889939,51.72308040320248],[0.5228798948139307,51.72277968817308],[0.5235225031757509,51.72270630527696],[0.524750856580692,51.72248691044243],[0.5259386554628063,51.72219378319533],[0.5270744559914466,51.721829747965145],[0.5281473160981669,51.7213983123116],[0.5282547144692646,51.72134516342169],[0.5283772800060141,51.7214627318233],[0.5291737605079505,51.72208356442581],[0.5300644057147177,51.72265291363754],[0.5310406382743744,51.723165294287725],[0.532093055299476,51.7236157698887],[0.5332115189693639,51.72400000025311],[0.5343852542577702,51.72431428336389],[0.5356029528409442,51.72455559109096],[0.5368528821802725,51.72472159840798],[0.5381229987220483,51.724810705825995],[0.5394010641161583,51.724822054826234],[0.5406747633255187,51.72475553614216],[0.5419318234792281,51.724611790810506],[0.5431601323151313,51.724392203981466],[0.544347855061563,51.72409889154802],[0.5451081234869403,51.72385507872761],[0.5499737971313214,51.712450501719154],[0.5499735843416766,51.712450569987915],[0.549516525024057,51.7120123341508],[0.5487199524951164,51.711391639945305],[0.5478293041412007,51.710822431420006],[0.5468531574351977,51.71031018833919],[0.5458009119652455,51.7098598419038],[0.5446826989592364,51.70947572733744],[0.5435092838105683,51.709161542207084],[0.5422919625402008,51.708920310877545],[0.5410424531868261,51.7087543554392],[0.5397727831643256,51.708665273387346],[0.5384951736633237,51.70865392226593],[0.5372219222011863,51.70872041142304],[0.5359652844421372,51.708864100956625],[0.5357650246213312,51.70889990082441],[0.5361664498648003,51.70870114858263],[0.5370828024266815,51.708147940436035],[0.5379074408803385,51.70754158912946],[0.5386324247428322,51.706887936138116],[0.5392507744930337,51.70619327835722],[0.539756538693132,51.70546430738799],[0.540144851165373,51.70470804502978],[0.5404119776787479,51.703931775602165],[0.5405553517028406,51.703142975750616],[0.5405735988925423,51.7023492424139],[0.5404665500767657,51.70155821964719],[0.5402352426355889,51.70077752500707],[0.5398819102622182,51.700014676206514],[0.5394099612179092,51.6992770187463],[0.5388239452982022,51.69857165521787],[0.5381295098366804,51.6979053769575],[0.5373333451768386,51.697284598707306],[0.5364431201426009,51.6967152969101],[0.5354674081326732,51.69620295222941],[0.5344156045524554,51.69575249684552],[0.5332978363786786,51.695368267031796],[0.5321248647259326,51.695053961465476],[0.5309079813497287,51.69481260567121],[0.5296589000775286,51.69464652293782],[0.5283896442065337,51.69455731198599],[0.5271124309446551,51.69454583160027],[0.5258395539986437,51.694612192372674],[0.5245832654306991,51.694755755636336],[0.5233556579116575,51.69497513960008],[0.5221685484952449,51.69526823262502],[0.5210333650237738,51.695632213516646],[0.5199610362511751,51.69606357863879],[0.5189618867346475,51.69655817559032],[0.5180455375017504,51.69711124312278],[0.5172208134457941,51.697717456917424],[0.5164956583393665,51.69837098078349],[0.5158770582844077,51.699065522788004],[0.5153709743377993,51.699794395778966],[0.5149822849649776,51.700550581722254],[0.5147147388810266,51.701326799234934],[0.5145709187402234,51.70211557366651],[0.514552216031688,51.70290930905513],[0.5146588174318404,51.70370036126677],[0.5146979880485028,51.70383282072749],[0.5143726806097658,51.70374561029491],[0.5131556504652086,51.70350407267826],[0.5123693167287209,51.70339941833006],[0.5121156064940442,51.703237083869816],[0.5111400195377249,51.70272453573917],[0.5100882966209673,51.702273861664594],[0.508970563948076,51.70188940002429],[0.5077975822952081,51.70157485172654],[0.5077957178387611,51.70157448157506],[0.507376867252879,51.70130643749954],[0.5064013748228962,51.70079384857388],[0.5053497430088469,51.70034313069397],[0.5042320971389781,51.69995862265996],[0.5030591971548178,51.6996440258267],[0.5018423341253616,51.69940236852192],[0.5005932216845622,51.69923597693578],[0.499323883430897,51.6991464527608],[0.49804653736538573,51.69913465779546],[0.49677347847210246,51.699200705658654],[0.4955169605625379,51.69934396069454],[0.4943577820850868,51.699550786118344],[0.48646220381871946,51.70750636974745]]]}},{"type":"Feature","properties":{"db_school_name":"Meadgate Primary School","harvested_label":"Meadgate Primary School","urn":"140375","margin_m":335.4},"geometry":{"type":"Polygon","coordinates":[[[0.4809728401521986,51.7216062823874],[0.47861504302976393,51.72248264265244],[0.47991797700680455,51.723978045614324],[0.47957166664285056,51.72613320328055],[0.483846479428701,51.728564072844556],[0.4839466490266967,51.72856407840401],[0.4884104447764327,51.72907358122751],[0.4906055300923841,51.72964247635065],[0.49271529567463745,51.728131412369144],[0.5005583166827583,51.72704021666686],[0.505975470919713,51.72732752664921],[0.5099391285498392,51.7259048934385],[0.510432472419415,51.72583046477815],[0.5074565896727784,51.718312619380804],[0.5073073067159074,51.717290169749774],[0.5071609208349166,51.71708962507154],[0.5043751535213684,51.71650389183491],[0.5043182739020003,51.71647809817809],[0.5002860687942492,51.716447981761426],[0.49971490237650845,51.717238167998936],[0.4959006219572158,51.71928574113962],[0.49433425307623186,51.718720243151644],[0.4904910440939282,51.722892285579846],[0.4878012362455889,51.72192829988395],[0.4870088814480042,51.721105963885336],[0.4809728401521986,51.7216062823874]]]}},{"type":"Feature","properties":{"db_school_name":"Beehive Lane Community Primary School","harvested_label":"Beehive Lane Community Primary School","urn":"114996","margin_m":516.6},"geometry":{"type":"Polygon","coordinates":[[[0.4706298940189903,51.70545145149876],[0.466958475107691,51.70890567113543],[0.4667488408657287,51.70998132663206],[0.47336297695270546,51.71234899058448],[0.4723313402865937,51.713675635422845],[0.4774195834438404,51.71717127725385],[0.47974855344619743,51.716798008810294],[0.4818398873954076,51.71776686419908],[0.48721504711534547,51.71856233421121],[0.48945269048413964,51.71692397077875],[0.48993733966358516,51.716689952517484],[0.4907043712692089,51.710362999312274],[0.48646220381871946,51.70750636974745],[0.4943577820850868,51.699550786118344],[0.49435533553603084,51.69955122262772],[0.49414875896300564,51.69885148116342],[0.49379621348788727,51.69808848301726],[0.4933250291147037,51.69735062993191],[0.49273974828185596,51.69664502638599],[0.49204601125217906,51.69597846602967],[0.4912505016525768,51.69535736632364],[0.490360882008858,51.694787706807475],[0.48938571990033636,51.69427497158996],[0.48833440544736834,51.69382409661187],[0.48785661631418725,51.69365960760699],[0.4877843440230331,51.69350312389003],[0.48731330685881197,51.692765244229214],[0.48672818017915376,51.6920596081933],[0.4866010310826836,51.69193740679128],[0.4866032596512676,51.69193784977524],[0.4846174661546438,51.69099680491963],[0.4782694771097086,51.687478850268946],[0.478275929136217,51.687488962464236],[0.47766770705869716,51.687368000783295],[0.47641900755550604,51.68720134616024],[0.4751500457999036,51.687111555401536],[0.4738730361726811,51.68709949287105],[0.472600270422464,51.687165274762286],[0.4715175230071272,51.68728851777186],[0.4695851745646993,51.68765261207469],[0.4696256282034234,51.68764800837793],[0.4689290376613636,51.687819653177215],[0.46779359390685077,51.68818312283249],[0.4667209160153214,51.68861400646401],[0.46572133189577564,51.68910815630519],[0.46480446674956144,51.68966081541201],[0.46397915042600957,51.690266663398404],[0.4632533323887226,51.69091986759693],[0.46263400511132324,51.691614139154396],[0.46212713664218075,51.6923427935255],[0.4617376129911428,51.69309881478453],[0.46146919089840766,51.693874923138104],[0.46143024014548445,51.69408719277426],[0.4612384805092525,51.694181966538736],[0.4610585075443794,51.69422629274082],[0.45992283944774953,51.69458968883636],[0.4588499348431586,51.69502050308264],[0.4578501238203107,51.695514588381464],[0.4569330337634346,51.696067188410666],[0.4561074966859852,51.69667298335362],[0.4553814641761565,51.69732614105424],[0.45476193077223437,51.69802037310789],[0.4542548665074579,51.69874899535046],[0.4538651592776546,51.69950499216647],[0.4535965675919328,51.70028108399885],[0.45345168416821885,51.70106979741254],[0.45343191073222855,51.70186353703868],[0.45353744427147136,51.70265465870792],[0.4537301188342635,51.703309301717056],[0.4706298940189903,51.70545145149876]]]}},{"type":"Feature","properties":{"db_school_name":"Moulsham Infant School","harvested_label":"Moulsham Infant School","urn":"136855","margin_m":174.4},"geometry":{"type":"Polygon","coordinates":[[[0.47157752934307867,51.714234374636526],[0.470631991897608,51.718586264080315],[0.4688671397673904,51.71890743974747],[0.4674431342449587,51.717199519239315],[0.46515540607286293,51.7165515544887],[0.46140833090706973,51.71667579767689],[0.46215062537278484,51.7182465736155],[0.4549178231254764,51.72164640583897],[0.4550027368568263,51.72292524931248],[0.45636097282939303,51.723161122431854],[0.45696580126579345,51.723215860648],[0.46382528941140294,51.72180635922927],[0.46435625016928567,51.72143091819789],[0.46467577743381455,51.721087466500734],[0.4663111317242621,51.72078178712831],[0.4734455834818715,51.72309378046713],[0.47599844986187406,51.72189842487673],[0.47861504302976393,51.72248264265244],[0.4809728401521986,51.7216062823874],[0.4818398873954076,51.71776686419908],[0.47974855344619743,51.716798008810294],[0.4774195834438404,51.71717127725385],[0.4723313402865937,51.713675635422845],[0.4722544225676752,51.713699138509156],[0.47157752934307867,51.714234374636526]]]}},{"type":"Feature","properties":{"db_school_name":"Tany's Dell Primary School and Nursery","harvested_label":"Tany's Dell Primary School and Nursery","urn":"144665","margin_m":257.4},"geometry":{"type":"Polygon","coordinates":[[[0.10432771889052443,51.77707817011858],[0.10405824178695361,51.783547559518176],[0.10435733799986348,51.784393275057624],[0.10357696772769971,51.78510866599202],[0.10363018842896751,51.785146901931725],[0.1037556838283339,51.785287594350734],[0.10385743064279875,51.78541891354582],[0.10416365084652965,51.78561031001447],[0.10429401944356816,51.78570156051444],[0.10441709358611037,51.78579015471041],[0.10459690349934218,51.785947044885035],[0.10476113028829576,51.78620570971952],[0.10483007540563397,51.78628457532148],[0.10490323278105804,51.78636147703983],[0.10512023359284628,51.78653648923357],[0.1055506953547876,51.78681294843108],[0.10589367997581753,51.78701815613386],[0.10609849461908304,51.78711876918572],[0.1061726437630533,51.787155287981655],[0.10647811157086132,51.78726848022536],[0.10662036570711067,51.787365718173504],[0.10674896554213388,51.78748037174918],[0.10677958378364713,51.787513984363706],[0.10688124701689913,51.78767398028704],[0.10695731235475718,51.78774903013801],[0.10702333053506143,51.78779827997355],[0.10709502885052351,51.787843741948585],[0.10725974240077363,51.78792259703714],[0.10729361464062924,51.78793367727124],[0.1078913970361777,51.788128916464004],[0.10794966791848887,51.78813506365259],[0.10815821591450497,51.78819245417136],[0.10828267222461253,51.78821809047096],[0.10840089707819732,51.788235747911486],[0.10853344411813652,51.78824775465309],[0.1087326055319468,51.788257666070486],[0.1089561653546786,51.78826264497971],[0.10933014709870355,51.788260429827304],[0.10952939949064548,51.7882748335861],[0.11022826122125197,51.788335197363374],[0.11112657695849994,51.78844492515965],[0.11163317798093479,51.788517633314214],[0.11242410190768769,51.78865723884362],[0.11281623378992342,51.78870053443507],[0.11315912229607594,51.78871594625687],[0.11337641009387023,51.788712039774055],[0.1135610841735884,51.788690739811656],[0.1139299817281567,51.7886103887134],[0.1140438723236964,51.788596653855976],[0.11421591046843219,51.7885863674599],[0.11441604511760313,51.78858636365389],[0.11451914765734603,51.788589902654195],[0.11477106551173402,51.78861324002702],[0.11534782804575482,51.78869815408458],[0.11560534413515992,51.788746559703725],[0.11571981944303984,51.78877596388274],[0.11592732541426816,51.78884145085499],[0.1163042476149621,51.78899387666411],[0.11647909969378192,51.78907433400427],[0.11677824328088884,51.789238046844495],[0.11717210286983326,51.78944311515826],[0.11748811699587414,51.78953550174304],[0.11764780667645604,51.78957038247246],[0.11779320992982299,51.78960911646527],[0.11792425004878639,51.78965260440223],[0.11805739062523886,51.78970774004178],[0.11819981091571972,51.78977718256592],[0.11831900974162743,51.789846055130354],[0.1183700713655358,51.7898819932024],[0.11849680781154491,51.78998668877908],[0.11854302981045416,51.79001372424259],[0.11861103389267476,51.79004126634241],[0.11868013561475986,51.79006159645321],[0.11879715085127426,51.790083849642066],[0.11885824929142835,51.790089041231454],[0.12022672583996317,51.79011201193569],[0.12037722792060083,51.79013446885621],[0.12043301482945666,51.79014874520132],[0.12049343904026279,51.790170130032436],[0.12059439433165679,51.790219551409066],[0.12068915770720676,51.79029245760743],[0.12103287654473495,51.79069727334143],[0.12119210686647466,51.79081396556931],[0.12122345445410813,51.79083227864713],[0.12155410972502736,51.79098911789956],[0.12182158780449877,51.791093966510424],[0.12188243555883685,51.79112433275266],[0.12192268077508461,51.79114877795419],[0.1219619899655347,51.791181331453494],[0.12201673072980665,51.791236979560566],[0.12206477352748969,51.7913027274916],[0.12230156255294586,51.79183613679408],[0.12249254265334611,51.79216540497975],[0.12262908451657001,51.792386876826704],[0.12268626665125135,51.79246135930817],[0.12275631364340202,51.79253480012053],[0.12310172756076289,51.792756006365806],[0.12331794579384134,51.792881645393194],[0.12339771609929076,51.792943133671145],[0.12342658615385908,51.79297227827838],[0.12346202589599199,51.79301658778232],[0.12354420802880613,51.7931599303068],[0.12360718202286165,51.79336016615847],[0.12365863817621339,51.79346540690774],[0.12370192319270151,51.79352395804249],[0.12377529324002458,51.79360444046535],[0.12385405305737245,51.79367493645651],[0.12392299590052615,51.79372223657644],[0.12417710677723905,51.79385258306503],[0.12426535439657509,51.79391122073707],[0.12446877449495772,51.79407214875752],[0.12465246759267269,51.794184798178215],[0.1247565136400319,51.794238655506945],[0.12483633570609412,51.79427317170899],[0.1251932229035959,51.79436659749895],[0.12532538197037027,51.7944334302613],[0.12540654860232348,51.794493993605926],[0.1254332714852176,51.79453845923546],[0.12543917239480876,51.794600383420104],[0.1253981537464219,51.79474774981063],[0.1253545506981713,51.79486810370272],[0.1253536683164399,51.794910371620546],[0.12536930926014583,51.79496582677919],[0.12539949554301427,51.79502290556384],[0.125445348338086,51.795072419880775],[0.12550536078027894,51.79511538522951],[0.1255824784699518,51.795150849079825],[0.12566777661049647,51.79517717609225],[0.12575837954277783,51.79519171871546],[0.12584695802866241,51.79519371293476],[0.12592917411961072,51.795185034799346],[0.12604129961885613,51.795161430427235],[0.12613856024658407,51.79513449962402],[0.12639404129476137,51.79501660674434],[0.12648269870422818,51.794989831276936],[0.12661463336490145,51.79495777748698],[0.12672245965056475,51.794936858048295],[0.1269849480691071,51.79490693711855],[0.127103524642388,51.79489849858156],[0.1271252682262322,51.794898105123856],[0.12720356335785094,51.79489758755906],[0.1273082846016985,51.79490468222886],[0.12737832328065482,51.79491420207436],[0.12746042039530195,51.79493348347519],[0.1276222461469423,51.79498269558251],[0.12791290249394036,51.79511677802853],[0.12809256461168705,51.79520702025031],[0.12814115629204648,51.79522322173529],[0.12817056913283062,51.79523077975809],[0.12872977869708507,51.795250411291946],[0.1287707807728881,51.795257759294536],[0.1288815725734057,51.79529980334657],[0.12892039077576406,51.79532427203069],[0.1289901015200962,51.79538773634862],[0.12907232249342587,51.79581065994466],[0.129128804540591,51.795869959270206],[0.12914073235020998,51.79587693540002],[0.12938017864548074,51.79588068871511],[0.1295812277270878,51.7958689561229],[0.12985800350477913,51.795863042424095],[0.13016961846834987,51.7959823552675],[0.13027307744208427,51.795993066273404],[0.13047375365915734,51.79600381377731],[0.13057961457883485,51.79600459196922],[0.13082765477528482,51.79600548973701],[0.13114087929860396,51.795973741507794],[0.13196942850637355,51.79589039357054],[0.13242555248954707,51.795846161099405],[0.13276051856666282,51.7958140132328],[0.1331593314852519,51.79566015189387],[0.13328101523923955,51.79559591272753],[0.13339262886952627,51.79553365558517],[0.13347025351243696,51.795425177046496],[0.13369800761896652,51.79536620445394],[0.13393897662273754,51.79540228471818],[0.1341221738696097,51.795318949326216],[0.13428191287880337,51.79526300887727],[0.13439620577379624,51.795287902999384],[0.134526837465392,51.7952891270971],[0.13458705365795617,51.79527544778988],[0.1347797427598686,51.79521081689034],[0.13498930754087596,51.79534905146014],[0.13516870337610815,51.79537006555296],[0.13519259129032593,51.79523028881737],[0.1353642163809373,51.79508683836464],[0.13562091072348226,51.79511912425258],[0.13583039816437592,51.795040611387535],[0.13605682848846992,51.79519660710695],[0.1366833865276139,51.79535333155396],[0.13714925484725116,51.79548249785575],[0.13750582128442665,51.79555188072913],[0.13572098890935066,51.792062315639555],[0.13024182406351914,51.78820830845193],[0.12598139519933807,51.78724597621068],[0.12731849422070848,51.784401132946755],[0.12704858268843533,51.782573525995595],[0.12809889980583686,51.78145760355186],[0.1298426174980014,51.77911093401938],[0.12591446176040408,51.778290227361495],[0.12316255135018407,51.776080720099124],[0.119814963845052,51.776099577660794],[0.11878919682984772,51.777802255656695],[0.11401378578484359,51.77758899993006],[0.11386147251946122,51.777420996194266],[0.11155230940233347,51.77657597661661],[0.10631603576425744,51.77718172907314],[0.10502793196469459,51.77709077394385],[0.10432771889052443,51.77707817011858]]]}},{"type":"Feature","properties":{"db_school_name":"Great Easton Church of England Voluntary Aided Primary School","harvested_label":"Great Easton Church of England (Voluntary Aided) Primary School","urn":"115177","margin_m":669.8},"geometry":{"type":"Polygon","coordinates":[[[0.3105724245098862,51.88536249111369],[0.309318780625762,51.885194123853076],[0.308044511024835,51.885102593636674],[0.3067618811398441,51.88508878156224],[0.3054832367706657,51.88515282065677],[0.3042208854419935,51.88529409459522],[0.3029869781255045,51.88551124362016],[0.30179339245597037,51.8858021776069],[0.30065161855696587,51.88616409614888],[0.2995726485674979,51.88659351547134],[0.2985668709264585,51.88708630191698],[0.2976439704274596,51.88763771168274],[0.29681283500266475,51.88824243642858],[0.29608147013128094,51.888894654321334],[0.2954569216968295,51.88958808602553],[0.294945208037858,51.890316055104506],[0.2945512618500667,51.891071552253294],[0.29427888250464374,51.89184730274683],[0.2941306992488018,51.89263583645631],[0.29410814565096344,51.89342955976078],[0.2942114455456436,51.89422082866299],[0.2944396106229849,51.89500202240531],[0.2947904496959347,51.89576561687749],[0.29526058956546486,51.89650425710812],[0.2958455072920034,51.8972108281407],[0.2965395735705442,51.897878523610245],[0.2973361067987643,51.89850091135757],[0.29822743732303547,51.899071995447],[0.2992049812475316,51.89958627398753],[0.3002593230976749,51.900038792197314],[0.30138030654202536,51.90042519019784],[0.3025571322971412,51.90074174507432],[0.3037784622689417,51.90098540679432],[0.30503252892231975,51.901153827636534],[0.3063072488188752,51.90124538484396],[0.3075903392212571,51.90125919628161],[0.30802077873247524,51.901237638030565],[0.30814429152816863,51.90143156396841],[0.3087294759333597,51.90213806716283],[0.30942380920873797,51.902805682856965],[0.3102206071786053,51.90342797965908],[0.3111121976371343,51.90399896250875],[0.31208999418215805,51.904513130489576],[0.31314457890286646,51.90496552988429],[0.31416401158626767,51.90531673769007],[0.31455360675126065,51.90592821963101],[0.31513895146416765,51.90663468851224],[0.3158334501097598,51.90730226390696],[0.31663041691902677,51.907924514811064],[0.3175221780590071,51.90849544660568],[0.3185001454822827,51.90900955886577],[0.3195548996305843,51.909461898410434],[0.32067628019620914,51.90984810708185],[0.3218534840653873,51.91016446378887],[0.32224982590991097,51.91024344820467],[0.3214293347355455,51.910570041772544],[0.32042327481287874,51.91106301686376],[0.31950016513728124,51.91161459876528],[0.31866889566042506,51.912219477481116],[0.3179374731592571,51.91287182969669],[0.31731294408051897,51.913565374783815],[0.3168013265857173,51.91429343521437],[0.3164075524545958,51.915049000803506],[0.3161354194118983,51.91582479616646],[0.3159875543433663,51.91661335074124],[0.31596538776324234,51.91740707070442],[0.31606913978819934,51.91819831208897],[0.3162978177623008,51.91897945440009],[0.3166492255657329,51.91974297402036],[0.31711998452726003,51.9204815166966],[0.31770556574817227,51.92118796840922],[0.31840033353466607,51.9218555239398],[0.31919759952744514,51.92247775247439],[0.32008968701285323,51.92304865960851],[0.32106800480008624,51.923562745153546],[0.3221231299550885,51.92401505618487],[0.3232448985945417,51.924401234818305],[0.3244225038637695,51.92471756025123],[0.3256446001513752,51.92496098466098],[0.3268994125316433,51.92512916261229],[0.3281748503738493,51.92522047368838],[0.32945862401628473,51.925234038126156],[0.3307383633723206,51.925169725303704],[0.3320017373166535,51.925028154997875],[0.3332365726921323,51.92481069139961],[0.33443097178141284,51.92451942994575],[0.3355734271029494,51.92415717709485],[0.33665293241754624,51.92372742324342],[0.3376590888693598,51.923234309046194],[0.3385822052335913,51.92268258546659],[0.3394133913015292,51.92207756794524],[0.34014464350158835,51.92142508513091],[0.3407689219316044,51.92073142267064],[0.3412802180623598,51.9200032626031],[0.34167361246395533,51.91924761894221],[0.3419453220044338,51.91847177007288],[0.3420927360730098,51.917683188613424],[0.34211444148711007,51.91688946942037],[0.3420786544044061,51.91661774864864],[0.34275838143902654,51.916800241420816],[0.34398035437284846,51.91704347707986],[0.3452350072170714,51.91721146153756],[0.3465102508784434,51.91730257624238],[0.3477937975673696,51.91731594332411],[0.34907327938588323,51.91725143406321],[0.35033636769268767,51.91710967012982],[0.35157089208592046,51.91689201758101],[0.35276495784810213,51.91660057367444],[0.3539070607130469,51.916238146626505],[0.3549861978412422,51.915808228511864],[0.3559919739279162,51.91531496156737],[0.3569147014163177,51.9147630982272],[0.35774549384725474,51.91415795527746],[0.35847635144384166,51.91350536257397],[0.35910023810711683,51.912811606820895],[0.35961114908282277,51.91208337095409],[0.3600041686513364,51.91132766971573],[0.36027551729053997,51.91055178204366],[0.36042258786426706,51.909763180928046],[0.3604439704959355,51.908969461412966],[0.36033946589682,51.90817826743733],[0.3601100870302335,51.907397218220034],[0.35975804910534803,51.906633834898706],[0.3592867480067051,51.90589546812754],[0.3587007273762035,51.90518922733046],[0.35800563467280183,51.90452191228936],[0.3572081666401089,51.90389994772387],[0.35631600471255204,51.9033293214904],[0.3553377409860592,51.90281552699279],[0.35428279546820957,51.902363510356075],[0.3531613254048858,51.90197762286931],[0.3519841275548808,51.90166157915237],[0.3507625343499634,51.901418421447005],[0.34950830493510865,51.90125049037331],[0.3482335121314135,51.90115940243126],[0.346950426402262,51.90114603446262],[0.3456713979311953,51.90121051522102],[0.3444087379376166,51.901352224131635],[0.3431746003635513,51.90156979725188],[0.3419808650612322,51.90186114037653],[0.3415520183785121,51.901997216333285],[0.34150609564716217,51.90164836008465],[0.34127707935291873,51.90086726894367],[0.3409254136785144,51.90010382395157],[0.34045449092382013,51.8993653763581],[0.3398688510883803,51.89865903636717],[0.3391741379661396,51.89799160471727],[0.33837704464824,51.897369507252186],[0.33748524896425064,51.896798733109094],[0.3365073394874129,51.89628477711673],[0.33545273281855026,51.89583258695566],[0.33433158294534004,51.89544651558587],[0.33315468354810435,51.89513027939762],[0.3320672314446952,51.89491359727784],[0.33197393994736796,51.89476724012942],[0.3313884939400872,51.89406085505264],[0.33069397807256223,51.89339337043557],[0.32989708353740826,51.89277121263276],[0.32900548625140263,51.89220037136288],[0.32802777287909246,51.89168634210157],[0.3269733581350077,51.89123407323518],[0.3258523941610119,51.89084791848167],[0.3246756728497723,51.89053159503428],[0.3234545220513874,51.890288147827555],[0.32220069665744844,51.890119920268084],[0.3209262656046435,51.890028531709305],[0.3196434958780717,51.89001486188577],[0.3192131704000971,51.89003646133773],[0.3190896431109546,51.88984254687559],[0.31850446368277446,51.88913609389375],[0.3178102146695763,51.88846852944572],[0.3170135846960767,51.88784628065564],[0.3161222471337718,51.887275338119096],[0.31514478614895836,51.886761198287346],[0.3140906140288912,51.88630881061173],[0.3129698805823794,51.88592252995433],[0.3117933754855908,51.88560607472058],[0.3105724245098862,51.88536249111369]]]}},{"type":"Feature","properties":{"db_school_name":"Great Waltham Church of England Voluntary Controlled Primary School","harvested_label":"Great Waltham Church of England (Voluntary Controlled) Primary School","urn":"115114","margin_m":556.4},"geometry":{"type":"Polygon","coordinates":[[[0.4776133010004449,51.810466047788395],[0.47760861281034206,51.81047277447557],[0.4773495434107495,51.81006790045726],[0.4767629893704669,51.80936224548892],[0.4760676977086541,51.80869562198371],[0.4752703670446178,51.80807444800349],[0.474378677454659,51.807504703795466],[0.4734012164571807,51.80699187427588],[0.47260155827673495,51.80664966556292],[0.47275402851932447,51.80643092153679],[0.47314427909047096,51.80567486667836],[0.47341309865271497,51.804898739059915],[0.4735579043997451,51.80411001396984],[0.47357730823250843,51.80331628763441],[0.47347112987906603,51.80252520404769],[0.47324039837716775,51.8017443813567],[0.4728873419149948,51.80098133851064],[0.47241536613749835,51.80024342288025],[0.4718290211362645,51.7995377395426],[0.47113395744893505,51.79887108291136],[0.4703368714988858,51.79824987136828],[0.4700614591125302,51.79807383517055],[0.4702537802731412,51.79790111609877],[0.4708743898589183,51.797206798296735],[0.47138223442908045,51.796478104500984],[0.4717724277833864,51.79572205385067],[0.4718420226570517,51.79552110253846],[0.4718480576943438,51.79552230002735],[0.4680575612630355,51.79153315710487],[0.4630849860678748,51.78924249906213],[0.4582666088327481,51.785821850335765],[0.4521624975987947,51.785909500701074],[0.4459652034318159,51.7743860425922],[0.4448851232133242,51.77424189543862],[0.4436137653633173,51.774151795869805],[0.4423342949857871,51.77413942217273],[0.4410590274947548,51.77420489353467],[0.4398002379412777,51.77434757984769],[0.4385700430465263,51.774566107761075],[0.43738028474577956,51.774858373876754],[0.4362424163558924,51.77522156496233],[0.4351673924543678,51.7756521849882],[0.4341655635235968,51.77614608873118],[0.43324657636944935,51.77669852162276],[0.4324192812693991,51.77730416546184],[0.4316916467423735,51.77795718955372],[0.4310706827610534,51.77865130678672],[0.43056237314786405,51.77937983410865],[0.4301716178093543,51.78013575682399],[0.429902185370548,51.780911796094415],[0.4297566766722206,51.781700478995454],[0.4297364994906474,51.78249421045556],[0.42984185473222253,51.7832853463863],[0.43007173424540085,51.784066267299934],[0.43042393028080017,51.78482945170511],[0.4308950565178943,51.78556754857344],[0.4314805804648552,51.78627344817805],[0.43217486692769846,51.786940350619716],[0.4329712321370641,51.78756183137897],[0.4338620080168881,51.78813190326024],[0.4348386159798769,51.78864507412843],[0.4358916495411008,51.78909639987935],[0.4370109649542393,51.78948153213063],[0.43763862482488836,51.78964994888776],[0.4374872668562376,51.78974091889549],[0.4366597966741388,51.790346593703966],[0.4359320206007017,51.79099964464268],[0.43531094997454195,51.791693784342115],[0.43480256964867736,51.79242232953437],[0.434411780214845,51.793178265352196],[0.4341423506310915,51.79395431283135],[0.43399688171567036,51.79474299896834],[0.4339767808668036,51.79553672866029],[0.43408224826075587,51.79632785783545],[0.4343122746706166,51.79710876707064],[0.43466465093657247,51.797871934986205],[0.43513598900601785,51.79861001071183],[0.43572175434994526,51.799315884723256],[0.43641630945159243,51.79998275736677],[0.4372129679555194,51.80060420440888],[0.4381040589611407,51.801174238977666],[0.43908100084540397,51.80168736929645],[0.4401343839056495,51.80213865165068],[0.44125406102692044,51.80252373807515],[0.4424292454987211,51.80283891829914],[0.44364861503559444,51.80308115554288],[0.4449004209944068,51.80324811581811],[0.44617260172967854,51.80333819044847],[0.4474528989872363,51.80335051159096],[0.44750938963851067,51.803347610011734],[0.44749651120260847,51.803862258581],[0.44760223931417775,51.80465337128329],[0.44783254580919635,51.80543424947058],[0.4481852188322585,51.806197372060964],[0.44865686747376116,51.80693538861921],[0.4492429542137722,51.80764119018962],[0.44993783843948376,51.80830797781492],[0.4507348306241307,51.80892932807934],[0.45162625665113604,51.80949925504211],[0.4526035316678505,51.81001226796225],[0.4534031032716042,51.810354613759316],[0.45325052583940034,51.810573333925845],[0.45285990039319823,51.81132932698724],[0.4525906914254973,51.81210541186325],[0.4524454976379984,51.81289411518919],[0.4524257237870006,51.81368784169535],[0.4525315669066092,51.81447894733904],[0.4527620141575108,51.81525981292178],[0.45311485233180376,51.816022917482364],[0.45358668893191617,51.816760910758454],[0.4541729846296543,51.81746668401775],[0.45486809680100637,51.8181334385748],[0.4556653337243856,51.81875475133147],[0.4565570189258933,51.81932463670746],[0.45753456505577533,51.819837604361496],[0.4585885565866003,51.820288712144595],[0.45970884053687955,51.82067361377213],[0.46088462434457367,51.82098860075285],[0.46210457994431514,51.82123063816824],[0.463356953040661,51.82139739395508],[0.464629676518172,51.8214872614073],[0.4659104868880631,51.82149937467852],[0.4671870426409779,51.82143361713493],[0.468447043356499,51.82129062247775],[0.46967834841254186,51.82107176862409],[0.4708690941417922,51.82077916440609],[0.47200780829780853,51.82041562921753],[0.47308352072026916,51.819984665805485],[0.47408586912662,51.819490426471454],[0.4750051990057816,51.81893767300973],[0.4758326566480849,51.81833173077192],[0.4765602744135214,51.8176784373027],[0.47718104741705303,51.816984086044485],[0.4772486096941184,51.81688716127646],[0.4776133010004449,51.810466047788395]]]}},{"type":"Feature","properties":{"db_school_name":"Little Waltham Church of England Voluntary Aided Primary School","harvested_label":"Little Waltham Church of England (Voluntary Aided) Primary School","urn":"115175","margin_m":518.3},"geometry":{"type":"Polygon","coordinates":[[[0.49335023205984646,51.766217058099635],[0.48464224965962666,51.76577347877925],[0.4824588644553056,51.7702113145588],[0.48264273154170517,51.7720473737834],[0.48090237068412056,51.77218975252811],[0.4740614747624362,51.773932403471576],[0.46831965342672793,51.780300090820404],[0.4676087828465197,51.78024377902262],[0.46415470728004193,51.78119396205797],[0.4582666088327481,51.785821850335765],[0.4630849860678748,51.78924249906213],[0.4680575612630355,51.79153315710487],[0.4718480576943438,51.79552230002735],[0.4719720585686751,51.79554690454254],[0.4732237492240079,51.795713564658335],[0.4744957633050134,51.79580333480624],[0.47577584416389884,51.795815350078236],[0.47705165732669325,51.79574949478532],[0.47831090953461325,51.795606403570574],[0.47954146738411263,51.795387455281265],[0.4807314744134006,51.79509475965869],[0.48186946549879967,51.7947311369763],[0.48294447745105196,51.79430009082274],[0.48394615473955116,51.793805774295],[0.4848648493207889,51.79325294992915],[0.4856917136058356,51.79264694375782],[0.48641878566955715,51.79199359393935],[0.48703906588085855,51.79129919445677],[0.4875465842178441,51.79057043443156],[0.48793645762324633,51.78981433363933],[0.4882049368531414,51.78903817485115],[0.48834944237462485,51.78824943365395],[0.4883685889747831,51.78745570642748],[0.48826219885295447,51.78666463717309],[0.48803130307973797,51.785883843898574],[0.4876781314184113,51.78512084526908],[0.48720609061636394,51.78438298822892],[0.486619731384618,51.7836773772908],[0.4859247043915403,51.78301080617129],[0.48512770570150837,51.78238969242914],[0.48423641218939845,51.78182001573309],[0.48379600017977886,51.78158887946609],[0.48435090216862736,51.7811821068772],[0.48507781512578446,51.78052876635828],[0.48569796485750955,51.77983437451367],[0.48620538259584606,51.77910562039061],[0.4865951862490658,51.77834952370736],[0.4868636272412116,51.77757336719509],[0.4869572694942219,51.77706222895069],[0.4872492199549449,51.77724884023471],[0.48822617942643964,51.77776156332003],[0.4892794723569132,51.77821240766404],[0.49039895249195625,51.77859702952304],[0.4915738350133505,51.77891172310424],[0.4927928005416006,51.77915345631883],[0.49404410432531365,51.77931990003736],[0.4953156895590142,51.77940945056293],[0.49625843936737113,51.779418141489444],[0.4965110068470062,51.77957952972406],[0.4967824971623974,51.77972196952243],[0.495784640769025,51.78021472651334],[0.4948663422373149,51.78076763212278],[0.4940398150574734,51.7813736994909],[0.49331302036756525,51.78202709384348],[0.4926929600663117,51.78272152450125],[0.4921856092862984,51.78345030539082],[0.4917958587115371,51.78420641937102],[0.49152746730019553,51.78498258575715],[0.4913830258745949,51.78577133039554],[0.4913639319371734,51.78656505761472],[0.4914703759638623,51.78735612336153],[0.4917013393164183,51.78813690881862],[0.4920546038035544,51.78889989379384],[0.4925267728083479,51.78963772917463],[0.49311330378749557,51.790343307748124],[0.49380855183760863,51.79100983270338],[0.49460582391592645,51.791630883153864],[0.4954974431987897,51.79220047604664],[0.49647482296189394,51.79271312385909],[0.4975285492728076,51.79316388752509],[0.49864847169950666,51.793548424077194],[0.49982380115951214,51.79386302854358],[0.5010432139636859,51.79410466969348],[0.5022949610473061,51.79427101928394],[0.503566981329663,51.79436047452488],[0.5048470181023424,51.794372173543564],[0.5061227373164014,51.794306003699305],[0.5073818466196326,51.794162602667086],[0.5086122139877974,51.79394335228024],[0.5098019847977594,51.79365036519164],[0.5109396962059629,51.7932864644835],[0.5120143877225839,51.79285515642343],[0.5130157069095332,51.7923605966317],[0.5139340091788673,51.79180754998754],[0.5147604507267325,51.79120134466421],[0.5154870737058552,51.790547820737416],[0.5161068828162644,51.789853273865866],[0.5164426843747417,51.789370546040786],[0.5164433517306781,51.78937198554513],[0.5168395155945044,51.783885282590894],[0.5167419555398742,51.78367481844456],[0.5162694602314712,51.782937084129614],[0.5156826718460004,51.7822316238744],[0.5149872451788323,51.78156522994299],[0.5141898801368799,51.78094431818674],[0.5132982571163486,51.78037486632865],[0.5130267120851828,51.78023246545314],[0.5140243758456533,51.779739564519275],[0.5149424144156814,51.77918651247995],[0.5157686172777578,51.77858030212428],[0.5164950288826382,51.777926773575516],[0.5171146559644368,51.77723222253602],[0.5176215347942991,51.77650333958447],[0.5180107884751152,51.775747145677734],[0.5182786737308583,51.77497092448078],[0.518422616746795,51.77418215217861],[0.5184412377234777,51.77338842544772],[0.5183343639170067,51.77259738828186],[0.518103031049554,51.77181665837735],[0.5177494730862284,51.771053753786845],[0.5172771004863406,51.770316020547305],[0.5166904671474911,51.76961056197788],[0.5159952263689468,51.76894417032708],[0.5158570184912431,51.768836520345715],[0.5084369109574284,51.76870995448824],[0.5058174553517625,51.769042304002035],[0.5012358644217795,51.76694485520731],[0.495239428310361,51.76800741016687],[0.49394807262789686,51.766558500421056],[0.49335023205984646,51.766217058099635]]]}},{"type":"Feature","properties":{"db_school_name":"Great Leighs Primary School","harvested_label":"Great Leighs Primary School","urn":"114852","margin_m":766.0},"geometry":{"type":"Polygon","coordinates":[[[0.5323751918078446,51.8262536915213],[0.5323741159182585,51.82625433933843],[0.5314489886330449,51.82593727877389],[0.5302726069196697,51.825623006284204],[0.5290521909344752,51.82538168308362],[0.5277994884851039,51.82521563214146],[0.5265265576971215,51.82512645186813],[0.5252456511213158,51.82511500075047],[0.5239690979833307,51.825181389098155],[0.5227091857001069,51.825324977980166],[0.5218733698217211,51.8254739339056],[0.5218811310921359,51.82514184912186],[0.5217740432598063,51.824350823850864],[0.5215423550287589,51.82357011128911],[0.5211883038045135,51.822807229320595],[0.5207153048128924,51.82206952376217],[0.5201279179975851,51.821364097663576],[0.5194318039247662,51.82069774295733],[0.5186336691263763,51.82007687511431],[0.5177412014138667,51.81950747143174],[0.5167629957891633,51.81899501354549],[0.5157084716683292,51.81854443471694],[0.5145877822151331,51.81816007239929],[0.5134117166558905,51.81784562653736],[0.5121915965126325,51.81760412399928],[0.5109391667486007,51.81743788948053],[0.5096664828675641,51.81734852315829],[0.5083857950462077,51.81733688530979],[0.5071094304064769,51.8174030880415],[0.5058496745521709,51.817546494208464],[0.5046186535009054,51.81776572353399],[0.5034282171389495,51.81805866587175],[0.5022898253123217,51.81842250148341],[0.5012144376430187,51.81885372813819],[0.5002124081245458,51.819348194775934],[0.49929338550638785,51.81990114141161],[0.4984662204229602,51.82050724489966],[0.49773888015943635,51.82116067012077],[0.4971183718752214,51.82185512610095],[0.4966106750262398,51.82258392652514],[0.4962206836405226,51.82334005406578],[0.49595215900829837,51.824116227908995],[0.4958076932490395,51.824904973830066],[0.4957886841143833,51.825698696145366],[0.49589532127854735,51.82648975084876],[0.4961265842577964,51.82727051922831],[0.4964802519887952,51.82803348125495],[0.49695292398315183,51.8287712880353],[0.4975400528635006,51.82947683262966],[0.49801619898861815,51.829932832784515],[0.4975315483160189,51.82980320817007],[0.4963111820221797,51.82956154434876],[0.4950584716052781,51.82939514449684],[0.4937854752692056,51.829305610382065],[0.4925044461960651,51.829293803896014],[0.49122771478971705,51.829359838767765],[0.4899675701809338,51.82950307946764],[0.48873614212560457,51.829722147311486],[0.48754528442377376,51.830014933707396],[0.4864064609732871,51.83037862041835],[0.48533063554721473,51.83080970664754],[0.4843281663496254,51.831304042687385],[0.48340870635971095,51.83185686981111],[0.4825811104201861,51.83246286602498],[0.48185334996272716,51.83311619724389],[0.48123243619162476,51.833810573400484],[0.48072435246719275,51.83453930895002],[0.4803339965437727,51.8352953871913],[0.480065133223924,51.83607152778693],[0.47992035789158205,51.83686025683406],[0.479901071283434,51.83765397881319],[0.4800074657504468,51.83844504972284],[0.4802385231513817,51.83922585069634],[0.4805920244083866,51.83998886139168],[0.48106457064220387,51.840726732447564],[0.481651615692524,51.84143235630572],[0.4823475097185038,51.84209893571663],[0.4831455534665175,51.842720049266376],[0.484038062688046,51.843289713290844],[0.4850164420911805,51.843802439578745],[0.4860712681155351,51.844253288304294],[0.48719237973353413,51.844637915677],[0.4883689764017747,51.84495261584666],[0.48958972221551433,51.84519435665737],[0.4908428552578486,51.84536080890344],[0.4921163010836246,51.8454503688036],[0.49339778923709987,51.84546217347538],[0.4946749716722129,51.84539610925941],[0.4959355419254035,51.84525281281305],[0.4971673538835088,51.84503366496278],[0.4983585389933114,51.844740777375094],[0.49949762077486126,51.844376972175716],[0.5005736255275738,51.843945754714966],[0.5015761881559578,51.84345127974355],[0.5024956520903301,51.84289831132731],[0.5033231623363961,51.84229217688979],[0.504050750755634,51.84163871582791],[0.5046714127550873,51.84094422319884],[0.5051791746498852,51.840215389023314],[0.5055691510534188,51.83945923379262],[0.5057137476161566,51.839041137831984],[0.5059390894759517,51.83913740608912],[0.5063145793481327,51.83926616240943],[0.5064374252268142,51.839413703776344],[0.5071336483241677,51.84008013223588],[0.5079319909224937,51.84070107366973],[0.5088247658892607,51.84127054607101],[0.5098033753673896,51.84178306307397],[0.5108583935750948,51.84223368686891],[0.511979657628784,51.84261807583252],[0.5131563655124961,51.84293252641192],[0.5143771802467446,51.8431740088566],[0.5156303392481801,51.84334019645098],[0.5169037678200369,51.843429487964634],[0.5181851956722691,51.843441023102066],[0.5194622753402456,51.84337469080193],[0.5207227013519478,51.84323113030553],[0.521954328986237,51.843011724984294],[0.5231452914688951,51.842718588986166],[0.5242841144686622,51.84235454683075],[0.525359826782453,51.841923106151434],[0.5263620661368443,51.841428423849464],[0.5266466041683994,51.84125718000466],[0.527427590988794,51.84121655865249],[0.5286879286129731,51.84107291384011],[0.529919456033938,51.84085342629026],[0.531110307444304,51.840560210943295],[0.5322490095844117,51.84019609308338],[0.5333245924171524,51.83976458107332],[0.5343266949181391,51.83926983250141],[0.5344563448495202,51.839191784701335],[0.5323751918078446,51.8262536915213]]]}},{"type":"Feature","properties":{"db_school_name":"Terling Church of England Voluntary Aided Primary School","harvested_label":"Terling Church of England (Voluntary Aided) Primary School","urn":"115166","margin_m":906.0},"geometry":{"type":"Polygon","coordinates":[[[0.5743901786457039,51.794333489775454],[0.5731381917173175,51.79416791186784],[0.5718660659127023,51.79407921157401],[0.5705860460396166,51.794068242762876],[0.5693104527960176,51.79413511110334],[0.5680515643681854,51.794279173045545],[0.566821498433683,51.79449904200195],[0.5656320956959799,51.79479260167008],[0.5644948060633961,51.79515702636917],[0.563420578560389,51.79558880819709],[0.5624197560244879,51.796083790747744],[0.5615019755975482,51.79663720906707],[0.5612147410473683,51.79684815162166],[0.560228180985018,51.79677926746265],[0.5589480829649937,51.79676817286752],[0.5576723919712808,51.79683491609536],[0.5564133871300253,51.79697885480016],[0.5551831872379318,51.79719860358034],[0.5539936342861851,51.797492047290014],[0.5528561796270819,51.797856361364495],[0.5517817738715194,51.79828803896666],[0.5507807615707544,51.79878292469389],[0.54986278169127,51.79933625452457],[0.5490366748374282,51.7999427016213],[0.5483103981134293,51.800596427553415],[0.547690948444425,51.80129113844774],[0.5471842950970712,51.802020145530534],[0.5467953220530047,51.80277642947979],[0.5465277807955715,51.803552707970596],[0.5463842539713111,51.804341505765635],[0.5463661302841987,51.80513522667696],[0.5464735908733921,51.80592622670726],[0.5467056073151955,51.806706887666905],[0.5467444972882842,51.80679060820769],[0.5460354714518706,51.80687158704121],[0.5448049494758784,51.807091231124815],[0.5436150670972105,51.807384573717755],[0.5424772788363015,51.807748791229066],[0.5414025385126476,51.80818037775155],[0.5404011938958303,51.808675178760055],[0.5394828871495286,51.80922843104933],[0.5386564620235047,51.809834808529516],[0.5379298786853669,51.81048847344118],[0.5373101370122498,51.81118313249991],[0.5368032090829712,51.8119120974323],[0.536413981524419,51.81266834932336],[0.5361462082727845,51.81344460615818],[0.5360024742113438,51.81423339290915],[0.5359841700430726,51.81502711349574],[0.5360914786490129,51.81581812392474],[0.5363233730733247,51.81659880590721],[0.5366776261641797,51.817361640242986],[0.5371508317872287,51.818099279265795],[0.5377384374163815,51.81880461764947],[0.5384347877962294,51.819470860892245],[0.539233179262547,51.82009159081714],[0.5401259242032685,51.820660827455114],[0.5411044250429502,51.821173086712434],[0.5421592570401876,51.82162343326359],[0.5432802591007255,51.82200752815773],[0.5444566317298137,51.82232167067684],[0.5456770411768438,51.82256283404028],[0.5469297287639131,51.822728694608585],[0.5482026243385656,51.82281765430403],[0.5494834627499992,51.82282885602976],[0.5507599022180284,51.82276219193826],[0.5520196434452403,51.822618304468726],[0.5532505483154421,51.8223985801436],[0.5544407570257052,51.822105136184575],[0.5555788025148558,51.82174080007807],[0.5566537210782594,51.821309082288806],[0.5576551580966849,51.82081414238645],[0.5585734678555135,51.82026074891388],[0.5593998064892146,51.819654233386544],[0.5601262171540351,51.81900043886893],[0.5607457066085771,51.818305663626155],[0.5612523124666478,51.817576600396535],[0.5616411604783715,51.81682027187251],[0.5619085112933304,51.816043963014],[0.5620517962622489,51.81525515084783],[0.5620696419405236,51.814461432431216],[0.5619618830666235,51.813670451673985],[0.5619308492041438,51.813566175103986],[0.5626042926733725,51.81408948809807],[0.5634972047105348,51.814658545346774],[0.5644758314089641,51.81517060866076],[0.5655307468101386,51.81562074460235],[0.5666517890122829,51.816004616250176],[0.5678281581306702,51.81631852503777],[0.5690485204461407,51.81655944643719],[0.5703011177334549,51.81672505914121],[0.5715738807097265,51.81681376746134],[0.5728545455022532,51.816824716723744],[0.5741307720051323,51.81675780151439],[0.5753902629752006,51.816613666692895],[0.5766208827105777,51.81639370116564],[0.5778107741592937,51.81610002447877],[0.5789484733210998,51.81573546636119],[0.5800230198325599,51.81530353941661],[0.5810240626635078,51.81480840522939],[0.5819419599014647,51.81425483421346],[0.5827678716592725,51.813648159593704],[0.5834938452092517,51.81299422596598],[0.5841128915239489,51.8122993329339],[0.5846190524882333,51.811570174368626],[0.5850074581391548,51.81081377387894],[0.5852743733877033,51.81003741711583],[0.5854172337794062,51.809248581565384],[0.5854346699574633,51.80845486450781],[0.5853265206018126,51.80766390983777],[0.5850938337291103,51.806883334450696],[0.584738856350806,51.806120654904625],[0.5842650125985093,51.80538321506274],[0.5836768705363146,51.80467811541258],[0.583507827824379,51.80451654772127],[0.5836575503802202,51.80422494660444],[0.5839244540156414,51.80344859233484],[0.584067321281082,51.802659757588664],[0.58408478275101,51.801866039638455],[0.5839766768592669,51.801075082387534],[0.583744051201511,51.8002945027564],[0.5833891521974396,51.79953181734425],[0.5829154032219411,51.79879437007114],[0.5823273714247811,51.79808926149654],[0.5816307235664652,51.79742328049324],[0.5808321713025153,51.79680283893244],[0.5799394064485388,51.79623391000654],[0.5789610268532458,51.795721970780825],[0.5779064535952718,51.79527194952438],[0.5767858403012228,51.79488817832437],[0.5756099754564639,51.79457435143734],[0.5743901786457039,51.794333489775454]]]}},{"type":"Feature","properties":{"db_school_name":"Felsted Primary School","harvested_label":"Felsted Primary School","urn":"114875","margin_m":854.1},"geometry":{"type":"Polygon","coordinates":[[[0.4200520647506392,51.85398866899988],[0.4265088789455234,51.862025584235866],[0.4283455324410476,51.86552229606973],[0.42834614766749357,51.865521745021866],[0.4290867677309483,51.86566875433456],[0.4303402704460533,51.86583584657202],[0.430545989025989,51.86585041484969],[0.4312102051956962,51.86636784199778],[0.4321025493777076,51.86693790058796],[0.43308087467212913,51.86745105818046],[0.43413575805017673,51.86790237079318],[0.435257037940057,51.86828749016484],[0.43643391218325334,51.868602705703],[0.43765504220435997,51.86884498028396],[0.43890866238588044,51.86901197955664],[0.4401826935877977,51.86910209446657],[0.4414648597105816,51.869114456781304],[0.44239635563329055,51.869066708392026],[0.44241695360506234,51.869086449628625],[0.44321494649129606,51.86970783254853],[0.4441075070490839,51.87027779693827],[0.445086039501769,51.87079085169199],[0.44614111882248175,51.87124205381797],[0.44726258154926324,51.87162705611912],[0.44843962375968166,51.87194214913086],[0.44966090525776925,51.872184296910014],[0.45091465896454497,51.87235116632748],[0.45218880445175685,51.87244114958025],[0.45347106451739017,51.87245337970475],[0.45474908367121636,51.87238773894063],[0.4560105473797027,51.872244859863926],[0.4572433009120763,51.8720261192789],[0.4584354666333845,51.87173362492793],[0.4595755586058011,51.87137019514842],[0.46065259338634723,51.87093933167471],[0.4616561959469843,51.87044518584878],[0.4625766996914629,51.86989251856778],[0.46340523960191315,51.86928665435706],[0.4641338376161299,51.86863343001371],[0.4643446475131122,51.86839798594673],[0.464498024866711,51.86836034256299],[0.46563798152438196,51.86799685554705],[0.4667148769194728,51.86756593811093],[0.46771833736814133,51.86707174211631],[0.4686386976444349,51.866519028943344],[0.469467094113624,51.86591312355917],[0.4701955500961016,51.86525986315697],[0.47081705263968365,51.864565540864284],[0.4713256199627795,51.86383684506448],[0.4717163589226231,51.86308079491961],[0.4719855119604656,51.8623046727173],[0.47213049307851784,51.861515953695616],[0.47214991251025495,51.86072223402347],[0.472043589855504,51.85993115763104],[0.4718125555634118,51.85915034259547],[0.471459040758761,51.8583873077909],[0.4709864555192347,51.85764940050845],[0.47039935582187825,51.85694372574208],[0.46970339948522766,51.85627707781952],[0.4689052915383744,51.8556558750349],[0.46801271954856766,51.85508609790954],[0.4670342795339737,51.85457323167326],[0.4659793931770897,51.85412221351665],[0.464858217136141,51.853737385119864],[0.46368154532603284,51.85342245091165],[0.46246070510627957,51.85318044245816],[0.4612074483703155,51.8530136893219],[0.4599338385782465,51.85292379666942],[0.4586521348129173,51.85291162984183],[0.4573746739669011,51.85297730603538],[0.4561137521855135,51.85312019317194],[0.45488150669785227,51.85333891597012],[0.4536897991643143,51.85363136915934],[0.45255010165498755,51.85399473771052],[0.45147338634884576,51.85442552389054],[0.4504700200090181,51.854919580881834],[0.45003862354088703,51.855178589265144],[0.4499491404240641,51.85512143804616],[0.44897090009415175,51.85460841885391],[0.44791618819056556,51.854157236316134],[0.44679515969543443,51.853772233695445],[0.4456186071063158,51.85345711709756],[0.44439785663762943,51.85321491984403],[0.44314465932088626,51.85304797331424],[0.4429389959656084,51.8530334263535],[0.44227484896331154,51.852516063597264],[0.442209743827317,51.85247447071817],[0.44305086570788266,51.85237925831965],[0.4442831466603504,51.85216065909065],[0.44547487984584067,51.851868300901494],[0.44661458349541605,51.85150500077642],[0.44769127790765484,51.851074259199294],[0.44869459133264533,51.850580226336334],[0.44961485995725775,51.85002766199519],[0.4504432210249873,51.84942188970834],[0.45117169819156977,51.848768745386366],[0.45179327829426125,51.8480745210383],[0.45230197879729855,51.847345904104245],[0.4526929052676628,51.84658991298699],[0.4529622983329948,51.84581382940644],[0.45310756967630605,51.845025128229786],[0.45312732672890627,51.84423140545549],[0.45302138583275525,51.84344030504529],[0.4527907737550482,51.84265944530952],[0.4524377175501983,51.841896345554844],[0.4519656228764678,51.84115835369998],[0.4513790409850959,51.840452575555396],[0.4506836247079931,51.83978580644645],[0.449886073874826,51.83916446583609],[0.44899407069062774,51.83859453557453],[0.4480162057000824,51.83808150236758],[0.4469618950534777,51.837630305014784],[0.44584128987116756,51.837245286922546],[0.44466517857760796,51.83693015434655],[0.4434448831418785,51.83668794076302],[0.44219215021861746,51.83652097770928],[0.44091903823092626,51.836430872372425],[0.4396378014746559,51.83641849214043],[0.4383607723512189,51.83648395626303],[0.4371002428536145,51.8366266347026],[0.43586834643724987,51.836845154185575],[0.43467694140363466,51.837137411397315],[0.4335374969110158,51.83750059319402],[0.43246098270155686,51.837931203639215],[0.4314577636000811,51.83842509760591],[0.430537499794919,51.83897752062427],[0.4297090538573717,51.8395831545927],[0.42898040539320353,51.84023616891612],[0.4283585741480309,51.84093027658127],[0.42784955230888283,51.84165879463215],[0.42745824665754434,51.84241470846592],[0.427188431138087,51.843190739332705],[0.42704271030217095,51.84397941439104],[0.42702249399223413,51.844773138646175],[0.42712798351531656,51.845564268079485],[0.42735816945023464,51.84634518326527],[0.42771084111899893,51.84710836276596],[0.42818260764085475,51.847846455598244],[0.428768930375256,51.84855235207115],[0.4291454975543191,51.848913574472284],[0.4285349675397377,51.848944812308986],[0.4272740564658853,51.84908738994459],[0.42604177063721027,51.84930581097305],[0.4248499721001959,51.849597973027606],[0.42371013379768285,51.849961063880905],[0.4226332292598036,51.85039158847248],[0.4216296270664145,51.85088540250269],[0.420708991091942,51.85143775227212],[0.4198801874894694,51.85204332038562],[0.4195354411084464,51.85235211343953],[0.4195303073198019,51.85234991534827],[0.4200520647506392,51.85398866899988]]]}},{"type":"Feature","properties":{"db_school_name":"Danbury Park Community Primary School","harvested_label":"Danbury Park Community Primary School","urn":"114992","margin_m":812.9},"geometry":{"type":"Polygon","coordinates":[[[0.5451081234869403,51.72385507872761],[0.545108336337199,51.723855010466956],[0.545565477119981,51.72429326162317],[0.5463622402562729,51.72491397350948],[0.5472531538544232,51.72548318842676],[0.5482296379736903,51.725995422497334],[0.5492822872997873,51.72644574064525],[0.5504009617707031,51.72682980419987],[0.551574884326051,51.7271439127513],[0.5527927448349422,51.72738503985149],[0.5540428091961476,51.727550862214734],[0.5553130325530389,51.72763978213468],[0.5565911755249243,51.72765094289978],[0.5578649223264788,51.72758423705774],[0.5591219996281499,51.72744030744936],[0.5603502950031489,51.72722054100104],[0.5615379738107605,51.726927055336944],[0.562673593381305,51.72656267834087],[0.5637462133949769,51.72613092086604],[0.5639521792328638,51.72602890122991],[0.5644887148300137,51.72610002409497],[0.5657589139118064,51.726188831319575],[0.5670370144773014,51.72619987891581],[0.5683107011500912,51.72613306052229],[0.569567701180694,51.72598902006457],[0.5698667847905511,51.72593547903683],[0.5705336992699475,51.72598207805661],[0.5781589499765798,51.72023022485381],[0.5779300098757902,51.717456669493174],[0.5767627847606167,51.71500578214783],[0.577720543447339,51.714332940516876],[0.5803434907458297,51.70711771747857],[0.5670861283452802,51.704326700643634],[0.5661860856499717,51.704772751390095],[0.5652701631596445,51.705326181172694],[0.5644459368544775,51.70593271931292],[0.5637213457249607,51.70658652649621],[0.5631033704531209,51.707281308060075],[0.5625979660898723,51.708010374543626],[0.5622100045660322,51.708766706046774],[0.5619432275959769,51.709543019781584],[0.5618002104342481,51.71033184016723],[0.5617940942737188,51.710603447366765],[0.5611763424378243,51.710756154583336],[0.5600411020117267,51.71112051277016],[0.5589687958131788,51.71155223305555],[0.5587628831074639,51.71165424343754],[0.5582265274428151,51.71158309180834],[0.5569567507364351,51.7114941971524],[0.5556790637356231,51.71148303415884],[0.5544057647029896,51.711549710365546],[0.5531491097605765,51.71169358407064],[0.5519211951041397,51.71191327049603],[0.5507338407435938,51.71220665509275],[0.5499737971313214,51.712450501719154],[0.5451081234869403,51.72385507872761]]]}},{"type":"Feature","properties":{"db_school_name":"Elmwood Primary School","harvested_label":"Elmwood Primary School","urn":"115240","margin_m":368.1},"geometry":{"type":"Polygon","coordinates":[[[0.5998556988138656,51.64650292104845],[0.6056591637626618,51.64760196742848],[0.6063491753027165,51.64751115402375],[0.6096724932823709,51.65122145394311],[0.614098859629325,51.6503314480779],[0.6145307332061124,51.64839893555955],[0.6193085161550386,51.64717391700393],[0.6205744219901344,51.64727721673133],[0.6282839971906875,51.64833641965593],[0.6315689358187674,51.64832275181036],[0.6317473242066253,51.648161272340865],[0.6323634633798944,51.64746614927119],[0.6328670972020978,51.64673680095851],[0.6332533800122834,51.6459802528272],[0.633518597120202,51.645203791939636],[0.6336602003721974,51.64441489677571],[0.6336768324593973,51.643621165182886],[0.6335683397430304,51.64283024119112],[0.6333357734828241,51.64204974139812],[0.6332107287980545,51.64178068234475],[0.6200489823076222,51.642385727768314],[0.619455930636075,51.642343885686216],[0.6183636984445773,51.64289190518573],[0.6159122014057468,51.64247822747881],[0.6151484722070185,51.64090140762435],[0.6109965720264101,51.64082144365063],[0.6096637492969247,51.638489898279424],[0.6092330935570112,51.63844941123593],[0.602930073000076,51.635410497558176],[0.6004852695924275,51.63451755821331],[0.5990721656083684,51.6336481422172],[0.5975062236790076,51.63228530500861],[0.5845740114667117,51.638764063105626],[0.5845570705722708,51.63953281171191],[0.5846647016137837,51.64032379323909],[0.5848964251287492,51.64110440130325],[0.585250015545086,51.6418671174166],[0.5857220730481917,51.64260459505447],[0.5863080561132519,51.643309730450575],[0.5870023250638569,51.64397573106598],[0.5872772444122334,51.64419005690904],[0.5876718518124379,51.644664863211794],[0.5883661618945649,51.64533085505674],[0.5889574228838758,51.64579176386902],[0.5890804626090153,51.645983940577416],[0.5896665426850154,51.64668905751192],[0.5903346549460023,51.64732985198364],[0.5998556988138656,51.64650292104845]]]}},{"type":"Feature","properties":{"db_school_name":"Collingwood Primary School","harvested_label":"Collingwood Primary School","urn":"115305","margin_m":117.8},"geometry":{"type":"Polygon","coordinates":[[[0.602930073000076,51.635410497558176],[0.6092330935570112,51.63844941123593],[0.6096637492969247,51.638489898279424],[0.6109965720264101,51.64082144365063],[0.6151484722070185,51.64090140762435],[0.6159122014057468,51.64247822747881],[0.6183636984445773,51.64289190518573],[0.619455930636075,51.642343885686216],[0.6200489823076222,51.642385727768314],[0.6332107287980545,51.64178068234475],[0.6332100544836748,51.64177923141093],[0.6332923127074704,51.64132095009842],[0.6333089520556906,51.6405272181066],[0.6332004750781235,51.639736293205345],[0.6329679328817923,51.638955792001255],[0.6326135710214178,51.63819323033825],[0.6321828261471786,51.63752148032385],[0.632190007068044,51.63717935511772],[0.6320815596427969,51.636388428389644],[0.631849055811802,51.63560792405615],[0.631494740759229,51.63484535799151],[0.6310220321776346,51.634108072969134],[0.6304354871446199,51.633403167991055],[0.6297407580577141,51.63273742997665],[0.6289445380586864,51.63211726846619],[0.6280544964782517,51.631548653965815],[0.6278996066714608,51.63146740717271],[0.6181656332310541,51.632752043874426],[0.6138570387203406,51.63174341599221],[0.6122146056606552,51.6311852052368],[0.6117824794470205,51.631194142825265],[0.6034618250662173,51.630565204882906],[0.5985107994466412,51.630077559119684],[0.5975062236790076,51.63228530500861],[0.5990721656083684,51.6336481422172],[0.6004852695924275,51.63451755821331],[0.602930073000076,51.635410497558176]]]}},{"type":"Feature","properties":{"db_school_name":"Woodville Primary School","harvested_label":"Woodville Primary School","urn":"140447","margin_m":184.9},"geometry":{"type":"Polygon","coordinates":[[[0.5998556988138656,51.64650292104845],[0.5903346549460023,51.64732985198364],[0.5903383580644161,51.64733340362648],[0.5902034779732636,51.64759702930595],[0.5896374653903316,51.64810876836854],[0.5890206559010361,51.64880367614695],[0.5885162894815515,51.649532846042014],[0.5881292280556075,51.650289257153005],[0.5880389986329629,51.65055258765108],[0.5880284878968546,51.650554473921844],[0.6037838521719663,51.660216149909175],[0.6049151078674303,51.66001300236385],[0.6059521986237392,51.659755914389706],[0.6059814703994719,51.659756158496656],[0.6068555394056766,51.65998991506566],[0.6080718579316509,51.66023049225581],[0.6093202442722075,51.66039575073882],[0.6105886697492824,51.66048409824541],[0.6118649123189974,51.66049468358261],[0.6131366745232684,51.660427404844974],[0.6143917021727393,51.66028291039468],[0.6152271601805337,51.66013280093393],[0.6162350793668321,51.66040225645008],[0.6174514552162523,51.660642735568],[0.6186998834880768,51.66080789363333],[0.6199683350994133,51.66089613934462],[0.621244587754091,51.66090662249003],[0.6225163438967268,51.660839242149166],[0.6237713493965965,51.660694647663504],[0.6249975118086668,51.66047423236626],[0.6261830170633474,51.66018012013272],[0.627316443452206,51.6598151448817],[0.6283868718038339,51.65938282322728],[0.6293839907819514,51.65888732054648],[0.6302981962862525,51.65833341079187],[0.6311206839949943,51.65772643043931],[0.6313635067564257,51.65750667032522],[0.6313686714865576,51.657512873675245],[0.6320581788384104,51.648804135664534],[0.632018088879474,51.648755974922956],[0.6315673309367995,51.648324204563885],[0.6315689358187674,51.64832275181036],[0.6282839971906875,51.64833641965593],[0.6205744219901344,51.64727721673133],[0.6193085161550386,51.64717391700393],[0.6145307332061124,51.64839893555955],[0.614098859629325,51.6503314480779],[0.6096724932823709,51.65122145394311],[0.6063491753027165,51.64751115402375],[0.6056591637626618,51.64760196742848],[0.5998556988138656,51.64650292104845]]]}},{"type":"Feature","properties":{"db_school_name":"Cold Norton Primary School","harvested_label":"Cold Norton Primary School","urn":"114904","margin_m":512.1},"geometry":{"type":"Polygon","coordinates":[[[0.6700499141247291,51.68294694686992],[0.670348698221362,51.682949271601935],[0.6716209784697953,51.68288135163502],[0.6728764152210027,51.68273622609539],[0.6741029118733601,51.68251529343531],[0.6752886511377272,51.682220682517155],[0.676422209054184,51.681855232066546],[0.6774926651895071,51.68142246327789],[0.6784897079472288,51.68092654583747],[0.679403733970713,51.680372257694756],[0.6802259406782033,51.67976493897131],[0.6809484110368088,51.679110440454785],[0.6815641897589884,51.67841506717666],[0.6820673501896294,51.67768551762005],[0.6824530512432628,51.676928819146006],[0.6827175838484599,51.67615226026236],[0.6828584064589931,51.67536332038964],[0.6828741692978039,51.674569597802055],[0.6827647271092526,51.67377873643838],[0.68253114030633,51.67299835228849],[0.682175664511449,51.67223596006401],[0.6817017286010187,51.67149890085891],[0.6811139014742041,51.670794271495325],[0.6804178478738893,51.67012885623352],[0.6796202736921754,51.669509061501216],[0.6787288612924994,51.66894085426871],[0.6777521954749441,51.66842970466013],[0.6766996807996277,51.66798053335087],[0.6755814510643711,51.66759766425462],[0.6744082718065747,51.66728478295282],[0.6731914367645431,51.66704490126412],[0.6719426592900543,51.666880328292635],[0.670673959751118,51.666792648231805],[0.6693975500012912,51.66678270513588],[0.6681257160192386,51.66685059480477],[0.6668706998393809,51.66699566385984],[0.6656445819010178,51.667216516019515],[0.6644591649395242,51.667511025515026],[0.6633258605288981,51.66787635751831],[0.6622555793602807,51.668308995386894],[0.6612586263062645,51.668804774465606],[0.6603446012762282,51.669358922122214],[0.6595223068137533,51.66996610363392],[0.6587996633241066,51.67062047348603],[0.6581836327481598,51.671315731591584],[0.6576801514196257,51.67204518389348],[0.6572940727558996,51.672801806768106],[0.6570291203397528,51.67357831461289],[0.6568878518505119,51.67436722996868],[0.6568716342001002,51.67516095550346],[0.6569433053298576,51.675681016105955],[0.6569404065755577,51.67568099321408],[0.6700499141247291,51.68294694686992]]]}},{"type":"Feature","properties":{"db_school_name":"Rettendon Primary School","harvested_label":"Rettendon Primary School","urn":"151675","margin_m":399.0},"geometry":{"type":"Polygon","coordinates":[[[0.543986861015668,51.64226634635164],[0.5381247976662197,51.64084152804347],[0.5343704440524699,51.6404460886704],[0.5288080778275719,51.64067634488264],[0.5279833198207313,51.64117485856482],[0.5271597207910823,51.64178113195361],[0.5264355761434885,51.642434708918366],[0.5258178622429426,51.64312929701063],[0.5253972422396436,51.64373601994263],[0.5253972030870517,51.64373599935254],[0.5265252405911853,51.64633612975701],[0.5286712113386615,51.64893155153846],[0.5428049307947513,51.65207621125208],[0.5415167697680514,51.654203915622745],[0.539476928076163,51.66376537726124],[0.539488341824265,51.663761712959165],[0.53993193554656,51.66399479482774],[0.5409830450733505,51.664445212220535],[0.5421001049311293,51.66482938012994],[0.5432723536235872,51.665143597144436],[0.5444884971578782,51.665384835774134],[0.5457368179886848,51.6655507716613],[0.5470052880729186,51.66563980600745],[0.5482816849382769,51.6656510809992],[0.5495537096389381,51.665584488083695],[0.5508091054528804,51.66544066901266],[0.5520357761680651,51.66522100964568],[0.5532219028087697,51.66492762657261],[0.5543560576689812,51.664563346685625],[0.5554273145465273,51.664131679898645],[0.5564253541094731,51.66363678527963],[0.5573405633746095,51.663083430924125],[0.5581641283362462,51.66247694795949],[0.5588828416190076,51.6618279445884],[0.5590635364337996,51.66176989340867],[0.5599189114505913,51.662317012377606],[0.5608941503527446,51.66282916268842],[0.5619454338387865,51.66327938995603],[0.5630626350066318,51.66366335638983],[0.5642349909951822,51.66397736251968],[0.5654512067750539,51.664218382888066],[0.5666995641027383,51.66438409524078],[0.5679680345821294,51.664472902933866],[0.569244395736533,51.664483950338656],[0.570516348964426,51.66441713109595],[0.5717716382334526,51.664273089138945],[0.5729981683599025,51.66405321247548],[0.5741841217250664,51.66375961978965],[0.5753180722954336,51.66339513999358],[0.576389095840572,51.662963284927464],[0.5773868752803781,51.66246821547315],[0.5783018001416881,51.66191470141028],[0.5790228799147066,51.661383368304435],[0.5808745385591457,51.65342768377419],[0.5808680898502279,51.65343243667383],[0.5806188224953066,51.65304304315942],[0.5800327957792267,51.652337880924584],[0.5793384953649268,51.65167184028673],[0.5785426102795246,51.65105133370109],[0.5776528066413876,51.65048233499668],[0.5766776537810513,51.64997032192144],[0.5756265417126825,51.64952022346602],[0.5745095907508845,51.64913637247093],[0.5733375541414772,51.64882246396998],[0.5721217146402836,51.64858151966897],[0.5708737760306335,51.64841585889878],[0.5696057506175319,51.64832707632113],[0.5683298437740214,51.64831602659948],[0.5670583366427107,51.648382816182085],[0.5658034681127121,51.64852680227562],[0.5645773171989698,51.64874659901897],[0.5633916869472583,51.649040090799346],[0.562792710733078,51.64923259954955],[0.562101515873518,51.64879039670991],[0.5621942210887267,51.64874440451079],[0.5631090647371988,51.648191008964424],[0.5639322881745608,51.647584488876625],[0.5646559645471073,51.646930687343364],[0.565273126922792,51.64623590268547],[0.5657778352916094,51.645506827721114],[0.5661652336325467,51.64475048524631],[0.5664315965029101,51.64397416034778],[0.5665743647081211,51.643185330201334],[0.5665921697164872,51.64239159203414],[0.5665885534067163,51.642364939308365],[0.5671711921466193,51.642129968819994],[0.5681686252226361,51.64163498103744],[0.5690832543220585,51.64108154127268],[0.5699062710293611,51.64047498147402],[0.5706297504826473,51.63982114511925],[0.571246727646616,51.63912633086387],[0.571751264294655,51.638397231810316],[0.5721385060586474,51.637640870985955],[0.5724047290023943,51.63686453365339],[0.5725473752769701,51.63607569710751],[0.5725650775226033,51.635281958636476],[0.5724576717910193,51.63449096234189],[0.5722261988732593,51.63371032552339],[0.571872894029805,51.63294756533617],[0.5714011652314094,51.632210026427714],[0.57081556012912,51.63150481024907],[0.5701217220795781,51.63083870671978],[0.5693263356559778,51.63021812890249],[0.5686342938835468,51.62977526871104],[0.568638731502529,51.62977614868658],[0.5631122706271574,51.62778809504179],[0.5629089070088811,51.62774775556313],[0.561661573344437,51.627581988003605],[0.5603941451962661,51.62749309740423],[0.559118822193567,51.627481939468375],[0.5578478798641284,51.62754862168563],[0.5565935516650454,51.627692502295524],[0.5553679114140749,51.627912196451625],[0.5542816527781164,51.62818110785565],[0.5512757694854509,51.63141981310836],[0.5520042037259645,51.637629217069865],[0.543986861015668,51.64226634635164]]]}},{"type":"Feature","properties":{"db_school_name":"Ingatestone Infant School","harvested_label":"Ingatestone Infant School","urn":"150748","margin_m":990.8},"geometry":{"type":"Polygon","coordinates":[[[0.3734254434519761,51.65681241038144],[0.3577700755225239,51.66513254559382],[0.35840087786768077,51.66574152586193],[0.3591940652170366,51.66636355757059],[0.3600815008804347,51.66693424086332],[0.3601556172477872,51.666973376548455],[0.3602893084921539,51.667135388119526],[0.3609806798774676,51.66780275947138],[0.36177393895261245,51.66842477264791],[0.3621859685234181,51.668689707840656],[0.3623877080008809,51.66938061373391],[0.36246348256179867,51.669545845400464],[0.3620054814092123,51.66969199049419],[0.36093219926610925,51.6701219157422],[0.3599318348896653,51.67061517544527],[0.35901402097266355,51.67116702122849],[0.3581875964768289,51.671772140537044],[0.35746052151230706,51.672424707721405],[0.35683980063187604,51.67311844006539],[0.356331415280327,51.67384665822063],[0.3559402660531336,51.674602350468014],[0.3556701253257339,51.67537824018982],[0.3555236007163264,51.67616685590476],[0.3555110263999645,51.67663127685909],[0.3551318412976487,51.676674056679715],[0.3539038444989116,51.67689167330927],[0.35271605526985844,51.67718306123267],[0.35157990797691213,51.67754541566454],[0.3505063406271979,51.67797524862264],[0.3495056896721824,51.678468422454046],[0.34858759056152666,51.67902018961127],[0.3477608850010179,51.67962523829724],[0.34703353580571766,51.68027774354325],[0.3464125501681984,51.68097142323053],[0.3459039120825462,51.68169959851879],[0.34551252457849757,51.682455258102834],[0.34524216232726584,51.683231125680614],[0.3450954350821908,51.684019729985174],[0.3450737623142735,51.684813476707745],[0.34517735929572685,51.68560472162035],[0.3454052347750071,51.68638584419435],[0.34575520027543066,51.6871493210059],[0.3462238909373082,51.687887798220814],[0.3468067977118935,51.68859416245962],[0.3474983106052576,51.68926160935858],[0.34829177256255767,51.68988370916434],[0.34917954347930447,51.690454468728134],[0.3501530737270023,51.69096838929942],[0.3512029864871152,51.69142051955958],[0.35231916810059366,51.6918065033823],[0.35349086556109327,51.69212262185688],[0.35470679020940077,51.69236582916806],[0.3559552266251748,51.69253378198343],[0.3572241456605269,51.69262486206381],[0.358501320518899,51.69263819187721],[0.35977444475241876,51.692573643064506],[0.36103125103184847,51.69243183767505],[0.3622596295356027,51.69221414216029],[0.3634477448081664,51.69192265418384],[0.36458414995344324,51.69156018237603],[0.365657897055191,51.69113021922978],[0.3666586427541732,51.69063690740107],[0.3675767479597744,51.69008499974061],[0.3684033707319847,51.68947981344487],[0.36913055143725165,51.68882717877084],[0.3697512893579828,51.688133382811145],[0.37025961001971125,51.68740510887434],[0.370261246169829,51.68740194662832],[0.3704179896524601,51.6874230150243],[0.371686789297665,51.68751394030868],[0.37296381928783545,51.6875271145742],[0.3742367745721375,51.68746241096111],[0.375493389450916,51.68732045301083],[0.37672155594893186,51.68710260864513],[0.377909440655871,51.686810976961986],[0.3790455988998744,51.68644836797643],[0.38011908514639764,51.68601827550297],[0.3811195585522789,51.68552484344318],[0.38203738265297665,51.684972825805616],[0.3828637182191161,51.684367540845564],[0.38359060838610265,51.68371481976958],[0.38421105523684684,51.683020950501586],[0.38471908710186203,51.6822926170551],[0.38476575030134197,51.68220235835471],[0.3850627868090889,51.68224225043881],[0.3863314653524163,51.68233301899725],[0.387608348450233,51.682346035780796],[0.38888113246826045,51.68228117544761],[0.38944876956792723,51.68221697240319],[0.38944872988311346,51.682217186839715],[0.39620066577746776,51.677717996670694],[0.39772128869057416,51.67514909420719],[0.401222613747487,51.67137707940277],[0.4012119498846612,51.67138048651864],[0.40116968488096877,51.671060592852335],[0.4009409387359014,51.670279588009606],[0.40059018966997106,51.66951628396386],[0.40012082107390606,51.668778030611804],[0.3995373579066935,51.668071936294254],[0.3988454229379713,51.667404799394326],[0.39838182429261937,51.66704165393227],[0.3981719619627474,51.66632489832425],[0.397821291945943,51.6655615845472],[0.39735201103719575,51.664823318569155],[0.3967686433503942,51.66411720885285],[0.39607681073533213,51.66345005393018],[0.395283178494215,51.66282827699328],[0.39439539109236377,51.66225786410808],[0.39342199848600823,51.66174430664119],[0.3923723737786706,51.661292548452906],[0.3912566229992413,51.660906938360945],[0.39060716017404284,51.660731838531866],[0.38973564091109,51.6603566984866],[0.3886199349622005,51.659971062696194],[0.38778603261196337,51.65974620856003],[0.38217839044027463,51.65990292848784],[0.3779878025948719,51.65832380246195],[0.3755969968940019,51.65692127784619],[0.3734254434519761,51.65681241038144]]]}},{"type":"Feature","properties":{"db_school_name":"Margaretting Church of England Voluntary Controlled Primary School","harvested_label":"Margaretting Church of England Primary School","urn":"146242","margin_m":168.1},"geometry":{"type":"Polygon","coordinates":[[[0.39772128869057416,51.67514909420719],[0.39620066577746776,51.677717996670694],[0.38944872988311346,51.682217186839715],[0.38938850112059475,51.68254263024919],[0.3893676034856744,51.683336375410974],[0.3894719675521636,51.68412757158373],[0.38970059467867396,51.68490859870434],[0.3900512891454088,51.685671934264484],[0.3905206790662232,51.68641022578704],[0.3911042486504811,51.68711636167802],[0.39179638151213897,51.68778353977058],[0.39259041461593236,51.68840533289866],[0.3934787023465966,51.68897575086617],[0.3944526900879922,51.689489298212365],[0.39550299660549476,51.68994102721383],[0.39661950443844485,51.69032658561002],[0.3977914574303482,51.69064225858972],[0.3990075644539614,51.690885004630786],[0.4002561083270768,51.69105248484644],[0.4015250588632844,51.691143085552625],[0.4028021889609871,51.69115593383793],[0.40407519260376157,51.69109090598454],[0.4053318036261355,51.6909486286592],[0.4065599140913057,51.69073047286206],[0.40774769113123627,51.69043854069278],[0.4088836911148562,51.690075645062315],[0.4099569700367508,51.6896452825475],[0.4104155789420137,51.68941892712049],[0.4103988764992925,51.69006472846972],[0.4105036261968799,51.69085590019614],[0.41073265190046393,51.69163688044361],[0.41108375405228764,51.69240014715334],[0.41129267503111056,51.692728428092245],[0.41122830723355563,51.69307708909427],[0.41120779322391565,51.69387083197979],[0.41131256800800553,51.69466200222012],[0.41154162899200986,51.69544297999979],[0.4118927762796759,51.6962062432836],[0.4123626336245178,51.6969444402884],[0.41294668073364366,51.697650460328504],[0.41363929662023174,51.698317502351024],[0.41443381359408976,51.69893914049887],[0.4153225813758359,51.69950938606734],[0.41629704072109575,51.700022745255126],[0.41734780584766057,51.700474272150466],[0.4184647548719616,51.70085961643931],[0.41963712738209724,51.701175065372745],[0.42085362820415495,51.701417579587115],[0.42210253635721573,51.70158482242947],[0.423371818140941,51.70167518250325],[0.4246492432586454,51.70168778921623],[0.4259225028486229,51.70162252117904],[0.4271793282774799,51.70148000737353],[0.4284076095417417,51.70126162107945],[0.42959551212791613,51.70096946661829],[0.4307315911965673,51.7006063590438],[0.43180490198261,51.70017579697562],[0.43280510534170435,51.69968192884067],[0.43372256742077686,51.69912951284905],[0.43454845248900986,51.69852387109359],[0.43527480803329505,51.69787083821719],[0.4358946412985518,51.697176705145814],[0.4364019865375988,51.69644815843193],[0.43679196232656237,51.69569221579508],[0.43706081839915306,51.69491615848302],[0.4372059715555849,51.69412746110675],[0.43722603030830487,51.69333371962712],[0.43712080803613534,51.69254257818699],[0.4368913245296031,51.69176165549512],[0.43653979592226305,51.69099847146966],[0.43633070208517877,51.690670237640816],[0.43639487363154433,51.69032156529887],[0.4364149471370478,51.689527823324624],[0.4363097500475884,51.68873668039029],[0.436080301909787,51.68795575521911],[0.43572881851530715,51.687192567753314],[0.43525869032800235,51.686454466763564],[0.43467444962119406,51.68574855912012],[0.43398172664965473,51.68508164140557],[0.43318719528528116,51.684460134524855],[0.432298508645449,51.683890021940805],[0.431324225337752,51.683376792126346],[0.430273727033414,51.68292538578535],[0.42915712816323504,51.68254014834685],[0.42798517860400237,51.68222478818773],[0.42676916028888245,51.68198234098314],[0.4255207787322456,51.68181514052561],[0.4242520505068204,51.68172479629184],[0.4229751877488843,51.68171217797159],[0.4217024807948584,51.6817774071064],[0.4204461800701668,51.681919855918316],[0.41921837835818637,51.682138153339885],[0.4182785632859954,51.682369288862986],[0.4183444465279131,51.68229552563408],[0.4188519177149775,51.68156705158828],[0.419242068269857,51.6808111633797],[0.41951114623617786,51.680035141732574],[0.4196565662703797,51.67924646091547],[0.41967693430834724,51.67845271673098],[0.4195720607446114,51.67766155334966],[0.41934296200664195,51.67688058969324],[0.418991850518744,51.67611734607632],[0.41852211316171806,51.67537917181198],[0.4179382784447068,51.674673174477824],[0.41724597271343494,51.67400615152167],[0.4164518658234982,51.6733845248634],[0.41556360680731896,51.67281427912041],[0.4145897501581153,51.67230090404892],[0.4135396734427823,51.67184934175215],[0.4124234870371965,51.67146393916135],[0.4112519368514686,51.671148406243766],[0.4100363009783255,51.67090578033781],[0.40878828125470196,51.67073839695626],[0.4075198907740927,51.670647867336434],[0.4062433384250375,51.67063506295213],[0.4049709115588059,51.670700107135325],[0.4037148579068489,51.670842373887666],[0.40248726787554834,51.67106049389331],[0.4012999583423565,51.67135236767588],[0.401222613747487,51.67137707940277],[0.39772128869057416,51.67514909420719]]]}},{"type":"Feature","properties":{"db_school_name":"Stock Church of England Primary School","harvested_label":"Stock Church of England Primary School","urn":"115120","margin_m":784.0},"geometry":{"type":"Polygon","coordinates":[[[0.44413268652310955,51.64300847763368],[0.4423984206026842,51.64665546160577],[0.4314467586104582,51.647971884960135],[0.4267450114726548,51.6508543572223],[0.42675143472026505,51.650854420627006],[0.4267370990835941,51.65141639486215],[0.4268420213848238,51.65220755425252],[0.42706528022461016,51.65296863333281],[0.42675179115216616,51.65315754251977],[0.42592660530441107,51.6537631243982],[0.42520079785044534,51.654416096555074],[0.4245813611485543,51.65511017237067],[0.4240742642859029,51.655838669184405],[0.42368439545584496,51.65659457258834],[0.42341551470637656,51.65737060392544],[0.4232702175215302,51.65815929034444],[0.42324990959438624,51.65895303673846],[0.4233547930435277,51.65974419887554],[0.4235838642151201,51.66052515701761],[0.42393492310145836,51.66128838931848],[0.42440459429475513,51.662026544293774],[0.42498835928338435,51.66273251166356],[0.425259393361204,51.662993658031155],[0.42529185573447065,51.66323842343346],[0.4255209797451364,51.664019376709874],[0.42587209999365283,51.664782602029675],[0.42634184048214957,51.66552074797545],[0.4269256820322801,51.666226704353946],[0.4276180056273856,51.66689367072647],[0.4284121463844449,51.667515221966056],[0.42930045764151703,51.66808537020691],[0.4302743845473252,51.66859862258733],[0.43132454644623713,51.66905003422667],[0.4324408272654135,51.66943525592338],[0.43361247303182254,51.66975057611184],[0.4348281955764122,51.669992956670825],[0.43524630912004686,51.670048939298866],[0.4356240361671283,51.670211278149935],[0.43674038099975826,51.67059645804472],[0.4377571322891513,51.67087004138422],[0.43780653519250684,51.67092974785055],[0.43849909059711434,51.6715966465437],[0.4392934623580711,51.67221812070151],[0.4401820015866178,51.672788183200005],[0.44115615123345103,51.67330134200287],[0.44220652849498343,51.67375265313049],[0.44332301522127826,51.67413776834938],[0.4444948554531873,51.67445297711953],[0.4457107591457711,51.674695242393206],[0.4469590110737964,51.67486222991785],[0.44822758386369926,51.674952330758614],[0.4495042540554655,51.674964676822405],[0.45077672006777614,51.674899149232424],[0.4520327209208441,51.674756379472036],[0.4532601545638847,51.67453774328735],[0.45444719465815087,51.6742453474073],[0.455582404681821,51.673882009210914],[0.4566548482497649,51.67345122953857],[0.4576541945788199,51.67295715891194],[0.4585708180774309,51.672404557489855],[0.4593958910967773,51.67179874914902],[0.46012146894815564,51.671145570134314],[0.4607405663678005,51.67045131277646],[0.46124722469453994,51.669722664822025],[0.4616365691169914,51.6689666449626],[0.46190485544425713,51.66819053518662],[0.46204950595653543,51.66740181060755],[0.4620691339983405,51.66660806744553],[0.4620470031260753,51.66644223716855],[0.4624152633947337,51.665912557688344],[0.4628045577020674,51.665156534190714],[0.46291467913831186,51.66483792448198],[0.46308738759545515,51.664502506312125],[0.46335562520999063,51.66372639335312],[0.46341661513081134,51.663393755893686],[0.4643014626063569,51.66286011874992],[0.46512628861641386,51.66225427251437],[0.4658516349108389,51.66160106019792],[0.46647051845580256,51.6609067744512],[0.46697698264903753,51.66017810329331],[0.4673661545472192,51.659422065638424],[0.46763429161874626,51.65864594364554],[0.4677788175784492,51.657857212545025],[0.46779834696710304,51.65706346861912],[0.4676926982479681,51.65627235603149],[0.46746289530368174,51.655491493210704],[0.46732738565155013,51.65519750901664],[0.4673274374962807,51.65519751594587],[0.4590773937905713,51.65028949376065],[0.46093845888541324,51.6425434067791],[0.45699969956843955,51.63867868998988],[0.45700132983383396,51.638684236478234],[0.4566911934842844,51.638550932918626],[0.45576158064705574,51.63823015110059],[0.4557671393981924,51.638227916607406],[0.45064153520931555,51.63845765016377],[0.44413268652310955,51.64300847763368]]]}},{"type":"Feature","properties":{"db_school_name":"Moreton Church of England Voluntary Aided Primary School","harvested_label":"Moreton Church of England (Voluntary Aided) Primary School","urn":"115188","margin_m":576.4},"geometry":{"type":"Polygon","coordinates":[[[0.21625694251850192,51.729741971974825],[0.21500794983158394,51.7295725408196],[0.21373823350564441,51.72947993314892],[0.2124600151858417,51.729465040431336],[0.2111855982462505,51.72952800609294],[0.2099272495538355,51.72966822413615],[0.20869708158005865,51.729884344960546],[0.2075069359859643,51.73017428833041],[0.20636826979285702,51.730535263365375],[0.20529204522666844,51.73096379536313],[0.20428862428988487,51.731455759197964],[0.20336766907083587,51.732006418976106],[0.20253804874653852,51.73261047356873],[0.20180775417260854,51.73326210758685],[0.20118382088261555,51.73395504731039],[0.20067226124009085,51.734682621035674],[0.20027800640014795,51.735437823262714],[0.2000048586448588,51.736213382107],[0.1998554545581262,51.73700182928851],[0.19983123940263775,51.737795572025284],[0.1999324529545699,51.738586966140986],[0.2001581269418855,51.7393683896824],[0.20050609412065312,51.74013231633805],[0.20097300891150516,51.74087138795058],[0.20155437940654597,51.741578485423005],[0.20224461044667466,51.74224679733453],[0.2030370573614742,51.74286988560312],[0.20392408985968125,51.74344174755968],[0.20484154607352908,51.743927430611286],[0.2044771641236165,51.7441926864884],[0.20374671604060932,51.74484433322113],[0.20312265848146607,51.745537283487636],[0.20261100500924467,51.74626486548331],[0.20221668768606427,51.747020073629045],[0.20194350939961309,51.74779563598368],[0.20179410703204045,51.748584084233535],[0.20176992583388403,51.74937782558647],[0.20187120525870617,51.75016921587926],[0.20209697640434457,51.75095063319521],[0.20244507109512766,51.751714551282355],[0.2029121425271563,51.752453612065274],[0.2034936972868691,51.75316069655058],[0.20418413844275776,51.75382899344178],[0.20497681930223907,51.75445206480061],[0.20586410732155117,51.75502390811997],[0.2068374575571086,51.75553901420778],[0.20788749495302497,51.75599242032139],[0.20900410467255265,51.756379758038236],[0.2101765296017655,51.756697295397956],[0.21139347408296164,51.75694197290829],[0.21264321287350824,51.757111433064615],[0.21391370427405418,51.75720404309752],[0.21519270632861717,51.757218910726955],[0.21646789496858243,51.757155892770726],[0.21772698295325724,51.75701559652317],[0.21895783845181507,51.75679937389149],[0.22014860211501816,51.75650930834612],[0.22128780150017902,51.75614819481246],[0.22236446173920282,51.755719512698924],[0.22336821137690935,51.755227392323455],[0.2242893823547963,51.75467657506411],[0.2251191031734756,51.754072367620715],[0.22584938433451668,51.753420590830196],[0.2264731952386757,51.75272752353236],[0.2269845318017092,51.75199984202927],[0.22737847414014017,51.75124455572408],[0.22753238607868384,51.75080689671622],[0.22844584717413702,51.750990434140796],[0.22969547921287078,51.7511597142471],[0.23096583238185606,51.7512521415224],[0.23224466605769503,51.75126682544829],[0.23351965779552547,51.75120362461329],[0.23477852225386173,51.75106314807443],[0.23600912975812927,51.75084674947649],[0.23719962335148864,51.75055651398564],[0.23833853319660042,51.75019523816478],[0.23941488721840076,51.74976640298573],[0.24041831691535326,51.74927414024079],[0.2413391573145871,51.74872319267911],[0.24216854010444813,51.74811886825488],[0.24289847904548673,51.74746698893098],[0.24352194683716147,51.7467738345337],[0.244032942701771,51.74604608220277],[0.24442655003829653,51.74529074202201],[0.2446989835962099,51.74451508945354],[0.24484762572170557,51.7437265952279],[0.2448710513352795,51.742932853367144],[0.24476904140903574,51.74214150803538],[0.244542584823423,51.74136017992145],[0.24419386859521622,51.74059639286291],[0.24372625658040928,51.739857501417326],[0.24314425686616054,51.73915062007736],[0.2424534781739232,51.738482554809515],[0.24166057570063879,51.73785973757381],[0.24077318692502864,51.73728816445242],[0.2397998580010904,51.73677333798057],[0.23874996144968913,51.73632021423198],[0.2376336059410639,51.735933155165355],[0.23646153903538042,51.73561588668827],[0.23524504381440006,51.735371462839254],[0.2339958303945276,51.735202236430545],[0.23272592335930142,51.73510983643247],[0.23144754618744778,51.73509515231515],[0.23017300378063374,51.735158325497444],[0.22891456421280523,51.735298747985006],[0.2276843408302286,51.7355150682102],[0.2264941758281613,51.73580520401865],[0.22564947845077588,51.736073128094816],[0.22555083951442578,51.735732240592554],[0.22520248817241365,51.73496839219403],[0.2247352446826214,51.73422942015816],[0.22415361358466349,51.733522439755234],[0.2234632000524608,51.73285425790712],[0.22267065576950423,51.732231307697624],[0.22178361476886044,51.7316595864903],[0.22081061985970032,51.73114459824701],[0.2197610403509295,51.730691300599474],[0.21864498186444992,51.730304057180966],[0.2174731891048725,51.729986595673886],[0.21625694251850192,51.729741971974825]]]}},{"type":"Feature","properties":{"db_school_name":"Dunmow St Mary's Primary School","harvested_label":"Dunmow St Mary's Primary School","urn":"115299","margin_m":866.1},"geometry":{"type":"Polygon","coordinates":[[[0.33785693841088477,51.884458201579726],[0.3544994026111516,51.884140960800735],[0.3556113657858648,51.884657770824134],[0.3556019374382853,51.88465173760762],[0.356212144302359,51.88486177491423],[0.35717062757893975,51.88511916230507],[0.3575351289640726,51.88555867257842],[0.35822991299379103,51.886225996081244],[0.3590270740309827,51.88684795913192],[0.359918936360559,51.887418569884524],[0.3608969109503335,51.88793233100719],[0.36195157816450724,51.88838429270296],[0.3630727785261569,51.888770100455666],[0.3642497106528514,51.88908603703863],[0.3654710354186135,51.88932905837844],[0.36672498533375986,51.8894968229261],[0.3679994780823713,51.88958771425052],[0.3692822331159023,51.88960085663516],[0.37056089017104654,51.889536123526455],[0.3718231285608505,51.889394138751875],[0.3730567860804344,51.88917627049647],[0.37424997637254215,51.88888461809579],[0.37539120361348605,51.8885219917742],[0.3764694734067936,51.888091885524894],[0.377474398809561,51.887598443395525],[0.3783963004648609,51.88704641950585],[0.37922629987203643,51.88644113218612],[0.3799564048945959,51.88578841268021],[0.3805795866821284,51.885094548910864],[0.3810898472672466,51.88436622485134],[0.381482277190212,51.883610456090395],[0.3817531026016605,51.882834522213365],[0.38189972139664746,51.88204589665271],[0.3819070786383722,51.88176790943209],[0.38191884627600636,51.88176212968464],[0.38284057519059655,51.881210072622956],[0.3836704088536866,51.88060475547449],[0.3844003567256342,51.8799520097699],[0.3850233914696349,51.87925812368366],[0.38553351653408485,51.87852978140342],[0.3859258237635853,51.87777399869279],[0.3861965404891346,51.87699805527085],[0.38634306565085463,51.8762094246615],[0.38636399461346255,51.87541570219004],[0.38625913244450666,51.874624531821375],[0.3860294955370786,51.873843532545145],[0.3856773015711457,51.87308022501674],[0.3852059479198071,51.872341959159684],[0.38461997871749254,51.871635843426084],[0.3839250409154454,51.87096867639401],[0.3831278297546783,51.870346881359],[0.3829101512253347,51.87020764689131],[0.38303909828033966,51.869513816138344],[0.3830600861999124,51.868720092736105],[0.38303703103111536,51.86854601800851],[0.3831360308660586,51.86850650317459],[0.3841404515659007,51.868013008940565],[0.3850618769389904,51.86746093713659],[0.3858914330732444,51.86685560655296],[0.3866211321013519,51.86620284884868],[0.38724394908156456,51.86550895231277],[0.3877538895570461,51.864780601232546],[0.3881460471467945,51.864024811455494],[0.3884166506188811,51.86324886276803],[0.3885630999994799,51.86246022874413],[0.38858399137807126,51.86166650474153],[0.38847913017888086,51.86087533473968],[0.388249532780371,51.86009433772469],[0.3878974164769058,51.85933103433026],[0.38742617788892475,51.85859277444052],[0.38684036003856753,51.85788666645061],[0.3861456084160345,51.857219508864766],[0.3853486164667371,51.85659772488837],[0.38445706102975197,51.85602730064147],[0.3834795283531521,51.855513727586114],[0.3824254314007482,51.855061949718575],[0.3813049192467031,51.85467631603256],[0.38012877942881795,51.85436053870808],[0.378908334197247,51.854117657425675],[0.37765533165247195,51.85395001014739],[0.3763818328141616,51.8538592106439],[0.3751000957004532,51.853846132982426],[0.3738224575250453,51.85391090312344],[0.37256121613712384,51.854052897707156],[0.3713285118361405,51.85427075004097],[0.3701362106900529,51.85456236323101],[0.3689957904716971,51.8549249303324],[0.3686943938877731,51.85504521300647],[0.36761835122444836,51.85483095817517],[0.36636536685861026,51.85466319031984],[0.36509186661250953,51.85457226850545],[0.3638101085181415,51.85455906797605],[0.3625324299910351,51.85462371587441],[0.3612711292682389,51.85476559001704],[0.36003834721939554,51.854983324870275],[0.35884595065953623,51.85527482467078],[0.3577054182783239,51.85563728356505],[0.3566277302761133,51.85606721257568],[0.3556232627626956,51.85656047313673],[0.35470168793020845,51.85711231687819],[0.35387188095772465,51.857717431278424],[0.35349802227155536,51.85805161158084],[0.35336625803377025,51.85811630924134],[0.35244462381015973,51.858668135891364],[0.35161475806080666,51.85927323494197],[0.35088465404812613,51.85992578095232],[0.35026134552096544,51.86061949142315],[0.34975083888186626,51.86134768722872],[0.34935805520394775,51.86210335687552],[0.34935511479282705,51.862111766890905],[0.34909492326248115,51.86261233042085],[0.34882364338898786,51.863388196941884],[0.34867649457435884,51.86417678991579],[0.34865490041686964,51.864970515145565],[0.3487590755004157,51.865761728610366],[0.34877796006095235,51.865826156604385],[0.34872632052319985,51.86579900610994],[0.3476723180733962,51.865346916082075],[0.34655183413659085,51.86496095130996],[0.3453756559836579,51.86464482715976],[0.34415510623713913,51.8644015866494],[0.3429019340055221,51.86423357119749],[0.342679489785484,51.86421764977903],[0.3421904306339867,51.86404915771236],[0.3410143056744637,51.86373298922299],[0.33979380286732397,51.86348970281438],[0.338540670869882,51.86332164034689],[0.3372669719489248,51.86323041958616],[0.335984966047958,51.8632169186527],[0.3347069929658214,51.863281267579794],[0.3334453537718478,51.8634228470608],[0.33279742867126283,51.863537099674055],[0.3325563631615381,51.86354923231651],[0.3312947090019566,51.863690788890324],[0.330061529435351,51.8639082138797],[0.32886869509833105,51.86419941450349],[0.32772768888918297,51.86456158778789],[0.3266494955636731,51.86499124750506],[0.3256444960902317,51.86548425768204],[0.32472236777636276,51.86603587236015],[0.3238919911242773,51.8666407812244],[0.32316136431067205,51.86729316066648],[0.3225375261141462,51.86798672979272],[0.3220264880342226,51.86871481084034],[0.32163317625929955,51.86947039342323],[0.3213613840476953,51.8702462019906],[0.32121373498718153,51.871034765851455],[0.3211916574948533,51.871828491091755],[0.3212953708118927,51.87261973369303],[0.3215238826376435,51.87340087314883],[0.32187499843558814,51.87416438586996],[0.32209443116051567,51.87450894146038],[0.3220140775908098,51.87473829047997],[0.32186642775670954,51.87552685464393],[0.3218443620799209,51.87632057933338],[0.32194809968956467,51.877111820535134],[0.3221766480527079,51.87789295775609],[0.3225278122825098,51.8786564674284],[0.32299821603939577,51.87939499539585],[0.32358333383308924,51.88010142778216],[0.32427753442263857,51.88076895955716],[0.32507413490354037,51.88139116013823],[0.3259654649666174,51.88196203539293],[0.3269429407137461,51.88247608544261],[0.32799714732158536,51.88292835770756],[0.3291179297573988,51.88331449468004],[0.33029449067155014,51.88363077596139],[0.3315154945203244,51.883874154156814],[0.3327691769109845,51.884042284278216],[0.3340434581091792,51.88413354637127],[0.3350352894385909,51.884143998527165],[0.3360302489788793,51.88434227460947],[0.33728395977007425,51.88451035622479],[0.3375058296999316,51.88452623840917],[0.33785693841088477,51.884458201579726]]]}},{"type":"Feature","properties":{"db_school_name":"Great Bardfield Primary School","harvested_label":"Great Bardfield Primary School","urn":"114835","margin_m":839.3},"geometry":{"type":"Polygon","coordinates":[[[0.44287400225187756,51.95545022422152],[0.4464491197452499,51.95506802411827],[0.44725824540097125,51.95481065957119],[0.44833737463855344,51.95437988741328],[0.44934294841443806,51.95388582752581],[0.45026528113887854,51.95333323998406],[0.45109549017651784,51.95272744855155],[0.4518255813934673,51.95207428933068],[0.4524485260976243,51.95138005448105],[0.45295832863311747,51.95065143155028],[0.4533500839815879,51.94989543900442],[0.4536200248209754,51.949119358581456],[0.45376555759552617,51.948330665121254],[0.4537852872577642,51.947536954549626],[0.45377249549410986,51.947441721307165],[0.4539514010120132,51.946927330527295],[0.4540969221451447,51.946138636553805],[0.4541166462865767,51.94534492574346],[0.4540103901341594,51.944553841942884],[0.4537791835294328,51.943773003301196],[0.45342525928853233,51.943009928919174],[0.4529520314619382,51.94227196646722],[0.4523640622415383,51.94156622146748],[0.45166701784189084,51.94089948892002],[0.45086761378758583,51.94027818792889],[0.449973550139122,51.93970829995554],[0.44899343728492913,51.9391953112911],[0.4479367130162019,51.93874416029885],[0.44681355168323167,51.93835918993179],[0.44563476630628024,51.93804410597979],[0.444411704580053,51.93780194144546],[0.44315613976792684,51.93763502738945],[0.4418801575298372,51.93754497052408],[0.4405960397656259,51.93753263776889],[0.4393161465834804,51.93759814791626],[0.43805279752061976,51.93774087048662],[0.4368181531503146,51.93795943178409],[0.4356240982058121,51.93825172809529],[0.4344821273376645,51.93861494590508],[0.4340581069814924,51.93878419695231],[0.4340492545114542,51.93871805755483],[0.43381842679028654,51.937937174210305],[0.43346488869375377,51.937174034221336],[0.43299205055425055,51.93643598589183],[0.4324044708124652,51.93573013557264],[0.4317078119347049,51.93506327927945],[0.4309087857362554,51.9344418373092],[0.43001508864284277,51.9338717924818],[0.42903532751750056,51.93335863259949],[0.4279789367691789,51.93290729767453],[0.4268560875414426,51.932522132431046],[0.4256775898540368,51.932206844535095],[0.4244547886360489,51.931964468952366],[0.42319945464658326,51.93179733877485],[0.4219236713265871,51.931707062794715],[0.42063971866341815,51.93169451004003],[0.4193599551775812,51.93175980142013],[0.4180966991586103,51.93190230856037],[0.4168621102840568,51.9321206598378],[0.4156680727520239,51.9324127535599],[0.4145260810436794,51.93277577816096],[0.4134471294076897,51.933206239223004],[0.4124416061239041,51.93369999306342],[0.4115191935590312,51.93425228656821],[0.410688774972979,51.934857802890065],[0.4099583489713071,51.9355107125741],[0.40933495242755435,51.93620472962196],[0.4088245926194969,51.93693317195714],[0.4084321892365375,51.937689025712366],[0.40816152682207935,51.93846501272174],[0.40801521811569347,51.93925366057069],[0.40799467865622413,51.94004737452971],[0.4081001128994239,51.94083851068138],[0.4083305119933879,51.941619449535764],[0.40868366324307714,51.94238266942654],[0.4091561711824037,51.94312081897919],[0.40974349006008665,51.94382678795292],[0.41043996743468036,51.94449377577219],[0.41123889846596384,51.945115357085584],[0.4121325903854378,51.945685543718355],[0.41311243652889984,51.94619884241876],[0.4141689992202058,51.94665030783979],[0.41529210070811884,51.94703559024244],[0.4164709212786778,51.94735097745836],[0.41769410359457776,51.94759343070498],[0.4189498622513345,51.94776061390573],[0.42022609748827167,51.94785091623081],[0.42151051195111516,51.947863467639706],[0.4222496893816762,51.947825754406836],[0.42228541052181584,51.94809309616218],[0.4225160965854178,51.948874002767305],[0.422869548457911,51.949637175448956],[0.4233423677785666,51.95037526328592],[0.4239300057969881,51.95108115663047],[0.42462680699704103,51.95174805563428],[0.4253290055557917,51.952294067462226],[0.4256297721172399,51.95265532243769],[0.426326623405982,51.953322210584794],[0.4271259316872139,51.95394367840109],[0.42802000055631917,51.95451373880385],[0.4290002197151247,51.955026899756376],[0.4300571478907954,51.95547821723785],[0.43118060380749423,51.955863342933924],[0.43235976433287354,51.95617856618562],[0.43358326885057347,51.95642084979001],[0.43483932884815996,51.956587859305024],[0.436115841658238,51.95667798557463],[0.4370220771777745,51.95668671644483],[0.44287400225187756,51.95545022422152]]]}},{"type":"Feature","properties":{"db_school_name":"Great Bradfords Infant and Nursery School","harvested_label":"Great Bradfords Infant and Nursery School","urn":"114989","margin_m":485.3},"geometry":{"type":"Polygon","coordinates":[[[0.5622104307108311,51.87394144692961],[0.5613738536192447,51.87427221393631],[0.5599762441196862,51.877484781797484],[0.5604490433538207,51.87814587910583],[0.5592825851701199,51.87869961679265],[0.5581030365100125,51.87998250857903],[0.5610841855278629,51.88268441935447],[0.5594596538762672,51.883644855512784],[0.5590263425423125,51.88757417971759],[0.5637151687844391,51.89039591165728],[0.5659115625189927,51.89016170166427],[0.5666619887914128,51.89015064548962],[0.5697337479283074,51.89069922095098],[0.5751490682230421,51.89242610873781],[0.576777018121441,51.88931058058747],[0.5763057093755959,51.884586103207184],[0.577986551502836,51.88361674836426],[0.5774952200151751,51.88203084838498],[0.573987226123177,51.88085440388541],[0.5752971542521422,51.87878703041839],[0.574866852617252,51.87688048297926],[0.5732954933951421,51.87651204831527],[0.5703103296216341,51.87360289521502],[0.5697224649151096,51.87380698535528],[0.5633242051505843,51.8743419865687],[0.5623578820245263,51.87395966589277],[0.5622104307108311,51.87394144692961]]]}},{"type":"Feature","properties":{"db_school_name":"John Ray Infant School","harvested_label":"John Ray Infant School","urn":"150501","margin_m":646.2},"geometry":{"type":"Polygon","coordinates":[[[0.5451712329540211,51.86306298276672],[0.5428037962764614,51.86698164911725],[0.5424134247596986,51.8688969119531],[0.5422502678186772,51.86923541523881],[0.5433929481021623,51.8714318075155],[0.5440222313192782,51.87171137317835],[0.5446639027161922,51.87408215914935],[0.5449079213262128,51.874243913890695],[0.5490821671898541,51.874895684748076],[0.5466536199825568,51.87843129882018],[0.5466863422058921,51.878449757635195],[0.5495066067840653,51.87767802023097],[0.5521163182095035,51.87858610361646],[0.5534210736693033,51.87845454621973],[0.5536553040360989,51.87850071650382],[0.5541904473774381,51.879611448707344],[0.5553223532387139,51.88028675912601],[0.5581030365100125,51.87998250857903],[0.5592825851701199,51.87869961679265],[0.5604490433538207,51.87814587910583],[0.5599762441196862,51.877484781797484],[0.5613738536192447,51.87427221393631],[0.5622104307108311,51.87394144692961],[0.5623578820245263,51.87395966589277],[0.5633242051505843,51.8743419865687],[0.5697224649151096,51.87380698535528],[0.5703103296216341,51.87360289521502],[0.5711862703030718,51.87165463421769],[0.5718430670167047,51.871303194184165],[0.5752080719106619,51.862689575391265],[0.5744298278028821,51.86220618658578],[0.5736325190971965,51.86185617248463],[0.5735361233212543,51.859054268074736],[0.5764483561215896,51.852707531631836],[0.5764339077374789,51.84898980165261],[0.5757468678931671,51.84684063824631],[0.575609367221971,51.84678202767671],[0.574487477597889,51.846398254685965],[0.5733102725827989,51.84608442525579],[0.57208908465458,51.845843560320006],[0.5720532725070921,51.84583882957634],[0.5714608330404359,51.84558626273209],[0.5703390074366459,51.84520244919955],[0.5693758117247495,51.844945625864284],[0.5685591364013565,51.84459742730897],[0.567437359415066,51.84421358536122],[0.5662602585473584,51.843899683792735],[0.5650391652749029,51.84365874423177],[0.5637858339173798,51.843493085954826],[0.5625123286472813,51.84340430359321],[0.5612309075393549,51.84339325180454],[0.5599539047673617,51.8434600370559],[0.5586936120731452,51.84360401659736],[0.5574621606397713,51.843823804635505],[0.5562714044967936,51.844117285648295],[0.5551328065715078,51.84448163471435],[0.554057328475446,51.844913344662366],[0.5530553250805619,51.845408259781486],[0.5521364448949574,51.845961615770335],[0.5513095371937644,51.846568085543076],[0.5505825667975817,51.847221830453904],[0.5499625373191454,51.84791655645003],[0.5494554236191842,51.84864557461503],[0.5490661141256428,51.84940186552249],[0.5487983635770944,51.850178146782305],[0.5486547566522961,51.850966943131716],[0.5486366828442213,51.85176065839722],[0.5487443228295332,51.8525516486358],[0.548976646474317,51.85333229575136],[0.5493314225050749,51.854095080877535],[0.5498052397614233,51.85483265681956],[0.5499761764533954,51.85503758066986],[0.5497353401461197,51.85508053660781],[0.5485442362156439,51.85537394349126],[0.5474052921126908,51.85573822171632],[0.5463294727787157,51.856169864794246],[0.5453271363685912,51.85666471765853],[0.5450428506291608,51.856835841149156],[0.5446258845019606,51.85998906600948],[0.545113102011529,51.86297748412679],[0.5451712329540211,51.86306298276672]]]}},{"type":"Feature","properties":{"db_school_name":"St Michael's Church of England Voluntary Aided Primary School","harvested_label":"St Michael's Church of England (Voluntary Aided) Primary School, Braintree","urn":"115157","margin_m":248.9},"geometry":{"type":"Polygon","coordinates":[[[0.544634946929956,51.877612658459846],[0.5457031926043051,51.878212934649625],[0.5466536199825568,51.87843129882018],[0.5490821671898541,51.874895684748076],[0.5449079213262128,51.874243913890695],[0.5446639027161922,51.87408215914935],[0.5440222313192782,51.87171137317835],[0.5433929481021623,51.8714318075155],[0.5380670988748452,51.872704885566336],[0.5369259391023588,51.87368197400351],[0.5369013063615183,51.873690129813085],[0.528668228088494,51.87221317342016],[0.5304783580795736,51.87541494163324],[0.5281530938123127,51.877760423017136],[0.5341799693727949,51.879961029375075],[0.5351172546324603,51.880670684284844],[0.5351757739773094,51.88143483192267],[0.5354356419629172,51.88150313762239],[0.5401549275043989,51.88096651812854],[0.5426276605535558,51.87803961595551],[0.5429572387930928,51.87788953230329],[0.5445200102296123,51.8776091100667],[0.544634946929956,51.877612658459846]]]}},{"type":"Feature","properties":{"db_school_name":"Notley Green Primary School","harvested_label":"Notley Green Primary School","urn":"138901","margin_m":119.4},"geometry":{"type":"Polygon","coordinates":[[[0.5246088592886236,51.87106361866567],[0.5253251388918667,51.87087039330882],[0.5270638127094438,51.8712932910735],[0.528668228088494,51.87221317342016],[0.5369013063615183,51.873690129813085],[0.5369259391023588,51.87368197400351],[0.5380670988748452,51.872704885566336],[0.5433929481021623,51.8714318075155],[0.5422502678186772,51.86923541523881],[0.5424134247596986,51.8688969119531],[0.5428037962764614,51.86698164911725],[0.5451712329540211,51.86306298276672],[0.545113102011529,51.86297748412679],[0.5446258845019606,51.85998906600948],[0.53494036036133,51.8629765664737],[0.5348253870744825,51.86336216298379],[0.5313148992190423,51.86470773958653],[0.5306221797322249,51.861448315199944],[0.5304378665871575,51.86125274941403],[0.5285423684352188,51.861185209915035],[0.5271518322699333,51.8617270265762],[0.5259020271808725,51.86300535316744],[0.5103797310114809,51.860518136769436],[0.5103334742433552,51.86058451879617],[0.5101981324064772,51.860846890875315],[0.509962532042384,51.86101943017778],[0.5097333892089986,51.86122518092957],[0.5097260531181916,51.86122204885763],[0.5112630786026123,51.867431977440894],[0.5119478498918134,51.86784308489666],[0.5246088592886236,51.87106361866567]]]}},{"type":"Feature","properties":{"db_school_name":"Beckers Green Primary School","harvested_label":"Beckers Green Primary School","urn":"147816","margin_m":437.2},"geometry":{"type":"Polygon","coordinates":[[[0.5711862703030718,51.87165463421769],[0.5703103296216341,51.87360289521502],[0.5732954933951421,51.87651204831527],[0.574866852617252,51.87688048297926],[0.5752971542521422,51.87878703041839],[0.573987226123177,51.88085440388541],[0.5774952200151751,51.88203084838498],[0.579747557529799,51.88066593881176],[0.5803853513955041,51.880681712406464],[0.5924675470540076,51.875633327552315],[0.592463893091054,51.875631004063855],[0.5919984932499646,51.87507413193001],[0.5913004743035409,51.874408234309],[0.5909367876309124,51.87412625152607],[0.5909368745896276,51.87412623598916],[0.5891159213506466,51.873768391264086],[0.5868067622755401,51.87258675576894],[0.5769268047863468,51.863096883448016],[0.5752080719106619,51.862689575391265],[0.5718430670167047,51.871303194184165],[0.5711862703030718,51.87165463421769]]]}},{"type":"Feature","properties":{"db_school_name":"Finchingfield St John the Baptist CofE Primary Academy","harvested_label":"Finchingfield St John the Baptist CofE Primary Academy","urn":"147817","margin_m":753.7},"geometry":{"type":"Polygon","coordinates":[[[0.4370220771777745,51.95668671644483],[0.43702320147009294,51.95668672727217],[0.4363428432111109,51.95702086757409],[0.4354202613812661,51.957573348798434],[0.4345897498782282,51.958179032988355],[0.43385930820963203,51.958832089073596],[0.43323597340852416,51.95952622964667],[0.4327257521677485,51.96025477144181],[0.4323335628526056,51.961010699633555],[0.43206318795557497,51.961786735338464],[0.43191723745782373,51.96257540567161],[0.4318971234584741,51.96336911568528],[0.4320030463249774,51.9641602214979],[0.43223399250757166,51.964941103909375],[0.4325877440487448,51.96570424179426],[0.4330608997057608,51.96644228456508],[0.43364890749196916,51.967148123006695],[0.43434610833179615,51.967814957798005],[0.43514579041600043,51.96843636505898],[0.4360402537393446,51.96900635828883],[0.4370208842030182,51.96951944609672],[0.4370386084891111,51.96952701032451],[0.43706458155069416,51.9697207979016],[0.43729564724857306,51.97050166822455],[0.4376495312711822,51.9712647885864],[0.4381228311010673,51.972002808567865],[0.4387109933638203,51.97270861917259],[0.43940835749640095,51.97337542134709],[0.44013641848653534,51.973941020719735],[0.4404587527230524,51.97432778971026],[0.44115616842706107,51.974994580711595],[0.44195607444335716,51.9756159381806],[0.44285076860910777,51.976185876095414],[0.44383163460077646,51.97669890359733],[0.4448892249111769,51.977150077949425],[0.44601335188136,51.97753505221476],[0.44719318590883556,51.977850117192084],[0.4484173598826566,51.978092237202475],[0.4496740788342392,51.978259079379626],[0.45095123374098633,51.97834903617958],[0.45223651837861023,51.97836124089166],[0.45351754808771993,51.97829557599986],[0.4547819793012164,51.978152674313755],[0.45601762867151946,51.977933912858035],[0.4572125906406815,51.97764139958005],[0.4583553523119417,51.977277953004766],[0.4594349045082116,51.97684707503449],[0.46044084794089524,51.97635291715789],[0.4613634934610231,51.97580024039573],[0.46183402432429904,51.975456963048266],[0.4620956403919783,51.97537374268422],[0.4631751103485321,51.97494283132491],[0.46418096956134536,51.974448642408426],[0.4651035296935602,51.973895937254404],[0.4659339059231916,51.973290040760595],[0.46666410251112866,51.97263679004244],[0.4672870897567273,51.97194247814167],[0.4677968716017215,51.97121379334843],[0.46818854323510634,51.97045775472478],[0.46845833814961013,51.96968164445215],[0.4686036642035285,51.968892937657344],[0.46862312834874237,51.968099230393584],[0.4685165497958632,51.96730816647205],[0.4682849614993544,51.96652736384887],[0.467930599958154,51.96576434127612],[0.4674568834396872,51.965026445923236],[0.46686837884611204,51.96432078266411],[0.4661707575500626,51.96365414570946],[0.4653707406322627,51.963032953240685],[0.4644760340538739,51.96246318567219],[0.4634952543917569,51.96195032813387],[0.46243784585383346,51.96149931772473],[0.46131398937381396,51.961114496042825],[0.4601345046589178,51.9607995674454],[0.45891074613024174,51.96055756343858],[0.45765449375254497,51.960390813537224],[0.45729879734050605,51.96036576997782],[0.4569053183314687,51.95975251993042],[0.4563170496515102,51.959046800326185],[0.45561966742398674,51.95838009722965],[0.4548198904287645,51.957758829459955],[0.4539254223184631,51.957188978157255],[0.4529448773758544,51.95667602925827],[0.4518876975512351,51.95622492074206],[0.4507640615787771,51.95583999515156],[0.44958478704531746,51.95552495784444],[0.44836122635102366,51.95528284137344],[0.4471051575585119,51.95511597633595],[0.4464447562531683,51.95506941202339],[0.4464491197452499,51.95506802411827],[0.44287400225187756,51.95545022422152],[0.4370220771777745,51.95668671644483]]]}},{"type":"Feature","properties":{"db_school_name":"Bocking Primary School","harvested_label":"Bocking Primary School","urn":"148305","margin_m":590.5},"geometry":{"type":"Polygon","coordinates":[[[0.562558425906905,51.90041516632174],[0.5583573455607387,51.89723296541982],[0.5573512663151893,51.89735079453463],[0.5514701973591422,51.89766505907145],[0.5495330759761025,51.89843805765852],[0.5461081135346026,51.89900744186884],[0.5401495962851245,51.90335831759171],[0.5407164122818077,51.906360930350736],[0.5247945308110065,51.91068205740979],[0.5244516826749974,51.91134645840432],[0.524183174198967,51.912122686650896],[0.5240389748248647,51.912911453690626],[0.5240204797733722,51.9137051636355],[0.5241278738017139,51.91449617259605],[0.5243601291691786,51.91527686229735],[0.5247150152841271,51.91603971346336],[0.5251891199491793,51.916777378262786],[0.5257778820091207,51.91748275111704],[0.526475635095288,51.91814903718712],[0.527275662052196,51.91876981787741],[0.5281702595277556,51.919339112723186],[0.5291508121089147,51.91985143706289],[0.5302078752907345,51.92030185493695],[0.5313312664799884,51.92068602670046],[0.5325101631550064,51.92100025088844],[0.5337332072327736,51.921241499927646],[0.5349886146327741,51.9214074493485],[0.5362642889755104,51.92149650021357],[0.5375479383125901,51.92150779454536],[0.5388271937551744,51.9214412236032],[0.5400897288486539,51.92129742892933],[0.5413233785340984,51.921077796154115],[0.5425162565411686,51.920784441620505],[0.5436568700727761,51.92042019195787],[0.5447342306688515,51.91998855680373],[0.5457379601745216,51.91949369493809],[0.5466583907866581,51.91894037415908],[0.5474866582114803,51.91833392528933],[0.5482147870341105,51.917680190758674],[0.5488357674778356,51.91698546826169],[0.5493436228157558,51.91625645003538],[0.5497334667893065,51.91550015834486],[0.5500015504861006,51.91472387780032],[0.5501452982325611,51.91393508515989],[0.5501633321638012,51.91314137729543],[0.5500554852431867,51.9123503980164],[0.5498228026158205,51.91156976445712],[0.5494675312927021,51.91080699373609],[0.548993098274542,51.91006943059318],[0.5487700236615146,51.90980233914306],[0.5492897706619255,51.90983857233583],[0.5505730855683909,51.909849728935065],[0.551851985887285,51.909783020898445],[0.5531141485890243,51.90963909108956],[0.5538267298466845,51.90951211263069],[0.5544045349368967,51.91006349873762],[0.5552047929677248,51.91068408700513],[0.5560995720916688,51.91125316756296],[0.5570802551396017,51.91176525781387],[0.5581373963441396,51.9122154240537],[0.559260812355627,51.91259932906236],[0.5604396804094607,51.91291327394584],[0.5616626426956759,51.91315423382288],[0.5629179159202594,51.91331988701112],[0.564193404996143,51.91340863742864],[0.5654768197608312,51.913419629993946],[0.5667557935875888,51.91335275887513],[0.5680180027382119,51.91320866850768],[0.5680477410456556,51.91320336569642],[0.5688964301790604,51.913210608635055],[0.5701753916844182,51.913143700478045],[0.570340515854209,51.91312484612909],[0.5700420848510898,51.91370439614912],[0.5697743540620345,51.91448071775596],[0.5696309499554967,51.91526952971072],[0.5696132600964351,51.916063235688846],[0.5697214614886719,51.91685419183496],[0.5699545186150416,51.91763478037866],[0.5703101931593283,51.91839748301421],[0.5707850653259803,51.91913495333718],[0.5713745665613692,51.9198400876388],[0.5720730233697137,51.92050609337499],[0.5728737118086542,51.92112655464809],[0.573768922145212,51.92169549406854],[0.57475003305328,51.92220743039743],[0.5758075946400611,51.92265743141255],[0.5769314195019782,51.92304116148494],[0.5781106809312403,51.923354923405434],[0.5793340173236328,51.92359569405545],[0.5805896417765892,51.92376115357583],[0.5818654558151553,51.92384970775093],[0.58314916614246,51.923860503390635],[0.5844284032812628,51.92379343656104],[0.5856908409543385,51.92364915358418],[0.586924315044181,51.92342904479697],[0.5881169409767129,51.92313523113015],[0.589257228389425,51.92277054363788],[0.5903341919714173,51.92233849617673],[0.5913374574009328,51.92184325149923],[0.5922573613546097,51.9212895810912],[0.5930850446215491,51.92068281914267],[0.5938125374234923,51.92002881109797],[0.5944328361193878,51.919333857284435],[0.5949399705575438,51.91860465216465],[0.595329061430464,51.917848219800874],[0.5955963670854196,51.91707184615474],[0.5957393193469045,51.91628300887729],[0.5957565480141104,51.91548930526623],[0.5956478938065557,51.914698379085955],[0.5954144096428444,51.913917846955314],[0.5950583502499932,51.913155225012105],[0.5945831502130703,51.91241785655979],[0.5939933906855718,51.9117128413923],[0.5932947550893028,51.91104696747552],[0.5924939742373436,51.910426645641316],[0.5915987614140558,51.9098578479207],[0.5906177380411134,51.909346050107104],[0.5895603506473883,51.90889617909972],[0.5884367799423196,51.908512565531375],[0.5872578428665932,51.90819890213403],[0.5860348885597,51.90795820824008],[0.5847796892408745,51.907792800758976],[0.5835043270474018,51.90770427190656],[0.5824718880309355,51.90769558546405],[0.583191095424429,51.907567226664085],[0.584383330248399,51.90727345548043],[0.5855232517220179,51.906908808315166],[0.5865998780612945,51.90647679863532],[0.5866063564033365,51.90647360002707],[0.5876400733873892,51.89444750300875],[0.586331209122105,51.89430853723357],[0.5754834555693794,51.89268787057563],[0.5697060320842272,51.900103145511565],[0.5659714578975474,51.90051137249289],[0.562558425906905,51.90041516632174]]]}},{"type":"Feature","properties":{"db_school_name":"Shalford Primary School","harvested_label":"Shalford Primary School","urn":"142935","margin_m":674.3},"geometry":{"type":"Polygon","coordinates":[[[0.5097319453407517,51.91842421189486],[0.5084767055734383,51.91825799053807],[0.5072011680410203,51.91816863635741],[0.5059176103646363,51.91815700951125],[0.5046383872657809,51.91822322199967],[0.503375811838578,51.918366636584736],[0.5021420372184735,51.91858587291111],[0.500948939777295,51.918878820768796],[0.4998080049605404,51.91924266037109],[0.4987302168581519,51.91967388945479],[0.49772595256526564,51.92016835694298],[0.4968048823448143,51.92072130284951],[0.4959758765496252,51.92132740404323],[0.49524692019839,51.92198082543428],[0.494625036028108,51.92267527609251],[0.49411621676582834,51.92340406976052],[0.4937253672756365,51.924160189181386],[0.49345625714336383,51.924936353623785],[0.49331148416254156,51.92572508895686],[0.4932924490813053,51.926518799600856],[0.4933993418625075,51.9273098416624],[0.49363113959891963,51.92809059655035],[0.4939856161134447,51.92885354436321],[0.4941413036903622,51.92909600804529],[0.49302290199551096,51.92937046718506],[0.491881637100511,51.92973423361526],[0.4908035224491765,51.9301653936303],[0.4897989382781497,51.93065979681889],[0.48887755792827325,51.93121268381474],[0.48804825473714025,51.931818732054786],[0.48731901658640475,51.93247210696006],[0.48669686892668723,51.933166518048985],[0.4861878070232028,51.933895279446375],[0.4857967380782681,51.9346513742071],[0.48552743379344954,51.93542752183838],[0.4853824938350415,51.93621624837223],[0.48536332056283626,51.93700995831451],[0.4854701052745645,51.9378010077794],[0.48570182610809187,51.93858177810495],[0.48605625763140503,51.939344749241414],[0.486529992037664,51.94008257220412],[0.48711847175033074,51.94078813989261],[0.48781603313260663,51.941454655592146],[0.4886159608872505,51.94207569849549],[0.48951055262844956,51.94264528561173],[0.4904911930077225,51.943157929462934],[0.4915484366820265,51.94360869101012],[0.49267209932513006,51.94399322729576],[0.49385135580395423,51.94430783334097],[0.495074844570707,51.944549477891336],[0.4963307772600806,51.944715832664365],[0.49760705242912173,51.94480529481501],[0.4988913723362638,51.944817002401024],[0.5001713616258253,51.94475084269831],[0.5014346867653082,51.94460745328549],[0.5026691750754246,51.944388215887415],[0.5038629321968354,51.944095243037225],[0.5050044568532138,51.943731357687206],[0.5060827517971549,51.943300065965715],[0.507087429863471,51.9428055233455],[0.5080088141029825,51.942252494551106],[0.5088380310286192,51.94164630759485],[0.509567096073867,51.94099280238648],[0.5101889904404514,51.940298274415],[0.5106977285970744,51.93956941404741],[0.5110884157828266,51.938813242032175],[0.5113572949669334,51.93803704183088],[0.5115017828194798,51.93724828943179],[0.5115204943548474,51.93645458132304],[0.5114132560195904,51.93566356132],[0.5111811071083376,51.93488284695233],[0.5108262895038882,51.93411995611943],[0.5106704943710118,51.93387751611623],[0.5117888937437495,51.93360288933987],[0.5129300880541672,51.933238930832886],[0.5140080562172995,51.932807570071695],[0.5150124142183793,51.93231296319348],[0.5159334881933216,51.93175987554107],[0.5167624076450194,51.93115363569282],[0.5174911908729156,51.93050008406702],[0.5181128217930453,51.929805516598684],[0.5186213174106211,51.92907662403412],[0.5190117852990448,51.92832042743085],[0.519280470537221,51.927544210486175],[0.519424791660064,51.92675544934869],[0.5194433652840814,51.92596174058972],[0.5193360191799604,51.92517072803025],[0.5191037936758747,51.92439002912763],[0.5187489313877895,51.923627161631934],[0.518274855385325,51.92288947121686],[0.5176861360125269,51.92218406078143],[0.5169884466912401,51.921517722101434],[0.5161885091397214,51.92089687048672],[0.5152940285395307,51.92032748307114],[0.514313619278875,51.91981504132649],[0.5132567219895342,51.919364478351355],[0.5121335126763621,51.91898013143934],[0.5109548048126853,51.918665700380494],[0.5097319453407517,51.91842421189486]]]}},{"type":"Feature","properties":{"db_school_name":"White Court School","harvested_label":"White Court School","urn":"114988","margin_m":288.2},"geometry":{"type":"Polygon","coordinates":[[[0.5094673191540088,51.85921197164071],[0.509467720420084,51.859211522738576],[0.5100623941151065,51.85959066892349],[0.5105829704147422,51.85986318175282],[0.510418408245158,51.86033896392305],[0.5103877278187748,51.8605066607136],[0.5103797310114809,51.860518136769436],[0.5259020271808725,51.86300535316744],[0.5271518322699333,51.8617270265762],[0.5285423684352188,51.861185209915035],[0.5304378665871575,51.86125274941403],[0.5306221797322249,51.861448315199944],[0.5313148992190423,51.86470773958653],[0.5348253870744825,51.86336216298379],[0.53494036036133,51.8629765664737],[0.5446258845019606,51.85998906600948],[0.5450428506291608,51.856835841149156],[0.5450427542706386,51.856835899151065],[0.5444952764797869,51.85641068491284],[0.5436017540020907,51.85584149480752],[0.5426224594672628,51.85532926951743],[0.5415668227695797,51.85487894006179],[0.5408993911090031,51.85465042003701],[0.5408331999673469,51.85457104344628],[0.540136254568635,51.85390482573668],[0.540009420106472,51.853806296737964],[0.5401056291571644,51.8532784377594],[0.5401238528785541,51.852484721982165],[0.5400163640603746,51.851693721825185],[0.5397842043765059,51.85091305462545],[0.5394296157809435,51.85015023782788],[0.5389560186811124,51.8494126166192],[0.5383679787852841,51.848707293234305],[0.5376711629515173,51.84804105861396],[0.536872284470239,51.847420327070026],[0.5359790383129087,51.84685107458483],[0.5350000269741002,51.8463387813361],[0.5339446776231708,51.84588837899798],[0.5328231513633983,51.845504203322726],[0.5316462454706612,51.8451899524569],[0.5304252895494475,51.84494865139036],[0.5291720366009105,51.84478262287854],[0.5278985500452025,51.84469346511535],[0.5266170877780566,51.844682036370685],[0.5253399843692229,51.844748446738755],[0.5240795325277401,51.84489205707691],[0.5228478649658348,51.845111485144464],[0.5216568377895978,51.84540461888352],[0.520810898754201,51.845674996415106],[0.5198050122547564,51.84560450392361],[0.5185235231028177,51.84559298726646],[0.5172463789958273,51.8456593101942],[0.515985873034071,51.84580283440555],[0.5147541384499497,51.8460221784886],[0.5135630319936721,51.846315231193714],[0.5124240199585536,51.84667917172169],[0.5113480679353876,51.84711049683359],[0.5103455353506483,51.84760505452333],[0.5094260757987223,51.84815808393115],[0.5085985441241982,51.848764261116465],[0.5078709111470573,51.849417750252094],[0.5074363754907691,51.84990394149776],[0.5094673191540088,51.85921197164071]]]}},{"type":"Feature","properties":{"db_school_name":"Stisted Church of England Primary Academy","harvested_label":"Stisted Church of England Primary Academy","urn":"137544","margin_m":776.3},"geometry":{"type":"Polygon","coordinates":[[[0.5876400733873892,51.89444750300875],[0.5866063564033365,51.90647360002707],[0.5866136777076113,51.90646998521474],[0.5874094970094386,51.9068852382739],[0.5884668156114076,51.90733512968762],[0.5895903568043602,51.907718743432994],[0.5907692966130969,51.90803238342279],[0.5919922765327607,51.908273027714294],[0.5932475130969868,51.908438357666796],[0.5945229115706568,51.90852678031401],[0.5958061826641816,51.90853744373385],[0.5970849611362606,51.908470245267],[0.5983469251332508,51.90832583250414],[0.599579915106014,51.90810559703275],[0.6007720511493864,51.90781166100395],[0.6019118476250962,51.90744685665043],[0.602988323956062,51.907014698953866],[0.6039911105181113,51.90651935172787],[0.6049105486038056,51.905965587445024],[0.6057377834918863,51.905358741198256],[0.6064648497240971,51.904704659242476],[0.6070847477680779,51.90400964261529],[0.6075915113299253,51.90328038638271],[0.607980264671901,51.90252391509754],[0.6081788906010245,51.90194635035806],[0.609318720232171,51.90217048080515],[0.6105738428216337,51.90233562744654],[0.6118490952298049,51.90242386418501],[0.6131321895752453,51.902434340890515],[0.6144107623211456,51.90236695670348],[0.6156724935981948,51.902222361004654],[0.616905226102203,51.90200194714454],[0.6180970824118024,51.9017078389934],[0.6192365795872797,51.9013428704423],[0.6203127399387184,51.90091055805479],[0.6213151968897236,51.90041506713443],[0.6222342949117143,51.89986117153757],[0.6230611825625829,51.899254207621325],[0.6237878977317785,51.898600022773095],[0.6244074442708201,51.8979049190204],[0.624913859273154,51.897175592267075],[0.6253022703591589,51.89641906774368],[0.6255689424200284,51.8956426322963],[0.6257113133773083,51.89485376416798],[0.6257280186218434,51.89406006095054],[0.6256189039058085,51.89326916640184],[0.6253850265733113,51.89248869683366],[0.6250286451274722,51.89172616777936],[0.6245531972440831,51.890988921646404],[0.6239632664526427,51.89028405704984],[0.623264537813769,51.88961836050516],[0.6224637430267904,51.88899824113648],[0.6215685955015906,51.888429669025896],[0.6205877160237682,51.88791811779563],[0.6195305497309215,51.88746851197219],[0.6184072751996276,51.88708517963698],[0.6172287065167976,51.886771810816384],[0.6160061892747778,51.88653142200886],[0.6147514914864178,51.88636632718892],[0.6134766904637828,51.886278115564345],[0.6121940567418207,51.88626763630012],[0.6109159361558324,51.886334990354115],[0.6096546311988763,51.88647952950361],[0.6084222827918976,51.88669986257119],[0.6072307535956314,51.886993868791485],[0.6060915139790074,51.887358718190555],[0.6050155317340999,51.88779089878375],[0.6040131665927734,51.88828625033232],[0.6030940705554164,51.88884000433593],[0.6022670949878693,51.88944682987878],[0.6015402053792744,51.890100884891076],[0.6009204045817258,51.89079587233483],[0.6004136652727868,51.891525100775894],[0.600024872295,51.89228154876179],[0.5998261794874907,51.89285910142776],[0.5986866312852451,51.89263487481192],[0.5974318195600062,51.89246959679368],[0.5961568725729626,51.89238119937391],[0.594874062263325,51.8923705335052],[0.5935957361647212,51.89243770194097],[0.5925959023057521,51.89255211298579],[0.5876400733873892,51.89444750300875]]]}},{"type":"Feature","properties":{"db_school_name":"Cressing Primary School","harvested_label":"Cressing Primary School","urn":"148306","margin_m":940.3},"geometry":{"type":"Polygon","coordinates":[[[0.5736325190971965,51.86185617248463],[0.5744298278028821,51.86220618658578],[0.5752080719106619,51.862689575391265],[0.5769268047863468,51.863096883448016],[0.5868067622755401,51.87258675576894],[0.5891159213506466,51.873768391264086],[0.5909368745896276,51.87412623598916],[0.5914811371587392,51.87402899105399],[0.5926724348563894,51.873735147103865],[0.5938114471317337,51.87337043015711],[0.5948872009657737,51.872938354351156],[0.5958893336957439,51.87244308270835],[0.5968081929117628,51.87188938697084],[0.5976349294656021,51.8712826015689],[0.5983615826939087,51.87062857216911],[0.5989811570350843,51.869933599300936],[0.5994876893038653,51.86920437760719],[0.5998763059794296,51.86844793130679],[0.6001432699607282,51.86767154649318],[0.6002860163456837,51.8668827009231],[0.6003031768977948,51.86608899197289],[0.6001945929735601,51.865298063457885],[0.5999613167958274,51.86451753201959],[0.5996056010705532,51.863754913790046],[0.5994206546999238,51.863467650333384],[0.5994523261570451,51.86346984723014],[0.600734312686236,51.86348047440305],[0.6020118053433776,51.86341323941622],[0.6032724946751841,51.863268790211905],[0.604504233424768,51.863048518727744],[0.6056951537520844,51.86275454746038],[0.6068337817400753,51.86238970897982],[0.6079091480755777,51.86195751859404],[0.6089108938321542,51.86146214042857],[0.6098293703305837,51.86090834725086],[0.6106557321115575,51.860301474428816],[0.6113820221232512,51.859647368469915],[0.6120012483033369,51.85895233063973],[0.6123226617210317,51.858489280564186],[0.6077912644880642,51.850576785505666],[0.605420574593978,51.84797174982881],[0.6054200204829993,51.84797481499907],[0.6048320958802158,51.84781827222595],[0.6036107040063784,51.84757773777657],[0.6023571362358777,51.84741249429366],[0.6010834590130146,51.847324132416944],[0.5998019320651821,51.84731350275783],[0.5985248905838356,51.84738070772166],[0.5977467006807189,51.84746986933157],[0.5977131173141667,51.847429666344134],[0.597484607122338,51.84721157075925],[0.5974966529240157,51.84720859725583],[0.5821678068722536,51.84384697825612],[0.5809984065346283,51.844135480516805],[0.5798600164162686,51.84450006638059],[0.5787847826140398,51.844931999348645],[0.5777830576526145,51.845427121563205],[0.5768644873643733,51.845980666728906],[0.5760379180458404,51.84658730593807],[0.5757533483727997,51.84684340058574],[0.5757468678931671,51.84684063824631],[0.5764339077374789,51.84898980165261],[0.5764483561215896,51.852707531631836],[0.5735361233212543,51.859054268074736],[0.5736325190971965,51.86185617248463]]]}},{"type":"Feature","properties":{"db_school_name":"Chipping Hill Primary School","harvested_label":"Chipping Hill Primary School","urn":"114827","margin_m":259.8},"geometry":{"type":"Polygon","coordinates":[[[0.6233143847841339,51.79105762572292],[0.6248226285978818,51.79159386494029],[0.6248697153985685,51.79158610169617],[0.6299994430064503,51.79271045633126],[0.6306163174351245,51.79219537350229],[0.6350230018761734,51.790628395076915],[0.6353042724182298,51.79011766194572],[0.6371306224612837,51.78975392109841],[0.6441171182934143,51.78149895842852],[0.6435569512956274,51.78097581286867],[0.6342086228651751,51.77952461909703],[0.6342173147024645,51.7795291619283],[0.6334192988193887,51.77962096729792],[0.6321899721607854,51.779841511080534],[0.6310014003986966,51.78013572182127],[0.6298650254535227,51.78050076757267],[0.6287917875567258,51.78093313445404],[0.6284152672035218,51.78111975570174],[0.6278789590614018,51.781049064299026],[0.6266071174896222,51.78096095287567],[0.6253274775897357,51.780950575430104],[0.624338796463228,51.78100287989842],[0.6242267738736207,51.78638841452304],[0.6233143847841339,51.79105762572292]]]}},{"type":"Feature","properties":{"db_school_name":"Howbridge Church of England Junior School","harvested_label":"Howbridge Church of England Junior School","urn":"140666","margin_m":101.8},"geometry":{"type":"Polygon","coordinates":[[[0.6167461555217206,51.79886602889844],[0.6247936110463609,51.799869159560046],[0.6305272055302892,51.802035688156266],[0.6333005682764749,51.80258392305701],[0.6338426941527793,51.80253625418262],[0.6344940962011253,51.80285898990135],[0.6369311677495858,51.803256352977805],[0.6383200902536477,51.80369750449228],[0.639150844149706,51.808038615986106],[0.6399992437481509,51.809044092176286],[0.6494990786240125,51.80700667977898],[0.6496625353872263,51.806837801587555],[0.6560863286143495,51.80465805932162],[0.6597626658607336,51.80407377506916],[0.6597604990200786,51.80407303513991],[0.6600275052742821,51.80383193293181],[0.6606452385821949,51.80313665417689],[0.6611500543779097,51.80240718386611],[0.661537095663675,51.801650548605245],[0.661802640497385,51.80087403630016],[0.6619441376262841,51.80008512592824],[0.6619602308228035,51.7992914154834],[0.661850771697189,51.798500548789576],[0.6616168208730777,51.79772014188838],[0.6612606375244214,51.79695770970897],[0.6607856573841154,51.79622059372685],[0.6601964594450824,51.79551589130604],[0.6594987216826091,51.79485038740406],[0.6586991662312279,51.79423048929472],[0.6578054945495259,51.79366216493543],[0.6568263132010046,51.793150885569275],[0.655771050967676,51.792701573111984],[0.6546498680946189,51.792318552827396],[0.6534735585376585,51.7920055117443],[0.6526281538605034,51.791839185950025],[0.6527576268211199,51.791652109584206],[0.6531447240939671,51.790895500048556],[0.6534103573858534,51.79011900430169],[0.6535519745875584,51.78933010116185],[0.6535682183107224,51.7885363885539],[0.6534589387118094,51.78774551032338],[0.6533351542440049,51.787332220722064],[0.6441171182934143,51.78149895842852],[0.6371306224612837,51.78975392109841],[0.6353042724182298,51.79011766194572],[0.6350230018761734,51.790628395076915],[0.6306163174351245,51.79219537350229],[0.6299994430064503,51.79271045633126],[0.6248697153985685,51.79158610169617],[0.6248226285978818,51.79159386494029],[0.6233143847841339,51.79105762572292],[0.6242267738736207,51.78638841452304],[0.624338796463228,51.78100287989842],[0.624338099249472,51.78100291678035],[0.6233576985236444,51.78093496722302],[0.6220780588326308,51.78092455436311],[0.6208029322632117,51.78099197566248],[0.6195445925145263,51.78113658225034],[0.6183151519892651,51.78135698229794],[0.617126445378737,51.78165105439148],[0.6159899158992923,51.78201596791795],[0.6149165052676002,51.782448210269386],[0.6139165484674595,51.782943620605565],[0.6129996743161842,51.78349742985268],[0.6121747127843882,51.78410430655521],[0.6114496099597753,51.784758408142935],[0.6108313514738343,51.78545343712178],[0.6103258951306973,51.78618270165059],[0.6099381133906533,51.78693917992314],[0.6096717462675967,51.78771558773774],[0.6095293651008211,51.78850444860593],[0.6095123475581499,51.78929816572641],[0.6095505450628593,51.789576574103386],[0.6092559164865216,51.79000160539382],[0.608868086221062,51.79075808038903],[0.6086016804601072,51.79153448588545],[0.6084592709162971,51.79232334541707],[0.6084422355321186,51.793117062195684],[0.6085507449613466,51.79390799225817],[0.6087837606721548,51.794688518083376],[0.6091390446999397,51.795451121969506],[0.6096131809654615,51.79618845846497],[0.6102016079620273,51.796893425153534],[0.6108986625050974,51.79755923111065],[0.6116976341298731,51.798179462369454],[0.6125908296185019,51.79874814376357],[0.6135696470392388,51.79925979654807],[0.6138263522378046,51.79936921788957],[0.6167461555217206,51.79886602889844]]]}},{"type":"Feature","properties":{"db_school_name":"Acorn Academy","harvested_label":"Acorn Academy","urn":"147255","margin_m":563.1},"geometry":{"type":"Polygon","coordinates":[[[0.6211497006205935,51.81892945397653],[0.6212740755576499,51.818945840316154],[0.6219053508975195,51.818989560509756],[0.6219078867200754,51.818993499868206],[0.6306841913332808,51.811627187684444],[0.6350776896551701,51.81212393290824],[0.638192633687624,51.811417310479825],[0.6385383813190025,51.811268828633025],[0.6399992437481509,51.809044092176286],[0.639150844149706,51.808038615986106],[0.6383200902536477,51.80369750449228],[0.6369311677495858,51.803256352977805],[0.6344940962011253,51.80285898990135],[0.6338426941527793,51.80253625418262],[0.6333005682764749,51.80258392305701],[0.6305272055302892,51.802035688156266],[0.6247936110463609,51.799869159560046],[0.6167461555217206,51.79886602889844],[0.6138263522378046,51.79936921788957],[0.6138297064579494,51.799370647628386],[0.613602015080747,51.79969910187054],[0.6135859500647992,51.799730437913354],[0.613095621369054,51.80017262831955],[0.6124771860451427,51.800867666874204],[0.6119715929573263,51.80159693876847],[0.6115837158872246,51.80235342212594],[0.6113172957718933,51.803129832696456],[0.6111749044665437,51.80391869396537],[0.6111579197424865,51.80471240912761],[0.6112665117700478,51.80550333423542],[0.6114996412261735,51.806283851814975],[0.6118550690547023,51.80704644424341],[0.611897860002896,51.807112964686254],[0.6116365334887307,51.807406609178784],[0.6111308572648013,51.808135877918275],[0.6107429137653241,51.80889235870779],[0.6104764445690564,51.8096687673223],[0.6103340220061104,51.81045762726619],[0.6103170241512301,51.81125134174737],[0.6104256213037,51.812042266824754],[0.6105599955157157,51.812492110679294],[0.6105496602934753,51.812490747821855],[0.6211497006205935,51.81892945397653]]]}},{"type":"Feature","properties":{"db_school_name":"Elm Hall Primary School","harvested_label":"Elm Hall Primary School","urn":"146695","margin_m":235.6},"geometry":{"type":"Polygon","coordinates":[[[0.6264404334056904,51.82241483812647],[0.6270902515442008,51.82291877246981],[0.6279841374822391,51.82348732522803],[0.6289636713257689,51.82399883798788],[0.6300194183643002,51.82444838261425],[0.6311412086714754,51.82483162788201],[0.6323182351432473,51.82514488125973],[0.6335391577164857,51.825385124534996],[0.6336625184458402,51.825401361066824],[0.634051333545808,51.826004994819215],[0.6346405432877079,51.8267098251893],[0.6353384294172035,51.82737547170646],[0.6361382734599969,51.827995521936494],[0.6370323737930285,51.828564002453824],[0.6380121197647164,51.829075436445834],[0.6385631642868148,51.82930998717633],[0.6385576819559416,51.82931493185974],[0.6563845350943097,51.82747141935493],[0.6570319848103247,51.82688712606188],[0.6576500674660838,51.8261918604425],[0.6581551764371292,51.82546240128231],[0.6585424519079569,51.824705775081114],[0.6588081696880298,51.823929269658706],[0.6589497768668703,51.82314036392711],[0.658965916165564,51.8223466558362],[0.6588564387591824,51.82155578918756],[0.6586224054562134,51.82077538002233],[0.6582660762333684,51.82001294329113],[0.6580065816444209,51.81961041252219],[0.6580149094121177,51.81960428317955],[0.6444735653187674,51.81808992578006],[0.6442334496866557,51.81816169618328],[0.6399402944728378,51.81665302052435],[0.6352114276950532,51.812367162686684],[0.6354276466608821,51.81663153585941],[0.6264404334056904,51.82241483812647]]]}},{"type":"Feature","properties":{"db_school_name":"Great Totham Primary School","harvested_label":"Great Totham Primary School","urn":"115244","margin_m":593.5},"geometry":{"type":"Polygon","coordinates":[[[0.6435569512956274,51.78097581286867],[0.6441171182934143,51.78149895842852],[0.6533351542440049,51.787332220722064],[0.6533351515297925,51.78733221165979],[0.6539291195378317,51.78741035646114],[0.6552011855387659,51.787498168716965],[0.6564810058555517,51.78750821806097],[0.6577562485260705,51.787440407753394],[0.6590146257967012,51.78729539128125],[0.6602440127089105,51.78707456604791],[0.6614325641037311,51.78678005988418],[0.6625688289082541,51.78641471051127],[0.663641860595383,51.78598203815558],[0.664641322746168,51.78548621158121],[0.6647157560439054,51.78544119134466],[0.6647532633343999,51.785476968769096],[0.6655527410562359,51.78609682751804],[0.6660224229011317,51.78639551021645],[0.6656108759392086,51.78685896688995],[0.6651062974145274,51.78758845464431],[0.6647194281901674,51.78834510075455],[0.6644539994997429,51.789121619398585],[0.6643125736504965,51.7899105330161],[0.6642965191131941,51.79070424429302],[0.6644059970947139,51.79149510931411],[0.6645923023420099,51.792116548354855],[0.6645900834901453,51.7922262829796],[0.664699571262869,51.79301714741916],[0.6649335477937137,51.79379754833649],[0.6652897658595598,51.79455996922818],[0.6657648003782907,51.795297066400714],[0.6663540811829798,51.796001739739026],[0.6670519368552541,51.796667201140856],[0.6678516492026245,51.79728703995576],[0.6687455178605726,51.797855284795766],[0.6697249344010531,51.798366461120196],[0.6707804652356016,51.7988156440365],[0.6719019425147378,51.79919850580618],[0.6730785621463389,51.79951135759465],[0.6742989879853557,51.799751185060984],[0.6755514611860337,51.799915677441724],[0.6768239136566568,51.80000324984689],[0.6781040845160637,51.800013058551755],[0.6793796384214007,51.799945009136046],[0.6806382846179491,51.799799757391504],[0.681867895554772,51.79957870298955],[0.6830566239142399,51.799283975970056],[0.6841930169193716,51.798918416183255],[0.6852661268099828,51.798485545883786],[0.6862656164168401,51.7979895357437],[0.6871818588116051,51.79743516461356],[0.6880060300691776,51.79682777342276],[0.6887301942471616,51.7961732136651],[0.6893473797640686,51.795477790969514],[0.6898516464426051,51.794748204301854],[0.6902381425761109,51.79399148138627],[0.6905031514739921,51.793214910970306],[0.6906441270447985,51.79242597258839],[0.6906597180823608,51.7916322645015],[0.6905672815574485,51.79096732295342],[0.6910268197939976,51.79073920285289],[0.6919428586379421,51.79018479689891],[0.6927668359914844,51.7895773744284],[0.6934908177802158,51.78892278723579],[0.6941078341791606,51.78822734121361],[0.6943528688145654,51.78787270391809],[0.6950005608549029,51.7873951823673],[0.6957244759805649,51.78674058214986],[0.6963414290131703,51.78604512507875],[0.6968454820137794,51.78531551044992],[0.6972317853322159,51.7845587662559],[0.6974966241327467,51.783782181448196],[0.6976374539593755,51.78299323569899],[0.6976529250063374,51.78219952733945],[0.6975428948690474,51.78140870017022],[0.6973084296622937,51.780628369849225],[0.6969517935045879,51.77986605056562],[0.6964764264795215,51.779129082705616],[0.6958869112953482,51.778424562205316],[0.6951889289719403,51.777759272269414],[0.6943892039887571,51.777139618110986],[0.6934954394274744,51.776571565338585],[0.6934198300312956,51.77653211014064],[0.6934843507909307,51.77650006914021],[0.6944000766612335,51.77594564735562],[0.6952237678609017,51.775338210497104],[0.6959474930708919,51.77468361049661],[0.6965642849357111,51.77398815336892],[0.6967686176060346,51.77369230874806],[0.6968662350504636,51.77364382441776],[0.6977818619100175,51.773089377444926],[0.6986054561730107,51.772481917999364],[0.6993290874545365,51.77182729823028],[0.6999457893040143,51.77113182434255],[0.7004496261991175,51.77040219579302],[0.7008357505674914,51.7696454407072],[0.7011004492925572,51.76886884814068],[0.7012411792624109,51.76807989783954],[0.7012565916275596,51.76728618817829],[0.7011465445428708,51.76649536296971],[0.7009121042806004,51.76571503785274],[0.7005555347134355,51.76495272696651],[0.7000802752784478,51.76421577061665],[0.6994909076430902,51.763511264628946],[0.6987931114023629,51.762845992069],[0.6979936092406516,51.76222635798344],[0.6971001020917567,51.76165832778853],[0.6961211949252507,51.76114736989669],[0.6950663138757817,51.7606984031306],[0.6939456155133916,51.760315749428464],[0.6927698891267399,51.760003092292536],[0.6915504529565745,51.759763441378915],[0.6902990453733988,51.75959910356671],[0.6892845089084395,51.75952932450755],[0.6898384170893559,51.75912075920712],[0.6905619706388827,51.75846619335097],[0.6911786344215137,51.75777076475139],[0.6916255440443866,51.75712361101522],[0.6849823999599258,51.749209281793725],[0.6673451717017103,51.75126731598896],[0.6672510346551739,51.7514035254223],[0.6668644888932868,51.75216017791075],[0.6665992868110036,51.752936702182964],[0.6664579885206967,51.75372562062313],[0.666441961251257,51.75451933587001],[0.6665513659331616,51.75531020396985],[0.6667851553957872,51.75609060799358],[0.6671410842040815,51.75685303140857],[0.6676157300493678,51.75759013049838],[0.6682045264972958,51.758294805131285],[0.6689018067856614,51.75896026719471],[0.6697008582572186,51.75958010603422],[0.6705939869086991,51.76014835026433],[0.6715725914381732,51.760659525352935],[0.6726272460795536,51.76110870642215],[0.6737477914265794,51.76149156575389],[0.6749234323696857,51.761804414539476],[0.6761428421989144,51.76204423846899],[0.6773942718649077,51.76220872681477],[0.678408854014763,51.762278607957626],[0.6778548029806392,51.76268712116806],[0.6771309973696971,51.76334161187851],[0.6765140420708381,51.764036970260655],[0.6763096168963008,51.764332781337515],[0.6762119965169118,51.76438124868053],[0.6752962714133904,51.76493552949531],[0.6744724917440058,51.76554282868362],[0.6737485922276429,51.76619729960408],[0.6731315469182925,51.76689264120236],[0.6726273019449803,51.76762215862241],[0.6722407181074012,51.76837882761763],[0.6719755238854368,51.7691553621441],[0.6719419723481863,51.76934276671201],[0.6710472825097551,51.76956463295004],[0.6699115077382178,51.76993005832684],[0.6688389135181261,51.77036278279182],[0.6678398269843395,51.77085864086287],[0.667707237871874,51.770938867729086],[0.6673216970612635,51.77103445639287],[0.6661858543731248,51.771399846609306],[0.6651131888977823,51.771832537950964],[0.6641140284552906,51.77232836525462],[0.6633863327279116,51.772768614464795],[0.6628500147064397,51.77254019718923],[0.6617292805985375,51.77215723709446],[0.6605534543202641,51.77184425924629],[0.6593338550766397,51.771604276386775],[0.6580822228091979,51.77143959858896],[0.6568106053438698,51.771351811051545],[0.6555312425972089,51.77134175886097],[0.6549281443193062,51.771373826977026],[0.6548997388069631,51.77127895956402],[0.6545438926085838,51.770516499434784],[0.6540693145369441,51.769779347894634],[0.6534805797067472,51.769074602651735],[0.6527833616289304,51.768409049077945],[0.6519843774307045,51.76778909492746],[0.6510913230686851,51.76722070869936],[0.6501127991627574,51.76670936223452],[0.649058228166852,51.76625997809667],[0.6479377636743114,51.76587688224156],[0.6467621927294278,51.76556376242701],[0.6455428320822255,51.76532363276176],[0.6442914193802414,51.765158804731925],[0.6430200003383454,51.76507086498207],[0.6417408129651763,51.765060660063384],[0.6404661699521655,51.76512828829459],[0.6392083403483535,51.76527309881359],[0.6379794316508065,51.765493697828894],[0.6367912734366524,51.76578796201139],[0.6356553036484658,51.766153058898645],[0.6345824586200338,51.76658547411689],[0.6335830678947368,51.767081045160765],[0.6326667548440702,51.76763500140793],[0.6318423440396553,51.768242009986125],[0.6311177762688387,51.76889622705359],[0.6305000320123023,51.769591354002365],[0.6299950641224478,51.770320698045865],[0.6296077403545793,51.77107723661],[0.6293417963096887,51.77185368491034],[0.6291997992488498,51.77264256606635],[0.6291831231357617,51.77343628307946],[0.6292919351567554,51.77422719198233],[0.6295251938575862,51.775007675455996],[0.6298806589247176,51.775770216205316],[0.6303549125264211,51.77650746938593],[0.6309433920171896,51.77721233338361],[0.6316404336986378,51.77787801826289],[0.6324393272223715,51.77849811122353],[0.6333323801163452,51.77906663843208],[0.6342086228651751,51.77952461909703],[0.6435569512956274,51.78097581286867]]]}},{"type":"Feature","properties":{"db_school_name":"Silver End Academy","harvested_label":"Silver End Academy","urn":"144955","margin_m":689.3},"geometry":{"type":"Polygon","coordinates":[[[0.6077912644880642,51.850576785505666],[0.6123226617210317,51.858489280564186],[0.6123229660881652,51.85848884206735],[0.6127971167651678,51.858650795256864],[0.6139749137503292,51.858964220346195],[0.6151966677750473,51.85920464168996],[0.6164506071914748,51.85936974279839],[0.6177246497719427,51.85945793291246],[0.6190065193022087,51.85946836235238],[0.6202838640576209,51.85940093071439],[0.6215443760115921,51.85925628783618],[0.622775909618533,51.85903582752203],[0.623966599017706,51.8587416740883],[0.6242846256849138,51.85863970254945],[0.6246499007936158,51.85866496444675],[0.6259317466507843,51.8586753186645],[0.6272090559048553,51.85860781222574],[0.6284695208717445,51.85846309568915],[0.6297009964592718,51.85824256356897],[0.6308916173666159,51.85794834087356],[0.6320299125658105,51.85758326259577],[0.6331049159546239,51.85715084635389],[0.6341062721082297,51.8566552584492],[0.6350243361057393,51.85610127366918],[0.6358502664664625,51.855494229226615],[0.6365761102989306,51.854839973281045],[0.6371948798426289,51.854144808541314],[0.6376654558420495,51.85346614551226],[0.6378130788881906,51.85337705235858],[0.638638922400904,51.85276998928129],[0.6393646827049667,51.8521157170131],[0.6399833728445131,51.85142053841975],[0.6404890381538864,51.850691150122174],[0.6408768134635322,51.84993457794014],[0.6411429697748323,51.84915810917563],[0.6412849499612817,51.84836922238988],[0.6412890911454939,51.84816932932803],[0.6414523641508272,51.848070770158834],[0.642278063130107,51.847463683050236],[0.643003687187177,51.84680938970165],[0.6434844929417459,51.846269019639706],[0.6436440077086659,51.84608280282267],[0.6441278001572446,51.845384790282324],[0.6445154715690319,51.844628206964536],[0.6447815369144797,51.84385173063669],[0.6449234399415982,51.843062839932394],[0.6449398205290932,51.84226913265833],[0.6448759534297613,51.8418069731569],[0.6448772231771576,51.84180722276612],[0.6360360898469308,51.83490119579679],[0.6352263181327117,51.834741912554925],[0.6339730051487922,51.834577002573155],[0.6326996417142012,51.83448897893479],[0.6314184845376636,51.83447868899691],[0.6301418652543849,51.83454623189592],[0.6288820719194452,51.83469095759147],[0.6276512309161995,51.834911473109926],[0.6264611904074018,51.83520565592819],[0.6253234064425041,51.83557067437025],[0.6242488328098464,51.836003014821394],[0.6232478156875809,51.836498515500566],[0.6223299941024808,51.83705240646787],[0.6215042071514829,51.83765935548471],[0.6207784088775071,51.83831351928815],[0.6201595916193086,51.83900859978826],[0.6196537185753693,51.83973790465055],[0.6192656662349673,51.84049441168264],[0.6190875100478352,51.84101347864593],[0.6178758000086824,51.841003610342476],[0.6165989708455029,51.84107100889633],[0.6153389473648101,51.84121559238944],[0.6141078581628654,51.84143596921667],[0.6129175537888572,51.84173001818988],[0.6117794928293678,51.84209490892145],[0.610704631736279,51.842527129026365],[0.6097033194522037,51.84302251788246],[0.6087851978428273,51.84357630662695],[0.6079591088912415,51.84418316400622],[0.607233009546101,51.84483724764051],[0.6066138950435919,51.845532260212885],[0.6061077314434977,51.846261510044094],[0.6057193980327645,51.84701797547294],[0.6054526401566022,51.84779437242425],[0.605420574593978,51.84797174982881],[0.6077912644880642,51.850576785505666]]]}},{"type":"Feature","properties":{"db_school_name":"Tollesbury School","harvested_label":"Tollesbury School","urn":"114925","margin_m":914.8},"geometry":{"type":"Polygon","coordinates":[[[0.8442897828580441,51.74341252413839],[0.843038339586878,51.7432498149461],[0.8417672372029418,51.74316402281048],[0.8404887106640497,51.743155973617924],[0.8392150663055382,51.74322574494435],[0.837958563575968,51.743372665305834],[0.8367312972193499,51.743595320608],[0.8355450810290205,51.743891567732746],[0.8344113342837671,51.74425855513251],[0.8333409719518515,51.74469275023567],[0.8323442997134718,51.74518997340113],[0.8314309148073147,51.7457454380979],[0.8306096136524024,51.746353796925],[0.829888307133023,51.747009193032184],[0.8292739443625972,51.747705316448446],[0.828772445662606,51.74843546477955],[0.828388645405726,51.7491926076919],[0.8281262452790491,51.74996945456511],[0.8279877784243375,51.75075852466301],[0.8279873899284961,51.750781895522834],[0.8275730552195807,51.75098854481246],[0.8273721159836275,51.751024976076806],[0.8261856419377371,51.7513211321567],[0.8250516319311201,51.75168803270046],[0.8239810034639738,51.752122145972855],[0.8229840647763964,51.752619293121114],[0.8220704156703957,51.753174688346576],[0.8212488551071677,51.75378298491795],[0.8205272964676148,51.754438326585195],[0.8199126912922453,51.75513440390244],[0.8194109622367542,51.75586451492027],[0.8190269458926936,51.75662162966547],[0.8187643460293068,51.757398457789904],[0.8186256977136906,51.758187518739],[0.818612342662905,51.75898121376566],[0.8187244160743963,51.75977189909717],[0.8189608450710548,51.76055195955098],[0.8193193587856582,51.761313881890445],[0.8197965099970548,51.76205032721305],[0.8203877081187426,51.76275420167315],[0.8210872632302213,51.76341872485634],[0.8218884407339293,51.76403749514439],[0.8227835261168153,51.76460455143941],[0.8237638991965676,51.765114430649376],[0.8248201171393221,51.76556222037864],[0.8259420054493958,51.76594360631332],[0.8271187560527783,51.76625491384166],[0.828339031526096,51.76649314350624],[0.829591074461804,51.76665599994428],[0.830862820909455,51.76674191403462],[0.8321420167924263,51.76675005803713],[0.8334163361699463,51.76668035357755],[0.8346735001958948,51.76653347239988],[0.8359013956190039,51.766310829879835],[0.8361246100072264,51.76625511033467],[0.8370109243907717,51.76631493843855],[0.8382901066872669,51.766323015645256],[0.8386792254187948,51.76630171190986],[0.8395059119664837,51.766731454599885],[0.8405623186737597,51.76717909974171],[0.8416843745402968,51.767560332613314],[0.8428612698749816,51.767871480077744],[0.8440816658575258,51.76810954422006],[0.8453338039172241,51.7682722312726],[0.8466056191855339,51.76835797374674],[0.8478848569217124,51.76836594555651],[0.8491591907812952,51.76829606998734],[0.8504163417788067,51.76814902043256],[0.8516441967893023,51.76792621389082],[0.8528309254379601,51.76762979728768],[0.8539650942429972,51.76726262675432],[0.8550357769045894,51.76682824006448],[0.8560326596707971,51.76633082249772],[0.8569461407603939,51.765775166459825],[0.8577674228814042,51.765166625252284],[0.8584885979525455,51.76451106143908],[0.8591027232116799,51.76381479031082],[0.8596038879803063,51.76308451899386],[0.8599872704448661,51.762327281793446],[0.86024918391354,51.76155037239598],[0.8603871121099269,51.76076127358536],[0.8603997331718907,51.75996758515208],[0.860286932133427,51.759176950690154],[0.8600498017789239,51.75839698398745],[0.8596906318712768,51.75763519571828],[0.8592128868671365,51.75689892114343],[0.8586211723428596,51.75619524951295],[0.8579211904625023,51.7555309558495],[0.8571196849235684,51.75491243576732],[0.8562243759160488,51.754345643951744],[0.8552438857247666,51.75383603688939],[0.8541876556933712,51.75338852039697],[0.8536321908424884,51.75319981017602],[0.8538664484960619,51.75250511504381],[0.8540044669385997,51.75171602139501],[0.854017203715171,51.75092233091915],[0.8539045427419305,51.750131687230436],[0.8536675754512734,51.74935170420634],[0.8533085900330917,51.74858989267907],[0.8528310491652717,51.74785358813426],[0.8522395564568526,51.74714988011145],[0.8515398119350179,51.746485543984654],[0.850738557011452,51.745866975777865],[0.8498435094633844,51.74530013064068],[0.848863289059142,51.74479046557384],[0.8478073345463256,51.744342886953234],[0.8466858128019644,51.74396170335469],[0.8455095210176751,51.743650584131196],[0.8442897828580441,51.74341252413839]]]}},{"type":"Feature","properties":{"db_school_name":"North Primary School and Nursery","harvested_label":"North Primary School and Nursery","urn":"114709","margin_m":371.1},"geometry":{"type":"Polygon","coordinates":[[[0.88562029852862,51.88656693269038],[0.8837814275264785,51.888339187994276],[0.8876891872903716,51.8908523156429],[0.887085022462317,51.89287276864189],[0.8832811193640603,51.89646915365592],[0.8857649552120207,51.89770500307635],[0.8874249853149517,51.89897120489142],[0.8942479175674221,51.899101356409524],[0.8971651499926292,51.89997752189679],[0.9004006921714437,51.89982430760563],[0.9008286573232717,51.89958345220451],[0.9121054002492218,51.90179269535575],[0.9121549744871222,51.901820704816494],[0.9126780793120024,51.900985955030826],[0.9147704218486996,51.89610606552206],[0.9135808515830575,51.89488309017024],[0.9060799385196582,51.895397960070106],[0.9045286577671161,51.89372677612558],[0.9051538364547211,51.892706874511035],[0.9022224614028682,51.89073289552603],[0.9007542147590685,51.89025291024927],[0.9003942573669356,51.89027250676602],[0.8998078585151695,51.889832245325884],[0.8974898357353306,51.89054290886129],[0.8973355114557678,51.88973497171253],[0.8965079446166303,51.889273150265964],[0.8951751200646293,51.889219206315964],[0.894496048019705,51.88880263475693],[0.8949015782122592,51.88763296077554],[0.8948080966434979,51.88740193626369],[0.89386482128164,51.88674277191663],[0.8925538824082577,51.88710020966857],[0.8916189218514434,51.88791565391981],[0.8893020759171815,51.888305516504914],[0.8880240884691576,51.886388614880936],[0.88562029852862,51.88656693269038]]]}},{"type":"Feature","properties":{"db_school_name":"St John's Green Primary School","harvested_label":"St John's Green Primary School","urn":"114711","margin_m":309.4},"geometry":{"type":"Polygon","coordinates":[[[0.8890297063023863,51.88551461368683],[0.8925538824082577,51.88710020966857],[0.89386482128164,51.88674277191663],[0.8948080966434979,51.88740193626369],[0.8949015782122592,51.88763296077554],[0.894496048019705,51.88880263475693],[0.8951751200646293,51.889219206315964],[0.8965079446166303,51.889273150265964],[0.8973355114557678,51.88973497171253],[0.8974898357353306,51.89054290886129],[0.8998078585151695,51.889832245325884],[0.9003942573669356,51.89027250676602],[0.9007542147590685,51.89025291024927],[0.9022224614028682,51.89073289552603],[0.9051538364547211,51.892706874511035],[0.9065772837680933,51.891402881179125],[0.9065439613529225,51.89010332044808],[0.9077990321314832,51.888884339319084],[0.9065768058181567,51.88666608654578],[0.904553622668905,51.886537238489154],[0.905618585641819,51.88269926647394],[0.9045791908101553,51.88252437894475],[0.9032786948099043,51.88254171847238],[0.8982474543152659,51.88085758368363],[0.8970258008320646,51.87964206320361],[0.894619113143793,51.88021101616241],[0.8878270444491683,51.879786967161046],[0.8871871948393157,51.880524936964335],[0.8899570629422703,51.88336341992177],[0.8922042253686798,51.88274683010179],[0.8932394162680183,51.8843235901689],[0.8931326591595841,51.88508193273394],[0.8891619857428652,51.885250590408255],[0.8890297063023863,51.88551461368683]]]}},{"type":"Feature","properties":{"db_school_name":"St. George's School","harvested_label":"St George's School, Colchester","urn":"114704","margin_m":393.4},"geometry":{"type":"Polygon","coordinates":[[[0.8982474543152659,51.88085758368363],[0.9032786948099043,51.88254171847238],[0.9045791908101553,51.88252437894475],[0.905618585641819,51.88269926647394],[0.904553622668905,51.886537238489154],[0.9065768058181567,51.88666608654578],[0.9088152633963934,51.88511135645461],[0.9108771408818559,51.88671393558463],[0.9153191201807578,51.88627585507683],[0.9152855824983056,51.886237190558916],[0.9125234845232062,51.884322300575285],[0.9122809413003772,51.88421032725468],[0.9154516765316716,51.88186334248262],[0.9143731652377405,51.8805672164223],[0.9145303441709762,51.88045017732357],[0.9184114078850638,51.879064412498366],[0.918056189695875,51.87829286322215],[0.9165307553764871,51.87606439841466],[0.9173341763851952,51.87509157387581],[0.911925803749657,51.873242543176914],[0.9116533060806435,51.872816418936154],[0.9111646644945478,51.871450557461436],[0.9078840668468574,51.87139300689601],[0.9052834245258332,51.87261059822046],[0.9054379300569605,51.876225404802426],[0.9030800966397103,51.87701282210825],[0.8977958741557985,51.877661178481716],[0.8970258008320646,51.87964206320361],[0.8982474543152659,51.88085758368363]]]}},{"type":"Feature","properties":{"db_school_name":"Kendall Church of England Primary School","harvested_label":"Kendall Church of England Primary School","urn":"115064","margin_m":223.2},"geometry":{"type":"Polygon","coordinates":[[[0.9184114078850638,51.879064412498366],[0.9145303441709762,51.88045017732357],[0.9143731652377405,51.8805672164223],[0.9154516765316716,51.88186334248262],[0.9122809413003772,51.88421032725468],[0.9125234845232062,51.884322300575285],[0.9152855824983056,51.886237190558916],[0.9153191201807578,51.88627585507683],[0.9155383624600665,51.88636118618616],[0.9164287517545786,51.88700740663414],[0.9176448966293066,51.88720024026056],[0.9206348423472982,51.88823507769947],[0.9220450028628459,51.889552247658415],[0.9241440981266337,51.88968739439983],[0.9262874581519883,51.88815125958108],[0.927104540296384,51.885873684689095],[0.9269401448189354,51.88553454840237],[0.9233425748983713,51.88377371285399],[0.9227786283051345,51.88262450419962],[0.9233528439060654,51.881872089275745],[0.9232982528888384,51.87983061576205],[0.925749553963753,51.877859839319946],[0.9276066584096211,51.87743303172531],[0.9312948310904695,51.87816791135407],[0.9422762473042992,51.87432796171587],[0.9444084314756409,51.87315606150681],[0.9444082009417243,51.87315601686788],[0.9442978816793426,51.8727964839815],[0.9442593704060303,51.87271537933342],[0.9407782280020516,51.86918928329468],[0.9346490248006186,51.869584574226884],[0.9320998421008181,51.870277152624624],[0.9220808632312546,51.87053666491855],[0.9209725761155427,51.870396362554374],[0.91967356469069,51.87407457159146],[0.9173341763851952,51.87509157387581],[0.9165307553764871,51.87606439841466],[0.918056189695875,51.87829286322215],[0.9184114078850638,51.879064412498366]]]}},{"type":"Feature","properties":{"db_school_name":"St Luke's Church of England Controlled Primary School","harvested_label":"St Luke's Church of England (Controlled) Primary School, Tiptree","urn":"115082","margin_m":273.6},"geometry":{"type":"Polygon","coordinates":[[[0.7597356107058243,51.812000839352365],[0.7715365595056654,51.813658746400584],[0.771603562671626,51.813561539852394],[0.7719888275585278,51.8128045680168],[0.7722525216385235,51.81202783454363],[0.7723921114967224,51.81123882053133],[0.7724062592830555,51.81044512496238],[0.7722948353475505,51.80965439150751],[0.772058919235267,51.80887423491509],[0.7717007890410327,51.808112167694254],[0.7714806024146972,51.80777205419303],[0.7714849677594853,51.807770646041185],[0.7676587505495641,51.80684960730778],[0.7564130395077848,51.81027002759914],[0.7519297988392833,51.80573302531351],[0.7516625433082954,51.80133744505605],[0.7516625298211246,51.80133744940438],[0.7511438882564235,51.801199966080176],[0.7499230452896998,51.800960943384084],[0.7486703022265613,51.80079724818501],[0.7473977175718399,51.800710456225346],[0.7470469039879073,51.80070797671407],[0.7470445273726118,51.800707346599914],[0.7433998705597832,51.81029682750177],[0.7448519221502835,51.81095590063261],[0.7436354673009788,51.81485690019376],[0.7431154793935472,51.815012113283686],[0.7452118721010044,51.81845016075459],[0.7482205967777522,51.816409427098066],[0.7480403994167848,51.815305574549065],[0.7506678637961405,51.81393513270656],[0.751596279760214,51.813197042365125],[0.7516066334049867,51.81314744908458],[0.7540687864834451,51.81235619904406],[0.7563800214068933,51.81039381798191],[0.7597356107058243,51.812000839352365]]]}},{"type":"Feature","properties":{"db_school_name":"Highfields Primary School","harvested_label":"Highfields Primary School","urn":"114769","margin_m":366.3},"geometry":{"type":"Polygon","coordinates":[[[1.045223151926441,51.93549417999337],[1.0513551502440233,51.9408567921334],[1.0385205102099797,51.94357810690804],[1.036770665675935,51.94693643464134],[1.036771430838287,51.94693624283606],[1.0371705722514675,51.94731131886983],[1.0379780364467799,51.94792849751302],[1.0388795283669772,51.94849378867817],[1.039866366079831,51.94900174625889],[1.0409290444292902,51.94944747635644],[1.042057326627874,51.949826684487206],[1.042102259311194,51.9498384222909],[1.0426635506872823,51.95049879669068],[1.0433693649013893,51.95116187705039],[1.044176983940774,51.951779010340246],[1.0450786312190137,51.95234425121012],[1.0460656233062093,51.95285215403774],[1.0471284535578527,51.95329782545145],[1.0482568837216157,51.953676971532815],[1.0494400426377994,51.953985939240596],[1.0506665310790813,51.95422175165553],[1.0519245317143096,51.95438213670308],[1.0528180126225997,51.95444048160132],[1.0528170279526472,51.95442599479877],[1.0528260248337074,51.95438709867723],[1.0528467057774715,51.9543487987553],[1.052873743677773,51.954317527139175],[1.0530781395496094,51.95417636508548],[1.053131443680943,51.954167789444384],[1.0532270432525839,51.954161711881774],[1.0533572878088877,51.95417091950868],[1.0534930683716317,51.95419976434019],[1.0535393960285195,51.954217443592626],[1.0535893362342756,51.954244110134525],[1.0536385045326564,51.95428239513396],[1.0536716209478427,51.9543210967482],[1.0537670848551812,51.95446803064515],[1.054347324678225,51.95447057559477],[1.0543860000215948,51.954379877924936],[1.054395614233884,51.954307698358896],[1.0539173232076229,51.954208532622914],[1.0538653081388532,51.954193698396686],[1.0537878778018093,51.95416693697497],[1.0537291962548219,51.95413878857926],[1.0536760814584627,51.95410779841754],[1.0536068845608955,51.954053848879695],[1.0536970038795652,51.95383652847362],[1.0537739093367247,51.95344781916005],[1.0537506890842294,51.95332164482856],[1.0536896960483655,51.95317298421733],[1.0538896006127334,51.95298707059961],[1.05404326119943,51.95280766253629],[1.0540695039710217,51.95276472197775],[1.0540844946809267,51.95272926767573],[1.054097925825342,51.95264790706336],[1.0541419735245587,51.9525685397398],[1.054242231776418,51.95245804248932],[1.0543344485008086,51.95233696311594],[1.0545647360383286,51.9521708499567],[1.055152558908566,51.95180393835075],[1.055237180242129,51.951742398592],[1.0553316471600844,51.951696787486966],[1.0556220395271805,51.95160104123302],[1.0557007840752386,51.95158191220768],[1.0557812112996978,51.95156633695809],[1.056003284921949,51.951535393052254],[1.0563345288248551,51.95148273100233],[1.0564763934653785,51.951451172644205],[1.0565799077529094,51.95140982058507],[1.0566260552710482,51.95138254668504],[1.056678839339946,51.95134521071173],[1.0569444686104201,51.95109905117494],[1.057069057493522,51.950963552166556],[1.0571446266981221,51.950853692955874],[1.0572317227529675,51.950678707440446],[1.0573483950671005,51.95053271475886],[1.0573865624427106,51.9504957574002],[1.0575662829032015,51.950376898179606],[1.0576474699413712,51.95030906114056],[1.057747225851764,51.950191380511576],[1.0583485751843176,51.9496819485249],[1.0585669757170044,51.94951262949858],[1.0589226308600246,51.94936932298998],[1.0592043837430996,51.94927568007193],[1.0595077843048022,51.94920035607407],[1.05985151347413,51.94913926741723],[1.059931903951082,51.94914436887515],[1.0601243924172716,51.94912857308603],[1.0602499781325172,51.94911361703201],[1.0603836346632594,51.94908856125397],[1.0605139280370366,51.94905639953367],[1.0606278565082954,51.94902007835055],[1.0609368160660126,51.94889785056406],[1.0611429101960586,51.948803475070605],[1.0613428279542696,51.948704763001835],[1.0615308111667325,51.94859997822705],[1.061846637686681,51.948344408993265],[1.062089543002786,51.94819332711435],[1.0623967435011814,51.94802429667294],[1.0625464460101357,51.947956562162595],[1.0632738892522948,51.947674986865884],[1.0634200149541035,51.94761993215244],[1.0635338822009828,51.94758279933224],[1.063645425068875,51.94755382050351],[1.0638017634485983,51.94752007741176],[1.0640957860645779,51.94747645509604],[1.0644012760986674,51.94741095346529],[1.0645140725195605,51.94737924299038],[1.0645816773123664,51.94736759136228],[1.0646933112800434,51.947361086607465],[1.0647911881029013,51.94736573007826],[1.0653457880466888,51.947345885969554],[1.0662157594947896,51.94734029732557],[1.0663339731798167,51.947366887816194],[1.0664886095269357,51.94743658523623],[1.066685961634924,51.9475132616367],[1.0671006224704647,51.94774620601536],[1.0673093854685003,51.947840566226134],[1.0674334431747612,51.94788768285077],[1.0681695163548217,51.94815989565887],[1.0694097575372958,51.948546717759584],[1.0696236012864841,51.94862925294313],[1.0697811207381718,51.94869887088681],[1.070038709152223,51.94882620993099],[1.070281955638734,51.94897720964851],[1.0704521143495085,51.94908246243668],[1.0707210353058834,51.94928952630603],[1.0712543788709188,51.9497676072871],[1.0713541183633912,51.94999248359676],[1.0714017790956138,51.950050671704204],[1.071426526947619,51.95009318358693],[1.0714529317861092,51.950159928459975],[1.0715546487137744,51.95092441037915],[1.0715694759483647,51.95101312732942],[1.0715943564808155,51.951099693085695],[1.0716402188434417,51.95119650096585],[1.071699204313411,51.95129215674163],[1.0719631160006857,51.951681872091626],[1.0721124779238784,51.95184431081615],[1.0722210928975038,51.95192158649749],[1.072797107078105,51.952171876665574],[1.072978671127104,51.952208494405426],[1.0730463160136936,51.95221841591363],[1.0731751846931683,51.95223033475973],[1.0733327337602072,51.95223521032903],[1.073718195508123,51.95223143405432],[1.0739934945978276,51.952190973652996],[1.074124276476709,51.9521659773801],[1.0743459882753834,51.95210884318455],[1.0746213015450192,51.95200723966637],[1.074769868174944,51.95194401438654],[1.0750023322680893,51.95183184139714],[1.075422403773001,51.95165353257442],[1.0762461734441275,51.95118413878697],[1.0763705927588059,51.951089083926504],[1.0766215241549204,51.95082087466542],[1.0773434775220065,51.94967322302158],[1.077910888129388,51.948671762696655],[1.0785999237121182,51.947407177828026],[1.0787218099990827,51.947210585304575],[1.0788610055172603,51.94701093140163],[1.078974407342028,51.94686041598202],[1.0792550448476679,51.94651670542427],[1.0793589856538526,51.94639799680419],[1.079414657268743,51.94631912461373],[1.079472737039719,51.94621060754845],[1.0795115447394101,51.94601349066291],[1.0795470405771868,51.945936134975355],[1.0796232665756755,51.94579477467573],[1.079626921077443,51.94578929952525],[1.0735124828545124,51.94205888737967],[1.0735548161740298,51.94175853900635],[1.067920839935742,51.94178923707173],[1.0608543675799769,51.94066753062377],[1.0611067089955981,51.93518657674289],[1.0622217163504353,51.9325515495163],[1.0622212210379522,51.932551640061774],[1.061786625967308,51.93227919748695],[1.0613349516431057,51.93204675939985],[1.045223151926441,51.93549417999337]]]}},{"type":"Feature","properties":{"db_school_name":"Stourview Church of England Primary Academy","harvested_label":"Stourview Church of England Primary Academy","urn":"151532","margin_m":447.2},"geometry":{"type":"Polygon","coordinates":[[[1.0608543675799769,51.94066753062377],[1.067920839935742,51.94178923707173],[1.0735548161740298,51.94175853900635],[1.0735124828545124,51.94205888737967],[1.079626921077443,51.94578929952525],[1.0796905177011187,51.94569401925768],[1.0799681216616288,51.94536926801282],[1.0804470993084612,51.94499069050107],[1.080508538216178,51.94495221749444],[1.0806304107229494,51.944883388615196],[1.080754336524658,51.944823497929455],[1.0808974327074852,51.94476670170701],[1.0811876622279974,51.94466999695315],[1.0819857088924227,51.9446347051697],[1.0823131943944004,51.944635116187634],[1.082734921807681,51.94465193939654],[1.0830730050002997,51.94467913412805],[1.0840911267797904,51.94481878625028],[1.084262302427423,51.94485296145489],[1.0844281638781585,51.94489536756273],[1.0845919579088386,51.94494960606437],[1.085856373211531,51.945304961140856],[1.0860047456200188,51.94534602503607],[1.0861822910437597,51.94538902158611],[1.0863135661944527,51.94541524938733],[1.08736031226099,51.945567699666256],[1.0876606361585108,51.945638940483704],[1.0878607858867473,51.945693029712466],[1.088128431528513,51.94577591799522],[1.0883965324757805,51.94584269822335],[1.0891834137299363,51.94611074923777],[1.0898397643741908,51.94645055841031],[1.0902119187329538,51.94661341673945],[1.0904409678640796,51.946705495469104],[1.0908988936272357,51.94686789627175],[1.0911293939630289,51.94693916590878],[1.0915273960693452,51.94705377665049],[1.091938854277068,51.94713197668915],[1.0925028751311925,51.94718638454439],[1.0941490741010682,51.94737876124373],[1.0946157273106993,51.94749686148482],[1.0948994581963616,51.9475811992495],[1.0950392886104192,51.947625173884425],[1.095887699510067,51.94808847298799],[1.0960685290877168,51.94819799444376],[1.096416442907547,51.94843169327414],[1.0970817354406832,51.94898342288795],[1.0974098045693277,51.94920868093812],[1.0984001673495294,51.94888666370564],[1.0994726443400917,51.94845002956725],[1.1004706770412898,51.947950530364906],[1.1013846526410234,51.94739297856899],[1.1022057691432474,51.94678274575151],[1.1029261201324563,51.94612571077636],[1.1035387708633764,51.94542820310611],[1.104037824945154,51.94469694177463],[1.1044184809817137,51.94393897061545],[1.1046770786284394,51.94316159037254],[1.1048111336286626,51.94237228834918],[1.1048193615008028,51.94157866627408],[1.1047016896571884,51.94078836708022],[1.10445925784752,51.940009001302634],[1.1040944069325032,51.93924807380302],[1.1036106561053982,51.93851291152694],[1.1030126687898423,51.93781059298753],[1.102306207550446,51.93714788015322],[1.1014980784572412,51.93653115339328],[1.1005960654450715,51.93596635010519],[1.0996088553037309,51.93545890761155],[1.0985459540229707,51.935013710874394],[1.09741759529788,51.93463504552635],[1.096776029409015,51.93446774091084],[1.0962662046426037,51.93407858376933],[1.0953643062324245,51.93351373829538],[1.0953246044041502,51.933493327112345],[1.091636536234617,51.93203001998793],[1.091671670447216,51.932048085394385],[1.0910033074137013,51.93187374333569],[1.0897772399807317,51.93163834435119],[1.0885197614929127,51.93147835554557],[1.0872429759825446,51.93139531699122],[1.0859591730570364,51.931390028074944],[1.0846807097941944,51.9314625398116],[1.0834198919920353,51.93161215434986],[1.0821888559069037,51.93183743167456],[1.0809994516092563,51.93213620344193],[1.0798631290714815,51.932505593816074],[1.0787908280766922,51.93294204710703],[1.077792873001874,51.9334413619473],[1.0768788734833779,51.93399873167971],[1.0760576319177038,51.93460879057056],[1.0756479519975108,51.934982257782984],[1.0755759389980013,51.934927257689914],[1.0746742765446704,51.934362249721275],[1.0736873860375808,51.93385458426488],[1.0726247703944145,51.93340914842958],[1.0714966605653602,51.93303023014998],[1.0703139171041691,51.93272147696237],[1.069087925719581,51.932485860940666],[1.067830487807467,51.93232565012687],[1.0665537070109241,51.93224238672971],[1.065269872892573,51.932236872299406],[1.063991342830267,51.932309160020836],[1.0627304232640264,51.93245855419819],[1.0622217163504353,51.9325515495163],[1.0611067089955981,51.93518657674289],[1.0608543675799769,51.94066753062377]]]}},{"type":"Feature","properties":{"db_school_name":"Bradfield Primary School","harvested_label":"Bradfield Primary School","urn":"114735","margin_m":835.8},"geometry":{"type":"Polygon","coordinates":[[[1.0953246044041502,51.933493327112345],[1.0952894676146405,51.93347526284302],[1.0959578703298125,51.93364957984767],[1.09718402273428,51.93388491291482],[1.0984415958540714,51.93404480743013],[1.0997184723963118,51.93412772281496],[1.1010023488033953,51.93413286022964],[1.1022808539944544,51.93406017027906],[1.1035416687613364,51.93391035348524],[1.1040078419394899,51.93382495794226],[1.1043361800560954,51.93403054327549],[1.105323409836934,51.934537945834585],[1.1063863642157097,51.93498308044069],[1.1075148037343823,51.93536165834839],[1.108697857135411,51.93567003199251],[1.1099241262027242,51.93590523017962],[1.1111817957159824,51.936064986755795],[1.112458747452121,51.93614776247189],[1.1137426771280385,51.936152759834386],[1.1150212131491006,51.936079930798165],[1.1162820360100942,51.93592997722582],[1.1175129971889548,51.935704344110015],[1.118702236378595,51.93540520562449],[1.1198382959187836,51.93503544413915],[1.1209102313179364,51.93459862240352],[1.1219077167935863,51.93409894916845],[1.1228211448097476,51.93354123857975],[1.1236417186489833,51.93293086373765],[1.1243615371258615,51.93227370487243],[1.1249736706261204,51.9315760926381],[1.125472227741347,51.930844747073586],[1.1258524118613074,51.93008671282155],[1.1261105671845373,51.929309291231355],[1.1262442137111461,51.928519970002306],[1.1262520708890846,51.9277263510459],[1.1261340696952753,51.92693607726319],[1.125891353044967,51.926156758942724],[1.125526264535118,51.925395900487786],[1.1250423256398534,51.92466082817792],[1.1244442015866145,51.92395861965916],[1.123737656249657,51.92329603584014],[1.1229294965021683,51.9226794558479],[1.1220275065681853,51.92211481566702],[1.1210403730101686,51.92160755105035],[1.119977601076403,51.92116254524821],[1.118849423213673,51.92078408205619],[1.1176667006242327,51.92047580463103],[1.1164408188112434,51.920240680468495],[1.1151835781130788,51.92008097287775],[1.1139070802736815,51.919998219225526],[1.1134340269946965,51.91999637685414],[1.1125782818028405,51.919460512294954],[1.1115913110489575,51.91895316547954],[1.1105286928838878,51.918508071566116],[1.1094006582760054,51.91812951519865],[1.1082180670503874,51.917821140430966],[1.1069923034473987,51.91758591569571],[1.105735166669081,51.917426105270124],[1.1044587574603661,51.91734324751054],[1.1031753618092204,51.9173381400643],[1.1018973328766275,51.917410832200254],[1.100636972283904,51.91756062433102],[1.099406411890809,51.91778607473218],[1.0982174971934233,51.918085013393934],[1.0981817490730728,51.91809664459247],[1.0973494948388272,51.91819552991248],[1.096118899265397,51.918420946434686],[1.0949299446962575,51.91871985245182],[1.0937940767786678,51.91908937083524],[1.0927222309231202,51.91952594466208],[1.0917247271283954,51.92002537140362],[1.0908111706890102,51.92058284332426],[1.089990359737664,51.92119299370521],[1.0892702005112853,51.921849948450564],[1.0886576311568583,51.922547382581804],[1.0881585548127588,51.92327858107942],[1.0877777826139972,51.92403650348886],[1.087518987175728,51.924813851670486],[1.0873846670100278,51.925603140043734],[1.0873761222268425,51.92639676765003],[1.087493441762204,51.92718709134188],[1.0877355022663526,51.9279664993935],[1.0880999786723113,51.92872748482421],[1.0885833663527131,51.92946271772759],[1.08918101466054,51.930165115908544],[1.089887171538887,51.930827913146395],[1.0906950387769818,51.931444724424175],[1.0915968373857066,51.93200960749355],[1.091636536234617,51.93203001998793],[1.0953246044041502,51.933493327112345]]]}},{"type":"Feature","properties":{"db_school_name":"Wix and Wrabness Primary School","harvested_label":"Wix and Wrabness Primary School","urn":"114739","margin_m":813.7},"geometry":{"type":"Polygon","coordinates":[[[1.1479309455831692,51.9058388680068],[1.1361661920014678,51.90368618814195],[1.131653707569007,51.90088148983215],[1.131654438949766,51.90088301453183],[1.1308060308319228,51.90072032415111],[1.1295492942339096,51.900560761622096],[1.1282733320925287,51.900478155073515],[1.1269904260955583,51.90047329973577],[1.125712924694891,51.90054624245192],[1.124453124438936,51.90069628122329],[1.1232231517992999,51.900921971951725],[1.1228141790131823,51.901024937641616],[1.1228161614675067,51.90102267702781],[1.1162315364055053,51.9045208124754],[1.1157672783404022,51.90505005078248],[1.1152688297437863,51.90578135586465],[1.1148886538004112,51.906539358140954],[1.1146304173810848,51.90731675869989],[1.1144966136104115,51.90810607145366],[1.1144885376197584,51.90889969520623],[1.1146062738236377,51.9096899868447],[1.1148486948516267,51.91046933494982],[1.115213472155975,51.911230233116505],[1.1156970982022791,51.9119653522773],[1.1162949200385848,51.912667611331734],[1.1170011839276932,51.91333024539865],[1.1178090906197244,51.913946871032756],[1.1187108607379785,51.914511547774396],[1.1196978096520502,51.91501883543692],[1.1207604311189296,51.91546384657713],[1.1218884888864744,51.91584229364048],[1.1230711153750104,51.91615053032379],[1.1242969164828256,51.91638558675462],[1.1255540815007001,51.916545198146146],[1.1265451954768442,51.91660935894064],[1.1264492800150945,51.91680066227136],[1.1261911931793416,51.917578084754716],[1.1260575700509432,51.91836740666625],[1.1260497040259927,51.91916102672092],[1.126167677500849,51.919951301840385],[1.1264103608233602,51.92073062076333],[1.1267754229223048,51.92149147736436],[1.127259353522278,51.922226542975196],[1.1278574967391213,51.92292873700975],[1.1285640957404341,51.923591295211814],[1.1293723480479536,51.92420783486566],[1.1302744709545471,51.924772416338726],[1.131261776429475,51.9252796003611],[1.1323247547923474,51.925724500487185],[1.1334531663498373,51.92610283023123],[1.1346361401105665,51.926410944419885],[1.1358622786236492,51.9266458743606],[1.1371197679256428,51.926805356485175],[1.1383964915300007,51.92688785418995],[1.1396801473530107,51.926892572661345],[1.1409583664410121,51.92681946654241],[1.1422188323457936,51.9266692403664],[1.1434493999886828,51.92644334175328],[1.1446382128589934,51.92614394743515],[1.1457738174091103,51.92577394224696],[1.1468452735363892,51.92533689128597],[1.1478422600810918,51.92483700551087],[1.1487551743189637,51.92427910111408],[1.1495752244866935,51.92366855306166],[1.150294514447425,51.92301124325085],[1.150906119681104,51.922313503787805],[1.1514041538699131,51.92158205593487],[1.1514785658860731,51.92143347548883],[1.1520412554237678,51.92143548431725],[1.1533192938311005,51.92136224665575],[1.1545795604822504,51.92121189105914],[1.1558099122205536,51.92098586639461],[1.1569984946180143,51.920686350609],[1.1581338563501682,51.9203162297075],[1.1592050596564645,51.91987906990204],[1.160201785815496,51.91937908319962],[1.1611144346139517,51.91882108676449],[1.16193421684778,51.91821045644867],[1.1626532389629287,51.91755307494094],[1.1632645790207339,51.91685527503727],[1.1637623532584203,51.91612377858104],[1.1641417726076455,51.9153656316648],[1.1643991886323632,51.91458813671947],[1.1645321284506904,51.91379878214716],[1.1645393183126844,51.913005170176845],[1.1644206956161307,51.91221494363883],[1.164177409254266,51.91143571236345],[1.1638118083018882,51.9106749799129],[1.1633274191583893,51.909940071350924],[1.1627289113768575,51.90923806274493],[1.1620220525163127,51.90857571307726],[1.1612136524587522,51.90795939921959],[1.1603114977325002,51.90739505459386],[1.1593242764779783,51.90688811210771],[1.1582614947802556,51.9064434519109],[1.1571333851739578,51.90606535447297],[1.1559508081996366,51.90575745943113],[1.1547251479557465,51.905522730601774],[1.153468202646567,51.90536342749035],[1.1521920711731164,51.905281083571836],[1.1509090368510526,51.90527649154946],[1.150903089259323,51.90527683237175],[1.1479309455831692,51.9058388680068]]]}},{"type":"Feature","properties":{"db_school_name":"The Mayflower Primary School","harvested_label":"The Mayflower Primary School","urn":"114747","margin_m":216.4},"geometry":{"type":"Polygon","coordinates":[[[1.2723036952618039,51.94096266452588],[1.2731604161833232,51.94412658667762],[1.2765298746382279,51.942463160864484],[1.2783938690934311,51.940897112712285],[1.2810975268681533,51.93759912478258],[1.2814109888416085,51.937349302658966],[1.2848936598016867,51.93729183061995],[1.2852539385537753,51.93722830914303],[1.288233201236166,51.93580211307042],[1.2877818742532554,51.93567446188066],[1.2873099379544026,51.935557827481766],[1.2870964065314077,51.93555555313737],[1.2868607715916438,51.935615716902504],[1.2865717713090141,51.93562997578001],[1.2858635993487426,51.93556527268435],[1.2855320068599503,51.93545295260878],[1.2853843221461965,51.93530252396034],[1.2852611301654397,51.935167895799964],[1.2851328274934086,51.934963346200504],[1.2850407823206733,51.93484433354402],[1.284823215173276,51.934741192035546],[1.2841604782746707,51.93456805228251],[1.283545866792629,51.93432349941843],[1.283327983829466,51.934261578739765],[1.2829897306502889,51.93419477350971],[1.2826188529884208,51.93404644935332],[1.282423960630592,51.933979763236856],[1.2822845968140666,51.93385176611028],[1.2821740808651643,51.93379921050153],[1.2820033571763216,51.9337895496471],[1.2818108682821432,51.93375576777261],[1.281160712962167,51.93357195637654],[1.2807825685701668,51.93346092186416],[1.2805169400114318,51.93333850541098],[1.2802872844721502,51.93325217855222],[1.2799212522559051,51.9331243177946],[1.2796680591144067,51.93294385227229],[1.2794183713915734,51.93272001318553],[1.279235497732099,51.932543768674805],[1.2790444974279138,51.93230180678131],[1.2789387688542035,51.93208631656065],[1.2788541495338974,51.93197739702205],[1.2786512942008583,51.931847043702476],[1.278442113244979,51.93167565258525],[1.2780535458050675,51.93141957788126],[1.2779077012608102,51.93126274159043],[1.2777815151125267,51.93108293619821],[1.2777598136417638,51.93096088634052],[1.2778054138736572,51.93076706138937],[1.2778515390313407,51.93066817935001],[1.2778386062699798,51.93060787218666],[1.2777810432481735,51.93057914224352],[1.2774826223207856,51.930524153298585],[1.2773601300078175,51.930482725625566],[1.2772916508880368,51.93042132825591],[1.2772866604126725,51.930352886512765],[1.2772247434831228,51.930322959062245],[1.2768633365054716,51.93037364948268],[1.276825947471908,51.930373564240575],[1.2766339268857916,51.93037396732096],[1.2764844123822578,51.930368688745844],[1.2763300727989726,51.93033314359526],[1.276472696818133,51.93031774750494],[1.2768380173155933,51.93027968700481],[1.277165618651033,51.930243126132396],[1.277490511837233,51.93020933810747],[1.277789236362716,51.93017582879734],[1.278075737894995,51.93016424579154],[1.2782244124049802,51.93013806561331],[1.2781888918665245,51.930050011899965],[1.2780085454756458,51.930120697282405],[1.277748795487855,51.93014997292494],[1.2773478443033164,51.93017823600594],[1.277238547981122,51.93018577884255],[1.2771152227770293,51.93020045822995],[1.2768703574194007,51.93022437028456],[1.2766601427692208,51.93024461813778],[1.276481602611205,51.93025274568398],[1.2762192454444334,51.930266236269894],[1.2761714727725193,51.93025108137649],[1.276169074348267,51.93021817680995],[1.2761775832871176,51.930151996122206],[1.2761141352218588,51.93005897062163],[1.2759270597355397,51.92987047281741],[1.2755744315049622,51.92965155379425],[1.2753279003710725,51.92951622955774],[1.2751321391929773,51.929437192239675],[1.274926727536382,51.92931720776779],[1.2748800365827069,51.929271111467465],[1.2746801121409252,51.92908915223512],[1.2744972706315645,51.92891289883697],[1.2743874665222739,51.928732551097355],[1.2742664538373802,51.92858136639025],[1.2742294743821279,51.928485541512174],[1.274082000535815,51.92833715301267],[1.2739243989965483,51.92818698657234],[1.2737753671209286,51.92810870590778],[1.2736845335339,51.92805147344375],[1.2735645107576714,51.92800535638531],[1.2733986345121997,51.927932989275064],[1.2733070857309399,51.92790330353844],[1.273165157683046,51.92783100619229],[1.273055895587768,51.92774955807562],[1.2730015059151818,51.927689249335494],[1.272951373178808,51.92759585163791],[1.2729145791669287,51.927456745961315],[1.272724202001266,51.927268336043056],[1.2724478523571146,51.92699782730355],[1.272370876015809,51.92681038252274],[1.272258474020845,51.92668574491653],[1.2722008261722018,51.92653485568623],[1.2721490169268883,51.92646417178564],[1.2720237278228104,51.92639141106483],[1.2719274780890661,51.92630547691667],[1.2718345895972718,51.92617411423576],[1.2716252288611156,51.92590792264827],[1.2714339308312919,51.92575250770904],[1.2713162976637218,51.92555588935212],[1.2712408252965497,51.92538900981469],[1.2711942904415277,51.925344967468575],[1.2710496804892992,51.92523565061367],[1.2708399270436643,51.92510135494157],[1.2707160248540814,51.92500176474079],[1.271028349942653,51.92485088790028],[1.2710203510462683,51.92483256410558],[1.2708547505702514,51.924892808837804],[1.2706858115507753,51.924769743126426],[1.2706022752493598,51.92467521197445],[1.2705544297868157,51.924567323720474],[1.2704892062624096,51.9244496157403],[1.2704474150316445,51.9243333166898],[1.2703898567622682,51.92427515641166],[1.270230301003621,51.92414358494886],[1.2701690831190202,51.924126740974344],[1.270033674691289,51.92405219900561],[1.270008172323401,51.924028777893476],[1.2626866107824994,51.92856547624324],[1.2625907776369552,51.92919015659928],[1.2611846420165755,51.930422632568906],[1.2625408887617018,51.93361064800321],[1.2643511203788789,51.93378932711597],[1.2679565252616463,51.93820423600244],[1.269896030729506,51.93888665792589],[1.2723036952618039,51.94096266452588]]]}},{"type":"Feature","properties":{"db_school_name":"Chase Lane Primary School and Nursery","harvested_label":"Chase Lane Primary School and Nursery","urn":"115301","margin_m":541.2},"geometry":{"type":"Polygon","coordinates":[[[1.2391938556760613,51.922615269267475],[1.2387805967054115,51.92635307754672],[1.2373324213745986,51.92838185355174],[1.2382029216969899,51.92960110972058],[1.2306822203697367,51.93790561328216],[1.2306965937447065,51.93790835369448],[1.2311802822119624,51.938156055133454],[1.2322445198781637,51.93860002921167],[1.2333740581379375,51.93897737961914],[1.2345580151266438,51.939284470618276],[1.2357849839041155,51.939518343376214],[1.2370431424937867,51.93967674451304],[1.2383203679499843,51.939758147843605],[1.2396043533465788,51.939761769102454],[1.240882726551204,51.93968757350842],[1.2421431696314436,51.939536276096106],[1.243373537733219,51.939309334810694],[1.243598772223807,51.93925240412136],[1.2436013945807987,51.939256367462384],[1.2446633118822523,51.93784289331296],[1.255519239220001,51.93429543401368],[1.2567409389338235,51.93458535711983],[1.2616846559515877,51.93422408012984],[1.2625408887617018,51.93361064800321],[1.2611846420165755,51.930422632568906],[1.2625907776369552,51.92919015659928],[1.2626866107824994,51.92856547624324],[1.270008172323401,51.924028777893476],[1.269987805583016,51.924010073266686],[1.2698627959364852,51.92383512536487],[1.2697517941701786,51.923679012313826],[1.2696243497732724,51.92349682308719],[1.269581675305716,51.92343010247314],[1.2695378259537298,51.92334722474487],[1.2695088128954186,51.92327832543093],[1.2694876213851651,51.92320696008227],[1.2694964676195832,51.92311856987631],[1.269519333907139,51.923032937897545],[1.2695448254907185,51.92292339799376],[1.269585194806102,51.92285841601514],[1.269651042542038,51.92278373133636],[1.2697282925634579,51.92272581879063],[1.2698462717902712,51.92264788568028],[1.2699133591939487,51.92259025557374],[1.2699501713816943,51.92251637805007],[1.269955663911843,51.922411891275985],[1.2698920612027007,51.92231742060071],[1.2697921191041475,51.92228332276371],[1.2696913314740723,51.92231760514104],[1.2696026144408878,51.922357847856944],[1.2695161975624007,51.92240971916349],[1.2694409532854452,51.92249320960654],[1.2693734760555409,51.922567489756005],[1.269279275425304,51.92253233243407],[1.2691721220485903,51.92243907207541],[1.269098457689042,51.9223862545304],[1.2690159684917686,51.92231209589913],[1.2689215394621365,51.92223377194564],[1.2688178783462591,51.9221485090837],[1.268729713701332,51.92207630687592],[1.2686637818948496,51.92200978267101],[1.2685813754542943,51.921916733390105],[1.2685246272673754,51.921836462392356],[1.2684608165046345,51.921759085952615],[1.2683269811366518,51.92161889656812],[1.2682657319696318,51.92155673916626],[1.2681853661374203,51.9214717277898],[1.26808033806791,51.92136761423693],[1.268016447178185,51.92130912784838],[1.2679024323843884,51.92122145363841],[1.26775597541937,51.92110769786674],[1.2676566742194117,51.92102231287045],[1.2675592817180996,51.92094317077721],[1.2674221236970558,51.92083725110802],[1.26735697844073,51.92078149751949],[1.2672861085380274,51.92070701489263],[1.2672270646462613,51.920615114475765],[1.2671836465365878,51.92053807023849],[1.267180810083849,51.92045899910645],[1.267213531113636,51.92038883383861],[1.2672521406229147,51.920299616906625],[1.267282219018253,51.92023312276089],[1.2673172726856545,51.920135010284525],[1.2673089555647756,51.92006058857826],[1.2672656683448142,51.91998533959641],[1.267210033880604,51.91992032738356],[1.267128922115233,51.91986501727273],[1.2670427213837059,51.91981974222859],[1.2669472239760593,51.91976663051015],[1.2668349761021398,51.919703190865896],[1.2667667343354123,51.91964482469464],[1.2666498882221264,51.91955812740558],[1.266574649567836,51.91950355321094],[1.2664620938964255,51.919415837132796],[1.2663839524415834,51.91936134344974],[1.2662630789337026,51.919279254808266],[1.2661516156601822,51.91922658591054],[1.2660191605944204,51.91918529308392],[1.2659148082746217,51.919150415093995],[1.265798582317969,51.919112269031864],[1.2657051914220991,51.91906809214023],[1.265577844089672,51.918996975762184],[1.2654349379584018,51.918911900391805],[1.2653204605156938,51.91883772807947],[1.2652468718465473,51.9187858055373],[1.2651769212073956,51.91872388819866],[1.26506445309192,51.918617280344684],[1.2649612817550235,51.91851850914981],[1.264886586065305,51.91845132680158],[1.2648209912701254,51.91838928832652],[1.264725321853586,51.91831369385886],[1.2646396005755607,51.9182549123282],[1.264478710871454,51.91814245272373],[1.264397670851623,51.91808803822439],[1.264276934729221,51.918007742649614],[1.2641681375648357,51.91793161271518],[1.2640448430307036,51.9178360976023],[1.2639372376493674,51.91775633665875],[1.2638721012638723,51.917700580965004],[1.2637324314094938,51.91761991091934],[1.2636514583878136,51.917566393492706],[1.2636446451253809,51.91756125461124],[1.2630232315495498,51.917521761239364],[1.2617398910134974,51.91751838490695],[1.2604621911939993,51.91759279617611],[1.2592024305505034,51.91774427891743],[1.2579727351796746,51.917971375138194],[1.256784942268199,51.91827189899042],[1.2556504863036118,51.91864295777502],[1.2545802891309197,51.91908097974238],[1.254559022054713,51.919091676528794],[1.2544041913319477,51.91910068461715],[1.2531443653654146,51.919252103477106],[1.2519145956737856,51.91947913750406],[1.2511546816762025,51.91967135371455],[1.250345651080405,51.919401112266144],[1.2491621230193384,51.919094172301854],[1.2479356530434456,51.918860430174625],[1.2466780471387067,51.91870213589392],[1.245401410554981,51.9186208132266],[1.2441180314632523,51.91861724504876],[1.2428402628648543,51.91869146581797],[1.2424106035715,51.91874306486933],[1.242406600325701,51.918738382757574],[1.240646700320747,51.92108192645834],[1.2391938556760613,51.922615269267475]]]}},{"type":"Feature","properties":{"db_school_name":"All Saints Church of England Voluntary Aided Primary School, Great Oakley","harvested_label":"All Saints Church of England (Voluntary Aided) Primary School, Great Oakley","urn":"115141","margin_m":193.6},"geometry":{"type":"Polygon","coordinates":[[[1.1891218522084617,51.9096430221418],[1.2001086688437521,51.91197204158759],[1.2067949004858387,51.91428530809206],[1.2140792601042434,51.90992422111822],[1.214073373190144,51.90992530604134],[1.2142401369457863,51.909591225598],[1.2144966533115324,51.908813635481295],[1.2146286986881274,51.90802423872289],[1.2146350079396135,51.907230637953504],[1.2145155269421901,51.906440475891],[1.2142714128503713,51.90566136174041],[1.2139050227037167,51.90490079793194],[1.2134198904934221,51.90416610790171],[1.2128206929186227,51.90346436560964],[1.2121132041702172,51.902802327471136],[1.2113042401844578,51.90218636735639],[1.2104015929084684,51.90162241528018],[1.209413955214273,51.901115900370094],[1.2083508371862557,51.90067169865946],[1.207222474587977,51.90029408620445],[1.2060397303878319,51.89998669797455],[1.2048139902879862,51.89975249290882],[1.203557053257098,51.89959372547257],[1.202281018114064,51.89951192398634],[1.2013127804329282,51.899508869995806],[1.2009497523744093,51.89908349890662],[1.2002425069169398,51.89842138483738],[1.1994337832941269,51.89780533861409],[1.1985313711407324,51.89724129108135],[1.1975439610672731,51.89673467228639],[1.1969057349885746,51.89646788354615],[1.1969049893077928,51.89646293770681],[1.1954285229817934,51.89699039353913],[1.1867104652826985,51.89936226748683],[1.171661457300783,51.89983609320313],[1.17161325474616,51.89993247746701],[1.1713560370049907,51.900709986403136],[1.171223246015141,51.90149934756395],[1.1712161671543733,51.90229295928212],[1.171334875231639,51.90308317855554],[1.1715782335116018,51.90386239465687],[1.171943904412639,51.90462310244771],[1.1724283717848154,51.9053579746901],[1.1730269745623123,51.90605993265819],[1.1737339514743392,51.90672221436803],[1.1745424963907194,51.907338439766264],[1.175444823774534,51.90790267224713],[1.1764322436150991,51.90840947590301],[1.1774952451213987,51.90885396795348],[1.1786235883698428,51.90923186584552],[1.179806403021661,51.90953952856803],[1.1810322931553692,51.90977399178022],[1.1822894471990821,51.90993299641274],[1.1825091164814037,51.909947113150466],[1.182920910425685,51.91011926894089],[1.1840230855634475,51.91048832607016],[1.1891218522084617,51.9096430221418]]]}},{"type":"Feature","properties":{"db_school_name":"St Michael's CofE Primary Academy, Ramsey","harvested_label":"St Michael's CofE Primary Academy, Ramsey","urn":"151534","margin_m":474.4},"geometry":{"type":"Polygon","coordinates":[[[1.1869930412181604,51.93219507977065],[1.1869890829222633,51.93218908299157],[1.1876224115705272,51.93207257358059],[1.1888110579274838,51.9317727353571],[1.1899464203697634,51.931402307581045],[1.1910175611339866,51.93096485942195],[1.1920141621065026,51.930464605665655],[1.1929266242862826,51.92990636604961],[1.193746160274144,51.929295518768576],[1.1944648788958294,51.92863794860117],[1.1950758611441386,51.92793999015976],[1.1955732267108825,51.927208366813645],[1.195952190471806,51.92645012587594],[1.1962091083861666,51.9256725706811],[1.196341512375956,51.92488319020909],[1.1963481338571607,51.92408958693565],[1.1962289157055859,51.92329940360449],[1.196158280417228,51.923073760666156],[1.196684067728944,51.92304343407123],[1.1979442158494586,51.922892615362485],[1.199174375284025,51.92266613988043],[1.1992951247299894,51.922635661569366],[1.1988313642053103,51.92316557517323],[1.198334094137998,51.92389721109711],[1.1979551905398491,51.92465545896188],[1.1976983080449937,51.92543301748535],[1.1975659267529024,51.926222399051994],[1.197559328106261,51.927016001796],[1.197678582298764,51.92780618279922],[1.1979225473437385,51.92858533170029],[1.1982888798223963,51.92934594400512],[1.198774057217781,51.93008069339231],[1.1993734116283599,51.93078250231628],[1.2000811745446625,51.931444610225604],[1.2008905322645964,51.932060638738164],[1.2017936914190932,51.9326246531421],[1.2027819539806832,51.9331312196282],[1.2038458010343775,51.933575457698765],[1.2049749845039823,51.93395308724604],[1.2061586259483659,51.93426046984301],[1.2073853214723616,51.934494643847074],[1.2086432517363148,51.93465335297509],[1.209920295997779,51.93473506807362],[1.2112041490787866,51.93473900187224],[1.2124824401231087,51.9346651165773],[1.2137428519900777,51.93451412423242],[1.214973240125334,51.93428747984237],[1.2161617497540722,51.933987367327184],[1.2172969302591254,51.9336166784434],[1.2183678456342684,51.93317898487668],[1.2184249251145602,51.93315031309346],[1.2187767711247801,51.93347926000197],[1.219586417368173,51.93409515472735],[1.2204898468976062,51.93465902073565],[1.221478359077279,51.935165425646574],[1.2225424325837113,51.93560949051868],[1.2236718171554346,51.93598693691272],[1.2248556324104642,51.93629412816642],[1.2260824727760562,51.936528104480956],[1.226856636606227,51.93662564677258],[1.227061916494774,51.93673078762512],[1.2281260807189214,51.937174800318815],[1.229255549765917,51.9375521915482],[1.2304394424387977,51.93785932518243],[1.2306822203697367,51.93790561328216],[1.2382029216969899,51.92960110972058],[1.2373324213745986,51.92838185355174],[1.2387805967054115,51.92635307754672],[1.2391938556760613,51.922615269267475],[1.240646700320747,51.92108192645834],[1.242406600325701,51.918738382757574],[1.242342602248805,51.91866353180228],[1.2416344376769155,51.91800168420982],[1.2408247956578002,51.91738594008408],[1.2399214746625757,51.916822227358146],[1.238933174044447,51.91631597285344],[1.2381746549929467,51.91599943468653],[1.238071357644168,51.91531885122114],[1.2378267825978067,51.91453979471248],[1.2374599183388382,51.913779313264556],[1.2369743034240734,51.91304472951825],[1.2363746191997296,51.91234311640789],[1.235666644540573,51.91168122910313],[1.2348572000585045,51.91106544002014],[1.2339540823231991,51.91050167752552],[1.2329659887318114,51.90999536892042],[1.2319024337530695,51.909551388251174],[1.2307736573520967,51.90917400944546],[1.229590526475877,51.90886686522318],[1.228364430544102,51.90863291217455],[1.2271071719463587,51.90847440233922],[1.225830852593139,51.90839286155864],[1.2245477576050587,51.908389074807836],[1.2232702372512694,51.908463078647614],[1.2220105882644743,51.90861416086886],[1.2207809356657673,51.90884086733274],[1.2195931162278122,51.90914101594168],[1.2184585646897255,51.90951171760759],[1.2181063745363578,51.90965573536703],[1.2168731087393065,51.90965201558979],[1.2155955363124191,51.909725936831926],[1.2143358227499939,51.90987693781959],[1.2140792601042434,51.90992422111822],[1.2067949004858387,51.91428530809206],[1.2001086688437521,51.91197204158759],[1.1891218522084617,51.9096430221418],[1.1840230855634475,51.91048832607016],[1.1840356770414968,51.910492542159645],[1.1836515527977396,51.91084401393758],[1.1830406113938,51.911541913826234],[1.1825432018031654,51.912273486322746],[1.1821641191218681,51.91303168736412],[1.1819070197028902,51.91380921611975],[1.1817743857292367,51.914598585261814],[1.1817675010719464,51.91539219304532],[1.1818864386747072,51.916182396505086],[1.181956990373752,51.9164080496094],[1.1814312676783407,51.916438309254005],[1.1801712364622396,51.91658894904316],[1.1789411376454513,51.91681522473257],[1.1777528122898009,51.917114958370426],[1.1766176999973865,51.9174852648628],[1.1755467289184767,51.917922579701006],[1.1745502106458086,51.91842269322268],[1.1736377410023058,51.91898079107948],[1.1728181076739792,51.91959150052439],[1.1720992055758284,51.920248942075766],[1.1714879607659523,51.92094678606387],[1.170990263642639,51.92167831351778],[1.1706109120716706,51.92243648080948],[1.1703535649971122,51.92321398743466],[1.1702207069893593,51.924003346279854],[1.1702136240800758,51.924796955700444],[1.1703323911258785,51.92558717271654],[1.170575870832079,51.92636638662235],[1.1709417244557347,51.92712709230008],[1.1709868413493887,51.927195495344634],[1.1869930412181604,51.93219507977065]],[[1.232214521394048,51.92606613134212],[1.2360021453182874,51.9284351156655],[1.2322357889546065,51.92930738892124],[1.2310312949672546,51.927787355987974],[1.232214521394048,51.92606613134212]]]}},{"type":"Feature","properties":{"db_school_name":"Frinton-on-Sea Primary School","harvested_label":"Frinton-on-Sea Primary School","urn":"149966","margin_m":367.2},"geometry":{"type":"Polygon","coordinates":[[[1.2267239480594017,51.83458193113162],[1.230271013725385,51.83629300620251],[1.234047268498538,51.8408365607127],[1.2402488761520176,51.840604309577394],[1.2411189188000067,51.84090952849818],[1.2426067082224475,51.840334980105624],[1.2428629218556095,51.83977167567022],[1.2463817192390605,51.837410718544334],[1.24856301308294,51.838189939855816],[1.247999388499245,51.84040281993633],[1.2488195233368584,51.84073770834223],[1.254119182067495,51.84133874576936],[1.254673035184874,51.84468674493403],[1.2573739365337506,51.84552355120352],[1.2668740635965379,51.84195281314499],[1.2668307270818004,51.841863492940675],[1.2667726866552764,51.84180394448803],[1.2666870477608467,51.84174426373037],[1.2666106891659703,51.84169241990523],[1.2665388917520926,51.84162335990589],[1.266450717504344,51.841528671326714],[1.2663679035738495,51.841407749961824],[1.266630083127314,51.84123856346201],[1.2662376903351011,51.84140021605514],[1.2661419146628872,51.841334880349386],[1.266045139643372,51.84128180471324],[1.2659114866819963,51.841220759476165],[1.2657962636981388,51.84117359295356],[1.2656988204285906,51.84113132887781],[1.2655543094827357,51.84106069114397],[1.2653805107307192,51.84096658218349],[1.2652595115895047,51.840899787985144],[1.2651672158601837,51.84084838606331],[1.264941289350673,51.84071614948202],[1.264834522602085,51.84064536168956],[1.2647313236219964,51.84056368142109],[1.2645963030323344,51.84042352209539],[1.2644947229509544,51.84030402022191],[1.264434458774291,51.84023373916296],[1.264381115326875,51.84015876863741],[1.2643134956636841,51.84006710530603],[1.264244966585686,51.83996287505436],[1.2641779714818073,51.839839713940975],[1.2641373457620444,51.8397598928654],[1.2641029063363252,51.839685296582054],[1.264031019419865,51.839514601003216],[1.2639903036982256,51.83939340819216],[1.2639577234088688,51.83930436920979],[1.2639256827322143,51.83920272308741],[1.263887651079835,51.83909854503293],[1.2638611075687878,51.83903272377057],[1.2638143819244354,51.83892878715741],[1.263766532289088,51.83882937893753],[1.2637153751799965,51.83874445357808],[1.263640059152551,51.83864670755578],[1.2635612408420693,51.83856075145544],[1.2634972830409803,51.83849956690619],[1.2634065932041256,51.83843013028533],[1.263247449438461,51.83831762254667],[1.2630549989410345,51.838186251778765],[1.2629392223539173,51.83811121531849],[1.2627826339682438,51.838013926475334],[1.2626944343220394,51.83795881120248],[1.2625429733220128,51.83787217295673],[1.2624476590384175,51.83781905390247],[1.2623389142320958,51.83776091098636],[1.2623292846158993,51.83775568634124],[1.2622301047721414,51.83770187032819],[1.2621014844941327,51.83762988792233],[1.2620048520865874,51.83757860398499],[1.2618903123956717,51.83752062151917],[1.261791971759235,51.83746578707222],[1.261704553455027,51.837421442651774],[1.2615595413483898,51.837343618562514],[1.2613918859218558,51.83725383058244],[1.2608999103395284,51.83699585296237],[1.260816775884932,51.836950489586435],[1.2606387857701338,51.83685828901117],[1.260466592322157,51.836765927342604],[1.260288408969347,51.8366710332956],[1.260196322275156,51.83662232010658],[1.2600950876841166,51.836567564561435],[1.2599941777666717,51.836517297115904],[1.2599094663537334,51.836470177983976],[1.259811671029688,51.83640273465732],[1.2597537768319735,51.83634497768878],[1.2596850911944788,51.83627852565134],[1.2595582523676818,51.83621098830828],[1.2594097011679088,51.836124265415826],[1.2593246018753255,51.836071760002866],[1.2592377943393527,51.83601570415524],[1.259163097655745,51.835966507864995],[1.2590745172333575,51.83590600387915],[1.258952049201273,51.835818557041094],[1.2588426610377637,51.835737313252025],[1.2590468812317894,51.835603929483426],[1.2588137234216519,51.83571859792901],[1.2587230530410256,51.83564322097087],[1.258653958771288,51.83559117069352],[1.2585520371066103,51.83550675145007],[1.2583534070495221,51.835329673213124],[1.2582825405083344,51.835273174675294],[1.2582050353766832,51.835205167465425],[1.2580567942179386,51.83508245679454],[1.2579753320144207,51.835019955777085],[1.2578617566482588,51.834934959609626],[1.2577514037549324,51.834854371190765],[1.2576367693154031,51.83477480080092],[1.2575545076623504,51.83472131604297],[1.2574309210579477,51.83463839586841],[1.257326083330251,51.83457384406567],[1.2572167046715323,51.8345067197243],[1.2571360225712713,51.83445498977536],[1.2570026839997797,51.83437773608953],[1.2568515052173883,51.83429468063458],[1.2567563348153121,51.83424335197471],[1.2566510222695553,51.834192304312886],[1.256562101621506,51.83414709836254],[1.2564415227467565,51.834085680331825],[1.25633212343788,51.83403834339225],[1.256176382685155,51.83397250282222],[1.2560729091300704,51.83392680032268],[1.2559249154288497,51.83385966544143],[1.2557967862775903,51.833802233598895],[1.2556869347640274,51.83374861253573],[1.2555812358179879,51.8336921780152],[1.2554825224397885,51.83363195212666],[1.2554090883391082,51.833580020227316],[1.255353388595519,51.833512306560166],[1.2553022300378511,51.833447165380726],[1.2552484329984834,51.83338569502075],[1.25516632994771,51.833314215490816],[1.2550688724980286,51.83325125616307],[1.254928242509926,51.83327403972879],[1.2548147182467468,51.83320972635075],[1.254700805670704,51.83314002699549],[1.2545912400731114,51.83307020713895],[1.2544939134840731,51.833009042596686],[1.2544051508574234,51.832945841926744],[1.2543366078932585,51.83288118179458],[1.2542663572072226,51.832812971166554],[1.254188603362281,51.8327413705311],[1.2541290140144385,51.832674033851234],[1.2540620494733206,51.8326171549611],[1.2539706089951903,51.83253693881675],[1.2538875382119379,51.83245199365859],[1.253814067415368,51.83237937474882],[1.2537402083489821,51.83230136992126],[1.2536819387925238,51.83223822383642],[1.2536021553052477,51.83215858408896],[1.2534657023620068,51.832037969903276],[1.2533729799877806,51.832000332191264],[1.2532502501891243,51.83192907671188],[1.2531412970390268,51.831847545905454],[1.2530240643279367,51.83175185320707],[1.252954464773027,51.83169261817232],[1.2528023809513393,51.831556515901504],[1.2526822768726875,51.83144111473642],[1.2526207239282745,51.831372662406686],[1.2525425221546687,51.831294777059924],[1.2524300020576662,51.83122413759339],[1.2523242733540119,51.83114701399501],[1.252219734954316,51.83106625961245],[1.252150072815894,51.831006126413],[1.2520891037304267,51.83094575259209],[1.251990799964271,51.8308306468539],[1.251939067003327,51.83075742523292],[1.2518827936735306,51.83068163092668],[1.251826475588101,51.83061528192393],[1.2517115334114475,51.830561348406896],[1.2515523314364176,51.83048750271614],[1.251443424225502,51.83042665617179],[1.251356766805619,51.83037238939655],[1.2512673021482519,51.8302993120514],[1.2512028553756576,51.830230939075435],[1.2511392753344093,51.830154447151585],[1.2510872857890725,51.83007763452273],[1.2510048536346572,51.829985294351665],[1.2509082038494026,51.829949472336224],[1.250819685447617,51.82990964765562],[1.2506916877737246,51.82984573081576],[1.250569356198011,51.82977985822721],[1.2504386168705757,51.829698028218935],[1.2503692179682258,51.82964148446661],[1.2503004918882514,51.829574128820354],[1.2501936325195349,51.829461057162376],[1.2501286609677806,51.82936319660199],[1.2499145919173977,51.82923492132242],[1.2498016931112637,51.82915889326894],[1.2496957798046269,51.82907907417699],[1.2496181691068657,51.82900926554175],[1.249506255321343,51.82888643925457],[1.2494156328191954,51.82879720270259],[1.2493369622421782,51.82873281981874],[1.2492503106330255,51.8286785513777],[1.2491352926904258,51.82861337454404],[1.2490467402672958,51.82855286245759],[1.2489553817456662,51.82847353971923],[1.2488750316054849,51.82838581761747],[1.2488269151764884,51.82832238850013],[1.2487712585957553,51.82823488303716],[1.2487115146273926,51.828151088300814],[1.248653257621535,51.82808793947245],[1.2485821782567312,51.828026134484396],[1.2484930618845602,51.827979938631685],[1.2483968534316878,51.82793402871332],[1.2482849299656222,51.82787146383871],[1.2481721666130476,51.82779722939935],[1.2480781722763994,51.827721576610884],[1.2480203044875133,51.82766381334194],[1.247954961742452,51.82758287130498],[1.2479044940477146,51.82750691470312],[1.247841569796882,51.827439397308474],[1.2477418841659442,51.827385488047824],[1.2476146088281268,51.827331441792886],[1.2474708165561494,51.82726975694766],[1.2473686866342057,51.827222210985916],[1.2472817172552892,51.82716345273598],[1.247205950003185,51.82709898823962],[1.2471161110136049,51.82702052156617],[1.247062424975275,51.82694015637059],[1.247053454614211,51.82685585721195],[1.2470523737729318,51.8267803344054],[1.2469804093346755,51.826728356798746],[1.246861570442979,51.826670478884196],[1.2467450203252401,51.82662423028686],[1.246648143030565,51.82658913069565],[1.2465424076153844,51.826531789853895],[1.2464678328012653,51.82646369420665],[1.246421170557518,51.8264002239692],[1.24638532271957,51.826325661699954],[1.2463586837428302,51.82625804049541],[1.2462929216628515,51.82615102549922],[1.2462369092267251,51.82607863925667],[1.2461352483288866,51.82603755524216],[1.2460342483527296,51.82598547975862],[1.2459213642986318,51.82590944769015],[1.2458135003014512,51.82582248361077],[1.245743818317179,51.82574166025743],[1.2457042073975024,51.825675296664656],[1.2456751525775014,51.825594250498604],[1.245644040050178,51.82552495383636],[1.245599179513364,51.825446143102305],[1.2455413178936308,51.825388378489365],[1.2454489473396444,51.825335164733325],[1.2453547128234586,51.8252963933699],[1.2452261267312317,51.82524417967796],[1.2450791242897918,51.82517808346821],[1.24499135885379,51.82512833992767],[1.2449371987246693,51.825061478443224],[1.2448752712729374,51.82494716130513],[1.2448455445246038,51.82487692673888],[1.2447865148232204,51.824762529535604],[1.2447004857949393,51.82469654798325],[1.2446156189635618,51.82464672413182],[1.2445058676108822,51.824593989590575],[1.2444168775360804,51.82452719016103],[1.2443576345682632,51.824470362563694],[1.244291758210197,51.82440202541604],[1.2442249784391841,51.82432112106816],[1.2441680809921223,51.824236346096114],[1.2441277638291506,51.82416010769796],[1.2440969774521495,51.82409529882601],[1.2440473235464202,51.82401032381374],[1.2440177278379667,51.823941884304894],[1.2439478296935635,51.82387815518825],[1.2438292603678207,51.82382386460631],[1.2437433347612328,51.823779465992764],[1.2436026142816348,51.82369970303383],[1.2435320428575471,51.823646785497665],[1.2434342000253285,51.823557743817005],[1.2433631418611957,51.82347785653335],[1.243298007325463,51.82339960457697],[1.2432154609670696,51.82334162077235],[1.243108388882341,51.82330590030162],[1.242990918852056,51.82326686896831],[1.2428623412705797,51.82321465252844],[1.2427720720467812,51.82317037309934],[1.2426311322873147,51.82310770434429],[1.2425416024897402,51.82305351053995],[1.242472481896394,51.8230005523497],[1.2423857501063755,51.82292469475435],[1.2423098035920284,51.822857533851995],[1.2422316347333129,51.82277964099163],[1.242150246532015,51.822697339730766],[1.2420732391843692,51.82263560456812],[1.2419920153695352,51.82257578456549],[1.2418970156485514,51.82252623838603],[1.241807135696688,51.82248734411095],[1.2416648798272412,51.82242650940955],[1.2415622511006408,51.82237177682112],[1.2414851806312461,51.822309143589884],[1.2414158988941963,51.82223370334593],[1.2413420138327715,51.82215479230498],[1.2412762099852641,51.82208735096512],[1.2412125641437781,51.82202974385687],[1.2411219120445147,51.82198007714042],[1.2410311956692424,51.8219295126928],[1.2409431831496505,51.82187617529096],[1.2408503739372627,51.821816674074306],[1.2407629078151508,51.82175072936938],[1.2406760221559447,51.821692863514336],[1.2406181072941282,51.82163419859818],[1.240548312355174,51.82155157652982],[1.24048276844639,51.82148772533626],[1.2403983939364922,51.82142439341474],[1.2403031065125143,51.82135056915105],[1.2403096668532123,51.82128023224801],[1.2404149840682364,51.82121076961675],[1.2404762995240723,51.82115511249845],[1.2404154241547833,51.82109562969897],[1.2403026944575835,51.82106186163505],[1.2401644718483806,51.82103689137774],[1.2400321723297005,51.821013556503125],[1.2398979732811073,51.820983977807714],[1.2397363478706314,51.82093626702027],[1.2396441866456385,51.82088574137031],[1.2395832482899816,51.82082536045359],[1.23949906674456,51.820724246289615],[1.2394549254235225,51.82067231561677],[1.2394340718843497,51.82064778729595],[1.239378605933199,51.820582758226706],[1.2393062737072,51.82052538959898],[1.2391943194580974,51.82050239234074],[1.23902661380158,51.82047103805764],[1.2389308820002516,51.8204314035171],[1.2388162888877208,51.820412076385956],[1.238697092693986,51.82038927827895],[1.2385738400294006,51.82035040201962],[1.2384548042010552,51.82030961054],[1.2383348667391905,51.820256251694765],[1.2382473115791912,51.82020919577112],[1.2381596921873321,51.820161242118495],[1.2380576839847561,51.82009479678783],[1.2379763412755194,51.82003317849759],[1.2378917153831084,51.819966254014226],[1.2377524643355564,51.81984596915344],[1.2377577088810248,51.81977746754861],[1.2377051433790964,51.81971235779445],[1.237622031374286,51.819646290844595],[1.237507953885898,51.81955319455483],[1.237421881718558,51.81948674437043],[1.23633304398806,51.819762569315635],[1.2352008538068853,51.82013339683936],[1.2341327457106785,51.82057120259932],[1.2331390037469732,51.82107177220072],[1.232229197021934,51.82163028689698],[1.2314120875897585,51.822241369919496],[1.230695546064916,51.82289913818089],[1.2300864757700445,51.82359725885625],[1.229590746152076,51.82432901030114],[1.2294660754827245,51.82457938334745],[1.2290647948078421,51.824781475991806],[1.2281548634536492,51.82533996096153],[1.2273376325970338,51.825951017394274],[1.2266209740211893,51.82660876245899],[1.2260117921756974,51.82730686355468],[1.225515957581777,51.828038599225835],[1.2251382501514128,51.82879692383076],[1.2248823129716604,51.829574535342125],[1.2247506170063067,51.830363945629145],[1.2247444370629297,51.83115755254548],[1.2248638392659597,51.831947713130326],[1.224910658762752,51.832097309933104],[1.224589148608708,51.83257171946448],[1.2267239480594017,51.83458193113162]]]}},{"type":"Feature","properties":{"db_school_name":"Walton on the Naze Primary School","harvested_label":"Walton-on-the-Naze Primary School","urn":"115300","margin_m":203.2},"geometry":{"type":"Polygon","coordinates":[[[1.2685218250476709,51.85236427524354],[1.269369467781653,51.85299400645102],[1.2704390994222594,51.855830917882926],[1.2682859895001286,51.859836293310885],[1.268155544166324,51.862025673560524],[1.2681590720161569,51.86202350762186],[1.2685236075280095,51.86230089446355],[1.2694261526706743,51.862864404410736],[1.270012425485327,51.86316484629389],[1.270249531950438,51.86338654778859],[1.2710585634690585,51.86400210376655],[1.2719611744931445,51.86456559297786],[1.2729486722576053,51.86507158667622],[1.274011545201912,51.86551520988638],[1.274359049710901,51.86563134706454],[1.2752153132080317,51.8661658335647],[1.2762028821956117,51.866671798571204],[1.277265824343034,51.867115391047086],[1.2783939002828306,51.867492337109084],[1.2795762422400259,51.867799004920386],[1.2808014588403147,51.86803243973033],[1.282057744998795,51.868190392382964],[1.2833329958239221,51.868271341018186],[1.284614923431467,51.86827450575457],[1.2858911755343803,51.86819985621164],[1.2871494546567919,51.868048111798785],[1.288377636814264,51.86782073476783],[1.2895638885077854,51.86751991609747],[1.2906967808957424,51.867148554346116],[1.2917654000363583,51.86671022767912],[1.2925516556130414,51.86631390419469],[1.2925474528373553,51.866307719275795],[1.2924881652136562,51.866232027986136],[1.292428024989133,51.86614466780219],[1.292382777402576,51.86606228709391],[1.2923402918293496,51.86599781784806],[1.2922837079419216,51.86591935240219],[1.292209535765794,51.86581889350864],[1.2921412290011887,51.865719169731754],[1.2921003319983344,51.8656366670677],[1.2920421160821705,51.865515973441504],[1.2919936422064886,51.86542918574175],[1.2919425311634003,51.86534606965038],[1.2919023563566208,51.86527344055823],[1.2918459123129704,51.865176982153756],[1.291790669983066,51.865037316847065],[1.2917618977324785,51.8649616700472],[1.2917277852935034,51.86489246888836],[1.2916992099993974,51.86481951488461],[1.2916546209897577,51.86474610988964],[1.2915908049150115,51.864628271208566],[1.2915592647824172,51.86455450075802],[1.2915117252634274,51.86444070344134],[1.291460295556183,51.864333311138346],[1.2914112339855877,51.86423844469007],[1.291370798797177,51.86416222494942],[1.2913231946361494,51.864047529928925],[1.291282759781278,51.86397131015036],[1.291230792139875,51.86389631273224],[1.291178234546324,51.86381323683216],[1.2911336474467636,51.86373983159711],[1.291073323981065,51.86362998983581],[1.291036576353761,51.8635644600409],[1.2909834294415647,51.86347330558011],[1.2909380562471184,51.86338912897957],[1.2908979504952,51.86331739707213],[1.2908494157974686,51.86322971118786],[1.2907916580765797,51.86313508797008],[1.290749512976566,51.86305531813251],[1.2907034775902642,51.862981953291246],[1.2906545503140603,51.8628888816692],[1.2906019370185677,51.86278511991661],[1.2905647319287297,51.86271330669487],[1.290535103600128,51.86264577855762],[1.2904774784425714,51.86255295036704],[1.2903994988724934,51.86244000479227],[1.2903261890676427,51.8623512133805],[1.2902493901043757,51.86225442461902],[1.2902017100020733,51.862178407306295],[1.2901513271892626,51.86210516395663],[1.2901044339527536,51.8620399178852],[1.2900269884073585,51.86191436493838],[1.289984051555911,51.86184361142453],[1.2899093017049374,51.861735072348445],[1.289872557424492,51.861669542115905],[1.2898161801714287,51.86159376808855],[1.289739449189453,51.86149787654988],[1.289687945868382,51.86142916158393],[1.289634067509205,51.86136770860578],[1.2895703768646753,51.86129123971191],[1.289513664909049,51.86123076542847],[1.2894227162558967,51.86109929392229],[1.2893256334908618,51.860983284530505],[1.2892713630278703,51.86091644571485],[1.2891802109723787,51.860802069120645],[1.2891345081921899,51.86073319159941],[1.2890213001806643,51.86057535944189],[1.288970986692721,51.860503013113956],[1.2889090757347166,51.86043099128828],[1.2888547494269622,51.860343466686636],[1.2887926507286729,51.860248964006466],[1.2887154002160315,51.86014589083268],[1.2886473638494416,51.86006954305823],[1.2885386138590742,51.85997274777666],[1.2884535093390606,51.85990137465461],[1.2883489041302156,51.85982155263634],[1.2882416619353816,51.8597454020698],[1.28813883464765,51.859670027339945],[1.2880165069085463,51.859586203625966],[1.2879329103478767,51.85953547511824],[1.2877424008880467,51.85941308354223],[1.2876339729813628,51.85934056337268],[1.2874967574761529,51.859251758915725],[1.287421925608865,51.85920168434439],[1.2871781179172472,51.859065492096306],[1.2870301580535186,51.85898868034692],[1.2868534112023295,51.85889558405474],[1.2866421445806209,51.85878726284176],[1.2865184938876413,51.858725061207124],[1.2864059170416802,51.858655354274475],[1.2862202226027344,51.858539121756685],[1.2860619972814578,51.858441009238916],[1.285889744095521,51.85832979706721],[1.2857901505143035,51.85825882714737],[1.2856900336679606,51.85818067624151],[1.2855835296264113,51.858094608829745],[1.2855129198216835,51.858042616169804],[1.2854043024849007,51.857967400973656],[1.285311359700792,51.85790793749143],[1.2851470129002223,51.85780549767865],[1.2850053272436173,51.857715016456666],[1.2848424314629672,51.85761253567478],[1.2847160283159753,51.857532420292124],[1.284624199557848,51.85748821565163],[1.2845354767901995,51.85742683475656],[1.2844257400653478,51.8573561471714],[1.2842993383790045,51.85727603131245],[1.28420152633218,51.85720950751159],[1.2841235406589002,51.85715592126196],[1.2840425251380887,51.85710062073793],[1.2839470243672793,51.857025937179856],[1.2837374095413148,51.85692610942297],[1.2836755764513612,51.85686892355417],[1.2835999025633866,51.856807177408804],[1.283475759869175,51.856698215460014],[1.2833136232146563,51.856546242148006],[1.2832317051730644,51.85645858641252],[1.2831653949605855,51.85638578513199],[1.2830310420564701,51.85627620850341],[1.2829499097300658,51.85619932392595],[1.2828255741610122,51.85608766838067],[1.2827260669241138,51.85599780527181],[1.2825952150212938,51.85587643764403],[1.2824230794533793,51.85570675359259],[1.2823647386163604,51.855643623162244],[1.2822942784889133,51.85557363563039],[1.2822122335078388,51.85548418387663],[1.2820439919945428,51.8553080944592],[1.281932249543771,51.85518979025731],[1.2818601451814118,51.85511715006646],[1.2817560435738249,51.85500402899227],[1.2816357039202644,51.85487535117118],[1.2814579641002624,51.854680458007415],[1.2812756490880401,51.85447058171089],[1.2811927586658187,51.854369460147105],[1.2811253440136292,51.854281398101826],[1.28102133543343,51.854129597847624],[1.2810242821430429,51.85405036478208],[1.2808996960542987,51.85393511651309],[1.2808338508325752,51.85386859708024],[1.2807385050833242,51.853775917867885],[1.2806693693150244,51.85370409355361],[1.2806054437419156,51.853624028800155],[1.2805369085783385,51.85354049491499],[1.2804580434101767,51.85343476329811],[1.2803674259600184,51.85335913114334],[1.28028082162985,51.853314687456425],[1.2801812234956074,51.853283288473925],[1.2800528070090023,51.85329496740384],[1.2799420207783285,51.85334932733765],[1.2798749803158809,51.85340606413048],[1.2797817306378712,51.853441945701825],[1.2796410116920527,51.8534242859426],[1.2795285642469563,51.853395943287794],[1.279400054560613,51.853346462132244],[1.2793063982030393,51.85329690780762],[1.2791754727040727,51.85321421451305],[1.279041518110607,51.85312980670668],[1.2789605814320844,51.853075400033944],[1.278817669579581,51.85298764411607],[1.2786883912420872,51.8529076026638],[1.2785804507125091,51.85284135688677],[1.2784873969857293,51.8527800923884],[1.2782429461071025,51.852614218543096],[1.2781516105204,51.852546609779154],[1.2780251017787718,51.85245668646648],[1.2779485942647608,51.85240323491104],[1.2777837569793948,51.85229153455915],[1.2776855085388563,51.8522187215958],[1.2775889191558267,51.85212877291763],[1.277504735351194,51.85203964748307],[1.2774358741719056,51.8519535125732],[1.2773913713325875,51.85188477712305],[1.2772864645938549,51.85182024447514],[1.277187888953425,51.85174690057046],[1.2771034707796554,51.851684494774396],[1.2770311051694676,51.85162804894136],[1.276901129879136,51.851518343485175],[1.2768256187194578,51.85143859978522],[1.276768023030793,51.851365552065076],[1.2766536430342754,51.85119065183276],[1.2765161888271883,51.851029976325634],[1.2764005881604181,51.850916181886554],[1.2763263908319682,51.85084449621586],[1.2762504904015097,51.85075936637262],[1.276198824671547,51.850687951960275],[1.2761410494124483,51.8505924229461],[1.2761024939379815,51.85052154247645],[1.2760492119669014,51.85040789936217],[1.2759813852737647,51.85027397452428],[1.2759147474559072,51.85013641874977],[1.27587369963524,51.850051216636004],[1.2758055478861206,51.84991280356141],[1.2757096404285622,51.849712203245055],[1.275635379812433,51.84955965924404],[1.2757518013299747,51.84953293894351],[1.2758393427273578,51.84945854368088],[1.2757202474981868,51.84950242795931],[1.2756203337448058,51.84954047080273],[1.2752861184368418,51.8490602200753],[1.2752023602080114,51.84900678898477],[1.2750980357139905,51.84897012088502],[1.2749531147508837,51.8489543716427],[1.2748382895643127,51.84895307409279],[1.2749121856268,51.84889075246896],[1.2749787043020322,51.84882683749521],[1.275024750913234,51.84874100696315],[1.2750195338690367,51.848669197125496],[1.274973930835581,51.84860121101745],[1.2749009208552247,51.84853578748601],[1.274804852054402,51.84847280532195],[1.2747027757423488,51.848427079838125],[1.2745948370791846,51.8483806181701],[1.2745193205508796,51.848320660890245],[1.2744824798458263,51.84825332990081],[1.2744856337413581,51.848176789612346],[1.2745180350230745,51.848103032185094],[1.2745416750403868,51.848028619419125],[1.2745392420315163,51.84793514542767],[1.274167723861144,51.84737884900576],[1.2738393874039085,51.84687711385927],[1.2737186470324244,51.84669429313756],[1.2736284921346976,51.84657268170906],[1.273557067124803,51.846509012112826],[1.2734699609729077,51.84644937701656],[1.2733443763434729,51.846399807998324],[1.273202427924576,51.84638487333053],[1.273091420182766,51.84639605998023],[1.272877774360414,51.84641370267793],[1.2726731743193793,51.84643792883057],[1.2723163746762085,51.84602188936516],[1.2723136049080994,51.845943715212194],[1.272269783870504,51.845880175686325],[1.2721895360287567,51.8458149520655],[1.2720564636873355,51.84574220474244],[1.2719555198954797,51.8456919482192],[1.2718412724696568,51.845638464227754],[1.2717050259660783,51.84558199480272],[1.2716390114255505,51.84551277681607],[1.2715232569064638,51.8455499800231],[1.271176390156377,51.84566146996808],[1.2709669982967597,51.84555756645249],[1.27086685412254,51.845498292356645],[1.27078594117746,51.84544387958912],[1.27071662240956,51.84538914409488],[1.2706512608397718,51.84532890179412],[1.2705778718273708,51.84525808958247],[1.270518454541212,51.84517969299151],[1.2704448222729376,51.84508550203934],[1.2703883039278505,51.845007024712885],[1.2703413276295517,51.84493997454452],[1.2702770594406847,51.84483472963726],[1.2702399025520577,51.8447629089871],[1.2702070934643725,51.844690967342146],[1.2701539640019839,51.844579116342175],[1.2700506186565277,51.84441559565815],[1.2699954690416613,51.84435596829942],[1.26991877667308,51.84429963864408],[1.2698480766446922,51.84424584053144],[1.2697578690112667,51.84420337840918],[1.269551173216211,51.844116486796146],[1.2693723864296804,51.84405400272209],[1.2692707161513104,51.84401365799664],[1.2691890094845053,51.84396826064272],[1.2689498650915636,51.84385438801783],[1.2688494194490276,51.843770835778194],[1.2687229712553707,51.84366911846671],[1.2686137011489793,51.84358401259742],[1.268531427885197,51.84351074793639],[1.2684974986703124,51.84344333419223],[1.268467934761098,51.84335601136455],[1.2684215664006548,51.843277250843606],[1.268348509650517,51.84321092524997],[1.268256288461513,51.843140635383925],[1.2681147482852473,51.84305102986434],[1.2680217942814676,51.84299065403159],[1.2680062115986017,51.842980423764345],[1.2671218084992102,51.84527089876305],[1.2649658681281173,51.84749142411282],[1.2682764325888491,51.85017531106846],[1.2685218250476709,51.85236427524354]]]}},{"type":"Feature","properties":{"db_school_name":"Holland Park Primary School","harvested_label":"Holland Park Primary School","urn":"147602","margin_m":355.9},"geometry":{"type":"Polygon","coordinates":[[[1.1560779562047312,51.79017932683849],[1.1553180721634537,51.79119197494174],[1.1554014837719386,51.79147898200823],[1.1538525101481887,51.79258092709683],[1.153196558833852,51.794358387171826],[1.1532022444220846,51.79448636085983],[1.153636195584975,51.794666847746704],[1.1545174915802803,51.79564116746362],[1.154417005661631,51.79592892138122],[1.1566746709041396,51.79769826925004],[1.1589968242839885,51.797534934212024],[1.1612921015751199,51.797833603953194],[1.1602951413691207,51.7998057256939],[1.164375360712938,51.80213490913405],[1.1666400888140285,51.802464576176774],[1.1684866980187516,51.80368908517419],[1.1687623099967122,51.8039375619162],[1.172140716681969,51.80411561513024],[1.1724191482286606,51.803894477490594],[1.1778182747999384,51.80215954464647],[1.1780378730134184,51.799218369382345],[1.1758097026910463,51.79837353407402],[1.1750730170605188,51.79738717920336],[1.177656357493601,51.79484969369366],[1.1774991270821642,51.79484161792459],[1.1773443067089302,51.79482295991047],[1.1771237651336386,51.79479751656216],[1.177001881547564,51.79477796734365],[1.176786429362832,51.79474857216811],[1.1765492520002634,51.79469405846058],[1.1763590065968965,51.79460829750753],[1.17627352655947,51.794549690590955],[1.176248160929244,51.79447280096822],[1.1762787221623119,51.79440533626307],[1.1763073851335257,51.794332949050506],[1.1762305939682571,51.79426423149186],[1.176105491545309,51.79425581332905],[1.1758963146146908,51.79422815367403],[1.1757421502007308,51.79421899175842],[1.1756101066569475,51.79417497257709],[1.1755009685004556,51.79408558770314],[1.1753851723417437,51.793988764563345],[1.1752756535925792,51.79395936344401],[1.1751388920737036,51.793979240505934],[1.1749761368350975,51.79397888130303],[1.1748617626818916,51.793967689467024],[1.174658518926117,51.7939313407311],[1.1744239002958683,51.79390199151138],[1.1742863970628505,51.793901821448785],[1.1741551399203545,51.793868959255555],[1.1740585422274037,51.7938095718429],[1.173878932557238,51.79372208949984],[1.1737935904748136,51.793665374879886],[1.1736621339705346,51.79356421520652],[1.1736122294781253,51.793465619275224],[1.1736880249756936,51.79338646396929],[1.17382051534531,51.79337146193457],[1.1738792078962212,51.79331086498802],[1.173821697239766,51.79323531103509],[1.1736774787639166,51.793236356040104],[1.1735250013333622,51.793250944457185],[1.1735073743993647,51.79324863960658],[1.1734103480830342,51.793235954200064],[1.173301709087459,51.79322460594178],[1.1732220660972286,51.79315608042992],[1.1732085145610462,51.79314387881132],[1.17314585442251,51.79308746218359],[1.1730143991581712,51.7929860679257],[1.172927365612375,51.792943438402766],[1.1728020526630236,51.792929688857065],[1.1726691559641629,51.79295541287426],[1.1726352373533375,51.79302986586363],[1.1724860521248708,51.793021932372206],[1.172271204218329,51.792995606716495],[1.1720305532528734,51.79295689075906],[1.1718849169438543,51.79295962679357],[1.171660340945777,51.79295855769116],[1.1713099801836073,51.79292874736103],[1.1709479568930432,51.79286688949535],[1.1708225372754182,51.79281585958255],[1.1707173243263218,51.7927840714963],[1.1705900179322957,51.792747483052985],[1.1704465972887959,51.79269828770985],[1.1703799125300764,51.792609308470276],[1.170269185888308,51.792625635085486],[1.1701607314683644,51.79258278112228],[1.170050011586272,51.79254484508383],[1.1699343509437408,51.79250884110999],[1.1698334508971544,51.792476486154385],[1.1697389396313997,51.792442159884324],[1.1696401163925683,51.79239805621492],[1.169549475592265,51.79234653630718],[1.1694030127642225,51.79222893064129],[1.1692354749042213,51.79211089499331],[1.1691199732215665,51.79202358279365],[1.169014227295985,51.79196575127018],[1.1688649974572325,51.79191742128427],[1.1687499214213182,51.791877101149744],[1.1685671484872062,51.791815392707086],[1.168344028439104,51.791711950579796],[1.168272792016075,51.79164009206135],[1.168274747508184,51.791572222754795],[1.1683595621736518,51.79152293141566],[1.1683643001733015,51.79145379082644],[1.1682739587184223,51.79141041966389],[1.1681337709668504,51.79142252904549],[1.1680078197780364,51.79142131162799],[1.1677218557733477,51.791341221187416],[1.167575279761611,51.79128104457408],[1.1675067347874513,51.791222928185526],[1.1674605789186425,51.79115563658128],[1.1673358766349795,51.791106643358965],[1.1672297521856143,51.79112568523145],[1.1671611657522423,51.7911931653041],[1.167033245748588,51.7911909565949],[1.166754003326144,51.79114898007997],[1.1666045906265845,51.79111969299514],[1.1664617709172862,51.7910750007711],[1.1662976902398128,51.79101522245425],[1.1661729203910012,51.790987177408944],[1.1660531499414708,51.79098659181095],[1.1658845475607247,51.79099018225204],[1.1657100883012586,51.79099774383624],[1.165581015838032,51.79099377475323],[1.1650332884553423,51.79085212317273],[1.16492846830716,51.790824987400434],[1.1649596271329303,51.790758391098166],[1.1648834886877384,51.790813346434],[1.1647371168893423,51.79077546652428],[1.1644305073794419,51.79065330965877],[1.164279640865353,51.79061150285584],[1.1641632657733818,51.790575512525905],[1.1640653321813668,51.790543972211076],[1.1639143099752607,51.79048957721355],[1.1638922544228525,51.790423164195296],[1.1637894432239697,51.79039445329009],[1.1636220255016896,51.79034409717164],[1.1634675739857527,51.790292492230996],[1.1633611766177012,51.79025398387267],[1.1633107674925736,51.790186535405724],[1.1631987361626384,51.79016077053521],[1.1630879640232024,51.79013227338518],[1.162987262565509,51.790102605558765],[1.162848326903341,51.79005507917082],[1.1627806495300557,51.78997298509956],[1.1626443828265216,51.78992835471514],[1.1625283575072558,51.789886956837385],[1.1623898011700566,51.78983447287887],[1.1622808887399019,51.789791084437624],[1.162144665125482,51.78970975586705],[1.1620324785264577,51.78968174552246],[1.1619010066673976,51.789643059930214],[1.1618671073209592,51.78963308483198],[1.1618266419978485,51.78962117820018],[1.1617286178122845,51.78958828927298],[1.1616721185544754,51.789527030172714],[1.1615830127262847,51.789508398897404],[1.161532970541809,51.78949793624541],[1.1615227233473555,51.7894957934744],[1.161404105679335,51.789463123014066],[1.1613948037775985,51.78946056084566],[1.1612930984051533,51.78942687120345],[1.1611793740519232,51.789376865578504],[1.1610769167345718,51.78932205955187],[1.16096681040546,51.78928229973066],[1.1608505370063305,51.789237309207394],[1.1607436732501462,51.78919206539715],[1.1606477295159248,51.78914742711153],[1.1605375756420457,51.7890945366031],[1.1604386284297288,51.78906086197005],[1.160334313672428,51.78902094575395],[1.1602423664593096,51.78898159616349],[1.1601350643547033,51.78893006764396],[1.1600234265391562,51.788837282219106],[1.159881466221192,51.788781244258956],[1.159911393329176,51.788691765187195],[1.1598353022647436,51.78876195217652],[1.1596996634827361,51.788697586200406],[1.159625531585088,51.788643366196354],[1.1595585750083914,51.78858805373831],[1.1594729883560388,51.78853594057068],[1.1593852914497313,51.788495126877535],[1.1592968727871409,51.78844398917241],[1.1591956496218718,51.78837565701365],[1.1591250750306232,51.7883204416144],[1.1590483886393763,51.78826907816227],[1.1589356484266948,51.78823514360693],[1.1588383216971416,51.78820178384522],[1.1586810210640586,51.78814035568618],[1.158584546069558,51.788098428303165],[1.158479605491289,51.78805987643311],[1.158380108113121,51.78802657465958],[1.1582743478414084,51.787997038870564],[1.1580605622302353,51.78793667876924],[1.157945612810338,51.78791053769929],[1.157754229416779,51.78786981182377],[1.157654827083174,51.78783785602254],[1.1575610269191197,51.7878030512912],[1.1574185225592866,51.78773104229937],[1.1574558226332101,51.7876386764439],[1.1573461232318019,51.78768515693984],[1.1572476092564397,51.78762439541439],[1.157151180482153,51.78755611256392],[1.1570831206842456,51.7875015479207],[1.157006824964629,51.78743704110443],[1.1569371688881174,51.78737415465261],[1.1568524416553827,51.78730312865986],[1.1567861828751067,51.78724734620261],[1.1566691472411286,51.787139412557224],[1.1566034897718336,51.78707147164419],[1.1564963945842406,51.78698125916452],[1.156425383922683,51.78693010130447],[1.1562792399761614,51.78683104420439],[1.1561923069536706,51.78678031401265],[1.15609715925471,51.786736550125234],[1.1559958113869309,51.78669744984559],[1.155890087082465,51.78666836069469],[1.1557720589277858,51.78663960198106],[1.1556431938247027,51.786609335418525],[1.1551672109421696,51.786351846263024],[1.1551396463716799,51.786336934874534],[1.1551308290921725,51.78633216011592],[1.1550095727783598,51.78626649592997],[1.154731656686039,51.78611620116865],[1.1545815427572588,51.786034967232695],[1.1544665891062962,51.785981660394064],[1.1543205687248916,51.78591542649342],[1.1541466419308324,51.78583375212306],[1.154045426172967,51.785786102138715],[1.1539840697594501,51.78575767315444],[1.1535864204629755,51.7871313687449],[1.153770517542435,51.787703535484304],[1.1521363115467798,51.78953376421028],[1.1557695923113775,51.7899902107562],[1.1560779562047312,51.79017932683849]]]}},{"type":"Feature","properties":{"db_school_name":"Great Clacton Church of England Junior School","harvested_label":"Great Clacton Church of England Junior School","urn":"140367","margin_m":394.2},"geometry":{"type":"Polygon","coordinates":[[[1.151049526523105,51.802761209244196],[1.1504721154874202,51.805442057258695],[1.1515297426477942,51.80585022971547],[1.1520714162858559,51.806940751226875],[1.152656792255797,51.80769555461939],[1.1506989973024702,51.81125370802787],[1.1498788169774188,51.811995519819405],[1.148535618040887,51.812599595384974],[1.1469888995916928,51.816278963362365],[1.1464455708753796,51.81684577694576],[1.1498538855214908,51.820556338029874],[1.1556531685030733,51.821217311762645],[1.1649983223771523,51.82957096515548],[1.16499878793767,51.829570279727726],[1.1659570679035673,51.82951518017756],[1.1672147317782853,51.82936473042114],[1.168442527315586,51.82913861318792],[1.169628624735964,51.828839007313455],[1.1707615966735312,51.82846879966666],[1.1718305284046338,51.82803155728999],[1.172825123100369,51.82753149297987],[1.1737358010841044,51.82697342464157],[1.1742985213103032,51.826553311270246],[1.1750661437821748,51.826167327423505],[1.1759767664777871,51.82560924252653],[1.1766558739295416,51.825102189611435],[1.1776933760364865,51.82516906930105],[1.1789741203218742,51.82517340701057],[1.1802493799532754,51.82509992177684],[1.1815068670238675,51.82494932178635],[1.1827344651824374,51.82472305825957],[1.1839203465536523,51.824423311441855],[1.1850530858559083,51.824052969560185],[1.1861217706097134,51.82361560095019],[1.1871161063684768,51.823115419624195],[1.1880265159529144,51.82255724461434],[1.1888442317298755,51.82194645348534],[1.1895613800451215,51.821288930467375],[1.190171056997104,51.82059100971165],[1.1906673948241016,51.819859414218165],[1.1910456182692644,51.819101191026526],[1.1913020903863023,51.81832364329618],[1.191434347351761,51.81753425993258],[1.1914374203001519,51.817174271561036],[1.1914499712143725,51.81717754188776],[1.1869356016627821,51.81311698700196],[1.1803673528450567,51.81163994618582],[1.1783884765953312,51.81026336237156],[1.1780081001935707,51.809814143045465],[1.1775575629634796,51.80804493768186],[1.172140716681969,51.80411561513024],[1.1687623099967122,51.8039375619162],[1.1684866980187516,51.80368908517419],[1.1666400888140285,51.802464576176774],[1.164375360712938,51.80213490913405],[1.1586647406587463,51.803580707397195],[1.157755894482834,51.80328976860684],[1.1574056484016861,51.80269086847971],[1.1571236049873688,51.800866880081415],[1.1549826154653966,51.80005942994244],[1.1566746709041396,51.79769826925004],[1.154417005661631,51.79592892138122],[1.1518630082306764,51.79773800283348],[1.1537622459550785,51.79997350858127],[1.1521280328551409,51.80082637129704],[1.1508472740398863,51.801819359571795],[1.151049526523105,51.802761209244196]]]}},{"type":"Feature","properties":{"db_school_name":"Cann Hall Primary School","harvested_label":"Cann Hall Primary School","urn":"138911","margin_m":470.4},"geometry":{"type":"Polygon","coordinates":[[[1.125282037311408,51.80242130881228],[1.1232290512976304,51.802683289436644],[1.1224456138848515,51.802991890789094],[1.1196631880275623,51.805301462677505],[1.1122912848049726,51.80835789622895],[1.1122936251203395,51.808358683606485],[1.1123590529766094,51.80879928178639],[1.1126008188899623,51.809578655484174],[1.1129646701323426,51.810339585766016],[1.113447108056068,51.81107474325942],[1.1140434911246346,51.81177704650004],[1.1147480794361144,51.812439730187364],[1.1155540898632863,51.8130564104051],[1.1164537612847556,51.81362114617517],[1.1170313587943794,51.81391875594572],[1.1170312158671898,51.813918919193725],[1.1314059665663452,51.81211457027114],[1.134254889931759,51.81311186802945],[1.1375998579139555,51.815949173210235],[1.1464455708753796,51.81684577694576],[1.1469888995916928,51.816278963362365],[1.148535618040887,51.812599595384974],[1.1467254303993961,51.81043332545114],[1.1520714162858559,51.806940751226875],[1.1515297426477942,51.80585022971547],[1.1504721154874202,51.805442057258695],[1.1469368874586676,51.80569830193966],[1.143644116873493,51.80322544022528],[1.144207582612611,51.801092266078975],[1.142411412663931,51.800307923509415],[1.138308283364811,51.8010459421026],[1.1368805443694867,51.801974654657656],[1.1345007564201597,51.80147872058448],[1.134028823554709,51.801521229460825],[1.1335740447318892,51.80136834708904],[1.1299437097450746,51.80114091318188],[1.1296720628586083,51.80130095566201],[1.13119956972961,51.80415728994503],[1.1299698326074932,51.80518987340377],[1.125641391494194,51.80245532621536],[1.125282037311408,51.80242130881228]]]}},{"type":"Feature","properties":{"db_school_name":"Holland Haven Primary School","harvested_label":"Holland Haven Primary School","urn":"115256","margin_m":498.5},"geometry":{"type":"Polygon","coordinates":[[[1.172140716681969,51.80411561513024],[1.1775575629634796,51.80804493768186],[1.1780081001935707,51.809814143045465],[1.1783884765953312,51.81026336237156],[1.1803673528450567,51.81163994618582],[1.1869356016627821,51.81311698700196],[1.1914499712143725,51.81717754188776],[1.1915088690530868,51.81719288856809],[1.1927322832803364,51.817427273893124],[1.1939868843715182,51.8175861979602],[1.1952605836890102,51.81766812954801],[1.196541108313374,51.817672279301675],[1.1978161194882182,51.817598607346554],[1.1990733317031568,51.817447823668836],[1.2003006312582645,51.8172213812592],[1.2014861931586436,51.81692146208683],[1.202618595204359,51.81655095603931],[1.203686928168945,51.81611343303361],[1.2046809009986699,51.81561310856913],[1.2055909400140834,51.81505480305629],[1.2064082811549557,51.81444389531605],[1.2068888398690993,51.81400299517542],[1.2074988048746478,51.81404216960472],[1.2087792218455111,51.81404618767423],[1.2100541049984543,51.81397238491978],[1.211311170057959,51.81382147258821],[1.212538304743711,51.81359490491023],[1.213723685651376,51.81329486506211],[1.214855892327121,51.81292424409421],[1.2159240174291934,51.8124866130307],[1.216917771908901,51.81198618841173],[1.2178275841927308,51.81142779161226],[1.2186446924068908,51.81081680233209],[1.2191837613416778,51.8103220029508],[1.2190916895851651,51.810253420216945],[1.2190193023402078,51.8101859223491],[1.2189425108690324,51.81005665515482],[1.2188875890309758,51.80993250914362],[1.2188248715811156,51.80980667887802],[1.218823900187964,51.80977148371509],[1.218827052907801,51.809767673691184],[1.218835203218998,51.809757844462084],[1.2188641675582437,51.809733251951265],[1.2189157928716776,51.809696356756845],[1.2189300100509148,51.80968651061063],[1.218961438961684,51.80966445350931],[1.2190265006637155,51.80961755001969],[1.2191269934750026,51.80953868846625],[1.2191502491523707,51.80950815234152],[1.2191535808544034,51.80949338231551],[1.2191476720718446,51.80948430254259],[1.219142521933617,51.809473571311685],[1.2190767149680115,51.80943623374897],[1.2190349039936448,51.809415633727426],[1.2190130221781472,51.80941623325125],[1.2189498611745826,51.80942829281356],[1.218894965028254,51.80944556207827],[1.2188592477666718,51.80946121846358],[1.2188129008265602,51.8094999981476],[1.2187835664802358,51.80950678212742],[1.2187318473183366,51.80950711161031],[1.2186565713779636,51.80950917382721],[1.2186272234000268,51.80950345423089],[1.2186077194726952,51.80949206296179],[1.2185702269416254,51.80946590830417],[1.2184927252342268,51.809397530277614],[1.2184269733512019,51.809359409241196],[1.2183707579075482,51.80933971354828],[1.2182860398655986,51.809304660059766],[1.2181312717851212,51.80926727723151],[1.2179971181975218,51.809244713472815],[1.217866376030583,51.80922221083099],[1.2177266139601197,51.80919668563905],[1.2174472566044585,51.80911018176891],[1.2173444585493407,51.80907137561027],[1.2171795915195223,51.808988400646506],[1.217012692026177,51.80889613690703],[1.2169177771174553,51.80883333084687],[1.2168713940940554,51.808778539218046],[1.2168283508748332,51.80873215126574],[1.216820221829986,51.80869499883202],[1.2168349422976459,51.808670812104985],[1.2168805519774502,51.808618598787525],[1.2169454073256272,51.808548020052996],[1.2170098776642206,51.80845281907134],[1.2170720365461059,51.80836362748905],[1.217088463853385,51.808324953605215],[1.2170923418334525,51.808283226190106],[1.2170754035027396,51.808237821647765],[1.2170554500255133,51.80820778911223],[1.2169766080691162,51.80815898248772],[1.2168572974165854,51.80808070585735],[1.2167138329142309,51.80799034906037],[1.2166773473783883,51.807959070064435],[1.2166068717806238,51.80789304566369],[1.2165633671809275,51.80785941070988],[1.2164958883353483,51.807816239721944],[1.2164456283646425,51.80780317529854],[1.21640757728301,51.80780761415884],[1.2163499195791834,51.807825332011454],[1.2162733769067717,51.80786650053688],[1.2162666817186638,51.8078879194115],[1.2162579742575799,51.807919585736514],[1.2162806022121762,51.807948696123454],[1.2163044174367121,51.807975225013564],[1.2163515398961628,51.80800196581048],[1.2163777887808662,51.808024181843706],[1.216380303323668,51.808040251516516],[1.2163636117965697,51.80805599791023],[1.2163065562739381,51.80808219348935],[1.2162501443497584,51.80809817725785],[1.216152581777553,51.80811358933936],[1.2160285741531094,51.80814246657738],[1.2159344510877428,51.808148440126395],[1.21584662268696,51.808146597932286],[1.2157763313686831,51.80814087671517],[1.2156367550521643,51.80812431133026],[1.215515380151645,51.808113192878956],[1.215373248159238,51.808099245218436],[1.2153024136055863,51.80808589431382],[1.2152145651255124,51.8080645147378],[1.2151138627904605,51.8080358416752],[1.214982812778584,51.807985065255345],[1.2148781693819388,51.80793951226802],[1.2148139722094962,51.80790389480259],[1.2146764646670467,51.80782016687014],[1.2145356804266718,51.807728885061266],[1.2144934237894534,51.807693516185616],[1.214442821649562,51.80763714004068],[1.2144483317854131,51.807618302690486],[1.2144701930175272,51.80759816801455],[1.2145186413778974,51.80758580014046],[1.2145412254057482,51.807575838036215],[1.2145795974903972,51.80753741406153],[1.2145939566702242,51.80750814132531],[1.2145840600767255,51.80748462842898],[1.2145538320672629,51.80746421990346],[1.2144954887542645,51.80745307484545],[1.2144430978494354,51.807448562110345],[1.2143913709387901,51.807453375382536],[1.2143607614847565,51.80746610421676],[1.2143212831651677,51.807469733284975],[1.2142726326424642,51.80746002196156],[1.2141741260122367,51.80742364376964],[1.2140562915218422,51.80738524524858],[1.2139916325888853,51.807362381327685],[1.2139134578067248,51.807322898634666],[1.2138412972026904,51.807290895645814],[1.2137696798458701,51.80726652292293],[1.213737059963307,51.80724740104719],[1.2136290234078342,51.80717337743603],[1.2135679664046441,51.80715779370105],[1.2134967910559349,51.80715045025632],[1.213327571807417,51.80711924430499],[1.2131128205159305,51.80707999222076],[1.2130058530902248,51.80705106419053],[1.2128979431606413,51.807008889826825],[1.2127573214208223,51.806958319659174],[1.21257924200493,51.806892847337025],[1.2124035831798106,51.806831289448276],[1.212290805301712,51.80675075916783],[1.2121305141807748,51.806634365102106],[1.212023865240235,51.80654968522437],[1.2119721427643873,51.80648473831793],[1.211938804338877,51.80640734434917],[1.211943236126491,51.80637935250974],[1.2119744397918926,51.806366554093145],[1.2120395499411156,51.80634884780642],[1.2120826324732843,51.8063224525884],[1.2121145598464926,51.80628972633206],[1.2120990056967247,51.80625166311207],[1.2120474092680762,51.806218566157234],[1.2120020651363874,51.80621316982953],[1.2119279374581597,51.80622448661853],[1.2118156929705934,51.806211628927315],[1.211680384614045,51.806175510918294],[1.2115265687165984,51.80611999154796],[1.2113520153360202,51.80604380323838],[1.2112938206027868,51.80600823119367],[1.2112215815175615,51.805955790098125],[1.2111599602912149,51.80593225788992],[1.2110924024047005,51.80591552301211],[1.2110299642482063,51.80591059351569],[1.2109574075114433,51.805913904094496],[1.2109023868390305,51.80589284467986],[1.2107510219758566,51.805871764902356],[1.2105557915897678,51.80583595651923],[1.2104668646740018,51.805810598654304],[1.210341341668477,51.80577845614228],[1.2102045061350617,51.80573269940706],[1.2099930629576583,51.80565280585879],[1.2098176235559566,51.805582397673334],[1.209716019711693,51.80553566882699],[1.2096177527317682,51.80547077017167],[1.2095351295138819,51.80541020206711],[1.2094326735475833,51.80529187457012],[1.2094347982374605,51.80520705415157],[1.2095360688160537,51.80517359007232],[1.209562491348804,51.80510790234609],[1.2094503505707408,51.805053141397536],[1.2093363672183517,51.80506981851586],[1.2092106255524242,51.805045173054246],[1.2090993181601384,51.80501846025154],[1.2089841887072514,51.804991860733296],[1.2088478487420182,51.804948940110876],[1.2087615789615795,51.80488561987921],[1.208701091564244,51.80481230431787],[1.2085778091982708,51.80476283868403],[1.2084746357482175,51.80478565067905],[1.208357070693653,51.804778868570324],[1.2081742826452673,51.804756256539115],[1.2079986001755978,51.80472583202649],[1.2078006771080234,51.804684591734365],[1.207609387945054,51.80462889602803],[1.2074483295055485,51.804579866956985],[1.2072835992926625,51.80451713164484],[1.2072624061955708,51.80451066675773],[1.2071778694807414,51.80447539898961],[1.207107026304804,51.804442506918875],[1.207030110453973,51.804401286350526],[1.2069743683047147,51.804368831048414],[1.2069042737869518,51.80430788766847],[1.206863677859537,51.80425718137484],[1.206854492139913,51.804224305178096],[1.2068584395943585,51.80418342534218],[1.2068782720095075,51.80415400418387],[1.2069318103634834,51.80411686777914],[1.2069574142970958,51.804091535276605],[1.206963872631542,51.804066726279814],[1.2069545843845406,51.804051690396406],[1.2069330595850936,51.804037446336885],[1.2067915288173146,51.80400634866357],[1.2066531649443655,51.80398797227524],[1.206535486967498,51.80397404996864],[1.206407737047889,51.80394802626412],[1.2062840375566148,51.803914273705985],[1.206123292670855,51.80381300436911],[1.2060389540738654,51.80374962049385],[1.2058955335365202,51.803719265885235],[1.205789074805681,51.80373359360766],[1.2056643982064672,51.80372938637345],[1.205540461007234,51.80371372707291],[1.2053837956490265,51.80369135139691],[1.205227840939012,51.803657524366386],[1.2050073868058808,51.803601666766326],[1.204838964701796,51.80354343600979],[1.204645778752627,51.80347417891493],[1.2044014167804207,51.80337374897598],[1.204306683659716,51.80332064905873],[1.2042352653019606,51.80325549043008],[1.2041849434148941,51.803195467775815],[1.204177635592419,51.80312498986308],[1.2042824525194136,51.80309285468225],[1.2043002389120059,51.80301884115861],[1.2042062309656159,51.802960001012664],[1.2040932071686157,51.80297379571198],[1.203972816311289,51.802964936692774],[1.203821189335401,51.80293766357424],[1.2036745380036944,51.8028995423696],[1.2035522082471313,51.80284719438515],[1.2034872287611733,51.802775428817625],[1.2034287708980347,51.80271419760357],[1.2033155856147337,51.80266088049443],[1.2032097577236083,51.80267875943215],[1.2030845481112487,51.80269930733905],[1.2029565123676838,51.80269637608954],[1.202833632783964,51.80268473256786],[1.2026917433681334,51.80266504456514],[1.2025030717006986,51.802635199882005],[1.2023689302678173,51.8026110190041],[1.2020914843681214,51.802547184502735],[1.2018070782358847,51.80246640490435],[1.201678613635064,51.80240851081283],[1.2015348851286678,51.80233032766617],[1.2014410631966588,51.802241502292325],[1.201467947348031,51.802165811228335],[1.2015565081729602,51.802115566222724],[1.2015235185976016,51.80204006765765],[1.201393453175444,51.80203385314855],[1.2012688296981109,51.80204914847666],[1.2011057856200578,51.802023244320345],[1.2010199868079208,51.80199563825181],[1.2008756706961816,51.80194920400378],[1.2008136562955516,51.80188664732842],[1.2007522945827487,51.801816922374684],[1.2006517344746388,51.80173042060961],[1.2005279019855204,51.801721660851115],[1.2004203454636708,51.801763850985736],[1.2003110756138233,51.80179824466627],[1.2001850412628152,51.80179096562285],[1.2000192853908898,51.80177549526624],[1.1998424694354841,51.801750324259636],[1.1995624447354847,51.80169869639609],[1.1993638276694027,51.80165841436896],[1.199190390964135,51.801616016235215],[1.1990751953976568,51.801582744162594],[1.1989536820193876,51.80154179198866],[1.1988562049560179,51.801498755138134],[1.198712080373345,51.801414868014675],[1.198656319511282,51.801342848865616],[1.198725534300067,51.80127956933747],[1.1987806976435824,51.80121310161853],[1.198695253198652,51.80114474188506],[1.198577880008823,51.80116222045727],[1.1984601003283977,51.80115757502607],[1.198161944440117,51.80111000822053],[1.1980450708016621,51.80105321579452],[1.1979474733369695,51.80095948966133],[1.1978766567730286,51.80088645888077],[1.197775096945971,51.80085067375294],[1.1976266442506724,51.800868277784254],[1.1975420822745377,51.80092626298909],[1.1974219508563446,51.80092096998127],[1.1972304924384778,51.80092189027798],[1.1970447347419748,51.800922187426785],[1.1968526363688186,51.800919805629185],[1.1966377350606674,51.800909463420275],[1.1965202890620705,51.80089886174674],[1.1964126509465751,51.800885609623634],[1.1962778296224525,51.80085948860142],[1.1961698504443241,51.800840390255196],[1.1960599853648157,51.80082539054449],[1.1959266041398182,51.80080608359188],[1.195806978302945,51.80078640231226],[1.1956826594042067,51.80076190171116],[1.1955575849122693,51.800736971817535],[1.1954386133208892,51.800706029512796],[1.195332323829791,51.80066979530207],[1.1952410194179817,51.80062944779615],[1.195299607032223,51.80054919032529],[1.1953057835075396,51.800443960085005],[1.19527126570511,51.80051092594836],[1.1951784178306215,51.800596180601026],[1.1950821942725778,51.80054842954858],[1.1949978082915211,51.80050395420605],[1.1948943137896253,51.80045595102482],[1.1947870283174173,51.80043638284168],[1.194671150707176,51.80041839734728],[1.1945613823507295,51.80040474276066],[1.1944536271761523,51.80038878476095],[1.1943091345198686,51.800366180403444],[1.1942004650755398,51.80034754874654],[1.1940907542967378,51.800324448159614],[1.1939857621169432,51.800296272331764],[1.1938876286846583,51.80026251337976],[1.1937846120336277,51.80022124195753],[1.1936967668580494,51.8001791083062],[1.1936057403598317,51.80013301364337],[1.1935133870262864,51.80007841041023],[1.1934038238248716,51.800036866900186],[1.1932978608932703,51.80001546256569],[1.1931827663249133,51.799988010337636],[1.1930670431489698,51.799961924225244],[1.1928279709649636,51.799894218917395],[1.1927248985261176,51.799862392092855],[1.1926203148690135,51.799829706818855],[1.1925233457620874,51.79979186767761],[1.1924202994886737,51.79974870708507],[1.1924552276175222,51.799648092331914],[1.1923795361195781,51.79973065694747],[1.1922808544507968,51.79968602849232],[1.1921669813493008,51.79964505067118],[1.1920602584722344,51.79961287274615],[1.191692399897343,51.799508639741084],[1.1915029464938158,51.79945532373754],[1.1913683657666048,51.799418955117225],[1.1912652319656707,51.799386229269395],[1.1911725451356532,51.79934737328016],[1.1910801701055835,51.79930266246912],[1.1909882878057272,51.79926081637279],[1.1908903019395438,51.799200131073555],[1.190751723649606,51.79908334456428],[1.1906067654186565,51.79898732806169],[1.1904858949274701,51.79893349697395],[1.190249533915162,51.79879622308634],[1.1902200019963527,51.79868455159438],[1.1903146054237583,51.79862201774573],[1.190302377970936,51.79854667194137],[1.1901930298188985,51.79853107713876],[1.1900813213814092,51.79854696333605],[1.1899376005589126,51.798533731733954],[1.1898164692173885,51.79851417525115],[1.1896897420834738,51.798480496656886],[1.189607761753615,51.79842845997428],[1.1894505952572625,51.798289942792756],[1.189379709572373,51.79823190238042],[1.189272578236496,51.798214816458525],[1.1891462794156533,51.79825251322624],[1.1890648165115563,51.798328792447684],[1.188971822200027,51.7983705767795],[1.1888290220328857,51.79841372193404],[1.1886944501552537,51.798437602700055],[1.1885667824660002,51.79845058374328],[1.188446615707045,51.79843111660016],[1.1883230796944588,51.79837645623742],[1.1882059714707476,51.79831009964597],[1.1881333130699414,51.79824603547022],[1.188053885962598,51.79818780333527],[1.1879608695724047,51.79813844848933],[1.1878593190928721,51.79809169963291],[1.1877658309190535,51.79805045228348],[1.1875903066274578,51.7979781159731],[1.1874544108365517,51.79789875001686],[1.187450154770675,51.797809462423075],[1.1875122931807016,51.79774011257623],[1.1874625865251869,51.79767483164471],[1.1873420412485478,51.79766620276839],[1.1872120115613152,51.797686387891794],[1.1870958817107773,51.797672287381886],[1.1869767028678169,51.79765588598786],[1.1868498153735028,51.79762541967426],[1.186772334542582,51.79756923855941],[1.1866808569911482,51.79748840600226],[1.1866139978175876,51.79741108795119],[1.1865034333500135,51.79736709185065],[1.1863912172270699,51.797374524714165],[1.1862986283885877,51.797423914076],[1.1862104485854121,51.79746342500114],[1.1860124772801646,51.79744809822811],[1.185891312155561,51.797430586648964],[1.1857379521421152,51.797408421903874],[1.1854757005003556,51.79736341133454],[1.1852973932267539,51.79732721413051],[1.1851419852462393,51.79731417665839],[1.1850059071793766,51.79731667869399],[1.1848744954303119,51.797317264209504],[1.1846812944832206,51.79731238313599],[1.1845280635933426,51.79730285656007],[1.1844197170113908,51.797279791017665],[1.1843138910957611,51.79726017381175],[1.1841716519891368,51.797248738866145],[1.1840563482024473,51.797218135483114],[1.1839585375436488,51.797178873108784],[1.1840255131294035,51.79707066474252],[1.1840412683126968,51.79698385680155],[1.1839997678265317,51.7970649405984],[1.183873262335196,51.797141699380056],[1.1837619784575921,51.7970858028236],[1.1836280118614197,51.79705795335978],[1.183524200326189,51.79703603229548],[1.1834139369675591,51.79701518539456],[1.183316071377336,51.796985008189935],[1.18322264058932,51.79694571647581],[1.1831941013253284,51.796880381920644],[1.1830016852655125,51.79684647033255],[1.1828758093257317,51.79682019966603],[1.182716187404561,51.79677820371178],[1.1826177534641724,51.796739946494036],[1.1825038962701595,51.79669895901531],[1.1824039199879484,51.7966593942635],[1.1822872589706874,51.79660948826754],[1.1821917495451746,51.796561257790806],[1.1820965531271082,51.79650717248907],[1.182046674774108,51.79643746882132],[1.1819379561784868,51.79641792785197],[1.1818197510626052,51.79639756440396],[1.1816332084215553,51.796374914238456],[1.1815119941171117,51.79635301301165],[1.1814034591022702,51.79631547805633],[1.1812942287403234,51.796268068144386],[1.1811862279697463,51.79622060684866],[1.1813346260236415,51.79610021159468],[1.181130408529551,51.79619607096613],[1.181062207506244,51.79614175753469],[1.181073668876587,51.79604292405132],[1.1810747386523743,51.79596007592627],[1.180938743697346,51.79587637003551],[1.1808585780595928,51.795817136796764],[1.1808069907008862,51.7957385745783],[1.1807307208756639,51.79568419161223],[1.1805857336813754,51.79566907617454],[1.1803371501860203,51.79565439062364],[1.1802114972000122,51.79564687313531],[1.1799807096116466,51.795620408298014],[1.1797823927044653,51.79558353921767],[1.17964331495952,51.795556956888554],[1.1794407354013823,51.79552793766944],[1.1791661555114767,51.795443744030976],[1.1790447262626886,51.7953542272772],[1.1790130122604678,51.795258109382424],[1.17906928704757,51.795198879398974],[1.1790571925058173,51.795122458681824],[1.1789355685980112,51.7950983803167],[1.1788082866165517,51.79508933142832],[1.1786431507238644,51.79507416518697],[1.1785109099796025,51.79506287566317],[1.178395983741049,51.79502492627165],[1.1782963234737316,51.794958618605996],[1.178208195418729,51.79487211257081],[1.1781120869142705,51.794815044704286],[1.1779737868912514,51.7948130746563],[1.1778732466061685,51.79486475011401],[1.177754120562931,51.79485471495521],[1.177656357493601,51.79484969369366],[1.1750730170605188,51.79738717920336],[1.1758097026910463,51.79837353407402],[1.1780378730134184,51.799218369382345],[1.1778182747999384,51.80215954464647],[1.1724191482286606,51.803894477490594],[1.172140716681969,51.80411561513024]]]}},{"type":"Feature","properties":{"db_school_name":"St Osyth Church of England Primary School","harvested_label":"St Osyth Church of England Primary School","urn":"142775","margin_m":763.5},"geometry":{"type":"Polygon","coordinates":[[[1.0814774843978012,51.790028554249616],[1.0802239989356475,51.789868409170225],[1.078951242616374,51.789785213893765],[1.0776714662978404,51.789779769317754],[1.0763969883337887,51.78985212795555],[1.0751400761944925,51.79000159342763],[1.0739128285719686,51.79022672714988],[1.07272705909563,51.79052536215533],[1.0725595667921488,51.790579957436464],[1.0721024660776612,51.790521524653215],[1.0708297025604974,51.79043824143401],[1.0695499049938781,51.79043270865001],[1.0682753919359158,51.79050497966337],[1.0670184311942275,51.790654358937736],[1.0657911219279215,51.79087940871847],[1.0646052783587876,51.791177962846376],[1.063472316202725,51.791547147573255],[1.0624031429070875,51.791983409180396],[1.0614080527442218,51.79248254813627],[1.0604966277662344,51.79303975946715],[1.0596776455711927,51.79364967895459],[1.0589589947672047,51.794306434717676],[1.0583475989486741,51.795003703686554],[1.057849349918774,51.795734772426044],[1.0574690508051288,51.79649260172647],[1.0572103696219766,51.79726989434189],[1.0570758037329764,51.798059165225716],[1.0570666555650592,51.79885281358856],[1.0571830198162366,51.799643196085576],[1.0574237822901105,51.80042270042909],[1.0577866303780838,51.801183818717035],[1.0582680750978422,51.80191921977087],[1.0588634844848197,51.80262181978455],[1.059567128023175,51.803284850602836],[1.0603722316951663,51.80390192496886],[1.0612710431241363,51.804467098110266],[1.0622549061874111,51.804974925067924],[1.0633143443823034,51.80542051321177],[1.0644391521423398,51.80579956943588],[1.0656184932222117,51.80610844157434],[1.0663363679784548,51.80624685658403],[1.0664097690158703,51.80640073533662],[1.0668914119216195,51.807136097314284],[1.0674870258958702,51.80783864979818],[1.068190878451886,51.80850162509001],[1.068996193557832,51.80911863646705],[1.0698952167991955,51.80968373976305],[1.0708792900113782,51.8101914906911],[1.0719389346654387,51.81063699735313],[1.0730639432039322,51.81101596742792],[1.0742434774451306,51.81132474957931],[1.0754661731041912,51.81156036868414],[1.0767202494190833,51.81172055453738],[1.0779936228185885,51.811803763756316],[1.0792740235294456,51.81180919467151],[1.0805491139906354,51.81173679505943],[1.0818066079247464,51.811587262642405],[1.083034388909947,51.81136203835091],[1.0842206273011152,51.81106329241389],[1.0853538943650722,51.810693903412265],[1.0864232725227265,51.810257430499135],[1.0872048340102085,51.809865271226556],[1.0872314156235963,51.80986210880023],[1.088413307596308,51.80964523575988],[1.0895888248587349,51.80965011920946],[1.0908638331822742,51.80957760887947],[1.0921212284113324,51.809427967539975],[1.0933488950763797,51.809202637171275],[1.0945350046353108,51.80890378902458],[1.0956681295979944,51.80853430266568],[1.096737353756352,51.80809773818563],[1.0977323774515917,51.807598301848465],[1.0986436168595077,51.80704080550905],[1.0994622963340428,51.806430620195],[1.1001805329180532,51.805773624302674],[1.1007914122075348,51.80507614690882],[1.101289054840731,51.80434490674727],[1.1016686729757001,51.80358694744043],[1.101926616217946,51.802809569612556],[1.1020604065628243,51.802020260539834],[1.1020687620244216,51.80122662201692],[1.1019516087323655,51.80043629713536],[1.101710081389727,51.799656896679636],[1.101346512097273,51.79889592584951],[1.1008644076612775,51.79816071201357],[1.1002684156123386,51.79745833418887],[1.099564279270468,51.796795554923385],[1.098758782295987,51.79617875523568],[1.0978596832654977,51.79561387323562],[1.0968756409065883,51.795106347014155],[1.0958161307130612,51.794661062349704],[1.0946913537435583,51.79428230573114],[1.0935121384798978,51.793973723147616],[1.0922898366863953,51.79373828503882],[1.0910362142675996,51.79357825774083],[1.0897633381685992,51.79349518170095],[1.0891820324566868,51.793492764862144],[1.0887506152635331,51.79308651707894],[1.087945331134284,51.79246963942163],[1.08704643965496,51.79190467094199],[1.0860625975568903,51.79139705056408],[1.0850032784080499,51.79095166497314],[1.0838786814301271,51.790572801629935],[1.0826996333744374,51.79026410755112],[1.0814774843978012,51.790028554249616]]]}},{"type":"Feature","properties":{"db_school_name":"Engaines Primary School and Nursery","harvested_label":"Engaines Primary School and Nursery","urn":"115314","margin_m":781.4},"geometry":{"type":"Polygon","coordinates":[[[1.1269961614227568,51.83418949217174],[1.1391783307017083,51.841952410637695],[1.1395561156304184,51.84517315792778],[1.139562577200278,51.84516724521756],[1.139844278892995,51.84538246249439],[1.1407449088937,51.84594699389192],[1.1417305630007824,51.84645412228359],[1.1427917474411438,51.84689896176546],[1.1439182398074503,51.84727722644153],[1.1447558604521992,51.8474957179835],[1.1452732953071822,51.847981525107706],[1.146080370450321,51.8485979752567],[1.1469811424805643,51.84916245624044],[1.1479669363731075,51.84966952976234],[1.1490282570069401,51.85011431044673],[1.1501548806612665,51.850492512963925],[1.1513359535762706,51.85080049337123],[1.1523753327023587,51.850999847491536],[1.1523777757483835,51.85100214052715],[1.1669790166817362,51.83902455750063],[1.1663364788807586,51.83842155596111],[1.165529320995009,51.83780524560975],[1.164628555953985,51.8372409059731],[1.1636428585139023,51.83673396991584],[1.1625817200891566,51.836289317530934],[1.1614553573983586,51.835911229217665],[1.1606178786133794,51.835692854120126],[1.1601004280924236,51.83520711410443],[1.1592934130258807,51.834590758257136],[1.158392789910783,51.834026368190564],[1.1578655790741743,51.83375516271804],[1.1586364710697559,51.833560538173124],[1.1597696547600145,51.83319043331553],[1.1608388073129319,51.832753287619724],[1.1618336297698715,51.83225331295102],[1.1627445402578391,51.831695326351564],[1.163562766313737,51.831084703572245],[1.1642804293639062,51.83042732722305],[1.1648906205454668,51.8297295300442],[1.1649983223771523,51.82957096515548],[1.1556531685030733,51.821217311762645],[1.1498538855214908,51.820556338029874],[1.1464455708753796,51.81684577694576],[1.1375998579139555,51.815949173210235],[1.134254889931759,51.81311186802945],[1.1314059665663452,51.81211457027114],[1.1170312158671898,51.813918919193725],[1.1167932480199554,51.81419071849038],[1.1162957576315466,51.81492202093546],[1.115916299939505,51.81568002378535],[1.1156585348684651,51.81645742811909],[1.1155249509714478,51.81724674780985],[1.1155168412280876,51.818040381593285],[1.1156342903430545,51.818830686259794],[1.1158761736765153,51.819610050265695],[1.1162401678267657,51.82037096705515],[1.1167227727725861,51.82110610738495],[1.1173193453710974,51.82180838995528],[1.1180241438965557,51.82247104966396],[1.1188303831979853,51.823087702824836],[1.119730299949771,51.823652408719624],[1.120178726873247,51.82388338773856],[1.1201545712238792,51.82387874445749],[1.1251793364784315,51.825502463763065],[1.1253049768055217,51.82552660786202],[1.1265595974827416,51.825686252039915],[1.1269734653316408,51.82571310996746],[1.1271852675774483,51.825962333151224],[1.127890276001508,51.82662492981718],[1.1286967239405166,51.827241511454645],[1.1291528847976278,51.82752765369327],[1.1291450439530817,51.82831894088127],[1.1292627657132812,51.82910922636246],[1.1292830444624016,51.82917448398238],[1.129202102538943,51.82921512970728],[1.1269961614227568,51.83418949217174]]]}},{"type":"Feature","properties":{"db_school_name":"Cherry Tree Academy","harvested_label":"Cherry Tree Academy","urn":"142002","margin_m":267.9},"geometry":{"type":"Polygon","coordinates":[[[0.8948215276462835,51.85418541439306],[0.8967242631658253,51.85670866816528],[0.9024208918544295,51.85991741511512],[0.9040216883464562,51.86261948317222],[0.9067674609775124,51.86217806062251],[0.9087745462225623,51.86228884215475],[0.9075536810287963,51.85969777528343],[0.9106782595121641,51.85875911469661],[0.9112094051829013,51.858855567844856],[0.9232104799653682,51.857610457956085],[0.9233113122218162,51.85702986027718],[0.9233227854085438,51.85623619327085],[0.9232085760619224,51.85544565144562],[0.9229697905623193,51.854665847690384],[0.9226087346408884,51.853904291102324],[0.9221288909399482,51.85316831470253],[0.9216607411669034,51.852614021904095],[0.9212046380885064,51.851914411277214],[0.9206106639525198,51.85121109615832],[0.9199082542062545,51.850547218247776],[0.9191041759292237,51.849929169147345],[0.9182061740809726,51.849362898998706],[0.9172228968651662,51.848853859257545],[0.9161638124445365,51.84840695027123],[0.9150391178086691,51.848026474161934],[0.9138596406703138,51.8477160934661],[0.9126367353312022,51.84747879592589],[0.9113821735147576,51.84731686576899],[0.9101080312101125,51.84723186175175],[0.9088265726090242,51.84722460217497],[0.9075501322444158,51.84729515701611],[0.9062909964560624,51.84744284725299],[0.9050612853152068,51.84766625138541],[0.9038728361356936,51.84796321909285],[0.9027370896845107,51.848330891897774],[0.9016649801795069,51.84876573063744],[0.9006668301268022,51.849263549481506],[0.8997522510053155,51.84981955617091],[0.8989300507511587,51.85042839809261],[0.8982081489310288,51.851084213750234],[0.8975935004215623,51.851780689137],[0.8971828307106515,51.85237886028648],[0.8966866864106099,51.85262626027966],[0.8957719903796157,51.85318223750048],[0.894949675718901,51.85379105302046],[0.8948729424547762,51.8538607497195],[0.8948727852982115,51.85386056348089],[0.8948215276462835,51.85418541439306]]]}},{"type":"Feature","properties":{"db_school_name":"Montgomery Primary School, Colchester","harvested_label":"Montgomery Primary School, Colchester","urn":"114750","margin_m":488.4},"geometry":{"type":"Polygon","coordinates":[[[0.8704907272022673,51.8667626573015],[0.8707032593387566,51.866867439434984],[0.8722008223609142,51.868558306285415],[0.8736573844077788,51.86893089164283],[0.8763351846502186,51.869085175923615],[0.876715781015676,51.869218783564996],[0.8792472610655644,51.87047472022],[0.8796526561095883,51.871496044615476],[0.8816702908167661,51.87280086877521],[0.8864760645704365,51.87295448450514],[0.8874864356784077,51.87316466822518],[0.890001496842971,51.87322478506787],[0.8910148466264524,51.87304110262294],[0.8938801486630944,51.87300704858698],[0.8964161460372233,51.871115555572004],[0.8976488547677884,51.86797535813876],[0.8967173250419276,51.86606611551032],[0.8974174291927974,51.865310411798504],[0.8967242631658253,51.85670866816528],[0.8948215276462835,51.85418541439306],[0.8948727852982115,51.85386056348089],[0.8943386466534111,51.85322757136489],[0.8936365850544404,51.85256353125701],[0.8928328228412751,51.8519452976952],[0.8919351019358662,51.851378822598],[0.8909520678424887,51.85086955939468],[0.8898931863884444,51.85042241058406],[0.8887686526141088,51.850041680596895],[0.8875892926878045,51.84973103441324],[0.8870826481528641,51.8496326053302],[0.8870846005935651,51.84963039366238],[0.87153186519086,51.85361179531416],[0.8712263442001997,51.85392310641272],[0.8712334670413648,51.85391783648837],[0.8708179978820563,51.85452236323273],[0.870434075730994,51.855279634417684],[0.8702819849879875,51.85573026777004],[0.8696954419699932,51.85576249216862],[0.8684359308280383,51.85590978207886],[0.8672057872149235,51.85613279613075],[0.8660168526017418,51.85642938775798],[0.8648805724218149,51.85679670210281],[0.8638078860238084,51.85723120345329],[0.8628091214600819,51.85772870922761],[0.8618938961181728,51.85828443018156],[0.8610710241486493,51.85889301645461],[0.860348431578999,51.85954860901357],[0.8597330799310785,51.860244896002186],[0.8596801563169206,51.86032185934373],[0.8699828753034305,51.8666637256442],[0.8704907272022673,51.8667626573015]]]}},{"type":"Feature","properties":{"db_school_name":"Layer-de-la-Haye Church of England Voluntary Controlled Primary School","harvested_label":"Layer-De-La-Haye Church of England (Voluntary Controlled) Primary School","urn":"115080","margin_m":743.0},"geometry":{"type":"Polygon","coordinates":[[[0.87153186519086,51.85361179531416],[0.8870846005935651,51.84963039366238],[0.8872283424381969,51.84946756642872],[0.8877299441090496,51.84873717693986],[0.8881135220923914,51.847979853775925],[0.8883753878443812,51.84720289145258],[0.888513025580966,51.84641377326369],[0.8885251162707248,51.84562009918516],[0.8884115500881777,51.84482951267037],[0.8881734272172931,51.84404962704182],[0.8878130470071557,51.84328795218839],[0.8873338855938223,51.84255182227317],[0.8867405622129017,51.84184832514689],[0.8860387945352804,51.84118423414509],[0.8852353434630633,51.840565942923575],[0.884337947922662,51.83999940395703],[0.8833552502867134,51.83949007129071],[0.8822967131448706,51.83904284809309],[0.8811725282249316,51.8386620395118],[0.8799935183394857,51.83835131128413],[0.8787710332985909,51.83811365449748],[0.8786066576416762,51.83809238444558],[0.8781247995817811,51.83796537850047],[0.8769023341646802,51.83772770195394],[0.8756481583794348,51.83756538407725],[0.8743743445041846,51.83747998735798],[0.8730931535730574,51.837472333875844],[0.8718169175449094,51.83754249739864],[0.8705579207936575,51.83768980266948],[0.8693282820517488,51.83791283189234],[0.8681398379341865,51.83820943835423],[0.8680658808469521,51.83823335711777],[0.8674606206070415,51.83807376136873],[0.8662382040833356,51.837835973093256],[0.8649840591945974,51.83767354087866],[0.8637102579223505,51.83758802831276],[0.8624290611798031,51.837580258590016],[0.8623645943239512,51.83758379721382],[0.8611222952550199,51.83757624936004],[0.8598460325848981,51.83764628320418],[0.8585869888364636,51.83779346085751],[0.857357283193651,51.83801636575205],[0.8567339632656688,51.83817185893748],[0.8556137392664162,51.83802667902009],[0.8543399417956442,51.83794106477702],[0.8530587326492857,51.837933193026174],[0.8517824439614501,51.8380031396356],[0.8505233606120969,51.83815023143562],[0.8492936021656828,51.83837305268435],[0.8481050063872465,51.83866945867024],[0.8469690154487651,51.839036596321385],[0.8458965659136063,51.83947093162543],[0.8448979835517006,51.8399682835979],[0.8439828839930468,51.84052386447422],[0.8431600801726082,51.841132325741526],[0.8424374974560656,51.84178780956956],[0.8418220972638503,51.842484005148606],[0.8413198099309102,51.843214209394546],[0.8409354774525446,51.843971391439595],[0.8406728066731566,51.84474826028946],[0.8405343333756173,51.845537334998085],[0.8405213976252324,51.8463310166853],[0.8406341306147637,51.847121661705025],[0.8408714531467802,51.84790165525991],[0.8412310857777372,51.8486634847534],[0.8417095705356523,51.849399812172024],[0.8423023040112585,51.85010354479987],[0.8430035815120689,51.85076790358205],[0.8438066518610353,51.85138648847703],[0.8447037823174726,51.85195334016574],[0.8456863329987673,51.85246299752018],[0.8467448400880162,51.85291055027547],[0.8478691070262733,51.85329168639468],[0.8490483028092008,51.853602733667586],[0.850271066437739,51.85384069514006],[0.8505222975616856,51.853873254504244],[0.851138921787524,51.85434809167526],[0.8520362026698036,51.854914884882014],[0.8530188997336753,51.85542447850482],[0.8540775477505613,51.855871962892444],[0.8552019488022609,51.85625302666642],[0.8563812705907684,51.856563998313476],[0.8576041509014842,51.85680188160807],[0.8588588072082886,51.856964384521504],[0.8601331503579696,51.85704994133705],[0.8614149012309923,51.857057727756576],[0.8626917092460624,51.85698766885195],[0.8639512715575551,51.85684043978446],[0.8651814517881018,51.8566174592851],[0.866370397143276,51.8563208759592],[0.8675066527714383,51.85595354754895],[0.868579272259299,51.855519013354524],[0.8695779231921679,51.85502146008245],[0.8704929867568996,51.85446568145197],[0.8712263442001997,51.85392310641272],[0.87153186519086,51.85361179531416]]]}},{"type":"Feature","properties":{"db_school_name":"Birch Church of England Voluntary Aided Primary School","harvested_label":"Birch Church of England (Voluntary Aided) Primary School","urn":"115138","margin_m":631.5},"geometry":{"type":"Polygon","coordinates":[[[0.8034276163971292,51.85840413303439],[0.8034249913539236,51.85840008822633],[0.8040406488754774,51.8584041266478],[0.805317607925477,51.858334689133365],[0.8065774186188052,51.85818807162188],[0.807807942180366,51.857965686949925],[0.8082953170170527,51.857844392652616],[0.8084507537395934,51.857942687898785],[0.8094330392548794,51.858452651948554],[0.8104913418141149,51.858900534002935],[0.8116154668351885,51.85928201885204],[0.8118254229940731,51.859337470720625],[0.8117754355673787,51.85962120225177],[0.811761998777117,51.8604148866043],[0.8118742730579901,51.86120556443846],[0.8121111836368031,51.86198562064324],[0.8124704550449492,51.86274754202082],[0.8129486327975066,51.863483989674435],[0.8135411164504933,51.86418786973137],[0.8142422037260422,51.864852401717535],[0.8150451452874728,51.86547118392342],[0.8159422096421681,51.86603825512925],[0.8169247575509628,51.866548152091966],[0.8179833252293227,51.86699596223759],[0.8191077155390615,51.86737737104844],[0.8202870962904056,51.86768870368587],[0.8215101047039804,51.867926960444905],[0.8227649570211997,51.86808984569699],[0.8240395622005177,51.868175790039956],[0.8253216385964115,51.868183965440174],[0.8265988324883647,51.86811429322014],[0.827858837308693,51.86796744481409],[0.8290895124112007,51.86774483528431],[0.8302790002272571,51.86744860966121],[0.8314158406719414,51.86708162224031],[0.8324890816903482,51.86664740903675],[0.8334883848725422,51.86615015366522],[0.8344041251146043,51.865594646976106],[0.8352274833622803,51.86498624083997],[0.835950531542203,51.86433079652747],[0.8365663088627981,51.863634628185956],[0.8370688887520347,51.86290444195916],[0.8374534357911623,51.862147271339545],[0.8377162521016219,51.861370409378175],[0.83785481274537,51.86058133840689],[0.8378677898058525,51.859787657951706],[0.8377550649267861,51.85899701153194],[0.8375177301975991,51.858217013051366],[0.8371580773867593,51.85745517348954],[0.8366795756362786,51.85671882859904],[0.836086837841198,51.85601506830351],[0.835385576045921,51.85535066847464],[0.8345825462938276,51.85473202574321],[0.833685483466654,51.85416509596908],[0.8327030267448673,51.85365533696015],[0.8316446364087383,51.853207655988946],[0.8305205027812911,51.85282636260902],[0.8303105555570093,51.85277094397035],[0.8303604200720578,51.85248720611367],[0.8303735323249706,51.85169352359696],[0.8302609643684679,51.850902866777275],[0.830023806778025,51.850122849659314],[0.8296643496139722,51.84936098340297],[0.8291860601325352,51.84862460401877],[0.8285935491835443,51.84792080176345],[0.8281454183628361,51.8474960536045],[0.8287654209640974,51.84729584076534],[0.8298382247705185,51.84686165708482],[0.8308371279228448,51.84636442885094],[0.8317525091705418,51.845808946651296],[0.8325755529160515,51.8452005621191],[0.8332983341127479,51.844545136315595],[0.8339138945367761,51.84384898320863],[0.8344163097002035,51.843118808794124],[0.8348007457648738,51.84236164644991],[0.8350635059143116,51.841584789146694],[0.835202065744082,51.840795719171155],[0.8352150973379026,51.84000203603957],[0.83510248180671,51.83921138329733],[0.8348653101795258,51.838431374909504],[0.8345058726472763,51.83766952195186],[0.8341344991728917,51.837097704163426],[0.8343655651406081,51.836761842369725],[0.834749952019394,51.83600468026259],[0.8350126802634893,51.83522782286948],[0.8351512257734726,51.83443875247775],[0.8351642607685742,51.83364506860762],[0.8350851596179054,51.833089612676346],[0.835089775176769,51.83309021178759],[0.8243745868423211,51.82599799465095],[0.824167866384245,51.82597113718577],[0.8228944567330041,51.8258851760152],[0.8216135823296719,51.82587695627287],[0.8203375720892321,51.82594655717534],[0.8190787082131363,51.826093308879344],[0.8178491081536228,51.826315798915374],[0.8166606081500907,51.82661188575876],[0.8155246494501586,51.826978719408494],[0.8149891408441327,51.82719545009844],[0.8141689092284059,51.82739976629148],[0.8130329097510519,51.827766576404336],[0.8119603853198005,51.82820060361254],[0.8109616624200966,51.828697669896776],[0.8100463580283513,51.82925299024241],[0.8092232870441342,51.82986121864474],[0.8085003773973207,51.83051649951595],[0.8078845936477653,51.83121252400127],[0.8073818698151765,51.83194259066534],[0.8069970520898251,51.83269966996686],[0.8067338519812248,51.83347647190311],[0.8065948103628867,51.834265516174995],[0.8065812727675237,51.835059204198274],[0.8066933761796495,51.83584989226887],[0.8069300474623192,51.836629965178],[0.8072890134429439,51.83739190956805],[0.8077668225706074,51.83812838632203],[0.8083588779453573,51.83883230128859],[0.809059481409468,51.839496873659236],[0.8091776636656443,51.83958801894872],[0.8091341824941887,51.83983482248652],[0.8091206916979994,51.84062850950093],[0.8092328571400029,51.84141919362375],[0.8094696050878537,51.8421992596839],[0.8098286616323789,51.84296119438936],[0.8100650658395276,51.84332549704448],[0.8092457991289289,51.843047352396574],[0.8080671415296945,51.84273589721015],[0.8068448872792833,51.842497488580086],[0.8055908018463561,51.842334421426855],[0.8043169566436147,51.84224826544788],[0.8030356130083735,51.84223985002876],[0.8017591043683161,51.842309256268805],[0.8004997177177542,51.84245581619797],[0.7992695755360556,51.8426781191926],[0.7980805192758861,51.842974025528484],[0.7969439955343639,51.84334068694267],[0.795870945995263,51.84377457400699],[0.7948717021952749,51.844271510052224],[0.7939558861224394,51.84482671131886],[0.7931323176002532,51.84543483295012],[0.7924089293475493,51.84609002038781],[0.7917926905321495,51.8467859656786],[0.7912895395564102,51.847515968151576],[0.7909043267257211,51.848272998885506],[0.790640767357494,51.849049768347264],[0.7905014057891391,51.84983879655224],[0.79048759063976,51.85063248507266],[0.7905994615728266,51.85142319020111],[0.7908359476968883,51.852203296565776],[0.7911947776295127,51.85296529048779],[0.7915875390765501,51.85357084200961],[0.8034276163971292,51.85840413303439]]]}},{"type":"Feature","properties":{"db_school_name":"Hamilton Primary School","harvested_label":"Hamilton Primary School","urn":"114706","margin_m":109.3},"geometry":{"type":"Polygon","coordinates":[[[0.8783835845693375,51.876977732454556],[0.8779477819601617,51.87844589269305],[0.8763836319296523,51.878983085776305],[0.8738888765061753,51.881509405118415],[0.8732138283454595,51.884940944491035],[0.8750339697360414,51.885268400111556],[0.8785233956612334,51.88899679070251],[0.8782638320536704,51.89027139078851],[0.8786740019558933,51.89622858274302],[0.8832811193640603,51.89646915365592],[0.887085022462317,51.89287276864189],[0.8876891872903716,51.8908523156429],[0.8837814275264785,51.888339187994276],[0.88562029852862,51.88656693269038],[0.8880240884691576,51.886388614880936],[0.8893020759171815,51.888305516504914],[0.8916189218514434,51.88791565391981],[0.8925538824082577,51.88710020966857],[0.8890297063023863,51.88551461368683],[0.8891619857428652,51.885250590408255],[0.8931326591595841,51.88508193273394],[0.8932394162680183,51.8843235901689],[0.8922042253686798,51.88274683010179],[0.8899570629422703,51.88336341992177],[0.8871871948393157,51.880524936964335],[0.8878270444491683,51.879786967161046],[0.894619113143793,51.88021101616241],[0.8970258008320646,51.87964206320361],[0.8977958741557985,51.877661178481716],[0.8938801486630944,51.87300704858698],[0.8910148466264524,51.87304110262294],[0.890001496842971,51.87322478506787],[0.8874864356784077,51.87316466822518],[0.8864760645704365,51.87295448450514],[0.8816702908167661,51.87280086877521],[0.8781639587026848,51.87631433513859],[0.8783835845693375,51.876977732454556]]]}},{"type":"Feature","properties":{"db_school_name":"Gosbecks Primary School","harvested_label":"Gosbecks Primary School","urn":"114742","margin_m":274.1},"geometry":{"type":"Polygon","coordinates":[[[0.8540164248886836,51.86936669296988],[0.8540868717259774,51.87050443240173],[0.853488400278287,51.872549844544444],[0.8533495933395476,51.87269169202433],[0.8516286115757854,51.87806726829363],[0.8558711597292519,51.8780480717035],[0.8570715527025128,51.87723530334272],[0.859547490146479,51.87809793701894],[0.8607168399935993,51.87769876647953],[0.8616326861060369,51.87547629771795],[0.8651762144181284,51.87527907637563],[0.8667090436630971,51.873877488147144],[0.8686786920463194,51.873993480984836],[0.8709163883556597,51.87177868506372],[0.8704767531445173,51.87063527067334],[0.8722008223609142,51.868558306285415],[0.8707032593387566,51.866867439434984],[0.8704907272022673,51.8667626573015],[0.8699828753034305,51.8666637256442],[0.8596801563169206,51.86032185934373],[0.8596787997369412,51.86032383212537],[0.8587179271928622,51.86063435386914],[0.8576450892715873,51.86106880098795],[0.8566461712221913,51.8615662564029],[0.855730791908637,51.86212193135501],[0.8549077669628568,51.862730476426975],[0.8541850238844307,51.86338603298283],[0.8535695256439053,51.86408228951347],[0.8530672035273996,51.86481254234859],[0.8526828998730319,51.865569760152766],[0.8524203212560507,51.86634665158741],[0.852282002580485,51.86713573548866],[0.8522761150402364,51.86750308952453],[0.8522757860356968,51.86750297804518],[0.8540164248886836,51.86936669296988]]]}},{"type":"Feature","properties":{"db_school_name":"Stanway Fiveways Primary School","harvested_label":"Stanway Fiveways Primary School","urn":"114764","margin_m":204.7},"geometry":{"type":"Polygon","coordinates":[[[0.8290568999562256,51.87095583440855],[0.831605503325631,51.876534530280956],[0.8313311305295153,51.877545567525644],[0.8358850396822763,51.88034437242447],[0.8358677586388079,51.880434367753466],[0.8358712947272442,51.8805421100169],[0.8404394878302438,51.88165161424913],[0.8394055974075673,51.88514418916857],[0.8470026340631734,51.88448755925822],[0.8476328189622964,51.88373993790113],[0.8462389664598085,51.88010742863906],[0.8462700993159906,51.88009352564598],[0.8469836883937155,51.87963330117033],[0.8510753952724913,51.87875322881774],[0.8516286115757854,51.87806726829363],[0.8533495933395476,51.87269169202433],[0.853488400278287,51.872549844544444],[0.8540868717259774,51.87050443240173],[0.8540164248886836,51.86936669296988],[0.8522757860356968,51.86750297804518],[0.8516217948909037,51.86728137781032],[0.8504422206745372,51.866970362612136],[0.8492190971883565,51.8667324087272],[0.8479641982589,51.8665698066987],[0.8466896031208277,51.86648412174753],[0.8454075803226323,51.86647617872636],[0.8441304698233828,51.86654605418882],[0.8428705644064376,51.86669307565014],[0.8416399915423937,51.866915828046004],[0.8404505968294514,51.86721216732842],[0.8393138301247182,51.867579241068846],[0.8386908477312602,51.867831336903],[0.838376108967557,51.867810155443756],[0.8370940463758704,51.86780212229563],[0.8358168819740056,51.8678719081736],[0.8345569090635498,51.86801884145488],[0.8333262557638761,51.868241507923685],[0.8321367684463049,51.86853776435905],[0.8309998978580203,51.86890475912977],[0.8299265890243624,51.86933895960053],[0.8289271759828628,51.8698361860868],[0.8285454730889619,51.870067681580956],[0.8285287261627883,51.8700665531655],[0.8290568999562256,51.87095583440855]]]}},{"type":"Feature","properties":{"db_school_name":"Prettygate Infant School","harvested_label":"Prettygate Infant School","urn":"114744","margin_m":218.5},"geometry":{"type":"Polygon","coordinates":[[[0.859547490146479,51.87809793701894],[0.8570715527025128,51.87723530334272],[0.8558711597292519,51.8780480717035],[0.8551636824904624,51.87918478027352],[0.8580989370683383,51.881362080665035],[0.8580586277177534,51.88160490724052],[0.857722195869525,51.8823099428162],[0.8592617341508954,51.883066506768145],[0.8628449932295473,51.88334888449775],[0.8653952810100556,51.88589327943663],[0.8655457291493462,51.88592656748189],[0.8724194926502649,51.88486892221747],[0.8730723652555348,51.884959724807],[0.8732138283454595,51.884940944491035],[0.8738888765061753,51.881509405118415],[0.8763836319296523,51.878983085776305],[0.8703536208942505,51.87777153647232],[0.8713441774120013,51.87540610364676],[0.8686786920463194,51.873993480984836],[0.8667090436630971,51.873877488147144],[0.8651762144181284,51.87527907637563],[0.8616326861060369,51.87547629771795],[0.8607168399935993,51.87769876647953],[0.859547490146479,51.87809793701894]]]}},{"type":"Feature","properties":{"db_school_name":"Lakelands Primary School","harvested_label":"Lakelands Primary School","urn":"147844","margin_m":198.7},"geometry":{"type":"Polygon","coordinates":[[[0.8179948840677097,51.879036127562486],[0.8125833044805343,51.8862042412847],[0.8149405722924854,51.88874341850817],[0.8147508674849959,51.89381734894844],[0.8152541610398172,51.89393644930379],[0.8218329739309879,51.89351820689993],[0.8241130675403127,51.891324255164484],[0.8270810682533802,51.889290687455045],[0.8270518978043255,51.88772213670457],[0.8271738769400511,51.887678947613765],[0.8333444892693577,51.88677399011992],[0.8350515205236457,51.88545008403376],[0.8360457001612939,51.88534781776427],[0.8351619652552771,51.881016702508795],[0.8358712947272442,51.8805421100169],[0.8358677586388079,51.880434367753466],[0.8358850396822763,51.88034437242447],[0.8313311305295153,51.877545567525644],[0.831605503325631,51.876534530280956],[0.8290568999562256,51.87095583440855],[0.8285287261627883,51.8700665531655],[0.8284789087684162,51.87006319643245],[0.8271967796354244,51.87005505626956],[0.8259195320115282,51.870124735767064],[0.8246594599984839,51.87027156432585],[0.8234286926683828,51.870494128737924],[0.8222390774886916,51.87079028676446],[0.8211020664357072,51.87115718772152],[0.8200286058850815,51.871591299876876],[0.8190290313329592,51.87208844439629],[0.8181129679562114,51.87264383551495],[0.8172892379657186,51.87325212654977],[0.8165657756430281,51.873907461312704],[0.8159846491360736,51.87456388513775],[0.8167885837090826,51.877331402561744],[0.8179948840677097,51.879036127562486]]]}},{"type":"Feature","properties":{"db_school_name":"Holy Trinity CofE Primary School, Eight Ash Green and Aldham","harvested_label":"Holy Trinity CofE Primary School, Eight Ash Green and Aldham","urn":"150062","margin_m":965.8},"geometry":{"type":"Polygon","coordinates":[[[0.7782371148159458,51.89043047268102],[0.7782434547582228,51.890429736842925],[0.7774547946615893,51.89082136520834],[0.7765378338117145,51.891376443762624],[0.7757131979680096,51.89198445487662],[0.7749888301275495,51.89263954506008],[0.774371708895067,51.893335407300064],[0.7738677811775023,51.894065341729245],[0.7734819047703495,51.89482232008521],[0.7732178013941454,51.895599053342565],[0.7730780206402951,51.8963880618682],[0.7730639151815979,51.89718174742612],[0.7731621117099573,51.89787680098095],[0.773159820126906,51.89787818783472],[0.7723350219484446,51.8984861770497],[0.7716105030855515,51.89914124800818],[0.7709932435975911,51.89983709388287],[0.7704891917236903,51.90056701496464],[0.7701032064562279,51.901323983120236],[0.7698390105657507,51.90210070942295],[0.7696991545366251,51.90288971430715],[0.7696849917688853,51.90368339957231],[0.7697966652941352,51.90447412154437],[0.7700331061430437,51.90525426469047],[0.7703920433899605,51.90601631497784],[0.7708700257875317,51.90675293226976],[0.7714624547920288,51.90745702106029],[0.7721636286694924,51.90812179886469],[0.7729667972648913,51.90874086160469],[0.7734237163994975,51.909029743200776],[0.7734231598313744,51.90903024633195],[0.7936213743113472,51.90785389304267],[0.7938418020414634,51.90765450406773],[0.7946018205535105,51.90791227024804],[0.7957821142842258,51.90822383376969],[0.79700611262202,51.90846232978161],[0.7982620222651058,51.908625460347615],[0.7995377419771619,51.908711653699754],[0.8004106093481478,51.90871738644821],[0.8012412370919131,51.9091482010206],[0.8023006725492512,51.90959613710801],[0.803426014051002,51.909977679801266],[0.8046064202409362,51.91028915296893],[0.8058305184552287,51.91052755554939],[0.8065471950021561,51.91062058577406],[0.8065821862029533,51.910635377747916],[0.8077075887850962,51.91101687849569],[0.8088880505187309,51.911328307802414],[0.8101121982041116,51.911566665029135],[0.8113682370984128,51.911729653577076],[0.8126440647182446,51.91181570304702],[0.8139273876293797,51.911823984391184],[0.8152058400898845,51.91175441791071],[0.8164671033943602,51.91160767402099],[0.8176990247601502,51.911385166777976],[0.818889734600934,51.91108904022791],[0.8200277610492006,51.91072214771363],[0.8211021406165656,51.91028802433828],[0.8216805005113597,51.91000059281494],[0.8221230513929463,51.910150543796476],[0.8233035843742996,51.910461827302456],[0.8245277788904236,51.910700033721476],[0.8257838397458462,51.91086286790828],[0.8270596642446638,51.91094876095141],[0.828342958982356,51.91095688531088],[0.8296213584886386,51.91088716280096],[0.8308825445690822,51.91074026534102],[0.8321143651863575,51.9105176084671],[0.8333049517265892,51.91022133766757],[0.8344140184510872,51.90986360233881],[0.8384726495109596,51.90537731784705],[0.8400617161070723,51.901641976334176],[0.8348945058649505,51.899160036205046],[0.8313666096834686,51.8983081787985],[0.8283598689898974,51.89569070933542],[0.8218329739309879,51.89351820689993],[0.8152541610398172,51.89393644930379],[0.8147508674849959,51.89381734894844],[0.8149405722924854,51.88874341850817],[0.8125833044805343,51.8862042412847],[0.8066443187118206,51.885378154048595],[0.7956099844103955,51.88656007584368],[0.7955893132027986,51.88660067599802],[0.7953256359918948,51.88737745357559],[0.7951862637656203,51.888166483307046],[0.7951725452603748,51.88896016675001],[0.7952846192236289,51.889750860245684],[0.7955214128228848,51.890530948533375],[0.7958806517277651,51.89129291810685],[0.7961301878570575,51.89167722653047],[0.7959080919456895,51.89150608590049],[0.7950107543429447,51.89093886772892],[0.7940279047466735,51.89042879364133],[0.7929690072270481,51.88998077394127],[0.7918442569946875,51.88959912144065],[0.7906644823132948,51.88928750999651],[0.7894410403595727,51.889048939193714],[0.7881857080278858,51.88888570551125],[0.786910568724352,51.888799380247555],[0.7856278962324776,51.888790794416174],[0.784350036759695,51.88886003075598],[0.7841721923077803,51.88888068212226],[0.7782371148159458,51.89043047268102]]]}},{"type":"Feature","properties":{"db_school_name":"Friars Grove Primary School","harvested_label":"Friars Grove Primary School","urn":"114761","margin_m":255.0},"geometry":{"type":"Polygon","coordinates":[[[0.9285821228194631,51.89860424296198],[0.9210661539125338,51.90265155656215],[0.9210574969344675,51.90266494269577],[0.9204937584142692,51.90294501007842],[0.9248279064078729,51.90604657731562],[0.9295111796847617,51.90507790800392],[0.9314095489610443,51.905764627886875],[0.9319423771043461,51.90906515329438],[0.9324357608231861,51.90997562721323],[0.9310984488330675,51.91054287187248],[0.9277150958573924,51.91367365067891],[0.9281843499935948,51.91487623632587],[0.9309219285871694,51.916651547266],[0.931160051862635,51.91836194863297],[0.9313642643262806,51.91862901797107],[0.932943477691288,51.91949335150403],[0.9316312661921536,51.92855962831927],[0.9319523990821499,51.928621764225795],[0.9332093057722711,51.92878343688337],[0.9344857981535292,51.92886815326438],[0.9357695763775337,51.92887509716994],[0.9370482703108377,51.92880420179247],[0.9377162487118219,51.92872579555613],[0.9377142717843313,51.928727258601654],[0.9432900846620593,51.92665432929379],[0.947601881714452,51.921627919828],[0.9483512249885742,51.92099288377013],[0.9429789671249272,51.91451177349865],[0.9423111224363444,51.91094971855239],[0.9432093852210228,51.910233952304864],[0.9426561510785557,51.90655446942828],[0.9437139654191459,51.90312337241526],[0.9379957977604174,51.90208871094021],[0.9345659969857892,51.899794148148096],[0.9333526630204991,51.90009780285683],[0.9299508562496448,51.89911571274962],[0.9288095286493275,51.89855369402788],[0.9285821228194631,51.89860424296198]]]}},{"type":"Feature","properties":{"db_school_name":"Brinkley Grove Primary School","harvested_label":"Brinkley Grove Primary School","urn":"131219","margin_m":632.9},"geometry":{"type":"Polygon","coordinates":[[[0.9101400308581085,51.909299102205686],[0.9074268292173769,51.911897452919526],[0.9095407232379952,51.915477353800874],[0.9079572515946918,51.91665921498925],[0.9065502480761101,51.92041719465574],[0.9069299295213259,51.923287910761495],[0.9111471202212443,51.92204091441347],[0.9231475742401664,51.92331250651345],[0.9236577271133819,51.9238790190172],[0.9262899840849437,51.92821441245457],[0.9262949513747906,51.928208787760184],[0.9270175524644954,51.92834863933474],[0.9282744358356503,51.92851036512662],[0.9295509132814829,51.92859513533374],[0.9308346850977723,51.92860213323847],[0.9316247363517018,51.92855836485144],[0.9316312661921536,51.92855962831927],[0.932943477691288,51.91949335150403],[0.9313642643262806,51.91862901797107],[0.931160051862635,51.91836194863297],[0.9309219285871694,51.916651547266],[0.9281843499935948,51.91487623632587],[0.9277150958573924,51.91367365067891],[0.9310984488330675,51.91054287187248],[0.9229961947238284,51.90896985053124],[0.9250736759258121,51.906419711204144],[0.9248279064078729,51.90604657731562],[0.9204937584142692,51.90294501007842],[0.9198260778425085,51.903102129621196],[0.9123113519099915,51.90212045963547],[0.9083160530113343,51.90545418611291],[0.9101400308581085,51.909299102205686]]]}},{"type":"Feature","properties":{"db_school_name":"Broomgrove Infant School","harvested_label":"Broomgrove Infant School","urn":"114756","margin_m":707.2},"geometry":{"type":"Polygon","coordinates":[[[0.9532571411713834,51.85889433439993],[0.9532356236578093,51.85893126309057],[0.9527324125556141,51.8612952541884],[0.9510903652784647,51.86272958358266],[0.9415481077868186,51.865133139622294],[0.9407782280020516,51.86918928329468],[0.9442593704060303,51.87271537933342],[0.9442564882655405,51.872709309539694],[0.9450053254311921,51.873096472858585],[0.9460652757583966,51.87354310689483],[0.9471908661516274,51.87392327073551],[0.9483712528369039,51.87423330153767],[0.9495950633238132,51.8744702121416],[0.9508505061103314,51.87463171989229],[0.9521254844543711,51.874716268664166],[0.9534077131082087,51.874723043874944],[0.9542405348083626,51.87467670442508],[0.9550620087759109,51.87468103188274],[0.956339128024386,51.874609950436565],[0.957254324807457,51.87450225667515],[0.957827528367195,51.87504310686728],[0.9586325893587843,51.87566087349642],[0.9595316244463615,51.876226816482166],[0.9605159753773611,51.87673548344601],[0.9615761609688805,51.877181973661294],[0.9627019684682708,51.87756198532623],[0.9638825520068568,51.877871857064],[0.9651065371948236,51.87810860324751],[0.9663621308444682,51.878269942806256],[0.9676372347581125,51.878354321235626],[0.9689195624766406,51.87836092559518],[0.9701967578552506,51.8782896923504],[0.9714565143147723,51.87814130798194],[0.9726866936103336,51.877917202356514],[0.973875442963935,51.877619534924015],[0.9750113094238625,51.877251173875145],[0.9760833503414641,51.8768156684617],[0.9770812388945163,51.87631721474872],[0.9779953636355063,51.87576061513062],[0.9788169211025104,51.875151232004235],[0.9795380005989354,51.8744949360474],[0.9801516603257605,51.873798049605035],[0.9806519941351042,51.873067285730016],[0.9810341882660959,51.87230968346924],[0.9812945675221783,51.87153254002033],[0.9814306304521271,51.87074334041438],[0.9814410732042101,51.86994968540355],[0.981325801832802,51.86915921824918],[0.9810859329485833,51.86837955111568],[0.9807237827158419,51.86761819177934],[0.9802428443123834,51.86688247135663],[0.9796477540781539,51.8661794737475],[0.9789442466866008,51.86551596747067],[0.9781390997773752,51.864898340545835],[0.9772400685888725,51.8643325390468],[0.9772359423183771,51.86433040719834],[0.9772397328120832,51.86404443469144],[0.9754161693170329,51.86358776974289],[0.9641540473854906,51.86174610502609],[0.9613694853989017,51.862543612863504],[0.9595102419731392,51.86180640402523],[0.9596510708195192,51.85954540598573],[0.957674208097088,51.85797075564334],[0.9559112906981634,51.85776324430149],[0.956382507906103,51.85593735848887],[0.959830352850202,51.85551327059016],[0.9598095150400728,51.854577248728766],[0.956154461937739,51.85180869401849],[0.9554896748531629,51.85299418719647],[0.950368627131372,51.85511027093956],[0.9509244739058976,51.856779786975835],[0.9532571411713834,51.85889433439993]]]}},{"type":"Feature","properties":{"db_school_name":"Hazelmere Infant School and Nursery","harvested_label":"Hazelmere Infant School and Nursery","urn":"114746","margin_m":149.7},"geometry":{"type":"Polygon","coordinates":[[[0.9391626891493429,51.88825841096223],[0.940101591096099,51.89126072933285],[0.9363487177183181,51.89239054989369],[0.9341686677696618,51.89076376589084],[0.9304588967488546,51.89228589254822],[0.9310191969035426,51.89316680653313],[0.9300609511427694,51.89552184656768],[0.9366406169561057,51.89571743587839],[0.9386153137002294,51.89709674891831],[0.9449645524996414,51.89726904100698],[0.9453763282316996,51.89634289608867],[0.9630977921188958,51.89054807839387],[0.9629460516623802,51.890228954770556],[0.9624651442855856,51.88949316331979],[0.9618700147960645,51.88879007839719],[0.961166398253654,51.88812646936191],[0.9603610733563991,51.8875087252223],[0.9596587464039597,51.88706673906629],[0.9596461588736144,51.88702577766525],[0.9592842057433876,51.88626435109303],[0.9588034025884021,51.88552854264856],[0.9582083844547624,51.884825437079876],[0.9575048853297674,51.884161803945425],[0.9566996827808947,51.88354403248609],[0.9558005325887715,51.88297807016665],[0.9548160940072778,51.88246936547575],[0.9537558463724285,51.88202281553227],[0.9533725028431423,51.881893397280976],[0.9533727066252534,51.88189221980304],[0.950345846733667,51.88282773245839],[0.9440560060507547,51.88792320433984],[0.9391626891493429,51.88825841096223]]]}},{"type":"Feature","properties":{"db_school_name":"Myland Community Primary School","harvested_label":"Myland Community Primary School","urn":"114708","margin_m":329.6},"geometry":{"type":"Polygon","coordinates":[[[0.8814542692233522,51.91009284580763],[0.8709038069166183,51.91304787893398],[0.8711220576146198,51.91465758186677],[0.8701111918440753,51.918316018465696],[0.8749575371543765,51.9206189332201],[0.8750724953075906,51.92063437307399],[0.8791983565356518,51.92148460263843],[0.8808308343040038,51.921549395388396],[0.8843021581118627,51.92084877989188],[0.8861992402632686,51.92125131172786],[0.8866386359895095,51.92139772910949],[0.8899416513252341,51.92091112342746],[0.8901120745448434,51.92097278530942],[0.8907466431286485,51.92262250988243],[0.889341166358801,51.92615070229439],[0.890979646963962,51.93084472179495],[0.8919637472252795,51.93085040917244],[0.8932425850463128,51.930779988210105],[0.8945040916079822,51.93063240360873],[0.8957361117852481,51.93040907752783],[0.8969267750443958,51.93011216190614],[0.8980557186086822,51.92974739063351],[0.8981846640784152,51.92973230009998],[0.8994166399481982,51.929508936084076],[0.9006072538110342,51.92921198389101],[0.9017450347325541,51.928844304821205],[0.9028190216012402,51.92840944155805],[0.9036597463730962,51.927990817699055],[0.9037948593896561,51.92815060490408],[0.9044982927175312,51.92881455662432],[0.9053036277798495,51.929432679988295],[0.9062031100170229,51.92999902011504],[0.9071880768828783,51.930508120797455],[0.9082490412711207,51.93095507712712],[0.9093757829326525,51.931335582807776],[0.9105574470013287,51.93164597169899],[0.9117826486755422,51.93188325318694],[0.9130395830419636,51.932045141039616],[0.9143161389767624,51.93213007546597],[0.9156000160191943,51.93213723816541],[0.9168788430828678,51.93206656022143],[0.9181402978517752,51.93191872276276],[0.9193722257013718,51.93169515038608],[0.9205627569898333,51.931397997403955],[0.9217004215808029,51.931030127051855],[0.9227742594865834,51.93059508385651],[0.9237739265593234,51.930097059433294],[0.9246897942069234,51.92954085204525],[0.9255130421696529,51.92893182031571],[0.9262357434621468,51.92827583154324],[0.9262899840849437,51.92821441245457],[0.9236577271133819,51.9238790190172],[0.9231475742401664,51.92331250651345],[0.9111471202212443,51.92204091441347],[0.9069299295213259,51.923287910761495],[0.9065502480761101,51.92041719465574],[0.9079572515946918,51.91665921498925],[0.9095407232379952,51.915477353800874],[0.9074268292173769,51.911897452919526],[0.9005088918855589,51.91212353329413],[0.8976672313724681,51.911545287696796],[0.8976305300194007,51.910624741612295],[0.9012558884333184,51.90617336070866],[0.8952338162609428,51.90588669614754],[0.8952491523459893,51.90368933913151],[0.8879161739267797,51.903279528104235],[0.8877753526408788,51.90354623085411],[0.8885640640162935,51.90629949207615],[0.8853442184794407,51.91024872364383],[0.8814542692233522,51.91009284580763]]]}},{"type":"Feature","properties":{"db_school_name":"Braiswick Primary School","harvested_label":"Braiswick Primary School","urn":"140396","margin_m":627.6},"geometry":{"type":"Polygon","coordinates":[[[0.8740610703056594,51.89739219562404],[0.8695970401022073,51.89922823319291],[0.8696054160192118,51.89922777337637],[0.8691736391671081,51.89985539579001],[0.8687893324022355,51.90061266269007],[0.8686269401665737,51.90109333531608],[0.8685787677313979,51.901117312359354],[0.8676627541027765,51.901673086804735],[0.8668391914359149,51.90228172024436],[0.8661160124146756,51.90293735319388],[0.8655001842164006,51.90363367341079],[0.8649976413156841,51.90436397661328],[0.8646132281896718,51.90512123098223],[0.8643506524821074,51.90589814482766],[0.864212449084142,51.906687236770004],[0.8642000022099414,51.90747793955164],[0.8709038069166183,51.91304787893398],[0.8814542692233522,51.91009284580763],[0.8853442184794407,51.91024872364383],[0.8885640640162935,51.90629949207615],[0.8877753526408788,51.90354623085411],[0.8879161739267797,51.903279528104235],[0.8952491523459893,51.90368933913151],[0.8961111964221742,51.903413260432465],[0.8971651499926292,51.89997752189679],[0.8942479175674221,51.899101356409524],[0.8874249853149517,51.89897120489142],[0.8857649552120207,51.89770500307635],[0.8832811193640603,51.89646915365592],[0.8786740019558933,51.89622858274302],[0.8740610703056594,51.89739219562404]]]}},{"type":"Feature","properties":{"db_school_name":"The Bishop William Ward Church of England Primary School","harvested_label":"The Bishop William Ward Church of England Primary School","urn":"115144","margin_m":686.5},"geometry":{"type":"Polygon","coordinates":[[[0.8475303562569713,51.941574083157676],[0.8476109431660657,51.941636018246506],[0.8485099656074917,51.94220280567329],[0.8494945704044533,51.94271239426773],[0.85055527395018,51.9431598744207],[0.8507880493058391,51.94323861069792],[0.8507147737738141,51.9433213530905],[0.8502115694868001,51.94405159893159],[0.8498265919083456,51.94480880920921],[0.8495654473247346,51.94558010118976],[0.8525396198914497,51.94784950251889],[0.8632370136304404,51.95281276508503],[0.8646034623710742,51.95681898409944],[0.8720497759742163,51.959641574311846],[0.8732189150961497,51.95964850265453],[0.8744986085631044,51.95957827309032],[0.8757609898108046,51.95943087712723],[0.8769938952785072,51.959207735107235],[0.8781854458949172,51.95891099719622],[0.8793241616923138,51.958543522631025],[0.8803990725449741,51.958108852126166],[0.8813998239585644,51.95761117370825],[0.8823167768861869,51.95705528230926],[0.8831411006061491,51.95644653351141],[0.8838648577651113,51.955790791891204],[0.8844810807676671,51.955094374463805],[0.8849838387786927,51.95436398977504],[0.8853682946970215,51.95360667323046],[0.88563075155729,51.95282971928669],[0.8857686879200953,51.95204061116011],[0.8857807819178607,51.951246948731736],[0.8856669237339346,51.95045637534309],[0.8854282164044497,51.94967650418916],[0.8850669649449773,51.948914845016844],[0.8845866539163753,51.94817873183421],[0.8839919136548956,51.94747525232571],[0.8832884754999074,51.94681117965096],[0.8830524064822433,51.94662995236863],[0.8832384331690332,51.94655470106882],[0.8842388997919847,51.946057001976456],[0.8851555864820311,51.9455010915601],[0.8859796650821724,51.94489232558422],[0.886703200599502,51.944236568789904],[0.8873192275720586,51.943540138337525],[0.8878218170506788,51.94280974289753],[0.8882061335545732,51.94205241797818],[0.8884684814576812,51.94127545811611],[0.8886063403660465,51.940486346584066],[0.8886182451774393,51.93970216708278],[0.8886370808591096,51.93959434710851],[0.888649129485477,51.93880068372278],[0.8885352611060929,51.93801011192566],[0.8884393592205814,51.937696766999466],[0.888441523625929,51.937684377301174],[0.8884535765243351,51.936890713664745],[0.8883397177416934,51.93610014132812],[0.8881010503143315,51.93532027347607],[0.8877398788681725,51.934558619823854],[0.8876494989251701,51.93442007476951],[0.8881807387816482,51.93393847131774],[0.8887966076761991,51.93324203452651],[0.8892990643246214,51.932511633746756],[0.889410587144032,51.93229181014752],[0.8900453472278494,51.931716301472854],[0.8906611577539635,51.93101985558159],[0.8907260586606494,51.93092550209116],[0.8909761910056184,51.93084470180752],[0.890979646963962,51.93084472179495],[0.889341166358801,51.92615070229439],[0.8907466431286485,51.92262250988243],[0.8901120745448434,51.92097278530942],[0.8899416513252341,51.92091112342746],[0.8866386359895095,51.92139772910949],[0.8861992402632686,51.92125131172786],[0.8843021581118627,51.92084877989188],[0.8808308343040038,51.921549395388396],[0.8791983565356518,51.92148460263843],[0.8750724953075906,51.92063437307399],[0.8749575371543765,51.9206189332201],[0.8701111918440753,51.918316018465696],[0.8626054591118592,51.92159425588318],[0.8598040917531974,51.92823385945668],[0.860126859063483,51.92862640640374],[0.8508426410258642,51.93627343209167],[0.8475303562569713,51.941574083157676]]]}},{"type":"Feature","properties":{"db_school_name":"Milldene Primary School","harvested_label":"Milldene Primary School","urn":"114760","margin_m":256.7},"geometry":{"type":"Polygon","coordinates":[[[0.7506678637961405,51.81393513270656],[0.7480403994167848,51.815305574549065],[0.7482205967777522,51.816409427098066],[0.7452118721010044,51.81845016075459],[0.7449174818651835,51.81906726923602],[0.7507213562802062,51.821032921611604],[0.7485543780636158,51.82675346026792],[0.7543247716533148,51.82952429703718],[0.7594198756673798,51.830221192130644],[0.7594186427300214,51.830220550733465],[0.7600891048996686,51.83009960711811],[0.7612780887002746,51.8298040858912],[0.7624145784758158,51.82943776937741],[0.7634876255429811,51.82900418712491],[0.764486893350133,51.82850751666704],[0.7654027571208227,51.82795254321724],[0.7662263965947921,51.82734461350783],[0.7669498809714457,51.82668958421971],[0.7675662452377433,51.82599376550311],[0.768069557147399,51.82526386013578],[0.7684549742100976,51.824506898907764],[0.76871879014735,51.82373017285715],[0.7688584703745187,51.82294116301153],[0.7688726761754553,51.822147468313766],[0.7687612773459523,51.82135673242652],[0.7685253531938409,51.82057657012181],[0.7681671818958368,51.8198144939637],[0.7676902183232146,51.81907784198999],[0.767523819988078,51.81887964558783],[0.7681050356403085,51.81852735513958],[0.7689284707996906,51.8179194086608],[0.7696517694267485,51.81726436457746],[0.7702679682965378,51.816568533181524],[0.770771136754174,51.81583861737217],[0.7711564336887764,51.81508164803935],[0.77142015397612,51.81430491629853],[0.7715337742712205,51.813662787140714],[0.7715365595056654,51.813658746400584],[0.7597356107058243,51.812000839352365],[0.7563800214068933,51.81039381798191],[0.7540687864834451,51.81235619904406],[0.7516066334049867,51.81314744908458],[0.751596279760214,51.813197042365125],[0.7506678637961405,51.81393513270656]]]}},{"type":"Feature","properties":{"db_school_name":"Baynards Primary School","harvested_label":"Baynards Primary School","urn":"114767","margin_m":315.9},"geometry":{"type":"Polygon","coordinates":[[[0.731274296262942,51.810726262678706],[0.7291374163996478,51.81148124456804],[0.729016708904143,51.81215980763847],[0.7290017986534153,51.8129535086956],[0.7291124760949111,51.81374429353994],[0.7293476818197578,51.81452454603785],[0.7297051567686211,51.8152867511093],[0.7301814637531402,51.816023567133534],[0.730567657287597,51.81648416522116],[0.7304823108188924,51.81696399074651],[0.7304674279203738,51.81775769106287],[0.730578145917652,51.81854847341129],[0.7308134050130218,51.81932872168205],[0.7311709456347342,51.82009092083546],[0.7316473299633043,51.82082772930755],[0.7321081519605137,51.82137724336405],[0.732194208410055,51.821991664381414],[0.7324295155030482,51.8227719083489],[0.732787112693743,51.82353410140177],[0.7332635616187574,51.82427090203449],[0.7338542784863072,51.82497521298205],[0.7345535780409252,51.825640249627064],[0.7351174481026035,51.82607617053727],[0.7351122940871831,51.826078730325506],[0.7485543780636158,51.82675346026792],[0.7507213562802062,51.821032921611604],[0.7449174818651835,51.81906726923602],[0.7452118721010044,51.81845016075459],[0.7431154793935472,51.815012113283686],[0.7436354673009788,51.81485690019376],[0.7448519221502835,51.81095590063261],[0.7433998705597832,51.81029682750177],[0.731274296262942,51.810726262678706]]]}},{"type":"Feature","properties":{"db_school_name":"Fingringhoe Church of England Voluntary Aided Primary School","harvested_label":"Fingringhoe Church of England (Voluntary Aided) Primary School","urn":"115139","margin_m":728.8},"geometry":{"type":"Polygon","coordinates":[[[0.9409661848765637,51.86458399583421],[0.9413693636714898,51.86492126645339],[0.9415481077868186,51.865133139622294],[0.9510903652784647,51.86272958358266],[0.9527324125556141,51.8612952541884],[0.9532356236578093,51.85893126309057],[0.9532571411713834,51.85889433439993],[0.9509244739058976,51.856779786975835],[0.950368627131372,51.85511027093956],[0.9554896748531629,51.85299418719647],[0.956154461937739,51.85180869401849],[0.9561990892871045,51.851634833824264],[0.9563431126741412,51.850643750644416],[0.9588028128739454,51.85017119412617],[0.9723923851185717,51.84971495755132],[0.9723861604258497,51.849707599348584],[0.97271498963888,51.84922723193269],[0.9730971323918083,51.84846965387783],[0.9733575282349836,51.847692525282554],[0.9734936755482574,51.84690333103483],[0.9735042696578929,51.846109671835634],[0.973389215151457,51.84531919098727],[0.9731496265425085,51.84453950078709],[0.9727878172884089,51.84377810923478],[0.972307277276611,51.84304234775863],[0.9717126390052173,51.84233930065568],[0.9710096327915402,51.84167573692313],[0.9702050314468766,51.84105804513592],[0.9693065849556297,51.84049217199428],[0.9683229457914866,51.83998356513116],[0.967263585591712,51.839537120726625],[0.9661387039918912,51.839157136431],[0.9649591304971546,51.83884727004743],[0.9637362203310359,51.83861050436865],[0.9624817452595535,51.83844911850453],[0.9612077804349484,51.83836466597403],[0.9599265883407342,51.838357959771486],[0.9592373336932722,51.83839636742751],[0.9581563273414563,51.83832467694518],[0.956875135491128,51.83831793744927],[0.955599043075241,51.83838900914902],[0.9543403330882245,51.83853720804876],[0.9531111215081522,51.83876110775333],[0.9519232408470178,51.83905855317291],[0.9507881264071526,51.839426681231934],[0.9503983698785583,51.83958502290065],[0.9501079244621161,51.8392413497243],[0.9494052811088647,51.83857765077996],[0.9486010267369861,51.83795980535893],[0.9477029079941532,51.83739376164171],[0.9467195742027895,51.83688496890416],[0.9463226961633808,51.836717596493614],[0.9463035109039349,51.83658519834519],[0.9460644408977161,51.835805443969846],[0.9457031616276096,51.835043959901796],[0.9452231578778447,51.83430807846278],[0.9446290569842183,51.83360488510725],[0.943926584092305,51.83294115024286],[0.9431225068818946,51.83232326409411],[0.9422245702953556,51.83175717523418],[0.941241421902154,51.83124833337415],[0.9401825286201213,51.83080163695733],[0.9390580855953958,51.830421386060806],[0.9378789181165923,51.83011124105435],[0.9366563775040019,51.82987418741278],[0.9354022319709824,51.829712507017454],[0.934128553501688,51.82962775622185],[0.932847601826402,51.82962075089055],[0.9315717066028273,51.8296915585547],[0.9303131489284677,51.82983949775918],[0.9292447902940879,51.83003389609693],[0.9296209509573033,51.829289447874565],[0.9298820023447536,51.82851240362541],[0.9300188680103181,51.827723246732155],[0.930030236352927,51.8269295775396],[0.9299160044965322,51.826139039450254],[0.9296772790269455,51.825359245316776],[0.9293163650862128,51.82459770414392],[0.9288367439390789,51.823861748805015],[0.9282430392366021,51.823158465467785],[0.927540972309837,51.8224946254079],[0.926737306930976,51.821876619864206],[0.9258397840792679,51.821310398560804],[0.9248570473435747,51.82080141248502],[0.9237985596818442,51.82035456146951],[0.9226745123389956,51.81997414708032],[0.9214957267984653,51.81966383126168],[0.9202735507078476,51.81942660113284],[0.9190197487754426,51.81926474027406],[0.9177463896815207,51.81917980677573],[0.9164657300852858,51.81917261826063],[0.9151900968355561,51.81924324402264],[0.9139317685100459,51.819391004356845],[0.9127028574143113,51.81961447708787],[0.9115151931672685,51.81991151123402],[0.9103802089854603,51.820279247677014],[0.9093088317531397,51.820714146639894],[0.9092247675191368,51.820756107664096],[0.9086011078858035,51.82075256394553],[0.9073254143649042,51.820823105178306],[0.906067013087886,51.82097078231859],[0.9048380170616,51.82119417399162],[0.9036502567213468,51.82149112999579],[0.9025151662073512,51.82185879196495],[0.9014436734260186,51.82229362083908],[0.900446094947916,51.8227914308811],[0.8995320367493158,51.8233474299148],[0.8987103017495021,51.82395626539896],[0.8979888050324893,51.82461207589723],[0.8973744975696195,51.825308547450796],[0.8968732991795774,51.826038974313974],[0.8964900413752386,51.826796323470546],[0.8962284206531763,51.82757330231198],[0.8960909626826211,51.82836242882784],[0.8960789977468535,51.8291561036338],[0.8960898369253069,51.82923150524395],[0.8954485671796821,51.82939175100614],[0.8943132104562722,51.8297593373535],[0.8932414510304668,51.83019409497825],[0.8922436080378092,51.83069183882977],[0.8913292899994868,51.83124777736966],[0.8905073023352417,51.83185655863993],[0.8897855625610616,51.83251232172698],[0.889171023988422,51.833208753129476],[0.8886696086617815,51.833939147489254],[0.8882861501839966,51.834696472104056],[0.8880243469856686,51.8354734346027],[0.8878867264954258,51.83626255313302],[0.8878746205642905,51.83705622838844],[0.8879881523898727,51.83784681678055],[0.8882262350758383,51.83862670405321],[0.8885865818503688,51.83938837862977],[0.8890657278546872,51.840124503985464],[0.8896590633008981,51.840827989347765],[0.890360877687877,51.84149205804121],[0.8911644146563126,51.842110312817034],[0.8920619369599844,51.84267679753512],[0.8930448009313191,51.84318605460233],[0.8941035397259076,51.843633177610165],[0.895227954544311,51.84401385866272],[0.8964072129506344,51.84432442993521],[0.8976299533372726,51.84456189906119],[0.8988843945242598,51.844723978004104],[0.900158449430802,51.844809105134054],[0.9014398417160469,51.84481646029464],[0.9027162242567923,51.84474597271474],[0.9039752983114253,51.84459832168738],[0.9052049322127366,51.8443749300103],[0.9063932784369391,51.84407795025121],[0.9075288879124016,51.84371024397212],[0.908600820459159,51.84327535411361],[0.9095987502887274,51.842777470807995],[0.9105130655428246,51.842221390952794],[0.9113349609087124,51.841612471936664],[0.9113372866589491,51.84161035789075],[0.9115353836989519,51.84158711163542],[0.912764895466767,51.84136364258793],[0.9139531102774808,51.841066588229964],[0.9150885803271327,51.84069881084224],[0.916160366780639,51.84026385405036],[0.9171581452585738,51.839765908631314],[0.9180723053622427,51.83920977208072],[0.9188940432748814,51.83860080233306],[0.9190027131301209,51.83850199569372],[0.919432255520521,51.838240662474725],[0.9202539575531365,51.837631683682474],[0.9203345238966203,51.83755842540045],[0.9203277166534135,51.83802683165524],[0.9204418192692724,51.838817379781936],[0.9206804663613986,51.8395971924716],[0.9210413657198224,51.840358758863],[0.9215210471601075,51.84109474347084],[0.9221148957326312,51.84179805687593],[0.922817195988373,51.84246192405717],[0.9236211868818629,51.84307994970523],[0.924519126787839,51.84364617988598],[0.9255023680092792,51.844155159457486],[0.9258992381496665,51.844322602178906],[0.9259183678321908,51.84445500437461],[0.9261571429413652,51.84523480337238],[0.9265181830732038,51.845996350188635],[0.9269980166886271,51.846732309525954],[0.9275920273730777,51.847435592207844],[0.9282944981164364,51.8480994235085],[0.9290986662309609,51.848717408463564],[0.9299967883838034,51.8492835935303],[0.9309802151214955,51.84979252400088],[0.9320394741705471,51.85023929661233],[0.9331643617118851,51.850619606844056],[0.9343440407481287,51.85092979044401],[0.9354501938651963,51.85114419126856],[0.9350417763305043,51.851309996787855],[0.9340439510958848,51.85180809407702],[0.9331297437714586,51.852364354720685],[0.9323079587206606,51.85297342366031],[0.9315865115195248,51.85362943721276],[0.9309723526741553,51.85432607946447],[0.9304714005847909,51.855056643025954],[0.9300884844058055,51.855814093563936],[0.9298272973574198,51.85659113749222],[0.9297744635194901,51.856895618017234],[0.9297716819722536,51.856895602752616],[0.9409661848765637,51.86458399583421]]]}},{"type":"Feature","properties":{"db_school_name":"Mersea Island School","harvested_label":"Mersea Island School","urn":"115311","margin_m":663.9},"geometry":{"type":"Polygon","coordinates":[[[0.9446501751658152,51.77152108684263],[0.9445521222754404,51.771551425498636],[0.9444289968436861,51.77157519745208],[0.9443143653913876,51.771573573685565],[0.9441855970588646,51.771555215855244],[0.9440715503231476,51.77156257101835],[0.9439525184462431,51.77156015779846],[0.9438278726410606,51.77156058328666],[0.9437185044090683,51.77155073260646],[0.9435993415516286,51.77152403899733],[0.9435066843391795,51.77148139163058],[0.9434157528863446,51.77142071331225],[0.9433470576159203,51.77136757222641],[0.9432360672654663,51.7713550635989],[0.9431431739819434,51.771397863147506],[0.9430280307790386,51.77141064106042],[0.9429187661821985,51.771380101260306],[0.9428500715479218,51.77132695987346],[0.9427816555891311,51.771255823829314],[0.9427003483452362,51.771120255180605],[0.942637767031305,51.77102738773304],[0.9425609601743408,51.770960958662016],[0.9424908777316601,51.77090875121696],[0.9425142142584465,51.7708218260166],[0.9425270825077459,51.77075225128175],[0.9424512696503227,51.770701086735876],[0.9423406317404678,51.770693964741305],[0.9422354008932597,51.77072538063491],[0.9421409437394569,51.77076641980206],[0.942030611134705,51.77078627132076],[0.9418846082685751,51.77079262592777],[0.9417730486685327,51.77079362091426],[0.9416735611281464,51.77084647763319],[0.9416052847406191,51.77091114406264],[0.9415332373040252,51.770962414152685],[0.9414059450407201,51.7709889854182],[0.9413250965277324,51.77103867698324],[0.9412224083269676,51.771064631999465],[0.9410849458249516,51.77102400393103],[0.9410443696725541,51.770935081643344],[0.9409970243630863,51.77085352386459],[0.9409028068079716,51.770809114775155],[0.9407720816740808,51.770805192323245],[0.9406598464568386,51.77084037966117],[0.9406044192383047,51.770902025700344],[0.9405107777146152,51.77095563446007],[0.94039991834034,51.770967403186475],[0.9402820310030201,51.77093797616834],[0.9401818495278579,51.7708910176348],[0.9400729843845571,51.77084427634988],[0.939964482044754,51.77082540670866],[0.939822295168072,51.77082356881117],[0.9397135716132319,51.770823591483364],[0.9395805939988073,51.770829617266166],[0.9394495186203504,51.77082030581775],[0.9393374214975773,51.77079073297453],[0.939275734983792,51.77073381666088],[0.9392083761306217,51.77067884100255],[0.9391084771858185,51.770725410146056],[0.9390795081337991,51.770792689143235],[0.9389983655187276,51.770837889537475],[0.9388999830458685,51.77079628120222],[0.9388063512097463,51.77076084960799],[0.9387027983716244,51.770795817854115],[0.9386671173182883,51.77087135907998],[0.9386046841495675,51.77093677693082],[0.9384926571587112,51.77093058543733],[0.9384189844966799,51.770867672838264],[0.938313891058826,51.77083432631083],[0.9381999502475936,51.77082098736193],[0.9380759836549879,51.77078721329119],[0.9379565812760521,51.77073443794075],[0.9378553053348582,51.77069290110485],[0.9377523960751908,51.770626222361585],[0.9376943536198733,51.770558421534226],[0.9376681520360373,51.77048982443099],[0.9376119655438092,51.770428272818926],[0.9374912450591438,51.77039981325411],[0.9374001597259985,51.770358920591285],[0.9373619136805271,51.77028342954695],[0.9372983163979423,51.77021936495088],[0.9371693795037259,51.77019830555276],[0.9370737629970188,51.77024386650179],[0.9370942909805855,51.770314404345555],[0.9371361785968916,51.77037901185289],[0.9370431063376966,51.77041911287363],[0.9369375806358419,51.77044603445553],[0.9368281104234665,51.77045686569966],[0.9367222132688696,51.77043343104683],[0.9367246093510221,51.77035872253918],[0.9366005973597478,51.77034653320416],[0.9365553545436838,51.770408822076504],[0.936460776072547,51.770448060900826],[0.9363628632029923,51.770413633773614],[0.9362399215398363,51.77046257519185],[0.9361291890736428,51.77049861999128],[0.9360131919382018,51.770542890690905],[0.9358959804727036,51.770590789144755],[0.9357548538758457,51.77062759319395],[0.9355969220530903,51.77062884180446],[0.9354807873664336,51.770626347617664],[0.9353513454063959,51.77064217344224],[0.9352564156315369,51.770676023775295],[0.9351380273651451,51.7706834787429],[0.9350029412794794,51.770634689809256],[0.9348833874203113,51.77062418603355],[0.9347225705815123,51.77064799005486],[0.9345971301477528,51.77068080330497],[0.9345075323276496,51.770729809294124],[0.9344391874169828,51.770793573790044],[0.9343924355732409,51.77085500010712],[0.9343083933884414,51.770900269640826],[0.9341962109276841,51.77093634880787],[0.9340881278292203,51.770946243450375],[0.9339685150533459,51.77093484082836],[0.9338388875959933,51.77092548695745],[0.9337331256590629,51.770948814005365],[0.9336373875026135,51.7709925763795],[0.9336216690812466,51.771063120563035],[0.9336043867688795,51.77113190503741],[0.9335006541155108,51.77116417499442],[0.9333705600467381,51.771147637212316],[0.9332644881725033,51.77112150566498],[0.933149674191775,51.77109469292117],[0.9329932372831726,51.77107431556404],[0.9328775586802123,51.77105651794373],[0.9327432309282501,51.77101939943041],[0.9325856879288864,51.770981960928175],[0.9324590048997631,51.770950946911455],[0.93235449777619,51.77092657424952],[0.9322487763604471,51.77090582932511],[0.9321090678493145,51.770875140062095],[0.9319480572491999,51.77085127796118],[0.9317769155518631,51.770827668482454],[0.9316564722242974,51.770758723931586],[0.9315633941613357,51.770798820694935],[0.9315475642079476,51.7708900530907],[0.9315407593739945,51.77096397204654],[0.931537140266447,51.771042308400695],[0.9314918315211064,51.77110369750783],[0.9313750051239571,51.771112908445446],[0.9312917344759564,51.7710583253836],[0.9312497962490671,51.77099281775157],[0.931168438977511,51.77094538189922],[0.9311083063732563,51.770945465772634],[0.9310539254937622,51.770945541012516],[0.9309433465531681,51.77093930619043],[0.9308271684117789,51.77098087807884],[0.9307167058081439,51.77097643889945],[0.9306387599126397,51.770914527504985],[0.9305169440707064,51.77089148439887],[0.9303960012564659,51.770881910083176],[0.9302116745191517,51.770900898067964],[0.9302011656009276,51.77098480249294],[0.9300949360121453,51.77100094287105],[0.9300132234546745,51.7709256343267],[0.9299126523133264,51.77089486567557],[0.9298045754453624,51.77092724069498],[0.9297321292650419,51.77086069464964],[0.929678265798825,51.7707900876096],[0.9295702258533326,51.77075590741646],[0.9294656836322419,51.77079808715101],[0.9294367582659891,51.77086626192024],[0.9293140914806887,51.77089720155397],[0.9291983190746405,51.770945057354496],[0.929130831879103,51.77099980350242],[0.9290582531999045,51.771065469110866],[0.9289722992905987,51.77112607188093],[0.9288757998645866,51.771158157371936],[0.9287793002993218,51.771190242785785],[0.9286819930220575,51.77123224142659],[0.9285831285313224,51.77129496452654],[0.9285096180669439,51.77134626294357],[0.9283955817679697,51.77139857154671],[0.9282578642742761,51.77144337592286],[0.9280817077323581,51.77149903141448],[0.9279835850670481,51.7715284584792],[0.9278475404183588,51.77155433371153],[0.9277313515390199,51.771573418282344],[0.9276127911135519,51.77160065624976],[0.9274831575621704,51.77162379276306],[0.9274780770984612,51.77162469913037],[0.927359051294969,51.77164475340447],[0.9272208609664836,51.771659888824786],[0.9270908896346414,51.77166762425998],[0.9269764904027525,51.771669575287184],[0.9268572840857912,51.77166445093989],[0.9267411992757714,51.77164036174866],[0.9266216443296463,51.77162984957599],[0.9265008745520619,51.77162296506066],[0.9263726355694226,51.77161266896964],[0.9261277365985021,51.77159178795282],[0.9256764949104155,51.77154096975687],[0.9255289178323401,51.77152305994938],[0.9253329972779182,51.77149736002314],[0.9252097930775784,51.77147524537063],[0.925006123045883,51.77148661238793],[0.9248620800206374,51.77147850691413],[0.9247033358891176,51.77148965421764],[0.9245542004324693,51.771492467690514],[0.9243498912855297,51.771493956315226],[0.9242266339261338,51.77149342703843],[0.9240808488856621,51.771458382620295],[0.9239686434952422,51.77142699911449],[0.9238207855825495,51.771449566180195],[0.9235852029487094,51.771393372250536],[0.9234300959733143,51.77134866586522],[0.9233072413569522,51.77133193679659],[0.9231699212049371,51.77136053646101],[0.922909800515926,51.771350820058515],[0.9226999926460651,51.771356939520814],[0.9225895296137414,51.7713524926997],[0.922468173477738,51.77129165595225],[0.9223509346243385,51.77127208804704],[0.9222607416741622,51.77131210556858],[0.9221464009753958,51.771314949814865],[0.9220274793556457,51.771269341485],[0.9219122070105847,51.77123533418252],[0.9217782998714139,51.77124945727563],[0.9216457787948649,51.771240161918215],[0.921525297590493,51.77121527756399],[0.9214085845105626,51.7712262744935],[0.9212214703955109,51.771224631933094],[0.921093175508002,51.77121343210569],[0.9209590912839081,51.77120237608837],[0.9208214743723871,51.771181514598055],[0.9206737841494659,51.771161802770045],[0.9205460669152284,51.77113709732032],[0.9204468881890724,51.77108290217639],[0.9203283747959795,51.77104357763995],[0.9201879848222518,51.77106955198648],[0.9200567379076636,51.771057525036156],[0.9199183123185355,51.771046575748855],[0.9197903683561605,51.77106324648606],[0.919637522980117,51.77100858576721],[0.9195319806844392,51.7709905231185],[0.9194171228599155,51.77103025204024],[0.9192576829822395,51.77103061673954],[0.9191300248043357,51.77100680766872],[0.9189658951523688,51.7710018922443],[0.9188264863185767,51.770998161123195],[0.9186959337527548,51.77097442349819],[0.9185777731466408,51.770985453575776],[0.9183574869259022,51.77098642934718],[0.9182436652715952,51.77095238243337],[0.9181201180353213,51.77092487263951],[0.9179897991645289,51.77092721036872],[0.9178761530548573,51.77091834130363],[0.9177427064920056,51.7708946745068],[0.9176190449840946,51.77088785270262],[0.9174376636019773,51.770885162366],[0.9170496008827423,51.770869616561576],[0.9167499421469265,51.77085367330075],[0.9165852918993302,51.77084067308676],[0.9164567673825668,51.770825876403634],[0.9151284537814504,51.77066188246342],[0.9143932653263315,51.77056860115332],[0.9141640716822745,51.770539301186396],[0.9140439025053821,51.77053265880749],[0.9139304139138555,51.770537452552404],[0.9137534913606679,51.770545438453006],[0.9136093192283956,51.77054874449428],[0.9129999490382822,51.770572220744306],[0.912406753455581,51.77059700164204],[0.9119914010282129,51.77061233474321],[0.9118105945854128,51.77060053777082],[0.9116926776364219,51.77059284784649],[0.911460151885869,51.77055004462357],[0.9111852290472355,51.77053095588545],[0.9106933559671064,51.770517332062546],[0.9099512221969965,51.770496145173205],[0.9098176623875663,51.7704931578599],[0.9097286345111606,51.77039373356443],[0.9096822125284735,51.77032563144916],[0.9095629503913182,51.7703420759822],[0.909556020916195,51.7703530221295],[0.9064569985309202,51.76770783365203],[0.9063394121766531,51.767608892154186],[0.9058932735571236,51.76769007629382],[0.9047069127159529,51.76798702369618],[0.9035731576796935,51.76835467810681],[0.9025029235049327,51.76878950053536],[0.9015065146492229,51.76928730530329],[0.900593525828961,51.76984330028133],[0.8997727496649912,51.77045213296349],[0.8990520920034719,51.771107941936535],[0.8984384957275863,51.771804413252624],[0.8979378737957565,51.77253484116507],[0.8975550521549682,51.77329219264461],[0.8973983868759094,51.773757992234984],[0.8972041770914492,51.773854996625225],[0.8962910440012803,51.77441096000018],[0.8954701281983253,51.775019764353935],[0.8947493368728774,51.775675548546474],[0.894135614195112,51.776371998869124],[0.8936348743408852,51.77710240977781],[0.8932519443933538,51.77785974840762],[0.8929905176756697,51.77863672224955],[0.8928531179711188,51.779425849340214],[0.8928410749833469,51.780219530289216],[0.8929545112820463,51.781010121452816],[0.8931923408693038,51.78179000854846],[0.8935522793902356,51.782551680002285],[0.8940308658990327,51.783287799321464],[0.8946234959798288,51.78399127579417],[0.89532446591149,51.78465533283376],[0.896127027457853,51.78527357330722],[0.8970234527611416,51.785840041216204],[0.8980051087173129,51.78634927913358],[0.8990625401188953,51.78679638083951],[0.9001855607645884,51.78717703864718],[0.9013633516562577,51.787487584959486],[0.9025845653338135,51.78772502765363],[0.9038374353377777,51.787887078950355],[0.9051098897383549,51.78797217748807],[0.9063896676295577,51.78797950338712],[0.907664437457437,51.787908986158676],[0.9089219160332555,51.787761305381025],[0.9089290488616689,51.78776000775871],[0.9093740509177148,51.788102654896065],[0.9102706958208487,51.78866901805552],[0.9112525594094943,51.7891781418094],[0.912310184473276,51.78962512103733],[0.9134333829425116,51.79000564923235],[0.9146113341033154,51.790316060046045],[0.9158326889491374,51.790553362661235],[0.9170856796583299,51.79071527064861],[0.918358233136443,51.790800224027706],[0.9196380875216473,51.79080740431798],[0.9197661473849658,51.790800306749674],[0.9206164959469583,51.79096548356267],[0.9218695132460155,51.791127340072386],[0.9231420852808085,51.79121224130442],[0.9244219500104197,51.791219369280846],[0.9256967750433632,51.79114865542055],[0.9269542766588725,51.7910007811971],[0.9271031256386255,51.79097367906662],[0.9279455750829956,51.79097834419011],[0.9292203862761884,51.790907592277435],[0.9304778681615139,51.790759680610314],[0.9317059044266719,51.790536034497364],[0.9325716036698164,51.79031922031608],[0.9326532108421163,51.7903096191642],[0.9338812232771919,51.79008595065063],[0.9350679549028756,51.789788703517544],[0.9362019722165066,51.78942074190093],[0.9372723503886922,51.78898561119862],[0.9382687786146505,51.78848750385975],[0.9391816595080676,51.78793121893601],[0.9393453511427918,51.787809709428956],[0.9395940526317018,51.78772899827412],[0.9397418983698035,51.7877679223583],[0.9396637434557711,51.788000903869666],[0.9395271392221377,51.788790072187695],[0.9395159204468221,51.789583744069844],[0.9396302017654682,51.79037427595544],[0.939868889043506,51.79115405412862],[0.9402296896650898,51.79191556806032],[0.9407091343787306,51.79265148277084],[0.9413026104982913,51.7933547095154],[0.9420044061476073,51.794018474109436],[0.9428077651295522,51.794636382234124],[0.9437049518964576,51.79520248109032],[0.9446873259999082,51.795711316804365],[0.9457454253047317,51.79615798702994],[0.9468690571657746,51.79653818823666],[0.948047396687376,51.79684825722649],[0.9492690911154992,51.79708520647597],[0.9505223693516596,51.79724675296113],[0.9517951555270343,51.79733134018557],[0.9530751855348089,51.797338153197884],[0.9543501253894483,51.79726712645284],[0.9556076902634312,51.79711894443985],[0.9568357630452724,51.7968950350734],[0.9580225112675506,51.79659755590888],[0.9591565012697764,51.796229373318745],[0.9602268084886735,51.795794034830436],[0.9612231228068167,51.79529573489548],[0.9621358479397173,51.79473927442125],[0.9629561939005977,51.794130014458574],[0.9636762616504947,51.793473824493674],[0.9642891191186193,51.79277702584568],[0.9647888678628348,51.79204633071783],[0.9651706997320889,51.791288777491694],[0.9654309429906544,51.79051166289045],[0.9655670974668906,51.78972247166636],[0.9655778583962332,51.788928804491015],[0.9654631287378039,51.78813830474425],[0.9652240198556125,51.78735858490683],[0.9648628405675213,51.78659715326606],[0.9643830746769492,51.78586134163916],[0.9637893472126917,51.78515823480957],[0.963087379709945,51.78449460235349],[0.9622839349700717,51.783876833511826],[0.9613867518363702,51.78331087573113],[0.9604044706176352,51.78280217746362],[0.9593465498795354,51.782355635773584],[0.9582231754050052,51.78197554925188],[0.9579721907965353,51.78190950861756],[0.9580502415502931,51.781676516354345],[0.9581865049293917,51.780887331055474],[0.958197399721849,51.78009366152644],[0.9580828275942387,51.77930315117028],[0.9578438983905041,51.7785234125708],[0.9574829191956621,51.77776195419679],[0.9570033718843042,51.77702610812385],[0.9564098793790428,51.77632295946803],[0.9557081609518824,51.77565927820933],[0.9549049770057793,51.775041454059405],[0.9540080638735131,51.77447543499826],[0.9530260592653693,51.77396667006892],[0.9519684190854811,51.773520056978164],[0.9508453264177688,51.773139895004846],[0.9496675935560454,51.77282984366652],[0.9484465580179895,51.77259288753962],[0.9471939735389501,51.77243130756972],[0.9459218970884532,51.77234665914581],[0.9453138775853724,51.77234338059803],[0.9451080197905174,51.77202731059707],[0.9446799350353268,51.77151987220328],[0.9446501751658152,51.77152108684263]]]}},{"type":"Feature","properties":{"db_school_name":"Kelvedon St Mary's Church of England Primary Academy","harvested_label":"Kelvedon St Mary's Church of England Primary Academy","urn":"139360","margin_m":636.7},"geometry":{"type":"Polygon","coordinates":[[[0.6943007006375794,51.86420673240183],[0.6946582658191314,51.86418762856903],[0.6959186427064176,51.86404218984905],[0.6971499133971968,51.86382095391178],[0.6983402145709316,51.863526052549034],[0.6994780782885942,51.86316032729427],[0.700552542615421,51.8627273020003],[0.7015532573319841,51.862231148836685],[0.7024705837100613,51.86167664803628],[0.7032956873886628,51.86106914178197],[0.7040206234538766,51.860414482680035],[0.7046384129031503,51.85971897732],[0.705143109759563,51.85898932546709],[0.705529858193479,51.85823255547564],[0.7057949391069214,51.857455956548066],[0.7059358057389744,51.85666700849405],[0.7059511079574419,51.8558733096674],[0.7058407050118692,51.85508250377635],[0.7056056666347166,51.854302206272216],[0.705248262489821,51.85353993102551],[0.7047719400793738,51.852803017994795],[0.7041812913311979,51.85209856258393],[0.7038330972491094,51.8517673349851],[0.7041135796265428,51.851734940012996],[0.7041147126082726,51.851736692958724],[0.7057870202364892,51.84992109450667],[0.7072084978413131,51.843221535139314],[0.7076882855256911,51.84210426221322],[0.7194923792354404,51.83793357544583],[0.7194092451994083,51.83733908381672],[0.7191740769479201,51.83655881337448],[0.7188165967587538,51.83579657859734],[0.7183402528589913,51.8350597190538],[0.7177496373763017,51.83435532963258],[0.717050441934735,51.83369019227158],[0.7162494027002749,51.83307071070999],[0.7153542354107841,51.83250284888978],[0.7143735610197403,51.83199207359667],[0.7133168226717695,51.83154330189004],[0.7121941948095086,51.83116085382531],[0.7110164852852509,51.83084841092093],[0.709795031416352,51.8306089807672],[0.7085415909800238,51.83044486811561],[0.7081873190879759,51.830420604665846],[0.7081684547247288,51.83041259182772],[0.7076151894077746,51.83022407532989],[0.7075644418616381,51.82986041267275],[0.7073295213823942,51.82908011417612],[0.7069723039268234,51.82831783881804],[0.7064962351908978,51.827580926559],[0.7059059046522462,51.826876472796606],[0.705207001191472,51.826211260089394],[0.7044062581641034,51.825591692903096],[0.7035113884575448,51.8250237360051],[0.7025310101621793,51.82451285709726],[0.7014745635743738,51.82406397423722],[0.7010141259406751,51.82390703002487],[0.7004645212181392,51.82325099853454],[0.6997657549008757,51.82258575116396],[0.698965151380172,51.82196614458741],[0.6980704222008907,51.82139814395188],[0.6970901841013419,51.82088721738079],[0.6960338760292617,51.82043828339098],[0.6949116682888942,51.82005566360085],[0.6937343646922939,51.81974304118251],[0.6925132986534168,51.81950342545458],[0.6912602242202833,51.819339122954894],[0.6899872030877484,51.81925171526917],[0.688706488670936,51.81924204382783],[0.6874304083467627,51.81931020181604],[0.6861712449881142,51.81945553327471],[0.6849411189218387,51.81967663940079],[0.6837518714377965,51.819971391987046],[0.6826149509618723,51.82033695387321],[0.6815413029810611,51.82076980621298],[0.6805412647737741,51.82126578229651],[0.6796244659538035,51.821820107605504],[0.6787997357819449,51.82242744571735],[0.6780750181360284,51.82308194961988],[0.6774572949581931,51.82377731794487],[0.6769525189185029,51.82450685558213],[0.6765655559470929,51.82526353809308],[0.6763001381936699,51.82604007930579],[0.676158827874245,51.82682900144266],[0.6761429923613662,51.827622707107096],[0.6762527907667336,51.82841355243696],[0.676487172154953,51.82919392072067],[0.6768438854154311,51.8299562957671],[0.6773195007068696,51.830693334322],[0.6779094422769142,51.831397936832325],[0.6786080323490087,51.83206331587527],[0.6794085456607464,51.83268306159069],[0.6803032741339456,51.833251203484494],[0.681283601057432,51.83376226800486],[0.6822029778952368,51.83415305473123],[0.6822839714447331,51.834422563173035],[0.682640826614101,51.83518491805087],[0.6831165940232049,51.835921930443504],[0.6836634472376809,51.83657486321238],[0.6836289016481681,51.83676787230191],[0.6836132005437668,51.83756157596238],[0.683723160255201,51.838352410922994],[0.6839577282970205,51.83913276057119],[0.6843146517639173,51.83989510889445],[0.6847904987924025,51.84063211289495],[0.6853806913998353,51.84133667335143],[0.6860795493927034,51.842002003245085],[0.6868803449282271,51.8426216931882],[0.6877753672092898,51.84318977322296],[0.688755996693439,51.84370077039253],[0.6887855853877454,51.84371334177614],[0.6887783715694503,51.84408017540428],[0.6888884417850644,51.84487100324157],[0.6891231368905472,51.84565134006305],[0.6894802027587519,51.84641366997907],[0.6899562061562028,51.84715065016846],[0.6905465675952587,51.84785518163858],[0.6908946342391691,51.84818645059571],[0.6898784856857643,51.84830369955562],[0.6886475975120717,51.8485248543812],[0.6874576217949269,51.84881965358583],[0.686320013966244,51.8491852595619],[0.6852457261271179,51.84961815304046],[0.6842451017146537,51.850114166917514],[0.6833277759867403,51.85066852631292],[0.6825025832793851,51.851275894477915],[0.6817774719278281,51.85193042411293],[0.6811594276707781,51.852625813603694],[0.680654406277277,51.853355367637874],[0.6802672760487408,51.854112061620235],[0.6800017707552957,51.85488860926928],[0.6798604534665437,51.85567753274601],[0.6798446916331614,51.85647123464106],[0.6799546436683451,51.857262071128325],[0.6801892571678658,51.858042425580635],[0.680546278795693,51.85880478193904],[0.6810222757495499,51.85954179712786],[0.6816126686087305,51.86024637181741],[0.6823117752560057,51.86091171885083],[0.683112865457571,51.86153142867424],[0.6840082255808586,51.86209953113708],[0.6849892328307595,51.862610553065124],[0.6857417078643555,51.86293014737593],[0.6857413437152551,51.86293016680465],[0.6943007006375794,51.86420673240183]]]}},{"type":"Feature","properties":{"db_school_name":"Copford Church of England Voluntary Controlled Primary School","harvested_label":"Copford Church of England (Voluntary Controlled) Primary School","urn":"115074","margin_m":450.7},"geometry":{"type":"Polygon","coordinates":[[[0.7851670242996549,51.86872501068804],[0.7851670977110989,51.86872479449618],[0.7857620832438859,51.86892683179888],[0.7869412872322729,51.86923850167139],[0.787057981546646,51.869261271323],[0.7870561308580651,51.869367183388185],[0.7871680007594533,51.87015788974696],[0.7874045384490946,51.87093800024048],[0.7876843802619758,51.87153209502197],[0.7876725992096727,51.871529796478654],[0.7908804054044208,51.873412344917696],[0.7925960947396307,51.88561180511187],[0.7932602674973445,51.88583719134043],[0.7944399678240385,51.886148777960585],[0.7953790870564821,51.886331876247496],[0.7956131895554868,51.88655378063709],[0.7956099844103955,51.88656007584368],[0.8066443187118206,51.885378154048595],[0.8088433257244398,51.88155286792408],[0.8167885837090826,51.877331402561744],[0.8159846491360736,51.87456388513775],[0.8159833262708881,51.87456537938373],[0.8158867835012321,51.87450436401757],[0.8149040699897032,51.87399446137676],[0.8138453647085215,51.87354662594829],[0.8127208610147515,51.873165168771294],[0.8116149475512977,51.87287318444069],[0.8118638296467585,51.87259208703125],[0.8123669083274049,51.87186200004198],[0.8127519443045401,51.87110490401829],[0.8130152349904483,51.870328091295065],[0.813154250879506,51.86953904373228],[0.813167659673115,51.86874536063284],[0.8130553388605948,51.86795468554385],[0.8128183766445021,51.86717463264717],[0.8124590612112161,51.8664127134483],[0.8119808584597367,51.86567626446827],[0.8113883784121617,51.86497237663426],[0.8106873306374418,51.86430782704701],[0.8098844691245618,51.86368901377978],[0.8089875271414593,51.86312189433461],[0.808005142710687,51.86261192834539],[0.8069467754214107,51.862164025076886],[0.8058226153788246,51.861782496222084],[0.804643485165925,51.861471014449656],[0.8045268029615629,51.861448262061835],[0.8045286129625038,51.861342350204914],[0.8044164668658121,51.86055166348151],[0.8041796973795944,51.85977158953168],[0.8038205908322928,51.859009640064585],[0.8034276163971292,51.85840413303439],[0.7915875390765501,51.85357084200961],[0.7915901627697337,51.853574887104635],[0.790974569855484,51.853570782487225],[0.7896977174546219,51.853640062583054],[0.7884379715160142,51.85378649822632],[0.7872074579740601,51.854008679989555],[0.7860180218526215,51.85430446931563],[0.7848811134019856,51.85467101906825],[0.7838076780060779,51.85510480089467],[0.7828080509132828,51.85560163913952],[0.7818918577992813,51.8561567509857],[0.7810679221158039,51.85676479243847],[0.7803441801156635,51.857419909712796],[0.7797276043724585,51.85811579553226],[0.7792241365333558,51.85884574979996],[0.7788386299563385,51.8596027440603],[0.778685820789119,51.860052639352446],[0.7851670242996549,51.86872501068804]]]}},{"type":"Feature","properties":{"db_school_name":"Messing Primary School","harvested_label":"Messing Primary School","urn":"139252","margin_m":568.1},"geometry":{"type":"Polygon","coordinates":[[[0.7543247716533148,51.82952429703718],[0.7485543780636158,51.82675346026792],[0.7351122940871831,51.826078730325506],[0.7349951454666116,51.826136913106616],[0.7340789348484853,51.82669165456066],[0.733254865403929,51.82729936505265],[0.7325308746606486,51.82795419398359],[0.7319139375729896,51.828649836853515],[0.7314099992523556,51.82937959590589],[0.7310239175717013,51.830136444566556],[0.7307594162022204,51.83091309505963],[0.7306190485413916,51.831702068550634],[0.7306041728878812,51.83249576714375],[0.7307149391113731,51.83328654703997],[0.7309502869552523,51.83406679215299],[0.7313079559982898,51.83482898747313],[0.7317845071889282,51.83556579147276],[0.7323753557538363,51.83627010685394],[0.7330748151719438,51.83693514895598],[0.7338761517973744,51.83755451116143],[0.7347716496106937,51.83812222666829],[0.735752684478637,51.83863282603057],[0.7368098072090679,51.839081389910504],[0.7379328346013586,51.83946359653065],[0.7390695793180933,51.839764802206986],[0.7396100155995731,51.84040880383691],[0.7403096465601766,51.84107380000294],[0.7411111563623007,51.84169310999927],[0.7420068273173591,51.84226076752625],[0.7429880336229251,51.84277130369601],[0.7440453244338378,51.843219799779156],[0.7451685149285702,51.843601934651105],[0.7463467844919222,51.84391402647865],[0.7475687810647754,51.844153068241965],[0.748822730650519,51.844316756747986],[0.7500965509166156,51.844403514853234],[0.7513779677891275,51.84441250668092],[0.7526546339083016,51.844343645684305],[0.7539142477947831,51.84419759547818],[0.75514467256906,51.84397576343086],[0.7563340530711867,51.843680287078755],[0.7574709302438197,51.84331401349542],[0.7585443516688525,51.84288047181621],[0.7595439771862356,51.84238383918446],[0.7604601785723627,51.841828900450224],[0.7612841323143595,51.84122100201249],[0.7620079045849196,51.84056600025211],[0.7626245275993548,51.839870205055306],[0.7631280666214512,51.839140318974394],[0.7635136769765882,51.838383372614786],[0.7637776505285176,51.83760665687228],[0.7639174511791367,51.836817652676054],[0.7639317390575321,51.83602395891514],[0.7638203831743563,51.8352332192438],[0.7635844624292862,51.8344530484706],[0.7632262549715897,51.833690959241295],[0.7627492160258577,51.83295428971937],[0.7621579444054385,51.8322501329608],[0.761458138044159,51.831585268660646],[0.7606565389814622,51.83096609792699],[0.7597608683361707,51.83039858170765],[0.7594198756673798,51.830221192130644],[0.7543247716533148,51.82952429703718]]]}},{"type":"Feature","properties":{"db_school_name":"Great Tey Church of England Voluntary Controlled Primary School","harvested_label":"Great Tey Church of England (Voluntary Controlled) Primary School","urn":"115079","margin_m":826.1},"geometry":{"type":"Polygon","coordinates":[[[0.7513784933127317,51.911505265083825],[0.7514258671156944,51.911496737227885],[0.7526170412212985,51.91120127544005],[0.7537556349684349,51.91083501650739],[0.7548306793921861,51.910401489428],[0.7558318186912727,51.90990487120896],[0.7567494100574947,51.90934994656633],[0.7575746165907105,51.908742061768336],[0.7582994924026333,51.908087073069375],[0.7589170590898798,51.907391290234614],[0.7594213728417454,51.906661415701734],[0.7598075815401872,51.90590447996865],[0.7600719713076107,51.90512777383199],[0.7602120020611273,51.90433877813075],[0.7602263317390627,51.90354509167358],[0.7601148289754652,51.90275435804471],[0.7598785741101917,51.901974191994164],[0.759573408871212,51.901325892867995],[0.7596619783238947,51.90082685412607],[0.759676318922979,51.900033167190415],[0.7595648368331697,51.899242432354896],[0.75932861219392,51.89846226438127],[0.7589699261043126,51.897700175886875],[0.7584922384194918,51.89696350502599],[0.7579001542186927,51.89625934486451],[0.757199379275926,51.895594475126636],[0.7563966649690498,51.89497529696871],[0.7554997431631915,51.89440777140552],[0.7545172516993615,51.893897361979924],[0.7534586512077033,51.89344898222403],[0.7523341340464953,51.89306694841569],[0.7511545262419468,51.89275493808196],[0.7499311833693864,51.89251595464656],[0.7486758813731241,51.89235229855921],[0.7474007033695399,51.89226554518293],[0.7461179235154115,51.89225652965075],[0.7448398890508348,51.8923253388361],[0.7435789016431983,51.89247131051457],[0.7423470991651226,51.8926930397241],[0.7411563390353411,51.892988392264094],[0.7400180842369881,51.89335452520381],[0.7389432931028905,51.89378791420464],[0.7379423139223334,51.89428438739533],[0.7370247853789137,51.89483916547642],[0.7361995437745305,51.89544690767034],[0.7354745379310775,51.89610176307757],[0.734856752589396,51.896797426947785],[0.7343521410450463,51.89752720132626],[0.7339655676733927,51.89828405949466],[0.7337007609029583,51.89906071358815],[0.7335602770968007,51.8998496847394],[0.7335454756979208,51.9006433750759],[0.7336565058870754,51.901434140878074],[0.7338923048910977,51.90221436619416],[0.7341971091154863,51.902862737065725],[0.7341082533675024,51.90336176055676],[0.7340934627957527,51.90415545041782],[0.7342045135681646,51.90494621501982],[0.7344403427146482,51.90572643842249],[0.7347131491775243,51.90630667971204],[0.7347043895522587,51.906308255369076],[0.7513784933127317,51.911505265083825]]]}},{"type":"Feature","properties":{"db_school_name":"St Andrew's Church of England Primary Academy, Marks Tey","harvested_label":"St Andrew's Church of England Primary Academy, Marks Tey","urn":"149970","margin_m":853.1},"geometry":{"type":"Polygon","coordinates":[[[0.7595014245656345,51.86576981512963],[0.7594746914824354,51.86584840906459],[0.7593347420006196,51.86663740694082],[0.7593279066369247,51.86701525149627],[0.7591860703723576,51.867031697356154],[0.7579550418228316,51.86725357975938],[0.7567650561905137,51.86754908030728],[0.7556275690092719,51.867915354643394],[0.7545535312279144,51.8683488770667],[0.7535532838877447,51.86884547441988],[0.752636458629936,51.86940036620617],[0.7518118849871274,51.870008210551084],[0.7515232922111161,51.870269143349624],[0.7512816362712539,51.87011612923091],[0.7502997315014638,51.869605674364784],[0.7492417515608953,51.869157246167084],[0.7481178828360452,51.86877516138365],[0.7469389451143155,51.86846309803383],[0.7457162875250565,51.868224060052846],[0.744461679421233,51.8680603484165],[0.7431871972456605,51.86797353902313],[0.7419051084632662,51.86796446754521],[0.7406277536680935,51.86803322139469],[0.7393674279909253,51.86817913887931],[0.7381362629398274,51.868400815558026],[0.7369461098020045,51.868696117734814],[0.7358084257208641,51.869062202962446],[0.7347341635373144,51.869495547360124],[0.7337336664492603,51.869991979484446],[0.7328165684983752,51.870546720429616],[0.7319917018387637,51.871154429773824],[0.7312670116786458,51.87180925693235],[0.7306494797142026,51.87250489742534],[0.7301450567948465,51.87323465352192],[0.7297586054721001,51.87399149867879],[0.7294938529907831,51.87476814515573],[0.7293533551821147,51.87555711415841],[0.7293384716145886,51.87635080783496],[0.7294493522509347,51.877141582433985],[0.7296849357492692,51.877921821919685],[0.7300429594345882,51.87868401133563],[0.7305199808541564,51.87942080920932],[0.7311114107182677,51.88012511829974],[0.7318115569173088,51.88079015400423],[0.7326136791981392,51.88140950976401],[0.7335100539787069,51.881977218836056],[0.7344920486804667,51.882487811833215],[0.7355502048646609,51.88293636947575],[0.736674329371852,51.88331857004329],[0.7378535925850656,51.883630731067],[0.7390766328664958,51.883869844858076],[0.7403316661565342,51.884033607527414],[0.7416065996726929,51.88412044121548],[0.7428891486052779,51.88412950931616],[0.7441669546769295,51.88406072454734],[0.7454277054145596,51.88391474978945],[0.7466592529752661,51.88369299168452],[0.7478497313722148,51.883397587057736],[0.7489876709624698,51.883031382293424],[0.7500621090860526,51.88259790586608],[0.7510626957837854,51.88210133429301],[0.7519797935703446,51.88154645183891],[0.7522988144951714,51.88131134102806],[0.7523816548439669,51.881389976160484],[0.7531840657399618,51.88200918728628],[0.754080706155818,51.88257673555946],[0.7550629409498792,51.88308715314136],[0.7561213093663153,51.88353552244189],[0.7572456161971515,51.883917523555176],[0.7584250300653254,51.88422947593426],[0.759648187878497,51.884468373900944],[0.7609033044422288,51.88463191564614],[0.7621782861699538,51.88471852543966],[0.7634608477864683,51.88472736883342],[0.7637565426030352,51.884711400751556],[0.7639293395017608,51.88507856601881],[0.764406981874128,51.88581521665343],[0.7649990230867582,51.886519345678096],[0.7656997651371068,51.88718417022215],[0.7665024620271742,51.8878032857588],[0.7673993846336928,51.88837072785743],[0.7683818950941964,51.888881029701466],[0.7694405299944961,51.88932927481526],[0.7705650915564547,51.88971114448896],[0.7717447459459308,51.89002295944173],[0.7729681277504103,51.890261715319454],[0.7742234496146726,51.89042511168215],[0.7754986159717134,51.89051157420069],[0.776781339765428,51.89052026984641],[0.7780592610319508,51.89045111492721],[0.7782371148159458,51.89043047268102],[0.7841721923077803,51.88888068212226],[0.7841658526917795,51.88888141827562],[0.7849544193487048,51.888489746128805],[0.7858712164776851,51.88793460406754],[0.786695640313678,51.8873265244258],[0.7867324023077606,51.88729326362512],[0.7873842383273677,51.8872175537407],[0.7886156521269925,51.886995357987445],[0.7898059254615318,51.88669953145665],[0.7909435906690491,51.8863329245987],[0.7920176877395938,51.885899069762786],[0.7925959701705306,51.885611762838934],[0.7925960947396307,51.88561180511187],[0.7908804054044208,51.873412344917696],[0.7876725992096727,51.871529796478654],[0.7876581788959761,51.87152698300005],[0.7864033430715369,51.87136372263092],[0.7851287037818413,51.87127737052422],[0.7838465300016729,51.87126875795209],[0.7835744039053174,51.87128350339635],[0.7841252484338624,51.87066189977736],[0.7846287608232422,51.86993192505249],[0.7850142511670961,51.86917491311519],[0.7851670242996549,51.86872501068804],[0.778685820789119,51.860052639352446],[0.7786857473589706,51.86005285554078],[0.7780909108748105,51.85985077998375],[0.7769120128584274,51.8595390164254],[0.7756894520662768,51.85930028864717],[0.7744349969179669,51.85913689464],[0.7736005629714581,51.859080261651584],[0.7736023248059839,51.85907507627009],[0.7595014245656345,51.86576981512963]]]}},{"type":"Feature","properties":{"db_school_name":"Colne Engaine Church of England Primary School","harvested_label":"Colne Engaine Church of England Primary School","urn":"146923","margin_m":465.4},"geometry":{"type":"Polygon","coordinates":[[[0.7039706616099292,51.93699650166696],[0.6964457191769678,51.93768260874131],[0.6938643169283649,51.93877786864367],[0.6751855701427799,51.93448230955773],[0.6743356747907508,51.9349027263474],[0.6734165328795596,51.935457027145624],[0.67258968988298,51.936064341508455],[0.6718631100332465,51.9367188226607],[0.6712437932215859,51.937414169461256],[0.6707377074883927,51.93814368701455],[0.6703497314064827,51.93890035108188],[0.6700836069176963,51.93967687567413],[0.669941903083974,51.94046578317771],[0.6699259911101357,51.941259476339354],[0.6700360308879512,51.94205031141808],[0.6702709692007089,51.942830671800145],[0.6706285496154116,51.94359304136808],[0.6711053339769564,51.94433007691643],[0.6716967353064072,51.94503467891577],[0.6723970617947296,51.945700059941686],[0.6731995714752896,51.94631981010757],[0.6740965370540941,51.94688795886851],[0.6750793202772251,51.94739903259814],[0.6761384551212274,51.947848107381375],[0.6772637390053355,51.94823085651101],[0.6784443311452001,51.94854359222832],[0.6796688570972172,51.948783301302605],[0.6809255184811743,51.94894767410472],[0.6822022068175797,51.9490351268923],[0.6834866203751807,51.9490448170907],[0.6847663828943009,51.948976651421084],[0.6860291630329237,51.94883128679721],[0.687262793375365,51.94861012398188],[0.6884553878477534,51.948315294065345],[0.6892422565054562,51.948062922115],[0.6895525734951623,51.948432382225946],[0.6902532153388916,51.949097652156574],[0.6910560292785491,51.94971727588544],[0.6919532850860469,51.950285284084686],[0.6929363417081498,51.9507962044814],[0.6939957304839817,51.951245114637196],[0.6951212463828252,51.9516276894307],[0.6963020463816152,51.95194024278283],[0.6975267540309912,51.952179763220116],[0.6987835691974109,51.95234394293127],[0.7000603819175032,51.95243120003491],[0.7013448892599838,51.95244069384242],[0.7026247140606328,51.952372332967975],[0.7038875243771429,51.95222677620686],[0.7051211525035908,51.952005426173905],[0.7063137123886961,51.95171041576382],[0.7074537143179471,51.95134458756522],[0.7085301757469378,51.95091146642804],[0.7095327272115995,51.950415225451025],[0.7104517122898412,51.949860645719205],[0.7112782806481731,51.94925307018208],[0.7120044732753099,51.94859835211941],[0.7126232990818966,51.94790279869432],[0.7131288021306202,51.947173110139964],[0.7135161188530095,51.94641631516831],[0.7137815247073644,51.9456397032255],[0.713922469835461,51.94485075424852],[0.7139376033828079,51.94405706660072],[0.7138267862573286,51.94326628388213],[0.713591092213262,51.942486021319105],[0.7132327972596155,51.94172379244265],[0.7128966698398832,51.94120503367954],[0.7128977017291327,51.94120510410031],[0.7039706616099292,51.93699650166696]]]}},{"type":"Feature","properties":{"db_school_name":"Earls Colne Primary School and Nursery","harvested_label":"Earls Colne Primary School and Nursery","urn":"115312","margin_m":1056.3},"geometry":{"type":"Polygon","coordinates":[[[0.6938643169283649,51.93877786864367],[0.6964457191769678,51.93768260874131],[0.7039706616099292,51.93699650166696],[0.7128977017291327,51.94120510410031],[0.713837984558911,51.941269269375596],[0.7151221700535281,51.941278617248],[0.7164016510263114,51.941210111182194],[0.7176640988510645,51.941064411372786],[0.7188973493180961,51.94084292181312],[0.7200895200186105,51.94054777674223],[0.7212291249915386,51.94018182004593],[0.7223051855205262,51.93974857781167],[0.7233073360071003,51.9392522243042],[0.7242259238949008,51.93869754169171],[0.7250521026789146,51.93808987391366],[0.7257779171020845,51.937435075137145],[0.7263963797187838,51.936739453301364],[0.7269015380897895,51.93600970929692],[0.7272885319653684,51.935252872368316],[0.7274954821873514,51.934646609019744],[0.7275089775908533,51.93463992332486],[0.7284274202546716,51.934085209593555],[0.7292534586745454,51.93347751389732],[0.7297085784167804,51.933066835771875],[0.7307781477746985,51.93263603201035],[0.731780046344311,51.93213960937817],[0.7326983851176194,51.93158486356813],[0.7335243199907604,51.93097713912782],[0.7342498980571347,51.93032229076931],[0.7348681341481984,51.929626626908586],[0.7353730780064661,51.92889684884006],[0.7357598714475876,51.928139986135434],[0.7360247949664734,51.92736332889068],[0.7361653033456061,51.92657435747664],[0.7361800499307746,51.92578067047059],[0.7360688993495291,51.924989911464216],[0.7358329285595292,51.92420969545381],[0.7354744162264577,51.92344753552065],[0.7349968205434578,51.922710770507756],[0.7344047457147332,51.922006494387965],[0.7337560660604716,51.921390989527225],[0.7282742465845649,51.918656442117964],[0.7282854401415988,51.91866706582454],[0.72765696166067,51.918500782400095],[0.7264330292043665,51.91826156363488],[0.7251770813750676,51.91809766634656],[0.723901207501903,51.91801066821835],[0.7226176884346571,51.91800140673784],[0.7213388785225647,51.91806997114493],[0.7207890320424221,51.91813347735084],[0.7207839905188749,51.918130286001535],[0.7198013540163379,51.91761959013183],[0.7187425208824344,51.91717090248366],[0.7176176857201233,51.91678854229723],[0.7164376776200048,51.91647619023966],[0.7152138560119262,51.91623685302215],[0.7139580014477449,51.9160728344979],[0.7126822023601576,51.91598571351691],[0.7113987388800234,51.91597632874885],[0.7101199648220404,51.916044770620005],[0.7088581889657425,51.916190380440526],[0.7076255567653587,51.916411756731044],[0.7070997990569823,51.91654192131863],[0.7071938916887665,51.91626655365275],[0.7073348796885051,51.91547760871672],[0.7073501388331673,51.914683916873116],[0.707239528809756,51.91389312176288],[0.7070041213671621,51.91311283873266],[0.7066461897443582,51.912350581511895],[0.7061691865421444,51.91161368988315],[0.7055777102606009,51.91090925904109],[0.7048774608326362,51.91024407131853],[0.7040751845887951,51.909624530935005],[0.7031786091887676,51.90905660239371],[0.7021963691499848,51.908545753117316],[0.7011379226924008,51.90809690087202],[0.7000134607002755,51.907714366483205],[0.6988338086758072,51.90740183229535],[0.697610322625084,51.90716230677301],[0.6963547798736144,51.90699809558201],[0.6953276327095349,51.90692778265776],[0.695288786511574,51.906649462561305],[0.6950536279912495,51.90586915130242],[0.6946959596531574,51.90510685321318],[0.6942192315617602,51.90436990847096],[0.6936280395676832,51.90366541278302],[0.6929280808667858,51.903000149107754],[0.6921260989912895,51.90238052239705],[0.6912298187681856,51.90181249798625],[0.690247871875018,51.901301544221845],[0.689189713711913,51.90085257987662],[0.6880655323903857,51.900469926855635],[0.6868861507135368,51.90015726864568],[0.6856629220878458,51.899917614905405],[0.6844076213635851,51.8997532725348],[0.6831323316482031,51.899665823500634],[0.6818493281746052,51.899656109629596],[0.6805709603337122,51.89972422451473],[0.6793095329978176,51.89986951261244],[0.6780771882678822,51.90009057553879],[0.6768857887740176,51.900385285505266],[0.6757468036439989,51.900750805765604],[0.6746711982298721,51.90118361787883],[0.6736693286476702,51.90167955552765],[0.6727508421404728,51.90223384456954],[0.671924584220559,51.902841148937036],[0.6711985134829961,51.90349562194885],[0.6705796249110223,51.90419096253994],[0.6700738824136802,51.904920475872615],[0.6696861612491299,51.90567713774701],[0.6694202008935239,51.906453662193805],[0.6692785688162449,51.90724257159986],[0.6692626355184711,51.90803626869314],[0.66937256108451,51.90882710969476],[0.6696072933850039,51.90960747793446],[0.6699645779591387,51.91036985721999],[0.6704409794902864,51.91110690425366],[0.6710319146773468,51.91181151939715],[0.6717316961934132,51.91247691510154],[0.6725335873153785,51.913096681341095],[0.6734298667038602,51.91366484741844],[0.6744119027133929,51.91417593954295],[0.6754702365191589,51.914625033624745],[0.6765946732597964,51.915007802773026],[0.6777743803165941,51.915320559038314],[0.6789979917789013,51.91556028899376],[0.6802537180842498,51.915724682810435],[0.6812810478868758,51.91579512481037],[0.6813198175556826,51.91607345024789],[0.6815547986731386,51.916853790341946],[0.6819123464787101,51.91761612884169],[0.6823890231214783,51.91835312284107],[0.6829802426508551,51.91905767321129],[0.6836803150007785,51.919722993026205],[0.6844825006457133,51.92034267299003],[0.6848760507021313,51.920592029169825],[0.6846810241668244,51.92073536907051],[0.6839548625951782,51.921389920498356],[0.6833359375864607,51.92208532700592],[0.6828302134069542,51.922814893121114],[0.6824425651454136,51.92357159413591],[0.682176731583319,51.92434814370391],[0.6820352789765007,51.92513706396947],[0.6820273512061908,51.92553776932927],[0.6813651386311067,51.92575021067548],[0.6802890000201895,51.926183080140405],[0.6792866472539727,51.926679070685736],[0.6783677322282217,51.92723340766135],[0.67754110458335,51.92784075454003],[0.676814726478205,51.92849526423278],[0.6761955958610013,51.92919063532287],[0.6756896789782271,51.92992017268008],[0.6753018527751881,51.93067685187421],[0.6750358577483463,51.93145338676977],[0.6748942617103905,51.93224229965328],[0.6748784348251341,51.933035993219065],[0.674988536161732,51.93382682372181],[0.6751858681285751,51.93448216215099],[0.6751855701427799,51.93448230955773],[0.6938643169283649,51.93877786864367]]]}},{"type":"Feature","properties":{"db_school_name":"Heathlands Church of England Voluntary Controlled Primary School, West Bergholt","harvested_label":"Heathlands Church of England (Voluntary Controlled) Primary School","urn":"115083","margin_m":999.6},"geometry":{"type":"Polygon","coordinates":[[[0.8429265039494018,51.92839838515982],[0.8497204091320953,51.92717375230815],[0.8598040917531974,51.92823385945668],[0.8626054591118592,51.92159425588318],[0.8701111918440753,51.918316018465696],[0.8711220576146198,51.91465758186677],[0.8709038069166183,51.91304787893398],[0.8642000022099414,51.90747793955164],[0.8641999554859576,51.90748090776195],[0.8642005829104303,51.90748528434531],[0.8638414688130258,51.907415536422434],[0.863759479470652,51.90733801659129],[0.8629551118227978,51.90671959230805],[0.8627822071573342,51.9066105390282],[0.8627899336985433,51.906120695082095],[0.8626766241494669,51.90533008638119],[0.8624385838536837,51.90455015379828],[0.8620781113888644,51.90378840767494],[0.8615986838022796,51.90305218286022],[0.861004922913708,51.90234856811735],[0.8603025506254958,51.901684337912286],[0.8594983336770442,51.90106588723824],[0.8586000183811255,51.90049917010166],[0.857616255974263,51.89998964225928],[0.8573455069877602,51.89987533057654],[0.8537648283335755,51.89959615214569],[0.8443414089230526,51.90022424539691],[0.8400617161070723,51.901641976334176],[0.8384726495109596,51.90537731784705],[0.8344140184510872,51.90986360233881],[0.8344210240165374,51.909861342605815],[0.8344188872895284,51.909991612546555],[0.8344352444408194,51.91010623641528],[0.8340076927137615,51.910726743275596],[0.8336227037648422,51.91148390411528],[0.8333595572456661,51.9122607564654],[0.8332207935440358,51.91304981954144],[0.8332077555471162,51.913843494576916],[0.8333205754583227,51.9146341379906],[0.8335581732689383,51.915414135000404],[0.8339182669090145,51.91617597297529],[0.8343973939893894,51.916912313818024],[0.8349436310444289,51.91755996733807],[0.8349442618788444,51.91756438665003],[0.8341808821480217,51.91812783808693],[0.833456973453224,51.918783279418314],[0.8328404255409493,51.91947943760662],[0.8323371798139335,51.92020960993306],[0.8319520875167188,51.920966765841854],[0.8316888628345768,51.92174361459436],[0.8315500469112823,51.92253267544107],[0.831536983140434,51.92332634963733],[0.8316498039773209,51.92411699361014],[0.8318874294079769,51.92489699257202],[0.8322475770999918,51.925658833873044],[0.8327267841469247,51.92639517938376],[0.8333204402059773,51.92709893621056],[0.8340228317179759,51.92776332506142],[0.8348271967907083,51.92838194560037],[0.8354491708767467,51.92877433055712],[0.8354466845145617,51.92877658137354],[0.8429265039494018,51.92839838515982]]]}},{"type":"Feature","properties":{"db_school_name":"Brightlingsea Primary School and Nursery","harvested_label":"Brightlingsea Primary School and Nursery","urn":"114755","margin_m":1013.1},"geometry":{"type":"Polygon","coordinates":[[[1.0307849551154706,51.85873495026656],[1.0307816590641066,51.85873106243258],[1.031617430532461,51.858892274221375],[1.0328726943517517,51.85905290853131],[1.034147347353596,51.85913657241175],[1.035429107425624,51.859142459809945],[1.0367056238972219,51.85907051410216],[1.0379645967378497,51.8589214286361],[1.0391938952622382,51.8586966400355],[1.0403816751896657,51.85839831433195],[1.0415164929209537,51.85802932605887],[1.042587415924555,51.857593230510766],[1.0427259327527723,51.857523883616565],[1.0427276265341736,51.8575274342802],[1.047563963968018,51.8491304251436],[1.0472639212265924,51.848501462562396],[1.0474040757626855,51.84822260922859],[1.0476631824561644,51.84744533663525],[1.047798024775374,51.84665607726075],[1.047807310617659,51.84586243242656],[1.0476909571697532,51.84507204529],[1.047450091451118,51.84429252723934],[1.0470870392114755,51.84353138461012],[1.046605302298964,51.84279594642783],[1.0465918662335854,51.8427801003848],[1.0466128602148725,51.84265722759435],[1.0466221690361728,51.84186358206665],[1.0465058495590691,51.84107319279448],[1.046265028474429,51.84029367118688],[1.0459020311008114,51.83953252361381],[1.045420358756855,51.83879707914863],[1.0448246548321642,51.838094419030874],[1.0441206598914992,51.83743130852752],[1.0433151562514535,51.83681413184636],[1.0424159025686754,51.836248830725935],[1.0414315590731935,51.835740847290595],[1.040371604168675,51.835295071718015],[1.039246243202657,51.83491579522017],[1.038066310283337,51.83460666878766],[1.036843164084631,51.834370668092],[1.0366932810753833,51.8343514818915],[1.0367019094874035,51.83362971954568],[1.0365857907097862,51.83283931638658],[1.0363451901361607,51.832059770070565],[1.0359824309594474,51.831298587206604],[1.0355010122030242,51.830563097208994],[1.0349055748137612,51.82986038175684],[1.0342018567897617,51.82919720665102],[1.0333966377817485,51.828579956722315],[1.032497673706919,51.82801457441552],[1.0315136220085874,51.82750650263739],[1.0310667243798284,51.827318465687085],[1.0320314581255479,51.827142005258445],[1.0332184660896246,51.82684376304184],[1.0343525620772107,51.826474853943125],[1.035422820512796,51.82603883249205],[1.0364189317608743,51.825539899722074],[1.037331301507927,51.824982862638606],[1.0381511432076067,51.824373087847775],[1.0388705626970383,51.82371644979466],[1.0394826341694552,51.82301927411329],[1.039848314759961,51.82248340222895],[1.0404167918114071,51.82219860866261],[1.0413290450577126,51.82164154213159],[1.0421487727333851,51.82103174098196],[1.042868081774336,51.82037507991242],[1.0434800474378574,51.81967788477821],[1.043978779891692,51.81894687159853],[1.0442032928900293,51.818499978836876],[1.0442165538266668,51.8184933341201],[1.0451286859324764,51.81793623973408],[1.0459482959338833,51.8173264136438],[1.0466674919006749,51.81666973078778],[1.0472793501793796,51.8159725172307],[1.0477779819718787,51.81524148916881],[1.0481585899041295,51.814483688185966],[1.0484175140458432,51.81370641338607],[1.0485522669448608,51.81291715105795],[1.048560278625307,51.81223273824967],[1.0485940122337623,51.812035150543615],[1.048603302368109,51.811241501945084],[1.0484870495909577,51.81045111036585],[1.0482463799392294,51.80967158723735],[1.0478836172621127,51.8089104389449],[1.0474022606080093,51.808174994569846],[1.0468069503176778,51.80747233535228],[1.0461034231581083,51.806809226552225],[1.0452984569360382,51.80619205236308],[1.0443998051298018,51.80562675450151],[1.0434161221726184,51.80511877506276],[1.0423568801086924,51.80467300418825],[1.0412322774246225,51.8042937330468],[1.0400531409321079,51.80398461257944],[1.0388308216430366,51.80374861840199],[1.037585782505008,51.80358913626955],[1.0370851193681703,51.80369497831099],[1.0365794875151895,51.80373048925125],[1.0241528612327648,51.80141101641878],[1.0167641887118064,51.79923054310814],[1.016738793093936,51.79925049879451],[1.016617963622801,51.79933094885628],[1.0165403466304368,51.79938510637682],[1.016440638742715,51.799456020050656],[1.0162332618620211,51.799587258789344],[1.0161362786127748,51.79963381864569],[1.0160024230441642,51.799693017004834],[1.0158051394737568,51.79977992563487],[1.0156879413415636,51.79982790336252],[1.015577923723384,51.79987479728794],[1.0154582484190542,51.79992913410618],[1.0153404405640067,51.799989718622236],[1.0152503366151144,51.800030704826156],[1.0151383208128293,51.80009114049469],[1.015020831161301,51.80011304263872],[1.0149310263414864,51.80015851787806],[1.0148677578125673,51.8002320927081],[1.0148145564643185,51.80032609521646],[1.0147802507252195,51.80039892684333],[1.014722774277375,51.80047235297187],[1.0146378424378617,51.80054738289203],[1.0145536393545402,51.80061160134208],[1.0144498307944756,51.80066463061902],[1.014340409076072,51.80072050198146],[1.014259411247169,51.80076754952968],[1.0141878213451296,51.80082514838343],[1.0141080215567913,51.80089015293356],[1.0140302089812292,51.80096320098073],[1.0139884808654176,51.80103352457417],[1.0139591170146265,51.80111522309103],[1.0139720381279695,51.80127332497065],[1.0131786835945005,51.80115238557213],[1.0131767164598127,51.801155798845144],[1.0121133722247602,51.801042079734955],[1.0115710557031126,51.80097385723199],[1.0112795126998113,51.80123987392678],[1.0106672809844917,51.8019369071231],[1.010168179811568,51.80266778626728],[1.0097870205091999,51.8034254739789],[1.0095274793716829,51.80420267437951],[1.009392062042684,51.80499190331475],[1.0093820791494106,51.80578556040358],[1.0094976334314407,51.80657600222144],[1.0096366383064128,51.80702757599898],[1.009355997553031,51.80714186788115],[1.0083599753284418,51.80764057085903],[1.0074475804885643,51.808197384488395],[1.0066275999592158,51.80880694838195],[1.0059079319518507,51.80946339408536],[1.0052955098477427,51.810160401517734],[1.004796235326573,51.810891259766194],[1.0044149213872728,51.811648931652385],[1.0041552458152951,51.81242612145098],[1.0040197155514103,51.81321534511044],[1.0040096423132958,51.81400900230112],[1.0041251297137463,51.814799449598006],[1.0043650720091026,51.81557907409382],[1.00472716449975,51.816340366733414],[1.0052079254920252,51.8170759946625],[1.0058027296190564,51.817778871892756],[1.006505852207676,51.818442227600926],[1.0073105242710167,51.819059671402115],[1.0078725028002322,51.81941343602302],[1.0079353411639795,51.81954551869826],[1.0077426173449326,51.81982761219038],[1.0073612839380193,51.82058529305145],[1.0071016142935543,51.82136248834694],[1.0069661152986515,51.82215171397243],[1.006956098373345,51.82294536957918],[1.0070716665915211,51.82373581175717],[1.0073117134344194,51.824515427648095],[1.0076739331984554,51.82527670827914],[1.0081548429667089,51.82601232091112],[1.0087498159414228,51.82671517970237],[1.0094531258246466,51.82737851400655],[1.0102580018264113,51.827995933644175],[1.0111566937760792,51.82856149051691],[1.0121405467134728,51.829069735968254],[1.0129104279882548,51.82939383754031],[1.0125142520810064,51.82975512272266],[1.011901670926232,51.830452165251224],[1.0114022935611044,51.83118305124542],[1.0110209339816145,51.83194074326029],[1.0107612704200977,51.832717945377034],[1.0106258097094412,51.8335071734255],[1.0106158629054125,51.834300827033495],[1.0107315324109423,51.83509126280994],[1.0109717107359066,51.83587086795767],[1.0113340909141582,51.83663213360675],[1.01181518848702,51.83736772716154],[1.0124103748505233,51.83807056296332],[1.0131139216533476,51.83873387058621],[1.0139190558247055,51.839351260106874],[1.0148180247076255,51.83991678371611],[1.0158021706740221,51.84042499307693],[1.0168620145047909,51.8408709918732],[1.0179873467318696,51.841250483040206],[1.0191673260605902,51.84155981021874],[1.0203905839206369,51.8417959930316],[1.0205404857293627,51.84181519972346],[1.0205316024292028,51.84253696413598],[1.0206474724520098,51.84332738609412],[1.0208878711490859,51.84410696660637],[1.021250489433985,51.84486819703902],[1.0217318405562328,51.84560374513452],[1.0217452688834148,51.845619594138384],[1.0217242058960263,51.845742463527166],[1.0217144606985595,51.846536113579695],[1.0218303645916973,51.847326533413174],[1.0220708078321064,51.84810611038282],[1.0223819671592105,51.84875921383901],[1.0222416550647577,51.84903803978425],[1.0219820996709097,51.84981526322518],[1.0218467969286544,51.85060449991183],[1.0218370563793837,51.851398149388075],[1.0219529784462298,51.85218856830163],[1.0221934532126589,51.85296814401651],[1.0225561708626507,51.85372936794487],[1.0230376436914401,51.85446490789129],[1.023136384276291,51.85458141821732],[1.0307849551154706,51.85873495026656]]]}},{"type":"Feature","properties":{"db_school_name":"Dedham Church of England Voluntary Controlled Primary School","harvested_label":"Dedham Church of England (Voluntary Controlled) Primary School","urn":"115076","margin_m":753.5},"geometry":{"type":"Polygon","coordinates":[[[0.969438964906904,51.96308752649597],[0.9702473578324241,51.962812552984765],[0.970299561245003,51.96278695862425],[0.9704182434328849,51.96271203404782],[0.9707385090840281,51.96249077021214],[0.9708909233330392,51.96241769068728],[0.9709519911155452,51.962395469676274],[0.9714543489270328,51.96226311306047],[0.9715134322807233,51.96225442785606],[0.9716063660569688,51.962251181502666],[0.9717496236306766,51.96225925253077],[0.9720498640311748,51.962265155259786],[0.9723581282976259,51.9622816451228],[0.973132754995462,51.96237095632287],[0.9733039905179389,51.962384611383385],[0.9734906186063629,51.96241136410859],[0.9736041630000006,51.962411191893594],[0.9738605710277309,51.96236964633628],[0.9740459845863478,51.962311014264934],[0.9741552360603739,51.9622677921304],[0.9743316093635437,51.96218322374004],[0.9746195215721898,51.96191421461873],[0.974968847620913,51.96165003660705],[0.9752874886840431,51.96138294601988],[0.9755524785957471,51.9612953254777],[0.9757161847333808,51.961262413820975],[0.9758162407260154,51.961256196856176],[0.9770262229532277,51.96143427282851],[0.9775743484605687,51.961400622671604],[0.9780305028514754,51.961364802710264],[0.9785415155645459,51.961386933448495],[0.9789344170228118,51.96145071340084],[0.9791686212870238,51.96146905945306],[0.9793741305378701,51.96147284688436],[0.9800727598773248,51.96144796248594],[0.9802610128858886,51.96145578198595],[0.9804358452535913,51.961478416454774],[0.980696922724292,51.961574302165225],[0.9812986446100963,51.961800108835114],[0.9816846817214586,51.96197914029135],[0.9818774754362902,51.962031797063204],[0.982129712720161,51.96208123997333],[0.982447322517581,51.96210645661984],[0.9839748094524364,51.96200209424849],[0.9847564403463446,51.961912947829326],[0.9851920974329954,51.961895601991316],[0.9856456120168259,51.9618634160115],[0.9872136012347549,51.96168785266318],[0.9876003709975152,51.961637572869144],[0.987925895875073,51.96162840760454],[0.9880094163636843,51.961637076394624],[0.9880894647421131,51.96163684140875],[0.9881676561509558,51.96163035974265],[0.9882322484017635,51.96161613177204],[0.988293546553894,51.961597492378814],[0.9883755128390966,51.96155935583817],[0.9889094579500217,51.961379457967965],[0.98894972252176,51.96137124289055],[0.9890527781412801,51.961366826217855],[0.9892944126960348,51.96138855994859],[0.9897788729949907,51.96149313569395],[0.9903409375221867,51.96156076163501],[0.9904565141827338,51.961569512464315],[0.9906985726110615,51.96157414992483],[0.9908750212564322,51.96160113384915],[0.9913231915721158,51.96159693320275],[0.9915834041430359,51.96161279552176],[0.9918418773429966,51.961647582864586],[0.9919853713057128,51.96168079749351],[0.9921048979828633,51.96172720990746],[0.9922125647955383,51.96174874774137],[0.9922696041683778,51.96175269161558],[0.9924060340789201,51.96174652479558],[0.99246481099082,51.96175312249587],[0.9925216083704702,51.96177685314568],[0.9925216878183888,51.96177693116899],[0.9926355023293907,51.96189003181395],[0.9926676749607906,51.9619134893273],[0.9927594019998733,51.961958809405715],[0.992957359120533,51.96202390437926],[0.9930281166702393,51.962057170060895],[0.9931097233225143,51.962125315198655],[0.9933632133738787,51.962301386627],[0.9935149787909642,51.96241719759356],[0.9935734540082926,51.9624642614882],[0.9936500212583981,51.96254143553997],[0.9937067592057179,51.96258584635989],[0.9938636197902692,51.96268804119936],[0.9941160435683832,51.96278501609165],[0.9941971088917878,51.96282161447298],[0.9943597203788009,51.962901993796436],[0.9948988478140083,51.96319226248574],[0.9952057462959074,51.96334098602626],[0.9953708774032172,51.963394325927915],[0.9954875368244968,51.96341742972893],[0.9958000089317292,51.96345353099207],[0.9959650827622463,51.96348439356137],[0.9962405857748989,51.96355470267523],[0.9969373799945284,51.96371956636218],[0.9975832497561558,51.96390730280999],[0.9978745147636235,51.96393135127372],[0.9982294737902623,51.96397085959036],[0.9984379917558567,51.96397453714555],[0.9986797644690683,51.96395488886213],[0.9989217147569428,51.96391455631593],[0.9990020052694197,51.963896325740926],[0.9991436513912494,51.96385854921327],[0.9994968005658108,51.9637415642945],[0.999598540056145,51.96369401474485],[0.9996573177760846,51.96365924947913],[0.9997531847505178,51.96359027088839],[0.9999510877484963,51.963480028591114],[1.0000350258424695,51.96344992613277],[1.0001123187944054,51.96342997336986],[1.0001468909891553,51.96342459591106],[1.000393392728695,51.96340931944266],[1.001233742284903,51.96339238375796],[1.0013592709632317,51.963397273498245],[1.0015315336059865,51.96338298892525],[1.0017022960619464,51.963346265274225],[1.001942678521922,51.963261010450246],[1.0025659061119891,51.96297888090945],[1.0029005225828724,51.96280220672193],[1.0031849848760785,51.962658191666215],[1.00360798286411,51.96253950039912],[1.0042716908398273,51.962252731632155],[1.0043642569379039,51.96222249566409],[1.0043920288806727,51.96207244307341],[1.0044470712358688,51.96193706980699],[1.004628944886613,51.96178308213178],[1.0047516328864714,51.9616594682686],[1.0049340301854939,51.96142544595602],[1.005003092490197,51.961304099803726],[1.0049758105626823,51.961179819761846],[1.0048896668117706,51.96093647129208],[1.0049875033926465,51.960918687814754],[1.0050532874513491,51.96090082350543],[1.005114156762857,51.96087589150182],[1.0051647199677984,51.96084762700179],[1.0053999056678116,51.960663504563975],[1.0054265010871073,51.96062686112262],[1.00542871200661,51.960595335599415],[1.0054146853399017,51.9605597288709],[1.005400422849087,51.96054211112068],[1.005052995499469,51.96030993238022],[1.0050239903836435,51.96026751497469],[1.0050292579395768,51.96023860951217],[1.0050384217014907,51.960223090632844],[1.0051775750752319,51.960105258694675],[1.0050727535869017,51.959909231212016],[1.0049042895656244,51.959653599727396],[1.004891518101622,51.95959368501578],[1.0048915653698185,51.95955133594703],[1.004913541758075,51.959486937220774],[1.0049879357564684,51.95938073969192],[1.005041900124763,51.959274165415735],[1.0058009601839983,51.95884729665043],[1.005866551511744,51.95878358224188],[1.0059180084649508,51.95874720199146],[1.0060250007661895,51.95869411803222],[1.0060763989028432,51.9586568407388],[1.0061304311104382,51.95861589863046],[1.0064746593255356,51.9582553692035],[1.0065291064972586,51.95819913235065],[1.006572352484505,51.95814947461442],[1.006606190332971,51.958090167767345],[1.0066206198076988,51.958043943598135],[1.006627153038978,51.95779373291165],[1.0066192353599839,51.957741785983416],[1.006626715547241,51.957701134731785],[1.0066526462333905,51.95765281880484],[1.0066755807527439,51.957626069061114],[1.0068301232574635,51.95749984001926],[1.0068666034074125,51.95747822754463],[1.0069150079878422,51.95746260502552],[1.006964072546305,51.95745505728082],[1.006991691625965,51.9574552507914],[1.0075558202814776,51.95753254100289],[1.0075628896282574,51.95752876460126],[1.0075944454339159,51.95745692725102],[1.0076042611185905,51.9574081245628],[1.0076041812591854,51.957319113814606],[1.0076342936798022,51.95724722430806],[1.0079338703401988,51.95711279024146],[1.0079554326830822,51.95708706372745],[1.007992082609816,51.957024986434504],[1.0080351843517406,51.9569087080166],[1.008110814293696,51.95675482345142],[1.008130254946011,51.956654434782436],[1.0081586944351568,51.95657908123697],[1.008203368658849,51.95650780766851],[1.0082830255213118,51.95641406096286],[1.0083486098574168,51.95635034525821],[1.0083783153947483,51.95633690814191],[1.0084084477926347,51.956329843857986],[1.0084621857550644,51.956329369166376],[1.008699078800473,51.95636655886912],[1.0087426317250179,51.95636454575323],[1.0087843852200293,51.956357184193315],[1.0088084663011208,51.956347577332586],[1.008849728226014,51.956311367414266],[1.0088948174922376,51.95622479809471],[1.0089017876240742,51.9560672743879],[1.0089156185161101,51.95603545158766],[1.008946876553622,51.95600219379095],[1.0089720338148427,51.95598716492724],[1.009349990566896,51.955978396783756],[1.0095920202907762,51.95598479363315],[1.0096855923964307,51.95596981241442],[1.0097027248269634,51.95596397971223],[1.009897809372727,51.95583401214764],[1.010258060836214,51.95571330461676],[1.0105876257328859,51.95557171345494],[1.01077428636969,51.955532770661215],[1.0109011105170498,51.955535819005824],[1.0109329212826086,51.95553230771164],[1.010987552574153,51.955521917675114],[1.0110330777727403,51.95550636710881],[1.011080755443949,51.955478173794084],[1.0113166458804386,51.95521939434368],[1.0114824282441375,51.9550874768062],[1.0115314219483993,51.955057450865766],[1.0116724876239813,51.95501158109915],[1.0118502325045071,51.95501512369545],[1.0119400305526143,51.95500832893766],[1.0120033412338123,51.95499672781525],[1.0121391375422497,51.95495998432681],[1.0123065693332667,51.95493861406728],[1.0123559926070633,51.9549382480469],[1.0124248876711959,51.95494547512531],[1.0124971990865697,51.95495890851321],[1.0125298519720678,51.95496976161663],[1.0127183783796054,51.95513225933524],[1.0127454605183055,51.95514595225205],[1.0127885381685962,51.955158335291756],[1.0128400599078713,51.95516600790846],[1.0128851704283959,51.95516575120737],[1.0129740639956868,51.95514549269815],[1.013165455084517,51.95511271875014],[1.0134186810352077,51.955112527113144],[1.0137033626590197,51.95512501622794],[1.0138430041739497,51.955124136471845],[1.0144266062620177,51.955100194385736],[1.0145995565895989,51.955096661568625],[1.0146579658992299,51.95509966003822],[1.0146580776033116,51.95509967606285],[1.0147964788689863,51.95512308489776],[1.0150488953400565,51.95519843642051],[1.0154040541672733,51.95526315249608],[1.0158010983192198,51.955365365390826],[1.0159157064877726,51.955381309106656],[1.016161202524077,51.955373218039746],[1.0166501857790218,51.9551555924842],[1.0167844012688003,51.955073927941825],[1.0168333565195966,51.95495758497133],[1.0170083931059912,51.95481004734335],[1.0170674890085072,51.95473750103929],[1.0170922626994878,51.954672129591046],[1.017093982934725,51.95463342311742],[1.0170867760212166,51.95459045049048],[1.0170612866752837,51.95453616846804],[1.0170000343733103,51.95446940551919],[1.0169874378911434,51.95443376429796],[1.0169789650201528,51.954371942635134],[1.0169872611535211,51.95430069900697],[1.0170007240574157,51.954263490166824],[1.0170945189855674,51.95410005261401],[1.017175547274296,51.953918060879175],[1.0172871791882447,51.953846865286536],[1.017658831355783,51.95385351769713],[1.017938892862732,51.953733045124764],[1.0181629473983544,51.95362210122348],[1.0182836789421565,51.953555975743335],[1.0183703865359977,51.95335144924837],[1.0186662400566655,51.95320710231797],[1.018714403666694,51.95320766529966],[1.01882277486961,51.95321837170949],[1.0189345631315807,51.953235283273585],[1.0191875135317687,51.95329541722544],[1.0194106109452181,51.953323855598775],[1.0195621510822568,51.95341257876712],[1.0196045555840751,51.95363096523308],[1.0196270562745802,51.953706813137366],[1.0197529247927295,51.953845642654755],[1.019930081844695,51.95399223747387],[1.0199934175078464,51.95402387967679],[1.0200999412407912,51.95404991725261],[1.020371772302329,51.95413015347317],[1.0205820345992251,51.95422644524764],[1.0207182387339508,51.954304768181494],[1.0210021288855426,51.95441436468108],[1.021088285761249,51.95443912648268],[1.0212682064378753,51.954473257793225],[1.0213838889097122,51.95448377412613],[1.0217768473069369,51.9544395157155],[1.0218336378146096,51.954439854961116],[1.021898099974277,51.9544471903489],[1.0219990569670627,51.95447606643374],[1.022255937999618,51.95459444627822],[1.0226302797939224,51.95457673706542],[1.0227163043938454,51.95457812358281],[1.0228276760355506,51.95458874925292],[1.0229325238837927,51.95461123073876],[1.0229829720485009,51.95462611882006],[1.0231563778351869,51.954693592665805],[1.0234022871895667,51.95477907305266],[1.0236598140597584,51.95497116060383],[1.0236819217724678,51.95497508842562],[1.023906878679129,51.95498818836553],[1.0240304632252815,51.954985910434125],[1.0241536262222606,51.954977350267235],[1.0242186802763804,51.9549702836433],[1.0246819464932408,51.954890041851165],[1.0247913315970976,51.95487319318524],[1.0252053625720494,51.95440311113857],[1.0257057994850314,51.95367216165444],[1.0260878577735644,51.95291442315903],[1.0263478635811725,51.95213719416193],[1.0264833190859808,51.95134796051669],[1.0264929263186524,51.95055432330055],[1.0263765994111012,51.94976392559949],[1.0261354651677164,51.94898437890403],[1.0257718519633947,51.94822318982451],[1.0252892670849252,51.947487687831256],[1.0251135247037815,51.94728078969886],[1.0252921250598976,51.94692653769168],[1.0254662155770322,51.94640610384944],[1.0254686155461314,51.9464069109488],[1.0191692307988796,51.9379077659028],[1.018306941873979,51.93761765830705],[1.0171244199468656,51.93730836656701],[1.0158985586346105,51.93707219380855],[1.0146411580859438,51.93691141343114],[1.0144750592995677,51.93690050776984],[1.0136484341046512,51.93655341498258],[1.0125207184641243,51.93617392461481],[1.0113382723788242,51.93586457340975],[1.0101124787026359,51.935628339196484],[1.0088551369341485,51.93546749596602],[1.0075783497947377,51.93538359201253],[1.0062944069095974,51.935377435049865],[1.005917223555502,51.93539857056594],[1.0059230872538476,51.9353919145092],[1.0042314277144253,51.936031090241165],[0.9875723164243955,51.93691124696226],[0.9837163411247078,51.93556565254881],[0.9828376180269832,51.935561262049866],[0.9815588248520712,51.935632657062875],[0.9809786943904183,51.9357009670379],[0.9808611436899195,51.93568589985222],[0.9795843902821008,51.935601691278755],[0.9783004326197912,51.93559522874128],[0.977021629269258,51.9356665745475],[0.9757602892970251,51.935815042065116],[0.9745285539767827,51.93603920231645],[0.9733382800972861,51.93633689770793],[0.972200925986078,51.936705262762956],[0.9711274413385592,51.93714075166084],[0.9706633751128562,51.937372221042196],[0.9702851249361062,51.93744103939815],[0.9690947844474045,51.93773869279237],[0.9679573588709454,51.93810701782159],[0.9668837985892373,51.938542469050404],[0.965884440081344,51.939040854758254],[0.9649689064728061,51.93959737723437],[0.9641460149075409,51.9402066789051],[0.9640580500812868,51.94028659426994],[0.9669174379581813,51.95012503056048],[0.9604297352798492,51.954261196053736],[0.969438964906904,51.96308752649597]]]}},{"type":"Feature","properties":{"db_school_name":"Elmstead Primary School","harvested_label":"Elmstead Primary School","urn":"149972","margin_m":497.6},"geometry":{"type":"Polygon","coordinates":[[[0.9898858851952862,51.86760410397949],[0.9898941254093183,51.867605161334886],[0.9892211332651941,51.86787872583018],[0.988223566405743,51.8683772781891],[0.987309717428412,51.86893395362963],[0.9864883872584519,51.86954339309968],[0.9857674871050257,51.87019972934795],[0.9851539622202116,51.87089664335246],[0.9846537249131057,51.871627425104855],[0.9842715974679408,51.87238503816798],[0.9841382540696716,51.872783101324266],[0.9835470313113115,51.8730233600545],[0.9825492880569732,51.87352186663988],[0.9816352653560269,51.874078500266805],[0.9808137658054348,51.87468790228636],[0.9800927022446547,51.87534420580833],[0.979479021498985,51.87604109212644],[0.9789786373785281,51.876771851499605],[0.9785963735818582,51.87752944770678],[0.9783359170597371,51.87830658575618],[0.9781997822949549,51.87909578209869],[0.9781892868504878,51.87988943667104],[0.9783045384305008,51.88067990607584],[0.9785444335884037,51.88145957719437],[0.9789066681042282,51.88222094052286],[0.9793877589409384,51.882956662525594],[0.9799830775772496,51.88365965630657],[0.9806868944040846,51.88432314991739],[0.9814924337639617,51.88494075164161],[0.9823919391086519,51.885506511623674],[0.9833767476513051,51.88601497924689],[0.9834416874168477,51.88604230429284],[0.9836442021260201,51.886700146582676],[0.9840065680331769,51.88746149159949],[0.9844878008668781,51.8881971899828],[0.9850832707388918,51.88890015506347],[0.985787246583763,51.88956361516898],[0.986592951212223,51.890181178904996],[0.9874926264836107,51.890746896781366],[0.9884776079733663,51.8912553185865],[0.9895384084183327,51.89170154595419],[0.9906648091361903,51.89208127961397],[0.9918459585365995,51.89239086086687],[0.9930704767715314,51.89262730688438],[0.9943265655114089,51.892788339488234],[0.9956021217828644,51.892872407131904],[0.9968848547635659,51.89287869987022],[0.9981624044002468,51.89280715717224],[0.9994224606978832,51.89265846850156],[1.0006528825214058,51.89243406665817],[1.0018418147562238,51.89213611394743],[1.0029778026901621,51.89176748130993],[1.0040499025071705,51.89133172061527],[1.005047786821831,51.890833030388976],[1.0059618442329146,51.89027621530476],[1.0067832719336,51.88966663983554],[1.0075041604846495,51.88901017651212],[1.008117569934245,51.88831314929121],[1.0086175965534592,51.88758227258099],[1.0089994295484819,51.88682458651399],[1.0090176133668587,51.88677022514183],[1.0093468256796208,51.88663637860856],[1.0103445475134092,51.886137645640616],[1.0112584447568531,51.8855807915233],[1.0120797161468857,51.88497118110506],[1.012800453750504,51.88431468725287],[1.013413719070064,51.88361763421698],[1.0139136097647214,51.882886736653575],[1.0142953163492998,51.88212903489543],[1.0145551683300986,51.88135182709631],[1.0146906693403452,51.88056259890449],[1.0147005209451194,51.87976895134469],[1.014584634895612,51.87897852760345],[1.0143441337243189,51.87819893942406],[1.0139813396852244,51.87743769381931],[1.0134997521550517,51.87670212080753],[1.0129040137222345,51.875999302866354],[1.0121998652982223,51.87533600678199],[1.0113940906902643,51.87471861854805],[1.0104944511748026,51.87415308193827],[1.0099441046847706,51.87386907046461],[1.0098591450994123,51.87328907064298],[1.0096187597692499,51.87250947037328],[1.0092560947928249,51.871748207564686],[1.008774648302734,51.871012612401785],[1.0081790615283743,51.870309767576146],[1.007475073920374,51.869646440133465],[1.0066694677374466,51.86902901636988],[1.0057700026346919,51.86846344040179],[1.0047853408868828,51.86795515699817],[1.0037249639686994,51.86750905922259],[1.0025990812951455,51.86712944138651],[1.0014185319990585,51.866819957764],[1.0001946806877515,51.866583587462486],[0.9991511803287698,51.86644977606597],[0.9898858851952862,51.86760410397949]]]}},{"type":"Feature","properties":{"db_school_name":"Ardleigh St Mary's Church of England Primary Academy","harvested_label":"Ardleigh St Mary's Church of England Primary Academy","urn":"150533","margin_m":896.5},"geometry":{"type":"Polygon","coordinates":[[[0.9429789671249272,51.91451177349865],[0.9483512249885742,51.92099288377013],[0.947601881714452,51.921627919828],[0.9432900846620593,51.92665432929379],[0.9377142717843313,51.928727258601654],[0.9374494858102288,51.92892321504126],[0.9367269409071912,51.92957927030857],[0.9361118727075904,51.9302759462581],[0.9356102083865246,51.93100653518023],[0.9352267839791116,51.93176400250112],[0.934965297625102,51.93254105447571],[0.9348282737405139,51.93333020838908],[0.9348170384695437,51.93412386459129],[0.9349317066622097,51.93491437967321],[0.9351711805127978,51.93569414007943],[0.9355331598820311,51.93645563544841],[0.9360141642131983,51.93719153097396],[0.9366095658401955,51.93789473808898],[0.9373136343748941,51.938558482789475],[0.9381195917532575,51.93917637093871],[0.9390196774154961,51.93974244991963],[0.9400052229962857,51.94025126603942],[0.9410667358075704,51.940697917129995],[0.9421939903099524,51.941078099835224],[0.9433761266897445,51.94138815112607],[0.9446017555885263,51.94162508364164],[0.9458590679710774,51.94178661451276],[0.9468588960902569,51.941852838284206],[0.9579094116987895,51.93898809741926],[0.9579033975839821,51.93898769963949],[0.9583327890901796,51.938669811058894],[0.9590551540154622,51.93801362656143],[0.9596699627445278,51.93731683529279],[0.960171298073582,51.93658614939424],[0.9605543366104853,51.935828607166385],[0.9608153950442785,51.93505150523288],[0.9608410675602206,51.934903157510135],[0.9611457499790204,51.93482699132758],[0.9622831521128336,51.93445873241364],[0.9633566627137284,51.93402332373371],[0.9643559407944357,51.93352496042466],[0.9652713615183125,51.932968444014165],[0.9660941089394357,51.93235913610185],[0.9668162609026913,51.93170290664563],[0.9674308652863137,51.93100607735427],[0.967932006854642,51.93027536073443],[0.9683148640811386,51.92951779538176],[0.9685757553999582,51.92874067814176],[0.9686600245099787,51.92825318415835],[0.9690929601456655,51.92891480214492],[0.9696887576457873,51.9296178363273],[0.9703931720582752,51.930281378243514],[0.9711994219795766,51.930899035709146],[0.9720997440241871,51.931464858328724],[0.9730854675423967,51.93197339487895],[0.9741470981254002,51.93241974588534],[0.975274409093532,51.93279961088342],[0.9764565400845311,51.93310932990607],[0.9776821017885635,51.93334591879481],[0.9789392858158229,51.933507097992674],[0.980215978631591,51.93359131453877],[0.9814998784532871,51.93359775705198],[0.9822213108374973,51.933557480261726],[0.9823728362244849,51.93387550294215],[0.9828545704141795,51.93461119563568],[0.9834506594978845,51.935314154978485],[0.9837177994876397,51.93556565983],[0.9837163411247078,51.93556565254881],[0.9875723164243955,51.93691124696226],[1.0042314277144253,51.936031090241165],[1.0059230872538476,51.9353919145092],[1.006508751684079,51.93472709841845],[1.007009290030253,51.93399622503741],[1.0073915124482262,51.93323854276481],[1.0076517434920556,51.93246134956929],[1.0077874831619933,51.93167213096062],[1.0077974307437143,51.93087848787259],[1.0076814970838057,51.93008806344942],[1.0074408051929058,51.929308469440855],[1.007077679180531,51.92854721291507],[1.0065956216377367,51.927811623994046],[1.005999279694469,51.92710878530643],[1.0052944000865565,51.926445463835535],[1.0044877736719349,51.925828045816225],[1.0035871699357843,51.92526247530562],[1.0026012621189746,51.9247541970159],[1.0015395436926717,51.924308103957266],[1.0004122369833721,51.92392849039183],[0.9992301948263705,51.923619010548904],[0.9980047961908939,51.92338264349638],[0.9967478367766044,51.92322166450411],[0.9954714156280733,51.92313762317312],[0.9941878188509915,51.923131328539405],[0.9934665671316621,51.92317167601654],[0.993315003014316,51.92285366778911],[0.9928332332282287,51.92211801737127],[0.9922371827629078,51.92141510377205],[0.9918071952562113,51.92101024889607],[0.9922143450219174,51.92111688682399],[0.9934396534359655,51.921353315734095],[0.9946965499409075,51.92151433113247],[0.9959729237738754,51.92159838163747],[0.9972564762280896,51.921604657468556],[0.9985348393472301,51.92153309825767],[0.9997956952911577,51.92138439362773],[1.0010268952135908,51.92115997653336],[1.002216576497285,51.9208620094279],[1.003353277208576,51.92049336339201],[1.004426046660937,51.9200575904262],[1.0054245510158804,51.91955888917599],[1.0063391728988191,51.91900206442342],[1.0071611040668909,51.91839248073655],[1.0078824302344842,51.917736010727424],[1.0084962072396568,51.91703897841912],[1.0089965278199786,51.916308098270505],[1.0093785783585552,51.91555041044873],[1.0096386850593086,51.91477321297509],[1.0097743491138422,51.91398399139982],[1.0097842705294449,51.913190346684864],[1.0096683603978645,51.91239992198986],[1.009469949072912,51.91175708158612],[0.9971693736676894,51.905446924553395],[0.9971697563951383,51.90544816592506],[0.9961798029354245,51.905443318812296],[0.9949018912585602,51.90551484549953],[0.9936414596944746,51.90566349130562],[0.9924106407807661,51.905887825536524],[0.9912212824927283,51.90618568892327],[0.9900848343514795,51.906554214371035],[0.9890122373374258,51.90698985451353],[0.9880138186623507,51.90748841580945],[0.9870991924082099,51.90804509885522],[0.9862771669858521,51.90865454452839],[0.985555660303034,51.909310885520796],[0.9849416234587948,51.91000780276737],[0.9844409737010387,51.910738586230984],[0.9840585372967598,51.91149619946004],[0.98379800287064,51.912273347299816],[0.9836618856683214,51.913062546107476],[0.983651503096726,51.91385619579601],[0.9837669617860709,51.91464665301465],[0.9840071563077557,51.915426304761084],[0.9843697795703511,51.91618764171675],[0.9848513448031025,51.91692333059813],[0.9854472189243408,51.91762628482611],[0.9858771165094284,51.91803116455622],[0.9854700091194889,51.91792450396881],[0.9842448334046037,51.91768798978999],[0.9829880773008844,51.91752686034193],[0.9817118378981884,51.91744266667362],[0.9804283995546833,51.91743621928702],[0.97915011584232,51.917507580344186],[0.9778892908301932,51.91765606306591],[0.9766580608393078,51.91788023832776],[0.9754682777979229,51.918177948391026],[0.9743313953118429,51.91854632763703],[0.9732583585387636,51.91898183010747],[0.9722594989203576,51.91948026358711],[0.9713444347805312,51.92003682990392],[0.9705219787434668,51.920646171060525],[0.9698000528612055,51.92130242075634],[0.9691856122682249,51.92199926080702],[0.9686845781002051,51.92272998192035],[0.9683017803268542,51.92348754824686],[0.9680409110548066,51.92426466508521],[0.9679566409374257,51.924752158901256],[0.9675237644267676,51.92409053544408],[0.9669280770964533,51.92338748806031],[0.9662238251320587,51.92272392224931],[0.965417793355049,51.92210622660066],[0.9645177455327902,51.9215403478462],[0.9635323495617248,51.921031733666894],[0.9624710939930826,51.92058528030737],[0.9613441967049454,51.92020528549851],[0.9603416102057355,51.91994237509733],[0.9611497368666213,51.91953925851471],[0.9620649205256308,51.91898276969392],[0.962887464047442,51.91837348623458],[0.9636094472387838,51.91771727785813],[0.9640404377297115,51.91722853708785],[0.9645573335864381,51.9172948977591],[0.9658335441902774,51.917379278170074],[0.9671169852592834,51.91738588490697],[0.9683952899114406,51.91731465441215],[0.9696561408698502,51.91716627314016],[0.9708873893349749,51.91694217092878],[0.9720771722194141,51.91664450719645],[0.973214026607078,51.91627615010006],[0.9742870003263603,51.91584064885564],[0.9752857575655363,51.915342199490624],[0.9762006785078616,51.91478560436036],[0.9770229520231732,51.91417622582126],[0.9777446605214983,51.91351993450989],[0.9783588561515821,51.91282305272911],[0.9788596276125338,51.912092293489415],[0.979242156939018,51.91133469579521],[0.9795027657186367,51.91055755680194],[0.979638950303471,51.909768361499026],[0.9796494056848452,51.90897471059799],[0.9795340378105262,51.90818424732082],[0.9792939642353821,51.90740458379423],[0.9789315031090037,51.90664322775884],[0.9784501506159745,51.905907510297915],[0.9778545470950356,51.905204515281014],[0.9771504321715306,51.904541011199704],[0.97634458934207,51.903923386049904],[0.9754447805504494,51.90335758588556],[0.9744596713885263,51.90284905763222],[0.9733987476442344,51.90240269670841],[0.9722722240002989,51.902022799956484],[0.9710909457609461,51.901713024332864],[0.96986628454918,51.901476351753416],[0.9686100289736144,51.901315060429106],[0.9673342713108286,51.9012307029672],[0.9660512912863627,51.90122409144602],[0.9647734380645432,51.90129528960706],[0.9635130115740544,51.901443612238396],[0.9622821443023664,51.90166763175571],[0.961317225556107,51.901909021054145],[0.9570321085678958,51.90820134522429],[0.9432093852210228,51.910233952304864],[0.9423111224363444,51.91094971855239],[0.9429789671249272,51.91451177349865]]]}},{"type":"Feature","properties":{"db_school_name":"Great Bentley Primary School","harvested_label":"Great Bentley Primary School","urn":"149967","margin_m":670.0},"geometry":{"type":"Polygon","coordinates":[[[1.0539966483172836,51.83468992120092],[1.0540013770986771,51.834689942200775],[1.0542652981151353,51.83493848145615],[1.0550709138975576,51.835555581372944],[1.0559703079724772,51.83612078337417],[1.0569548186072095,51.8366286422204],[1.0580149630614044,51.83707426497217],[1.0590065988735555,51.83740825113257],[1.0587871449127912,51.837608617913965],[1.0581751875025034,51.83830589104212],[1.057676486714379,51.83903696214145],[1.0572958500384735,51.839794791981824],[1.0570369487537399,51.840572083313944],[1.0569022823588674,51.84136135110481],[1.056893154264981,51.84215499459549],[1.0570096589933462,51.84294537048818],[1.0572506810109439,51.84372486655821],[1.0576139052249325,51.84448597498206],[1.058095839044456,51.845221364674465],[1.0586918458063452,51.8459239519366],[1.0591844443962275,51.846387650355254],[1.0592517657047,51.84646700655858],[1.0592538710859165,51.84646898838634],[1.0592479594276676,51.846471397515685],[1.058251656145733,51.846970525654434],[1.0575708043009808,51.847386259445436],[1.056852412674157,51.84756685783401],[1.0561418332627799,51.84752034340886],[1.0548604105015857,51.84751467664036],[1.0535842577566072,51.84758681394888],[1.0523256586044378,51.84773606108518],[1.0510967279614867,51.84796098156746],[1.0499092956442377,51.84825941048297],[1.048774792651257,51.848628475291264],[1.0477041412540502,51.84906462343126],[1.0475656577846681,51.84913397574085],[1.047563963968018,51.8491304251436],[1.0427276265341736,51.8575274342802],[1.0430792463715937,51.85826451954563],[1.0435611022208982,51.858999968787536],[1.0441570766406394,51.859702629049174],[1.0448614336883684,51.86036573159242],[1.0456673924863613,51.86098288846631],[1.046567192430217,51.86154815410012],[1.0475521678806965,51.86205608263973],[1.0486128316212568,51.86250178047244],[1.0497389662774874,51.86288095343159],[1.050919722815987,51.863189948222825],[1.0521437251702728,51.863425787670884],[1.0524205401096283,51.86346115808301],[1.0526535268747608,51.863680427718066],[1.053459651374708,51.8642975281966],[1.0543596145346716,51.8648627312703],[1.0553447491416927,51.865370591687274],[1.0564055664443917,51.865816216490785],[1.0575318475872688,51.86619531221754],[1.0587127421239264,51.86650422631716],[1.0599368726566767,51.86673998239181],[1.0611924445892438,51.8669003089139],[1.0624673599285857,51.86698366114316],[1.0637493340316404,51.8669892360306],[1.0650260141635786,51.86691697996473],[1.0662850987161183,51.86676758928479],[1.0675144559279743,51.866542503556424],[1.0687022409545068,51.8662438916752],[1.0698370101501042,51.86587463093281],[1.0709078314546017,51.86543827924965],[1.0719043898138565,51.86493904084341],[1.0728170866138353,51.86438172566632],[1.073637132167009,51.863771703005604],[1.074356630358574,51.86311484969569],[1.0749686546374513,51.86241749344504],[1.0754673146222682,51.86168635182555],[1.075847812684769,51.860928467515336],[1.0761064899712536,51.86015114042068],[1.0762408614258845,51.85936185733303],[1.0762485212352881,51.85866932118071],[1.0765692384019758,51.858473436307406],[1.0773891278883323,51.857863389493836],[1.0781084796972147,51.857206515052106],[1.0787203686872266,51.85650914089364],[1.0792189057793713,51.855777984762284],[1.0795992945279251,51.85502008947534],[1.0797503535097417,51.854565988777054],[1.08019457996572,51.85451321262789],[1.0814235298152357,51.854287987533574],[1.0826108971396495,51.85398924126515],[1.0837452423217044,51.85361985240871],[1.084815637390073,51.85318338011853],[1.0858117714003408,51.85268402977335],[1.0867240498293178,51.8521266124029],[1.0875436870218953,51.851516498277626],[1.0882627907982978,51.85085956511172],[1.088874438407098,51.850162141381354],[1.0893727430945563,51.849430945306814],[1.089752910653102,51.848673020089166],[1.0900112854098547,51.84789566602708],[1.0901453852193934,51.84710637017019],[1.0901539251319112,51.84631273418758],[1.0900368295179614,51.84552240114748],[1.0897952325426221,51.84474298191342],[1.0894314669942664,51.84398198186574],[1.0889490415850875,51.84324672865356],[1.0883526069509672,51.842544301671595],[1.0876479106861063,51.84188146393909],[1.0868417418523006,51.841264597035114],[1.085941865502553,51.840699639713826],[1.0849569478531722,51.84019203078828],[1.0838964728267704,51.83974665682989],[1.0827706507697559,51.83936780518404],[1.0825794246190463,51.83931779643746],[1.082338454563756,51.838950402764986],[1.081742181155676,51.83824793920201],[1.0812494470249951,51.83778433711212],[1.0811821011401972,51.83770499382791],[1.0804775871021666,51.83704210969562],[1.0796716035998857,51.83642519017607],[1.078771913902836,51.83586017453057],[1.0777871824314673,51.83535250213424],[1.076726891317443,51.83490706016996],[1.0757351863542157,51.83457322466759],[1.0759545494754719,51.834372827602145],[1.076566177271846,51.83367546679224],[1.077064512829618,51.83294432086745],[1.0774447616373586,51.83218643254576],[1.07770326723283,51.83140910177074],[1.0778375462036034,51.83061981536835],[1.077846311867691,51.82982617491744],[1.0777294864152358,51.8290358235304],[1.077488201403913,51.8282563722487],[1.0771247866130216,51.82749532676284],[1.0766427473731806,51.82676001516111],[1.0760467305988877,51.826057517402134],[1.07534247985909,51.825394597188414],[1.0745367799252605,51.82477763689491],[1.0736373913363169,51.82421257617652],[1.0726529756141232,51.8237048548433],[1.0715930118515917,51.82325936055016],[1.070467705476524,51.82288038180207],[1.069287890067825,51.82257156672447],[1.0680649231657828,51.82233588799297],[1.0668105770743384,51.82217561425803],[1.0655369256999736,51.822092288337394],[1.0652534302555154,51.82209105524668],[1.0539966483172836,51.83468992120092]]]}},{"type":"Feature","properties":{"db_school_name":"St George's Church of England Primary School, Great Bromley","harvested_label":"St George's Church of England Primary School, Great Bromley","urn":"115085","margin_m":834.2},"geometry":{"type":"Polygon","coordinates":[[[1.009469949072912,51.91175708158612],[1.009469565946798,51.91175584026187],[1.0104596551992753,51.91176057326914],[1.0117377122166904,51.91168887515514],[1.0129982440124616,51.91154003377725],[1.0142291048667518,51.9113154834078],[1.0154184354326339,51.91101738778426],[1.016554777158963,51.91064861922541],[1.0176271828211543,51.91021273091165],[1.0186253220885702,51.909713922599316],[1.0195395811064352,51.90915700010094],[1.020361155129609,51.908547328925245],[1.0210821333143074,51.9078907825259],[1.02169557485129,51.90719368566048],[1.0221955757093566,51.90646275340838],[1.0225773253502333,51.90570502643713],[1.022837152874225,51.90492780314364],[1.0229725621592367,51.90413856932544],[1.0229822556629997,51.903344926060996],[1.0228661466683735,51.90255451649485],[1.0227521300849218,51.90218538343851],[1.0234041532891678,51.9023110684476],[1.0246606089256332,51.902471770733975],[1.0259364834931342,51.902555503898405],[1.0272194830989294,51.90256146121955],[1.0284972451183045,51.90248958539946],[1.0297574575086579,51.902340569112646],[1.0309879776310191,51.9021158483171],[1.032176949425069,51.901817588392475],[1.0333129178001668,51.90144866324046],[1.0343849391325923,51.90101262754983],[1.0353826867980538,51.9005136824962],[1.0362965507177169,51.8999566352086],[1.0371177299554275,51.89934685239692],[1.037838317472611,51.89869020858895],[1.0384513762246779,51.89799302947916],[1.038951005868182,51.89726203093758],[1.0393323994401404,51.8965042542686],[1.0395918894692435,51.89572699834611],[1.0397269830818834,51.894937749280174],[1.0397363857731723,51.89414410829451],[1.039620013623086,51.89335371851013],[1.0393789938497682,51.89257419134089],[1.0390156537044133,51.89181303320952],[1.0385334978242977,51.89107757328947],[1.0384207823309264,51.89094475649377],[1.0395626513618095,51.89088040381803],[1.0408224986935875,51.890731274424084],[1.0420526437291806,51.89050644336708],[1.0432412340257422,51.89020807708892],[1.044376818171677,51.889839050515675],[1.0454484562482689,51.889402919312715],[1.046445825326322,51.88890388557505],[1.0473593189764387,51.88834675728519],[1.0481801398309827,51.88773690193226],[1.0489003843044864,51.887080194741586],[1.049513118656761,51.886382962016974],[1.0500124456681843,51.88565192014341],[1.0503935612889657,51.88489411084134],[1.0506528007223357,51.88411683329758],[1.0507876735049215,51.88332757382918],[1.0507968872546616,51.88253393375889],[1.050680359866658,51.88174355619787],[1.050633398648553,51.8815917526125],[1.051194805339872,51.88095281687231],[1.051694048199984,51.88022176867064],[1.052075093136114,51.879463954498824],[1.052334276030699,51.87868667359022],[1.0524691069630847,51.87789741229396],[1.052478293952273,51.877103771950175],[1.0524606098031195,51.87698383856972],[1.0402482625655245,51.87411109738856],[1.0266889912913948,51.87566722528963],[1.0265124070233145,51.87619588808391],[1.026377123755358,51.87698512691478],[1.0263674765780442,51.87777877250376],[1.0264835650254127,51.87856918153564],[1.0265304416453167,51.87872099617332],[1.0259687066040066,51.87935981941808],[1.0254690505192887,51.88009076490126],[1.0250875493416125,51.880848499914045],[1.0248278826844774,51.88162572812441],[1.0246925574292267,51.88241496511127],[1.0246828833461883,51.88320861041575],[1.0247989602306091,51.883999020725575],[1.0250396766868213,51.88477858348694],[1.0254027205822143,51.88553979023567],[1.0258846010798548,51.8862753089403],[1.0259972678167082,51.886408138616865],[1.0248554871392244,51.88647235808457],[1.0235956984670997,51.886621315409016],[1.0223655586537403,51.886845953236886],[1.0211769091443983,51.88714410937693],[1.0200411926445005,51.887512913915856],[1.0189693430983415,51.88794881679997],[1.0179716805285624,51.88844762195735],[1.0170578117438276,51.88900452763506],[1.016236537867249,51.88961417256524],[1.015515769574326,51.89027068751883],[1.014902450856758,51.89096775175308],[1.0144024920483228,51.89169865381265],[1.0140207127616236,51.89245635610082],[1.0137607952907752,51.89323356260219],[1.0136252489357263,51.894022789105854],[1.013615385600001,51.89481643525518],[1.0137313069059266,51.89560685773071],[1.013845230954003,51.89597600132052],[1.013193324794905,51.89585026131711],[1.0119370909409078,51.89568943277269],[1.0106614313937787,51.89560554413226],[1.009378624934297,51.89559940296311],[1.0081010190574597,51.895671068480944],[1.0068409113140553,51.89581985097666],[1.005610431127819,51.896044318440715],[1.0044214232168194,51.89634231032162],[1.0032853337327545,51.89671095828744],[1.002213100206681,51.89714671379205],[1.001215046354146,51.89764538218287],[1.0003007827474786,51.89820216302453],[0.9994791143081674,51.89881169625207],[0.9987579555083588,51.899468113713084],[0.9981442540982313,51.90016509560501],[0.997643924095768,51.900895931266874],[0.9972617886880747,51.90165358374302],[0.9970015335996506,51.90243075749935],[0.9968656713836461,51.903219968642],[0.9968555169882138,51.90401361696391],[0.9969711748423017,51.904804059126214],[0.9971693736676894,51.905446924553395],[1.009469949072912,51.91175708158612]]]}},{"type":"Feature","properties":{"db_school_name":"Alresford Primary School","harvested_label":"Alresford Primary School","urn":"114734","margin_m":744.2},"geometry":{"type":"Polygon","coordinates":[[[0.9796646887921019,51.862052797102024],[0.9797841306374736,51.86230395400813],[0.9802650097035621,51.86303967768721],[0.9808600659718314,51.86374267299572],[0.9815635723555458,51.86440616797174],[0.982368756183853,51.86502377088696],[0.9832678643308087,51.86558953187579],[0.9842522378346078,51.86609800031326],[0.9853123952902295,51.86654427738583],[0.986438124212351,51.86692406334592],[0.987618579486629,51.867233698992194],[0.988842387957424,51.86747020097337],[0.9898858851952862,51.86760410397949],[0.9991511803287698,51.86644977606597],[0.9991429401365582,51.866448719359475],[0.9998158486880201,51.866175099282316],[1.000813235447194,51.86567645116547],[1.0017268488150126,51.865119674140495],[1.0023886483218996,51.86462835536328],[1.003056970945768,51.864549426222545],[1.0042866110020756,51.86432499777618],[1.0054747833772337,51.86402701913847],[1.0062217318075752,51.86378446082729],[1.0125185964104193,51.85552014478892],[1.0130709143163505,51.855069123008064],[1.0130704261599692,51.855069281595874],[1.0131934700538678,51.854701102070436],[1.0133289340777931,51.85391187323455],[1.0133388231941614,51.853118222381916],[1.0132230487826663,51.852327792730875],[1.0129827322907,51.8515481960821],[1.0128260731524108,51.8512192470915],[1.0127255502300059,51.850532855082136],[1.0124852531506228,51.84975325692224],[1.012122739069042,51.84899199827361],[1.0116415046570293,51.84825640928144],[1.0110461890949198,51.84755357257884],[1.0103425292160215,51.846890255134525],[1.0095373041188986,51.84627284314975],[1.0086382697862497,51.8457072806291],[1.0076540843436443,51.845199012213676],[1.0065942246797523,51.844752930824384],[1.0054688952308832,51.84437333061653],[1.0042889298063327,51.844063865695944],[1.0030656873961301,51.84382751499134],[1.0018109429591504,51.843666553618796],[1.0005367742363782,51.84358253101241],[0.9992554456712155,51.843576256029515],[0.9979792905457143,51.8436477891736],[0.9967205924582425,51.84379644200887],[0.995491467274293,51.844020783772244],[0.9943037466777543,51.84431865511996],[0.993168864435166,51.844687188877565],[0.9920977464602304,51.8451228375952],[0.9911007057304888,51.8456214076449],[0.9901873430628216,51.84617809953443],[0.9893664546997086,51.846787554051666],[0.9886459475944139,51.847443903798705],[0.9882241033081874,51.84792336116134],[0.9880311916444339,51.848040926936854],[0.9872102406222609,51.84865036721411],[0.986489672915338,51.84930670451951],[0.9858764305711701,51.850003619819425],[0.9853764231734983,51.850734403091764],[0.9849944707868311,51.851492017883515],[0.9847342573553944,51.85226916902236],[0.9846026532751759,51.853033075342665],[0.9844224280931685,51.85310634668467],[0.9834251268123496,51.85360485512079],[0.9825115091542479,51.85416149071301],[0.981690373815229,51.85477089479198],[0.9809696301258853,51.855427200446265],[0.9806276008268361,51.85581578031364],[0.9806269526972591,51.855814417306824],[0.9796646887921019,51.862052797102024]]]}},{"type":"Feature","properties":{"db_school_name":"Millfields Primary School","harvested_label":"Millfields Primary School","urn":"115261","margin_m":326.8},"geometry":{"type":"Polygon","coordinates":[[[0.9561990892871045,51.851634833824264],[0.956154461937739,51.85180869401849],[0.9598095150400728,51.854577248728766],[0.959830352850202,51.85551327059016],[0.956382507906103,51.85593735848887],[0.9559112906981634,51.85776324430149],[0.957674208097088,51.85797075564334],[0.9596510708195192,51.85954540598573],[0.9595102419731392,51.86180640402523],[0.9613694853989017,51.862543612863504],[0.9641540473854906,51.86174610502609],[0.9754161693170329,51.86358776974289],[0.9772397328120832,51.86404443469144],[0.9772398648727374,51.864034471455156],[0.9777797077738972,51.86370568290113],[0.9786010550229008,51.8630963035807],[0.9793219519256838,51.86244001074061],[0.9796640405940281,51.86205143409211],[0.9796646887921019,51.862052797102024],[0.9806269526972591,51.855814417306824],[0.9805075248644785,51.85556326082043],[0.980026726635121,51.85482753613403],[0.9794318065813902,51.854124533635925],[0.9787284977352905,51.85346102189267],[0.9779235758226568,51.852843388977476],[0.9770247939142065,51.85227758102263],[0.9760408077120313,51.85176904503243],[0.974981092192868,51.85132267650364],[0.9738558504107937,51.85094277235536],[0.9732109005638769,51.85077344782696],[0.9729501314265169,51.850374257455776],[0.9723923851185717,51.84971495755132],[0.9588028128739454,51.85017119412617],[0.9563431126741412,51.850643750644416],[0.9561990892871045,51.851634833824264]]]}},{"type":"Feature","properties":{"db_school_name":"Richard de Clare Community Academy","harvested_label":"Richard de Clare Community Academy","urn":"143204","margin_m":136.6},"geometry":{"type":"Polygon","coordinates":[[[0.6329946513698402,51.93843898346175],[0.6358590344406054,51.938676619960965],[0.6380074821686875,51.9394235062757],[0.6391421763138048,51.9406512833707],[0.6384869932905445,51.941277008727056],[0.6382253652516368,51.941325677180416],[0.6326325020663985,51.9437250916122],[0.632751456639539,51.94438830268761],[0.6334361787719326,51.94498372092874],[0.6346802507062204,51.94722325214365],[0.6367173127263989,51.94666718833063],[0.63805044800024,51.94651074698267],[0.6385675695420531,51.94636848266588],[0.6404220623798473,51.94460894029541],[0.6430750983001063,51.94484220783093],[0.6462120509088284,51.94312798833796],[0.6429859917543455,51.94049650410336],[0.6466332622701564,51.93724387367784],[0.6477568432943268,51.93091081061173],[0.6431886332140185,51.92995436845405],[0.64067170610666,51.9291119767757],[0.6404618085399961,51.9290707929221],[0.6392058379680498,51.92890597773517],[0.6379297897136256,51.92881804908561],[0.6366459463059575,51.92880785341459],[0.6363556680225602,51.928823201650836],[0.6355992083395534,51.9287710593317],[0.6347711828849981,51.92876446872744],[0.630117415253953,51.93557925184127],[0.6301665409619569,51.9358815886783],[0.6315312942185767,51.93721364660697],[0.6329946513698402,51.93843898346175]]]}},{"type":"Feature","properties":{"db_school_name":"Holy Trinity Church of England Voluntary Controlled Primary School, Halstead","harvested_label":"Holy Trinity Church of England (Voluntary Controlled) Primary School, Halstead","urn":"115066","margin_m":213.1},"geometry":{"type":"Polygon","coordinates":[[[0.6006920071817213,51.94184127390089],[0.5969507082130572,51.944884919543796],[0.5969031006112461,51.944977430298486],[0.5966356687397871,51.94575380553045],[0.5964926568387763,51.94654264138465],[0.5964754487091536,51.94733634130448],[0.5965842167275699,51.94812726149053],[0.5968179199306272,51.948907784515924],[0.5971743137888563,51.94967039270286],[0.5976499715859269,51.95040774055321],[0.5982403172063083,51.95111272553433],[0.5989396690238521,51.95177855653695],[0.5997412944756144,51.95239881934314],[0.6006374748008724,51.95296753847188],[0.6016195793257093,51.95347923480355],[0.6026781485797165,51.95392897842535],[0.603802985444466,51.95431243618594],[0.6049832534540479,51.95462591349804],[0.6062075812972825,51.95486638998406],[0.6074641725097902,51.95503154861846],[0.6087409192925597,51.95511979808456],[0.6100255193527372,51.955130288128686],[0.6113055946323175,51.95506291776235],[0.6125688107716345,51.95491833623358],[0.6138029961473119,51.954697936757626],[0.6149962593286011,51.95440384306795],[0.6161371038118034,51.954038888918824],[0.6172145389196212,51.95360659073815],[0.6182181857904141,51.95311111369604],[0.6191383774311482,51.95255723151892],[0.6199662518666429,51.95195028043852],[0.6206938374861337,51.9512961077225],[0.6207942799163017,51.95118355473177],[0.6208201246771424,51.951203540594065],[0.6217165417241838,51.95177209594516],[0.622698853430105,51.952283613490344],[0.623757598324366,51.952733165039085],[0.6248825775925276,51.95311641929061],[0.6260629533932889,51.95342968361865],[0.6272873533741127,51.953669939698166],[0.628543980373437,51.95383487262787],[0.6298207262460581,51.95392289326661],[0.6298798796686879,51.95392336605621],[0.6346802507062204,51.94722325214365],[0.6334361787719326,51.94498372092874],[0.632751456639539,51.94438830268761],[0.6326325020663985,51.9437250916122],[0.6382253652516368,51.941325677180416],[0.6384869932905445,51.941277008727056],[0.6391421763138048,51.9406512833707],[0.6380074821686875,51.9394235062757],[0.6358590344406054,51.938676619960965],[0.6329946513698402,51.93843898346175],[0.6315312942185767,51.93721364660697],[0.6301665409619569,51.9358815886783],[0.630117415253953,51.93557925184127],[0.6347711828849981,51.92876446872744],[0.6347693429800547,51.92876445407636],[0.6343046250890121,51.92846965520177],[0.6333227149142007,51.92795822736118],[0.632264469853789,51.92750875348848],[0.6311400788648843,51.92712556039202],[0.6299603667754996,51.92681233675536],[0.628736690176634,51.92657209767746],[0.6274808282319172,51.92640715569004],[0.6262048694494895,51.92631909852901],[0.6249210954984341,51.926308773872165],[0.6236418631796236,51.926376281189526],[0.6223794856781134,51.92652097078396],[0.621146114230864,51.926741450031386],[0.6199536213397954,51.9270355967611],[0.6188134866458529,51.927400579648825],[0.6177366865550049,51.92783288542745],[0.6167335886721627,51.92832835265573],[0.6158138520542287,51.928882211722325],[0.6149863342390643,51.92948913070264],[0.6142590059437947,51.93014326662968],[0.6136388742538831,51.930838321688526],[0.6131319150445558,51.931567603795685],[0.6127430152890904,51.932324090983236],[0.6124759258149667,51.93310049896956],[0.6123332249697495,51.93388935126864],[0.6123329559825744,51.93390196071175],[0.6122282850097848,51.93405251920326],[0.6118393499323851,51.9348090036153],[0.6115722315407723,51.93558540966783],[0.6114295084618009,51.936374260893594],[0.6114125617117819,51.93716796058641],[0.6115215611462448,51.93795886494774],[0.6117554635686024,51.93873935670188],[0.6119234970397132,51.93909872826568],[0.6116471594509008,51.93906240599718],[0.6103708654253813,51.93897418172361],[0.6090867274002103,51.93896368914763],[0.6078071056776446,51.9390310293549],[0.6065443171874059,51.93917555425645],[0.6060958743399602,51.93925563402535],[0.6060963090946613,51.939255146959354],[0.6006920071817213,51.94184127390089]]]}},{"type":"Feature","properties":{"db_school_name":"Gosfield Community Primary School","harvested_label":"Gosfield Community Primary School","urn":"146725","margin_m":777.8},"geometry":{"type":"Polygon","coordinates":[[[0.6006920071817213,51.94184127390089],[0.6060963090946613,51.939255146959354],[0.6065118880405922,51.93878955855318],[0.6070190329645431,51.938060303216076],[0.6074080759257929,51.93730383363291],[0.607675275740858,51.93652743612374],[0.6078180652615699,51.935738588568924],[0.6078350758623441,51.934944888364456],[0.6077261503703345,51.93415397924083],[0.6074923443236073,51.93337347765132],[0.6071359155549777,51.93261089943808],[0.6066603022115097,51.931873587481746],[0.6060700894304109,51.93116864103041],[0.6053709650004172,51.93050284738638],[0.6045696644426349,51.929882616606676],[0.6036739060451936,51.92931391984386],[0.6026923164811405,51.928802231917594],[0.6016343477278548,51.928352478667605],[0.6005101860881122,51.92796898959171],[0.5993306541871065,51.92765545622237],[0.5981071068855108,51.927414896639384],[0.5968513221056034,51.92724962645892],[0.5955753876149452,51.92716123657485],[0.5942915848498528,51.92715057786659],[0.5930122708884398,51.92721775301851],[0.5917497597003497,51.92736211552968],[0.5905162038069839,51.92758227592341],[0.5893234774823098,51.927876115097504],[0.588183062610015,51.92824080468762],[0.5871059382881189,51.92867283424976],[0.5861024752372046,51.92916804500174],[0.5851823360237184,51.929721669801744],[0.5843543820554258,51.93032837898126],[0.5836539880521792,51.93095771216033],[0.5836263488475858,51.93096654874538],[0.5825491148824752,51.93139853787215],[0.5815455404841896,51.93189371104037],[0.5806252892902295,51.932447301470276],[0.5797972237856962,51.93305397982461],[0.5790693199542609,51.93370790545457],[0.5784485904168365,51.93440278257189],[0.5779410167999678,51.93513192080879],[0.5775514919889737,51.93588829958527],[0.5772837728273592,51.93666463566653],[0.5771404437248936,51.93745345326212],[0.5771228915329522,51.93824715599279],[0.5772312919381326,51.93903810003382],[0.577464607514753,51.93981866773043],[0.5778205974648623,51.940581340976465],[0.5782958389615729,51.94131877364905],[0.5788857598992789,51.94202386240048],[0.5795846827435901,51.94268981512355],[0.5803858790656861,51.94331021642944],[0.5812816342414032,51.94387908950434],[0.5822633216958328,51.944390953746684],[0.5833214859803807,51.94484087762698],[0.584445933882301,51.945224526257874],[0.585625832687401,51.94553820321349],[0.5868498146459089,51.94577888619282],[0.588106086630017,51.94594425618066],[0.5893825439201048,51.9460327198235],[0.5906668870156794,51.94604342480345],[0.5919467403370079,51.94597626806037],[0.593209771664601,51.94583189678314],[0.5944438111564494,51.94561170216024],[0.5956369687871557,51.9453178059505],[0.5967777490688024,51.94495304000469],[0.5969515171886582,51.9448833475448],[0.5969507082130572,51.944884919543796],[0.6006920071817213,51.94184127390089]]]}},{"type":"Feature","properties":{"db_school_name":"St Giles' Church of England Primary School","harvested_label":"St Giles' Church of England Primary School, Gt Maplestead","urn":"115068","margin_m":233.1},"geometry":{"type":"Polygon","coordinates":[[[0.607140894036417,51.984835233933715],[0.6103625810647199,51.99312195701304],[0.6105625353466663,51.99346769373306],[0.6107713230219813,51.993538786347365],[0.6119526788817192,51.99385217719669],[0.6131781194131372,51.994092564662566],[0.6144358374225618,51.9942576325756],[0.6157137142446709,51.99434579049227],[0.6169994366884911,51.994356189040445],[0.6182806158716319,51.99428872811346],[0.6195449067886052,51.99414405783255],[0.620780127451864,51.99392357226931],[0.6219743764484686,51.993629395988314],[0.6231161477711062,51.993264363541776],[0.6234820750838784,51.99311763701985],[0.6243486713527249,51.9934852409227],[0.6254746897534679,51.99386847311233],[0.6266561518218738,51.99418171484575],[0.6278816747328895,51.99442194801336],[0.629139450497391,51.99458685793286],[0.6304173598923455,51.99467485568348],[0.6317030894122416,51.99468509343692],[0.6329842501063829,51.99461747263634],[0.6342484971478718,51.994472644944025],[0.6354836489729039,51.99425200594869],[0.636677804833317,51.9939576816938],[0.6378194596211256,51.99359250815746],[0.6388976148510092,51.99316000388389],[0.6399018847249475,51.99266433603142],[0.6408225962520008,51.992110280167346],[0.6416508824552528,51.99150317419904],[0.642378767766343,51.990848866888264],[0.6429992447851649,51.9901536614477],[0.643506341667408,51.98942425476527],[0.6436345449019382,51.989174805947876],[0.6436366319709169,51.98917678852778],[0.6423939712801993,51.98238437114738],[0.6418499535107551,51.98186748033689],[0.6410472156553232,51.981247522491884],[0.640149956974473,51.9806791284414],[0.6391668185812626,51.98016777008604],[0.6381072673568823,51.97971837008848],[0.6369815048286498,51.979335254542164],[0.6358003690210131,51.97902211138089],[0.6345752302210088,51.9787819549262],[0.633317881656589,51.97861709691232],[0.6320404261337227,51.97852912426533],[0.6307551597158705,51.97851888384881],[0.6294744535569754,51.97858647432194],[0.6282106350163982,51.978731245187944],[0.626975869190889,51.97895180304183],[0.6257820419948661,51.979246024958414],[0.624640645905927,51.979611078892354],[0.6242748310770274,51.979757807766866],[0.6234085045263539,51.97939019892781],[0.6222828708010489,51.97900694093402],[0.6211018410214296,51.97869364872035],[0.6198767844560229,51.97845333804284],[0.6186194935429016,51.97828832211992],[0.6173420705343158,51.97820018939721],[0.6160568111814372,51.9781897882786],[0.6147760865703273,51.97825721896957],[0.6135122242375249,51.978401832510805],[0.6122773897003256,51.97862223701124],[0.6114774194854979,51.97881927911532],[0.6114739796986248,51.97881395353316],[0.607140894036417,51.984835233933715]]]}},{"type":"Feature","properties":{"db_school_name":"de Vere Primary School","harvested_label":"de Vere Primary School","urn":"148139","margin_m":632.7},"geometry":{"type":"Polygon","coordinates":[[[0.5965631784219685,51.9842081925041],[0.5946763008460978,51.98490633068577],[0.5917205595209302,51.98768715685471],[0.5845717123825033,51.98696692555356],[0.5756554826535604,51.988366136924085],[0.575662130122932,51.98837035475705],[0.5754615915175894,51.988759291464675],[0.5751935527665222,51.98953562119015],[0.5750500506185925,51.99032443258162],[0.575032473611627,51.99111812932068],[0.5751409976916668,51.99190906764058],[0.5753745842621883,51.992689629941204],[0.5757309899346061,51.99345229816712],[0.5762067878958198,51.994189726241935],[0.5767974006961523,51.99489481085961],[0.577497144150176,51.99556075994978],[0.5782992819346485,51.99618115815506],[0.5791960903633124,51.996750028687764],[0.5801789327185795,51.99726189096696],[0.5802041201513531,51.99727258807885],[0.5799762195848512,51.99740948964343],[0.5791469771198575,51.998016173575536],[0.5784180430386547,51.998670102915824],[0.5777964398932517,51.99936498184479],[0.5772881577371309,52.00009411998129],[0.5770110044422628,52.0006315567344],[0.5800291302876521,52.008458435938074],[0.5800294395785829,52.008457836200854],[0.5806339323092283,52.00884115662253],[0.5816170605734152,52.00935300217504],[0.5826767742423484,52.009802906885305],[0.5838028651726223,52.010186536046085],[0.5849844848131434,52.010500193414956],[0.5862102488240485,52.010740856876026],[0.5874683468946865,52.01090620759923],[0.5887466566961234,52.01099465241461],[0.5900328608625506,52.01100533918445],[0.5913145658659253,52.010938165023795],[0.5925794216292704,52.01079377729004],[0.5938152407168441,52.0105735673318],[0.5950101159436064,52.01027965705806],[0.5961525352621594,52.009914878458275],[0.5972314928125141,52.009482746271985],[0.5982365950581908,52.00898742407375],[0.5991581609809852,52.008433684102414],[0.5999873153656398,52.007826861224245],[0.6007160742741039,52.00717280147664],[0.6013374218861597,52.00647780569058],[0.601845377968332,52.005748568738],[0.6022350553250375,52.00499211499185],[0.6025027066841857,52.004215730622995],[0.6026457605726308,52.00342689338766],[0.6026628458441949,52.002633200584064],[0.6025538046331163,52.00184229587198],[0.6023196936178865,52.001061795661876],[0.6019627735931071,52.00029921578122],[0.6016241301165586,51.999774980167714],[0.6027930073810398,51.999487309717324],[0.6039350888618616,51.99912245955213],[0.6050137128877145,51.99869025984117],[0.606018489137505,51.99819487480887],[0.6069397397352285,51.997641077298574],[0.6077685925042879,51.99703420272989],[0.6084970664124095,51.996380097637136],[0.609118148384249,51.99568506328695],[0.609625860743856,51.9949557949216],[0.6100153186412284,51.99419931721555],[0.6100467171171955,51.99410817240028],[0.6103337370880924,51.993786948180094],[0.6105572386792396,51.99346589019954],[0.6105625353466663,51.99346769373306],[0.6103625810647199,51.99312195701304],[0.607140894036417,51.984835233933715],[0.6114739796986248,51.97881395353316],[0.6110361025140805,51.97813600731344],[0.6104451877575012,51.977431097018744],[0.6097452545520088,51.97676534477185],[0.6089430462137014,51.976145160227865],[0.6080462897757695,51.97557651409067],[0.607074169620129,51.97507037274032],[0.5999765369996047,51.97714182313303],[0.5957209444968828,51.98056857391047],[0.5965631784219685,51.9842081925041]]]}},{"type":"Feature","properties":{"db_school_name":"Nazeing Primary School","harvested_label":"Nazeing Primary School","urn":"151971","margin_m":886.2},"geometry":{"type":"Polygon","coordinates":[[[0.0056723105402239175,51.75239877958572],[0.00574319636584595,51.75228878294718],[0.006022150985613726,51.75207403102623],[0.006929243215613969,51.75111862853132],[0.007829478752617221,51.749670929940756],[0.009036233975456718,51.74617542600472],[0.019948288335109574,51.747351517464686],[0.02245409742907237,51.74657131645797],[0.022488884996327365,51.74655435365315],[0.02275815007947749,51.746394203361554],[0.02274727323186741,51.74640621070121],[0.02274186397361417,51.746413851172015],[0.02277930474303324,51.74638302130495],[0.02422827121598863,51.74580783552873],[0.03883437622371585,51.74486147439792],[0.04734451122138385,51.75092586224635],[0.04734453493634185,51.75092573934615],[0.048038775254055525,51.750934798152564],[0.049314069680825495,51.75087359389956],[0.050573550883014774,51.75073508532435],[0.05180508323095174,51.750520607103546],[0.05299680083788404,51.750232225895],[0.05413722204863912,51.74987272039165],[0.05521536019735797,51.74944555450664],[0.056220829560638924,51.74895484394916],[0.057143945480052354,51.74840531651626],[0.05797581768591284,51.747802266485],[0.05870843592140482,51.74715150354793],[0.05933474704224396,51.746459296785865],[0.05984872285105429,51.74573231422108],[0.0602454180166987,51.744977558535574],[0.06052101752598543,51.74420229957601],[0.06067287321749688,51.74341400429739],[0.06069952905366314,51.74262026482209],[0.06067241537492375,51.74240303291683],[0.06067455657258167,51.742403779447905],[0.056365125888436916,51.737968920572705],[0.05643263774616384,51.73108299824756],[0.05642751357799944,51.73108755123745],[0.05603548281267899,51.73070619903368],[0.05524524872619385,51.730082094019245],[0.05436032920137479,51.729509085313545],[0.05338924665591517,51.72899268927828],[0.05234135202070658,51.728537877100656],[0.05122673472858391,51.72814902699441],[0.05012739041748626,51.727849311594966],[0.05015017509081501,51.72717548132161],[0.050051606348700324,51.72638392860895],[0.05000042415813588,51.72620452544586],[0.050129515368773046,51.72584149950607],[0.05028149975943292,51.72505321404557],[0.050308336036023034,51.724259472732605],[0.05020977231584003,51.72346791974349],[0.04998676429131331,51.722686177784425],[0.04964146577756451,51.721921774695424],[0.04917720773468413,51.72118207098234],[0.04859846597574954,51.720474188974144],[0.04791081787977099,51.71980494428555],[0.047120888533427656,51.71918078024344],[0.046236286825847905,51.71860770590573],[0.04526553211577092,51.71809123826705],[0.04421797217943625,51.71763634920481],[0.04310369322961159,51.717247417673676],[0.04193342287067857,51.71692818760595],[0.04071842692085031,51.71668173192024],[0.03947040109001553,51.71651042298299],[0.038201358549724916,51.71641590980496],[0.03692351447019183,51.716399102190515],[0.035649168627401084,51.71646016199151],[0.034390587201492503,51.71659850154904],[0.033159884895075105,51.71681278933836],[0.031968908497208876,51.71710096276303],[0.03082912300538635,51.71746024797603],[0.029751501394042187,51.71788718653897],[0.028746419084147674,51.718377668664424],[0.027823554124657632,51.71892697272389],[0.02699179404314482,51.7195298106434],[0.02625915026057635,51.720180378752886],[0.025632680894210932,51.72087241360236],[0.025118422693669012,51.72159925221006],[0.02472133276915173,51.722353896165856],[0.02444524067814358,51.72312907897402],[0.024416195843884537,51.723279280351505],[0.02405491291653105,51.72396582992995],[0.023778800324491114,51.72474101119893],[0.02362635472309227,51.7255292673287],[0.02359905065301262,51.7263230073926],[0.02369715763288441,51.7271145872559],[0.023919737311378995,51.72789638319233],[0.024238575674056975,51.728603069198954],[0.024173504944322736,51.7285853116503],[0.02382691170695887,51.72803260197518],[0.023248472087718113,51.727324592540974],[0.02256108754667286,51.72665519728931],[0.021771380638847614,51.726030860997525],[0.020886958117581515,51.72545759438242],[0.019916337622007,51.724940916289945],[0.018868865641269637,51.724485800623434],[0.01775462754574382,51.72409662851863],[0.016584350550046315,51.723777146222986],[0.01536930053887519,51.72353042908231],[0.014121173744105332,51.72335885197887],[0.012851984309702563,51.72326406650367],[0.011573948819355294,51.723246985081126],[0.010299368890015126,51.723307772197685],[0.009040512952645265,51.723445842818386],[0.007809498348994477,51.72365986800652],[0.006618174870338087,51.723947787692936],[0.005478010850749243,51.7243068304729],[0.004399982903710085,51.72473354024193],[0.0033944703569065743,51.72522380941547],[0.0024711553962936026,51.72577291841581],[0.0016389298771433008,51.72637558104796],[0.000905809697370676,51.72702599533081],[0.00027885755752907166,51.72771789929707],[-1.8680693433919468e-05,51.72813797737147],[-0.0004667607488421607,51.728187078844556],[-0.0004666044237385899,51.72818260364239],[-0.004815060196579164,51.73124267224816],[-0.011517756433987057,51.73234740437945],[-0.013340251369420068,51.73257677808338],[-0.013293140463182376,51.7326418628315],[-0.013205895239039107,51.73277981862413],[-0.013119336457947677,51.73293747473083],[-0.013063422949103764,51.73305798091472],[-0.013035259166667326,51.73313931173268],[-0.013010128089417539,51.73324946128537],[-0.012993835758461482,51.73338951602068],[-0.01299047257696638,51.73353149794717],[-0.012998681263104328,51.7336737654876],[-0.013030962583088081,51.73392872229358],[-0.013062043632234469,51.73408036626621],[-0.013104624099979943,51.73423121552321],[-0.013220576972404863,51.73456049444255],[-0.013319330723928718,51.73475103969301],[-0.013384916459131754,51.734840247625364],[-0.013547546568137451,51.73502827750151],[-0.013628137075482528,51.735140213555894],[-0.013701365712892781,51.73525391439329],[-0.013773377605292288,51.73539537199739],[-0.01378800045499365,51.73555752473703],[-0.013773118232714498,51.735632787364565],[-0.013743376883295728,51.735750051182464],[-0.013694069313918871,51.73588325499585],[-0.013637564555226904,51.73601444962215],[-0.013353758559642498,51.73657438929599],[-0.013162440081160572,51.7368742003262],[-0.012697574878116923,51.737469733047966],[-0.012667854544218135,51.73755103741921],[-0.012661154699318944,51.73760576127256],[-0.01266212691959808,51.737648929322695],[-0.012674276511402205,51.737701365098744],[-0.012701905880160904,51.73776566012169],[-0.01275086076922254,51.737839304564844],[-0.012881192913633087,51.73810230226214],[-0.012921187808987935,51.738246815799364],[-0.013057025896266648,51.738849809177715],[-0.01316309555897676,51.73920589058608],[-0.013212273512522762,51.739535837648525],[-0.013373686361894913,51.74001610370228],[-0.013538860160033405,51.740544079016594],[-0.013590069283861958,51.740765194304636],[-0.013618870549308514,51.740966242916905],[-0.013613576123120991,51.741250319691225],[-0.013581285154046205,51.7417577865707],[-0.013523746181099423,51.74201041512269],[-0.013547806969220548,51.742090830379965],[-0.01354926189183863,51.742155671807396],[-0.01353663581122954,51.742212093955445],[-0.013508137111790566,51.74226824776838],[-0.013461898861704827,51.74233129285192],[-0.013239859754727733,51.74257125213823],[-0.01313916966666192,51.74265585099689],[-0.013006214987120596,51.74274628785656],[-0.012878507724350379,51.742817843951705],[-0.012795660183670994,51.74285779600806],[-0.012698451507351367,51.74289570755758],[-0.012554304472619576,51.74294451069751],[-0.012423955801780701,51.74297826546364],[-0.01230298768377139,51.74299419856766],[-0.012201309247270326,51.74300056987906],[-0.012075520418745576,51.74299574419725],[-0.011038859372846788,51.74275345783587],[-0.010231465150901639,51.74250146987739],[-0.009625599016455556,51.74234638354547],[-0.008950818400410737,51.74214257031423],[-0.008196448545929436,51.74194001186879],[-0.007451109705494134,51.74172780180082],[-0.007209519674626171,51.74168675708019],[-0.0070841685371794425,51.7416720454534],[-0.00695269465278715,51.74166352269189],[-0.006761591064346298,51.74166118038188],[-0.0066079230413276496,51.74166576478856],[-0.006455168364310006,51.741679444970785],[-0.006259975797062482,51.74170490068312],[-0.006162122343551184,51.74172211888364],[-0.005898715115737292,51.74178327437147],[-0.005297720121151614,51.74194657674662],[-0.005118401212470787,51.74200475255136],[-0.004951539707852328,51.742075636271316],[-0.004770007395769262,51.74218672366671],[-0.004587243209027983,51.7423230520958],[-0.004364032511185917,51.742490966005334],[-0.004270684626351077,51.74257118768019],[-0.004214760730490639,51.742623367392916],[-0.0036376753726830415,51.74289952947886],[-0.003423037499106612,51.74300286118052],[-0.002566852219345521,51.743367769909014],[-0.002330411257113334,51.74347252658629],[-0.0019099913459177057,51.74367852615204],[-0.0011511263935160125,51.744035189683125],[-0.0005762741353503123,51.744324859829554],[-0.00029088973248139445,51.744455839456535],[4.47429996501085e-05,51.74454541929683],[0.0004264003546461933,51.74466028443011],[0.0006814788266997885,51.744759414132496],[0.0008176481819078637,51.74482721626414],[0.0009307426037933755,51.7448945119286],[0.0010398587041966412,51.744969066423636],[0.001141898549056522,51.745051024240105],[0.0012309638017103496,51.74513131453977],[0.0014092576809166236,51.74533063754253],[0.0015032533842993727,51.74545759045081],[0.0015755712469544586,51.7455534482661],[0.0016808662354394525,51.74574142945834],[0.0017115731812408067,51.74581192534758],[0.0017421978541876792,51.745915685371855],[0.0018083805157823557,51.74619962385866],[0.0019003714995819846,51.74667559420106],[0.001910671272029705,51.7467437417822],[0.0019297415263900917,51.7471426533741],[0.0019266928436861039,51.74759776812654],[0.001980922727062523,51.7482029354778],[0.001999531340909376,51.74836173731902],[0.0020332618170423628,51.74853295715135],[0.0020728757952939198,51.748707583751695],[0.002174789744025674,51.74908090059848],[0.0022305470719291842,51.749490874306076],[0.002286975980661236,51.7500456611126],[0.002338604638191911,51.75035951294824],[0.0025815457331494767,51.75126630769992],[0.002795329772284783,51.75213755026728],[0.0029205616800490742,51.752772971023965],[0.0029440385695253834,51.752844578946416],[0.002983064582577072,51.75300842706937],[0.0030330773329230037,51.75315599519675],[0.003057187513834273,51.75320952306772],[0.003194611902309968,51.75343192554897],[0.003236589656889215,51.753562550479565],[0.003238378547056679,51.753602973879495],[0.003226639418084772,51.753631941423514],[0.0032032007188534523,51.75366110839994],[0.0031696565407604346,51.75368864915867],[0.00308167818562317,51.75373060268989],[0.002887502465012901,51.75379423387784],[0.002639605721582633,51.75385599350349],[0.0023467021951476255,51.75395088204447],[0.002316938754967994,51.75396397486967],[0.0022689099127791664,51.75399356063251],[0.002241293512813353,51.754022798590626],[0.002229432997556915,51.75404907129065],[0.002230588265074661,51.754110271527075],[0.002237828076450782,51.754141612408894],[0.0022551351269150996,51.75417368099943],[0.002295081364546121,51.75422334315895],[0.002350904815316924,51.7542754315823],[0.002401953945415166,51.754314116402625],[0.0025370395673719594,51.75438912719208],[0.0028733137080028492,51.75452330072854],[0.00342781622605532,51.75431110428452],[0.0056723105402239175,51.75239877958572]]]}},{"type":"Feature","properties":{"db_school_name":"Hereward Primary School","harvested_label":"Hereward Primary School","urn":"145990","margin_m":392.9},"geometry":{"type":"Polygon","coordinates":[[[0.07126162553085691,51.65311372997914],[0.06939135607956586,51.654370468400636],[0.06675911220128738,51.65469791169759],[0.06504536494744563,51.65638934515331],[0.06537309617387642,51.65957240708462],[0.06482889877541677,51.66034755718818],[0.05586525497572357,51.663440526132426],[0.055839124323104866,51.66421638544592],[0.0559376281837493,51.66500794156761],[0.0561604268671699,51.6657896814397],[0.05650538080628309,51.6665540757183],[0.05696917343536487,51.66729376175637],[0.05754734291776254,51.66800161455274],[0.05823432493349048,51.66867081542434],[0.05902350612167948,51.669294917738085],[0.05990728766876614,51.669867909067186],[0.06087715843398893,51.67038426917011],[0.06192377691008805,51.670839023231345],[0.0630370612301289,51.67122778984795],[0.06420628635199305,51.67154682329679],[0.06542018748112025,51.671793049672885],[0.0666670687303162,51.67196409654816],[0.06793491596346572,51.67205831586277],[0.06921151272850312,51.67207479982702],[0.0704845581542828,51.6720133896796],[0.07174178566645584,51.671874677216785],[0.07297108136938203,51.67165999907864],[0.07416060094444298,51.67137142384689],[0.07529888392990937,51.671011732080586],[0.07538680143255037,51.67097681816695],[0.07790894591678331,51.669057902708076],[0.084274890954648,51.668284422529545],[0.09473911781720366,51.66157850358673],[0.09496533491809396,51.66151861240649],[0.09862708558070883,51.660075737753175],[0.09862605566650845,51.660075661471126],[0.09879938349281758,51.65974470285006],[0.09907384589852854,51.658969356027],[0.09922478773781729,51.658181010849255],[0.09925076174449299,51.65738725991487],[0.09915152431495655,51.65659574748824],[0.09892803760289802,51.6558140958813],[0.098582460005668,51.655049832061444],[0.09811812514348654,51.65431031519208],[0.09753950954290833,51.653602665802865],[0.09737278145744345,51.65344039163225],[0.0889510000025535,51.65408656018619],[0.08751208203790789,51.65433371709453],[0.08343661950986662,51.656397580668795],[0.07969141642973282,51.65489061422127],[0.0790793804687544,51.65438966811283],[0.07647142126051977,51.65485874357378],[0.07628649001310642,51.65482471460522],[0.07413618358143811,51.65479779495423],[0.07126162553085691,51.65311372997914]]]}},{"type":"Feature","properties":{"db_school_name":"Chigwell Row Infant School","harvested_label":"Chigwell Row Infant School","urn":"145993","margin_m":426.7},"geometry":{"type":"Polygon","coordinates":[[[0.10012791558480243,51.62096134684139],[0.10020480052323966,51.62240972198248],[0.09283203215121007,51.62564898410484],[0.09214154765456212,51.62775525890346],[0.0976072620461617,51.633721973397215],[0.09820730793595975,51.63393145549],[0.09937580259862919,51.634250148569926],[0.10058888154284168,51.63449602181806],[0.10183485680621059,51.63466670621132],[0.10310172298726089,51.63476055718481],[0.10437727309390746,51.63477667049988],[0.10564921634876712,51.634714890968034],[0.10690529680729265,51.634575813945645],[0.10813341163672495,51.63436077958573],[0.10932172790724397,51.634071859901894],[0.11045879676152615,51.633711838770935],[0.11153366385504462,51.63328418506786],[0.1125359749965302,51.63279301919426],[0.11345607596567785,51.63224307332503],[0.11428510554289065,51.63163964575876],[0.1150150808530947,51.63098854981466],[0.11563897420147608,51.63029605777085],[0.11615078066290056,51.629568840387144],[0.11640179831598949,51.629088840687],[0.11647567030946895,51.629098951594614],[0.11663632505701872,51.62911083524026],[0.11666903292803439,51.62911746032563],[0.1179149155531619,51.6292879751457],[0.11918165961705078,51.62938165395617],[0.11985397252213781,51.62939005839802],[0.13197293762778042,51.6245499378085],[0.13197288814544184,51.624549937195056],[0.13222730231529317,51.62418818355624],[0.13262178479164927,51.62343319462303],[0.13289546681785835,51.622657773326296],[0.13291384760782668,51.62256132901173],[0.13262346762909813,51.62243141579063],[0.1323071233201678,51.62224917958589],[0.13219099988433916,51.62220633813325],[0.13126292025312555,51.62197677430137],[0.1310120847071909,51.62189592216192],[0.13057564509475983,51.621738336161094],[0.13017653546400304,51.62160713191458],[0.1291603333269338,51.621441182392054],[0.1288524362445005,51.620695912141585],[0.12854603239576173,51.62060077952362],[0.12838512096786675,51.62052719206597],[0.12819672261267337,51.62042362562589],[0.12804000892722955,51.62028442283668],[0.1278793935628602,51.620217121515125],[0.12759217654599966,51.620129730228456],[0.1274421031891518,51.62010188331624],[0.1273835434796141,51.62008496469622],[0.12725823807805933,51.62003149719678],[0.12706362297503332,51.619917163167194],[0.12701648059641923,51.619897340555866],[0.12678954932660452,51.61983312793203],[0.12607126693634663,51.61964107566716],[0.12567533443087983,51.619268773896394],[0.1253270088495148,51.61895674112567],[0.12516270752998437,51.61877721651984],[0.12497427384137949,51.618300376041766],[0.12489561750753511,51.61816425138676],[0.12478215166593395,51.61802237380955],[0.12439249469068778,51.61765894417685],[0.12426514391954162,51.6175614580456],[0.12417145644961251,51.61750381889206],[0.12387397960055717,51.61735178497753],[0.12347026530959,51.61718189472418],[0.1232925485958296,51.61712038033994],[0.12250528747818565,51.61671738798425],[0.12230058403837597,51.61663388558468],[0.12218918848995214,51.616599938860155],[0.1220181002012601,51.616555295309425],[0.12135215386408778,51.61627596278451],[0.12108890210998963,51.616175536465725],[0.12095602140378997,51.61611500686618],[0.12084659763512975,51.61605944708753],[0.12031645705995571,51.61574978642649],[0.11990105923547033,51.615576498016075],[0.11928017256514967,51.61536646411641],[0.11857955156501535,51.615364727697376],[0.11669327419297863,51.61692123564692],[0.11668307573032044,51.616919621025424],[0.1157090090115525,51.61650646666321],[0.11342273191328528,51.61555038319495],[0.10987799898375228,51.614087186767826],[0.10960484392876614,51.613959852149534],[0.10762089577333367,51.61344700836453],[0.10702643180846537,51.61327329391279],[0.10599221577733843,51.61305442716032],[0.10556264621411737,51.61294885880813],[0.10494971253591603,51.61281322458311],[0.10407063823722769,51.61260603137836],[0.1038109076797182,51.61254955500281],[0.10338757214992464,51.61345183662577],[0.10155096523411791,51.61306121230577],[0.10014149804828942,51.61272315111058],[0.0997395891991798,51.61322936406433],[0.10216006772446623,51.61818024499758],[0.10012791558480243,51.62096134684139]]]}},{"type":"Feature","properties":{"db_school_name":"Limes Farm Infant School and Nursery","harvested_label":"Limes Farm Infant School and Nursery","urn":"145991","margin_m":275.0},"geometry":{"type":"Polygon","coordinates":[[[0.0808628435129809,51.60853963810407],[0.0826141219670737,51.611391721894876],[0.08222629301862598,51.61177099747494],[0.078084154847751,51.61292303883389],[0.07647190762704648,51.61275917920508],[0.07538995342260654,51.615042455267634],[0.07649772088377363,51.61719321917831],[0.08226679193041142,51.619778027948385],[0.08636892684300591,51.61926047850512],[0.08637429653626254,51.61924826109376],[0.08620926479204598,51.618622585329],[0.0857036221726092,51.61727718860176],[0.08692708444381175,51.6138676333967],[0.08851141881888512,51.61259301136188],[0.08916579281726732,51.61260861221455],[0.09048933538684474,51.61249037093311],[0.09195032657063916,51.61229295760917],[0.09410963632871375,51.61176942578722],[0.09431423817306889,51.61145592578708],[0.09452940015389745,51.61117330391858],[0.09466279091009884,51.61096406161391],[0.09478914984081602,51.61079090450548],[0.09480867400674069,51.610775273010866],[0.09466570857022706,51.61074545996733],[0.09420939556682917,51.61065291372618],[0.09420410334673265,51.610537935350386],[0.09420795122581123,51.61037056090646],[0.0941576111727702,51.61021862790637],[0.09404852440418023,51.610045177741824],[0.09388181757917016,51.609874643001596],[0.09368985427188879,51.60975301553311],[0.09262425837191267,51.60947525613477],[0.09184696746553117,51.608213058985925],[0.09168757380451424,51.60747853289678],[0.09247773571117042,51.6062890834387],[0.09255426679786954,51.606195121482244],[0.09247240737513451,51.6061732063198],[0.09247093892218372,51.60617233323381],[0.09230180361022974,51.606137590164586],[0.09140206417414413,51.60591709791162],[0.09043820620101212,51.60565368850261],[0.09028388689779349,51.60556294031985],[0.0902191860020273,51.6056656800557],[0.08997141997723553,51.60561435406666],[0.08960292155239301,51.6055165403576],[0.0893313838370392,51.60538832184308],[0.08890019732450684,51.60518284216014],[0.08889513197763119,51.60485200682139],[0.08711836905032817,51.60446548777597],[0.08687164897715076,51.60462630233969],[0.08686598416986614,51.60462999923118],[0.08677768653168329,51.60468829672735],[0.08666513793772747,51.604690297824526],[0.08643135476957522,51.60488144837728],[0.08559421711353594,51.605555480327574],[0.08551860342616749,51.605542439311456],[0.08545656790697574,51.60570095810217],[0.08520472107790313,51.60591130626664],[0.08485987226224244,51.60616834568802],[0.08444819654577922,51.60635734727774],[0.08381824233787558,51.606413484389584],[0.08338619545576412,51.606472397352825],[0.08327959540446031,51.60647698647374],[0.08317418079551858,51.60647885756002],[0.08278584486992482,51.60641832450728],[0.0820008255724427,51.606653499064336],[0.08149278134444926,51.606784775291736],[0.08094760883935878,51.60686456461586],[0.08090824833489793,51.6068686529127],[0.08153033819543566,51.60776845262043],[0.0808628435129809,51.60853963810407]]]}},{"type":"Feature","properties":{"db_school_name":"Buckhurst Hill Community Primary School","harvested_label":"Buckhurst Hill Community Primary School","urn":"147561","margin_m":387.0},"geometry":{"type":"Polygon","coordinates":[[[0.03384981305682005,51.6268419997828],[0.03476933608490448,51.62692214840642],[0.03485760681638223,51.62700336271962],[0.035361704195396186,51.627239014692066],[0.03753379392926816,51.628818947497074],[0.037448734718427336,51.62955880460892],[0.03666757107497743,51.630579858830835],[0.038888042588729216,51.63460353573945],[0.04238420011384343,51.632713629548405],[0.0469014324810705,51.63266876432447],[0.0470360988266357,51.62954054789763],[0.04512655343371359,51.628525055371306],[0.04539003258444489,51.627424079131515],[0.04636481421855416,51.627031982796716],[0.04869612770520737,51.62730059862404],[0.049693788569235356,51.628037999275236],[0.04985078859060621,51.62881280344225],[0.06279325061830475,51.626708881818594],[0.06255251308160073,51.6264591542743],[0.06021844351896252,51.623095880274185],[0.05680778102571795,51.62230127620314],[0.05130059013601645,51.61811107201581],[0.05060757735323353,51.61798379615531],[0.04991791839322175,51.617874477444026],[0.04909527767943376,51.61776109239852],[0.047925524558758224,51.61751171661972],[0.04783419280820593,51.61740902565615],[0.04705425859867433,51.617347113868384],[0.046395491210495445,51.61734691395028],[0.046275998578040094,51.61738855284381],[0.046177286987290816,51.61737588999769],[0.046130031629697775,51.61722559146408],[0.04540578541583222,51.6172445071813],[0.04483174828067966,51.61713673999911],[0.0442895305320984,51.617029314215834],[0.043678815316096374,51.616940070064146],[0.04322380555522218,51.61684370700057],[0.04288572829442684,51.61677856980242],[0.04248947474451201,51.61663793953231],[0.04216016169703913,51.616510617786915],[0.04184170510968305,51.61636773254849],[0.0415184212855476,51.61618096925524],[0.04125503156884283,51.61604162006545],[0.04108451969595715,51.61590973509037],[0.04097367440519091,51.61579110611566],[0.04087600705014877,51.615674136353675],[0.04076143970782501,51.615727371662615],[0.04075850521331861,51.61572832104179],[0.040628515171703565,51.61579351112516],[0.040645509143939225,51.615816590110285],[0.04068863706857303,51.61587796109573],[0.040677213925354026,51.615880856570186],[0.040382416426738364,51.615973185208865],[0.04015159066550005,51.61604462203032],[0.0399877509904692,51.61609601608576],[0.04008397604405937,51.61624456661859],[0.04018818310097981,51.61640907056611],[0.03840795078306518,51.61752455455941],[0.03837182943555388,51.61749191827859],[0.037716388700216825,51.617919626253425],[0.037579526798854145,51.61786356651558],[0.03751905182477742,51.61789877818357],[0.03750504197050039,51.61813644793647],[0.0374514053058007,51.61832437063742],[0.037360401814785296,51.61839067878915],[0.037030511599810176,51.61860416331032],[0.0366742916978269,51.61890800341463],[0.03634696558550786,51.61924280616627],[0.036097072139237546,51.61943692039152],[0.035961052009650364,51.619530078641205],[0.03565276558103034,51.619806114475686],[0.03545929831505391,51.619970389757924],[0.034681126550592106,51.620465025905375],[0.0345593395297134,51.620551642761434],[0.034277028010075775,51.62076429460921],[0.03424400060062334,51.620800827370225],[0.034168047422791635,51.620910922244796],[0.034000801502792805,51.62108112445545],[0.03299413891802727,51.621991539862286],[0.03287744994257255,51.622128410601896],[0.032755430397142085,51.62224199914799],[0.03259453479655636,51.622359947684956],[0.032369772598911654,51.62250408294748],[0.03214076713241301,51.622649280407664],[0.03166937291365739,51.62293082579108],[0.03144437757126134,51.62309923689542],[0.030696556233050124,51.62325076783672],[0.031771215921352146,51.62622637515691],[0.03384981305682005,51.6268419997828]]]}},{"type":"Feature","properties":{"db_school_name":"Lambourne Primary School","harvested_label":"Lambourne Primary School","urn":"145604","margin_m":788.5},"geometry":{"type":"Polygon","coordinates":[[[0.12632651579257387,51.66879186176619],[0.1263267536895769,51.66878445689536],[0.12642640693741486,51.6689061734079],[0.1271144064992338,51.66957495936328],[0.12790453706225471,51.670198587561444],[0.12878919065418143,51.670771050140075],[0.12975984771978902,51.671286831949594],[0.13080715916326957,51.671740963744746],[0.13192103642876746,51.67212907011742],[0.133090748749869,51.672447411706266],[0.1343050266280131,51.67269292127355],[0.13555217053805288,51.67286323329945],[0.13682016380738554,51.672956706806744],[0.1380967885736136,51.67297244119437],[0.13936974369514712,51.67291028492596],[0.14062676346971864,51.67277083698955],[0.14185573600779977,51.67255544111403],[0.1430448201113862,51.672266172798636],[0.1441825595234888,51.67190581928177],[0.14525799343988535,51.67147785264347],[0.14626076221187173,51.67098639630286],[0.14718120721645978,51.67043618523555],[0.1480104639283586,51.669832520296985],[0.14874054729532954,51.66918121709463],[0.14936442859449386,51.668488549904154],[0.14987610303116985,51.66776119117285],[0.15027064743273585,51.667006147195664],[0.1505442674871346,51.666230690585685],[0.15069433407779367,51.66544229019162],[0.15071940837299622,51.66464853913893],[0.15061925543691493,51.66385708168842],[0.1503948462407235,51.663075539618056],[0.15004834806402162,51.662311438835715],[0.149583103388574,51.66157213693054],[0.1490035974965931,51.66086475235814],[0.1483154150937426,51.66019609594096],[0.14752518638156042,51.65957260534069],[0.14728500497135785,51.65941722499938],[0.14744301630960516,51.65939968105081],[0.14867159435439276,51.659184217882384],[0.1498602853382416,51.65889488443136],[0.15099763679489295,51.65853446856323],[0.1520726916605759,51.65810644295807],[0.15307509394057092,51.65761493160227],[0.1539951885440852,51.65706467000045],[0.15482411432211307,51.65646095949379],[0.155188980968496,51.65613530932734],[0.15519482436247165,51.65613908907384],[0.15437978320463847,51.64779466040031],[0.15215383001880262,51.64497060908479],[0.15143578487450768,51.64465925665698],[0.1503224269060239,51.64427132792184],[0.14915333029712236,51.6439531496531],[0.14793974956284195,51.6437077846505],[0.1466933667917377,51.64353759478763],[0.14542617934674287,51.64344421830897],[0.14415038455384044,51.64342855408255],[0.14287826248019975,51.64349075295864],[0.14162205792133642,51.643630216317135],[0.14039386272416224,51.64384560181773],[0.13920549956973996,51.64413483629779],[0.1380684083260259,51.64449513569524],[0.13699353605695477,51.64492303180592],[0.13599123174016395,51.64541440561983],[0.13507114670177608,51.64596452691803],[0.1347458124683071,51.64620139527235],[0.13445114771649555,51.645732692534764],[0.13387208461588768,51.64502522649826],[0.13318436916914994,51.64435647442505],[0.13239462708159713,51.64373287489972],[0.13151046541303818,51.64316043154714],[0.1305403992635436,51.64264465529043],[0.12949376976315444,51.64219051135535],[0.1283806541554878,51.64180237152845],[0.12721176883953003,51.64148397212622],[0.12599836629983274,51.6412383780768],[0.12487497181318119,51.64108475328192],[0.12460159287355618,51.641029415870584],[0.12335536404470435,51.64085897629138],[0.12208829207105053,51.64076534642694],[0.12081257316872068,51.64074942758349],[0.11954048667517007,51.64081137306128],[0.1182842770433268,51.64095058667856],[0.11825447155429619,51.640955807659935],[0.11774311655695212,51.64094941181175],[0.11647101931719221,51.64101132413187],[0.11521479381294084,51.641150505062164],[0.11398653209147343,51.64136561497997],[0.11279805747200002,51.6416545833746],[0.1116608108923547,51.64201462874464],[0.11058574090791629,51.64244228533081],[0.10958319839514018,51.64293343642878],[0.10866283696826365,51.64348335396374],[0.10783352006430456,51.64408674394836],[0.10710323558908202,51.64473779738932],[0.10647901894603831,51.645430246154824],[0.10596688519075963,51.646157423268406],[0.10557177096809184,51.64691232705088],[0.10529748679614409,51.64768768849506],[0.10514668016340006,51.64847604122706],[0.1051208098021835,51.64926979338146],[0.10522013139507964,51.65006130069941],[0.10522671138305259,51.650084306561325],[0.10518716077085652,51.65029105174353],[0.10516129100473226,51.6510848036801],[0.10526061818933194,51.65187631068157],[0.10548419219075729,51.652657949716925],[0.10582986596640738,51.653422192409536],[0.1062943160077607,51.65416167756895],[0.10631112683639597,51.654182231279215],[0.10632967964696002,51.65422324672814],[0.10679414633959697,51.6549627296317],[0.10737292275402543,51.65567033143142],[0.10806043871291243,51.65633923585957],[0.10885007570061779,51.65696299913694],[0.10973423050151045,51.65753561210173],[0.11070438836834269,51.65805155815703],[0.11175120501813388,51.65850586647645],[0.11286459666613967,51.658894159952204],[0.11403383722917512,51.659212697420905],[0.11524766175866691,51.65945840975792],[0.11649437510214353,51.65962892948979],[0.11776196473999523,51.65972261363785],[0.11903821670288928,51.65973855957094],[0.12031083344466066,51.65967661371376],[0.12156755252600024,51.65953737302617],[0.12206893788634955,51.65944956337261],[0.12225607970843531,51.65974729154654],[0.1228351579811727,51.66045481314589],[0.12352297355028993,51.661123623098135],[0.12431290501214994,51.66174727853307],[0.1251973463120279,51.6623197713268],[0.1253521118573647,51.66240203521776],[0.12516251425020739,51.66276448725915],[0.12488847808785408,51.66353988979815],[0.12473796771413113,51.66432826243185],[0.12471371378510265,51.66508237769602],[0.12632651579257387,51.66879186176619]]]}},{"type":"Feature","properties":{"db_school_name":"Hilltop Infant School","harvested_label":"Hilltop Infant School","urn":"144834","margin_m":809.6},"geometry":{"type":"Polygon","coordinates":[[[0.5242058024007846,51.610786808180535],[0.5230435636250584,51.61153198371941],[0.5221161502662611,51.61296352181029],[0.5199719443091093,51.61483012617398],[0.5189982399211542,51.615360249352655],[0.5162311579415849,51.61460355142094],[0.5131305006995943,51.61522396460061],[0.5068489209058766,51.61976687561392],[0.5068485424032791,51.61977256753478],[0.5041522054491459,51.62260188436356],[0.5031424335033484,51.62321156995229],[0.5005026193555782,51.62602156013769],[0.5083738892649028,51.62964038928401],[0.5163637089722238,51.6378715056277],[0.5163660445339427,51.63786939812138],[0.5168517310478756,51.637844094585176],[0.5181064789112453,51.637700633594825],[0.5193325751827769,51.63748132302454],[0.5205182064235523,51.63718827610155],[0.5216519497006616,51.63682431647719],[0.5227228827752912,51.63639295097776],[0.5235411528041454,51.63598733391933],[0.5238296602548733,51.63661171039123],[0.5243006716782618,51.63734944979077],[0.524885641365292,51.63805490615154],[0.5255789394097219,51.63872128384696],[0.5263738915186805,51.639342163417666],[0.5272628431917115,51.63991156346654],[0.5282372333867901,51.640423998339216],[0.5288153459343797,51.640671951701506],[0.5288080778275719,51.64067634488264],[0.5343704440524699,51.6404460886704],[0.5381247976662197,51.64084152804347],[0.543986861015668,51.64226634635164],[0.5520042037259645,51.637629217069865],[0.5512757694854509,51.63141981310836],[0.5542816527781164,51.62818110785565],[0.5542735546184965,51.62818311256592],[0.5542413222832171,51.62794498071208],[0.554010198310661,51.627164302452556],[0.5536572520230939,51.62640148178784],[0.5531858879384502,51.625663863949406],[0.5526006501966064,51.62495855114999],[0.5519071786184563,51.62429233424091],[0.5511121542508371,51.62367162737785],[0.5502884970917716,51.62314419778961],[0.5507557172598225,51.622912353499814],[0.5516701944531661,51.6223590501101],[0.5524931176481651,51.62175261214922],[0.5532165628781762,51.62109888192057],[0.5538335654310609,51.620404157056925],[0.554338186828415,51.619675129799504],[0.5547255718780734,51.61891882248436],[0.5549919952557797,51.61814251985926],[0.5550049793701867,51.61807084836134],[0.5551052918315825,51.61807789067465],[0.5563803515031436,51.61808909587178],[0.5576510325886174,51.618022433041816],[0.5589050913237438,51.617878544609965],[0.560130444390667,51.61765881710319],[0.5613152855194317,51.61736536776643],[0.5616659719255774,51.61725258925018],[0.5611235294609068,51.61774292247007],[0.5605066743391922,51.618437683934324],[0.560002165828177,51.61916673631823],[0.5596148672072138,51.61992305985296],[0.5593485137784869,51.62069937182376],[0.5592056766864614,51.621488196664345],[0.559187737925306,51.62228193792228],[0.5592948767838398,51.62307295140267],[0.5595260678679901,51.623853618787486],[0.5598790907294529,51.62461642102024],[0.5603505510172883,51.62535401074948],[0.5609359129577053,51.62605928313189],[0.561629542857302,51.62672544431157],[0.5624247632176931,51.6273460769138],[0.563116707951214,51.62778897523054],[0.5631122706271574,51.62778809504179],[0.568638731502529,51.62977614868658],[0.5688421089946285,51.62981647802702],[0.5700895277560433,51.629982167992225],[0.5713570407340945,51.63007095261276],[0.5726324346859067,51.630081976483005],[0.5736590619397279,51.63002798572212],[0.5736160637646119,51.63026582721767],[0.5735983787251366,51.63105956618198],[0.5737057940445052,51.63185056168944],[0.5739372816688094,51.63263119559371],[0.5742906182957128,51.633393949159256],[0.5747624065534727,51.63413147550193],[0.5753481075097696,51.634836670387486],[0.5760420842053725,51.63550274070513],[0.5768376558002524,51.63612326995408],[0.5777271618161124,51.63669228011029],[0.5787020358604337,51.63720428927449],[0.5797528881239611,51.63765436454349],[0.5808695958572372,51.638038169592846],[0.582041400952992,51.63835200650909],[0.5832570136910205,51.638592851466775],[0.5845047216410674,51.63875838390343],[0.584574029841221,51.638763229299265],[0.5845740114667117,51.638764063105626],[0.5975062236790076,51.63228530500861],[0.5985107994466412,51.630077559119684],[0.5980276005263422,51.62868451911131],[0.5934718862811053,51.62391500280515],[0.5934210911361469,51.623893249717305],[0.592304633484831,51.623509559936835],[0.5911331475057156,51.6231958204781],[0.5899179106555342,51.62295505142133],[0.5886706209193827,51.6227895704122],[0.5874032843605146,51.62270097038337],[0.5861280997265355,51.62269010424231],[0.5851016565992497,51.622744201667956],[0.5851445888129287,51.62250635661768],[0.5851620741646874,51.62171261770276],[0.5850544901064766,51.62092163387434],[0.5848228791411437,51.620141022311024],[0.5844694778527889,51.61937829992414],[0.5839976951350825,51.61864081099663],[0.5836794785447994,51.618257641792695],[0.5843701035234529,51.61783936351118],[0.5851925026696092,51.61723270296097],[0.5859154009011023,51.61657877817464],[0.5865318387801767,51.61588388865729],[0.5870358832720395,51.61515472823396],[0.5874226847447366,51.61439832052086],[0.5874439067316298,51.61433634367496],[0.5866745850456516,51.61158463883761],[0.5788345564081238,51.60463122330583],[0.5788345116117549,51.60463324359616],[0.5781947003954123,51.60450635277711],[0.5769479572222563,51.60434073910378],[0.5756811543596284,51.60425200479642],[0.574406485422719,51.60424100405488],[0.5731362196490221,51.60430784285634],[0.5718825839892998,51.60445187793341],[0.5706576456012397,51.60467172295271],[0.5694731958680359,51.60496526183523],[0.5683406370499791,51.605329669091184],[0.5672708726526179,51.605761436975364],[0.5670734501800184,51.605859483609485],[0.5664682784071452,51.605278092250785],[0.5656734003578823,51.60465748039991],[0.5647846827311607,51.604088365395995],[0.5638106844014639,51.60357622611038],[0.5628160799245207,51.60314970589718],[0.5628169932379564,51.603109160796386],[0.5627098525438557,51.60231814828914],[0.5624787295690277,51.6015374838301],[0.5621258561934093,51.60077468484234],[0.5616546362235781,51.60003709634904],[0.561069612403212,51.59933182028092],[0.5603764224859297,51.59866564713674],[0.5595817448003962,51.598044990652035],[0.5586932338373001,51.597475826103555],[0.5577194464822387,51.596963632840165],[0.5566697596068731,51.59651334159141],[0.5555542798119932,51.5961292870574],[0.5543837461899198,51.59581516623453],[0.5531694270390397,51.595574002874834],[0.5519230115198819,51.59540811841981],[0.550656497289382,51.59531910968532],[0.5493820751875419,51.59530783351206],[0.5481120120781288,51.59537439852752],[0.5471038331429929,51.59549003094965],[0.5471030936455556,51.59548955705956],[0.544293369433389,51.60095448452935],[0.5429626226833265,51.60257328646929],[0.5426229948898805,51.604247402858135],[0.5408322683802174,51.605834358771645],[0.5405456845726577,51.60598992390613],[0.5373938624592316,51.60669112757721],[0.5372309481248683,51.606939073881215],[0.5321228822680789,51.609390585926796],[0.5319240605116032,51.61005274863483],[0.5270687041026882,51.61145647696409],[0.5262083721329105,51.61148922952014],[0.5242058024007846,51.610786808180535]]]}},{"type":"Feature","properties":{"db_school_name":"Abacus Primary School","harvested_label":"Abacus Primary School","urn":"133312","margin_m":306.5},"geometry":{"type":"Polygon","coordinates":[[[0.5230808014591783,51.5996932878584],[0.5228496536827859,51.60114500197512],[0.521740827579633,51.6028568362833],[0.521743504621997,51.603083662631185],[0.5239742596570277,51.60400923258727],[0.5245662444057831,51.605657315311745],[0.5245493571672429,51.60623261858523],[0.5256537790336794,51.60715103792876],[0.5237729843841067,51.60992829773889],[0.5242058024007846,51.610786808180535],[0.5262083721329105,51.61148922952014],[0.5270687041026882,51.61145647696409],[0.5319240605116032,51.61005274863483],[0.5321228822680789,51.609390585926796],[0.5372309481248683,51.606939073881215],[0.5373938624592316,51.60669112757721],[0.5405456845726577,51.60598992390613],[0.5408322683802174,51.605834358771645],[0.5426229948898805,51.604247402858135],[0.5429626226833265,51.60257328646929],[0.544293369433389,51.60095448452935],[0.5471030936455556,51.59548955705956],[0.5463684019440043,51.59501873930582],[0.5453948032847422,51.59450644092688],[0.5444474600032829,51.594099883605324],[0.5341470531798173,51.59795406118509],[0.5298588593084852,51.59786198702794],[0.5272129722982388,51.599466928332724],[0.5230808014591783,51.5996932878584]]]}},{"type":"Feature","properties":{"db_school_name":"Janet Duke Primary School","harvested_label":"Janet Duke Primary School","urn":"144351","margin_m":142.5},"geometry":{"type":"Polygon","coordinates":[[[0.43468349746543394,51.57202777001999],[0.43458729806384755,51.57428108889821],[0.43482224083362514,51.57519703727895],[0.43410087455569923,51.576217753865315],[0.4353338831363126,51.57878626829302],[0.44317906636836835,51.57897971647797],[0.4444040515709892,51.57950310056652],[0.45133314831322235,51.57784797063118],[0.45084326200605346,51.573974245582214],[0.44968866404779706,51.57351685127357],[0.446641686627109,51.56997397046548],[0.44548888541119297,51.569076492135984],[0.44533564835979217,51.56831107340648],[0.4401856977370555,51.56783651511129],[0.43902432069794994,51.56865755549319],[0.43199363405781543,51.56982011040242],[0.43468349746543394,51.57202777001999]]]}},{"type":"Feature","properties":{"db_school_name":"Laindon Park Primary School & Nursery","harvested_label":"Laindon Park Primary School and Nursery","urn":"145812","margin_m":194.3},"geometry":{"type":"Polygon","coordinates":[[[0.43427336558817775,51.58237319932801],[0.43570749260352243,51.58310439334867],[0.43873620833264837,51.58339140751298],[0.4437811958004704,51.58283928124686],[0.4444040515709892,51.57950310056652],[0.44317906636836835,51.57897971647797],[0.4353338831363126,51.57878626829302],[0.43410087455569923,51.576217753865315],[0.4277611112560479,51.57571644911892],[0.4271207725896863,51.57674119710884],[0.4272542169106513,51.578799788797326],[0.43297390812018016,51.58074831869721],[0.43290638916992186,51.58124812181187],[0.43427336558817775,51.58237319932801]]]}},{"type":"Feature","properties":{"db_school_name":"Cherry Tree Primary School","harvested_label":"Cherry Tree Primary School, Basildon","urn":"143452","margin_m":173.7},"geometry":{"type":"Polygon","coordinates":[[[0.4683178723753053,51.56455082674323],[0.4660162878790887,51.566217786274],[0.4659140017016369,51.56870253044631],[0.4662075198685162,51.56890729485073],[0.4666151195989307,51.56911249276188],[0.46728047816786783,51.569720180066206],[0.46743893517448876,51.569827162480074],[0.47532263833381216,51.568347562042305],[0.4753934223766783,51.56815326668148],[0.48027132539488526,51.56786895476326],[0.4821214202981691,51.56674821680695],[0.48194081103981284,51.566308598003424],[0.4845451774358472,51.56431063394899],[0.48266085540169784,51.56171587497336],[0.48255279893560865,51.5612966785864],[0.4797385141425242,51.560159979909905],[0.47705710651060806,51.55995722971036],[0.47548070528096853,51.560388443832395],[0.4707174699277134,51.55977836884596],[0.46860321122224285,51.564389966452445],[0.4683178723753053,51.56455082674323]]]}},{"type":"Feature","properties":{"db_school_name":"Bardfield Academy","harvested_label":"Bardfield Academy","urn":"143203","margin_m":135.7},"geometry":{"type":"Polygon","coordinates":[[[0.4797385141425242,51.560159979909905],[0.48255279893560865,51.5612966785864],[0.48266085540169784,51.56171587497336],[0.4845451774358472,51.56431063394899],[0.48194081103981284,51.566308598003424],[0.4821214202981691,51.56674821680695],[0.482890999258175,51.56704949539348],[0.4889194403032308,51.56688517522178],[0.4894958923956729,51.56610815251993],[0.489715563071002,51.565564484870656],[0.492846440733842,51.56432260614539],[0.49156440805672874,51.5619449024728],[0.4916931018049983,51.559631453733],[0.4865658998193055,51.56173865883477],[0.484401892874734,51.56119311175217],[0.4867276201345972,51.559315481487985],[0.48291813262787847,51.55844363856941],[0.4797385141425242,51.560159979909905]]]}},{"type":"Feature","properties":{"db_school_name":"Great Berry Primary School","harvested_label":"Great Berry Primary School","urn":"137226","margin_m":303.6},"geometry":{"type":"Polygon","coordinates":[[[0.3983069742090059,51.57365759079966],[0.3991057505064841,51.57349882159406],[0.40148497480036754,51.57271377265167],[0.4019901608430851,51.572619646124366],[0.4061395665735826,51.57260176783296],[0.410962868547424,51.56917211717639],[0.4100236821360739,51.567807477945564],[0.411759356842703,51.564881827437986],[0.4116768389061653,51.56441727696272],[0.41299802961235527,51.56326157284419],[0.4116969775479213,51.5573015976208],[0.41134053069236687,51.557296464022784],[0.411225031756465,51.55737525782462],[0.4111716789979211,51.55743029831606],[0.4111173759400842,51.557467377358314],[0.41105558623177213,51.55750011457201],[0.4110061550831032,51.557519111563934],[0.41088478845434595,51.55754318343905],[0.4108041297284105,51.55754753826744],[0.41071296851033495,51.557542219989855],[0.41062420746770795,51.55752606230302],[0.41051840759927977,51.55749137532791],[0.41029822830967594,51.5574734232012],[0.41007384218409615,51.557459153468166],[0.4096187234487935,51.557447825623846],[0.4084885836137881,51.55752048413338],[0.40839856159231264,51.5575367179857],[0.40806275955247095,51.55759755506014],[0.40757756988534627,51.55769930880562],[0.407119684663652,51.55777074091054],[0.40667654240962203,51.55773847785673],[0.40631897090344643,51.557770088088944],[0.4052711427414751,51.55798038139858],[0.4049573945538103,51.55799490563189],[0.4047046929096582,51.55821055617164],[0.40427767122438607,51.55826516207356],[0.4036531479694124,51.558377756466236],[0.40336073742708406,51.55841350638856],[0.4027665446211868,51.558474228840794],[0.4024694244474108,51.55850189192032],[0.4022792284060149,51.55850668654399],[0.4020976136125408,51.55850950649892],[0.4017693217235486,51.5584964492817],[0.40150280430595314,51.55844796233155],[0.4013901772743664,51.55833779602985],[0.40115255326204013,51.55831838611564],[0.4007226051868442,51.55826335295199],[0.4006298761627556,51.5582553609692],[0.4003500863768961,51.558257491246295],[0.39993550492462143,51.55824799237478],[0.3994939308183246,51.55821836713195],[0.39915707809309,51.55823244911736],[0.3987447843741862,51.55810143766487],[0.39875561931243503,51.55795017421715],[0.398678563407651,51.55780151746683],[0.3985953445887336,51.55778433894892],[0.3985809659817185,51.557784632966815],[0.39843041340583185,51.55788489955359],[0.3982271728794492,51.5578881557054],[0.39698173170527323,51.55782721242652],[0.39564028481806907,51.55777729799938],[0.3950165386370594,51.55773968792264],[0.3942647911032454,51.5577109806973],[0.39389851020971955,51.55768788871038],[0.3935028135685643,51.557652808997645],[0.3933678832704402,51.55810518006828],[0.39333718035678245,51.55864631994588],[0.3932987977752571,51.55887816133414],[0.3931750752071056,51.55924048792781],[0.39305626691194295,51.55953330769223],[0.3929125871722336,51.55993020604871],[0.3927693716156726,51.56027935370676],[0.39233472977967443,51.56159221122081],[0.3920958408963746,51.56256653648912],[0.39204127552034446,51.563065906077185],[0.39201640805330207,51.56341713485645],[0.3919981536737359,51.56381048482934],[0.3919792755502621,51.56433250244611],[0.3919812705903176,51.5647263387724],[0.3919712319564462,51.56497477297799],[0.3919809600613041,51.565298324894904],[0.39194709612101414,51.56572525774981],[0.3919368530774164,51.5658982212975],[0.39230531895299825,51.56615127178257],[0.3983069742090059,51.57365759079966]]]}},{"type":"Feature","properties":{"db_school_name":"Ryedene Primary and Nursery School","harvested_label":"Ryedene Primary and Nursery School","urn":"143127","margin_m":151.1},"geometry":{"type":"Polygon","coordinates":[[[0.4797005164868745,51.55393459950716],[0.472132202314928,51.552710661291115],[0.47127404836233905,51.553036376646354],[0.4661241272850993,51.55636351147294],[0.4702153522019467,51.55950697608901],[0.4707174699277134,51.55977836884596],[0.47548070528096853,51.560388443832395],[0.47705710651060806,51.55995722971036],[0.4797385141425242,51.560159979909905],[0.48291813262787847,51.55844363856941],[0.4867276201345972,51.559315481487985],[0.484401892874734,51.56119311175217],[0.4865658998193055,51.56173865883477],[0.4916931018049983,51.559631453733],[0.49198709931222306,51.55914283312986],[0.4985941003454505,51.5555199134567],[0.4999619075935416,51.554723511662964],[0.4995015999764813,51.55400043355193],[0.4989181438699641,51.553294821748786],[0.498226574217876,51.55262825509387],[0.4974335537513997,51.55200715111771],[0.4965467210119477,51.55143748941099],[0.49557461673724035,51.55092475411399],[0.494526601607419,51.550473881178576],[0.49341276614337465,51.550089210907856],[0.49224383362324603,51.5497744462279],[0.4910310569484202,51.54953261709003],[0.49016695627206414,51.549417007578995],[0.48539764584744366,51.55234820647321],[0.4797005164868745,51.55393459950716]]]}},{"type":"Feature","properties":{"db_school_name":"Kingswood Primary School and Nursery","harvested_label":"Kingswood Primary School and Nursery","urn":"115268","margin_m":193.9},"geometry":{"type":"Polygon","coordinates":[[[0.4702153522019467,51.55950697608901],[0.4661241272850993,51.55636351147294],[0.46429878282566434,51.5561795421206],[0.4540976917085961,51.552708254120716],[0.4529767265209129,51.55651358414466],[0.4505945176805958,51.55995749940337],[0.45236102545077395,51.562906118636235],[0.45213091813746076,51.56349279665788],[0.45255299407241406,51.564246027034045],[0.4547158836563526,51.56618705642514],[0.4541606435546778,51.566963896179736],[0.4580343952129498,51.56865772369101],[0.4596660405131939,51.568969564794614],[0.45995016117528087,51.568877882470694],[0.4624846376642231,51.56884134691413],[0.46278402681115516,51.56877931274657],[0.4659140017016369,51.56870253044631],[0.4660162878790887,51.566217786274],[0.4683178723753053,51.56455082674323],[0.46860321122224285,51.564389966452445],[0.4707174699277134,51.55977836884596],[0.4702153522019467,51.55950697608901]]]}},{"type":"Feature","properties":{"db_school_name":"Lincewood Primary Academy","harvested_label":"Lincewood Primary Academy","urn":"150598","margin_m":440.4},"geometry":{"type":"Polygon","coordinates":[[[0.4116768389061653,51.56441727696272],[0.411759356842703,51.564881827437986],[0.4100236821360739,51.567807477945564],[0.410962868547424,51.56917211717639],[0.41623208922232985,51.56970909925117],[0.4163463882521855,51.56945139517342],[0.41780231346360636,51.567552816697564],[0.42194185317484456,51.56735296893627],[0.42263270345170023,51.56672022966064],[0.4267040492635208,51.56538120239302],[0.43006208349377006,51.56565841781739],[0.43142828333157385,51.564430474387585],[0.43238038797253103,51.561567874555166],[0.43562570650518295,51.559049296399245],[0.43576261778075,51.5579950655451],[0.4422996706835042,51.55461767433772],[0.448047330604521,51.550996798515214],[0.4476290001405571,51.55097801224548],[0.447135872051603,51.55092896265813],[0.4470496247145775,51.550906487530305],[0.44691017634591185,51.550887729370004],[0.44678482078165677,51.55089223304709],[0.44664210910352226,51.550921282351595],[0.44655433401910505,51.55095008579893],[0.44641072460972364,51.551017813676275],[0.44598356688813884,51.55117416924019],[0.44601308262009,51.550864185449576],[0.4457394617842696,51.55084741450736],[0.4457537604456064,51.550009905272645],[0.44580173070590046,51.54953401790767],[0.4457965434010042,51.54930207712631],[0.44554779198553346,51.549263209729375],[0.4448108897803967,51.549158996387774],[0.44471623131849436,51.54919693250151],[0.44362602983297533,51.54901367448868],[0.4434401914478322,51.54896360291683],[0.44368595103093755,51.548463006744164],[0.44379424431758363,51.54822240804361],[0.44394627085794014,51.547936843680894],[0.44411539964305174,51.547783984868985],[0.44419020634672823,51.54769971156063],[0.44328529508289166,51.54744695741152],[0.4430337540368702,51.54740904219828],[0.44290191296493564,51.54737222975135],[0.44315716719390524,51.54720867692914],[0.44338285596639054,51.5470060909693],[0.44357558563752336,51.54672777028662],[0.4437706857957542,51.546411639950676],[0.4432098081335211,51.54620026660822],[0.4428620139928411,51.54603489033294],[0.4427769637611358,51.54600789147866],[0.4426920360157565,51.54598538483306],[0.44241810087254735,51.54598659488433],[0.4421956944953802,51.545955173174214],[0.44175914799608734,51.54572241353893],[0.441713569641083,51.5457062806649],[0.4416405727747775,51.5456889199241],[0.4415736631632124,51.5456786252095],[0.4415216553960342,51.545677909211996],[0.44143985876195074,51.54568500607621],[0.44126998302105075,51.545717312377924],[0.4411779452655244,51.54572192515211],[0.4410568337578899,51.54569657495501],[0.44094671038362176,51.54566101615517],[0.44075758741390336,51.5455759450625],[0.440483379512415,51.5454386991227],[0.4403512113088631,51.54536673700233],[0.44006455291340985,51.54518569488891],[0.4399062314684769,51.545111669238445],[0.43978029442317274,51.5453183770447],[0.43959220897771206,51.54560378669622],[0.4391811012936483,51.54625085405697],[0.4390957447391548,51.54638038703326],[0.4390329978002426,51.546421250436005],[0.4390230449729687,51.54642415447991],[0.43843445932794056,51.546368064098736],[0.43801800132408925,51.54626604648044],[0.4375029464280685,51.54615717592277],[0.43730370039132394,51.54653002372345],[0.4365251247221456,51.54653720995456],[0.4362984355166647,51.5470176139875],[0.4362301168931232,51.5473059251341],[0.4361849336290632,51.54753981160827],[0.43613975138204775,51.547773698032636],[0.43608147434569905,51.54814091748291],[0.4359846422689209,51.54843431545091],[0.4358877624996329,51.54872681588453],[0.43573213216595125,51.548945913217885],[0.43571462250538523,51.548996624504916],[0.4357199445385258,51.54904056819234],[0.43578508163780966,51.54915339706143],[0.43577970535004923,51.54918857239416],[0.4357588034111807,51.54920249180746],[0.4357404393311647,51.549208268209085],[0.4354924701290262,51.54923948975302],[0.43543424666254865,51.5492560726516],[0.43538077462009556,51.54928145835592],[0.4353419400759882,51.54930923627916],[0.43531876215032533,51.54933399203976],[0.43529765864124875,51.54937309028399],[0.4352869642119847,51.549415568790806],[0.4352901176151416,51.54944786902744],[0.4353199238455143,51.549518276834085],[0.43497249057856724,51.549548865348804],[0.433661298369567,51.54960314113104],[0.43234091038320277,51.549674584705066],[0.4309700639398633,51.549720986053465],[0.43064311746749584,51.548864390669365],[0.4299048466364242,51.548814056265286],[0.4299208134424249,51.548517843274574],[0.4299554905786054,51.54824911351217],[0.43013331806717664,51.54749992476173],[0.43022928634137275,51.54721643960373],[0.43033850179905736,51.546802225115826],[0.4303551627753211,51.54657261844066],[0.4303334544393719,51.54630146134617],[0.4303695176290516,51.54600303309275],[0.43003101464849486,51.54590395751036],[0.42963798269079645,51.54581041544011],[0.42896806632998075,51.54568943149369],[0.42878872483899116,51.545653586993346],[0.4286976136238085,51.5455394045331],[0.4286416686020454,51.545355355761345],[0.42856679769768874,51.545331732269325],[0.42851547970956916,51.54520773517233],[0.4284979193325803,51.545201805320325],[0.4283697123552545,51.54517928605601],[0.4276602983290064,51.54512923890805],[0.42764575989169873,51.545206859915304],[0.4275846086653288,51.54541410087715],[0.4275371275571862,51.545522971648424],[0.42736280596704557,51.54585392900178],[0.42730037505935275,51.5460081515817],[0.427160808310709,51.54620343983164],[0.42704483029489176,51.54630122997202],[0.4269658463875583,51.54663381016355],[0.4269117876592506,51.546972167981494],[0.4268826879472664,51.54721192123547],[0.42678670467445723,51.547439662072726],[0.42668803170911573,51.547728594323935],[0.42653959988388634,51.548081491314996],[0.4264185631717736,51.548437417736274],[0.4256158455189255,51.5482328511534],[0.42527251168029145,51.54815265212631],[0.4251048528861085,51.548117458798096],[0.42479596806531456,51.548087882038864],[0.4248556461587407,51.548396016445096],[0.42484447400102926,51.5485392879994],[0.4248287831847385,51.548678068229805],[0.4247689749964745,51.54890865576735],[0.42470174136150246,51.54927245846554],[0.42476691356379526,51.54968387149802],[0.4247804439471941,51.54972135245917],[0.42490818344618025,51.55006134468903],[0.4250347422272125,51.55016221024208],[0.42528367360233627,51.55020471284474],[0.42530023904069186,51.55021875584632],[0.4253907005268662,51.55031847974782],[0.4255250745545403,51.55056842724479],[0.4256248089370826,51.550598731301726],[0.4258384828880299,51.55095312864088],[0.42604047684463603,51.55117290685236],[0.42626813318165785,51.551465878395774],[0.426238531409698,51.551559993095545],[0.42641782274482215,51.55173079203406],[0.4265899254522606,51.55187377954487],[0.4264632199861738,51.551987074798944],[0.4260714020426434,51.55218757951699],[0.425664108227921,51.55236781389683],[0.4248833580268237,51.55268703202891],[0.4244196000568162,51.55280990064303],[0.42431722087097884,51.552510740857805],[0.4241716879761185,51.55229698469804],[0.424013482638325,51.552117744464816],[0.42380868809965194,51.5519816332072],[0.42326812977881384,51.551881318135614],[0.4225999581521037,51.55182139796957],[0.42237812552846293,51.551745063228],[0.4221372499339163,51.55152967724523],[0.4218588781713021,51.55150395818752],[0.4214957431070616,51.551456613307096],[0.42137274714758705,51.551420492516456],[0.4212509567319964,51.551382459039544],[0.4202477715910987,51.55101827512513],[0.4197375718804383,51.550891244387735],[0.41942829994333336,51.55079863793257],[0.41927847825244896,51.55074778436894],[0.41913131642137996,51.550693279377185],[0.41884872886012875,51.55055885396187],[0.4182174768890872,51.55081551659186],[0.41798056678113654,51.551080319364154],[0.41879266017111333,51.55151508406937],[0.4194466728591189,51.55193143682076],[0.41929435379876395,51.552053254668685],[0.4196230435719037,51.552265037191034],[0.41983248457470956,51.55213484771396],[0.42052336875365365,51.55253964563676],[0.4208688946135495,51.552772653761835],[0.4210522332133786,51.55296396625598],[0.4208781773916924,51.55308182994655],[0.42084087616525623,51.553114067009474],[0.4207789660810941,51.55319805788444],[0.4204693273043265,51.5539680215168],[0.420414955418056,51.55408422402658],[0.4201673178097032,51.554583907342725],[0.42001813067908245,51.5548163361462],[0.4197398724104725,51.55514492968276],[0.4194257948847658,51.55556066163535],[0.4192002858839636,51.55576939986899],[0.418976483518768,51.556093272842425],[0.41874592257792187,51.55637053272101],[0.4186491936054812,51.55661446476229],[0.41812756287862657,51.55676187637569],[0.41797167565465265,51.55681453896963],[0.41784647359767846,51.556873850632485],[0.417759882489044,51.55692778068663],[0.4176490080018682,51.557012779927085],[0.4173666996932295,51.557130980734556],[0.41724586492520654,51.55716502800966],[0.41714002050265137,51.55718339240598],[0.4170467217793335,51.557191608383995],[0.4167797492038707,51.55719081587359],[0.4166689129363613,51.55719579651199],[0.4165613786973569,51.55720700244859],[0.4164598340994431,51.55722347900642],[0.41629044364313367,51.55726832544463],[0.41605168893520206,51.55736225076819],[0.41564605089107576,51.55738678840162],[0.41479113941097384,51.55737112551769],[0.4146969406647518,51.557443191753244],[0.4145505050197555,51.55748576447308],[0.41402696534417976,51.557460578224145],[0.41363021115738957,51.5574058085293],[0.4133653772845388,51.55739147805129],[0.41310356132456766,51.55737798420878],[0.41299512264954796,51.55734515147993],[0.4127127981977049,51.557328483179624],[0.4124206106802764,51.557312016150014],[0.4116969775479213,51.5573015976208],[0.41299802961235527,51.56326157284419],[0.4116768389061653,51.56441727696272]]]}},{"type":"Feature","properties":{"db_school_name":"Barling Magna Primary Academy","harvested_label":"Barling Magna Primary Academy","urn":"143948","margin_m":733.4},"geometry":{"type":"Polygon","coordinates":[[[0.7712598028938138,51.5852146140453],[0.7712587827845274,51.585212431538935],[0.7714766990335026,51.585286957099015],[0.7726483725484755,51.58559889334511],[0.7738634974092964,51.58583777127367],[0.7751103658755538,51.58600128928218],[0.7763769638978465,51.58608787187897],[0.7776510870513071,51.586096684883906],[0.7789204583167808,51.58602764347517],[0.7801728465658551,51.58588141300416],[0.7813961845990194,51.58565940257065],[0.7825786855907637,51.585363751420836],[0.7837089568112277,51.58499730830047],[0.7847761095212241,51.58456360396357],[0.7857698639754889,51.58406681710367],[0.7866806485175613,51.5835117340383],[0.7874996918083202,51.582903702537656],[0.7882191072981075,51.58224858024511],[0.7888319691289614,51.581552678189276],[0.789332378737901,51.58082269993445],[0.7897155215235756,51.58006567695846],[0.7899777130358985,51.579288900882226],[0.7901164342507193,51.57849985320623],[0.7901303555978113,51.5777061332319],[0.7900193495196983,51.57691538486301],[0.7897844914498324,51.57613522299291],[0.7894280492102824,51.5753731601862],[0.7892800074478478,51.57514338200932],[0.7897275325891702,51.57503143358848],[0.7908574902972024,51.57466492569983],[0.7919243340008981,51.574231160285244],[0.7929177869339354,51.57373431662607],[0.793828280346081,51.57317918158623],[0.7946470457036404,51.57257110343572],[0.7953661991345046,51.571915940266344],[0.7959788173045544,51.571220003499405],[0.796479003996649,51.57048999703257],[0.7968619467546934,51.56973295261428],[0.7971239630526957,51.56895616207108],[0.7972625355509739,51.56816710704183],[0.7972729078658319,51.56757055727379],[0.7976748779758742,51.56711385062562],[0.7981749946488829,51.566383837557154],[0.7985578771149668,51.56562678807293],[0.798819843427718,51.56484999404791],[0.7989583767275725,51.56406093715432],[0.7989671171955562,51.563557217306645],[0.7989780236945343,51.56355864602958],[0.796495791567946,51.56173835741129],[0.7865298330908357,51.55938482363235],[0.7907837962942172,51.55465189240565],[0.7765125938451283,51.55329618878124],[0.7764493551372472,51.55342112825732],[0.7761870636953161,51.55419787834204],[0.7760481583827564,51.55498691493087],[0.7760339833143702,51.555780639511894],[0.7761446815079526,51.55657140803125],[0.7763791932570021,51.55735160451163],[0.7766670007824213,51.557967606945674],[0.7764857172341595,51.558078122054106],[0.7756669576319121,51.55868607445238],[0.7750503581514127,51.55924764131781],[0.7750468918262601,51.55924616252979],[0.7739305764386809,51.55886419690454],[0.7727595893702097,51.55855226209918],[0.7715452032595587,51.55831336082892],[0.7702991078949564,51.55814979276781],[0.7698272831811012,51.55811749218172],[0.770120424722063,51.55778466520388],[0.7706208907773516,51.55705476360022],[0.7710041621341394,51.55629779739173],[0.7712665530942808,51.55552105765305],[0.7714055427029082,51.55473202553557],[0.771419798795398,51.55393830019211],[0.7713091905815528,51.553147525579845],[0.7710747896552558,51.55236731684684],[0.7708241588360568,51.55183066055677],[0.7698310253640817,51.55177928944446],[0.7695248478945933,51.55239180800251],[0.7681927705133169,51.5524547287008],[0.766798234496525,51.55255866866856],[0.7641558981813981,51.55268760498261],[0.7630256213923677,51.5528185387073],[0.7626092812458294,51.55287510134951],[0.7621047054264881,51.55293014416075],[0.7618637328968353,51.55295200380996],[0.7616681272634058,51.55296290418625],[0.7614477370935031,51.55296719465385],[0.7611298987369188,51.55296119239665],[0.7609983883237373,51.55328985865089],[0.7587222882471388,51.55386958753066],[0.7576570772490117,51.55412310595662],[0.7565917400603878,51.55437472976588],[0.7531240246105144,51.554862769100055],[0.7535249093163531,51.55629230163939],[0.7533595004012742,51.55634842435305],[0.7533482563258302,51.55649704166775],[0.7533007473619718,51.556736513303726],[0.7532927358172252,51.55681852092139],[0.75335223106331,51.55751771472939],[0.7525488252036368,51.55766433785148],[0.7522855088739606,51.55772446479381],[0.7520854093738287,51.55777951108145],[0.7519141767865063,51.557833879660784],[0.7517535190228584,51.55789789025832],[0.7515527421840471,51.557989005549686],[0.751550096560399,51.55799446205589],[0.7520626183150844,51.55835745731966],[0.7517557531045805,51.55846086284993],[0.7510618327383015,51.5587011124207],[0.7506182241747549,51.55888055096821],[0.7490462377219046,51.55930061202039],[0.7490424683651662,51.55935644612773],[0.7484731038138004,51.559399183563585],[0.7487404508358171,51.55960707070473],[0.7496305247236432,51.56017477420035],[0.7506056066500326,51.56068535631171],[0.7516563047695092,51.561133897887274],[0.7527724977905593,51.56151607738377],[0.7539434325449971,51.561828212555895],[0.7551578276859657,51.56206729598171],[0.7564039825105117,51.56223102407927],[0.7568758424822453,51.5622633781715],[0.7565825753369592,51.562596173668304],[0.7560818245645771,51.56332601896577],[0.7556982486956317,51.56408294013034],[0.755435547188647,51.5648596486749],[0.7552962560166829,51.565648665196115],[0.7552817230135288,51.56644239137725],[0.755392094648067,51.567233183151004],[0.755626314363592,51.56801342431777],[0.7559821325077062,51.568775599910836],[0.756456127766581,51.569512368601],[0.7570437399060461,51.57021663344218],[0.7577393135122187,51.57088161027493],[0.7585361523172182,51.5715008931272],[0.7594265835921636,51.57206851597963],[0.7604020319909757,51.57257901029792],[0.7614531021357526,51.57302745777533],[0.7625696691483597,51.57340953777431],[0.7637409762544937,51.57372156900755],[0.7649557385165722,51.573960545054106],[0.7658365175062634,51.574076158308955],[0.765485837667153,51.57447412183433],[0.7649851076995732,51.57520400365723],[0.7646015884246424,51.575960951868694],[0.764338978760717,51.57673767772097],[0.7641998138012772,51.57752670164362],[0.7641854401694052,51.578320425248094],[0.764296002803623,51.57911120449107],[0.7645304433117773,51.57989142329268],[0.7648395091376962,51.580552965562404],[0.7712598028938138,51.5852146140453]]]}},{"type":"Feature","properties":{"db_school_name":"Holt Farm Infant School","harvested_label":"Holt Farm Infant School","urn":"114879","margin_m":194.4},"geometry":{"type":"Polygon","coordinates":[[[0.6807636680752116,51.59708564563039],[0.6810214990512927,51.599769668115286],[0.6792773943731736,51.60308353312276],[0.6798602125317628,51.6048345950815],[0.6903844378614192,51.603994811346816],[0.6906040431973628,51.60403588729412],[0.6907751234481885,51.604000561818694],[0.6943934054683496,51.60414804218494],[0.7048865080687433,51.6085073149736],[0.7056893454148977,51.608019356278945],[0.7065099212512391,51.607411870718046],[0.7072308958957264,51.606757225295425],[0.7078453284607975,51.60606172645157],[0.7083473052456952,51.605332073873186],[0.7084846492656003,51.60506188892119],[0.7090826334342164,51.60486857904696],[0.7101509818965992,51.6044355380617],[0.7111460007359148,51.603939366997906],[0.7120581061003491,51.60338484624267],[0.7123122334299146,51.60319666227971],[0.712313558079369,51.60319675351375],[0.7070241474388047,51.59444476442805],[0.7046126363676214,51.594122301461596],[0.7009565971314742,51.59146510429857],[0.7016768331870953,51.58857890743821],[0.6934408119512258,51.586995304542896],[0.6913468595292854,51.58723184578338],[0.6883649572075083,51.5886143816455],[0.6837615999475118,51.58865200033138],[0.6837356636292972,51.5886373102152],[0.6728729619079661,51.58516297962404],[0.6723821688707406,51.58497746300893],[0.6723834145848386,51.58497940504618],[0.6716147782935628,51.58502051025794],[0.6714587527442464,51.5850385796258],[0.6693868428429257,51.58688557420659],[0.6689523833441332,51.59422187315963],[0.6706494665195812,51.59592079416048],[0.6710831750815504,51.59615854154706],[0.6748324633852166,51.59627430016154],[0.6807636680752116,51.59708564563039]]]}},{"type":"Feature","properties":{"db_school_name":"Edward Francis Primary School","harvested_label":"Edward Francis Primary School","urn":"115012","margin_m":366.5},"geometry":{"type":"Polygon","coordinates":[[[0.6115846019160048,51.582908202396894],[0.6114439638267489,51.582906511644936],[0.6103607963860244,51.58338102356514],[0.6097081579902741,51.584117448860624],[0.6084311168823728,51.58458273145906],[0.6074333009668954,51.58953115597438],[0.6067251984831737,51.589788082185706],[0.6057412786357723,51.59021155863121],[0.6056430034396658,51.59065839035802],[0.6047157383595622,51.59170714752801],[0.6057512443439212,51.593774858096275],[0.6102967077281803,51.594714840163526],[0.6082602696548093,51.59746326154872],[0.6124677249349931,51.59952780448775],[0.6168132651907929,51.598428537734556],[0.6252133126463792,51.60328000913026],[0.6313415184775812,51.59917916339318],[0.6372759079472566,51.5988983830196],[0.6431033112484226,51.59590801604477],[0.647384120116166,51.59280910109184],[0.6473817692269349,51.59280922630002],[0.6473257173614154,51.59240092784651],[0.6470932054115345,51.591620448980024],[0.6467390059732177,51.590857922575566],[0.6462665356097704,51.590120691025184],[0.645680349090297,51.58941585281712],[0.6449860953473612,51.58875019422953],[0.644190462935146,51.588130124040156],[0.6433011155187092,51.58756161187848],[0.6425691027534384,51.58717740477844],[0.6425701392251002,51.58717537144103],[0.6309917830948836,51.58922823744529],[0.6268785461118659,51.58604513373408],[0.6187525698969579,51.58760832995559],[0.618542243298052,51.587531110416464],[0.6183991992378562,51.586388983647474],[0.6127378122324607,51.583246780446515],[0.6115846019160048,51.582908202396894]]]}},{"type":"Feature","properties":{"db_school_name":"Riverside Primary School","harvested_label":"Riverside Primary School","urn":"135903","margin_m":416.7},"geometry":{"type":"Polygon","coordinates":[[[0.5980276005263422,51.62868451911131],[0.5985107994466412,51.630077559119684],[0.6034618250662173,51.630565204882906],[0.6117824794470205,51.631194142825265],[0.6122146056606552,51.6311852052368],[0.6138570387203406,51.63174341599221],[0.6181656332310541,51.632752043874426],[0.6278996066714608,51.63146740717271],[0.6278946625918974,51.63146481376841],[0.628212571866015,51.63100435390995],[0.6285988084905152,51.63024782006477],[0.628864023448525,51.629471367996246],[0.6290056686011947,51.628682476099286],[0.6290223862300923,51.627888742190066],[0.6289755834031109,51.62754714068146],[0.6297034249351849,51.62700967825177],[0.6304258232311654,51.626355487053],[0.6310416993323839,51.62566037246779],[0.6315451256250393,51.62493103048716],[0.6319312584408115,51.6241744864735],[0.6321963845269999,51.62339802744864],[0.6322532697526917,51.623081043459166],[0.6333815661907188,51.623021121084975],[0.6346354928520841,51.622876424753855],[0.6358605846966778,51.62265590977712],[0.6370450379784066,51.622361700989394],[0.6379266276294298,51.62207749273308],[0.6420939802161041,51.61560685865917],[0.6427926388543399,51.61440416461076],[0.630922292399546,51.609659786003],[0.6302512074780777,51.60887239362125],[0.6244946713508099,51.60569042355254],[0.6127402070502651,51.60965006966933],[0.6109333128786165,51.609662239971904],[0.6075671852546839,51.61260170981639],[0.6034508002810101,51.61531174390405],[0.5965120933563197,51.61780954802089],[0.5965130259403815,51.617809613158556],[0.5963313352372756,51.61807253272531],[0.5960950949416594,51.618534674600106],[0.5953860859033653,51.619176200589266],[0.5947697421859396,51.61987113501645],[0.5942657733411187,51.62060032714004],[0.5938790374570994,51.62135675584331],[0.5936132644215885,51.62213313739623],[0.5934710197932047,51.622921995559665],[0.5934536798625536,51.62371573355715],[0.5934813753771939,51.623919066518255],[0.5934718862811053,51.62391500280515],[0.5980276005263422,51.62868451911131]]]}},{"type":"Feature","properties":{"db_school_name":"Rayleigh Primary School","harvested_label":"Rayleigh Primary School","urn":"139543","margin_m":401.4},"geometry":{"type":"Polygon","coordinates":[[[0.5911467713219505,51.57727867556213],[0.5873105101625005,51.577948898740864],[0.5837291325606296,51.57975147165391],[0.5832777455305352,51.5803554059707],[0.5811547619150115,51.58262904028526],[0.5811622739250296,51.582626621118976],[0.5812257620160346,51.58309420088196],[0.5814571003152496,51.583874827463795],[0.5815100337538771,51.583989186917464],[0.5886089656161355,51.58648147305569],[0.5905311274636555,51.58863728450825],[0.5960907465216371,51.590486348880574],[0.596106056071898,51.59048583376027],[0.5981545142501474,51.589429661813966],[0.6045630253895221,51.589402633919256],[0.6057412786357723,51.59021155863121],[0.6067251984831737,51.589788082185706],[0.6074333009668954,51.58953115597438],[0.6084311168823728,51.58458273145906],[0.6097081579902741,51.584117448860624],[0.6103607963860244,51.58338102356514],[0.6114439638267489,51.582906511644936],[0.6107388238223032,51.579449283499784],[0.6091838896603874,51.578144784506755],[0.6095498676617014,51.57569360140794],[0.6055565216233081,51.575902651011084],[0.6022969315863843,51.57776512791704],[0.599878269946686,51.577032835866056],[0.5963505129702966,51.57821172698921],[0.5911467713219505,51.57727867556213]]]}},{"type":"Feature","properties":{"db_school_name":"Wyburns Primary School","harvested_label":"Wyburns Primary School","urn":"145349","margin_m":301.0},"geometry":{"type":"Polygon","coordinates":[[[0.6252348408676898,51.57028457634088],[0.6226359481626612,51.5697359688835],[0.6213711088041927,51.57054466818315],[0.6170983751253893,51.571870113299326],[0.6167623425845361,51.57192528760541],[0.6134777863942531,51.57201635802316],[0.6095498676617014,51.57569360140794],[0.6091838896603874,51.578144784506755],[0.6107388238223032,51.579449283499784],[0.6114439638267489,51.582906511644936],[0.6115846019160048,51.582908202396894],[0.6172836405864087,51.58011998835643],[0.618836786657859,51.58012592544831],[0.6197537300761098,51.57956876969523],[0.6242685716118593,51.57922562590174],[0.625141007334383,51.57825661301606],[0.6253015647431798,51.57790443276756],[0.6285404171383361,51.57761637883245],[0.6313944652275705,51.57971789844766],[0.6346858394956002,51.58073133452993],[0.6353605910247371,51.58149158103349],[0.6354124702382107,51.58166114555785],[0.6426972842616598,51.58693327343816],[0.6436234414700119,51.586826250516765],[0.6448475221169148,51.58660565483517],[0.6457846975672621,51.586372612244894],[0.6470612047673745,51.585210182105946],[0.6537723144627079,51.58080954999949],[0.6501815644001494,51.577497421924924],[0.6466021280045786,51.57666505657909],[0.6455512984033434,51.576161018294336],[0.6444673844530889,51.57487760919684],[0.6442473344108961,51.574956767740474],[0.6439268691761139,51.57507997451765],[0.6427482069865283,51.57546266691369],[0.6399354306469985,51.57646492740068],[0.638922712567714,51.5767961938161],[0.6384658009107322,51.576384706859294],[0.6382726223835775,51.576437603293414],[0.6380378262692041,51.57619734129465],[0.6377742432063445,51.576257214537684],[0.6374440218243489,51.57593907741274],[0.6369445088777594,51.575537534219954],[0.6366287449631414,51.5753188699191],[0.6364960061138554,51.575219356242215],[0.6361795917474992,51.57496474123732],[0.6359283628734046,51.57473833108614],[0.6356512107428023,51.57446494071906],[0.6350682719284695,51.57474147161193],[0.6346176757755279,51.57493599763308],[0.6345333366648614,51.57472471701321],[0.6345148144763441,51.574680178073386],[0.6338709871509168,51.573504776608935],[0.6336160639360133,51.57298983485924],[0.6335682307507869,51.57291169939339],[0.6335152170162034,51.572842760062535],[0.6333561003889131,51.572688091571216],[0.633226639098471,51.57259560466836],[0.633080313679151,51.57250987887678],[0.6329163117750221,51.57222126496037],[0.632678123269409,51.57175605070124],[0.6285093863486532,51.57112776775617],[0.6252348408676898,51.57028457634088]]]}},{"type":"Feature","properties":{"db_school_name":"Thundersley Primary School","harvested_label":"Thundersley Primary School","urn":"141626","margin_m":181.1},"geometry":{"type":"Polygon","coordinates":[[[0.5797304241723563,51.56775923476008],[0.578982140482825,51.57059643940862],[0.5775977179722814,51.57171196077426],[0.5750955179943905,51.571699080921746],[0.5750232792006719,51.57170346667905],[0.5718831695989963,51.57110441359566],[0.568660409161111,51.572932572445836],[0.5660995646110035,51.574908735036686],[0.5663366799016438,51.57762052726818],[0.568290036633,51.58237284632353],[0.5682927843835208,51.58237118160409],[0.5692402580024095,51.58249718343768],[0.5697564671083716,51.58253339302189],[0.5698994781497853,51.58258262500037],[0.5710697698213193,51.58289659485028],[0.5722838366322727,51.58313757673127],[0.573529981059215,51.583303248763706],[0.5747961960449794,51.583392014694915],[0.5760702808641076,51.583403019300285],[0.5773399588679966,51.58333615663361],[0.5785929959662977,51.58319207104593],[0.5798173186939177,51.58297215096368],[0.5810011307170944,51.582678515486585],[0.5811547619150115,51.58262904028526],[0.5832777455305352,51.5803554059707],[0.5837291325606296,51.57975147165391],[0.5873105101625005,51.577948898740864],[0.5911467713219505,51.57727867556213],[0.5963505129702966,51.57821172698921],[0.599878269946686,51.577032835866056],[0.6022969315863843,51.57776512791704],[0.6055565216233081,51.575902651011084],[0.6095498676617014,51.57569360140794],[0.6134777863942531,51.57201635802316],[0.6042480094786995,51.56896035378662],[0.602989493887037,51.5650262854687],[0.6024369817279491,51.56469004485831],[0.5994594361681368,51.564554062955885],[0.5935689416460577,51.565612951433565],[0.5880333321115117,51.56207656460564],[0.5826747778189585,51.56313386242484],[0.5830429166397589,51.565261204299865],[0.5797304241723563,51.56775923476008]]]}},{"type":"Feature","properties":{"db_school_name":"Grove Wood Primary School","harvested_label":"Grove Wood Primary School","urn":"141052","margin_m":304.7},"geometry":{"type":"Polygon","coordinates":[[[0.6197537300761098,51.57956876969523],[0.618836786657859,51.58012592544831],[0.6172836405864087,51.58011998835643],[0.6115846019160048,51.582908202396894],[0.6127378122324607,51.583246780446515],[0.6183991992378562,51.586388983647474],[0.618542243298052,51.587531110416464],[0.6187525698969579,51.58760832995559],[0.6268785461118659,51.58604513373408],[0.6309917830948836,51.58922823744529],[0.6425701392251002,51.58717537144103],[0.6426933113741351,51.58693373251196],[0.6426972842616598,51.58693327343816],[0.6354124702382107,51.58166114555785],[0.6353605910247371,51.58149158103349],[0.6346858394956002,51.58073133452993],[0.6313944652275705,51.57971789844766],[0.6285404171383361,51.57761637883245],[0.6253015647431798,51.57790443276756],[0.625141007334383,51.57825661301606],[0.6242685716118593,51.57922562590174],[0.6197537300761098,51.57956876969523]]]}},{"type":"Feature","properties":{"db_school_name":"Glebe Primary School","harvested_label":"Glebe Primary School","urn":"145110","margin_m":310.6},"geometry":{"type":"Polygon","coordinates":[[[0.5875154758786109,51.60115547654079],[0.5961364562163709,51.60158781993024],[0.5971342731832358,51.60024658967426],[0.5978193574413765,51.59879028393793],[0.5979960873265158,51.59872200391647],[0.6051936970758365,51.59846076742549],[0.6057514732565895,51.59790634393473],[0.6077119930077723,51.5975000042151],[0.6082602696548093,51.59746326154872],[0.6102967077281803,51.594714840163526],[0.6057512443439212,51.593774858096275],[0.6047157383595622,51.59170714752801],[0.6056430034396658,51.59065839035802],[0.6057412786357723,51.59021155863121],[0.6045630253895221,51.589402633919256],[0.5981545142501474,51.589429661813966],[0.596106056071898,51.59048583376027],[0.5960907465216371,51.590486348880574],[0.5905311274636555,51.58863728450825],[0.5886089656161355,51.58648147305569],[0.5815100337538771,51.583989186917464],[0.581511626674347,51.58399262831494],[0.5811139287795508,51.584064071529745],[0.5799300818106189,51.58435770857123],[0.5787981172469077,51.58472220969492],[0.5777289328773756,51.585154066250894],[0.5767328230058589,51.5856491211],[0.5758193794084173,51.586202608577246],[0.5749973990095754,51.58680920031162],[0.5742747991646746,51.587463056463754],[0.5736585413641324,51.588157881891114],[0.5731545640961749,51.588886986702555],[0.5727677255182265,51.58964335062194],[0.5725017564943415,51.59041969054336],[0.572359224457685,51.59120853062938],[0.5723415084540513,51.59200227427903],[0.5724487856156175,51.59279327727321],[0.5726800292045952,51.59357392139405],[0.5726860876741008,51.593587013244296],[0.5723232042101221,51.594111921426574],[0.5719363103866141,51.59486828279739],[0.5716702997399922,51.5956446208243],[0.5715277401060035,51.59643345968838],[0.5715100107981019,51.5972272028005],[0.5716172890785574,51.598018205946914],[0.5718485482007732,51.59879885090824],[0.5722015670513637,51.59956161884358],[0.57267295130853,51.60029916273179],[0.5732581659219221,51.60100437817149],[0.5739515786092597,51.60167047185603],[0.5747465139576593,51.60229102706194],[0.5756353176140783,51.602860065517596],[0.5766094299504552,51.603372105053644],[0.5776594684960302,51.603822212476786],[0.5787753183431047,51.6042060511551],[0.5788656047074685,51.6042302536782],[0.5875154758786109,51.60115547654079]]]}},{"type":"Feature","properties":{"db_school_name":"The Robert Drake Primary School","harvested_label":"The Robert Drake Primary School","urn":"137246","margin_m":197.1},"geometry":{"type":"Polygon","coordinates":[[[0.5602879003170463,51.563884800860315],[0.5588445492372228,51.5650327282486],[0.5565108814076339,51.56575831743629],[0.5526437049802846,51.56787306741958],[0.5587046978565237,51.5701960176088],[0.5588027435975034,51.57014394326702],[0.5619724461190794,51.57016297883269],[0.5633684395017794,51.571389608950405],[0.5637966503928015,51.57358304261012],[0.5660995646110035,51.574908735036686],[0.568660409161111,51.572932572445836],[0.5718831695989963,51.57110441359566],[0.5700969406081189,51.56926107534032],[0.5728925090435625,51.56551734065658],[0.5727556158804954,51.564840676117605],[0.5702991469800108,51.56473957973282],[0.562521256786615,51.562179889821984],[0.5622369592763732,51.56222020065984],[0.5603590576868694,51.56339929146279],[0.5602879003170463,51.563884800860315]]]}},{"type":"Feature","properties":{"db_school_name":"Kents Hill Infant Academy","harvested_label":"Kents Hill Infant Academy","urn":"137395","margin_m":128.6},"geometry":{"type":"Polygon","coordinates":[[[0.5494417011582375,51.56177854854338],[0.550781892492926,51.564453528432836],[0.550760965507384,51.564504524652236],[0.5494393611403334,51.56545198728685],[0.551688452330897,51.56765328000014],[0.5523062998434962,51.567953839601195],[0.5526437049802846,51.56787306741958],[0.5565108814076339,51.56575831743629],[0.5588445492372228,51.5650327282486],[0.5602879003170463,51.563884800860315],[0.5603590576868694,51.56339929146279],[0.5622369592763732,51.56222020065984],[0.562521256786615,51.562179889821984],[0.5702991469800108,51.56473957973282],[0.5727556158804954,51.564840676117605],[0.5728794473725379,51.56469903056867],[0.5722075640694606,51.56151355036451],[0.5761711980205538,51.56011578741686],[0.5797418346733545,51.559346970449326],[0.5803298844539143,51.55645510348191],[0.5720446957471014,51.55481393234497],[0.5701575418508709,51.55354583919971],[0.5642180602605832,51.5543763943691],[0.5638964099675053,51.55436655793353],[0.5613563564562076,51.5593851163658],[0.5569205473463353,51.55746274657323],[0.5561453015684039,51.55761970693605],[0.5535366746227776,51.5563534303287],[0.5503643425541715,51.55851606055469],[0.5504580211618013,51.55860256835904],[0.5505681319094339,51.561303759199916],[0.5494417011582375,51.56177854854338]]]}},{"type":"Feature","properties":{"db_school_name":"Westwood Academy","harvested_label":"Westwood Academy","urn":"137030","margin_m":380.3},"geometry":{"type":"Polygon","coordinates":[[[0.5844430871637729,51.55433716933177],[0.5803298844539143,51.55645510348191],[0.5797418346733545,51.559346970449326],[0.5825152297111468,51.56304818163477],[0.5826747778189585,51.56313386242484],[0.5880333321115117,51.56207656460564],[0.5935689416460577,51.565612951433565],[0.5994594361681368,51.564554062955885],[0.6024369817279491,51.56469004485831],[0.602989493887037,51.5650262854687],[0.6093809946005448,51.56346276015605],[0.6109732656722823,51.55766973655726],[0.6107622960444428,51.55739743800213],[0.6122655988044572,51.55582800329765],[0.6123840077886552,51.55539765190866],[0.6113853081785092,51.55451797867621],[0.6071120441101482,51.55398148646737],[0.6047270803503036,51.55467418918666],[0.6026280581945826,51.553600016412965],[0.5995775612981693,51.5566324095766],[0.5990338507226285,51.55664369781813],[0.5906412877317222,51.548547530604594],[0.5906268148321979,51.54855112450466],[0.5900940933659875,51.54872285698415],[0.590090702175314,51.548723036058874],[0.5888386497877175,51.5488672315598],[0.5884233831123008,51.548941912077204],[0.5884208806161588,51.54893889436081],[0.5844430871637729,51.55433716933177]]]}},{"type":"Feature","properties":{"db_school_name":"Kingston Primary School","harvested_label":"Kingston Primary School","urn":"137220","margin_m":159.9},"geometry":{"type":"Polygon","coordinates":[[[0.5728794473725379,51.56469903056867],[0.5727556158804954,51.564840676117605],[0.5728925090435625,51.56551734065658],[0.5700969406081189,51.56926107534032],[0.5718831695989963,51.57110441359566],[0.5750232792006719,51.57170346667905],[0.5750955179943905,51.571699080921746],[0.5775977179722814,51.57171196077426],[0.578982140482825,51.57059643940862],[0.5797304241723563,51.56775923476008],[0.5830429166397589,51.565261204299865],[0.5826747778189585,51.56313386242484],[0.5825152297111468,51.56304818163477],[0.5797418346733545,51.559346970449326],[0.5761711980205538,51.56011578741686],[0.5722075640694606,51.56151355036451],[0.5728794473725379,51.56469903056867]]]}},{"type":"Feature","properties":{"db_school_name":"South Benfleet Primary School","harvested_label":"South Benfleet Primary School","urn":"137029","margin_m":311.8},"geometry":{"type":"Polygon","coordinates":[[[0.5514613941914139,51.5530765962715],[0.549319365622298,51.55389236985727],[0.5495548659193387,51.5544929171221],[0.5481538887213182,51.557804810601326],[0.5503643425541715,51.55851606055469],[0.5535366746227776,51.5563534303287],[0.5561453015684039,51.55761970693605],[0.5569205473463353,51.55746274657323],[0.5613563564562076,51.5593851163658],[0.5638964099675053,51.55436655793353],[0.5642180602605832,51.5543763943691],[0.5701575418508709,51.55354583919971],[0.5720446957471014,51.55481393234497],[0.5803298844539143,51.55645510348191],[0.5844430871637729,51.55433716933177],[0.5884208806161588,51.54893889436081],[0.5879337161081617,51.54835142232676],[0.587240941233994,51.54768539738827],[0.5864468179702227,51.54706491076385],[0.5855589954580545,51.54649593609739],[0.5845860239464374,51.545983950912884],[0.5835372724473612,51.54553388393994],[0.5825043845931835,51.545178153142984],[0.5825052898812422,51.54513720861293],[0.5823979801640826,51.54434620986843],[0.5821668506476765,51.54356557782385],[0.5818141332530314,51.54280282958994],[0.5813432302637875,51.54206530970179],[0.5808802770493621,51.54150681258901],[0.5722052691507694,51.538204917198556],[0.570292725026622,51.53717549234705],[0.5679114218126284,51.53650902484125],[0.5667719458638736,51.53642897735587],[0.5656217890929076,51.536418925775465],[0.5652683649807639,51.53634867556181],[0.5640235371437979,51.53618289644929],[0.5627586536379202,51.5360939952209],[0.5614858896195304,51.53608282768401],[0.5602174960063486,51.53614950142112],[0.5589656817438069,51.5362933747525],[0.5577424964711744,51.5365130628997],[0.556559714707977,51.53680645129083],[0.5554287226672342,51.5371707158812],[0.554360408777546,51.53760235029493],[0.5533650589615449,51.53809719952816],[0.5524522576738676,51.53865049989234],[0.5516307956479866,51.539256924815],[0.5509085852383746,51.53991063606024],[0.5502925841732572,51.54060533987867],[0.5497887284540339,51.54133434754846],[0.5494018750511617,51.54209063972804],[0.549135754953647,51.54286693400206],[0.549092921039174,51.54310351959543],[0.548634967283828,51.543156102705176],[0.5475744503620879,51.54334644825409],[0.5514613941914139,51.5530765962715]]]}},{"type":"Feature","properties":{"db_school_name":"Hadleigh Infant and Nursery School","harvested_label":"Hadleigh Infant and Nursery School","urn":"137027","margin_m":246.3},"geometry":{"type":"Polygon","coordinates":[[[0.5990338507226285,51.55664369781813],[0.5995775612981693,51.5566324095766],[0.6026280581945826,51.553600016412965],[0.6047270803503036,51.55467418918666],[0.6071120441101482,51.55398148646737],[0.6113853081785092,51.55451797867621],[0.6123840077886552,51.55539765190866],[0.6122655988044572,51.55582800329765],[0.6107622960444428,51.55739743800213],[0.6109732656722823,51.55766973655726],[0.6093809946005448,51.56346276015605],[0.602989493887037,51.5650262854687],[0.6042480094786995,51.56896035378662],[0.6134777863942531,51.57201635802316],[0.6167623425845361,51.57192528760541],[0.6170983751253893,51.571870113299326],[0.6213711088041927,51.57054466818315],[0.6226359481626612,51.5697359688835],[0.6252348408676898,51.57028457634088],[0.6285093863486532,51.57112776775617],[0.632678123269409,51.57175605070124],[0.6325079961567767,51.57142376315368],[0.6324284446229425,51.57119618979112],[0.6323434256056722,51.57099751020079],[0.6322923588773468,51.5708880675495],[0.6321926107054756,51.57071039716026],[0.6320490913449556,51.57052480800962],[0.63177927154961,51.570175630395056],[0.6315613758142353,51.569925985766076],[0.6320261698937553,51.569827445962716],[0.633935124379443,51.56952286969993],[0.6340434447735109,51.56949885823953],[0.634091365350811,51.56947980048192],[0.6341737712658502,51.569406831890866],[0.6343475923229646,51.56914308942405],[0.6347255629641005,51.56851674290202],[0.6349192715525135,51.568224591940925],[0.6351126039447458,51.56794863200991],[0.6347792860828677,51.567526173107],[0.6345929946993959,51.56734784143078],[0.6344224534180172,51.56716816643324],[0.634266088518143,51.566984667139906],[0.6341332389391072,51.56680864107836],[0.6340101283291669,51.566626102505225],[0.6333594968214841,51.56580617288972],[0.6330864943973589,51.56547774845317],[0.6334709241731834,51.56543675012837],[0.6337841339627583,51.56538835987614],[0.6340637182550294,51.56533254072231],[0.6343638946141155,51.56525836759844],[0.6343097952275526,51.565121122058265],[0.6342792377105724,51.56501652395037],[0.6342571897030922,51.564910926202096],[0.6342491459885309,51.56482119776253],[0.6342578425320232,51.5646464877344],[0.6342821448681717,51.5645173714924],[0.6342942878683824,51.564328198915376],[0.6343862021302669,51.56424701495781],[0.6344350118923847,51.564191972846494],[0.6344801764501495,51.56412532461164],[0.6345174262307729,51.564045277518865],[0.634544554684567,51.5639403730311],[0.6346481328521104,51.56368441211472],[0.6347513281881912,51.563374513856694],[0.6347630588923282,51.563178247362345],[0.6347564127893799,51.5631126729104],[0.6347478492592874,51.563013964432926],[0.6347034263237562,51.56281976964968],[0.6346126444126238,51.56257275939412],[0.6345724114879195,51.56237487303126],[0.6345684385979289,51.562281456632604],[0.6345778734241113,51.562146290624376],[0.6346486019070092,51.561797560940136],[0.6346932800353775,51.561646408681234],[0.6347648349765657,51.561462195020205],[0.6348540012440973,51.56128217146997],[0.6349250644759684,51.561114152582874],[0.6349516127043541,51.561075292952225],[0.6263387344003328,51.56210237068959],[0.6296755885635581,51.556600924504366],[0.6293364008130786,51.556381314472006],[0.629194488145824,51.55627201931284],[0.6290345519870193,51.55612455659594],[0.6289496604221632,51.55602836808096],[0.6288686897598674,51.55592588789058],[0.6288132283618968,51.55584081842102],[0.6287407079388537,51.555707489830915],[0.6284545137557129,51.55539823159959],[0.6269871649216514,51.555396942019364],[0.6268188026746409,51.55522898628443],[0.6263691038843496,51.55468503524713],[0.6255021662000968,51.55366032740368],[0.6257326098436099,51.553454580575035],[0.6259199006545035,51.55327407477303],[0.6261205100026306,51.55305020406786],[0.6262919892404812,51.5528224004211],[0.6264204189349927,51.55262163369034],[0.6266521774455471,51.552288183486915],[0.6268049302561096,51.55203481434363],[0.6268739074150991,51.55190460807642],[0.6270285186717507,51.55157996479349],[0.6238382740607303,51.551133736742386],[0.6217906091232669,51.54905063302308],[0.6215541393212691,51.543227092755],[0.6203643016287922,51.542991246607244],[0.619119112552962,51.542826058041705],[0.6178539585135864,51.54273775542401],[0.6165810172673734,51.54272718880127],[0.6165541897482973,51.54272861169091],[0.6160942668947955,51.542369508938314],[0.6152061760630498,51.54180076228591],[0.6142329826332922,51.54128902603761],[0.6131840577482247,51.54083922652646],[0.6120695006657794,51.54045569372256],[0.6109000415924112,51.54014211960387],[0.6096869384831902,51.53990152266392],[0.608441868797289,51.53973621889568],[0.6071768172445686,51.53964779952907],[0.6059039605963776,51.53963711573469],[0.604635550661068,51.5397042704403],[0.6033837965418717,51.53984861733823],[0.6021607473014753,51.54006876709301],[0.6009781761538953,51.54036260069078],[0.5998474672901136,51.5407272898023],[0.5987795064193945,51.54115932396577],[0.597784576073622,51.541654544329354],[0.5968722566775897,51.542208183631395],[0.596051334334252,51.542814912035574],[0.5953297162110891,51.54346888838286],[0.5947143543424183,51.544163816369455],[0.5942111785832495,51.54489300511284],[0.5938250393640089,51.54564943352493],[0.5935596608026892,51.546425817875274],[0.5934176046327214,51.54721468189558],[0.5934136351614907,51.54739618445906],[0.5926825267756531,51.547631897348175],[0.5916143362322337,51.54806386899105],[0.5906432920715032,51.54854703288819],[0.5906412877317222,51.548547530604594],[0.5990338507226285,51.55664369781813]]]}},{"type":"Feature","properties":{"db_school_name":"Woodham Ley Primary School","harvested_label":"Woodham Ley Primary School","urn":"141625","margin_m":192.6},"geometry":{"type":"Polygon","coordinates":[[[0.551688452330897,51.56765328000014],[0.5415928278297241,51.56834926739334],[0.5418713526888285,51.57011048325231],[0.5417697727466775,51.57049010910321],[0.5422952092635359,51.57332343154235],[0.5434443511127881,51.57418410351859],[0.544838835956624,51.577141122765276],[0.5454246037935924,51.577019741025104],[0.5533704805040457,51.57440168152867],[0.5533756133832726,51.57438983796512],[0.5495973511413167,51.57372269330184],[0.5485761688324279,51.57362363890433],[0.5513081569408732,51.57274753673815],[0.5526296619403966,51.57170418668051],[0.5550276763262788,51.57327675159356],[0.5559983104258603,51.573233936261055],[0.5580622954831852,51.574649859348746],[0.561385203479174,51.573439892503906],[0.5637966503928015,51.57358304261012],[0.5633684395017794,51.571389608950405],[0.5619724461190794,51.57016297883269],[0.5588027435975034,51.57014394326702],[0.5587046978565237,51.5701960176088],[0.5526437049802846,51.56787306741958],[0.5523062998434962,51.567953839601195],[0.551688452330897,51.56765328000014]]]}}]}