{"type": "FeatureCollection", "features": [{"type": "Feature", "properties": {"db_school_name": "Lisle Marsden Church of England Primary Academy", "urn": "137611", "n_samples": 35, "margin_m": 195.0}, "geometry": {"type": "Polygon", "coordinates": [[[-0.08209903232314321, 53.54962363577321], [-0.08254007082069689, 53.549591874223694], [-0.08298421286472331, 53.549586008762994], [-0.08342718193666945, 53.54960609587515], [-0.08347402134555436, 53.549611003981575], [-0.08379864084468082, 53.55004197309942], [-0.08347497836060679, 53.549612274541325], [-0.08353417317550713, 53.54955689392439], [-0.08380831523641635, 53.54934870607341], [-0.08411539900832841, 53.54915752251447], [-0.08445246708257485, 53.54898518420937], [-0.0848162734441445, 53.548833350633814], [-0.08515762796565916, 53.548718813529796], [-0.08749274339187164, 53.549354325866084], [-0.0896981399408252, 53.549954677394304], [-0.08975961331326374, 53.549979236599], [-0.09070106220208679, 53.549936949334295], [-0.09214409994159388, 53.55026742433242], [-0.09250896648608699, 53.55090278203859], [-0.09345023655883498, 53.55318756697291], [-0.09341209507630992, 53.55319303642258], [-0.09054256400295159, 53.55495903354423], [-0.09084859573988126, 53.55581136244323], [-0.09169827094331139, 53.55615701120369], [-0.09174125136902468, 53.557535888575664], [-0.0914805404240131, 53.55776929095353], [-0.09174352987521263, 53.55895708049999], [-0.0910221029831456, 53.55947119881573], [-0.09041317324470591, 53.55957869324], [-0.08969169756203825, 53.55947136854659], [-0.08804059778039156, 53.56000410548239], [-0.08581639754998302, 53.557436925720474], [-0.08548628117004574, 53.55766998465707], [-0.08369924450831828, 53.558145522954575], [-0.08154839780016865, 53.55842231031914], [-0.08075231324237951, 53.557604314680056], [-0.08031269630869538, 53.55669977957738], [-0.07810393978416284, 53.55702203883706], [-0.07714494003918825, 53.55618848765854], [-0.07595065738057824, 53.555762874702644], [-0.07601057380735418, 53.555711003609204], [-0.07632039457089113, 53.555192574207794], [-0.07660147189582937, 53.554026464829725], [-0.07467184162449444, 53.553559025663304], [-0.07446722014331243, 53.55338525274811], [-0.07333826975258617, 53.55346913547768], [-0.07282139613293728, 53.55365217801934], [-0.07165359766493107, 53.553732198587596], [-0.07089069035887867, 53.55330764104666], [-0.0688426552397185, 53.55348404940506], [-0.0665454938862543, 53.55172571380179], [-0.0663542225979968, 53.55120876500298], [-0.06651688204374119, 53.55105667273827], [-0.06679111656028944, 53.55084852478274], [-0.0670982869959724, 53.55065738575339], [-0.06743543510799462, 53.55048509618325], [-0.06779931411103847, 53.55033331507864], [-0.06818641994038332, 53.550203503951195], [-0.06859302498685815, 53.550096912751286], [-0.0690152139791627, 53.55001456783813], [-0.06944892166865915, 53.54995726210187], [-0.06988997195448132, 53.54992554733294], [-0.07005628725361483, 53.54992336875591], [-0.07115501563943467, 53.55136821007183], [-0.07005636343549809, 53.549923468939724], [-0.07023730125083923, 53.549810866498014], [-0.07057443001228039, 53.549638567881296], [-0.07093829067697516, 53.549486777039796], [-0.07132537935671089, 53.549356955578936], [-0.07154970378935474, 53.549298141080435], [-0.07154974321262338, 53.549298168589445], [-0.07166814999487543, 53.54918743122504], [-0.07194234720162787, 53.548979271063345], [-0.07224948099607144, 53.54878811841936], [-0.07258659348813995, 53.548615813957234], [-0.07295043823539227, 53.54846401682667], [-0.07333751150283778, 53.548334188693694], [-0.07374408599471895, 53.54822757967246], [-0.0741662467338212, 53.54814521629372], [-0.07459992874343999, 53.54808789162544], [-0.07504095616987541, 53.54805615764036], [-0.07548508246972926, 53.54805031990381], [-0.07592803127600346, 53.548070434632955], [-0.07636553755066344, 53.548116308155414], [-0.07676341916491293, 53.548182512177895], [-0.07676321062634467, 53.54818481309105], [-0.07692968113788905, 53.54816280522911], [-0.07737070781412306, 53.548131062641865], [-0.07781483479218862, 53.548125216254995], [-0.07825778569855875, 53.548145322368924], [-0.07869529547498641, 53.54819118739425], [-0.07912315142257398, 53.54826236971446], [-0.07953723374317472, 53.54835818393549], [-0.0799335551888673, 53.54847770748148], [-0.08030829943859867, 53.54861978947325], [-0.08065785783335035, 53.54878306180423], [-0.08097886411669612, 53.548965952307675], [-0.08126822684669267, 53.54916669988839], [-0.08152315916723255, 53.54938337147386], [-0.08174120565215977, 53.54961388062164], [-0.08177941986544347, 53.54966555447945], [-0.08177911026961909, 53.54966594307269], [-0.08209903232314321, 53.54962363577321]]]}}, {"type": "Feature", "properties": {"db_school_name": "Ormiston South Parade Academy", "urn": "138846", "n_samples": 81, "margin_m": 230.4}, "geometry": {"type": "Polygon", "coordinates": [[[-0.10471083756127975, 53.55831506296792], [-0.10473114358540535, 53.558414786385164], [-0.10455659774054235, 53.558630392854525], [-0.10204063311950488, 53.560048110115936], [-0.10227535715045669, 53.56156107063128], [-0.10088375701650813, 53.56229810138458], [-0.09901646488781148, 53.562263457537135], [-0.09844152029174352, 53.56300181566245], [-0.09843649184544377, 53.56311277005292], [-0.09852459357266415, 53.56357164476134], [-0.09804436016816934, 53.56428328113991], [-0.09569660650497938, 53.56395338910666], [-0.09543833005156352, 53.56382183377098], [-0.0933061551660349, 53.56359089738344], [-0.0930141527665761, 53.56363956805835], [-0.09263162223423031, 53.563913536847146], [-0.09289060941092564, 53.56486263223524], [-0.09331024925011033, 53.565009235179886], [-0.09404547600825525, 53.565517822647344], [-0.0952892968265292, 53.56563807224639], [-0.09490400945306895, 53.56663068673043], [-0.09496693880524473, 53.56671472346109], [-0.09496416202702515, 53.56672269015372], [-0.09449316473675802, 53.5668768345809], [-0.09395003544473877, 53.567774874426014], [-0.09447922170495207, 53.56809333536677], [-0.09358939467748847, 53.56869204598667], [-0.09303823239481523, 53.568536835377785], [-0.09167931942006693, 53.56899104973793], [-0.09162523948452102, 53.569046837141634], [-0.09162875210691172, 53.56922108355153], [-0.09319585934021792, 53.56946546691225], [-0.09364715932817361, 53.56945152663114], [-0.09387231676212192, 53.56939836036661], [-0.09480143349997142, 53.56955870737982], [-0.09491445937536472, 53.57037088527357], [-0.09529307721736832, 53.57098799201338], [-0.09345276209150646, 53.57182185597846], [-0.09330486587047469, 53.571850040274356], [-0.09287768863383318, 53.57132562853036], [-0.09215970180050963, 53.57061047101535], [-0.0920959670404593, 53.57057958614342], [-0.09180530710295436, 53.570494186898294], [-0.09171840454559343, 53.570505238153174], [-0.08982682528100468, 53.571123853702744], [-0.08875919420608856, 53.571031575947586], [-0.08830751054850391, 53.57124947946582], [-0.08472392544574037, 53.57094175730139], [-0.08298438445539999, 53.57312545717075], [-0.080839152611909, 53.57199867217974], [-0.08053981773905651, 53.57158995292319], [-0.08102948058304194, 53.570932183627555], [-0.08132962276521237, 53.56978816961288], [-0.0836345473353684, 53.56976296605311], [-0.08416015021929103, 53.56973624538023], [-0.08445983627856196, 53.56902755858949], [-0.08443066458211447, 53.568945327666256], [-0.0833926906916105, 53.56785749651716], [-0.0834154549189162, 53.567688584388], [-0.08321271658405749, 53.56748986503361], [-0.083079231459793, 53.5663877488907], [-0.08321627646559819, 53.56613168467635], [-0.08308177516981309, 53.56575825630493], [-0.08282261062629917, 53.565652291982936], [-0.08222075454530457, 53.56586978620522], [-0.08143675850097086, 53.565859695776695], [-0.08138202635487529, 53.565825727350045], [-0.08186973905608924, 53.56510626834211], [-0.08181525004817373, 53.56471747363468], [-0.08364656431758333, 53.564856842560275], [-0.08379550137384795, 53.56480451422289], [-0.0838678350367357, 53.564686145785394], [-0.08268933360892114, 53.5636824245418], [-0.08293875186304958, 53.56350210884912], [-0.08378976989059385, 53.56341959173825], [-0.08404945229587951, 53.563419889587784], [-0.08407445478607674, 53.563423276577375], [-0.08502206433754994, 53.56393801559221], [-0.08652253195659661, 53.56324295525104], [-0.08655749357301518, 53.56324945924554], [-0.0880943305023204, 53.563087722167246], [-0.08881564171301083, 53.563219524876786], [-0.08934418392742163, 53.56335748623818], [-0.08984228180332313, 53.562498469732795], [-0.09126230375597132, 53.56229834553487], [-0.0923525799265622, 53.56219631641951], [-0.0924735353598206, 53.56161578909351], [-0.09264998628928661, 53.561421606244956], [-0.09265240342108558, 53.56141967950457], [-0.09311319261620202, 53.56110301449749], [-0.0910221029831456, 53.55947119881573], [-0.09174352987521263, 53.55895708049999], [-0.09285371756498723, 53.558968553752536], [-0.09493703638291587, 53.5578292631765], [-0.09489962766920937, 53.55757257667327], [-0.09559003323948513, 53.5567656714815], [-0.09841952516677754, 53.556883907852296], [-0.09882601905798154, 53.557307013056985], [-0.10016605738696881, 53.5576052108235], [-0.10453514681339761, 53.557913000342765], [-0.10461437791637776, 53.5580568018653], [-0.10471083756127975, 53.55831506296792]]]}}, {"type": "Feature", "properties": {"db_school_name": "Thrunscoe Primary and Nursery Academy", "urn": "138468", "n_samples": 62, "margin_m": 267.6}, "geometry": {"type": "Polygon", "coordinates": [[[-0.03983219415148325, 53.54808106214302], [-0.040853875202489634, 53.54831749484228], [-0.042240798156511966, 53.54793795831653], [-0.04451971177738453, 53.548318171747844], [-0.045037967272166565, 53.54820837630557], [-0.045866045208964736, 53.54827682740077], [-0.04792000153350151, 53.54785439368746], [-0.050542801494313117, 53.54827024926401], [-0.05056093849969955, 53.5482894430308], [-0.05073981419225629, 53.54853161511633], [-0.050877973421661254, 53.54878306272928], [-0.05097408497662512, 53.54904136442787], [-0.051027222508877174, 53.54930403272051], [-0.05103687348289694, 53.54956853801798], [-0.05100294414233809, 53.54983233299291], [-0.050925760444177494, 53.550092877111666], [-0.0508060649503474, 53.55034766110303], [-0.05064500970564922, 53.55059423112693], [-0.05044414516938503, 53.55083021241156], [-0.050205405306294554, 53.55105333213003], [-0.04993108897950907, 53.551261441296596], [-0.04984630283201297, 53.55131417410705], [-0.04558300935487299, 53.55066746348047], [-0.049846628630011845, 53.551314223521686], [-0.049918955588939766, 53.55150860641092], [-0.04997208928116034, 53.55177127503902], [-0.049981733845893106, 53.55203578026449], [-0.049947795588395585, 53.55229957476064], [-0.04987060055140469, 53.5525601179985], [-0.04975089140595182, 53.552814900715184], [-0.049589820328224336, 53.553061469083005], [-0.04954025265609244, 53.55311969717693], [-0.04528731314846678, 53.55279191630394], [-0.04238626314683491, 53.55400323699136], [-0.04237970125534463, 53.5540077054171], [-0.04234649032124666, 53.55408380667229], [-0.040772224586891344, 53.55495766822572], [-0.03978755319425112, 53.554760096271806], [-0.038215595750934896, 53.55406280893059], [-0.036018224437865315, 53.554977946302365], [-0.035702705040292916, 53.55522502649617], [-0.035352112176773254, 53.55578639686995], [-0.03415492643485772, 53.55609126500109], [-0.033867153094850076, 53.55646250373609], [-0.033477552411263115, 53.55675877317893], [-0.03344346824736629, 53.55675589457709], [-0.031157748261277415, 53.5570333398168], [-0.031130484017721196, 53.55706452407777], [-0.029821601370837367, 53.557650320974524], [-0.029743379177603838, 53.5577152300134], [-0.028921694124619035, 53.55763582330453], [-0.028374188224688537, 53.557365583165385], [-0.02844756241904337, 53.55592640197792], [-0.027889637367921334, 53.55550049955537], [-0.02648762070675662, 53.55637785891004], [-0.025461164021288597, 53.55642526633352], [-0.025202149041686328, 53.55661209322477], [-0.024505727686461604, 53.55672780608465], [-0.023139380785226742, 53.557556295115134], [-0.02311869532173592, 53.55753930341119], [-0.02304402470725811, 53.55747541202382], [-0.022982751542823292, 53.55741755822348], [-0.022819567023615386, 53.55726968838933], [-0.0227325613192347, 53.55719772708057], [-0.02273089548546996, 53.55719641366714], [-0.0226271434367949, 53.557114610981806], [-0.02250788137646107, 53.55702275283681], [-0.022408240968683567, 53.55694721141315], [-0.022330674409315677, 53.55689237827308], [-0.022271651535241205, 53.55685980627781], [-0.022271651535241205, 53.55685980627781], [-0.022238666798256868, 53.55684160349226], [-0.022219310028179114, 53.55683127811954], [-0.0222114543191242, 53.55682620398635], [-0.02220575969307908, 53.55682205554253], [-0.022199167415503575, 53.556816435939716], [-0.022192602771198826, 53.55680989984844], [-0.022155974679255355, 53.55676524521319], [-0.022144303275081906, 53.55675101947477], [-0.022257370694656532, 53.55671340546354], [-0.022272463812318056, 53.556568094381525], [-0.0222419457632745, 53.556487267482765], [-0.022197825729776837, 53.5564129040961], [-0.022144269565116646, 53.55634664624343], [-0.02207530768585039, 53.55627761665726], [-0.02200921817083564, 53.5562075377688], [-0.021934616105907308, 53.556142271450746], [-0.021863784519112514, 53.55608097790969], [-0.021781631774755207, 53.556015119237244], [-0.021694958464342582, 53.55596203200306], [-0.021507560035982302, 53.55585870850917], [-0.02142224645302922, 53.55580950012574], [-0.021331317438444426, 53.55575902573834], [-0.021322662621378344, 53.55575422146898], [-0.021168540537995814, 53.55567160242299], [-0.021084870032707204, 53.555624407689145], [-0.021017351388083423, 53.555586988283565], [-0.020973451035980004, 53.55556265828057], [-0.020876631234491815, 53.555506085514736], [-0.020770793259806953, 53.555442513420594], [-0.02068123053713903, 53.55538475701762], [-0.02058480276483212, 53.55531462512416], [-0.020515847898060963, 53.555259456848916], [-0.020480990806226403, 53.5552303748079], [-0.02035121036552327, 53.55512209568622], [-0.020261681966422983, 53.55505295865363], [-0.020142671289933124, 53.55496373640756], [-0.020030482798336233, 53.55488167479859], [-0.01988875707973261, 53.554775184070685], [-0.019870920874050232, 53.55476178296356], [-0.019769023824793293, 53.554686957256806], [-0.019644912021334626, 53.55458902007511], [-0.0195363643172387, 53.55450210093072], [-0.01946539396153431, 53.5544478066857], [-0.019371745783684297, 53.554373530685005], [-0.019289276108222227, 53.55431204310276], [-0.019178195903009013, 53.55423057441468], [-0.019093246985519462, 53.55417078966353], [-0.018980570111052638, 53.55409281831665], [-0.018882755157596038, 53.55402892794549], [-0.018799234995628532, 53.55397929797904], [-0.018711755644992844, 53.553931049748805], [-0.01861031345889199, 53.55387728438955], [-0.018484641929075462, 53.553808977091194], [-0.01847073229170573, 53.553800951674525], [-0.019349562209671187, 53.55359574853463], [-0.021530574008780928, 53.55341632592154], [-0.021864016065618917, 53.5535718635803], [-0.021926620555458725, 53.55360107865863], [-0.02489278454749057, 53.55347830808873], [-0.025577070586472656, 53.55263209008979], [-0.025696401803517725, 53.55254859059188], [-0.026109429767492733, 53.55161899497643], [-0.02763445912013835, 53.55095119577775], [-0.02778334284029277, 53.55081991075097], [-0.02954757028167624, 53.5503955489699], [-0.030006937946476273, 53.5502104657622], [-0.03080043032500415, 53.54952689363094], [-0.03153877971264946, 53.549436928621425], [-0.03237463863997073, 53.548992909904605], [-0.03443018963994913, 53.54842765370746], [-0.035541989585700436, 53.546511822289276], [-0.03789783995518094, 53.54762065670161], [-0.03876340125455119, 53.548136964737076], [-0.03903789721133019, 53.54817236339124], [-0.03983219415148325, 53.54808106214302]]]}}, {"type": "Feature", "properties": {"db_school_name": "Healing Primary Academy", "urn": "141302", "n_samples": 65, "margin_m": 296.0}, "geometry": {"type": "Polygon", "coordinates": [[[-0.17341305555264128, 53.57300078068549], [-0.17385743823194083, 53.5729945796134], [-0.1743007025762319, 53.57301433235644], [-0.17473858051033758, 53.57305984872748], [-0.17516685579191218, 53.5731306904668], [-0.17558140458690139, 53.57322617545961], [-0.17597823515776773, 53.573345384300126], [-0.1763535262832798, 53.57348716913949], [-0.1767036640407526, 53.57365016473267], [-0.17702527659717196, 53.57383280157806], [-0.1773152666746895, 53.574033321023485], [-0.17757084137805543, 53.574249792193896], [-0.17778953909680123, 53.57448013057753], [-0.17796925322290022, 53.57472211809237], [-0.17804910231459808, 53.57486648317724], [-0.1780503683289134, 53.57486612037643], [-0.17811088430848407, 53.574917375405526], [-0.1783295883475205, 53.575147712830045], [-0.17850930831977752, 53.57538969955668], [-0.1786483128676303, 53.57564100529428], [-0.17874526264001417, 53.57589920996862], [-0.17879922321650857, 53.57616182702385], [-0.1788096741347963, 53.57642632736552], [-0.17877651393345087, 53.57669016371533], [-0.17870006116031736, 53.576950795142544], [-0.17868023403012787, 53.57699326464143], [-0.17655350489285904, 53.577414333703], [-0.17867927695140065, 53.576993454142965], [-0.17876040647447528, 53.57703121603663], [-0.17908205335354893, 53.57721384753904], [-0.179372076052313, 53.577414362161825], [-0.1796276813613895, 53.57763082907635], [-0.17984640737556262, 53.57786116381192], [-0.18002614721426477, 53.57810314832163], [-0.18005225339369882, 53.57815033952149], [-0.18005234299821798, 53.578150310641654], [-0.18026182384300696, 53.57832770927618], [-0.18048055684196102, 53.5785580428848], [-0.18060896508033764, 53.57873091282689], [-0.17599696226575334, 53.58031665166221], [-0.18061125565250902, 53.578730125188216], [-0.18084325913919358, 53.578926591082116], [-0.18106199834079748, 53.57915692365719], [-0.1812417504912512, 53.579398906393095], [-0.18138078392296392, 53.579650209037204], [-0.18147775900658755, 53.57990841154513], [-0.18153174107779768, 53.58017102738188], [-0.18154220946709798, 53.58043552746484], [-0.18150906254461352, 53.58069936451818], [-0.18143261873010216, 53.580959997604424], [-0.18131361345727134, 53.58121491659666], [-0.18115319212043657, 53.58146166635573], [-0.18095289907032786, 53.581697870379685], [-0.180945189145247, 53.581705099669776], [-0.18094066837510406, 53.5817041229643], [-0.1809055007501675, 53.581824017687964], [-0.1807864897677968, 53.582078936074076], [-0.1806260619863114, 53.582325685039464], [-0.18042576181848383, 53.5825618880898], [-0.18018751778990613, 53.58278527026307], [-0.17991362398447022, 53.58299368004625], [-0.1796067179640237, 53.583185110104075], [-0.1792697553743332, 53.5833577166198], [-0.17890598148164014, 53.58350983706144], [-0.17851889991389558, 53.58364000620187], [-0.178112238907898, 53.5837469702385], [-0.17768991538782358, 53.5838296988758], [-0.17725599722171848, 53.583887395254266], [-0.17681466402027382, 53.58391950362996], [-0.1763701668563875, 53.58392571473025], [-0.17592678729452485, 53.58390596873433], [-0.17548879612563642, 53.583860455849404], [-0.17506041220622054, 53.58378961447739], [-0.17464576179913519, 53.58369412698932], [-0.17424883880884978, 53.5835749131489], [-0.1739254936952449, 53.58345277402269], [-0.1739256138490923, 53.58345371145666], [-0.17361138468162454, 53.58361464598574], [-0.17324758864203263, 53.58376674902411], [-0.17286048774787754, 53.58389689968274], [-0.17245381042222765, 53.584003844337055], [-0.1720314737465544, 53.58408655287821], [-0.1715975457157084, 53.58414422864031], [-0.17115620603546253, 53.58417631607798], [-0.17071170584115905, 53.584182506120314], [-0.17026832672646625, 53.58416273914937], [-0.16983033947801462, 53.584117205574394], [-0.1694019629145012, 53.584046343996604], [-0.16898732322786505, 53.583950836981735], [-0.16861742019527792, 53.58383971720984], [-0.1686169489922282, 53.58383711684268], [-0.1683979415617384, 53.58394926518241], [-0.16803412427025718, 53.58410135217516], [-0.16764700467049662, 53.584231485794525], [-0.16724031136580583, 53.584338412580024], [-0.16681796159166773, 53.584421102594945], [-0.16638402346917697, 53.58447875935185], [-0.16594267680137592, 53.58451082748847], [-0.16549817279094886, 53.58451699811979], [-0.16505479306833987, 53.58449721181488], [-0.16461680842602366, 53.58445165916925], [-0.16418843765756175, 53.58438077896781], [-0.16377380689901802, 53.58428525395568], [-0.1633769098654428, 53.58416600425804], [-0.16300156936637283, 53.58402417851229], [-0.1628755547888158, 53.58396550743811], [-0.16351610846068582, 53.58187676974146], [-0.16287526268975128, 53.583966459874176], [-0.16286785833748518, 53.58396790926959], [-0.16287007671302905, 53.58396834073346], [-0.16309922659608728, 53.584162469539734], [-0.16331789490043516, 53.584392833789295], [-0.16349756655554834, 53.58463484232466], [-0.1636365106684964, 53.5848861646446], [-0.1637333884696098, 53.58514438051515], [-0.16378726623100195, 53.58540700327247], [-0.16379762428736758, 53.58567150376713], [-0.16376436207112258, 53.58593533471915], [-0.16368779911219888, 53.58619595524962], [-0.16356867199167022, 53.586450855352325], [-0.16340812727736367, 53.58669758006991], [-0.16320771050836677, 53.58693375314137], [-0.16296935133348317, 53.587157099893275], [-0.1626953449458961, 53.587365469153625], [-0.16238832999211802, 53.58755685397735], [-0.16205126316749657, 53.58772941098324], [-0.16168739074264027, 53.58788147811616], [-0.16130021729496477, 53.58801159066237], [-0.16089347194666087, 53.58811849536439], [-0.16047107243467879, 53.58820116249818], [-0.16003708735937588, 53.58825879579675], [-0.15959569697621973, 53.58829084012372], [-0.15915115290911952, 53.58829698682347], [-0.15870773717447914, 53.588277176695605], [-0.15826972091174057, 53.58823160056514], [-0.15784132321909697, 53.588160697443215], [-0.15742667049196765, 53.58806515029576], [-0.1570297566569798, 53.58794587946122], [-0.1566544046854379, 53.58780403378062], [-0.15630422975778702, 53.587640979526114], [-0.15598260443456297, 53.58745828723453], [-0.15569262616968724, 53.587257716573205], [-0.15543708747930007, 53.587041199384174], [-0.15521844905341828, 53.58681082107032], [-0.1550388160691957, 53.58656880050326], [-0.15489991793346244, 53.58631746864662], [-0.1548030916490085, 53.586059246100824], [-0.15474926896396485, 53.58579661978626], [-0.15473896742708354, 53.585532118989065], [-0.1547722854339353, 53.58526829100083], [-0.15484890131058815, 53.585007676586585], [-0.15496807644237007, 53.58475278551749], [-0.15512866241640758, 53.584506072403734], [-0.15532911210802441, 53.58426991306039], [-0.15556749460321873, 53.58404658163337], [-0.1558415138126229, 53.5838382287057], [-0.15614853059698777, 53.58364686059481], [-0.15637693239843561, 53.58352994144884], [-0.15770622029229114, 53.58341906815217], [-0.1563690349158667, 53.5835306001164], [-0.15635791225948217, 53.5835280367535], [-0.1559610437369051, 53.5834087626686], [-0.15558573527520672, 53.583266913899564], [-0.15523560163569336, 53.583103856748224], [-0.1549140149811881, 53.582921161779325], [-0.15462407239317597, 53.582720588685895], [-0.15436856604421256, 53.58250406933334], [-0.15414995631289832, 53.58227368914538], [-0.1540805046268631, 53.58218010332732], [-0.15408061563389272, 53.58218003941441], [-0.15385099818994935, 53.58211102325949], [-0.15347570834858837, 53.58196916799631], [-0.15312559358851985, 53.58180610479306], [-0.1528040258906772, 53.58162340427272], [-0.15251410215391573, 53.58142282618178], [-0.15225861436919316, 53.58120630243378], [-0.15224297451995236, 53.58118981896107], [-0.15563655781380964, 53.578933043221916], [-0.1522449545059293, 53.5811885023448], [-0.15195514880521044, 53.58110138772149], [-0.15157987432015027, 53.580959526615615], [-0.15122977524394302, 53.58079645796833], [-0.15090822340641372, 53.580613752454994], [-0.1506183155536157, 53.580413169870226], [-0.1503628435234914, 53.58019664217078], [-0.15014426736406142, 53.57996625486075], [-0.1499646916528697, 53.57972422689827], [-0.14982584524529663, 53.57947288931811], [-0.14972906464614608, 53.579214662775755], [-0.14967528116381815, 53.578952034229985], [-0.1496650119698141, 53.57868753298838], [-0.14967439158731782, 53.57861331748509], [-0.14966998562226494, 53.57861414067848], [-0.14966883269449324, 53.578613342926495], [-0.1494133762018117, 53.57839681326928], [-0.14919481430159878, 53.57816642427983], [-0.14901525143409716, 53.57792439493245], [-0.14887641633103493, 53.57767305627522], [-0.1487796453884027, 53.57741482897398], [-0.1487258698216739, 53.57715219999481], [-0.14871560672619333, 53.57688769864946], [-0.1487489541277388, 53.57662387223468], [-0.148825590069736, 53.576363261500326], [-0.14894477574472959, 53.57610837618209], [-0.14910536263876065, 53.57586167083478], [-0.1493058036187224, 53.57562552119864], [-0.14954416785490002, 53.57540220132612], [-0.14981815943410484, 53.575193861689044], [-0.15012513948344824, 53.575002508476906], [-0.1504621515912044, 53.5748299842852], [-0.1508259502796645, 53.574677950379424], [-0.1512130322557379, 53.57454787070535], [-0.15161967013854985, 53.574440997798966], [-0.1520419483396197, 53.57435836073171], [-0.1524758007507339, 53.57430075520647], [-0.15281444841226158, 53.57427618133996], [-0.15477902449071224, 53.57666895444493], [-0.1528151480054104, 53.57427703346889], [-0.15298606602077047, 53.57417048222994], [-0.15332305997086026, 53.57399794979969], [-0.1536868413841168, 53.573845907024605], [-0.15398993073836043, 53.573744041773125], [-0.15398294755935774, 53.57374417902065], [-0.15359824360993285, 53.57362852534306], [-0.1532230290997121, 53.5734866697345], [-0.1528729846537181, 53.57332360616934], [-0.15255148157561613, 53.57314090527392], [-0.1522616161419186, 53.57294032679836], [-0.15200617978215214, 53.572723802659745], [-0.15178763220098462, 53.57249341832783], [-0.1516080777009703, 53.57225139273203], [-0.15146924493349662, 53.572000056884264], [-0.15137247027233103, 53.57174183142332], [-0.15131868496904077, 53.571479203297564], [-0.15130840621302843, 53.57121470181052], [-0.15134173218116886, 53.57095087426037], [-0.1514183411235664, 53.57069026140789], [-0.15153749449301848, 53.57043537300922], [-0.1516980440868835, 53.5701886636489], [-0.15189844313142542, 53.569952509105896], [-0.15213676120089337, 53.56972918347993], [-0.1524107028267537, 53.5695208372983], [-0.15271762961718804, 53.56932947681359], [-0.153054585673315, 53.569156944691386], [-0.1534183260571172, 53.5690049022736], [-0.15380534803683982, 53.568874813588025], [-0.1542119248091971, 53.56876793125747], [-0.1546341413739915, 53.56868528444409], [-0.15506793221633064, 53.56862766894475], [-0.1555091204343449, 53.56859563953215], [-0.15595345793656384, 53.56858950461593], [-0.15639666632292115, 53.56860932327437], [-0.15683447805685197, 53.56865490468564], [-0.1568911809547582, 53.568664294183726], [-0.15720681457539448, 53.57339160939436], [-0.15689130186272038, 53.56866610521613], [-0.1570899917002024, 53.568627207854185], [-0.15752377881825055, 53.56856958341294], [-0.15775776239659653, 53.568552591963396], [-0.160856182313614, 53.57310791717877], [-0.15775646748556799, 53.56855068795531], [-0.15808080588814827, 53.56841509450549], [-0.1584678084822294, 53.56828499055317], [-0.15887436817570993, 53.56817809221485], [-0.15929657013275253, 53.56809542880689], [-0.1597303489790427, 53.56803779628582], [-0.16017152792815706, 53.56800574958835], [-0.16061585897783104, 53.56799959729045], [-0.16067076788693982, 53.56800205058127], [-0.16278934077791585, 53.570639106447146], [-0.1606716648754079, 53.56800316716806], [-0.16087407832849246, 53.567849177436976], [-0.16118095512720113, 53.567657794758276], [-0.1615178638354783, 53.567485238343565], [-0.16188155997103434, 53.56733316976884], [-0.1622685412279937, 53.567203053313676], [-0.1626750811949987, 53.56709614186828], [-0.16309726522607046, 53.56701346487526], [-0.16353102811942616, 53.566955818421945], [-0.1639721932421834, 53.56692375757912], [-0.16441651272515417, 53.56691759105902], [-0.16485970834171967, 53.56693737824419], [-0.16529751267825094, 53.566982928615836], [-0.1657257102008138, 53.56705380358691], [-0.16614017782381865, 53.56714932072263], [-0.16653692459105338, 53.567268560307674], [-0.16691213008796701, 53.567410374197124], [-0.16726218121614905, 53.56757339686623], [-0.16758370697654013, 53.56775605855249], [-0.1678736109268974, 53.567956600364575], [-0.16812910100120043, 53.568173091211825], [-0.16834771640385213, 53.568403446393006], [-0.1685273513194944, 53.56864544766418], [-0.16866627520965777, 53.56889676459403], [-0.16876314950014953, 53.569154977000416], [-0.16881704049766175, 53.5694175982529], [-0.1688274284102139, 53.5696820992165], [-0.16879421238347755, 53.56994593260682], [-0.1687177115033019, 53.57020655752153], [-0.16859866175358876, 53.570461463912274], [-0.16843820895763142, 53.57070819676127], [-0.1682378977697648, 53.57094437972933], [-0.16799965682232812, 53.57116773804784], [-0.16772578017010048, 53.57137612043363], [-0.16741890521021038, 53.57156751981526], [-0.16708198728966728, 53.57174009267157], [-0.16671827124478455, 53.57189217679482], [-0.1663312601465427, 53.572022307307826], [-0.16592468155308132, 53.57212923078012], [-0.1655024515947723, 53.57221191730702], [-0.1651768009815414, 53.57225519583528], [-0.16516385769599634, 53.57225599296568], [-0.1652677707357785, 53.57225455020539], [-0.16526783724011596, 53.57225497965619], [-0.16536602468429323, 53.57224193070146], [-0.16580724371080557, 53.57220986356503], [-0.16625161853713993, 53.57220369069343], [-0.1666948704039422, 53.57222347153035], [-0.16713273135613116, 53.5722690156181], [-0.16756098531479038, 53.57233988443016], [-0.167975508651068, 53.57243539559107], [-0.1683723098724299, 53.57255462944307], [-0.16874756804009372, 53.572696437896504], [-0.1690976695485583, 53.57285945547893], [-0.16941924291368557, 53.57304211247698], [-0.16970919123483658, 53.57324265004441], [-0.1697411805497235, 53.573269751717774], [-0.16974015335834436, 53.57327105346452], [-0.17005388126334994, 53.573266685451735], [-0.1704971463459451, 53.5732864523004], [-0.17093502267126176, 53.573331982584975], [-0.17134966969792204, 53.573400583865116], [-0.17134977124687123, 53.57340108677803], [-0.17170921731658856, 53.573280209125144], [-0.17211579288751633, 53.57317326597738], [-0.17253802011230884, 53.573090556086825], [-0.17297183337328115, 53.57303287585752], [-0.17341305555264128, 53.57300078068549]], [[-0.16408149286607931, 53.5723418096247], [-0.1643502168458861, 53.572306099302146], [-0.16436316015998007, 53.57230530226007], [-0.16418304114657034, 53.572307801661836], [-0.16412812642208058, 53.57230534993695], [-0.16412722925351933, 53.57230423337535], [-0.16407391178391026, 53.57234479516009], [-0.16201659431840543, 53.57315496173213], [-0.16408149286607931, 53.5723418096247]]]}}, {"type": "Feature", "properties": {"db_school_name": "Middlethorpe Primary Academy", "urn": "137996", "n_samples": 40, "margin_m": 315.8}, "geometry": {"type": "Polygon", "coordinates": [[[-0.0430304444852745, 53.54051595641504], [-0.04698795064276601, 53.53896298793578], [-0.047210940834844985, 53.539090183980036], [-0.04750007547622949, 53.539291011565226], [-0.047754775383825825, 53.53950775341384], [-0.04797258736899417, 53.53973832240659], [-0.04815141335148799, 53.539980498239615], [-0.048210104481899746, 53.54008734927817], [-0.0482100049475575, 53.54008739556535], [-0.04839230464526456, 53.540156594969474], [-0.04874166888946711, 53.54031995910947], [-0.04906247224671105, 53.540502933745195], [-0.04935162522840062, 53.54070375697122], [-0.049606342997575485, 53.54092049498636], [-0.0498241721936014, 53.54115106070825], [-0.05000301457049385, 53.54139323386456], [-0.050141147220755994, 53.54164468236755], [-0.050209945720476795, 53.541829618198484], [-0.04611201073522491, 53.54280174210033], [-0.050214003218702584, 53.54182865557485], [-0.05043044267756076, 53.54205774097018], [-0.05054736284604694, 53.54221605774254], [-0.05054856232802154, 53.54221534463033], [-0.050627525474544084, 53.54223364023684], [-0.051023706231193906, 53.54235325849203], [-0.0513982977443715, 53.542495429887964], [-0.05174769282510661, 53.542658785457164], [-0.052068526788890915, 53.542841752231226], [-0.05235770985246431, 53.54304256838043], [-0.0526124568892255, 53.54325930017179], [-0.05283031425672123, 53.54348986058291], [-0.05300918343767315, 53.543732029392615], [-0.05314734126643225, 53.543983474555084], [-0.0532434565454267, 53.54424177465217], [-0.05329660289076129, 53.54450444220765], [-0.053306267682282825, 53.54476894763948], [-0.05327235703081152, 53.54503274361897], [-0.05319519671355798, 53.5452932896029], [-0.053075529067479726, 53.54554807630205], [-0.052914505869353395, 53.545794649850365], [-0.052713677269979255, 53.54603063544211], [-0.05258279514034508, 53.546152977640716], [-0.05258411655154298, 53.54615323129687], [-0.05255859008370736, 53.546351771557376], [-0.05248142278962255, 53.546612316965714], [-0.052361746952282046, 53.54686710282577], [-0.052200714427304715, 53.547113675279576], [-0.05199987545528086, 53.5473496595319], [-0.051761163754814675, 53.54757278272736], [-0.0514868779178459, 53.547780895846756], [-0.05117965928573045, 53.54797199441185], [-0.05084246651864184, 53.54814423779862], [-0.050540939090223995, 53.548269953995494], [-0.04792000153350151, 53.54785439368746], [-0.045866045208964736, 53.54827682740077], [-0.045037967272166565, 53.54820837630557], [-0.04451971177738453, 53.548318171747844], [-0.042240798156511966, 53.54793795831653], [-0.040853875202489634, 53.54831749484228], [-0.03983219415148325, 53.54808106214302], [-0.03903789721133019, 53.54817236339124], [-0.03876340125455119, 53.548136964737076], [-0.03789783995518094, 53.54762065670161], [-0.035541989585700436, 53.546511822289276], [-0.035441249577430875, 53.54635140551934], [-0.035379032425796146, 53.546313857599436], [-0.03434176822926833, 53.545687715184876], [-0.033757109105246486, 53.54477972611035], [-0.03363597520474748, 53.544591545031395], [-0.03364009386876928, 53.54449044775217], [-0.03327551576494251, 53.54340520236932], [-0.033325159527201755, 53.54323783702145], [-0.03344493844826119, 53.54298307101066], [-0.033606063081402036, 53.54273652450109], [-0.03380698111827083, 53.54250057170261], [-0.0339351421195581, 53.542380832043605], [-0.03393504232746136, 53.542380815040545], [-0.03393100377999893, 53.542268886893375], [-0.03396503194247478, 53.54200509734999], [-0.034042303580886515, 53.54174456465363], [-0.03416207376843298, 53.54148979778742], [-0.034323188365174936, 53.54124325016454], [-0.03448197295634526, 53.541056766504205], [-0.034481503477483244, 53.5410566938552], [-0.03447985009863373, 53.54101088651545], [-0.03613888248675241, 53.54027994132706], [-0.03906993404219018, 53.53967937322487], [-0.04012299563092158, 53.539016547914954], [-0.040494008582541506, 53.53890206088747], [-0.042122953112993765, 53.53776472106193], [-0.04684333062174343, 53.53874927653374], [-0.046951030746006914, 53.53889513979552], [-0.04698823418034905, 53.53896287666369], [-0.0430304444852745, 53.54051595641504]]]}}, {"type": "Feature", "properties": {"db_school_name": "Strand Primary Academy", "urn": "138866", "n_samples": 70, "margin_m": 197.1}, "geometry": {"type": "Polygon", "coordinates": [[[-0.07920012733620789, 53.569534916889914], [-0.07933901719001646, 53.56952470653659], [-0.08132962276521237, 53.56978816961288], [-0.08102948058304194, 53.570932183627555], [-0.08053981773905651, 53.57158995292319], [-0.080839152611909, 53.57199867217974], [-0.08298438445539999, 53.57312545717075], [-0.08299457991304972, 53.57320184382643], [-0.08344092202444676, 53.57400841487031], [-0.08342290507491995, 53.57414923871663], [-0.08334587219770256, 53.574409804103475], [-0.08322629852165166, 53.57466462066118], [-0.08310361223921658, 53.57485258954314], [-0.07792872940589261, 53.57450442490048], [-0.08310734919906536, 53.57485284088188], [-0.08310889640601489, 53.574856987771845], [-0.08316226189237683, 53.575119642719905], [-0.083172115407389, 53.5753841461339], [-0.08313836124289596, 53.57564795070494], [-0.08306132366743743, 53.5759085158073], [-0.08294174383419547, 53.576163331967884], [-0.08278077267253275, 53.576409945037], [-0.08257995983042699, 53.57664597982839], [-0.08234123877328074, 53.57686916299985], [-0.0820669081817445, 53.577077344954525], [-0.08175960982699465, 53.5772685205511], [-0.08142230313604261, 53.57744084842337], [-0.0810582366917783, 53.57759266872311], [-0.08067091694215132, 53.5777225191141], [-0.08026407442004886, 53.57782914886409], [-0.08015102527530417, 53.57785119494849], [-0.08013746945158969, 53.577833125495815], [-0.08010719022896184, 53.577757936672874], [-0.08012800937371004, 53.577681769344586], [-0.08013776165159295, 53.57760982943245], [-0.08011670557377303, 53.57753110278978], [-0.08007296707118228, 53.577442932947676], [-0.0800063637280009, 53.5773526883999], [-0.07984457689832594, 53.577226307485276], [-0.0797290022847062, 53.57717015688634], [-0.07968401080688395, 53.57709967625765], [-0.07957183353462552, 53.57699854229888], [-0.07960017311570193, 53.576969780790456], [-0.07954657866961974, 53.57696586467515], [-0.07954216494492236, 53.57696660293777], [-0.0795369635999013, 53.576964721593484], [-0.07949565065882809, 53.57694976550354], [-0.0794901515177008, 53.576947789484635], [-0.07938001374530775, 53.57697838515127], [-0.07927286001199796, 53.57695643965254], [-0.07917341843842313, 53.57699098233675], [-0.07901226106473033, 53.57714418577487], [-0.07890086376934269, 53.57727256718529], [-0.07884709020325066, 53.577355936498456], [-0.07865273107624596, 53.57750943249137], [-0.07724803509439622, 53.57499688232121], [-0.07865273107624596, 53.57750943249137], [-0.07858548066823791, 53.57756254346551], [-0.07832911469279703, 53.57758674596761], [-0.07823223729755566, 53.577758275894354], [-0.07816010208639321, 53.577829807534116], [-0.07808267958456115, 53.57793500104202], [-0.0780271634089363, 53.57804342282491], [-0.07799525622268384, 53.57812085004417], [-0.07789887144265058, 53.57822614352466], [-0.07781284457980042, 53.57828620596879], [-0.07772170699943821, 53.57833157853467], [-0.07764440403722611, 53.578346651644296], [-0.07721041512406887, 53.57840398439852], [-0.07714402254189531, 53.57840875911819], [-0.07601152653723567, 53.57511829634503], [-0.0771439258514791, 53.5784084782061], [-0.07678958950387237, 53.578455286839734], [-0.07634824622015374, 53.57848702435522], [-0.0759038007954093, 53.578492862469126], [-0.07546053429566693, 53.57847274495377], [-0.07502271642229282, 53.57842686559531], [-0.07459456436157869, 53.57835566632598], [-0.07450608130256219, 53.578335202191425], [-0.07450746755982128, 53.57833619700802], [-0.07455356046634572, 53.57856327163955], [-0.07456336047836791, 53.57882777515244], [-0.07452954948627204, 53.57909157665387], [-0.07445245230575484, 53.57935213554759], [-0.07433281066395749, 53.57960694242013], [-0.0741717760854829, 53.57985354321122], [-0.07397089882909343, 53.580089562852734], [-0.073732112980645, 53.58031272814828], [-0.07345771784492114, 53.58052088967312], [-0.07315035581490004, 53.5807120424826], [-0.07281298693106421, 53.58088434543001], [-0.0724488603755316, 53.58103613890705], [-0.07213828924809297, 53.581140220939865], [-0.06884930705292328, 53.57893905179694], [-0.07213865138358892, 53.58114046328358], [-0.07210032629206474, 53.58117627851376], [-0.07182591752973427, 53.58138443614661], [-0.07151854187588386, 53.58157558461644], [-0.07118115950224878, 53.58174788281834], [-0.07081701972091341, 53.581899671189696], [-0.0704296296864557, 53.58202948770186], [-0.07002272060900877, 53.58213608194885], [-0.06960021180405947, 53.58221842719718], [-0.0691661729258179, 53.582275730280514], [-0.06872478474873346, 53.5823074392436], [-0.0682802988757877, 53.582313248661485], [-0.06783699676274026, 53.58229310258288], [-0.06739914845408111, 53.58224719506916], [-0.06697097142930591, 53.58217596832374], [-0.06655658995704328, 53.582080108430034], [-0.06615999534956592, 53.58196053873898], [-0.06578500750152111, 53.58181841097034], [-0.06543523808412095, 53.58165509411321], [-0.0651140557499704, 53.58147216123369], [-0.06482455368411483, 53.58127137431604], [-0.06456951981407143, 53.58105466728473], [-0.06435140996578878, 53.58082412737059], [-0.0641723242238368, 53.58058197500096], [-0.06403398672307202, 53.580330542408134], [-0.0639377290657575, 53.580072251161866], [-0.06388447752300928, 53.579809588843275], [-0.06387474414284497, 53.579545085084334], [-0.0639086218493843, 53.57928128720414], [-0.06397711460564387, 53.579050008315065], [-0.06624793971299388, 53.57789654952599], [-0.06678305604241586, 53.577348453541916], [-0.06637697970843164, 53.57656669275652], [-0.06297098210301373, 53.575560959158906], [-0.06503334674939254, 53.57489375926197], [-0.06486941080129403, 53.57432763020604], [-0.06437709270899149, 53.57403912625638], [-0.06482662471286292, 53.573456441192874], [-0.06488941546024798, 53.57328276430418], [-0.06512179363312101, 53.573131315617125], [-0.06526433063341272, 53.57296591646399], [-0.0668293787560519, 53.57262617065745], [-0.06683897130673862, 53.57262267571893], [-0.06702219371476272, 53.57202873478494], [-0.06719326820891859, 53.57191914371833], [-0.06711591727262915, 53.57127676802105], [-0.06713454667397893, 53.57125504988624], [-0.06725393983722017, 53.57063354331388], [-0.06723231794680769, 53.57055687558958], [-0.06803713225019183, 53.56960399585433], [-0.06802155874019593, 53.569534407262786], [-0.06826950801627905, 53.569385505918326], [-0.06842845731783508, 53.568114853830295], [-0.06976644753645274, 53.567857147160815], [-0.07026173633618644, 53.567583259953345], [-0.071080999118799, 53.56726200063915], [-0.07223644414201609, 53.56744897679167], [-0.07239632607266053, 53.56771949143487], [-0.07244443523031127, 53.56775112383049], [-0.07269488515664879, 53.567850438761184], [-0.0743145292647519, 53.56883389810318], [-0.0751836678999298, 53.56899542457627], [-0.07662579975650144, 53.56897288499628], [-0.07753509768801811, 53.568893121033234], [-0.07769317971241298, 53.569073270595844], [-0.07920012733620789, 53.569534916889914]]]}}, {"type": "Feature", "properties": {"db_school_name": "Littlecoates Primary Academy", "urn": "142969", "n_samples": 34, "margin_m": 178.0}, "geometry": {"type": "Polygon", "coordinates": [[[-0.10246426611359954, 53.57141596907909], [-0.1025731963713565, 53.57145836004679], [-0.10313317813012728, 53.57154663334587], [-0.10348179012833887, 53.571649714175564], [-0.10620868801749808, 53.5718535804414], [-0.10689353228687382, 53.571814276616735], [-0.10897231060636743, 53.57205128044936], [-0.10897961711095946, 53.572051685015474], [-0.10917466624187729, 53.57214266450929], [-0.1094959719402888, 53.57232548035042], [-0.1097856282377801, 53.5725261607016], [-0.10983931715414959, 53.57257172872866], [-0.10468601585801728, 53.57554026278873], [-0.10983809339496442, 53.57257243374579], [-0.10998476322001167, 53.57264084454824], [-0.11030607619253364, 53.57282365826104], [-0.11059573972331732, 53.57302433669657], [-0.11085096406003238, 53.57324094744844], [-0.11106929096463454, 53.57347140466044], [-0.11124861739861049, 53.573713489105764], [-0.11138721579295094, 53.5739648695517], [-0.11148375070699235, 53.57422312520401], [-0.11153729171489203, 53.57448576901513], [-0.11154732239463815, 53.57475027163239], [-0.11151374533194248, 53.57501408575478], [-0.11143688308965212, 53.575274670664946], [-0.1113174751321351, 53.575529516699255], [-0.11115667073308695, 53.57577616942061], [-0.11095601793392967, 53.576012253261084], [-0.11071744865811262, 53.57623549440628], [-0.11044326012380912, 53.57644374270119], [-0.11015631565864135, 53.576622401173445], [-0.10462074964186349, 53.57644704707919], [-0.11015098007740932, 53.57662223227839], [-0.11026706636501217, 53.57670265029089], [-0.1105223107074256, 53.57691926179378], [-0.11074065428010388, 53.57714971961872], [-0.11091999388390855, 53.577391804533], [-0.11103292648293285, 53.57759662047459], [-0.11103575328250455, 53.577595759316026], [-0.1112889666594173, 53.577810637905685], [-0.11150731891363681, 53.57804109437369], [-0.11168666657677154, 53.57828317817419], [-0.11182528187522055, 53.578534558080676], [-0.1119218292053505, 53.57879281330411], [-0.11197537802154552, 53.579055456801164], [-0.11198541182638268, 53.57931995922211], [-0.11195183317525387, 53.5795837732679], [-0.11187496464608161, 53.57984435822189], [-0.11175554576356563, 53.58009920442004], [-0.11159472590642015, 53.580345857423616], [-0.11139405326476311, 53.58058194166198], [-0.11115545995299826, 53.580805183316876], [-0.11088124342067485, 53.581013432228325], [-0.11057404433965655, 53.58120468261016], [-0.11023682118004868, 53.581377092376016], [-0.10987282171949495, 53.58152900088883], [-0.10948555176013589, 53.58165894496275], [-0.10907874135474234, 53.581765672963094], [-0.108656308867691, 53.581848156868006], [-0.10822232321753292, 53.58190560217548], [-0.10792395887696023, 53.581927135677574], [-0.10792405076461431, 53.581927378822925], [-0.10761834863263758, 53.581987066703775], [-0.10718436023849832, 53.58204450821926], [-0.10674299954925216, 53.58207635775374], [-0.1064284683920363, 53.58208056890621], [-0.10642853872562229, 53.58208112034519], [-0.1060787575186058, 53.58210635917827], [-0.10563427552415446, 53.58211230748053], [-0.10519095439582389, 53.58209229971976], [-0.10475306436140101, 53.582046528624836], [-0.10432482330259531, 53.581975435085035], [-0.10391035610528612, 53.58187970390058], [-0.10351365490805638, 53.58176025718259], [-0.10313854063295308, 53.5816182454663], [-0.10278862616973354, 53.58145503662303], [-0.10246728156893158, 53.5812722026785], [-0.10217760157939446, 53.58107150466416], [-0.1019231008929856, 53.58085549105579], [-0.10306023961106398, 53.57947854961978], [-0.10192512947659338, 53.58085303477036], [-0.10181927923338169, 53.5808606688236], [-0.10137481010450934, 53.5808666014054], [-0.10093150439849151, 53.58084657798277], [-0.1004936321945078, 53.58080079143541], [-0.10006541120245009, 53.58072968280153], [-0.09965096611482746, 53.58063393702667], [-0.09925428885716693, 53.58051447636255], [-0.09887920012082484, 53.580372451478674], [-0.09852931254947155, 53.580209230373235], [-0.09820799593451987, 53.58002638519], [-0.09815483594129866, 53.57998954920555], [-0.09815522199958086, 53.57999065948699], [-0.09801354905861494, 53.58020782413283], [-0.09781280195126224, 53.580443884936685], [-0.09757413851915311, 53.58066709888746], [-0.09729985688749511, 53.580875316091934], [-0.09699259835548048, 53.58106653106927], [-0.0966553219661577, 53.581238902074034], [-0.0962912760101878, 53.58139076884249], [-0.09590396673785578, 53.581520668590876], [-0.09549712458087084, 53.58162735011143], [-0.09507466820967964, 53.58170978583006], [-0.09464066677307433, 53.58176718170889], [-0.09463967855277869, 53.581767252918226], [-0.09463653886433897, 53.581764575207686], [-0.09456563963819532, 53.58169512606671], [-0.09452660245258716, 53.58162258809914], [-0.09443070312589036, 53.58157161917601], [-0.09420438776051236, 53.581464636928104], [-0.09411334079868564, 53.58140655331435], [-0.09405133858686532, 53.581340841330274], [-0.09400352806788308, 53.58126187083262], [-0.09394550249068567, 53.581201795643345], [-0.09384394831615642, 53.58115568051973], [-0.09372612072921223, 53.581155692527815], [-0.09362396876726718, 53.58120350893695], [-0.09351088600430829, 53.58115846852589], [-0.09339796250232378, 53.58111325075397], [-0.09336928942514593, 53.58113949327099], [-0.09334553297410285, 53.58113030518578], [-0.09337467103434982, 53.58110380039096], [-0.09327435722902264, 53.5810469170318], [-0.09326081274866826, 53.58104454204659], [-0.09315913104691785, 53.581026711865675], [-0.0931582018120942, 53.581026548739175], [-0.09299955085273487, 53.58100388541236], [-0.09288931517153451, 53.58102990753217], [-0.0928208277849179, 53.58108491173111], [-0.09273319381886701, 53.58114913987526], [-0.09264663479956246, 53.58119954110718], [-0.09267536598911778, 53.58126939840927], [-0.09268645622524936, 53.581292414918366], [-0.09270714317664241, 53.581335348804735], [-0.09261820203412958, 53.58137825070675], [-0.0925509686821346, 53.581369197822426], [-0.09249552822846133, 53.58136173334884], [-0.0923989012992174, 53.58131021185468], [-0.09231883473700049, 53.58124987464345], [-0.09226916498026297, 53.58118543699398], [-0.09223265773106089, 53.581113837579096], [-0.0921126790717587, 53.58110122830059], [-0.09201746923597029, 53.58113908559751], [-0.09191342995067253, 53.58118516243206], [-0.09178032406191614, 53.58123598991228], [-0.09169932748378269, 53.58128360242454], [-0.0915990505661653, 53.581323266437266], [-0.09148340999730854, 53.581355224122866], [-0.0914081023704043, 53.581366955162125], [-0.09125924914871274, 53.581310580507896], [-0.09090938382918225, 53.581147337323294], [-0.0905880935952033, 53.580964471920474], [-0.09029847267169747, 53.580763745633874], [-0.09004331013157639, 53.58054709180411], [-0.08982506304065871, 53.580316597149704], [-0.08964583280587647, 53.58007448166231], [-0.08950734495419069, 53.57982307721913], [-0.08941093253627662, 53.579564805119084], [-0.08935752331400783, 53.579302152759155], [-0.08934763085413412, 53.57903764967561], [-0.08938134961284938, 53.57877384318138], [-0.08945835405737845, 53.57851327383383], [-0.08957790183189386, 53.57825845096948], [-0.08973884093604273, 53.57801182854113], [-0.08993962084584439, 53.57777578149003], [-0.09017830746884532, 53.57755258288029], [-0.09045260178862274, 53.5773443820156], [-0.09075986201838758, 53.57715318374887], [-0.09109712904984993, 53.576980829183334], [-0.09146115495196339, 53.576828977950974], [-0.09184843424510226, 53.576699092238535], [-0.09223538145380548, 53.57659762933062], [-0.09223770817904241, 53.576598152460946], [-0.09220649026509505, 53.576565182227334], [-0.09202726167715837, 53.576323070184046], [-0.09188877134173032, 53.57607166833226], [-0.09181015241987026, 53.57586107794139], [-0.0922678123311297, 53.57514753712723], [-0.09180893843818981, 53.57586297063373], [-0.09147191413997997, 53.57600356317309], [-0.0910846401332685, 53.5761334477259], [-0.0906778383148973, 53.57624011328878], [-0.09025542696675441, 53.576322532441296], [-0.089821474803902, 53.576379911305274], [-0.08938016176516374, 53.57641169719544], [-0.08893573872947987, 53.57641758394579], [-0.08849248654714459, 53.57639751486012], [-0.08805467478160216, 53.57635168325802], [-0.08762652056035969, 53.57628053061169], [-0.08721214793250814, 53.57618474229066], [-0.08681554812534399, 53.57606524095643], [-0.0864405410839107, 53.575923177670255], [-0.08620232751469521, 53.57581200086453], [-0.08620264250783319, 53.575811676033005], [-0.0859683953403082, 53.57575752280021], [-0.0855718031131383, 53.575638017398866], [-0.08519680408518783, 53.575495950272504], [-0.08484701003572445, 53.57533268982616], [-0.08452578985505395, 53.57514980858244], [-0.0842362370932595, 53.57494906802832], [-0.08398114016669332, 53.574732401641754], [-0.08376295550921083, 53.57450189626215], [-0.0835837839264798, 53.57425977198433], [-0.08345173537250382, 53.57401995671616], [-0.08817879556663825, 53.57250827403952], [-0.08345575026342575, 53.57401867290652], [-0.08344090175587919, 53.574008378244336], [-0.08299457991304972, 53.57320184382643], [-0.08298438445539999, 53.57312545717075], [-0.08472392544574037, 53.57094175730139], [-0.08830751054850391, 53.57124947946582], [-0.08875919420608856, 53.571031575947586], [-0.08982682528100468, 53.571123853702744], [-0.09171840454559343, 53.570505238153174], [-0.09180530710295436, 53.570494186898294], [-0.0920959670404593, 53.57057958614342], [-0.09215970180050963, 53.57061047101535], [-0.09287768863383318, 53.57132562853036], [-0.09330486587047469, 53.571850040274356], [-0.09345276209150646, 53.57182185597846], [-0.09529307721736832, 53.57098799201338], [-0.09611883032398293, 53.57105604151608], [-0.09679850692465376, 53.570757448775936], [-0.09865401142589779, 53.57069045034516], [-0.0999198075321888, 53.57154997788762], [-0.10246426611359954, 53.57141596907909]], [[-0.09815483594129866, 53.57998954920555], [-0.0975540027038121, 53.57826151765853], [-0.09815483594129866, 53.57998954920555], [-0.09815483594129866, 53.57998954920555]]]}}, {"type": "Feature", "properties": {"db_school_name": "New Waltham Academy", "urn": "137761", "n_samples": 77, "margin_m": 199.3}, "geometry": {"type": "Polygon", "coordinates": [[[-0.08104696050372244, 53.52323060864933], [-0.08127560246494622, 53.52342505290774], [-0.08149351770358722, 53.52365556227604], [-0.08167247072387765, 53.52389768965556], [-0.08181073755401817, 53.52414910339957], [-0.08190698594796286, 53.5244073823926], [-0.0819602882410707, 53.52467003936191], [-0.0819701303124555, 53.524934544827616], [-0.08193641656662883, 53.52519835146101], [-0.08185947088530905, 53.52545891861661], [-0.0817400335390038, 53.525713736801606], [-0.08157925408695729, 53.52596035184711], [-0.08137868033269843, 53.52619638854804], [-0.08114024344054602, 53.5264195735442], [-0.08086623935553357, 53.526627757221576], [-0.08055930670499535, 53.52681893442263], [-0.08022240139412556, 53.52699126376622], [-0.07985876813993899, 53.52714308539033], [-0.07947190921769297, 53.527272936946446], [-0.07906555072098614, 53.527379567691455], [-0.07864360666089283, 53.527461950540705], [-0.07821014125049526, 53.527519291965916], [-0.07776932973889422, 53.52755103964274], [-0.07768498726285776, 53.527552150905066], [-0.07768394285135229, 53.527550959077246], [-0.07753468079747547, 53.52766435173344], [-0.07723506527590274, 53.52785094919185], [-0.0772345272312017, 53.52785067029422], [-0.07697678757245084, 53.52804646764969], [-0.07666982722891635, 53.52823763457542], [-0.07640621489987436, 53.528372454694974], [-0.0764071901558211, 53.528373062188486], [-0.07613712423157976, 53.52854124832876], [-0.07580018742574272, 53.52871356488212], [-0.07553597009166439, 53.52882386006219], [-0.07277088772741624, 53.5276069974805], [-0.07553563016431955, 53.52882371047449], [-0.07549762382494198, 53.52890476229615], [-0.07533679575534884, 53.529151368393244], [-0.07513617201794912, 53.529387394060166], [-0.07489768425848181, 53.52961056604287], [-0.07462362891196297, 53.52981873485262], [-0.07431664509954208, 53.53000989547505], [-0.07397968921930802, 53.53018220668862], [-0.07361600647548969, 53.53033400880591], [-0.07339217980672584, 53.5304091165635], [-0.07339430511772271, 53.53041102284007], [-0.07336947373569269, 53.53042372064143], [-0.07300578676361334, 53.53057552085881], [-0.07261887586986077, 53.53070534970314], [-0.0722124676488068, 53.53081195665005], [-0.07179047659065628, 53.53089431484406], [-0.07135696736135931, 53.53095163099449], [-0.07091611563225315, 53.53098335302029], [-0.07047216783757401, 53.530989175370856], [-0.07002940024858838, 53.53096904197037], [-0.06959207775956913, 53.530923146757985], [-0.06925371387987889, 53.530866802417655], [-0.06862537473062832, 53.53026108432219], [-0.06925250544820198, 53.53086563751069], [-0.06920435825623944, 53.53102848876635], [-0.06908482872471679, 53.53128329326827], [-0.06892395424223559, 53.5315298902344], [-0.06872328352757236, 53.53176590463371], [-0.06848474867897078, 53.53198906332062], [-0.0682106465850594, 53.532197216934364], [-0.06790361681734776, 53.53238836060689], [-0.06756661621667945, 53.53256065327991], [-0.06720289041817017, 53.53271243544447], [-0.06681594258876757, 53.53284224513217], [-0.06640949967875036, 53.5329488320031], [-0.0662297039687277, 53.532983910654906], [-0.06352653710401311, 53.53018267538777], [-0.06622977479231686, 53.53298398404234], [-0.06602457180657159, 53.533088888515046], [-0.06566083603333979, 53.53324066588584], [-0.06527387875294399, 53.5333704704865], [-0.06486742700673193, 53.53347705202615], [-0.06444539570432638, 53.53355938389398], [-0.06401184989948061, 53.53361667305289], [-0.06357096561597816, 53.533648367681934], [-0.0631269896017494, 53.533654162494344], [-0.06275583847186575, 53.5336372636504], [-0.06275627763164432, 53.53363778350482], [-0.06265825923912352, 53.533729462734875], [-0.06074116469035716, 53.53357451144438], [-0.06265895616669864, 53.53372951905903], [-0.06270423866525554, 53.53381191367552], [-0.06280039082788455, 53.53407020681634], [-0.06285358528397621, 53.53433287095751], [-0.06286330895059251, 53.53459737654989], [-0.06282946737205568, 53.534861176263384], [-0.06275238566081248, 53.53512172951893], [-0.06263280539716562, 53.53537652695736], [-0.06247187751662502, 53.53562311460935], [-0.062271151252203366, 53.535859117533505], [-0.06203255923715212, 53.536082262694684], [-0.061758398910735826, 53.53629040086231], [-0.061451310405408674, 53.53648152731707], [-0.061114251127873345, 53.5366538011664], [-0.060750467278550595, 53.536805563082666], [-0.06036346258369522, 53.53693535129243], [-0.05995696454149757, 53.537041915662606], [-0.05953488850765543, 53.53712422974784], [-0.059101299966937505, 53.53718150068223], [-0.058660375354912135, 53.537213176820416], [-0.058216361808098284, 53.53721895305374], [-0.05777353623130485, 53.537198773750625], [-0.057336164077498634, 53.537152833292446], [-0.05690845823838145, 53.53708157419991], [-0.056494538442781704, 53.53698568286778], [-0.05609839155496784, 53.536866082949594], [-0.05572383315628289, 53.536723926455934], [-0.05537447078093485, 53.53656058265229], [-0.05505366916070575, 53.53637762486383], [-0.05476451781379896, 53.536176815314334], [-0.054509801290183804, 53.53596008814581], [-0.05429197236009407, 53.535729530782625], [-0.054113128403620106, 53.535487363819804], [-0.053974991228384374, 53.535235919629756], [-0.053878890509025446, 53.53497761989362], [-0.0538257510071451, 53.53471495227404], [-0.05381608369382545, 53.534450446453796], [-0.053849980859115514, 53.53418664977177], [-0.05392711525440192, 53.533926102690536], [-0.054046743274763796, 53.53367131433191], [-0.05420771214942668, 53.533424738316356], [-0.05440847106999762, 53.53318874913809], [-0.05453279402970947, 53.53307249464096], [-0.05453209712488049, 53.53307243826961], [-0.054486831327133736, 53.53299004069626], [-0.05439073222543348, 53.53273174129712], [-0.054345992177422545, 53.53251059530088], [-0.05679114326166918, 53.5313268706513], [-0.05434757704204154, 53.5325098280884], [-0.05421865878513559, 53.53248834379125], [-0.053804789851978264, 53.53239244352876], [-0.053408693330921166, 53.532272835059345], [-0.05303418431805497, 53.532130670475915], [-0.052684869871811056, 53.531967319121875], [-0.05258565030773112, 53.531910722769496], [-0.05258447920449006, 53.53191188784498], [-0.052223424081236154, 53.5318282187406], [-0.05182733737668638, 53.53170860510712], [-0.05145283871918792, 53.5315664356482], [-0.05110353506739078, 53.53140307975414], [-0.0507827905873618, 53.5312201108665], [-0.050493694246877885, 53.531019291315936], [-0.05023903006608726, 53.53080255534075], [-0.05002125031110704, 53.53057199045001], [-0.04984245188847174, 53.53032981731118], [-0.04970435616736738, 53.53007836835607], [-0.049608292423342026, 53.52982006531171], [-0.04955518506208206, 53.52955739587249], [-0.049545544745352124, 53.52929288973867], [-0.04957946350345852, 53.5290290942521], [-0.04965661388010631, 53.5287685498638], [-0.049707452615664595, 53.52866028298593], [-0.049706661357038724, 53.52866027650544], [-0.0496392340424684, 53.528478967818714], [-0.04958612795896165, 53.52821629835062], [-0.04957648754377911, 53.527951792164004], [-0.049610404828238606, 53.52768799660125], [-0.04968755237030223, 53.527427452114075], [-0.04975759931662166, 53.52727827374155], [-0.054825257215452165, 53.527646617688696], [-0.04975713092419176, 53.52727823968613], [-0.04975067769294318, 53.52710119954844], [-0.04976993966867995, 53.526951379346855], [-0.05414016294840249, 53.525642933966324], [-0.05494122287130342, 53.52357638001302], [-0.05617054898218558, 53.52283188233282], [-0.05953800936102745, 53.52419348633037], [-0.05979441466798771, 53.524184717656134], [-0.06097829560701998, 53.52460609700462], [-0.06336432893948854, 53.52471119894204], [-0.06396116263514724, 53.52438790048638], [-0.06426307896444124, 53.52390713745262], [-0.06491861605316313, 53.52342526077926], [-0.0664472585101877, 53.523057313604184], [-0.06676966489419099, 53.5231475761314], [-0.06754918298832392, 53.523192965156845], [-0.06771782530907733, 53.52318030741371], [-0.06856652492597261, 53.5228099326037], [-0.06972320971739486, 53.52288599281732], [-0.07043374178158064, 53.522771695446906], [-0.07207396234259072, 53.521707410426934], [-0.07225095783957299, 53.52171804071311], [-0.07445752552676244, 53.521376811578236], [-0.07580304467711808, 53.52171585642673], [-0.07640910821632785, 53.52233000932377], [-0.07684002536537095, 53.522766781663286], [-0.08104696050372244, 53.52323060864933]]]}}, {"type": "Feature", "properties": {"db_school_name": "Humberston Cloverfields Academy", "urn": "140801", "n_samples": 84, "margin_m": 174.9}, "geometry": {"type": "Polygon", "coordinates": [[[-0.03820736302966416, 53.52299011910938], [-0.03849634674964815, 53.52319096761635], [-0.0387509056388724, 53.52340772792124], [-0.038968587866811163, 53.523638312726824], [-0.03914729660304499, 53.5238805015768], [-0.03928531022746538, 53.52413196223211], [-0.03938129893181774, 53.52439027312514], [-0.03943433755190638, 53.52465294667558], [-0.039439822869491034, 53.52480444631301], [-0.03944358326945424, 53.524803891313006], [-0.03946048803336732, 53.52482179718804], [-0.03963920440772916, 53.525063985327], [-0.03977722463230526, 53.525315445427786], [-0.039873218835237284, 53.525573755928214], [-0.039926261799330724, 53.52583642925164], [-0.03993584190084776, 53.52610093576029], [-0.03990186606711542, 53.52636472811496], [-0.03982466070404739, 53.526625265807255], [-0.039704968583403416, 53.52688003962771], [-0.039543941718642034, 53.527126595834254], [-0.039343130296803336, 53.52736255978821], [-0.03913866967914844, 53.52755368744807], [-0.03913980960521944, 53.52755402878375], [-0.03898999037621177, 53.52778341531059], [-0.03878917269735207, 53.52801937825377], [-0.03855050350703321, 53.5282424761066], [-0.038276280988535485, 53.52845056009411], [-0.03796914587401043, 53.52864162601868], [-0.037632056019723845, 53.528813833570865], [-0.037268257921177377, 53.528965524061555], [-0.03688125544235773, 53.529095236405304], [-0.03647477606048657, 53.52920172119992], [-0.0360527349517912, 53.52928395276656], [-0.035619197264776234, 53.52934113903433], [-0.03517833894519482, 53.52937272917342], [-0.03473440649091421, 53.52937841890368], [-0.034291676025418265, 53.5293581534269], [-0.0338544120852114, 53.52931212795454], [-0.03342682651924113, 53.52924078582624], [-0.033013037897355185, 53.52914481423662], [-0.03261703181980232, 53.529025137612315], [-0.0325237795063232, 53.52898971354416], [-0.03252338949181061, 53.528992333739396], [-0.032521332472411874, 53.52899287253041], [-0.03209928614445267, 53.52907509009055], [-0.03166574563483915, 53.52913226199222], [-0.031224886916545295, 53.529163837544104], [-0.030780956491296103, 53.52916951260652], [-0.03033823046302635, 53.52914923252253], [-0.030303497169360687, 53.52914557543072], [-0.030289940212512842, 53.52914269810488], [-0.0305531321373686, 53.5292426839315], [-0.03090233757327821, 53.52940609905789], [-0.031222981458385608, 53.52958912044419], [-0.031511975839365866, 53.529789985734546], [-0.03176653740624591, 53.53000676072263], [-0.03198421430240897, 53.53023735796983], [-0.03202893525034162, 53.53029797180203], [-0.02861433936017166, 53.53253448923089], [-0.032029156419256244, 53.530297826928226], [-0.032350345253107184, 53.53037232275062], [-0.03274636303232368, 53.53049200033932], [-0.03312078813064412, 53.53063422777779], [-0.03347001496104139, 53.53079763555879], [-0.033690692102173236, 53.53092358373162], [-0.033352948074627374, 53.53239937836402], [-0.03369056159647642, 53.530924154005994], [-0.03388068022938131, 53.530860441388754], [-0.0342871818923904, 53.53075396564522], [-0.03470924095764202, 53.530671740493844], [-0.03514279342758031, 53.530614557671804], [-0.035583664695737816, 53.53058296778625], [-0.03602760972203588, 53.53057727501518], [-0.03647035388442699, 53.53059753418006], [-0.03690763411467916, 53.53064355021792], [-0.03733523992332097, 53.53071488005827], [-0.03774905391981656, 53.53081083688663], [-0.038145091438895926, 53.53093049675401], [-0.038519538892390924, 53.531072707468454], [-0.03886879047813612, 53.5312360996838], [-0.03918948289306919, 53.53141910007867], [-0.03947852771672907, 53.531619946499454], [-0.039733141153566166, 53.5318367049215], [-0.039950870847612195, 53.53206728806583], [-0.04012961951113206, 53.532309475492134], [-0.04020536464235096, 53.532447450771365], [-0.03839958370451886, 53.533243533833144], [-0.04020851563901549, 53.532446061596126], [-0.04024013790403043, 53.53245807025485], [-0.040589407510970274, 53.53262145756869], [-0.04088186118799091, 53.532788330473245], [-0.04088181362048381, 53.53278924755032], [-0.04116671431617356, 53.53264370249323], [-0.041530530645792874, 53.532492000383634], [-0.04191755053482528, 53.53236227320717], [-0.042324047201937436, 53.53225577010606], [-0.04274610641954349, 53.53217351659134], [-0.04317966418854395, 53.532116304673224], [-0.04362054585141016, 53.53208468523902], [-0.04406450626797463, 53.532078962751186], [-0.044507270668039556, 53.53209919231732], [-0.044944575788583116, 53.53214517915941], [-0.04537221090057867, 53.53221648048807], [-0.04578605833146647, 53.53231240976332], [-0.046182133094198836, 53.53243204330149], [-0.04655662124216431, 53.532574229164155], [-0.0469059165815291, 53.53273759824443], [-0.04722665538810232, 53.53292057744378], [-0.047515748794882455, 53.533121404812704], [-0.047770412538655826, 53.53333814651003], [-0.047988193779163815, 53.53356871541796], [-0.04816699473240816, 53.533810891233294], [-0.04830509289004017, 53.53406234184269], [-0.048401157629462954, 53.53432064577544], [-0.0484542630538894, 53.53458331551833], [-0.048461584905002957, 53.53478434296785], [-0.04137654321714587, 53.53612991786731], [-0.04846035809154682, 53.534784576005414], [-0.048614928445416525, 53.53491612083091], [-0.04883272219849654, 53.53514668825575], [-0.049011534427947916, 53.53538886284962], [-0.049149642516791256, 53.53564031251089], [-0.04924571574673888, 53.53589861577804], [-0.04929882813917333, 53.536161285144246], [-0.049308467401296845, 53.53642579100995], [-0.0492745398901947, 53.53668958604223], [-0.04919737154586534, 53.536950129706995], [-0.0490777047829922, 53.537204912737295], [-0.04891669137025283, 53.53745148130245], [-0.04871588136458495, 53.53768746064474], [-0.048477208205982975, 53.53791057795606], [-0.04820297011548802, 53.538118684273975], [-0.04789580797483048, 53.538309775185816], [-0.047558679900250686, 53.53848201014132], [-0.047194832755125704, 53.53863373018747], [-0.04684751971562934, 53.538750150173776], [-0.042122953112993765, 53.53776472106193], [-0.040494008582541506, 53.53890206088747], [-0.04012299563092158, 53.539016547914954], [-0.03906993404219018, 53.53967937322487], [-0.03613888248675241, 53.54027994132706], [-0.03448534492694534, 53.54100846565557], [-0.034252862133745704, 53.54096968787072], [-0.033838957832168365, 53.54087371827317], [-0.03344284070027337, 53.54075404360158], [-0.03332678464296649, 53.54070996996884], [-0.03503407219050293, 53.53794466553714], [-0.033326778188779806, 53.54070998042198], [-0.033291899041307575, 53.54070630979128], [-0.03329517068419219, 53.54070919444599], [-0.033291723147535875, 53.540720817994256], [-0.033171950042848924, 53.54097558399207], [-0.033010829849884925, 53.541222130022824], [-0.03280991365411603, 53.54145808154565], [-0.03257113591847354, 53.54168116602029], [-0.03229679587147768, 53.54188923480042], [-0.031989535377164216, 53.54208028383479], [-0.031652313499428784, 53.54225247297649], [-0.03134058652853673, 53.54238238585865], [-0.02697272957944049, 53.542565361948625], [-0.026635675376774772, 53.542463511056035], [-0.026261169129423813, 53.54232126282399], [-0.025911876859551507, 53.54215783367449], [-0.025591162623015817, 53.541974797754705], [-0.02530211509562013, 53.541773918040924], [-0.025047517826606976, 53.5415571293509], [-0.024898877960342056, 53.541399672089725], [-0.024898812043266393, 53.541399749617604], [-0.02459133833608375, 53.54142174705587], [-0.024147279326811242, 53.541427396303035], [-0.02384691578094703, 53.54141362408994], [-0.023846916419438632, 53.54141386938716], [-0.02372558339507779, 53.541422548866365], [-0.023281524344033806, 53.54142819489653], [-0.022838674816054314, 53.54140788595028], [-0.02261397131807221, 53.541384218319834], [-0.022613972906202404, 53.54138422123086], [-0.022466445774992395, 53.54147592742405], [-0.02212919079058271, 53.5416480894124], [-0.021765227224431173, 53.54179973091127], [-0.0213780605347091, 53.54192939130701], [-0.021070302185743232, 53.54200994130898], [-0.017390544881314092, 53.541942750378595], [-0.01711258708656223, 53.54185872810577], [-0.0167381188292909, 53.54171645036569], [-0.01665241262587917, 53.541676338197874], [-0.018773004674522496, 53.53869624105687], [-0.016652796105357238, 53.54167579933106], [-0.016370620901696307, 53.54164606334799], [-0.015942942547460655, 53.54157465795558], [-0.015529075432546235, 53.5414786252964], [-0.015133005913221155, 53.54135889038543], [-0.014758548824886749, 53.54121660653355], [-0.014409310725083075, 53.541053144233004], [-0.01408865514764241, 53.54087007795029], [-0.013858687280229272, 53.540710200787885], [-0.01615207929778772, 53.53804286072361], [-0.013859105371293912, 53.540709714560414], [-0.013539600334735323, 53.54069503678872], [-0.013102244316653631, 53.54064893462786], [-0.012674581775123168, 53.54057751767285], [-0.012601897346452739, 53.54056064962976], [-0.012917996516100339, 53.53780964983288], [-0.012602026524944835, 53.54055952547542], [-0.012470630680401856, 53.54057682556992], [-0.01246874008981409, 53.54057475649793], [-0.012261112046681042, 53.54070378835518], [-0.011923822598688742, 53.54087592125245], [-0.011559830041488032, 53.541027531427], [-0.011172640112711976, 53.54115715856686], [-0.01076598209577606, 53.541263554090406], [-0.010343772888203935, 53.54134569317871], [-0.009910079258297283, 53.54140278465155], [-0.009469078654466091, 53.54143427859232], [-0.009025018945594253, 53.54143987164757], [-0.008582177481306559, 53.541419509950295], [-0.008144819867543548, 53.54137338963896], [-0.007717158855665759, 53.54130195496682], [-0.007713537967565706, 53.541301114501174], [-0.007682021799050199, 53.541292350814814], [-0.007966056680197694, 53.541400300267554], [-0.008315272289085634, 53.54156378118202], [-0.008635907718057133, 53.54174686275125], [-0.008924875094588516, 53.541947782039955], [-0.009179391368030199, 53.54216460432175], [-0.009397005117141213, 53.542395241702664], [-0.009575620169782405, 53.542637473219955], [-0.009713515806817721, 53.54288896622359], [-0.009809363355033135, 53.54314729883433], [-0.009862239008457856, 53.54340998326239], [-0.00987163275361739, 53.54367448976279], [-0.009837453311670859, 53.54393827099612], [-0.009760029048687736, 53.544198786560685], [-0.009640104844064246, 53.54445352745983], [-0.00947883494608689, 53.5447000402682], [-0.009277771882315808, 53.54493595076469], [-0.009038851530557552, 53.54515898680392], [-0.008764374493357778, 53.54536700020595], [-0.008456983954670611, 53.54555798745275], [-0.008119640231466295, 53.5457301089924], [-0.007755592265126047, 53.54588170696405], [-0.007368346327089476, 53.54601132117323], [-0.006961632240390084, 53.54611770316285], [-0.006539367442778515, 53.546199828244276], [-0.006105619238174343, 53.54625690537223], [-0.005664565600833539, 53.54628838476829], [-0.005220454910637416, 53.54629396321902], [-0.004777565008427687, 53.546273586998204], [-0.004340161966845229, 53.54622745238416], [-0.0039124589749244595, 53.546156003767955], [-0.003498575733637075, 53.546059929370095], [-0.0031024987544800717, 53.54594015460763], [-0.0027280429445449826, 53.545797833175335], [-0.0023788148488303293, 53.54563433592749], [-0.002058177904535711, 53.54545123766714], [-0.0017692200424159264, 53.54525030197106], [-0.001514723947490869, 53.54503346419613], [-0.0012971402655473966, 53.54480281283173], [-0.001118564013264481, 53.544560569377964], [-0.0009807144187002452, 53.54430906694355], [-0.0008849183856842394, 53.544050727770205], [-0.0008320977404840875, 53.54378803989986], [-0.0008227603826401652, 53.54352353320981], [-0.0008569954240619561, 53.54325975504676], [-0.0009344723620215776, 53.542999245694375], [-0.001054444292853307, 53.54274451391062], [-0.0012157551341797055, 53.54249801277056], [-0.0014168507850118046, 53.54226211604685], [-0.0016557941152399711, 53.54203909535557], [-0.0019302836392664602, 53.54183109828694], [-0.002237675693277938, 53.54164012773123], [-0.00257500990206986, 53.54146802259896], [-0.0029390376898962597, 53.54131644012044], [-0.0033262535607633094, 53.541186839894756], [-0.0037329288471044217, 53.541080469841646], [-0.004155147602244912, 53.540998354190954], [-0.004588844291650469, 53.54094128362561], [-0.00502984292076551, 53.54090980767183], [-0.00547389722364523, 53.54090422941076], [-0.00569429379737804, 53.540914369240326], [-0.00660267136086747, 53.54101791466605], [-0.005673807211271159, 53.5409120339012], [-0.005601346185272677, 53.5408999287041], [-0.0051875099510296455, 53.54080386050612], [-0.004791476759105601, 53.54068409164376], [-0.004417061094787582, 53.54054177575501], [-0.0040678691163912924, 53.54037828364062], [-0.0037472639132745933, 53.54019519005426], [-0.0034583331105521487, 53.53999425852758], [-0.0032038591327349882, 53.53977742437721], [-0.0029862924127471296, 53.53954677605773], [-0.002807727804093643, 53.53930453503973], [-0.0026698844229089366, 53.53905303440856], [-0.0025740891134193636, 53.53879469638852], [-0.002521263695180602, 53.53853200901043], [-0.002519188155836681, 53.538473278020334], [-0.00842646622904993, 53.5376239389959], [-0.0025205585230392547, 53.53847308102905], [-0.0024103175057216294, 53.538323521940555], [-0.0022724795305883523, 53.538072020862764], [-0.0021766887110410186, 53.53781368252652], [-0.002123866823435126, 53.5375509949657], [-0.0021145217795792456, 53.537286488054626], [-0.0021487427657073785, 53.53702270914213], [-0.002226199414747905, 53.536762198519114], [-0.002346145018697942, 53.53650746495585], [-0.0025074237489594747, 53.5362609615445], [-0.002708481813987512, 53.5360250620797], [-0.0029473824457867436, 53.535802038204004], [-0.0032218245700645423, 53.53559403753828], [-0.0035291649795219184, 53.53540306300754], [-0.0038664437962904648, 53.53523095356067], [-0.0042304129779932274, 53.53507936646952], [-0.004617567592903136, 53.53494976137769], [-0.0050124890393317325, 53.53484644467599], [-0.005586200031618018, 53.53497986814322], [-0.008642337325249126, 53.537398926781286], [-0.010076052549642623, 53.537263801374124], [-0.011066706338010764, 53.536729697252746], [-0.012242403363295755, 53.53678514166807], [-0.012778127135998402, 53.536577432205306], [-0.015007484808638115, 53.5367294705243], [-0.016250771170338914, 53.535606840847116], [-0.016498073002290895, 53.53553220220598], [-0.016643063053653144, 53.53557244555281], [-0.018046308413058657, 53.53695136346656], [-0.018911742070305375, 53.53697878342607], [-0.01923929453272385, 53.536894300936986], [-0.0198829452919094, 53.536320974467884], [-0.02148121148875053, 53.53625423541261], [-0.021887001780557504, 53.536206996527795], [-0.022178498155683204, 53.535613506665044], [-0.023263623343343167, 53.53546803911627], [-0.02369192676303917, 53.53543633650223], [-0.02551914561727232, 53.5357963645847], [-0.026625723694801366, 53.535312412753626], [-0.02596128719316511, 53.53388063228746], [-0.025486465007233713, 53.53370032430497], [-0.024840832480659384, 53.53209458985837], [-0.025885861403574368, 53.531446669935754], [-0.026186666848083132, 53.53041441296887], [-0.02478522846712766, 53.529999676882305], [-0.023986293941581763, 53.527397011188214], [-0.02410391290981125, 53.526636040145945], [-0.0240529794753486, 53.52658360695629], [-0.023724850508491234, 53.5263294532077], [-0.023697657154296444, 53.52631556080242], [-0.023664363957008893, 53.52628720048884], [-0.023453413920299624, 53.526063648099864], [-0.02500340799298577, 53.524828216692306], [-0.02588793538141491, 53.52371833261754], [-0.024772398810757615, 53.52073383694761], [-0.025121955010151277, 53.52061669819587], [-0.025528379127608115, 53.52051025137811], [-0.02595035200909987, 53.52042805625305], [-0.026383810486809354, 53.52037090426887], [-0.02682458085911702, 53.5203393457358], [-0.02726841905719568, 53.520333684530044], [-0.02771105148732253, 53.520353975169144], [-0.02814821615677583, 53.52040002228711], [-0.028575703688441253, 53.52047138251419], [-0.028989397830295312, 53.5205673687433], [-0.029385315070798175, 53.520687056742304], [-0.02975964297963385, 53.52082929404827], [-0.030108776905480097, 53.52099271105897], [-0.030429354678042347, 53.52117573421412], [-0.030718288980661642, 53.521376601140815], [-0.03097279708199378, 53.52159337761688], [-0.031073562313782107, 53.52170014753143], [-0.031074539124258973, 53.521698480387684], [-0.031146901112894712, 53.52167952435702], [-0.031568875298978276, 53.52159730941728], [-0.03200233870835942, 53.52154013710649], [-0.032443117591908696, 53.52150855793062], [-0.03288696779885147, 53.5215028759646], [-0.03332961561986303, 53.52152314592586], [-0.033766798914082866, 53.52156917264748], [-0.0341943081251405, 53.52164051295607], [-0.03460802679236262, 53.52173647993636], [-0.03500397116817007, 53.52185614954151], [-0.035378328561084, 53.52199836948578], [-0.03572749403600673, 53.52216177033403], [-0.0357947331730132, 53.522200151376666], [-0.03579427914529325, 53.522200690837366], [-0.03592598193871676, 53.52221455370137], [-0.03635350144700151, 53.52228588637062], [-0.03676723143867213, 53.522381845967494], [-0.0371631880571531, 53.52250150851627], [-0.03753755849313215, 53.52264372179913], [-0.03788673768596915, 53.522807116445115], [-0.03820736302966416, 53.52299011910938]], [[-0.0407694628624109, 53.53495517440208], [-0.04088181362048381, 53.53278924755032], [-0.04088181362048381, 53.53278924755032], [-0.0407694628624109, 53.53495517440208]], [[-0.0067817371586966, 53.54104217046396], [-0.00678535800564161, 53.54104301095751], [-0.007488017708412417, 53.54123840392608], [-0.006816873798869342, 53.5410517748772], [-0.006761931383302859, 53.54103089281084], [-0.006761825636678717, 53.54103109027553], [-0.006688788875722925, 53.54102773076761], [-0.006709275577887911, 53.5410300659338], [-0.0067817371586966, 53.54104217046396]]]}}, {"type": "Feature", "properties": {"db_school_name": "Pilgrim Academy", "urn": "144148", "n_samples": 32, "margin_m": 314.1}, "geometry": {"type": "Polygon", "coordinates": [[[-0.22107050797161223, 53.61483706314822], [-0.22187127121702788, 53.61498999026447], [-0.22342323048092708, 53.61581762000393], [-0.22210368991980164, 53.61655566174404], [-0.2218394419270712, 53.616849626803095], [-0.22220829762576588, 53.61714000822641], [-0.2228479015464123, 53.61722081809817], [-0.2230942313446953, 53.61727619803175], [-0.223975732392508, 53.618055993810735], [-0.22273577902309008, 53.61878036614589], [-0.22280732473555717, 53.619036429391564], [-0.22224008025099015, 53.62036594818832], [-0.22504651151960609, 53.62216872334077], [-0.22498028292978822, 53.622310781966696], [-0.22481995358775572, 53.622557589449166], [-0.22461970282132185, 53.622793865422665], [-0.22438145867811493, 53.62301733422285], [-0.22410751524114061, 53.62322584350234], [-0.22380051054851635, 53.6234173849674], [-0.22346340119491637, 53.623590113728085], [-0.22309943385903952, 53.62374236607462], [-0.222712114031282, 53.62387267550914], [-0.2223051722429517, 53.62397978687738], [-0.22188252812271061, 53.624062668464326], [-0.22144825262700396, 53.62412052193694], [-0.2210065288090569, 53.62415279003777], [-0.2205616115052385, 53.624159161955454], [-0.22011778632811463, 53.62413957631989], [-0.2196793283623035, 53.62409422179358], [-0.21925046096210962, 53.62402353525298], [-0.21883531504892936, 53.62392819757787], [-0.21843788930154684, 53.62380912708904], [-0.218062011623741, 53.62366747069798], [-0.2177113022611564, 53.62350459285391], [-0.2173891389233732, 53.623322062394905], [-0.2170986242475417, 53.62312163743002], [-0.2168425559172179, 53.622905248398574], [-0.21662339972420575, 53.62267497946976], [-0.2164432658326388, 53.622433048462376], [-0.21630388847347257, 53.622181785478155], [-0.21626952163721694, 53.622090577665965], [-0.2162685673849748, 53.62209101457294], [-0.2161763594279078, 53.62206338519514], [-0.21580050486884353, 53.62192172184784], [-0.21544981868974727, 53.62175883751812], [-0.21542307103389463, 53.62174368141638], [-0.2154240958049327, 53.62174126909477], [-0.21518161857813287, 53.621773559883444], [-0.21473991506366458, 53.621805805023754], [-0.21429502204890194, 53.62181215383664], [-0.21385122491238615, 53.621792545174635], [-0.21341279846854805, 53.62174716792202], [-0.2131469179366323, 53.62170332800461], [-0.2122624769089998, 53.61993206604865], [-0.21314863431359912, 53.6217067652296], [-0.213147729676378, 53.62170745358755], [-0.2128406871752814, 53.62189896666643], [-0.21250354601706695, 53.62207166432741], [-0.21213955318702976, 53.622223883160316], [-0.21175221442136447, 53.622354156990056], [-0.21134526043399518, 53.62246123100534], [-0.2109226109712498, 53.622544073850946], [-0.21048833704115236, 53.622601887567065], [-0.21004662168191618, 53.622634115279276], [-0.20960171964844868, 53.62264044656518], [-0.2091579164061927, 53.62262082044618], [-0.20906591849264927, 53.622611295233774], [-0.2090667352897303, 53.622612580383304], [-0.20904492992705004, 53.62262917021553], [-0.20873786230243002, 53.622820672532804], [-0.20840069722306565, 53.62299335841242], [-0.20803668190475522, 53.62314556455763], [-0.20764932230039343, 53.62327582491554], [-0.20724234932471852, 53.62338288480462], [-0.20681968290704586, 53.62346571300577], [-0.20638539421878843, 53.623523511700185], [-0.20594366644038276, 53.623555724158116], [-0.20549875444641041, 53.623562040104176], [-0.2050549437982883, 53.623542398707535], [-0.2046165094406135, 53.62349698916785], [-0.2041876745001531, 53.623426248891455], [-0.20377256958543968, 53.62333085927584], [-0.20337519298010096, 53.6232117391421], [-0.20311976039737623, 53.62311542851423], [-0.2024092669580109, 53.62105933678999], [-0.20279124382297403, 53.62059081467982], [-0.20589362143889373, 53.619520998419695], [-0.2058793574875079, 53.61922554044127], [-0.20678884950330872, 53.61782696143155], [-0.20756454178537798, 53.61769492676283], [-0.2088322965623404, 53.616091000081916], [-0.2106332573884552, 53.61563983760197], [-0.21088333847478463, 53.61479716031732], [-0.21221869553026648, 53.614476304819846], [-0.2146990418704305, 53.614299127938004], [-0.21540623975654663, 53.61399823927357], [-0.21769689083627297, 53.61461507223492], [-0.2197384046673138, 53.614038849550916], [-0.22024434490090355, 53.61404021151181], [-0.22107050797161223, 53.61483706314822]]]}}, {"type": "Feature", "properties": {"db_school_name": "Coomb Briggs Primary Academy", "urn": "149511", "n_samples": 39, "margin_m": 243.2}, "geometry": {"type": "Polygon", "coordinates": [[[-0.22854630970262937, 53.60929481524868], [-0.2289899839270518, 53.609314368448196], [-0.2294282998440258, 53.60935968781467], [-0.22985703699540924, 53.60943033698532], [-0.2302720671014367, 53.60952563569954], [-0.23066939379166665, 53.60964466634529], [-0.23104519106930066, 53.6097862827898], [-0.2313958401393174, 53.60994912140978], [-0.23171796424644528, 53.61013161421553], [-0.23200846118797805, 53.6103320039424], [-0.23226453318857906, 53.61054836096494], [-0.2324837138494126, 53.61077860187125], [-0.23266389191187611, 53.61102050951863], [-0.2328033316066569, 53.6112717543781], [-0.23290068939149497, 53.61152991696241], [-0.23295502691566097, 53.61179251112168], [-0.2329562914119225, 53.61182349892619], [-0.23241698590627655, 53.612209865448854], [-0.23295331030429917, 53.61182563466264], [-0.23318160996468812, 53.61180892891165], [-0.23327189144289112, 53.611807625950966], [-0.2332735852431426, 53.61180866121407], [-0.23328779793989846, 53.61169451638112], [-0.23336398301135952, 53.61143384934364], [-0.23348276508115956, 53.61117887798785], [-0.23364299951952744, 53.610932057697745], [-0.2338431425847617, 53.61069576532098], [-0.23408126631323029, 53.61047227628493], [-0.23435507710501094, 53.61026374269064], [-0.23466193782550762, 53.61007217259542], [-0.234998893209672, 53.60989941068323], [-0.23536269832391832, 53.60974712050845], [-0.23574984981156424, 53.60961676848431], [-0.23615661962110596, 53.609509609768935], [-0.23657909089290133, 53.6094266761854], [-0.23701319565930826, 53.609368766291375], [-0.23745475399601906, 53.609336437693855], [-0.23789951424850383, 53.609330001682814], [-0.23834319394728423, 53.60934952023542], [-0.23878152101914743, 53.6093948054192], [-0.23921027489862084, 53.60946542120042], [-0.23962532714498092, 53.609560687640005], [-0.2400226811747511, 53.60967968743665], [-0.24039851072805754, 53.609821274754594], [-0.24074919669929604, 53.60998408625105], [-0.24107136197808213, 53.61016655419748], [-0.24136190396547694, 53.61036692156864], [-0.24161802445259525, 53.610583258954414], [-0.2418372565739049, 53.610813483132034], [-0.24201748857544286, 53.61105537711997], [-0.24215698416863243, 53.61130661152083], [-0.24225439927303874, 53.6115647669482], [-0.24230879498602745, 53.61182735732118], [-0.24231964665340722, 53.61209185380307], [-0.2422868489526427, 53.61235570915336], [-0.24221071693848537, 53.612616382258956], [-0.24209198303976653, 53.61287136260805], [-0.24193179003507165, 53.61311819447094], [-0.24173168007382673, 53.613354500555324], [-0.2414935798474995, 53.613578004907], [-0.2412197820528349, 53.613786554836366], [-0.2409129233249588, 53.61397814165835], [-0.24057595885234345, 53.614150920046264], [-0.24038390854925412, 53.614231317145375], [-0.23788064250685395, 53.61462425401342], [-0.24038672071178288, 53.614230875687404], [-0.24051262817345384, 53.614236411672714], [-0.24095100825931418, 53.61428168929648], [-0.2413798152759002, 53.61435229767271], [-0.24179492027098684, 53.61444755693361], [-0.24219232615331635, 53.614566549847], [-0.2425682061638384, 53.61470813064344], [-0.24291894071117665, 53.61487093604302], [-0.24324115221724787, 53.61505339837591], [-0.24353173763799196, 53.61525376067101], [-0.24378789834626263, 53.615470093567104], [-0.24400716708915116, 53.615700313884695], [-0.24418743175993812, 53.6159422046795], [-0.2443269557553061, 53.61619343658496], [-0.24442439472113747, 53.61645159023867], [-0.24447880952480572, 53.61671417957689], [-0.244489675328049, 53.616978675772884], [-0.24445688667195764, 53.61724253158899], [-0.24438075852393254, 53.617503205907575], [-0.24426202327532437, 53.61775818820516], [-0.24410182371748188, 53.618005022733364], [-0.2439017020627234, 53.618241332174065], [-0.2436635851149386, 53.618464840540824], [-0.24338976573175122, 53.61867339510532], [-0.2430828807560807, 53.61886498713776], [-0.24274588562910698, 53.61903777126126], [-0.2423820259288723, 53.61919008323294], [-0.24199480610857885, 53.619320455980606], [-0.24158795573581168, 53.619427633740194], [-0.2411653935582876, 53.619510584157226], [-0.24073118974278596, 53.619568508235616], [-0.24028952665177547, 53.61960084803782], [-0.2398446585364442, 53.61960729206173], [-0.23940087053540038, 53.619587778242646], [-0.23896243737510636, 53.61954249455119], [-0.23853358217096074, 53.6194718771815], [-0.23811843572700916, 53.61937660634697], [-0.23772099672736718, 53.61925759972449], [-0.23734509320376357, 53.619116003610344], [-0.23699434565117164, 53.61895318187317], [-0.2369386911437908, 53.61892166324851], [-0.23693819889468432, 53.61891954340557], [-0.23682427798452452, 53.61902645064986], [-0.23655042153718187, 53.61923498924499], [-0.23624350184876708, 53.619426563438076], [-0.23590647469496365, 53.61959932802394], [-0.23554258596245037, 53.61975161894791], [-0.2351553403842218, 53.619881969340504], [-0.23474846777611247, 53.61998912365301], [-0.2343258871001401, 53.620072049756764], [-0.23389166870137562, 53.62012994888995], [-0.23344999508284062, 53.62016226335525], [-0.23300512059718084, 53.62016868189465], [-0.2325613304443908, 53.62014914268896], [-0.23212289937165045, 53.620103833953365], [-0.23169405047421068, 53.620033192123245], [-0.23148626136318126, 53.6199854943598], [-0.2314867896845408, 53.6199887296448], [-0.23111001943033035, 53.620115536373575], [-0.23070313462675165, 53.62022267682633], [-0.23028054400105638, 53.620305588558104], [-0.2298463179942158, 53.62036347294548], [-0.2294046391825792, 53.62039577243324], [-0.2293450427054169, 53.620396630349205], [-0.22812058183827705, 53.61913498149602], [-0.22934387116371813, 53.620395423268235], [-0.22927122006369802, 53.620463583038664], [-0.22899731730526754, 53.620672103924335], [-0.22869035327207776, 53.62086365834005], [-0.22835328416709091, 53.62103640127116], [-0.22798935628123065, 53.62118866887145], [-0.2276020747247895, 53.621318994496136], [-0.22756925282597357, 53.62132763578633], [-0.22756795932355905, 53.621326619178944], [-0.22732793417595118, 53.621476393593746], [-0.2269908546537762, 53.62164913258594], [-0.22662691663485, 53.621801395945646], [-0.2262396253271011, 53.62193171706897], [-0.2258327109870367, 53.622038840689], [-0.22541009297883594, 53.622121734972794], [-0.22504839539899893, 53.6221699334205], [-0.22224008025099015, 53.62036594818832], [-0.22280732473555717, 53.619036429391564], [-0.22273577902309008, 53.61878036614589], [-0.223975732392508, 53.618055993810735], [-0.2230942313446953, 53.61727619803175], [-0.2228479015464123, 53.61722081809817], [-0.22220829762576588, 53.61714000822641], [-0.2218394419270712, 53.616849626803095], [-0.22210368991980164, 53.61655566174404], [-0.22342323048092708, 53.61581762000393], [-0.22187127121702788, 53.61498999026447], [-0.22107050797161223, 53.61483706314822], [-0.22024434490090355, 53.61404021151181], [-0.22133314821302666, 53.61330740636423], [-0.22385946371155113, 53.61315533423098], [-0.22465307088780134, 53.611010335075285], [-0.22561220708832136, 53.61014706740171], [-0.22570821568703453, 53.61010683000102], [-0.22628870507767262, 53.60961772609905], [-0.22639658751226893, 53.60958141350435], [-0.22680337994056368, 53.60947428677628], [-0.2272258684359302, 53.609391386364216], [-0.22765998486501265, 53.60933351050642], [-0.22810154919129547, 53.6093012164822], [-0.22854630970262937, 53.60929481524868]]]}}, {"type": "Feature", "properties": {"db_school_name": "Edward Heneage Primary Academy", "urn": "138857", "n_samples": 42, "margin_m": 176.0}, "geometry": {"type": "Polygon", "coordinates": [[[-0.07998631030737406, 53.5618115530558], [-0.08015631206648303, 53.56193695472762], [-0.07930765614559639, 53.563782230196104], [-0.07961626955010014, 53.563904694864185], [-0.08113104611598418, 53.56411413563152], [-0.08181525004817373, 53.56471747363468], [-0.08186973905608924, 53.56510626834211], [-0.08138202635487529, 53.565825727350045], [-0.08143675850097086, 53.565859695776695], [-0.08222075454530457, 53.56586978620522], [-0.08282261062629917, 53.565652291982936], [-0.08308177516981309, 53.56575825630493], [-0.08321627646559819, 53.56613168467635], [-0.083079231459793, 53.5663877488907], [-0.08321271658405749, 53.56748986503361], [-0.0834154549189162, 53.567688584388], [-0.0833926906916105, 53.56785749651716], [-0.08443066458211447, 53.568945327666256], [-0.08445983627856196, 53.56902755858949], [-0.08416015021929103, 53.56973624538023], [-0.0836345473353684, 53.56976296605311], [-0.08132962276521237, 53.56978816961288], [-0.07933901719001646, 53.56952470653659], [-0.07920012733620789, 53.569534916889914], [-0.07769317971241298, 53.569073270595844], [-0.07753509768801811, 53.568893121033234], [-0.07662579975650144, 53.56897288499628], [-0.0751836678999298, 53.56899542457627], [-0.0743145292647519, 53.56883389810318], [-0.07269488515664879, 53.567850438761184], [-0.07244443523031127, 53.56775112383049], [-0.07239632607266053, 53.56771949143487], [-0.07223644414201609, 53.56744897679167], [-0.071080999118799, 53.56726200063915], [-0.07040913771084328, 53.56659957178266], [-0.06782403911361735, 53.56623694435779], [-0.0677929145352208, 53.56623681738498], [-0.06752510300907814, 53.5661851895709], [-0.06741441075871564, 53.56616386717675], [-0.06559717504045136, 53.56662740756705], [-0.06490120934070177, 53.566564106815505], [-0.0634728762344812, 53.565487355994954], [-0.06326462507116536, 53.5646464615579], [-0.06312793083836157, 53.56454650353284], [-0.06395236729523492, 53.56215393263703], [-0.06746385839929142, 53.5629663581382], [-0.06791211200548075, 53.56285647358778], [-0.06799068616032469, 53.56266746316801], [-0.06775892078404343, 53.561639067851665], [-0.0661345462881462, 53.560951191082445], [-0.06658943280021888, 53.560640768230485], [-0.06769270176664173, 53.55893838321068], [-0.06773225113898879, 53.55893133587091], [-0.06773610700102457, 53.5589339127276], [-0.0701304288459516, 53.560129061102714], [-0.07222296548058761, 53.56048392121264], [-0.0722336699968189, 53.56051370375922], [-0.07227117316346136, 53.561335262270944], [-0.07232407153930849, 53.561396148383515], [-0.07549329777198208, 53.56188839075946], [-0.0759383894593621, 53.56189024544675], [-0.07703626909994002, 53.56133445578689], [-0.07691260958924015, 53.560358974198216], [-0.07705555882019753, 53.56005180772066], [-0.0790127170913926, 53.5601726940338], [-0.08000341568134821, 53.56077620549513], [-0.07998631030737406, 53.5618115530558]], [[-0.0802536341926227, 53.5667202635002], [-0.08016327145359606, 53.56682229524105], [-0.08228770168310488, 53.56701209702648], [-0.08162085326218828, 53.56633301108171], [-0.0802536341926227, 53.5667202635002]]]}}, {"type": "Feature", "properties": {"db_school_name": "Eastfield Primary Academy", "urn": "139981", "n_samples": 37, "margin_m": 158.9}, "geometry": {"type": "Polygon", "coordinates": [[[-0.21887907188909966, 53.606114205662166], [-0.21931316531783698, 53.606056359879865], [-0.21975470105511152, 53.606024096418736], [-0.22019942766400133, 53.60601772594162], [-0.22023616964508322, 53.60601934794398], [-0.22207433301419177, 53.60758164557915], [-0.22633698187209605, 53.60933179346766], [-0.22631081161722003, 53.60954170666656], [-0.2262885411886534, 53.60961786418931], [-0.22570821568703453, 53.61010683000102], [-0.22561220708832136, 53.61014706740171], [-0.22465307088780134, 53.611010335075285], [-0.22385946371155113, 53.61315533423098], [-0.22133314821302666, 53.61330740636423], [-0.22024434490090355, 53.61404021151181], [-0.2197384046673138, 53.614038849550916], [-0.21769689083627297, 53.61461507223492], [-0.21540623975654663, 53.61399823927357], [-0.2146990418704305, 53.614299127938004], [-0.21221869553026648, 53.614476304819846], [-0.21088333847478463, 53.61479716031732], [-0.21003966286773326, 53.6141131898575], [-0.20999119872318966, 53.614089831859516], [-0.20966603190502153, 53.61384274027929], [-0.2089255804340475, 53.613638172943624], [-0.20842499136877737, 53.6133298005395], [-0.20741776822031777, 53.61228599566159], [-0.20502737476285993, 53.61327179040921], [-0.20406140380052, 53.61257154273696], [-0.20400655423175962, 53.612246627688066], [-0.20352483790411974, 53.61205660652873], [-0.20216399903016125, 53.61087503251256], [-0.20245336836959224, 53.60851506099909], [-0.20271856890282025, 53.6084797618857], [-0.2031601412016106, 53.60844755999057], [-0.20360489435710644, 53.608441251430065], [-0.20404854596817062, 53.60846089695421], [-0.2041322586917003, 53.608469570645426], [-0.20413231908413468, 53.60847030584109], [-0.20443606164831707, 53.608429872073486], [-0.2048776322647914, 53.608397663824306], [-0.2053223847868496, 53.60839134887283], [-0.20559528245990658, 53.60840342943901], [-0.2055913518349606, 53.60840165041291], [-0.2054706653283952, 53.60818390159765], [-0.2053734826429161, 53.60792571799192], [-0.20531932098758846, 53.60766311258998], [-0.20530870117493025, 53.60739861447716], [-0.20534172466466558, 53.60713477091975], [-0.20541807261793157, 53.60687412283317], [-0.205537008998787, 53.60661918031328], [-0.20569738769197568, 53.606372398466206], [-0.20589766356726386, 53.60613615376915], [-0.20613590738277376, 53.605912721190194], [-0.20640982438291539, 53.60570425228657], [-0.206716776411091, 53.60551275449256], [-0.20697950943712626, 53.605378139604895], [-0.2069800085971202, 53.60537846726197], [-0.20706897374720518, 53.605322963610405], [-0.2074060017162609, 53.60515027989221], [-0.20776986296362124, 53.60499807398496], [-0.2081570535926866, 53.60486781149048], [-0.20836253089319987, 53.604813731500634], [-0.21160857977349465, 53.607186758050645], [-0.21653996717690077, 53.60605921975748], [-0.21667155313070824, 53.60617046034288], [-0.21689062616390586, 53.60640072910145], [-0.21690873062786586, 53.60642505318305], [-0.21340376772330488, 53.60811184921806], [-0.21690596410011323, 53.60642638469474], [-0.2169893838368788, 53.606465143242175], [-0.21633231477213935, 53.60891973961173], [-0.2169898886379961, 53.60646325735329], [-0.2170126772166855, 53.606457257829156], [-0.21743515384168335, 53.606374391861685], [-0.21786925180116806, 53.60631655135847], [-0.21806949839399456, 53.60630192190048], [-0.21953049311134537, 53.6091696026225], [-0.21806818329177227, 53.60629934040215], [-0.2184566005839534, 53.60619707677585], [-0.21887907188909966, 53.606114205662166]]]}}, {"type": "Feature", "properties": {"db_school_name": "Macaulay Primary Academy", "urn": "138890", "n_samples": 65, "margin_m": 362.0}, "geometry": {"type": "Polygon", "coordinates": [[[-0.10601879009803483, 53.56489408430415], [-0.10603291112060559, 53.564909389166715], [-0.10569421798839192, 53.565275137182496], [-0.10677910329767655, 53.56602093804529], [-0.10687786767498994, 53.566033313688216], [-0.10761054165729016, 53.56630317945523], [-0.10763063674678165, 53.56631783517766], [-0.10987920140419402, 53.565794857956625], [-0.10991274434666048, 53.56575642069039], [-0.11004199610370975, 53.56570822561172], [-0.11102249528176328, 53.566190521656935], [-0.11387658673433737, 53.568489086902275], [-0.11355237052893155, 53.56865491385153], [-0.11318849311196776, 53.56880683380504], [-0.11280135028968505, 53.56893678996621], [-0.11271494096239917, 53.568959469872695], [-0.11271454823935244, 53.568959199141446], [-0.1126517977328053, 53.56901793155016], [-0.11237766616465741, 53.569226185002904], [-0.1121471145608864, 53.56936976524994], [-0.11214646184501402, 53.56936958218849], [-0.11213566218719173, 53.569454457622946], [-0.11205881467612856, 53.56971504328319], [-0.1119394269246966, 53.569969890331116], [-0.11177864801221675, 53.570216544319884], [-0.11157802573484833, 53.57045262966938], [-0.11133949172224177, 53.57067587255077], [-0.11106534285306312, 53.57088412279231], [-0.11077730123334814, 53.571063491889745], [-0.11077451723593847, 53.57106215783316], [-0.11061441084102556, 53.5712119950123], [-0.1103402549156305, 53.571420243513245], [-0.11003312403767981, 53.571611493375876], [-0.10969597602047959, 53.571783902518916], [-0.10933205791794723, 53.57193581031136], [-0.10898577776485449, 53.572052026134735], [-0.10897231060636743, 53.57205128044936], [-0.10689353228687382, 53.571814276616735], [-0.10620868801749808, 53.5718535804414], [-0.10348179012833887, 53.571649714175564], [-0.10313317813012728, 53.57154663334587], [-0.1025731963713565, 53.57145836004679], [-0.10246426611359954, 53.57141596907909], [-0.0999198075321888, 53.57154997788762], [-0.09865401142589779, 53.57069045034516], [-0.09679850692465376, 53.570757448775936], [-0.09611883032398293, 53.57105604151608], [-0.09529307721736832, 53.57098799201338], [-0.09491445937536472, 53.57037088527357], [-0.09480143349997142, 53.56955870737982], [-0.09387231676212192, 53.56939836036661], [-0.09364715932817361, 53.56945152663114], [-0.09319585934021792, 53.56946546691225], [-0.09162875210691172, 53.56922108355153], [-0.09162523948452102, 53.569046837141634], [-0.09167931942006693, 53.56899104973793], [-0.09303823239481523, 53.568536835377785], [-0.09358939467748847, 53.56869204598667], [-0.09447922170495207, 53.56809333536677], [-0.09395003544473877, 53.567774874426014], [-0.09449316473675802, 53.5668768345809], [-0.09496416202702515, 53.56672269015372], [-0.09496693880524473, 53.56671472346109], [-0.09490400945306895, 53.56663068673043], [-0.0952892968265292, 53.56563807224639], [-0.09404547600825525, 53.565517822647344], [-0.09331024925011033, 53.565009235179886], [-0.09289060941092564, 53.56486263223524], [-0.09263162223423031, 53.563913536847146], [-0.0930141527665761, 53.56363956805835], [-0.0933061551660349, 53.56359089738344], [-0.09543833005156352, 53.56382183377098], [-0.09569660650497938, 53.56395338910666], [-0.09804436016816934, 53.56428328113991], [-0.09852459357266415, 53.56357164476134], [-0.09843649184544377, 53.56311277005292], [-0.09844152029174352, 53.56300181566245], [-0.09901646488781148, 53.562263457537135], [-0.10088375701650813, 53.56229810138458], [-0.10109885700700755, 53.56262061554748], [-0.10213654008984498, 53.563015973351206], [-0.1035511621388665, 53.562470565013626], [-0.10366005393165358, 53.562325059094036], [-0.10438049491580696, 53.562583308398125], [-0.10534728826827255, 53.563374292637064], [-0.10535764657468046, 53.56342832445158], [-0.10570779872294518, 53.5635446468456], [-0.10601879009803483, 53.56489408430415]]]}}, {"type": "Feature", "properties": {"db_school_name": "Laceby Stanford Primary Academy", "urn": "150519", "n_samples": 76, "margin_m": 377.6}, "geometry": {"type": "Polygon", "coordinates": [[[-0.17521512976396164, 53.531551743415115], [-0.17520470575040617, 53.53128724114113], [-0.17523784602163298, 53.53102340375631], [-0.1753142306179182, 53.53076277211649], [-0.17543312315421852, 53.530507856159076], [-0.1755933779411487, 53.530261110734386], [-0.17579345104507918, 53.530024911969164], [-0.1760314151798174, 53.529801534389414], [-0.17630497828559555, 53.52959312902322], [-0.17661150561572078, 53.52940170269351], [-0.17694804511770915, 53.52922909870039], [-0.17731135586418814, 53.52907697907822], [-0.17769793925971938, 53.528946808598555], [-0.17810407272320622, 53.528839840672106], [-0.17852584552192188, 53.52875710528547], [-0.1789591964126991, 53.52869939908848], [-0.17939995272858478, 53.528667277727266], [-0.1798438705355058, 53.528661050496815], [-0.1802866754733202, 53.52868077736419], [-0.18072410388908214, 53.528726268391274], [-0.1811519438675871, 53.52879708556232], [-0.18156607576523834, 53.52889254699881], [-0.18196251185798162, 53.52901173352152], [-0.18233743472250358, 53.529153497496246], [-0.18268723398192901, 53.52931647387847], [-0.18300854106284004, 53.529499093351184], [-0.18329826162937693, 53.52969959742917], [-0.18355360538234422, 53.52991605538496], [-0.18377211293637144, 53.530146382833735], [-0.18395167951610386, 53.53038836179849], [-0.18409057524278072, 53.53063966206253], [-0.18418746181521686, 53.53089786360423], [-0.18424140542370437, 53.5311604798977], [-0.18425188577151005, 53.53142498185587], [-0.18421880111598388, 53.53168882218488], [-0.18414246927956904, 53.53194945991577], [-0.1840236246197756, 53.53220438487703], [-0.18386341098612338, 53.53245114187232], [-0.1836633707307432, 53.532687354330335], [-0.18342542987747648, 53.53291074719874], [-0.18315187959139792, 53.533119168862015], [-0.1831470234175618, 53.53312220184529], [-0.17992937093885233, 53.53314594016158], [-0.18314271201084997, 53.53312223371077], [-0.18337286342055825, 53.5332814986412], [-0.18362822868494735, 53.53349795649592], [-0.1838467546376015, 53.53372828383302], [-0.1840263363258894, 53.5339702626765], [-0.18416524372542875, 53.53422156281092], [-0.18423127862087224, 53.53439753049752], [-0.18423321570399462, 53.53439684346259], [-0.18428171988334566, 53.53441943840483], [-0.18460307205545132, 53.53460205382064], [-0.18476413056315646, 53.534713498161636], [-0.1796801716005331, 53.53746153752385], [-0.18476684154578887, 53.53471203263616], [-0.1847946736477224, 53.534727848611354], [-0.18508443788057177, 53.534928348559234], [-0.18533982167765306, 53.5351448028555], [-0.18555836526790997, 53.53537512715062], [-0.18573796352884825, 53.535617103497984], [-0.1858768862764659, 53.5358684017062], [-0.1859737949491736, 53.53612660177343], [-0.18602775552421677, 53.5363892171881], [-0.18603824754122875, 53.536653718871555], [-0.18600516914492643, 53.536917559532604], [-0.18592883809721292, 53.53717819819915], [-0.18580998874774676, 53.53743312469066], [-0.1856497649909668, 53.53767988379602], [-0.18544970927627372, 53.53791609892359], [-0.18534792770631883, 53.538011650878445], [-0.18193546878485398, 53.53876842285341], [-0.1853507260164993, 53.53801103025329], [-0.1854372092852047, 53.538025338739025], [-0.18585144076517546, 53.53812078601613], [-0.18624797485247305, 53.53823995896622], [-0.1866229931804061, 53.53838171008585], [-0.1869728844530369, 53.5385446744544], [-0.187294279211032, 53.53872728287059], [-0.18758408227429618, 53.53892777695577], [-0.1878395025491966, 53.53914422607879], [-0.1880580799133726, 53.53937454594001], [-0.18823770891903147, 53.539616518635555], [-0.18837665908600174, 53.53986781400924], [-0.1884735915885138, 53.54012601208659], [-0.18852757217417443, 53.540388626375176], [-0.18853808018973006, 53.540653127807275], [-0.18850501362563077, 53.540916969094134], [-0.18842869012962424, 53.541177609257616], [-0.18830984397843553, 53.54143253810283], [-0.18814961903549668, 53.541679300396005], [-0.18794955776144048, 53.54191551951477], [-0.18771158638216584, 53.54213892034264], [-0.18743799635642824, 53.542347351187324], [-0.18713142232075725, 53.54253880451114], [-0.18679481672357698, 53.542711436273564], [-0.1864314213925634, 53.54286358369984], [-0.18604473630901538, 53.542993781303295], [-0.18563848589014173, 53.54310077500748], [-0.18521658310442918, 53.54318353423133], [-0.1847830917662858, 53.54324126182098], [-0.18434218737391908, 53.543273401731945], [-0.1838981168685785, 53.54327964438793], [-0.18345515770378376, 53.54325992966415], [-0.18301757661990703, 53.54321444746653], [-0.1825895885223211, 53.54314363590122], [-0.18217531586032668, 53.543048177051986], [-0.18177874889919998, 53.54292899040643], [-0.1814037072689547, 53.542787223994324], [-0.18105380316102423, 53.54262424332397], [-0.18073240652799516, 53.542441618223116], [-0.18044261262201758, 53.542241107711604], [-0.18018721218481742, 53.54202464305179], [-0.179968664576401, 53.54179430914043], [-0.1799091680385856, 53.54171414234135], [-0.17991655571821105, 53.541726363620484], [-0.17999826736692195, 53.54194413076983], [-0.18005219744109585, 53.54220674839061], [-0.18006265277448794, 53.54247125005383], [-0.18002953186480694, 53.54273508846845], [-0.17995315288313157, 53.542995722683926], [-0.17994691045054922, 53.54300910619804], [-0.17994359811612093, 53.54300967037609], [-0.18002423206794818, 53.543055489120654], [-0.18031402944611674, 53.54325600065005], [-0.18056943780401094, 53.54347246506336], [-0.1807879971337674, 53.54370279791374], [-0.18096760216098326, 53.54394478117217], [-0.18110652263611335, 53.54419608458078], [-0.1812034200190458, 53.544454288087586], [-0.1812573603953242, 53.5447169051479], [-0.18125862935699646, 53.544748983927924], [-0.1769245740330916, 53.54553790009907], [-0.18125628952644499, 53.54474940989138], [-0.1814060956841222, 53.54490727804547], [-0.18158570919913225, 53.545149260400464], [-0.18172463713148565, 53.54540056310567], [-0.1818215408692141, 53.54565876611594], [-0.18187548643661763, 53.54592138289132], [-0.18188595351738157, 53.54618588434008], [-0.18185284049590317, 53.546449723173225], [-0.18177646546710496, 53.54671035843619], [-0.18165756320381526, 53.5469652799812], [-0.1814972781097275, 53.547212032644715], [-0.18129715322469933, 53.54744823989695], [-0.18105911538723404, 53.54767162673571], [-0.1807854566961813, 53.5478800416033], [-0.18047881244947944, 53.54807147711586], [-0.18014213577190705, 53.54824408940435], [-0.17977866917591723, 53.5483962158815], [-0.1793919133294036, 53.5485263912624], [-0.1789855933313685, 53.548633361684594], [-0.17856362282070962, 53.54871609679124], [-0.1782628218698996, 53.54875613114815], [-0.17826236983247898, 53.54875574280659], [-0.1781280102955064, 53.548881817086084], [-0.17796420708675761, 53.549006553517735], [-0.1771953144513031, 53.54905780852928], [-0.17796427666507908, 53.54900654887937], [-0.1781009524147915, 53.54907020721416], [-0.178422387116029, 53.54925283951935], [-0.17871221849218552, 53.54945335502228], [-0.1788213124797131, 53.549545806221154], [-0.17882141356707987, 53.54954413301528], [-0.17887898202715716, 53.5495002941303], [-0.17918564388286187, 53.549308862910685], [-0.17952233294572337, 53.5491362534477], [-0.17988580684809727, 53.54898412782817], [-0.18027256542353204, 53.54885395088127], [-0.18067888440429952, 53.54874697607985], [-0.18110085127164574, 53.548664233476536], [-0.18153440291416106, 53.54860651979052], [-0.18197536473239154, 53.54857439074], [-0.18241949081409348, 53.54856815569391], [-0.18286250479429025, 53.54858787469458], [-0.18330014100781278, 53.54863335787962], [-0.1837281855391867, 53.548704167308856], [-0.184070936328721, 53.548783130566484], [-0.1842447042698324, 53.55128193905293], [-0.18407094749257427, 53.548783291112215], [-0.18414454833272795, 53.5487585148472], [-0.18455085693354353, 53.54865152679719], [-0.18497281561121245, 53.548568770457], [-0.18540636133312252, 53.54851104267807], [-0.1858473195567915, 53.54847889931433], [-0.18624065962378444, 53.548473364567194], [-0.18624239011133797, 53.548473652547365], [-0.1859207903814273, 53.54835211974941], [-0.18557082319190785, 53.548189151919665], [-0.18524936521176785, 53.54800653861324], [-0.18495951228410504, 53.54780603873647], [-0.18470405571914172, 53.54758958344936], [-0.18448545541745354, 53.547359257558476], [-0.18430581619077244, 53.54711727943041], [-0.184166867507984, 53.546865979619994], [-0.18406994686073402, 53.54660777841914], [-0.18401598690802617, 53.54634516254275], [-0.18400550652264466, 53.546080661176696], [-0.18403860582452627, 53.54581682161828], [-0.18411496524775214, 53.545556184744335], [-0.18423384864894438, 53.54530126054272], [-0.18439411042594694, 53.545054503943206], [-0.1845942065771108, 53.54481829118005], [-0.18483220959365623, 53.54459489691408], [-0.18510582704082906, 53.54438647233398], [-0.18541242364818564, 53.544195024447646], [-0.18574904669578382, 53.54402239676259], [-0.18611245445152466, 53.54387025154125], [-0.18649914738572643, 53.543740053801535], [-0.18690540186253893, 53.54363305721654], [-0.18732730598411398, 53.54355029204869], [-0.18776079724300926, 53.54349255523448], [-0.18820170162099645, 53.543460402714764], [-0.18864577375872885, 53.54345414408446], [-0.1890887378104839, 53.54347383961297], [-0.18952632859171317, 53.543519299663906], [-0.1899543326243099, 53.54359008651974], [-0.19036862868549279, 53.54368551859399], [-0.19076522747092606, 53.543804676990185], [-0.19114030999110407, 53.543946414344994], [-0.1914902643321153, 53.5441093658704], [-0.19181172042743383, 53.54429196248888], [-0.19210158250639192, 53.54449244593542], [-0.19235705890709112, 53.5447088856814], [-0.1925260815077673, 53.54488693969922], [-0.188454372301098, 53.54884173736406], [-0.19252740409986746, 53.544885654938255], [-0.19256393085265192, 53.544885138907894], [-0.19300691199133543, 53.54490482005337], [-0.19344452203379797, 53.544950265909485], [-0.19387254731653913, 53.545021038895435], [-0.19428686641224854, 53.54511645755825], [-0.19468348979488267, 53.54523560313061], [-0.19505859823818503, 53.5453773283727], [-0.19540857957872249, 53.54554026861311], [-0.1957300634900762, 53.545722854882975], [-0.19601995393381028, 53.54592332901703], [-0.19627545897495774, 53.5461397605763], [-0.19649411767492797, 53.54637006543038], [-0.19667382380264323, 53.54661202582004], [-0.19681284613515684, 53.54686331170771], [-0.19690984515156976, 53.54712150321036], [-0.19696388595871728, 53.547384113899], [-0.1969744473231039, 53.54764861474065], [-0.19694142672106735, 53.5479124584524], [-0.19686514135734376, 53.548173104032784], [-0.1967463251410155, 53.5484280412348], [-0.19658612164680714, 53.54867481474429], [-0.19638607312837478, 53.5489110478308], [-0.19620112029218023, 53.54908469235665], [-0.1962003555340678, 53.54908482986955], [-0.19631152799006224, 53.549110428473305], [-0.1967081943104202, 53.549229567607625], [-0.19708334468560246, 53.54937128675355], [-0.1974333665484838, 53.54953422129842], [-0.197754889182495, 53.549716802328284], [-0.19804481617634562, 53.54991727172831], [-0.19830035524309905, 53.5501336991052], [-0.1985190451164641, 53.550364000368866], [-0.19869877926509819, 53.55060595779467], [-0.19883782619610435, 53.550857241373635], [-0.19893484615156734, 53.551115431244995], [-0.19898890403651176, 53.55137804099556], [-0.19899947845279786, 53.55164254160136], [-0.19896646675087734, 53.55190638578178], [-0.19889018604956715, 53.55216703253085], [-0.19877137021284844, 53.552421971590384], [-0.19861116281159327, 53.55266874762823], [-0.19841110613689814, 53.55290498388971], [-0.19817312636980705, 53.55312840509319], [-0.1978995150493562, 53.55333685935016], [-0.19759290701673574, 53.55352833889734], [-0.19725625504745414, 53.55370099944163], [-0.19689280141556165, 53.553853177930904], [-0.19650604666373067, 53.55398340857925], [-0.19609971588013472, 53.55409043699186], [-0.19567772280736007, 53.55417323225321], [-0.1952441321295821, 53.554230996862266], [-0.19480312030206653, 53.554263174417876], [-0.19435893530117343, 53.55426945498106], [-0.19391585568360223, 53.554249778061866], [-0.19347814935032828, 53.55420433320206], [-0.19305003241355234, 53.55413355814811], [-0.1926356285639829, 53.55403813463216], [-0.19223892933090492, 53.553918981801424], [-0.19191368083468535, 53.5537961084053], [-0.19191372948249416, 53.5537964501547], [-0.1918811612207884, 53.5538167858043], [-0.19154448404932697, 53.55398943004777], [-0.19118100782523345, 53.554141590978126], [-0.19079423330891068, 53.554271802978576], [-0.1903878857790292, 53.554378811833885], [-0.18996587913957885, 53.55446158681699], [-0.1895322782055017, 53.55451933062211], [-0.18909125953091557, 53.554551487048585], [-0.1886470711581748, 53.5545577463609], [-0.18820399167647292, 53.554538048273876], [-0.1877662889854613, 53.554492582533165], [-0.1873381791622214, 53.55442178708641], [-0.18692378582888033, 53.55432634386217], [-0.18652710041333942, 53.554207172197565], [-0.18615194368682997, 53.554065419978166], [-0.185801928949576, 53.553902452575684], [-0.18570301510587947, 53.5538462698001], [-0.18916203716144922, 53.54928061152287], [-0.18570246231171048, 53.55384699936001], [-0.18561783895023534, 53.55384323522049], [-0.18518014640933614, 53.55379776009028], [-0.18475204810955334, 53.553726955470275], [-0.1844092562573104, 53.55364799388558], [-0.18440924509132653, 53.55364783333998], [-0.1843356358481251, 53.55367260967947], [-0.1839292783098832, 53.55377959650844], [-0.18350726558701103, 53.55386234864956], [-0.1830736625531221, 53.55392006901707], [-0.1826326457826103, 53.55395220163604], [-0.1821884632995056, 53.5539584370004], [-0.18174539363625763, 53.55393871505559], [-0.18130770459790393, 53.55389322577712], [-0.18087961212995002, 53.55382240733936], [-0.18046523968725778, 53.55372694189238], [-0.18006857849639302, 53.55360774898731], [-0.17969344909511792, 53.55346597671438], [-0.17934346452031988, 53.553302990638386], [-0.17902199549959646, 53.55312036063921], [-0.17873213798220228, 53.55291984578398], [-0.17862303568261134, 53.55282739448299], [-0.1787349692970883, 53.550974907429264], [-0.17862293457655254, 53.55282906768769], [-0.17856536125441175, 53.55287290638625], [-0.17825867048157737, 53.55306433566798], [-0.17792194479162815, 53.55323694116167], [-0.1775584271691345, 53.55338906034534], [-0.17717161877354984, 53.5535192280043], [-0.1767652452101344, 53.553626190350435], [-0.17634322063386204, 53.5537089171047], [-0.1759096100326177, 53.55376661142591], [-0.17546859005375093, 53.55379871759006], [-0.17502440875223313, 53.55380492634591], [-0.17458134464913314, 53.553785177895215], [-0.17414366549590227, 53.553739662468836], [-0.17371558714276433, 53.55366881849305], [-0.17330123290853475, 53.553573328363896], [-0.17290459384427226, 53.553454111870295], [-0.17252949027447786, 53.55331231732966], [-0.17217953498707195, 53.553149310521306], [-0.17185809842739563, 53.552966661524785], [-0.171568276231878, 53.55276612959016], [-0.17131285941434987, 53.5525496461862], [-0.17109430749214904, 53.552319296390245], [-0.17091472481062855, 53.55207729879906], [-0.17077584029366288, 53.551825984154895], [-0.17067899081452215, 53.55156777289239], [-0.17062510834644032, 53.55130515182328], [-0.17061471101565862, 53.55104065018325], [-0.17063256999586635, 53.55089867321583], [-0.17062740084582634, 53.550900122967796], [-0.17061934370235637, 53.550897076879664], [-0.1702694156043029, 53.55073406464577], [-0.17018923220846247, 53.550688497498385], [-0.17035724643681519, 53.549001565914196], [-0.1701893286990123, 53.550687528737086], [-0.16998287055523767, 53.55077390983215], [-0.16959606352805529, 53.55090405304312], [-0.16918969668153327, 53.55101098973682], [-0.1687676841060322, 53.55109368988135], [-0.16833409067388833, 53.551151356891864], [-0.16789309286707976, 53.55118343530746], [-0.1674489385269731, 53.55118961614415], [-0.1670059059148675, 53.551169839872735], [-0.16656826247877546, 53.55112429699204], [-0.16614022372475026, 53.55105342619283], [-0.16572591259001995, 53.5509579101295], [-0.16532931971033069, 53.550838668840775], [-0.1649542649651442, 53.5506968508829], [-0.16460436067192435, 53.55053382226071], [-0.16428297678466414, 53.550351153263826], [-0.1639932084323043, 53.5501506033349], [-0.16373784610994077, 53.549934104116026], [-0.16351934880992905, 53.549703740836726], [-0.1633398203514633, 53.54946173222361], [-0.16320098913614509, 53.54921040912497], [-0.1631041915238959, 53.548952192056774], [-0.16305035898846723, 53.54868956788661], [-0.1630401556385205, 53.54842880894117], [-0.16739800878591768, 53.54795360901499], [-0.16304337401107186, 53.54842845805806], [-0.16300722143871035, 53.548379721473744], [-0.16286839559415273, 53.548128397991746], [-0.16277160232724022, 53.54787018064743], [-0.1627177730699222, 53.54760755631095], [-0.16270742543611105, 53.54734305424944], [-0.1627406582671918, 53.5470792217667], [-0.16281715071132366, 53.54681859967122], [-0.1629361653442226, 53.54656369780827], [-0.16309655530017217, 53.546316970892306], [-0.1632967753434656, 53.546080794871564], [-0.16353489677264282, 53.545857444052885], [-0.16380862601310422, 53.54564906920641], [-0.1639331942533621, 53.54557133442082], [-0.16392735272069447, 53.54557047671048], [-0.16392727681080738, 53.54557033928505], [-0.16383048254629665, 53.545312122687356], [-0.16382337672778263, 53.54527745713832], [-0.16675812522835817, 53.54441318969127], [-0.16382122538021152, 53.545278090658854], [-0.16381815473811911, 53.54527634512078], [-0.1635284227159119, 53.545075794212245], [-0.1632730927327076, 53.544859294101606], [-0.16305462346949412, 53.54462893002694], [-0.16287511847557082, 53.54438692072249], [-0.16273630592672417, 53.544135597043145], [-0.16263952200329995, 53.543877379510455], [-0.16258569804743747, 53.54361475499647], [-0.1625753516221846, 53.54335025276994], [-0.16258859310747906, 53.543245121010884], [-0.16258653884601645, 53.5432460188256], [-0.1622373648594004, 53.54318818312019], [-0.16182313924673628, 53.54309265413226], [-0.16142663066827276, 53.54297340045869], [-0.16105165819129266, 53.542831570774915], [-0.16070183334070434, 53.54266853119866], [-0.1603805253052312, 53.54248585212502], [-0.1600908284831901, 53.54228529309361], [-0.1598355326807503, 53.542068785834076], [-0.1596170962496754, 53.54183841565336], [-0.15943762242305864, 53.54159640134438], [-0.15929883907654924, 53.54134507381025], [-0.1592020821093093, 53.5410868536096], [-0.15914828260395952, 53.54082422764005], [-0.1591379578881829, 53.54055972518442], [-0.15917120658297765, 53.54029589355028], [-0.15924770768407015, 53.54003527353785], [-0.15936672368415142, 53.5397803749724], [-0.1595271077046733, 53.539533652536605], [-0.15972731456740483, 53.53929748213555], [-0.159965415698095, 53.539074138021995], [-0.1602391177178673, 53.53886577090152], [-0.16054578454256158, 53.53867438722867], [-0.16088246277673346, 53.53850182989258], [-0.16124591015747936, 53.538349760478305], [-0.16163262677408824, 53.5382196432738], [-0.16203888876310757, 53.538112731176724], [-0.16244615956603106, 53.53803291960214], [-0.16244785497553038, 53.538034652879695], [-0.1625217419095425, 53.53798853818703], [-0.16285840672906948, 53.53781597515407], [-0.16322184123504174, 53.53766389960712], [-0.16360854564067587, 53.537533775893216], [-0.16401479620005177, 53.537426856972715], [-0.1644343752161348, 53.53734462428302], [-0.16613162117726066, 53.54022854700653], [-0.16443605474324421, 53.53734747830028], [-0.16459416610600083, 53.53730586454359], [-0.16501604866966724, 53.537223177865414], [-0.1654495035173165, 53.53716552160326], [-0.1658903569813707, 53.53713345092245], [-0.16633436419265873, 53.53712727463], [-0.16677724993045248, 53.5371470522026], [-0.1672147497640018, 53.5371925932139], [-0.16764265109055967, 53.53726345916696], [-0.16805683367585897, 53.537358967713644], [-0.16815040979699836, 53.537387108894876], [-0.16854232110779568, 53.53920505299521], [-0.1681505779976776, 53.53738788915292], [-0.16827286381800627, 53.53732519890023], [-0.1686362750573059, 53.53717310668343], [-0.1690229587594908, 53.53704296526876], [-0.1694291913778793, 53.536936027787], [-0.1698510612252824, 53.536853323931574], [-0.17028450612436713, 53.53679565004866], [-0.1707253525032916, 53.536763561473265], [-0.17116935556106905, 53.53675736718468], [-0.1716122401169485, 53.536777126832845], [-0.17204974175156743, 53.53682265016396], [-0.17247764784486475, 53.53689349885137], [-0.1728918381167257, 53.536988990713134], [-0.172895713506767, 53.536990155975985], [-0.17304827238572873, 53.53738018392649], [-0.1728966528298098, 53.53699255744608], [-0.17295183339742448, 53.53695053129071], [-0.17325842959016788, 53.536759114355306], [-0.17359504157425976, 53.536586520606974], [-0.17395842772443965, 53.53643441198138], [-0.17434508871930415, 53.53630425314413], [-0.17475130123070437, 53.53619729739376], [-0.17517315376495582, 53.53611457459957], [-0.1756065843113408, 53.536056881290136], [-0.175684289682566, 53.536051221727725], [-0.1768679304479901, 53.53643252068521], [-0.17568726723334654, 53.53605218094144], [-0.17557864679262952, 53.535905780390664], [-0.1754397852067552, 53.53565447072584], [-0.1753429418529163, 53.53539626264526], [-0.1752890486461302, 53.53513364292997], [-0.175278623816856, 53.534869140802684], [-0.17531176695052988, 53.534605303567986], [-0.1753881580596905, 53.534344672080216], [-0.17550706069640704, 53.53408975627531], [-0.1756673290738727, 53.533843011002155], [-0.1758674191274441, 53.533606812385926], [-0.17610540340759062, 53.533383434951254], [-0.17637898966045817, 53.53317502972474], [-0.17638384631773565, 53.53317199702053], [-0.17638815772884017, 53.53317196539887], [-0.17615803343720293, 53.53301268724238], [-0.1759027095191339, 53.5327962137562], [-0.1756842317118218, 53.53256587226375], [-0.17550470364747423, 53.532323881281734], [-0.17536585372472466, 53.53207257148862], [-0.17526901848454202, 53.53181436327231], [-0.17521512976396164, 53.531551743415115]]]}}, {"type": "Feature", "properties": {"db_school_name": "Yarborough Academy", "urn": "138542", "n_samples": 56, "margin_m": 286.5}, "geometry": {"type": "Polygon", "coordinates": [[[-0.12268792001318012, 53.55829905647014], [-0.12294311992568115, 53.55851564169194], [-0.12316143920066726, 53.55874607728073], [-0.12334077487378048, 53.55898814421794], [-0.12347939928777961, 53.55923951143948], [-0.12353983431499063, 53.5594011142545], [-0.12213136983705158, 53.56082808202218], [-0.12354000192285615, 53.559400944437925], [-0.12368299750747866, 53.55937298807673], [-0.12411673208602396, 53.55931548431051], [-0.12455784382233721, 53.5592835684091], [-0.1250020853612747, 53.559277547689234], [-0.12544517922652382, 53.55929748012981], [-0.12588285898382712, 53.559343173813474], [-0.1263109102982658, 53.5594141887734], [-0.12672521149139285, 53.55950984122695], [-0.12712177320875492, 53.55962921015587], [-0.12749677681678206, 53.5597711461698], [-0.12784661116017082, 53.55993428256792], [-0.1281679073264137, 53.56011704849257], [-0.1284575710832285, 53.56031768404839], [-0.12871281267671783, 53.560534257241876], [-0.12893117370334822, 53.5607646825785], [-0.12911055079676523, 53.56100674113844], [-0.12924921590088123, 53.5612581019383], [-0.1293458329333893, 53.56151634437312], [-0.1293994706783805, 53.56177898152281], [-0.12940961178293506, 53.56204348409893], [-0.12937615776995243, 53.562307304801074], [-0.1293731232063311, 53.56231761145397], [-0.12937156561193966, 53.562317728007876], [-0.12939357905445414, 53.56234743242965], [-0.1295322500395848, 53.562598792899344], [-0.12962887166147666, 53.56285703509111], [-0.12968251265996644, 53.563119672087176], [-0.12968350837560774, 53.563145637832115], [-0.12962771718712626, 53.563411317659885], [-0.12869204933433628, 53.56424131424359], [-0.12854008360412553, 53.56431247164388], [-0.1254981885208124, 53.56618235932712], [-0.12531929151828797, 53.5662715633526], [-0.12239995066549883, 53.56565238018354], [-0.12127394773014365, 53.56564045583404], [-0.12035350108271034, 53.56601258466403], [-0.11914616490856274, 53.566360731889624], [-0.1168928829574106, 53.56673438567722], [-0.11629390056367833, 53.5671671730029], [-0.11603020931445872, 53.56730205702825], [-0.11566635233219395, 53.56745398473028], [-0.11555557964081893, 53.56749117339564], [-0.11555803394718603, 53.56749261691927], [-0.11533248473069622, 53.567703748847045], [-0.11505837484599979, 53.56791200867474], [-0.11475129078086228, 53.56810327116291], [-0.11441418989762248, 53.56827569410876], [-0.11405031879611265, 53.568427616748394], [-0.11387382660162132, 53.56848686415938], [-0.11102249528176328, 53.566190521656935], [-0.11004199610370975, 53.56570822561172], [-0.10991274434666048, 53.56575642069039], [-0.10987920140419402, 53.565794857956625], [-0.10763063674678165, 53.56631783517766], [-0.10761054165729016, 53.56630317945523], [-0.10687786767498994, 53.566033313688216], [-0.10677910329767655, 53.56602093804529], [-0.10569421798839192, 53.565275137182496], [-0.10603291112060559, 53.564909389166715], [-0.10601879009803483, 53.56489408430415], [-0.10570779872294518, 53.5635446468456], [-0.10535764657468046, 53.56342832445158], [-0.10534728826827255, 53.563374292637064], [-0.10438049491580696, 53.562583308398125], [-0.10366005393165358, 53.562325059094036], [-0.1035511621388665, 53.562470565013626], [-0.10213654008984498, 53.563015973351206], [-0.10109885700700755, 53.56262061554748], [-0.10088375701650813, 53.56229810138458], [-0.10227535715045669, 53.56156107063128], [-0.10204063311950488, 53.560048110115936], [-0.10455659774054235, 53.558630392854525], [-0.10473212388905295, 53.558413575465224], [-0.10502903308697199, 53.55831390977903], [-0.10543562682278099, 53.5582071932981], [-0.10583641931392032, 53.55812890070055], [-0.10583629914012709, 53.558128740234466], [-0.10584941479538304, 53.558123264217656], [-0.10623647881236094, 53.5579933296697], [-0.1066430665140953, 53.55788660902466], [-0.10695830479372379, 53.55782502508949], [-0.10826968815058793, 53.55798269882798], [-0.11043840391447825, 53.5571701943637], [-0.11280406900583066, 53.55728314335787], [-0.11300573879609892, 53.55764286546247], [-0.11223938654082713, 53.55926933642626], [-0.11256410535692074, 53.55923290562201], [-0.11435983540780476, 53.55957087050015], [-0.11455968935969782, 53.55992917806902], [-0.11459656962196171, 53.55995830818999], [-0.11593885729302954, 53.56030010718601], [-0.1159781934718299, 53.56069949419784], [-0.11733682511819832, 53.561028544670314], [-0.11784180661705308, 53.56037034522296], [-0.11821793215993, 53.56013137231195], [-0.11803779889294388, 53.55930586305045], [-0.11864219408585702, 53.55886003688704], [-0.1224028201469329, 53.55810154053978], [-0.12268792001318012, 53.55829905647014]]]}}, {"type": "Feature", "properties": {"db_school_name": "Great Coates Primary School", "urn": "142841", "n_samples": 43, "margin_m": 349.6}, "geometry": {"type": "Polygon", "coordinates": [[[-0.14063689333773113, 53.56911119046055], [-0.14070194293358618, 53.56913075734869], [-0.14107707636024244, 53.5692726516562], [-0.14142704149131802, 53.569435749183356], [-0.1416705752400851, 53.56957419773963], [-0.13955375491230454, 53.5723746857536], [-0.14167023978860727, 53.56957464156456], [-0.14197038997590314, 53.56958809916132], [-0.14240819501235857, 53.56963373333393], [-0.14283637896237228, 53.56970469013482], [-0.1432508188708252, 53.56980028634138], [-0.14348440882996744, 53.56987054232556], [-0.14384042000455677, 53.57453736183206], [-0.14382637646440607, 53.57454322955818], [-0.1434392724236438, 53.57467328513278], [-0.14303261232749384, 53.57478013002693], [-0.14261031309181685, 53.57486273509284], [-0.14217644235102989, 53.57492030466143], [-0.14173517925911744, 53.57495228421036], [-0.14129077421359118, 53.574958365708035], [-0.14084750789136463, 53.57493849058218], [-0.1404096499922326, 53.57489285028396], [-0.14025058023318096, 53.574866489728066], [-0.13928875111200703, 53.5730159991765], [-0.1402522903139998, 53.57486977965377], [-0.14024989677778715, 53.57487159918993], [-0.13994287369568426, 53.575062926687096], [-0.13960581758621207, 53.575235420849886], [-0.13924197461733492, 53.57538742022842], [-0.1388548490831887, 53.5755174607617], [-0.13850418690166055, 53.57560957503388], [-0.13729566981034766, 53.5750606948265], [-0.13850451812793232, 53.57560972546551], [-0.1385006495404823, 53.57564027390095], [-0.13842395165567725, 53.57590087752013], [-0.13830470354675228, 53.576155751828665], [-0.13814405294753684, 53.57640244211733], [-0.13794354641771614, 53.576638572456666], [-0.1377051144714308, 53.57686186858462], [-0.13768284337491055, 53.5768787967116], [-0.13340972643994728, 53.57541450482518], [-0.1376837423647571, 53.57687910474668], [-0.13748887508671617, 53.57710858757726], [-0.1372504380606938, 53.57733188273923], [-0.1369763712857812, 53.57754019286906], [-0.13666931399089208, 53.577731511591075], [-0.13633222327990688, 53.57790399616085], [-0.13596834565413535, 53.57805598522084], [-0.1355811857416142, 53.57818601480948], [-0.13517447253456535, 53.57829283246838], [-0.13475212346062257, 53.578375409312066], [-0.134318206634445, 53.57843294994327], [-0.13387690165409394, 53.57846490011841], [-0.1334324593207112, 53.57847095208887], [-0.13298916067049202, 53.57845104756678], [-0.13255127571469927, 53.578405378286526], [-0.13252317587117252, 53.57840072006169], [-0.13252233291807697, 53.57839911600629], [-0.13228346795082369, 53.578547924467536], [-0.1319463531020403, 53.57872039644574], [-0.13158245297732224, 53.57887237194815], [-0.1311952724215144, 53.57900238714374], [-0.13078854062577655, 53.579109189712746], [-0.13036617519688268, 53.57919175091504], [-0.12993224440710344, 53.57924927550406], [-0.12949092798907047, 53.57928120939074], [-0.12904647685414028, 53.57928724498336], [-0.1286031721233195, 53.579267324151836], [-0.1281652838664471, 53.579221638787665], [-0.12773702994822908, 53.57915062895422], [-0.12754380250283825, 53.579106039301614], [-0.12754380114215652, 53.579106035718816], [-0.12738098633207484, 53.57920745054894], [-0.12704384654183268, 53.579379908475026], [-0.12682123955841992, 53.57947286090871], [-0.12657841931104039, 53.57946963842418], [-0.126822147918925, 53.57947287296271], [-0.12706424602177976, 53.57958572045161], [-0.12738568576086756, 53.57976848915024], [-0.12767547789412056, 53.57996912708844], [-0.12793083143112874, 53.580185702249935], [-0.12814928688992305, 53.580416129121396], [-0.12832873999419092, 53.58065818876836], [-0.12846746195514608, 53.58090955019711], [-0.1285641161421283, 53.5811677927967], [-0.12861777098052796, 53.581430429645515], [-0.12862790895186443, 53.58169493145806], [-0.12859443160825085, 53.58195875094131], [-0.12851766055177047, 53.58221934732642], [-0.12839833436812995, 53.58247421083942], [-0.1282376015429469, 53.582720886874995], [-0.1280370094277609, 53.58295699964073], [-0.12779848936099936, 53.58318027504382], [-0.12752433808633235, 53.583388562599225], [-0.12721719564665762, 53.58357985614873], [-0.12688001996610992, 53.58375231319015], [-0.12651605836462104, 53.58390427263112], [-0.12612881627931546, 53.584034270795264], [-0.12572202349417086, 53.58414105552686], [-0.12529959820359685, 53.58422359825749], [-0.1248656092566511, 53.58428110391858], [-0.12442423694633543, 53.5843130186033], [-0.12397973272255465, 53.584319034904986], [-0.12388108851760181, 53.58431459849059], [-0.12286742483841558, 53.58102862587699], [-0.12388078359229472, 53.584313610095634], [-0.12369421048731233, 53.58436258199451], [-0.12327177919746939, 53.58444511750775], [-0.12283778539756937, 53.58450261576595], [-0.12239640942738682, 53.584534522933666], [-0.12195190277209515, 53.58454053167658], [-0.12150854708765488, 53.58452058412327], [-0.12109793929303286, 53.58447772480589], [-0.12109798716433606, 53.58447809676175], [-0.12108495894678781, 53.58448151605882], [-0.12066252160289975, 53.58456404230132], [-0.12022852326698263, 53.58462153104994], [-0.11978714432253382, 53.58465342856082], [-0.11934263628339122, 53.58465942759269], [-0.11889928081885309, 53.58463947036768], [-0.11846134848756831, 53.584593749127784], [-0.11803305757884676, 53.58452270428211], [-0.11761853345896364, 53.58442702016174], [-0.1172217688150643, 53.584307618424496], [-0.11684658518061439, 53.58416564917235], [-0.1164965961137586, 53.58400247986763], [-0.11617517238391685, 53.58381968215525], [-0.11588540950239977, 53.58361901671775], [-0.11563009790996562, 53.58340241630984], [-0.11541169610853383, 53.583171967135684], [-0.11523230699554463, 53.58292988874905], [-0.11509365762848801, 53.582678512670086], [-0.1149970826138443, 53.582420259924774], [-0.1149435112795625, 53.58215761772392], [-0.11493345875365331, 53.58189311550626], [-0.11496702103371774, 53.58162930057663], [-0.11504387409369818, 53.581368713573916], [-0.1151632770352929, 53.58111386400487], [-0.11532407925245503, 53.58086720607973], [-0.11552473153888979, 53.580631115081765], [-0.11576330103054124, 53.58040786449844], [-0.11603748983829093, 53.580199604134094], [-0.1163446571907306, 53.58000833941466], [-0.11668184487328084, 53.57983591208336], [-0.11704580571835803, 53.57968398247286], [-0.11743303487222262, 53.57955401352462], [-0.11783980353756009, 53.579447256708406], [-0.11803986886942627, 53.57940817294892], [-0.11803957439981733, 53.57940809408164], [-0.11796843030364802, 53.57931208969118], [-0.11782977594380015, 53.57906071660161], [-0.11773319190768956, 53.57880246584459], [-0.11767960761034121, 53.57853982461178], [-0.11766953830479887, 53.57827532233263], [-0.1177030801504395, 53.57801150631259], [-0.11777990931816264, 53.577750917201044], [-0.11789928513989789, 53.57749606452516], [-0.11806005727088689, 53.577249402525084], [-0.11826067679465627, 53.577013306523384], [-0.11849921116271109, 53.57679005005577], [-0.11877336282419146, 53.57658178298326], [-0.11908049136539368, 53.576390510796465], [-0.11926536872252258, 53.576295954823166], [-0.12242283919452202, 53.57800169034541], [-0.11926238992515398, 53.5762943455073], [-0.11927902611705403, 53.57627877418257], [-0.1195531706184965, 53.57607050524434], [-0.11986029192474633, 53.57587923097744], [-0.12019743226457597, 53.57570679321708], [-0.12056134492620388, 53.57555485239646], [-0.12091813985792096, 53.57543507244432], [-0.1209197839480442, 53.575436355215984], [-0.12101475712853527, 53.57537720327354], [-0.12262671831778836, 53.57521787467753], [-0.12312403953697579, 53.57507569516928], [-0.12410059198864368, 53.57361476795552], [-0.12518756874966458, 53.57280645986555], [-0.12594936498414555, 53.57278513347699], [-0.12604127901273404, 53.57263685355207], [-0.1257621367065423, 53.571584537243695], [-0.12476515299790066, 53.57138012538693], [-0.12462517221067652, 53.57088314894347], [-0.12508936589329656, 53.57034179129141], [-0.12505511699807387, 53.57013009556983], [-0.12514746264155754, 53.56994165979707], [-0.12755634292277193, 53.56957071016574], [-0.127641406116992, 53.56959546846992], [-0.1285788998647769, 53.569478268868465], [-0.12880481431518515, 53.56933394480997], [-0.12963379246682621, 53.568524968656654], [-0.13096210448816237, 53.56851091271761], [-0.1313580200667188, 53.56830399566659], [-0.13158111482083093, 53.56690492945897], [-0.1325319033607664, 53.5666291997462], [-0.13375112798815328, 53.56668955983811], [-0.13421257484517773, 53.56851466886683], [-0.13493367278478152, 53.568860706471426], [-0.13530796559080152, 53.56925831004595], [-0.14034012144746402, 53.56916431106539], [-0.14063689333773113, 53.56911119046055]]]}}, {"type": "Feature", "properties": {"db_school_name": "Willows Academy", "urn": "139420", "n_samples": 33, "margin_m": 193.1}, "geometry": {"type": "Polygon", "coordinates": [[[-0.1313580200667188, 53.56830399566659], [-0.13096210448816237, 53.56851091271761], [-0.12963379246682621, 53.568524968656654], [-0.12880481431518515, 53.56933394480997], [-0.1285788998647769, 53.569478268868465], [-0.127641406116992, 53.56959546846992], [-0.12755634292277193, 53.56957071016574], [-0.12514746264155754, 53.56994165979707], [-0.12505511699807387, 53.57013009556983], [-0.12508936589329656, 53.57034179129141], [-0.12462517221067652, 53.57088314894347], [-0.12476515299790066, 53.57138012538693], [-0.1257621367065423, 53.571584537243695], [-0.12604127901273404, 53.57263685355207], [-0.12594936498414555, 53.57278513347699], [-0.12518756874966458, 53.57280645986555], [-0.12410059198864368, 53.57361476795552], [-0.12312403953697579, 53.57507569516928], [-0.12262671831778836, 53.57521787467753], [-0.12101490706330838, 53.57537718845483], [-0.12083085405740228, 53.57532179514687], [-0.12079940024722945, 53.57530989199729], [-0.12300594411214373, 53.57247384269992], [-0.1208002396515154, 53.575308813200685], [-0.12047431143526205, 53.575233572624306], [-0.12007762399143791, 53.575114180854484], [-0.11970251124521908, 53.574972220968625], [-0.11935258607194696, 53.574809060338865], [-0.11903121862569155, 53.57462627052637], [-0.11874150387578634, 53.57442561213763], [-0.11871632602773495, 53.57440424925731], [-0.11871573365005876, 53.57440514892855], [-0.11870445821134074, 53.57440664272202], [-0.11826318486986402, 53.57443853556358], [-0.11781878396991521, 53.57444452985921], [-0.11737553614848141, 53.57442456787664], [-0.11693771092705253, 53.574378841903766], [-0.1165095255629278, 53.57430779239512], [-0.11609510440548197, 53.5742121037268], [-0.11569843914988043, 53.57409269760032], [-0.11532335037209962, 53.57395072415982], [-0.11497345071651319, 53.57378755090795], [-0.11465211009130699, 53.57360474952754], [-0.11436242320738522, 53.57340408073637], [-0.11410717977364608, 53.573187477321305], [-0.11388883763573587, 53.57295702551544], [-0.11370949911672949, 53.57271494489779], [-0.1135708907871784, 53.57246356700989], [-0.11347434685872791, 53.57220531289508], [-0.11342079636038527, 53.57194266977732], [-0.1134107542199777, 53.571678167104146], [-0.11344431633558545, 53.57141435218473], [-0.1135185643575119, 53.57116256354878], [-0.1135218749332833, 53.57116268622577], [-0.11350898667878295, 53.571099473908376], [-0.113498944059685, 53.57083497120408], [-0.1135325048314279, 53.57057115621402], [-0.11360934498302054, 53.57031056957768], [-0.11372872374099403, 53.57005572079834], [-0.11388949073268687, 53.56980906407861], [-0.11409009709146785, 53.569572974690246], [-0.11432861039593811, 53.56934972610527], [-0.11460273329835459, 53.56914146810886], [-0.11461577919409319, 53.569133342969444], [-0.1146193342968558, 53.569134204618685], [-0.11464306692090284, 53.56894759926098], [-0.114719897073758, 53.56868701175968], [-0.11483926436861876, 53.568432161709076], [-0.11500001854326819, 53.56818550332412], [-0.11520061085454453, 53.56794941189257], [-0.11543910901635726, 53.56772616090615], [-0.11571321582679571, 53.567517900173186], [-0.11602029130428337, 53.567326635123244], [-0.11625608044099912, 53.5672060238335], [-0.11950742745583273, 53.568851022924434], [-0.11625423633059162, 53.56720509075624], [-0.11629758788609944, 53.567164508810365], [-0.1168928829574106, 53.56673438567722], [-0.11914616490856274, 53.566360731889624], [-0.12035350108271034, 53.56601258466403], [-0.12127394773014365, 53.56564045583404], [-0.12239995066549883, 53.56565238018354], [-0.12531929151828797, 53.5662715633526], [-0.1254981885208124, 53.56618235932712], [-0.12854008360412553, 53.56431247164388], [-0.12869204933433628, 53.56424131424359], [-0.12962771718712626, 53.563411317659885], [-0.1320682221502047, 53.564582850839756], [-0.1325319033607664, 53.5666291997462], [-0.13158111482083093, 53.56690492945897], [-0.1313580200667188, 53.56830399566659]]]}}, {"type": "Feature", "properties": {"db_school_name": "Oasis Academy Nunsthorpe", "urn": "138237", "n_samples": 46, "margin_m": 311.9}, "geometry": {"type": "Polygon", "coordinates": [[[-0.10902241716129052, 53.544784339792706], [-0.10898885267244872, 53.54504815453395], [-0.10895737183515439, 53.54515494412902], [-0.10896284668845235, 53.54515394650626], [-0.10925033094867576, 53.54535324987576], [-0.10950538523051126, 53.54556986295645], [-0.10972356594657573, 53.545800322347645], [-0.10990277146691184, 53.546042408801334], [-0.11004127538786627, 53.54629379106524], [-0.1101377431796805, 53.5465520483275], [-0.11019124506414864, 53.54681469352493], [-0.1102012649973471, 53.5470791972914], [-0.11016770566983002, 53.54734301231484], [-0.1100908894749851, 53.54760359786925], [-0.10997155543499589, 53.54785844428482], [-0.10988876830261857, 53.54798550913993], [-0.10533283432856962, 53.547165760407744], [-0.10989247999116747, 53.547986176900274], [-0.1098864282426808, 53.548006705719864], [-0.10981131358873367, 53.54816711544139], [-0.10719064617945298, 53.54849177671844], [-0.10981146368330492, 53.54816709684513], [-0.1099123514073177, 53.548237032728], [-0.11016742609069981, 53.5484536444759], [-0.11038562488937066, 53.54868410271228], [-0.11056484599917021, 53.54892618820029], [-0.11070336286622909, 53.54917756969697], [-0.110799840836008, 53.54943582639782], [-0.11085335003216083, 53.5496984712452], [-0.11085467526847864, 53.549733439355826], [-0.10846158162254114, 53.550676020379605], [-0.10771827596032775, 53.55105583997941], [-0.1059557821151404, 53.55158108122876], [-0.10479143268136652, 53.551997205278305], [-0.1045405281973234, 53.552105782148416], [-0.10456343347661184, 53.55216463503325], [-0.10441502897770032, 53.55518516853975], [-0.10496780805553525, 53.55558698149357], [-0.10506863420017001, 53.55576998290469], [-0.10516509175808099, 53.55602824371379], [-0.10521857331025448, 53.55629089057684], [-0.10522856300809455, 53.55655539411158], [-0.10519496383287087, 53.55681920700815], [-0.10511809856129484, 53.557079788560955], [-0.1049987066878036, 53.557334629138666], [-0.10483793733204681, 53.55758127435679], [-0.10463733819873543, 53.5578173487197], [-0.10453514502821783, 53.557913000217056], [-0.10016605738696881, 53.5576052108235], [-0.09882601905798154, 53.557307013056985], [-0.09841952516677754, 53.556883907852296], [-0.09559003323948513, 53.5567656714815], [-0.09489962766920937, 53.55757257667327], [-0.09493703638291587, 53.5578292631765], [-0.09285371756498723, 53.558968553752536], [-0.09174352987521263, 53.55895708049999], [-0.0914805404240131, 53.55776929095353], [-0.09174125136902468, 53.557535888575664], [-0.09169827094331139, 53.55615701120369], [-0.09084859573988126, 53.55581136244323], [-0.09054256400295159, 53.55495903354423], [-0.09341209507630992, 53.55319303642258], [-0.09345023655883498, 53.55318756697291], [-0.09250896648608699, 53.55090278203859], [-0.09214409994159388, 53.55026742433242], [-0.09070106220208679, 53.549936949334295], [-0.09160095256731673, 53.5486569841793], [-0.09364985807422317, 53.54818581595171], [-0.09364214272944453, 53.54784459177412], [-0.0935914314205304, 53.545445233100644], [-0.09360952204201828, 53.54544170009495], [-0.09404315175807482, 53.54538430440467], [-0.09448413822355681, 53.54535249831193], [-0.09492823528928535, 53.54534658807634], [-0.09537116686965405, 53.54536663061302], [-0.09580866809248446, 53.54541243294465], [-0.09623652634130038, 53.54548355405834], [-0.09649270097560396, 53.54554279188849], [-0.09648974559561568, 53.54554041385937], [-0.09648255448204428, 53.5455050544215], [-0.09647262026903632, 53.54524055018882], [-0.09650626270839135, 53.54497673965006], [-0.09658315700392574, 53.5447161634017], [-0.09670256186207991, 53.54446133084686], [-0.09686332666015472, 53.54421469603189], [-0.09706390255389437, 53.543978634017606], [-0.09730235741642618, 53.54375541801245], [-0.09757639446380142, 53.543547197488], [-0.09788337438707627, 53.54335597748679], [-0.09822034077731454, 53.54318359932166], [-0.09841656743383452, 53.54310165961611], [-0.09866756508184275, 53.54317699403854], [-0.10010873778322164, 53.54360972215999], [-0.1017033965855996, 53.54378226949408], [-0.10341275340378808, 53.5439674261059], [-0.10355175105039297, 53.54392185983062], [-0.1047901226747696, 53.54369469499607], [-0.10901302286150018, 53.54453616434112], [-0.10902241716129052, 53.544784339792706]]]}}, {"type": "Feature", "properties": {"db_school_name": "Reynolds Primary Academy", "urn": "139952", "n_samples": 33, "margin_m": 282.5}, "geometry": {"type": "Polygon", "coordinates": [[[-0.04477548069934656, 53.559645997986635], [-0.04520339174449828, 53.559717302084664], [-0.04561750566653177, 53.559813233920174], [-0.04601383491292002, 53.55993286978494], [-0.04638856308700864, 53.56007505771833], [-0.046738081683929955, 53.56023842859377], [-0.04705902482969871, 53.56042140929566], [-0.047348301689453406, 53.56062223786023], [-0.04760312623300291, 53.5608389804351], [-0.04782104407101946, 53.56106954989419], [-0.04799995610328478, 53.56131172592926], [-0.0481381387507756, 53.56156317642496], [-0.04823426057611954, 53.56182147991186], [-0.048287395131534926, 53.56208414888111], [-0.04829702990954301, 53.56234865373702], [-0.04826307130914959, 53.562612447156425], [-0.04818584556851817, 53.56287298862065], [-0.048141327361137014, 53.56296770607014], [-0.04814119559409245, 53.56296771172622], [-0.048212127312359465, 53.563063720212625], [-0.04835031667571664, 53.56331517045536], [-0.048446443503648955, 53.56357347374685], [-0.048499581300123336, 53.5638361425801], [-0.048507261198873275, 53.56404694830204], [-0.04634351770135613, 53.564429169926534], [-0.04850689996955219, 53.56404701211645], [-0.04856609183585362, 53.5640973526544], [-0.048784031265328126, 53.56432792043518], [-0.04896296212393127, 53.56457009507566], [-0.049101160651244265, 53.564821544474], [-0.04919729525684947, 53.56507984717131], [-0.04921120674669532, 53.56514860598103], [-0.04674571365714563, 53.56593463593681], [-0.04348755390550014, 53.56570380318379], [-0.043433762843326305, 53.5658580369447], [-0.04253378541803104, 53.56655605252052], [-0.043323151023154316, 53.56747616010309], [-0.043854722214305863, 53.567694368407274], [-0.04395033662557375, 53.56777716507656], [-0.04481471321883729, 53.568048211057736], [-0.04485299406932076, 53.56806973392528], [-0.04344274981981023, 53.56951564632821], [-0.042559840430829846, 53.56937516181012], [-0.042014867997140534, 53.5694242035612], [-0.04120028449480707, 53.569895134159104], [-0.040972601052892285, 53.569803202199914], [-0.04078276799151968, 53.569724744181826], [-0.04065082298395363, 53.5696720807467], [-0.040446435740042044, 53.56958767554002], [-0.04020914134963367, 53.56949152113772], [-0.04008770937338429, 53.569441132781364], [-0.039964044988519576, 53.5693854668157], [-0.039851409272353325, 53.56933102413535], [-0.03928395558167621, 53.56904913820938], [-0.03914250496127129, 53.56898037883672], [-0.039087883439570405, 53.56899763389323], [-0.03908722415923864, 53.568997847831014], [-0.03904311289495548, 53.568951134406376], [-0.0390130799683836, 53.56891740784996], [-0.038750468632084305, 53.56878824846994], [-0.03846471512297432, 53.56864400779597], [-0.03824741340709127, 53.5685343186367], [-0.03647123444875706, 53.567652448940144], [-0.03636776537503182, 53.56760374483771], [-0.036257400930029056, 53.567560132476274], [-0.03614219722528449, 53.56752579876371], [-0.03603363878337302, 53.56750188504092], [-0.03590172026371552, 53.567482172551685], [-0.035789258420129, 53.56747373754126], [-0.03565155828122152, 53.56746994933037], [-0.03545536103355078, 53.56746832015716], [-0.03539373632944731, 53.567468415330936], [-0.03539138884169899, 53.56740342861498], [-0.03819550633148818, 53.56648147067164], [-0.03539107359944874, 53.5674035322566], [-0.03525065188348671, 53.567350241294704], [-0.03490112045923961, 53.56718683689673], [-0.03458018013713124, 53.56700382377052], [-0.034290921770590274, 53.566802964673094], [-0.03413511544812946, 53.56667040839683], [-0.03413344812416566, 53.566672486653445], [-0.03409249089131093, 53.566675418110776], [-0.033648167582495725, 53.566681100262755], [-0.033363939261956785, 53.56666809689098], [-0.03328396684995823, 53.566616868844704], [-0.033201728384186516, 53.56656538230556], [-0.033119516312158793, 53.56651463329072], [-0.0330306870040441, 53.56646134826609], [-0.032886632143343364, 53.5663722847623], [-0.03280433540573076, 53.566323377005936], [-0.03270659842530828, 53.56626746418489], [-0.03262248194478054, 53.56621612616275], [-0.032604704718089246, 53.56620599664364], [-0.032604704718089246, 53.56620599664364], [-0.03252444117538806, 53.56616026213461], [-0.03238028160999994, 53.56603510301088], [-0.032290749487687356, 53.565969346275615], [-0.03219697387767919, 53.56590229711106], [-0.03211323280008453, 53.5658464790827], [-0.03199553399039772, 53.56576682848835], [-0.031877660067836724, 53.565692586641454], [-0.031787126729291036, 53.56563834672693], [-0.03156847745621958, 53.565505093457695], [-0.03144341197773318, 53.56543193749843], [-0.031352736354282706, 53.56537916021676], [-0.03128223376028415, 53.56532609443683], [-0.03115941050515648, 53.56521215323992], [-0.031068988090082808, 53.56513703173295], [-0.03095137224847691, 53.565046575947264], [-0.03087776023982924, 53.564993180086724], [-0.030801327334874794, 53.56494037602637], [-0.030726976140725105, 53.56488794777623], [-0.03063371826211841, 53.56482546361779], [-0.030498080724409245, 53.564731618389864], [-0.030392513228820594, 53.56465945641092], [-0.030316077341321166, 53.56460446751076], [-0.030175584257567167, 53.56450400654846], [-0.030098438929694396, 53.56444479869122], [-0.02999120947680436, 53.56436488691894], [-0.02992195923532036, 53.564308991230504], [-0.029845667552246442, 53.564245401339036], [-0.029768936681626102, 53.56417436975787], [-0.029702306636085293, 53.5641075946964], [-0.029636988906417572, 53.56403760494224], [-0.02957107355844613, 53.563962283460874], [-0.02950302987135924, 53.56388110162891], [-0.029446902435497947, 53.56381482297455], [-0.029435893600670556, 53.56380151306657], [-0.02937956457649283, 53.56373340997198], [-0.029291233970249714, 53.56362933902256], [-0.029258177293003344, 53.56355759693232], [-0.029240442632951634, 53.56346743572045], [-0.029221123362587673, 53.56339837400238], [-0.029191550002017924, 53.56332966481503], [-0.02915115305899301, 53.563261541491656], [-0.029096694923120614, 53.563184718368404], [-0.02904670375086337, 53.563118675416824], [-0.028991794988927254, 53.56305610235037], [-0.028929616506656278, 53.562979709352604], [-0.028893341166298773, 53.562934599320826], [-0.030993847405596152, 53.56159144778046], [-0.032078388779647776, 53.56219800751027], [-0.03256929967804237, 53.562015825047865], [-0.034516176474758894, 53.560911595488285], [-0.03453491260906166, 53.56091354341959], [-0.035544415136844906, 53.561167044307076], [-0.037991816568242145, 53.56077003821813], [-0.03805961730375249, 53.56073488569332], [-0.03940066023422073, 53.56043718415764], [-0.04047643272508628, 53.56035023576964], [-0.04137284076658577, 53.56014961913529], [-0.04210995570804033, 53.560064657333214], [-0.043382158288550306, 53.55959039924], [-0.043450593173171216, 53.55958549477731], [-0.043894841676637805, 53.559579775520156], [-0.044337892859889295, 53.55960000819253], [-0.04477548069934656, 53.559645997986635]]]}}, {"type": "Feature", "properties": {"db_school_name": "Weelsby Academy", "urn": "138279", "n_samples": 42, "margin_m": 123.8}, "geometry": {"type": "Polygon", "coordinates": [[[-0.06782403911361735, 53.56623694435779], [-0.07040913771084328, 53.56659957178266], [-0.071080999118799, 53.56726200063915], [-0.07026173633618644, 53.567583259953345], [-0.06976644753645274, 53.567857147160815], [-0.06842845731783508, 53.568114853830295], [-0.06826950801627905, 53.569385505918326], [-0.06802155874019593, 53.569534407262786], [-0.06803713225019183, 53.56960399585433], [-0.06723231794680769, 53.57055687558958], [-0.06725393983722017, 53.57063354331388], [-0.06713454667397893, 53.57125504988624], [-0.06711591727262915, 53.57127676802105], [-0.06719326820891859, 53.57191914371833], [-0.06702219371476272, 53.57202873478494], [-0.06683897130673862, 53.57262267571893], [-0.0668293787560519, 53.57262617065745], [-0.06526433063341272, 53.57296591646399], [-0.06512179363312101, 53.573131315617125], [-0.06488941546024798, 53.57328276430418], [-0.06482662471286292, 53.573456441192874], [-0.06437709270899149, 53.57403912625638], [-0.06486941080129403, 53.57432763020604], [-0.06503334674939254, 53.57489375926197], [-0.06297098210301373, 53.575560959158906], [-0.06637697970843164, 53.57656669275652], [-0.06678305604241586, 53.577348453541916], [-0.06624793971299388, 53.57789654952599], [-0.06397812341538381, 53.579049495916955], [-0.06360621624585698, 53.579054342706904], [-0.06316295085673149, 53.5790341796141], [-0.06272514164065605, 53.57898825530759], [-0.062297005700447286, 53.57891701215258], [-0.061882666908859345, 53.57882113639053], [-0.06148611616691556, 53.5787015515252], [-0.06111117294661298, 53.57855940942252], [-0.06076144848918418, 53.57839607920964], [-0.06044031101407481, 53.57821313408123], [-0.06015085327417588, 53.57801233613948], [-0.06001345102330926, 53.57789555814717], [-0.060013361750606696, 53.57789633321764], [-0.05979903601497786, 53.578029583865444], [-0.05946163540108949, 53.5782018489318], [-0.059097485317312716, 53.57835360160426], [-0.058710093017698924, 53.57848338019805], [-0.05830318973439563, 53.5785899346724], [-0.0578806947272192, 53.578672238677015], [-0.05744667751755551, 53.578729499442886], [-0.05700531867115799, 53.5787611654224], [-0.05656086950844376, 53.57876693160469], [-0.05611761113147314, 53.57874674245497], [-0.05567981316330583, 53.57870079244952], [-0.05536194076085224, 53.578647877128724], [-0.05526735520002244, 53.57858912069869], [-0.05517808674427976, 53.57853209698835], [-0.05507052818941463, 53.57846646968587], [-0.05491368273014315, 53.5783675801551], [-0.05481441508286177, 53.57830661807163], [-0.05467312805709482, 53.57822058438805], [-0.05451673643482923, 53.57812500984919], [-0.05430612219219382, 53.57799546321743], [-0.054172128344517255, 53.57791446475736], [-0.054070580238310385, 53.577852224412716], [-0.053981589644704446, 53.57779974402086], [-0.05354072231315708, 53.577534953340006], [-0.05340716460836444, 53.57745636130164], [-0.05318979445242034, 53.57732507567793], [-0.0530243832507007, 53.577227716341824], [-0.05241708509109664, 53.576858164848076], [-0.0523244247230848, 53.57680010629234], [-0.05231546771285445, 53.57678381618916], [-0.05221928926422643, 53.57652551607345], [-0.05216611442234107, 53.57626284907564], [-0.05215645449663649, 53.57599834487259], [-0.052190401703986956, 53.575734550787615], [-0.052267628311857044, 53.57547400725819], [-0.052387389825385586, 53.57521922337187], [-0.05254853218649331, 53.574972652705725], [-0.05274950291457114, 53.57473666970225], [-0.052988366080448324, 53.57451354680854], [-0.05314804456248723, 53.57439246581514], [-0.05622834969325028, 53.57453164321515], [-0.053147984557264515, 53.57439246310312], [-0.053018329906783054, 53.574255347374695], [-0.05283933620152687, 53.57401317860547], [-0.052701086767519265, 53.57376173343078], [-0.05260491235896307, 53.57350343354142], [-0.05260419417963581, 53.57349988592076], [-0.05806429149408272, 53.572457739265424], [-0.05260593827338178, 53.5734995530809], [-0.05244630088092656, 53.57328356537859], [-0.052308056063272386, 53.57303211976229], [-0.05221188560357337, 53.57277381956295], [-0.05215871493337, 53.57251115244776], [-0.052149055322102754, 53.57224664809475], [-0.052182998983802804, 53.57198285382861], [-0.052260218220259974, 53.57172231008862], [-0.05237996860777693, 53.5714675259643], [-0.05254109619557885, 53.57122095503514], [-0.05274204864546589, 53.5709849717461], [-0.05298089020440376, 53.570761848547065], [-0.053255320364973775, 53.57055373401541], [-0.05356269603329408, 53.57036263217257], [-0.0539000569904305, 53.57019038319316], [-0.053932099563886525, 53.570177029548006], [-0.058258842559043914, 53.572071728764115], [-0.05393428782426536, 53.57017798787843], [-0.05405097415554462, 53.56999940774465], [-0.054251912296097556, 53.56976342174671], [-0.054490738933099976, 53.56954029535726], [-0.0547651537028232, 53.56933217718446], [-0.05507251365958129, 53.569141071284754], [-0.0552784242528771, 53.569035930556325], [-0.058722117634976104, 53.570140542520534], [-0.05527527797990461, 53.56903492127476], [-0.05527848612614896, 53.56900997255452], [-0.055355680503242015, 53.5687494264761], [-0.055475403506236254, 53.56849463889248], [-0.05557435749758882, 53.56834318092269], [-0.058473638276474206, 53.568490624048295], [-0.055574555809246716, 53.568343191010285], [-0.055532797935465235, 53.568231048417246], [-0.055479611637363715, 53.56796838245744], [-0.055469931615047895, 53.56770387800752], [-0.055503850279341974, 53.567440082393226], [-0.05558104017297932, 53.56717953606679], [-0.05570075715502366, 53.5669247481427], [-0.055861847596547796, 53.566678172237104], [-0.056062759517189434, 53.56644218284296], [-0.05611744097107558, 53.56639108932126], [-0.05994266827486752, 53.566779879104345], [-0.05611854904628243, 53.566391201962915], [-0.0560858069406338, 53.56630327104703], [-0.05603261932909531, 53.566040605243906], [-0.05602293599318885, 53.56577610073115], [-0.05605684937574625, 53.56551230483509], [-0.05613403207045443, 53.5652517580107], [-0.056253740005790136, 53.564996969377326], [-0.056414819640023886, 53.56475039255787], [-0.05661571909692963, 53.56451440205412], [-0.056854503133914595, 53.564291270385546], [-0.05712887179755832, 53.5640831462111], [-0.057392600555690954, 53.563919136895564], [-0.06312793083836157, 53.56454650353284], [-0.06326462507116536, 53.5646464615579], [-0.0634728762344812, 53.565487355994954], [-0.06490120934070177, 53.566564106815505], [-0.06559717504045136, 53.56662740756705], [-0.06741441075871564, 53.56616386717675], [-0.06752510300907814, 53.5661851895709], [-0.0677929145352208, 53.56623681738498], [-0.06782403911361735, 53.56623694435779]]]}}, {"type": "Feature", "properties": {"db_school_name": "Enfield Academy of New Waltham", "urn": "142269", "n_samples": 31, "margin_m": 188.1}, "geometry": {"type": "Polygon", "coordinates": [[[-0.06734219515518834, 53.51652220088564], [-0.06754279932088061, 53.51628618766373], [-0.06778124878335334, 53.51606302956308], [-0.06805524681199727, 53.51585487549769], [-0.06836215447478525, 53.51566372987014], [-0.06869901605958591, 53.5154914332773], [-0.06906258754017945, 53.51533964479344], [-0.06944936781282131, 53.515209826001545], [-0.06985563240269593, 53.51510322692611], [-0.07027746931609527, 53.51502087400231], [-0.07071081669368634, 53.514963560197664], [-0.07115150190303579, 53.514931837380445], [-0.07159528169493765, 53.51492601100854], [-0.07203788303784657, 53.51494613718971], [-0.0722972542905785, 53.51497336130454], [-0.072297276872683, 53.51497004028097], [-0.07232351544197782, 53.51496656959084], [-0.07276419962542033, 53.514934840816764], [-0.07320797937617556, 53.51492900845491], [-0.07365058166309305, 53.51494912867072], [-0.07408774478370725, 53.51499500773894], [-0.07451525937604368, 53.515066203907764], [-0.07492900892795133, 53.515162031649695], [-0.07532500939497952, 53.5152815682585], [-0.07569944754622816, 53.51542366272893], [-0.07604871766978324, 53.51558694683403], [-0.07636945628493144, 53.51576984829338], [-0.0766585745273329, 53.515970605906], [-0.07691328789556186, 53.51618728650246], [-0.07713114307253559, 53.516417803553246], [-0.07731004156336692, 53.51665993725474], [-0.07743268993339723, 53.51688303430618], [-0.07742336223892365, 53.51689181144224], [-0.07743327805545991, 53.516882480897316], [-0.07784456595710144, 53.516852852346], [-0.07828836553231151, 53.516847001291865], [-0.07873099066546908, 53.51686710288427], [-0.07916817943420187, 53.51691296357725], [-0.07959572222966911, 53.516984141795945], [-0.08000950226826573, 53.51707995218568], [-0.08040553521210701, 53.51719947220725], [-0.08078000751769557, 53.51734155101523], [-0.08096187894311498, 53.51742656011993], [-0.08044183101138634, 53.518588175077], [-0.0801850920045959, 53.52056934960077], [-0.07937502740066811, 53.520502116492004], [-0.07755086529914476, 53.520350286264694], [-0.0771397646445538, 53.52040233973101], [-0.07687623416372427, 53.5205575206918], [-0.07580304467711808, 53.52171585642673], [-0.07445752552676244, 53.521376811578236], [-0.07225095783957299, 53.52171804071311], [-0.07207396234259072, 53.521707410426934], [-0.07043374178158064, 53.522771695446906], [-0.06972320971739486, 53.52288599281732], [-0.06856652492597261, 53.5228099326037], [-0.06771782530907733, 53.52318030741371], [-0.06754918298832392, 53.523192965156845], [-0.06676966489419099, 53.5231475761314], [-0.0664472585101877, 53.523057313604184], [-0.06491861605316313, 53.52342526077926], [-0.06426307896444124, 53.52390713745262], [-0.06396116263514724, 53.52438790048638], [-0.06336432893948854, 53.52471119894204], [-0.06097829560701998, 53.52460609700462], [-0.05979441466798771, 53.524184717656134], [-0.05953800936102745, 53.52419348633037], [-0.05617054898218558, 53.52283188233282], [-0.05494122287130342, 53.52357638001302], [-0.05414016294840249, 53.525642933966324], [-0.04976976847432636, 53.52695143059773], [-0.04954133659707023, 53.52686469715467], [-0.04919207868891927, 53.526701335964226], [-0.048871377605219854, 53.52651836220207], [-0.048582321895757195, 53.52631753824577], [-0.04832769518936449, 53.526100798376014], [-0.048109949391284976, 53.525870230139354], [-0.04802249398636176, 53.525751755421624], [-0.04802066350324688, 53.5257526622685], [-0.04795482679250092, 53.525727662724954], [-0.04760558435487331, 53.52556429700752], [-0.04728489868688008, 53.52538131909367], [-0.047167326929089134, 53.52529962958921], [-0.04716741848112583, 53.52529952068728], [-0.04694413273339373, 53.5252893228147], [-0.04650689571953675, 53.52524334385008], [-0.04607932856798948, 53.52517204711326], [-0.04566554967128589, 53.5250761193616], [-0.04526954453612183, 53.52495648459944], [-0.04489512737809283, 53.52481429517287], [-0.044545904370656114, 53.524650920664456], [-0.04422523890296793, 53.52446793469509], [-0.0439362191816742, 53.524267099759754], [-0.043681628488905555, 53.524050350244906], [-0.043463918382984856, 53.52381977378991], [-0.043285185099702445, 53.52357759117351], [-0.04314714938100359, 53.52332613491874], [-0.0430511399247348, 53.52306782682279], [-0.042998080613984226, 53.52280515462862], [-0.04298848164804245, 53.52254064806295], [-0.04302243465930618, 53.52227685447173], [-0.04309961186195935, 53.522016314287654], [-0.043219269239472675, 53.521761536566096], [-0.04338025373900855, 53.52151497482499], [-0.04358101440233273, 53.52127900342108], [-0.04381961732504728, 53.52105589469005], [-0.04409376429916944, 53.52084779707032], [-0.04440081495886674, 53.520656714420824], [-0.0447378122155574, 53.5204844867318], [-0.04510151073715115, 53.52033277241398], [-0.04548840819716516, 53.52020303233612], [-0.04589477899292464, 53.520096515764706], [-0.046316710108571815, 53.52001424834055], [-0.04643319635057868, 53.51999886868565], [-0.04661352446411638, 53.5200987263824], [-0.046793346575819704, 53.52002616876254], [-0.04693390146937324, 53.51998802062551], [-0.047099044432366906, 53.51993198060535], [-0.04719089158686898, 53.51992538839099], [-0.04763472463487481, 53.51991965149073], [-0.048077364378011245, 53.519939866753475], [-0.048084729809680204, 53.519940641290646], [-0.048972125449869466, 53.52214413221993], [-0.0480859181319344, 53.51994359216488], [-0.04822316608138525, 53.51988633390738], [-0.04861005015129705, 53.519756583593626], [-0.04901640907884406, 53.519650056292825], [-0.0494383299623884, 53.51956777774912], [-0.04987175013444986, 53.51951054021384], [-0.04988634987504711, 53.519509491985225], [-0.05001441726123616, 53.51978653938308], [-0.05043378933515865, 53.51985179304936], [-0.05095642071215864, 53.519835144812156], [-0.05178739277013141, 53.51983969347913], [-0.05242592744782302, 53.51982851989393], [-0.052714209377823576, 53.51982602213225], [-0.05286599157961129, 53.519823871000554], [-0.05287338370684213, 53.519826103881634], [-0.053247784637530944, 53.5199682682742], [-0.05332982833983547, 53.5200066448755], [-0.05113021952664275, 53.522631993093306], [-0.05332933201124226, 53.520007237311646], [-0.05348249513128135, 53.52003277036485], [-0.05389624349552974, 53.520128670851335], [-0.05429222896208079, 53.52024827693863], [-0.05462780758034168, 53.520375693310534], [-0.054627313160531016, 53.520375171415395], [-0.054618406968307505, 53.520131590168106], [-0.054652285485415154, 53.51986779251287], [-0.054679369186227136, 53.51977626888463], [-0.05471373839212146, 53.5197740686121], [-0.054865290388954276, 53.51982416549383], [-0.05491430179393415, 53.51984024059996], [-0.055821383265861516, 53.51963290706692], [-0.056115197147564314, 53.51957477006658], [-0.05664353245403757, 53.51992765667852], [-0.05770433421792164, 53.51958979479938], [-0.05784148013713488, 53.51978893214715], [-0.05790162669909934, 53.51989326207644], [-0.057947586598031536, 53.51994343877858], [-0.05803811380784948, 53.519976363634306], [-0.058279010609473506, 53.519984766496925], [-0.05840759329421625, 53.51997696705364], [-0.05868037369828282, 53.51994903984042], [-0.05913744293674033, 53.51988365818356], [-0.05931486330977022, 53.519863168857995], [-0.060075403235590845, 53.5197828843999], [-0.06018643155111255, 53.51977116354744], [-0.06054488066965712, 53.51974911424323], [-0.06112571251026314, 53.51965068099047], [-0.061503316058353165, 53.519571420675824], [-0.061992251744744896, 53.51943725408323], [-0.06250486243042064, 53.519277494807014], [-0.06317862298525163, 53.51912115153295], [-0.06469652682471852, 53.518849047697444], [-0.06471514493474667, 53.518843209731365], [-0.06504539697015152, 53.51873965388028], [-0.0652891116946525, 53.51858802734637], [-0.06540366282263475, 53.51847741024061], [-0.06555913536595699, 53.51846622676045], [-0.06600295236535723, 53.518460421491575], [-0.06644558734684516, 53.51848056867461], [-0.0668827782932218, 53.51852647432476], [-0.06725315145261343, 53.51858817374254], [-0.06763698855143851, 53.518803908133684], [-0.06793238548464978, 53.518907788652335], [-0.06955303377718373, 53.51880437053163], [-0.07227482529711612, 53.51863085863765], [-0.07228027072570807, 53.517470622444], [-0.07147421930660808, 53.51762049875857], [-0.06695972312938052, 53.517783322785846], [-0.06695104915883995, 53.51754795898749], [-0.06698484866569501, 53.517284157033295], [-0.06706186934377165, 53.51702359979423], [-0.06718136868394184, 53.51676879649015], [-0.06734219515518834, 53.51652220088564]]]}}, {"type": "Feature", "properties": {"db_school_name": "Wybers Wood Academy", "urn": "138975", "n_samples": 13, "margin_m": 208.3}, "geometry": {"type": "Polygon", "coordinates": [[[-0.13326243052530937, 53.55992280136831], [-0.13338166082073977, 53.559667931297305], [-0.1335422732184958, 53.55942124644379], [-0.13374272034075443, 53.55918512235062], [-0.13398107129948153, 53.55896183282423], [-0.13425503031010255, 53.55875352804432], [-0.13456195881400806, 53.55856221386474], [-0.13489890089636158, 53.55838973250521], [-0.13526261175415377, 53.55823774481897], [-0.13564958894029647, 53.5581077143068], [-0.13605610608305982, 53.55800089303149], [-0.13647824875654005, 53.55791830956739], [-0.13691195215733987, 53.55786075910147], [-0.13735304022544031, 53.55782879578036], [-0.13779726583347832, 53.55782272737741], [-0.1382403516584838, 53.557842612330504], [-0.13867803134361945, 53.557888259179535], [-0.13910609055472445, 53.557959228408606], [-0.1395204075374414, 53.55805483667535], [-0.13991699278545205, 53.55817416338696], [-0.1402920274388374, 53.55831605955955], [-0.1406419000436163, 53.55847915887593], [-0.14096324131914956, 53.558661890835495], [-0.14125295659909992, 53.55886249587001], [-0.14150825563374736, 53.55907904227993], [-0.14153240411310367, 53.559104515242026], [-0.13655861140252323, 53.56151029661585], [-0.14152984424657838, 53.559105753552466], [-0.14170415200892778, 53.559204870728216], [-0.14199387448760536, 53.559405474011434], [-0.14207886597571198, 53.55947756218674], [-0.14207870676344786, 53.55947768374145], [-0.1422326163295386, 53.559513194680484], [-0.14262922297307876, 53.5596325125492], [-0.14300427969444227, 53.55977440036836], [-0.14335417482722287, 53.55993749190119], [-0.14367553887391948, 53.56012021672201], [-0.14396527694897515, 53.56032081533141], [-0.14422059858320987, 53.5605373560917], [-0.14443904460267623, 53.56076775382071], [-0.1446185108228754, 53.56100978986463], [-0.1447572683297113, 53.56126113345699], [-0.1448539801512501, 53.561519364158656], [-0.14490771415889978, 53.56178199516273], [-0.14491795207278174, 53.5620464972401], [-0.1448845944834841, 53.56231032309534], [-0.1448079618406595, 53.56257093189843], [-0.14468879139774946, 53.56282581375603], [-0.14452823014107216, 53.56307251388641], [-0.14432782377024475, 53.56330865626536], [-0.14408950183505154, 53.563531966515086], [-0.14381555917101654, 53.563740293815215], [-0.1435086338117584, 53.56393163162493], [-0.14317168159037166, 53.56410413701604], [-0.14280794767412894, 53.564256148430644], [-0.14242093530664354, 53.564386201691924], [-0.14201437205867473, 53.56449304411364], [-0.14187460880745445, 53.56452038879382], [-0.1418742817724192, 53.56452008722461], [-0.14170809975226084, 53.56462367807581], [-0.14137113475421328, 53.56479617826552], [-0.1412462033250949, 53.564848386075646], [-0.13718355615131655, 53.56319722927281], [-0.14124630413408185, 53.564848427043536], [-0.14123856660912013, 53.564864972020544], [-0.14124018004551428, 53.564865072898215], [-0.14124826593422815, 53.565074438829086], [-0.14121488269164137, 53.56533826331905], [-0.14113822161917336, 53.56559886940651], [-0.14101902024395752, 53.5658537472242], [-0.14085842585013644, 53.56610044202925], [-0.14065798445642147, 53.56633657784874], [-0.14051549692229912, 53.566470065459995], [-0.14051698383551361, 53.56647008146416], [-0.14068291404429392, 53.56664508779834], [-0.1408623827637964, 53.56688712928169], [-0.14100113629927966, 53.567138476971124], [-0.1410978377167599, 53.56739671038804], [-0.14115155498753454, 53.56765934269935], [-0.14116176999260616, 53.56792384466334], [-0.1411283835428959, 53.56818766898565], [-0.14105171636573435, 53.56844827485099], [-0.14093250604691446, 53.56870315239423], [-0.14077189995659528, 53.56894984687513], [-0.14063458461524325, 53.5691116037131], [-0.14034012144746402, 53.56916431106539], [-0.13530796559080152, 53.56925831004595], [-0.13493367278478152, 53.568860706471426], [-0.13421257484517773, 53.56851466886683], [-0.13375112798815328, 53.56668955983811], [-0.1325319033607664, 53.5666291997462], [-0.1320682221502047, 53.564582850839756], [-0.12962771718712626, 53.563411317659885], [-0.1296834895150427, 53.56314572764747], [-0.12969538954890814, 53.563120296944284], [-0.12985603684743838, 53.56287361747286], [-0.1300565211458119, 53.56263750000379], [-0.13029491119795797, 53.56241421827965], [-0.13056891084283656, 53.56220592240495], [-0.13087588113057627, 53.56201461814773], [-0.13121286574403837, 53.561842147632184], [-0.1315766194707515, 53.561690171607005], [-0.131578876307687, 53.56168941343573], [-0.13158275828266155, 53.56169128724047], [-0.13168961846393204, 53.561527181382964], [-0.13189008607291516, 53.56129106064771], [-0.13212845881082974, 53.561067775073425], [-0.13240244068336096, 53.560859474801674], [-0.13270939291175535, 53.560668165642944], [-0.1330463593527471, 53.56049568976856], [-0.13315681678191935, 53.560449536926264], [-0.13315233768007453, 53.5604481401385], [-0.13315230248594048, 53.560447224298315], [-0.13318573127496347, 53.56018340224888], [-0.13326243052530937, 53.55992280136831]]]}}, {"type": "Feature", "properties": {"db_school_name": "Elliston Primary Academy", "urn": "141773", "n_samples": 11, "margin_m": 102.1}, "geometry": {"type": "Polygon", "coordinates": [[[-0.04395033662557375, 53.56777716507656], [-0.043854722214305863, 53.567694368407274], [-0.043323151023154316, 53.56747616010309], [-0.04253378541803104, 53.56655605252052], [-0.043433762843326305, 53.5658580369447], [-0.04348755390550014, 53.56570380318379], [-0.04674571365714563, 53.56593463593681], [-0.049212343583936155, 53.56514824352454], [-0.049480404639802966, 53.5653010465745], [-0.04976972584724858, 53.565501869524205], [-0.050024591617925794, 53.56571860714221], [-0.0502425471654512, 53.56594917235019], [-0.05038859204815347, 53.5661468192742], [-0.04765633729561348, 53.56805647873899], [-0.050390962382588576, 53.56614516246911], [-0.05081828419299816, 53.566216336382695], [-0.051232474449172144, 53.56631224935071], [-0.05162888033100532, 53.566431867161974], [-0.05200368470412037, 53.566574038029756], [-0.052353278330089764, 53.56673739299182], [-0.05267429461259056, 53.56692035908584], [-0.05296364201258501, 53.567121174488875], [-0.053218533820650074, 53.56733790547528], [-0.05343651499970808, 53.56756846503067], [-0.05361548583949851, 53.56781063294226], [-0.053753722194554064, 53.56806207717305], [-0.05384989211010377, 53.56832037631399], [-0.053903068675010254, 53.5685830428982], [-0.053912738976949495, 53.568847547352995], [-0.053878809072498784, 53.56911134235911], [-0.0538016049231238, 53.5693718873827], [-0.05368186928680319, 53.569626673143716], [-0.053520754594089566, 53.56987324578505], [-0.0533198118760571, 53.57010923050956], [-0.05308097584976426, 53.57033235445709], [-0.05280654630398444, 53.57054046860108], [-0.05249916596377786, 53.570731568453226], [-0.05216179504658034, 53.57090381337691], [-0.05179768275460658, 53.57105554432274], [-0.05141033597802573, 53.571185299815276], [-0.05128720796411255, 53.571217540008085], [-0.04793858383550652, 53.56864299332284], [-0.0512873255943534, 53.57121763043949], [-0.05120993722554062, 53.57127631400724], [-0.0509025443655794, 53.5714674096217], [-0.05056516113645184, 53.57163964991111], [-0.05020103685899342, 53.57179137587074], [-0.04981367853885665, 53.57192112607316], [-0.04940681708099752, 53.57202765075114], [-0.048984371342400634, 53.57210992384142], [-0.04855041036985691, 53.57216715287283], [-0.048109114187340006, 53.57219878660349], [-0.04766473351152872, 53.572204520333194], [-0.0472215487846001, 53.57218429883984], [-0.046783828919966984, 53.57213831691125], [-0.046654711442988266, 53.57211680968924], [-0.04665469472296642, 53.57211642958336], [-0.04648821856328015, 53.572148847422234], [-0.046054254047001746, 53.57220606736156], [-0.04561295582656073, 53.57223769186057], [-0.04546017587371189, 53.572239660134], [-0.044237549673018586, 53.57003871577545], [-0.04546006110964901, 53.5722394535494], [-0.045311199388004444, 53.57230147222452], [-0.04504452075129521, 53.57239078409904], [-0.044970677915198744, 53.57234537477367], [-0.044871660160853886, 53.572286799402136], [-0.044760417585231874, 53.572219529094355], [-0.044652422196761445, 53.572153902885084], [-0.04453610172850299, 53.57208213552604], [-0.04440768828011666, 53.572000785348344], [-0.04431740368274926, 53.57193954745458], [-0.04425376469522696, 53.57188248455953], [-0.04413759351299705, 53.571780019851445], [-0.044074104148406346, 53.5717187431926], [-0.04400687207979771, 53.57165380950404], [-0.04398971713299048, 53.57159453057538], [-0.04396336100489806, 53.571593911059665], [-0.04390221592563562, 53.57159246227288], [-0.043893160573180164, 53.57158414275407], [-0.043869041867787686, 53.571561876933345], [-0.043863901868972516, 53.57155674977544], [-0.0438431432830448, 53.57153399949192], [-0.04382682236366173, 53.57151359609672], [-0.043792512126178344, 53.571468689753246], [-0.043784038002517095, 53.57145824919666], [-0.04377243538712076, 53.57144458418594], [-0.04375792999830243, 53.571429676115926], [-0.04359321983178984, 53.571333779957726], [-0.04350781550703242, 53.571283678386294], [-0.04343600224611302, 53.571230994184965], [-0.0432522838799768, 53.57108200002861], [-0.04318059635250045, 53.57102039107754], [-0.043073039850280166, 53.57093000430467], [-0.0429932950991055, 53.5708600650053], [-0.042913102180219855, 53.57078609998236], [-0.042819436690129976, 53.57069613788725], [-0.04276318495940271, 53.570634861998506], [-0.04268776550848977, 53.570549117629014], [-0.04261058841627265, 53.57049032218258], [-0.042495652437957124, 53.570432572202016], [-0.04232873554145146, 53.57035353857345], [-0.042053918895013365, 53.57024134801444], [-0.04164722083191676, 53.57007672926308], [-0.04150570179786643, 53.5700194243281], [-0.04135671006434402, 53.569959776507766], [-0.04121968449047643, 53.5699029672755], [-0.04120028449480707, 53.569895134159104], [-0.042014867997140534, 53.5694242035612], [-0.042559840430829846, 53.56937516181012], [-0.04344274981981023, 53.56951564632821], [-0.04485299406932076, 53.56806973392528], [-0.04481471321883729, 53.568048211057736], [-0.04395033662557375, 53.56777716507656]]]}}]}